--------- beginning of main
--------- beginning of system
02-20 16:03:13.274 E/mcu_services( 5539): MCU2APP : [ff fe fd 03 01 29 6d 45 ff ]
02-20 16:03:15.263 E/mcu_services( 5539): MCU2APP : [ff fe fd 03 01 29 6d 45 ff ]
02-20 16:03:17.252 E/mcu_services( 5539): MCU2APP : [ff fe fd 03 01 29 6d 45 ff ]
02-20 16:03:19.242 E/mcu_services( 5539): MCU2APP : [ff fe fd 03 01 29 6d 45 ff ]
02-20 16:03:21.230 E/mcu_services( 5539): MCU2APP : [ff fe fd 03 01 29 6d 45 ff ]
02-20 16:03:23.219 E/mcu_services( 5539): MCU2APP : [ff fe fd 03 01 29 6d 45 ff ]
02-20 16:03:25.208 E/mcu_services( 5539): MCU2APP : [ff fe fd 03 01 29 6d 45 ff ]
02-20 16:03:27.196 E/mcu_services( 5539): MCU2APP : [ff fe fd 03 01 29 6d 45 ff ]
02-20 16:03:29.185 E/mcu_services( 5539): MCU2APP : [ff fe fd 03 01 29 6d 45 ff ]
02-20 16:03:31.173 E/mcu_services( 5539): MCU2APP : [ff fe fd 03 01 29 6d 45 ff ]
02-20 16:03:33.162 E/mcu_services( 5539): MCU2APP : [ff fe fd 03 01 29 6d 45 ff ]
02-20 16:03:35.151 E/mcu_services( 5539): MCU2APP : [ff fe fd 03 01 29 6d 45 ff ]
02-20 16:03:37.139 E/mcu_services( 5539): MCU2APP : [ff fe fd 03 01 29 6d 45 ff ]
02-20 16:03:39.128 E/mcu_services( 5539): MCU2APP : [ff fe fd 03 01 29 6d 45 ff ]
02-20 16:03:41.117 E/mcu_services( 5539): MCU2APP : [ff fe fd 03 01 29 6d 45 ff ]
02-20 16:03:42.819 D/K706RadioManager(17927): Got IMcuManager instance: android.qf.mcu.IMcuManager$Stub$Proxy@d756328
02-20 16:03:42.820 D/K706RadioManager(17927): Permissions requested successfully (Transact 1001)
02-20 16:03:42.820 D/K706RadioManager(17927): IMcuListener.Stub class found: android.qf.mcu.IMcuListener$Stub
02-20 16:03:42.820 D/K706RadioManager(17927):   Stub method: asInterface modifiers=9
02-20 16:03:42.820 D/K706RadioManager(17927):   Stub method: getDefaultImpl modifiers=9
02-20 16:03:42.820 D/K706RadioManager(17927):   Stub method: setDefaultImpl modifiers=9
02-20 16:03:42.820 D/K706RadioManager(17927):   Stub method: asBinder modifiers=1
02-20 16:03:42.820 D/K706RadioManager(17927):   Stub method: onTransact modifiers=1
02-20 16:03:42.820 D/K706RadioManager(17927): IMcuListener proxy created via Stub.asInterface: android.qf.mcu.IMcuListener$Stub$Proxy
02-20 16:03:42.821 E/mcu_services( 5539): RPC_RequestMcuInfoChangedListener - packageName: com.example.openradiofm
02-20 16:03:42.821 E/mcu_services( 5539): getReceiver - start - mReceivers.size: 4
02-20 16:03:42.821 E/mcu_services( 5539): create Receiver obj - mUid: 10131 - mPid: 17927 - mPackageName: com.example.openradiofm - mListener: android.qf.mcu.IMcuListener$Stub$Proxy@d2f3349 - mKey: android.os.BinderProxy@1ebe550
02-20 16:03:42.821 E/mcu_services( 5539): Receiver - create obj: com.qf.framework.mcu.McuManagerService$Receiver@1ebe550
02-20 16:03:42.821 E/mcu_services( 5539): getReceiver - end - mReceivers.size: 5
02-20 16:03:42.821 D/K706RadioManager(17927): ✓ Registered IMcuListener (AIDL Binder) successfully!
02-20 16:03:42.821 D/K706RadioManager(17927): RPC_SendMcuMsgData: OK
02-20 16:03:42.821 D/K706RadioManager(17927): RPC_SetVolumeMute(boolean): OK
02-20 16:03:42.822 D/K706RadioManager(17927): RPC_GetChannel: OK
02-20 16:03:42.822 D/K706RadioManager(17927): RPC_SetChannel(byte): OK
02-20 16:03:42.822 W/K706RadioManager(17927): QFTunerManager class not found - sendCmd MCU directo será el único canal
02-20 16:03:42.822 D/K706RadioManager(17927): === Métodos disponibles en IMcuManager ===
02-20 16:03:42.823 D/K706RadioManager(17927):   RPC_GetAmpSwitch() -> boolean
02-20 16:03:42.823 D/K706RadioManager(17927):   RPC_GetChannel() -> byte
02-20 16:03:42.823 D/K706RadioManager(17927):   RPC_GetEQData() -> byte[]
02-20 16:03:42.823 D/K706RadioManager(17927):   RPC_GetGisVoiceState() -> byte
02-20 16:03:42.823 D/K706RadioManager(17927):   RPC_GetMcuVer() -> byte[]
02-20 16:03:42.823 D/K706RadioManager(17927):   RPC_GetVolume() -> byte
02-20 16:03:42.823 D/K706RadioManager(17927):   RPC_GetVolumeMute() -> boolean
02-20 16:03:42.823 D/K706RadioManager(17927):   RPC_KeyCommand(byte, byte[]) -> void
02-20 16:03:42.823 D/K706RadioManager(17927):   RPC_McuCallbackFinished(IMcuListener) -> void
02-20 16:03:42.823 D/K706RadioManager(17927):   RPC_RemoveMcuInfoChangedListener(IMcuListener, String) -> void
02-20 16:03:42.823 D/K706RadioManager(17927):   RPC_RequestMcuInfoChangedListener(IMcuListener, String) -> void
02-20 16:03:42.823 D/K706RadioManager(17927):   RPC_SendAndroidStatus(int) -> void
02-20 16:03:42.823 D/K706RadioManager(17927):   RPC_SendCANInfo(byte[], int) -> void
02-20 16:03:42.823 D/K706RadioManager(17927):   RPC_SendHeadLightState(boolean) -> void
02-20 16:03:42.823 D/K706RadioManager(17927):   RPC_SendMCUData(byte[], int) -> void
02-20 16:03:42.824 D/K706RadioManager(17927):   RPC_SendMcuCmdData(byte, byte[], int) -> void
02-20 16:03:42.824 D/K706RadioManager(17927):   RPC_SendMcuMsgData(byte, byte[], int) -> void
02-20 16:03:42.824 D/K706RadioManager(17927):   RPC_SendSetQicaideng(byte[], int) -> void
02-20 16:03:42.824 D/K706RadioManager(17927):   RPC_SetAmpSwitch(boolean) -> void
02-20 16:03:42.824 D/K706RadioManager(17927):   RPC_SetChannel(byte) -> void
02-20 16:03:42.824 D/K706RadioManager(17927):   RPC_SetChannelGain(byte) -> void
02-20 16:03:42.824 D/K706RadioManager(17927):   RPC_SetCodecStatus(boolean) -> void
02-20 16:03:42.824 D/K706RadioManager(17927):   RPC_SetEQData(byte[]) -> void
02-20 16:03:42.824 D/K706RadioManager(17927):   RPC_SetGisVoice(byte) -> void
02-20 16:03:42.824 D/K706RadioManager(17927):   RPC_SetVolume(byte) -> void
02-20 16:03:42.824 D/K706RadioManager(17927):   RPC_SetVolumeMute(boolean) -> void
02-20 16:03:42.824 D/K706RadioManager(17927):   RPC_SetVolumeMuteEx(boolean, byte) -> void
02-20 16:03:42.824 D/K706RadioManager(17927):   RPC_SetVolumeMuteNoBroadcast(boolean) -> void
02-20 16:03:42.824 D/K706RadioManager(17927):   RPC_UpdateMCU(byte) -> void
02-20 16:03:42.824 D/K706RadioManager(17927):   RPC_UsbUpgrade(byte) -> void
02-20 16:03:42.824 D/K706RadioManager(17927): === INICIO SECUENCIA AUDIO FM V7.2d ===
02-20 16:03:42.824 E/mcu_services( 5539): RPC_SetVolumeMute - isMute: true
02-20 16:03:42.824 E/mcu_services( 5539): requestMute - isMute: true - time: 0 fromWhatPid=17927
02-20 16:03:42.825 E/mcu_services( 5539): APP2MCU - writeToUartNormal : [ff fd fe 04 01 82 01 00 82 ff ]
02-20 16:03:42.825 D/K706RadioManager(17927): Mute set to: true
02-20 16:03:42.825 D/K706RadioManager(17927): [1/7] setMute(true) OK
02-20 16:03:42.825 E/mcu_services( 5539): APP2MCU - writeToUartNormal : [ff fd fe 05 01 a0 0a 01 00 aa ff ]
02-20 16:03:42.827 D/K706RadioManager(17927): CMD Enviado: sub=0x0A p1=0x01 p2=0x00
02-20 16:03:42.827 D/K706RadioManager(17927): [2/9] Radio Area/LOC notification sent (sendCmd)
02-20 16:03:42.837 E/mcu_services( 5539): MCU2APP : [ff fe fd 03 02 82 01 81 ff ]
02-20 16:03:42.839 E/McuManager( 4137): call RPC_SetChannel(4) from 4137
02-20 16:03:42.839 E/mcu_services( 5539): RPC_SetChannel - mode: 4 fromWhatpid=4137
02-20 16:03:42.839 E/mcu_services( 5539): audio channel change to MPU, current_audio_source=nothing
02-20 16:03:42.839 E/mcu_services( 5539): setVolType - oldVolType: media_type - newVolType: media_type - mode: 4 isCallStart=false
02-20 16:03:42.840 E/mcu_services( 5539): RPC_SetChannel - type: media_type - volume: 12
02-20 16:03:42.840 E/mcu_services( 5539): APP2MCU - writeToUartNormal : [ff fd fe 04 01 84 04 0c 8d ff ]
02-20 16:03:42.843 D/K706RadioManager(17927): Audio Focus Granted
02-20 16:03:42.843 D/K706RadioManager(17927): [3/7] requestAudioFocus - PID 4140 debería responder con SetChannel(2)
02-20 16:03:42.847 E/mcu_services( 5539): MCU2APP : [ff fe fd 03 02 84 04 82 ff ]
02-20 16:03:42.850 E/mcu_services( 5539): APP2MCU - writeToUart: [ff fd fe 07 01 40 2e c4 01 8b af 8e ff ]
02-20 16:03:42.880 E/mcu_services( 5539): APP2MCU - writeToUart: [ff fd fe 07 01 40 2e c4 01 8b af 8e ff ]
02-20 16:03:42.943 D/K706RadioManager(17927): [5/7] Canal actual: 4
02-20 16:03:42.943 D/K706RadioManager(17927): [5/7] Canal NO es FM, forzando SetChannel(2)...
02-20 16:03:42.944 E/mcu_services( 5539): RPC_SetChannel - mode: 2 fromWhatpid=17927
02-20 16:03:42.944 E/mcu_services( 5539): audio channel change to MPU, current_audio_source=com.example.openradiofm
02-20 16:03:42.944 E/mcu_services( 5539): setVolType - oldVolType: media_type - newVolType: radio_type - mode: 2 isCallStart=false
02-20 16:03:42.945 E/mcu_services( 5539): RPC_SetChannel - type: radio_type - volume: 6
02-20 16:03:42.945 E/mcu_services( 5539): APP2MCU - writeToUartNormal : [ff fd fe 04 01 84 02 06 81 ff ]
02-20 16:03:42.946 D/K706RadioManager(17927): [5/7] RPC_SetChannel(2) forzado OK
02-20 16:03:42.948 D/K706RadioManager(17927): Set Audio Params: fm_radio_on=1;fm_mute=0
02-20 16:03:42.948 D/K706RadioManager(17927): [6/7] setAudioParams(on)
02-20 16:03:42.948 E/mcu_services( 5539): RPC_SetVolumeMute - isMute: false
02-20 16:03:42.948 E/mcu_services( 5539): requestMute - isMute: false - time: 0 fromWhatPid=17927
02-20 16:03:42.949 E/mcu_services( 5539): APP2MCU - writeToUartNormal : [ff fd fe 04 01 82 00 00 83 ff ]
02-20 16:03:42.950 D/K706RadioManager(17927): Mute set to: false
02-20 16:03:42.950 D/K706RadioManager(17927): [7/7] setMute(false) OK
02-20 16:03:42.950 E/mcu_services( 5539): APP2MCU - writeToUartNormal : [ff fd fe 05 01 a0 15 01 00 b5 ff ]
02-20 16:03:42.951 D/K706RadioManager(17927): CMD Enviado: sub=0x15 p1=0x01 p2=0x00
02-20 16:03:42.951 D/K706RadioManager(17927): [8/9] Activando RDS (sendCmd)
02-20 16:03:42.951 D/K706RadioManager(17927): RDS CMD Enviado: 0xA2 ptyType=0
02-20 16:03:42.951 D/K706RadioManager(17927): [9/9] Reset filtro PTY (sendRdsCmd)
02-20 16:03:42.951 D/K706RadioManager(17927): === FIN SECUENCIA AUDIO FM V7.2d ===
02-20 16:03:42.951 D/K706RadioManager(17927): K706RadioManager initialized and connected.
02-20 16:03:42.951 D/K706RadioManager(17927): Callback registrado
02-20 16:03:42.960 D/K706RadioManager(17927): Estado sincronizado manual: 87500 / B0
02-20 16:03:42.961 E/mcu_services( 5539): APP2MCU - writeToUart: [ff fd fe 03 01 a2 00 a3 ff ]
02-20 16:03:42.966 E/mcu_services( 5539): MCU2APP : [ff fe fd 12 01 b1 00 00 26 de 23 aa 23 32 26 52 29 72 2a 26 22 56 87 ff ]
02-20 16:03:42.967 E/mcu_services( 5539): MCU2APP : [ff fe fd 03 01 b0 30 81 ff ]
02-20 16:03:42.967 E/mcu_services( 5539): MCU2APP : [ff fe fd 03 01 b3 0c be ff ]
02-20 16:03:42.967 E/mcu_services( 5539): sendAckSuccess : [ff fd fe 02 02 b3 b1 ff ]
02-20 16:03:42.967 D/TunerPresenter(12107): handleTunerRawData: b1 0 0 26 de 23 aa 23 32 26 52 29 72 2a 26 22 56 
02-20 16:03:42.967 E/mcu_services( 5539): APP2MCU - writeToUart: [ff fd fe 02 02 b3 b1 ff ]
02-20 16:03:42.967 E/mcu_services( 5539): MCU2APP : [ff fe fd 03 02 84 02 84 ff ]
02-20 16:03:42.967 E/mcu_services( 5539): MCU2APP : [ff fe fd 12 01 b1 00 00 26 de 23 aa 23 32 26 52 29 72 2a 26 22 56 87 ff ]
02-20 16:03:42.968 D/TunerManagerForExt(12107): FMRadio main (TunerManagerForExt.java:147) onTunerPresetListChanged:  - mBand: 0 - mPresetIndex: 0 - mFrequency: 9950 - index: 0 - preset: 9130 - index: 1 - preset: 9010 - index: 2 - preset: 9810 - index: 3 - preset: 10610 - index: 4 - preset: 10790 - index: 5 - preset: 8790
02-20 16:03:42.968 E/mcu_services( 5539): MCU2APP : [ff fe fd 03 01 b0 30 81 ff ]
02-20 16:03:42.968 E/mcu_services( 5539): ---发送队列剩余数据 --0 [ff fd fe 03 01 a2 00 a3 ff ]
02-20 16:03:42.968 E/mcu_services( 5539): MCU2APP : [ff fe fd 03 01 b3 0c be ff ]
02-20 16:03:42.968 E/mcu_services( 5539): MCU2APP : [ff fe fd 04 01 b5 01 00 b5 ff ]
02-20 16:03:42.968 E/mcu_services( 5539): MCU2APP : [ff fe fd 03 02 82 00 80 ff ]
02-20 16:03:42.968 E/mcu_services( 5539): sendAckSuccess : [ff fd fe 02 02 b3 b1 ff ]
02-20 16:03:42.968 E/mcu_services( 5539): APP2MCU - writeToUart: [ff fd fe 02 02 b3 b1 ff ]
02-20 16:03:42.969 E/mcu_services( 5539): sendAckSuccess : [ff fd fe 02 02 b5 b7 ff ]
02-20 16:03:42.969 E/mcu_services( 5539): APP2MCU - writeToUart: [ff fd fe 02 02 b5 b7 ff ]
02-20 16:03:42.969 E/mcu_services( 5539): ---发送队列剩余数据 --0 [ff fd fe 03 01 a2 00 a3 ff ]
02-20 16:03:42.969 D/K706RadioManager(17927): IMcuListener.onTransact: code=1 flags=16
02-20 16:03:42.971 E/mcu_services( 5539): APP2MCU - writeToUart: [ff fd fe 08 01 40 2e c0 02 0c 30 01 90 ff ]
02-20 16:03:42.974 D/K706RadioManager(17927): >>> IMcuListener.onMcuInfoChanged received! data=B1 00 00 26 DE 23 AA 23 32 26 52 29 72 2A 26 22 56 
02-20 16:03:42.979 E/mcu_services( 5539): MCU2APP : [ff fe fd 12 01 b1 00 00 26 e3 23 aa 23 32 26 52 29 72 2a 26 22 56 ba ff ]
02-20 16:03:42.980 E/mcu_services( 5539): MCU2APP : [ff fe fd 03 01 b0 38 89 ff ]
02-20 16:03:42.980 D/K706RadioManager(17927): MCU[0xB1] len=17 : B1 00 00 26 DE 23 AA 23 32 26 52 29 72 2A 26 22 56 
02-20 16:03:42.980 D/K706RadioManager(17927): PresetList: band=0 presetIdx=0 currentFreq=9950 firstFreq=9950 (offset=3)
02-20 16:03:42.980 D/K706RadioManager(17927): PresetList: band reportada=0 (ignorada, mCurrentBand=0)
02-20 16:03:42.981 D/K706RadioManager(17927): >>> FREQ: 87500 -> 99500 (MCU=9950, 99,50 MHz)
02-20 16:03:42.983 D/TunerPresenter(12107): handleTunerRawData: b0 30 
02-20 16:03:42.983 D/TunerManagerForExt(12107): FMRadio main (TunerManagerForExt.java:108) onTunerInfoChanged: onTunerInfoChanged - flag: 48 - asFlag: 0 - psFlag: 0 - scanFlag: 0 - seekFlag: 0 - mStFlag: 1 - mLocFlag: 1 - mIsSearching: false - mTempSearching: false
02-20 16:03:42.983 D/K706RadioManager(17927): IMcuListener.onTransact: code=1 flags=16
02-20 16:03:42.983 D/TunerManagerForExt(12107): FMRadio main (TunerManagerForExt.java:118) onTunerInfoChanged: mIsSearching: false - mTempSearching: false - asFlag: 0 - seekFlag: 0
02-20 16:03:42.984 D/K706RadioManager(17927): >>> IMcuListener.onMcuInfoChanged received! data=B0 30 
02-20 16:03:42.985 D/K706RadioManager(17927): MCU[0xB0] len=2 : B0 30 
02-20 16:03:42.985 D/K706RadioManager(17927): TunerInfo: flags=0x30 save=false AS=false finish=true valid=true ST=false LOC=false seek=false scan=false
02-20 16:03:42.986 D/TunerPresenter(12107): handleTunerRawData: b3 c 
02-20 16:03:42.986 D/K706RadioManager(17927): IMcuListener.onTransact: code=1 flags=16
02-20 16:03:42.987 D/K706RadioManager(17927): >>> IMcuListener.onMcuInfoChanged received! data=B3 0C 
02-20 16:03:42.987 D/K706RadioManager(17927): MCU[0xB3] len=2 : B3 0C 
02-20 16:03:42.988 D/K706RadioManager(17927): RDS B3 Flags: 0x0C
02-20 16:03:42.989 D/K706RadioManager(17927): IMcuListener.onTransact: code=1 flags=16
02-20 16:03:42.992 D/K706RadioManager(17927): >>> IMcuListener.onMcuInfoChanged received! data=B1 00 00 26 DE 23 AA 23 32 26 52 29 72 2A 26 22 56 
02-20 16:03:42.994 D/K706RadioManager(17927): MCU[0xB1] len=17 : B1 00 00 26 DE 23 AA 23 32 26 52 29 72 2A 26 22 56 
02-20 16:03:42.994 D/K706RadioManager(17927): PresetList: band=0 presetIdx=0 currentFreq=9950 firstFreq=9950 (offset=3)
02-20 16:03:42.994 D/K706RadioManager(17927): PresetList: band reportada=0 (ignorada, mCurrentBand=0)
02-20 16:03:42.995 D/TunerManagerForExt(12107): FMRadio main (TunerManagerForExt.java:174) onTuneRdsInfo: onTuneRdsInfo - flag: 12 - mRdsAFSwitch: 0 - mRdsTASwitch: 0
02-20 16:03:42.995 D/TunerPresenter(12107): handleTunerRawData: b1 0 0 26 de 23 aa 23 32 26 52 29 72 2a 26 22 56 
02-20 16:03:42.996 D/TunerManagerForExt(12107): FMRadio main (TunerManagerForExt.java:147) onTunerPresetListChanged:  - mBand: 0 - mPresetIndex: 0 - mFrequency: 9950 - index: 0 - preset: 9130 - index: 1 - preset: 9010 - index: 2 - preset: 9810 - index: 3 - preset: 10610 - index: 4 - preset: 10790 - index: 5 - preset: 8790
02-20 16:03:42.998 D/K706RadioManager(17927): IMcuListener.onTransact: code=1 flags=16
02-20 16:03:42.998 D/K706RadioManager(17927): >>> IMcuListener.onMcuInfoChanged received! data=B0 30 
02-20 16:03:42.999 D/K706RadioManager(17927): MCU[0xB0] len=2 : B0 30 
02-20 16:03:42.999 D/K706RadioManager(17927): TunerInfo: flags=0x30 save=false AS=false finish=true valid=true ST=false LOC=false seek=false scan=false
02-20 16:03:43.001 D/K706RadioManager(17927): IMcuListener.onTransact: code=1 flags=16
02-20 16:03:43.001 D/K706RadioManager(17927): >>> IMcuListener.onMcuInfoChanged received! data=B3 0C 
02-20 16:03:43.002 D/K706RadioManager(17927): MCU[0xB3] len=2 : B3 0C 
02-20 16:03:43.002 D/K706RadioManager(17927): RDS B3 Flags: 0x0C
02-20 16:03:43.002 E/mcu_services( 5539): APP2MCU - writeToUart: [ff fd fe 07 01 40 2e c4 01 85 b5 9a ff ]
02-20 16:03:43.003 D/K706RadioManager(17927): IMcuListener.onTransact: code=1 flags=16
02-20 16:03:43.004 D/K706RadioManager(17927): >>> IMcuListener.onMcuInfoChanged received! data=B5 01 00 
02-20 16:03:43.005 D/K706RadioManager(17927): MCU[0xB5] len=3 : B5 01 00 
02-20 16:03:43.005 D/K706RadioManager(17927): RDS PTY (0xB5): 1 (raw=B5 01 00 )
02-20 16:03:43.007 D/K706RadioManager(17927): IMcuListener.onTransact: code=1 flags=16
02-20 16:03:43.007 D/TunerPresenter(12107): handleTunerRawData: b0 30 
02-20 16:03:43.008 D/TunerManagerForExt(12107): FMRadio main (TunerManagerForExt.java:108) onTunerInfoChanged: onTunerInfoChanged - flag: 48 - asFlag: 0 - psFlag: 0 - scanFlag: 0 - seekFlag: 0 - mStFlag: 1 - mLocFlag: 1 - mIsSearching: false - mTempSearching: false
02-20 16:03:43.008 D/TunerManagerForExt(12107): FMRadio main (TunerManagerForExt.java:118) onTunerInfoChanged: mIsSearching: false - mTempSearching: false - asFlag: 0 - seekFlag: 0
02-20 16:03:43.008 D/TunerPresenter(12107): handleTunerRawData: b3 c 
02-20 16:03:43.009 D/K706RadioManager(17927): >>> IMcuListener.onMcuInfoChanged received! data=B1 00 00 26 E3 23 AA 23 32 26 52 29 72 2A 26 22 56 
02-20 16:03:43.012 D/K706RadioManager(17927): MCU[0xB1] len=17 : B1 00 00 26 E3 23 AA 23 32 26 52 29 72 2A 26 22 56 
02-20 16:03:43.012 D/K706RadioManager(17927): PresetList: band=0 presetIdx=0 currentFreq=9955 firstFreq=9955 (offset=3)
02-20 16:03:43.012 D/K706RadioManager(17927): PresetList: band reportada=0 (ignorada, mCurrentBand=0)
02-20 16:03:43.012 D/TunerManagerForExt(12107): FMRadio main (TunerManagerForExt.java:174) onTuneRdsInfo: onTuneRdsInfo - flag: 12 - mRdsAFSwitch: 0 - mRdsTASwitch: 0
02-20 16:03:43.012 D/K706RadioManager(17927): >>> FREQ: 99500 -> 99550 (MCU=9955, 99,55 MHz)
02-20 16:03:43.013 D/TunerPresenter(12107): handleTunerRawData: b5 1 0 
02-20 16:03:43.013 D/TunerManagerForExt(12107): FMRadio main (TunerManagerForExt.java:220) onTuneRdsPtyTypeInfo: onTuneRdsPtyTypeInfo - mRdsPtyType: 1
02-20 16:03:43.013 D/TunerPresenter(12107): handleTunerRawData: b1 0 0 26 e3 23 aa 23 32 26 52 29 72 2a 26 22 56 
02-20 16:03:43.015 D/TunerManagerForExt(12107): FMRadio main (TunerManagerForExt.java:147) onTunerPresetListChanged:  - mBand: 0 - mPresetIndex: 0 - mFrequency: 9955 - index: 0 - preset: 9130 - index: 1 - preset: 9010 - index: 2 - preset: 9810 - index: 3 - preset: 10610 - index: 4 - preset: 10790 - index: 5 - preset: 8790
02-20 16:03:43.016 D/K706RadioManager(17927): IMcuListener.onTransact: code=1 flags=16
02-20 16:03:43.016 D/TunerPresenter(12107): handleTunerRawData: b0 38 
02-20 16:03:43.016 D/TunerManagerForExt(12107): FMRadio main (TunerManagerForExt.java:108) onTunerInfoChanged: onTunerInfoChanged - flag: 56 - asFlag: 0 - psFlag: 0 - scanFlag: 0 - seekFlag: 1 - mStFlag: 1 - mLocFlag: 1 - mIsSearching: false - mTempSearching: false
02-20 16:03:43.016 D/TunerManagerForExt(12107): FMRadio main (TunerManagerForExt.java:118) onTunerInfoChanged: mIsSearching: true - mTempSearching: false - asFlag: 0 - seekFlag: 1
02-20 16:03:43.016 D/K706RadioManager(17927): >>> IMcuListener.onMcuInfoChanged received! data=B0 38 
02-20 16:03:43.017 D/K706RadioManager(17927): MCU[0xB0] len=2 : B0 38 
02-20 16:03:43.017 D/K706RadioManager(17927): TunerInfo: flags=0x38 save=false AS=true finish=true valid=true ST=false LOC=false seek=false scan=false
02-20 16:03:43.028 E/mcu_services( 5539): MCU2APP : [ff fe fd 12 01 b1 00 00 26 e8 23 aa 23 32 26 52 29 72 2a 26 22 56 b1 ff ]
02-20 16:03:43.028 D/TunerPresenter(12107): handleTunerRawData: b1 0 0 26 e8 23 aa 23 32 26 52 29 72 2a 26 22 56 
02-20 16:03:43.029 D/K706RadioManager(17927): IMcuListener.onTransact: code=1 flags=16
02-20 16:03:43.031 D/TunerManagerForExt(12107): FMRadio main (TunerManagerForExt.java:147) onTunerPresetListChanged:  - mBand: 0 - mPresetIndex: 0 - mFrequency: 9960 - index: 0 - preset: 9130 - index: 1 - preset: 9010 - index: 2 - preset: 9810 - index: 3 - preset: 10610 - index: 4 - preset: 10790 - index: 5 - preset: 8790
02-20 16:03:43.032 D/K706RadioManager(17927): >>> IMcuListener.onMcuInfoChanged received! data=B1 00 00 26 E8 23 AA 23 32 26 52 29 72 2A 26 22 56 
02-20 16:03:43.033 E/mcu_services( 5539): APP2MCU - writeToUart: [ff fd fe 07 01 40 2e c4 01 05 35 9a ff ]
02-20 16:03:43.034 D/K706RadioManager(17927): MCU[0xB1] len=17 : B1 00 00 26 E8 23 AA 23 32 26 52 29 72 2A 26 22 56 
02-20 16:03:43.034 D/K706RadioManager(17927): PresetList: band=0 presetIdx=0 currentFreq=9960 firstFreq=9960 (offset=3)
02-20 16:03:43.034 D/K706RadioManager(17927): PresetList: band reportada=0 (ignorada, mCurrentBand=0)
02-20 16:03:43.035 D/K706RadioManager(17927): >>> FREQ: 99550 -> 99600 (MCU=9960, 99,60 MHz)
02-20 16:03:43.062 E/mcu_services( 5539): APP2MCU - writeToUart: [ff fd fe 03 01 a2 00 a3 ff ]
02-20 16:03:43.077 E/mcu_services( 5539): MCU2APP : [ff fe fd 12 01 b1 00 00 26 ed 23 aa 23 32 26 52 29 72 2a 26 22 56 b4 ff ]
02-20 16:03:43.079 D/TunerPresenter(12107): handleTunerRawData: b1 0 0 26 ed 23 aa 23 32 26 52 29 72 2a 26 22 56 
02-20 16:03:43.079 D/K706RadioManager(17927): IMcuListener.onTransact: code=1 flags=16
02-20 16:03:43.081 D/TunerManagerForExt(12107): FMRadio main (TunerManagerForExt.java:147) onTunerPresetListChanged:  - mBand: 0 - mPresetIndex: 0 - mFrequency: 9965 - index: 0 - preset: 9130 - index: 1 - preset: 9010 - index: 2 - preset: 9810 - index: 3 - preset: 10610 - index: 4 - preset: 10790 - index: 5 - preset: 8790
02-20 16:03:43.082 D/K706RadioManager(17927): >>> IMcuListener.onMcuInfoChanged received! data=B1 00 00 26 ED 23 AA 23 32 26 52 29 72 2A 26 22 56 
02-20 16:03:43.084 D/K706RadioManager(17927): MCU[0xB1] len=17 : B1 00 00 26 ED 23 AA 23 32 26 52 29 72 2A 26 22 56 
02-20 16:03:43.084 D/K706RadioManager(17927): PresetList: band=0 presetIdx=0 currentFreq=9965 firstFreq=9965 (offset=3)
02-20 16:03:43.084 D/K706RadioManager(17927): PresetList: band reportada=0 (ignorada, mCurrentBand=0)
02-20 16:03:43.084 D/K706RadioManager(17927): >>> FREQ: 99600 -> 99650 (MCU=9965, 99,65 MHz)
02-20 16:03:43.105 E/mcu_services( 5539): MCU2APP : [ff fe fd 03 01 29 6d 45 ff ]
02-20 16:03:43.107 D/K706RadioManager(17927): IMcuListener.onTransact: code=1 flags=16
02-20 16:03:43.109 D/K706RadioManager(17927): >>> IMcuListener.onMcuInfoChanged received! data=29 6D 
02-20 16:03:43.110 D/K706RadioManager(17927): MCU[0x29] len=2 : 29 6D 
02-20 16:03:43.110 D/K706RadioManager(17927): Unknown MCU packet type: 0x29
02-20 16:03:43.127 E/mcu_services( 5539): MCU2APP : [ff fe fd 12 01 b1 00 00 26 f2 23 aa 23 32 26 52 29 72 2a 26 22 56 ab ff ]
02-20 16:03:43.128 D/TunerPresenter(12107): handleTunerRawData: b1 0 0 26 f2 23 aa 23 32 26 52 29 72 2a 26 22 56 
02-20 16:03:43.129 D/K706RadioManager(17927): IMcuListener.onTransact: code=1 flags=16
02-20 16:03:43.131 D/TunerManagerForExt(12107): FMRadio main (TunerManagerForExt.java:147) onTunerPresetListChanged:  - mBand: 0 - mPresetIndex: 0 - mFrequency: 9970 - index: 0 - preset: 9130 - index: 1 - preset: 9010 - index: 2 - preset: 9810 - index: 3 - preset: 10610 - index: 4 - preset: 10790 - index: 5 - preset: 8790
02-20 16:03:43.131 D/K706RadioManager(17927): >>> IMcuListener.onMcuInfoChanged received! data=B1 00 00 26 F2 23 AA 23 32 26 52 29 72 2A 26 22 56 
02-20 16:03:43.133 D/K706RadioManager(17927): MCU[0xB1] len=17 : B1 00 00 26 F2 23 AA 23 32 26 52 29 72 2A 26 22 56 
02-20 16:03:43.134 D/K706RadioManager(17927): PresetList: band=0 presetIdx=0 currentFreq=9970 firstFreq=9970 (offset=3)
02-20 16:03:43.134 D/K706RadioManager(17927): PresetList: band reportada=0 (ignorada, mCurrentBand=0)
02-20 16:03:43.134 D/K706RadioManager(17927): >>> FREQ: 99650 -> 99700 (MCU=9970, 99,70 MHz)
02-20 16:03:43.162 E/mcu_services( 5539): APP2MCU - writeToUart: [ff fd fe 03 01 a2 00 a3 ff ]
02-20 16:03:43.177 E/mcu_services( 5539): MCU2APP : [ff fe fd 12 01 b1 00 00 26 f7 23 aa 23 32 26 52 29 72 2a 26 22 56 ae ff ]
02-20 16:03:43.178 D/TunerPresenter(12107): handleTunerRawData: b1 0 0 26 f7 23 aa 23 32 26 52 29 72 2a 26 22 56 
02-20 16:03:43.183 D/TunerManagerForExt(12107): FMRadio main (TunerManagerForExt.java:147) onTunerPresetListChanged:  - mBand: 0 - mPresetIndex: 0 - mFrequency: 9975 - index: 0 - preset: 9130 - index: 1 - preset: 9010 - index: 2 - preset: 9810 - index: 3 - preset: 10610 - index: 4 - preset: 10790 - index: 5 - preset: 8790
02-20 16:03:43.183 D/K706RadioManager(17927): IMcuListener.onTransact: code=1 flags=16
02-20 16:03:43.190 D/K706RadioManager(17927): >>> IMcuListener.onMcuInfoChanged received! data=B1 00 00 26 F7 23 AA 23 32 26 52 29 72 2A 26 22 56 
02-20 16:03:43.192 D/K706RadioManager(17927): MCU[0xB1] len=17 : B1 00 00 26 F7 23 AA 23 32 26 52 29 72 2A 26 22 56 
02-20 16:03:43.192 D/K706RadioManager(17927): PresetList: band=0 presetIdx=0 currentFreq=9975 firstFreq=9975 (offset=3)
02-20 16:03:43.192 D/K706RadioManager(17927): PresetList: band reportada=0 (ignorada, mCurrentBand=0)
02-20 16:03:43.192 D/K706RadioManager(17927): >>> FREQ: 99700 -> 99750 (MCU=9975, 99,75 MHz)
02-20 16:03:43.227 E/mcu_services( 5539): MCU2APP : [ff fe fd 12 01 b1 00 00 26 fc 23 aa 23 32 26 52 29 72 2a 26 22 56 a5 ff ]
02-20 16:03:43.227 D/TunerPresenter(12107): handleTunerRawData: b1 0 0 26 fc 23 aa 23 32 26 52 29 72 2a 26 22 56 
02-20 16:03:43.228 D/K706RadioManager(17927): IMcuListener.onTransact: code=1 flags=16
02-20 16:03:43.230 D/TunerManagerForExt(12107): FMRadio main (TunerManagerForExt.java:147) onTunerPresetListChanged:  - mBand: 0 - mPresetIndex: 0 - mFrequency: 9980 - index: 0 - preset: 9130 - index: 1 - preset: 9010 - index: 2 - preset: 9810 - index: 3 - preset: 10610 - index: 4 - preset: 10790 - index: 5 - preset: 8790
02-20 16:03:43.236 D/K706RadioManager(17927): >>> IMcuListener.onMcuInfoChanged received! data=B1 00 00 26 FC 23 AA 23 32 26 52 29 72 2A 26 22 56 
02-20 16:03:43.242 D/K706RadioManager(17927): MCU[0xB1] len=17 : B1 00 00 26 FC 23 AA 23 32 26 52 29 72 2A 26 22 56 
02-20 16:03:43.242 D/K706RadioManager(17927): PresetList: band=0 presetIdx=0 currentFreq=9980 firstFreq=9980 (offset=3)
02-20 16:03:43.242 D/K706RadioManager(17927): PresetList: band reportada=0 (ignorada, mCurrentBand=0)
02-20 16:03:43.243 D/K706RadioManager(17927): >>> FREQ: 99750 -> 99800 (MCU=9980, 99,80 MHz)
02-20 16:03:43.262 E/mcu_services( 5539): APP2MCU - writeToUart: [ff fd fe 03 01 a2 00 a3 ff ]
02-20 16:03:43.276 E/mcu_services( 5539): MCU2APP : [ff fe fd 12 01 b1 00 00 27 01 23 aa 23 32 26 52 29 72 2a 26 22 56 59 ff ]
02-20 16:03:43.277 D/TunerPresenter(12107): handleTunerRawData: b1 0 0 27 1 23 aa 23 32 26 52 29 72 2a 26 22 56 
02-20 16:03:43.278 D/K706RadioManager(17927): IMcuListener.onTransact: code=1 flags=16
02-20 16:03:43.279 D/TunerManagerForExt(12107): FMRadio main (TunerManagerForExt.java:147) onTunerPresetListChanged:  - mBand: 0 - mPresetIndex: 0 - mFrequency: 9985 - index: 0 - preset: 9130 - index: 1 - preset: 9010 - index: 2 - preset: 9810 - index: 3 - preset: 10610 - index: 4 - preset: 10790 - index: 5 - preset: 8790
02-20 16:03:43.280 D/K706RadioManager(17927): >>> IMcuListener.onMcuInfoChanged received! data=B1 00 00 27 01 23 AA 23 32 26 52 29 72 2A 26 22 56 
02-20 16:03:43.282 D/K706RadioManager(17927): MCU[0xB1] len=17 : B1 00 00 27 01 23 AA 23 32 26 52 29 72 2A 26 22 56 
02-20 16:03:43.284 D/K706RadioManager(17927): PresetList: band=0 presetIdx=0 currentFreq=9985 firstFreq=9985 (offset=3)
02-20 16:03:43.284 D/K706RadioManager(17927): PresetList: band reportada=0 (ignorada, mCurrentBand=0)
02-20 16:03:43.284 D/K706RadioManager(17927): >>> FREQ: 99800 -> 99850 (MCU=9985, 99,85 MHz)
02-20 16:03:43.326 E/mcu_services( 5539): MCU2APP : [ff fe fd 12 01 b1 00 00 27 06 23 aa 23 32 26 52 29 72 2a 26 22 56 5e ff ]
02-20 16:03:43.327 D/TunerPresenter(12107): handleTunerRawData: b1 0 0 27 6 23 aa 23 32 26 52 29 72 2a 26 22 56 
02-20 16:03:43.329 D/K706RadioManager(17927): IMcuListener.onTransact: code=1 flags=16
02-20 16:03:43.331 D/K706RadioManager(17927): >>> IMcuListener.onMcuInfoChanged received! data=B1 00 00 27 06 23 AA 23 32 26 52 29 72 2A 26 22 56 
02-20 16:03:43.331 D/TunerManagerForExt(12107): FMRadio main (TunerManagerForExt.java:147) onTunerPresetListChanged:  - mBand: 0 - mPresetIndex: 0 - mFrequency: 9990 - index: 0 - preset: 9130 - index: 1 - preset: 9010 - index: 2 - preset: 9810 - index: 3 - preset: 10610 - index: 4 - preset: 10790 - index: 5 - preset: 8790
02-20 16:03:43.333 D/K706RadioManager(17927): MCU[0xB1] len=17 : B1 00 00 27 06 23 AA 23 32 26 52 29 72 2A 26 22 56 
02-20 16:03:43.333 D/K706RadioManager(17927): PresetList: band=0 presetIdx=0 currentFreq=9990 firstFreq=9990 (offset=3)
02-20 16:03:43.333 D/K706RadioManager(17927): PresetList: band reportada=0 (ignorada, mCurrentBand=0)
02-20 16:03:43.333 D/K706RadioManager(17927): >>> FREQ: 99850 -> 99900 (MCU=9990, 99,90 MHz)
02-20 16:03:43.363 E/mcu_services( 5539): may be clear send failed data: [ff fd fe 03 01 a2 00 a3 ff ]
02-20 16:03:43.376 E/mcu_services( 5539): MCU2APP : [ff fe fd 12 01 b1 00 00 27 0b 23 aa 23 32 26 52 29 72 2a 26 22 56 53 ff ]
02-20 16:03:43.377 D/TunerPresenter(12107): handleTunerRawData: b1 0 0 27 b 23 aa 23 32 26 52 29 72 2a 26 22 56 
02-20 16:03:43.377 D/K706RadioManager(17927): IMcuListener.onTransact: code=1 flags=16
02-20 16:03:43.379 D/TunerManagerForExt(12107): FMRadio main (TunerManagerForExt.java:147) onTunerPresetListChanged:  - mBand: 0 - mPresetIndex: 0 - mFrequency: 9995 - index: 0 - preset: 9130 - index: 1 - preset: 9010 - index: 2 - preset: 9810 - index: 3 - preset: 10610 - index: 4 - preset: 10790 - index: 5 - preset: 8790
02-20 16:03:43.380 D/K706RadioManager(17927): >>> IMcuListener.onMcuInfoChanged received! data=B1 00 00 27 0B 23 AA 23 32 26 52 29 72 2A 26 22 56 
02-20 16:03:43.383 D/K706RadioManager(17927): MCU[0xB1] len=17 : B1 00 00 27 0B 23 AA 23 32 26 52 29 72 2A 26 22 56 
02-20 16:03:43.383 D/K706RadioManager(17927): PresetList: band=0 presetIdx=0 currentFreq=9995 firstFreq=9995 (offset=3)
02-20 16:03:43.383 D/K706RadioManager(17927): PresetList: band reportada=0 (ignorada, mCurrentBand=0)
02-20 16:03:43.384 D/K706RadioManager(17927): >>> FREQ: 99900 -> 99950 (MCU=9995, 99,95 MHz)
02-20 16:03:43.425 E/mcu_services( 5539): MCU2APP : [ff fe fd 12 01 b1 00 00 27 10 23 aa 23 32 26 52 29 72 2a 26 22 56 48 ff ]
02-20 16:03:43.426 D/TunerPresenter(12107): handleTunerRawData: b1 0 0 27 10 23 aa 23 32 26 52 29 72 2a 26 22 56 
02-20 16:03:43.427 D/K706RadioManager(17927): IMcuListener.onTransact: code=1 flags=16
02-20 16:03:43.428 D/TunerManagerForExt(12107): FMRadio main (TunerManagerForExt.java:147) onTunerPresetListChanged:  - mBand: 0 - mPresetIndex: 0 - mFrequency: 10000 - index: 0 - preset: 9130 - index: 1 - preset: 9010 - index: 2 - preset: 9810 - index: 3 - preset: 10610 - index: 4 - preset: 10790 - index: 5 - preset: 8790
02-20 16:03:43.429 D/K706RadioManager(17927): >>> IMcuListener.onMcuInfoChanged received! data=B1 00 00 27 10 23 AA 23 32 26 52 29 72 2A 26 22 56 
02-20 16:03:43.432 D/K706RadioManager(17927): MCU[0xB1] len=17 : B1 00 00 27 10 23 AA 23 32 26 52 29 72 2A 26 22 56 
02-20 16:03:43.432 D/K706RadioManager(17927): PresetList: band=0 presetIdx=0 currentFreq=10000 firstFreq=10000 (offset=3)
02-20 16:03:43.432 D/K706RadioManager(17927): PresetList: band reportada=0 (ignorada, mCurrentBand=0)
02-20 16:03:43.432 D/K706RadioManager(17927): >>> FREQ: 99950 -> 100000 (MCU=10000, 100,00 MHz)
02-20 16:03:43.475 E/mcu_services( 5539): MCU2APP : [ff fe fd 12 01 b1 00 00 27 15 23 aa 23 32 26 52 29 72 2a 26 22 56 4d ff ]
02-20 16:03:43.476 D/TunerPresenter(12107): handleTunerRawData: b1 0 0 27 15 23 aa 23 32 26 52 29 72 2a 26 22 56 
02-20 16:03:43.477 D/K706RadioManager(17927): IMcuListener.onTransact: code=1 flags=16
02-20 16:03:43.478 D/TunerManagerForExt(12107): FMRadio main (TunerManagerForExt.java:147) onTunerPresetListChanged:  - mBand: 0 - mPresetIndex: 0 - mFrequency: 10005 - index: 0 - preset: 9130 - index: 1 - preset: 9010 - index: 2 - preset: 9810 - index: 3 - preset: 10610 - index: 4 - preset: 10790 - index: 5 - preset: 8790
02-20 16:03:43.479 D/K706RadioManager(17927): >>> IMcuListener.onMcuInfoChanged received! data=B1 00 00 27 15 23 AA 23 32 26 52 29 72 2A 26 22 56 
02-20 16:03:43.481 D/K706RadioManager(17927): MCU[0xB1] len=17 : B1 00 00 27 15 23 AA 23 32 26 52 29 72 2A 26 22 56 
02-20 16:03:43.481 D/K706RadioManager(17927): PresetList: band=0 presetIdx=0 currentFreq=10005 firstFreq=10005 (offset=3)
02-20 16:03:43.481 D/K706RadioManager(17927): PresetList: band reportada=0 (ignorada, mCurrentBand=0)
02-20 16:03:43.481 D/K706RadioManager(17927): >>> FREQ: 100000 -> 100050 (MCU=10005, 100,05 MHz)
02-20 16:03:43.525 E/mcu_services( 5539): MCU2APP : [ff fe fd 12 01 b1 00 00 27 1a 23 aa 23 32 26 52 29 72 2a 26 22 56 42 ff ]
02-20 16:03:43.526 D/TunerPresenter(12107): handleTunerRawData: b1 0 0 27 1a 23 aa 23 32 26 52 29 72 2a 26 22 56 
02-20 16:03:43.527 D/K706RadioManager(17927): IMcuListener.onTransact: code=1 flags=16
02-20 16:03:43.528 D/TunerManagerForExt(12107): FMRadio main (TunerManagerForExt.java:147) onTunerPresetListChanged:  - mBand: 0 - mPresetIndex: 0 - mFrequency: 10010 - index: 0 - preset: 9130 - index: 1 - preset: 9010 - index: 2 - preset: 9810 - index: 3 - preset: 10610 - index: 4 - preset: 10790 - index: 5 - preset: 8790
02-20 16:03:43.529 D/K706RadioManager(17927): >>> IMcuListener.onMcuInfoChanged received! data=B1 00 00 27 1A 23 AA 23 32 26 52 29 72 2A 26 22 56 
02-20 16:03:43.531 D/K706RadioManager(17927): MCU[0xB1] len=17 : B1 00 00 27 1A 23 AA 23 32 26 52 29 72 2A 26 22 56 
02-20 16:03:43.531 D/K706RadioManager(17927): PresetList: band=0 presetIdx=0 currentFreq=10010 firstFreq=10010 (offset=3)
02-20 16:03:43.531 D/K706RadioManager(17927): PresetList: band reportada=0 (ignorada, mCurrentBand=0)
02-20 16:03:43.532 D/K706RadioManager(17927): >>> FREQ: 100050 -> 100100 (MCU=10010, 100,10 MHz)
02-20 16:03:43.575 E/mcu_services( 5539): MCU2APP : [ff fe fd 12 01 b1 00 00 27 1f 23 aa 23 32 26 52 29 72 2a 26 22 56 47 ff ]
02-20 16:03:43.576 D/TunerPresenter(12107): handleTunerRawData: b1 0 0 27 1f 23 aa 23 32 26 52 29 72 2a 26 22 56 
02-20 16:03:43.577 D/K706RadioManager(17927): IMcuListener.onTransact: code=1 flags=16
02-20 16:03:43.578 D/TunerManagerForExt(12107): FMRadio main (TunerManagerForExt.java:147) onTunerPresetListChanged:  - mBand: 0 - mPresetIndex: 0 - mFrequency: 10015 - index: 0 - preset: 9130 - index: 1 - preset: 9010 - index: 2 - preset: 9810 - index: 3 - preset: 10610 - index: 4 - preset: 10790 - index: 5 - preset: 8790
02-20 16:03:43.579 D/K706RadioManager(17927): >>> IMcuListener.onMcuInfoChanged received! data=B1 00 00 27 1F 23 AA 23 32 26 52 29 72 2A 26 22 56 
02-20 16:03:43.581 D/K706RadioManager(17927): MCU[0xB1] len=17 : B1 00 00 27 1F 23 AA 23 32 26 52 29 72 2A 26 22 56 
02-20 16:03:43.581 D/K706RadioManager(17927): PresetList: band=0 presetIdx=0 currentFreq=10015 firstFreq=10015 (offset=3)
02-20 16:03:43.581 D/K706RadioManager(17927): PresetList: band reportada=0 (ignorada, mCurrentBand=0)
02-20 16:03:43.581 D/K706RadioManager(17927): >>> FREQ: 100100 -> 100150 (MCU=10015, 100,15 MHz)
02-20 16:03:43.624 E/mcu_services( 5539): MCU2APP : [ff fe fd 12 01 b1 00 00 27 24 23 aa 23 32 26 52 29 72 2a 26 22 56 7c ff ]
02-20 16:03:43.625 D/TunerPresenter(12107): handleTunerRawData: b1 0 0 27 24 23 aa 23 32 26 52 29 72 2a 26 22 56 
02-20 16:03:43.626 D/K706RadioManager(17927): IMcuListener.onTransact: code=1 flags=16
02-20 16:03:43.628 D/TunerManagerForExt(12107): FMRadio main (TunerManagerForExt.java:147) onTunerPresetListChanged:  - mBand: 0 - mPresetIndex: 0 - mFrequency: 10020 - index: 0 - preset: 9130 - index: 1 - preset: 9010 - index: 2 - preset: 9810 - index: 3 - preset: 10610 - index: 4 - preset: 10790 - index: 5 - preset: 8790
02-20 16:03:43.631 D/K706RadioManager(17927): >>> IMcuListener.onMcuInfoChanged received! data=B1 00 00 27 24 23 AA 23 32 26 52 29 72 2A 26 22 56 
02-20 16:03:43.634 D/K706RadioManager(17927): MCU[0xB1] len=17 : B1 00 00 27 24 23 AA 23 32 26 52 29 72 2A 26 22 56 
02-20 16:03:43.635 D/K706RadioManager(17927): PresetList: band=0 presetIdx=0 currentFreq=10020 firstFreq=10020 (offset=3)
02-20 16:03:43.635 D/K706RadioManager(17927): PresetList: band reportada=0 (ignorada, mCurrentBand=0)
02-20 16:03:43.635 D/K706RadioManager(17927): >>> FREQ: 100150 -> 100200 (MCU=10020, 100,20 MHz)
02-20 16:03:43.674 E/mcu_services( 5539): MCU2APP : [ff fe fd 12 01 b1 00 00 27 29 23 aa 23 32 26 52 29 72 2a 26 22 56 71 ff ]
02-20 16:03:43.676 D/TunerPresenter(12107): handleTunerRawData: b1 0 0 27 29 23 aa 23 32 26 52 29 72 2a 26 22 56 
02-20 16:03:43.677 D/K706RadioManager(17927): IMcuListener.onTransact: code=1 flags=16
02-20 16:03:43.679 D/TunerManagerForExt(12107): FMRadio main (TunerManagerForExt.java:147) onTunerPresetListChanged:  - mBand: 0 - mPresetIndex: 0 - mFrequency: 10025 - index: 0 - preset: 9130 - index: 1 - preset: 9010 - index: 2 - preset: 9810 - index: 3 - preset: 10610 - index: 4 - preset: 10790 - index: 5 - preset: 8790
02-20 16:03:43.683 D/K706RadioManager(17927): >>> IMcuListener.onMcuInfoChanged received! data=B1 00 00 27 29 23 AA 23 32 26 52 29 72 2A 26 22 56 
02-20 16:03:43.687 D/K706RadioManager(17927): MCU[0xB1] len=17 : B1 00 00 27 29 23 AA 23 32 26 52 29 72 2A 26 22 56 
02-20 16:03:43.687 D/K706RadioManager(17927): PresetList: band=0 presetIdx=0 currentFreq=10025 firstFreq=10025 (offset=3)
02-20 16:03:43.688 D/K706RadioManager(17927): PresetList: band reportada=0 (ignorada, mCurrentBand=0)
02-20 16:03:43.688 D/K706RadioManager(17927): >>> FREQ: 100200 -> 100250 (MCU=10025, 100,25 MHz)
02-20 16:03:43.724 E/mcu_services( 5539): MCU2APP : [ff fe fd 12 01 b1 00 00 27 2e 23 aa 23 32 26 52 29 72 2a 26 22 56 76 ff ]
02-20 16:03:43.725 D/TunerPresenter(12107): handleTunerRawData: b1 0 0 27 2e 23 aa 23 32 26 52 29 72 2a 26 22 56 
02-20 16:03:43.726 D/K706RadioManager(17927): IMcuListener.onTransact: code=1 flags=16
02-20 16:03:43.729 D/TunerManagerForExt(12107): FMRadio main (TunerManagerForExt.java:147) onTunerPresetListChanged:  - mBand: 0 - mPresetIndex: 0 - mFrequency: 10030 - index: 0 - preset: 9130 - index: 1 - preset: 9010 - index: 2 - preset: 9810 - index: 3 - preset: 10610 - index: 4 - preset: 10790 - index: 5 - preset: 8790
02-20 16:03:43.730 D/K706RadioManager(17927): >>> IMcuListener.onMcuInfoChanged received! data=B1 00 00 27 2E 23 AA 23 32 26 52 29 72 2A 26 22 56 
02-20 16:03:43.739 D/K706RadioManager(17927): MCU[0xB1] len=17 : B1 00 00 27 2E 23 AA 23 32 26 52 29 72 2A 26 22 56 
02-20 16:03:43.739 D/K706RadioManager(17927): PresetList: band=0 presetIdx=0 currentFreq=10030 firstFreq=10030 (offset=3)
02-20 16:03:43.739 D/K706RadioManager(17927): PresetList: band reportada=0 (ignorada, mCurrentBand=0)
02-20 16:03:43.739 D/K706RadioManager(17927): >>> FREQ: 100250 -> 100300 (MCU=10030, 100,30 MHz)
02-20 16:03:43.774 E/mcu_services( 5539): MCU2APP : [ff fe fd 12 01 b1 00 00 27 33 23 aa 23 32 26 52 29 72 2a 26 22 56 6b ff ]
02-20 16:03:43.775 D/TunerPresenter(12107): handleTunerRawData: b1 0 0 27 33 23 aa 23 32 26 52 29 72 2a 26 22 56 
02-20 16:03:43.777 D/K706RadioManager(17927): IMcuListener.onTransact: code=1 flags=16
02-20 16:03:43.779 D/TunerManagerForExt(12107): FMRadio main (TunerManagerForExt.java:147) onTunerPresetListChanged:  - mBand: 0 - mPresetIndex: 0 - mFrequency: 10035 - index: 0 - preset: 9130 - index: 1 - preset: 9010 - index: 2 - preset: 9810 - index: 3 - preset: 10610 - index: 4 - preset: 10790 - index: 5 - preset: 8790
02-20 16:03:43.779 D/K706RadioManager(17927): >>> IMcuListener.onMcuInfoChanged received! data=B1 00 00 27 33 23 AA 23 32 26 52 29 72 2A 26 22 56 
02-20 16:03:43.780 D/K706RadioManager(17927): MCU[0xB1] len=17 : B1 00 00 27 33 23 AA 23 32 26 52 29 72 2A 26 22 56 
02-20 16:03:43.780 D/K706RadioManager(17927): PresetList: band=0 presetIdx=0 currentFreq=10035 firstFreq=10035 (offset=3)
02-20 16:03:43.780 D/K706RadioManager(17927): PresetList: band reportada=0 (ignorada, mCurrentBand=0)
02-20 16:03:43.781 D/K706RadioManager(17927): >>> FREQ: 100300 -> 100350 (MCU=10035, 100,35 MHz)
02-20 16:03:43.824 E/mcu_services( 5539): MCU2APP : [ff fe fd 12 01 b1 00 00 27 38 23 aa 23 32 26 52 29 72 2a 26 22 56 60 ff ]
02-20 16:03:43.825 D/TunerPresenter(12107): handleTunerRawData: b1 0 0 27 38 23 aa 23 32 26 52 29 72 2a 26 22 56 
02-20 16:03:43.828 D/TunerManagerForExt(12107): FMRadio main (TunerManagerForExt.java:147) onTunerPresetListChanged:  - mBand: 0 - mPresetIndex: 0 - mFrequency: 10040 - index: 0 - preset: 9130 - index: 1 - preset: 9010 - index: 2 - preset: 9810 - index: 3 - preset: 10610 - index: 4 - preset: 10790 - index: 5 - preset: 8790
02-20 16:03:43.828 D/K706RadioManager(17927): IMcuListener.onTransact: code=1 flags=16
02-20 16:03:43.831 D/K706RadioManager(17927): >>> IMcuListener.onMcuInfoChanged received! data=B1 00 00 27 38 23 AA 23 32 26 52 29 72 2A 26 22 56 
02-20 16:03:43.832 D/K706RadioManager(17927): MCU[0xB1] len=17 : B1 00 00 27 38 23 AA 23 32 26 52 29 72 2A 26 22 56 
02-20 16:03:43.832 D/K706RadioManager(17927): PresetList: band=0 presetIdx=0 currentFreq=10040 firstFreq=10040 (offset=3)
02-20 16:03:43.832 D/K706RadioManager(17927): PresetList: band reportada=0 (ignorada, mCurrentBand=0)
02-20 16:03:43.833 D/K706RadioManager(17927): >>> FREQ: 100350 -> 100400 (MCU=10040, 100,40 MHz)
02-20 16:03:43.873 E/mcu_services( 5539): MCU2APP : [ff fe fd 12 01 b1 00 00 27 3d 23 aa 23 32 26 52 29 72 2a 26 22 56 65 ff ]
02-20 16:03:43.875 D/TunerPresenter(12107): handleTunerRawData: b1 0 0 27 3d 23 aa 23 32 26 52 29 72 2a 26 22 56 
02-20 16:03:43.877 D/K706RadioManager(17927): IMcuListener.onTransact: code=1 flags=16
02-20 16:03:43.879 D/TunerManagerForExt(12107): FMRadio main (TunerManagerForExt.java:147) onTunerPresetListChanged:  - mBand: 0 - mPresetIndex: 0 - mFrequency: 10045 - index: 0 - preset: 9130 - index: 1 - preset: 9010 - index: 2 - preset: 9810 - index: 3 - preset: 10610 - index: 4 - preset: 10790 - index: 5 - preset: 8790
02-20 16:03:43.879 D/K706RadioManager(17927): >>> IMcuListener.onMcuInfoChanged received! data=B1 00 00 27 3D 23 AA 23 32 26 52 29 72 2A 26 22 56 
02-20 16:03:43.881 D/K706RadioManager(17927): MCU[0xB1] len=17 : B1 00 00 27 3D 23 AA 23 32 26 52 29 72 2A 26 22 56 
02-20 16:03:43.881 D/K706RadioManager(17927): PresetList: band=0 presetIdx=0 currentFreq=10045 firstFreq=10045 (offset=3)
02-20 16:03:43.881 D/K706RadioManager(17927): PresetList: band reportada=0 (ignorada, mCurrentBand=0)
02-20 16:03:43.881 D/K706RadioManager(17927): >>> FREQ: 100400 -> 100450 (MCU=10045, 100,45 MHz)
02-20 16:03:43.923 E/mcu_services( 5539): MCU2APP : [ff fe fd 12 01 b1 00 00 27 42 23 aa 23 32 26 52 29 72 2a 26 22 56 1a ff ]
02-20 16:03:43.925 D/TunerPresenter(12107): handleTunerRawData: b1 0 0 27 42 23 aa 23 32 26 52 29 72 2a 26 22 56 
02-20 16:03:43.927 D/K706RadioManager(17927): IMcuListener.onTransact: code=1 flags=16
02-20 16:03:43.928 D/TunerManagerForExt(12107): FMRadio main (TunerManagerForExt.java:147) onTunerPresetListChanged:  - mBand: 0 - mPresetIndex: 0 - mFrequency: 10050 - index: 0 - preset: 9130 - index: 1 - preset: 9010 - index: 2 - preset: 9810 - index: 3 - preset: 10610 - index: 4 - preset: 10790 - index: 5 - preset: 8790
02-20 16:03:43.929 D/K706RadioManager(17927): >>> IMcuListener.onMcuInfoChanged received! data=B1 00 00 27 42 23 AA 23 32 26 52 29 72 2A 26 22 56 
02-20 16:03:43.931 D/K706RadioManager(17927): MCU[0xB1] len=17 : B1 00 00 27 42 23 AA 23 32 26 52 29 72 2A 26 22 56 
02-20 16:03:43.931 D/K706RadioManager(17927): PresetList: band=0 presetIdx=0 currentFreq=10050 firstFreq=10050 (offset=3)
02-20 16:03:43.931 D/K706RadioManager(17927): PresetList: band reportada=0 (ignorada, mCurrentBand=0)
02-20 16:03:43.931 D/K706RadioManager(17927): >>> FREQ: 100450 -> 100500 (MCU=10050, 100,50 MHz)
02-20 16:03:43.973 E/mcu_services( 5539): MCU2APP : [ff fe fd 12 01 b1 00 00 27 47 23 aa 23 32 26 52 29 72 2a 26 22 56 1f ff ]
02-20 16:03:43.973 D/TunerPresenter(12107): handleTunerRawData: b1 0 0 27 47 23 aa 23 32 26 52 29 72 2a 26 22 56 
02-20 16:03:43.975 D/K706RadioManager(17927): IMcuListener.onTransact: code=1 flags=16
02-20 16:03:43.976 D/TunerManagerForExt(12107): FMRadio main (TunerManagerForExt.java:147) onTunerPresetListChanged:  - mBand: 0 - mPresetIndex: 0 - mFrequency: 10055 - index: 0 - preset: 9130 - index: 1 - preset: 9010 - index: 2 - preset: 9810 - index: 3 - preset: 10610 - index: 4 - preset: 10790 - index: 5 - preset: 8790
02-20 16:03:43.978 D/K706RadioManager(17927): >>> IMcuListener.onMcuInfoChanged received! data=B1 00 00 27 47 23 AA 23 32 26 52 29 72 2A 26 22 56 
02-20 16:03:43.980 D/K706RadioManager(17927): MCU[0xB1] len=17 : B1 00 00 27 47 23 AA 23 32 26 52 29 72 2A 26 22 56 
02-20 16:03:43.980 D/K706RadioManager(17927): PresetList: band=0 presetIdx=0 currentFreq=10055 firstFreq=10055 (offset=3)
02-20 16:03:43.980 D/K706RadioManager(17927): PresetList: band reportada=0 (ignorada, mCurrentBand=0)
02-20 16:03:43.980 D/K706RadioManager(17927): >>> FREQ: 100500 -> 100550 (MCU=10055, 100,55 MHz)
02-20 16:03:44.023 E/mcu_services( 5539): MCU2APP : [ff fe fd 12 01 b1 00 00 27 4c 23 aa 23 32 26 52 29 72 2a 26 22 56 14 ff ]
02-20 16:03:44.023 D/TunerPresenter(12107): handleTunerRawData: b1 0 0 27 4c 23 aa 23 32 26 52 29 72 2a 26 22 56 
02-20 16:03:44.024 D/K706RadioManager(17927): IMcuListener.onTransact: code=1 flags=16
02-20 16:03:44.026 D/TunerManagerForExt(12107): FMRadio main (TunerManagerForExt.java:147) onTunerPresetListChanged:  - mBand: 0 - mPresetIndex: 0 - mFrequency: 10060 - index: 0 - preset: 9130 - index: 1 - preset: 9010 - index: 2 - preset: 9810 - index: 3 - preset: 10610 - index: 4 - preset: 10790 - index: 5 - preset: 8790
02-20 16:03:44.027 D/K706RadioManager(17927): >>> IMcuListener.onMcuInfoChanged received! data=B1 00 00 27 4C 23 AA 23 32 26 52 29 72 2A 26 22 56 
02-20 16:03:44.029 D/K706RadioManager(17927): MCU[0xB1] len=17 : B1 00 00 27 4C 23 AA 23 32 26 52 29 72 2A 26 22 56 
02-20 16:03:44.029 D/K706RadioManager(17927): PresetList: band=0 presetIdx=0 currentFreq=10060 firstFreq=10060 (offset=3)
02-20 16:03:44.029 D/K706RadioManager(17927): PresetList: band reportada=0 (ignorada, mCurrentBand=0)
02-20 16:03:44.029 D/K706RadioManager(17927): >>> FREQ: 100550 -> 100600 (MCU=10060, 100,60 MHz)
02-20 16:03:44.072 E/mcu_services( 5539): MCU2APP : [ff fe fd 12 01 b1 00 00 27 51 23 aa 23 32 26 52 29 72 2a 26 22 56 09 ff ]
02-20 16:03:44.074 D/TunerPresenter(12107): handleTunerRawData: b1 0 0 27 51 23 aa 23 32 26 52 29 72 2a 26 22 56 
02-20 16:03:44.076 D/K706RadioManager(17927): IMcuListener.onTransact: code=1 flags=16
02-20 16:03:44.077 D/TunerManagerForExt(12107): FMRadio main (TunerManagerForExt.java:147) onTunerPresetListChanged:  - mBand: 0 - mPresetIndex: 0 - mFrequency: 10065 - index: 0 - preset: 9130 - index: 1 - preset: 9010 - index: 2 - preset: 9810 - index: 3 - preset: 10610 - index: 4 - preset: 10790 - index: 5 - preset: 8790
02-20 16:03:44.078 D/K706RadioManager(17927): >>> IMcuListener.onMcuInfoChanged received! data=B1 00 00 27 51 23 AA 23 32 26 52 29 72 2A 26 22 56 
02-20 16:03:44.080 D/K706RadioManager(17927): MCU[0xB1] len=17 : B1 00 00 27 51 23 AA 23 32 26 52 29 72 2A 26 22 56 
02-20 16:03:44.080 D/K706RadioManager(17927): PresetList: band=0 presetIdx=0 currentFreq=10065 firstFreq=10065 (offset=3)
02-20 16:03:44.080 D/K706RadioManager(17927): PresetList: band reportada=0 (ignorada, mCurrentBand=0)
02-20 16:03:44.081 D/K706RadioManager(17927): >>> FREQ: 100600 -> 100650 (MCU=10065, 100,65 MHz)
02-20 16:03:44.122 E/mcu_services( 5539): MCU2APP : [ff fe fd 12 01 b1 00 00 27 56 23 aa 23 32 26 52 29 72 2a 26 22 56 0e ff ]
02-20 16:03:44.124 D/TunerPresenter(12107): handleTunerRawData: b1 0 0 27 56 23 aa 23 32 26 52 29 72 2a 26 22 56 
02-20 16:03:44.125 D/K706RadioManager(17927): IMcuListener.onTransact: code=1 flags=16
02-20 16:03:44.127 D/TunerManagerForExt(12107): FMRadio main (TunerManagerForExt.java:147) onTunerPresetListChanged:  - mBand: 0 - mPresetIndex: 0 - mFrequency: 10070 - index: 0 - preset: 9130 - index: 1 - preset: 9010 - index: 2 - preset: 9810 - index: 3 - preset: 10610 - index: 4 - preset: 10790 - index: 5 - preset: 8790
02-20 16:03:44.128 D/K706RadioManager(17927): >>> IMcuListener.onMcuInfoChanged received! data=B1 00 00 27 56 23 AA 23 32 26 52 29 72 2A 26 22 56 
02-20 16:03:44.130 D/K706RadioManager(17927): MCU[0xB1] len=17 : B1 00 00 27 56 23 AA 23 32 26 52 29 72 2A 26 22 56 
02-20 16:03:44.130 D/K706RadioManager(17927): PresetList: band=0 presetIdx=0 currentFreq=10070 firstFreq=10070 (offset=3)
02-20 16:03:44.130 D/K706RadioManager(17927): PresetList: band reportada=0 (ignorada, mCurrentBand=0)
02-20 16:03:44.130 D/K706RadioManager(17927): >>> FREQ: 100650 -> 100700 (MCU=10070, 100,70 MHz)
02-20 16:03:44.171 E/mcu_services( 5539): MCU2APP : [ff fe fd 12 01 b1 00 00 27 5b 23 aa 23 32 26 52 29 72 2a 26 22 56 03 ff ]
02-20 16:03:44.173 D/TunerPresenter(12107): handleTunerRawData: b1 0 0 27 5b 23 aa 23 32 26 52 29 72 2a 26 22 56 
02-20 16:03:44.175 D/K706RadioManager(17927): IMcuListener.onTransact: code=1 flags=16
02-20 16:03:44.176 D/TunerManagerForExt(12107): FMRadio main (TunerManagerForExt.java:147) onTunerPresetListChanged:  - mBand: 0 - mPresetIndex: 0 - mFrequency: 10075 - index: 0 - preset: 9130 - index: 1 - preset: 9010 - index: 2 - preset: 9810 - index: 3 - preset: 10610 - index: 4 - preset: 10790 - index: 5 - preset: 8790
02-20 16:03:44.177 D/K706RadioManager(17927): >>> IMcuListener.onMcuInfoChanged received! data=B1 00 00 27 5B 23 AA 23 32 26 52 29 72 2A 26 22 56 
02-20 16:03:44.179 D/K706RadioManager(17927): MCU[0xB1] len=17 : B1 00 00 27 5B 23 AA 23 32 26 52 29 72 2A 26 22 56 
02-20 16:03:44.179 D/K706RadioManager(17927): PresetList: band=0 presetIdx=0 currentFreq=10075 firstFreq=10075 (offset=3)
02-20 16:03:44.179 D/K706RadioManager(17927): PresetList: band reportada=0 (ignorada, mCurrentBand=0)
02-20 16:03:44.179 D/K706RadioManager(17927): >>> FREQ: 100700 -> 100750 (MCU=10075, 100,75 MHz)
02-20 16:03:44.221 E/mcu_services( 5539): MCU2APP : [ff fe fd 12 01 b1 00 00 27 60 23 aa 23 32 26 52 29 72 2a 26 22 56 38 ff ]
02-20 16:03:44.223 D/TunerPresenter(12107): handleTunerRawData: b1 0 0 27 60 23 aa 23 32 26 52 29 72 2a 26 22 56 
02-20 16:03:44.224 D/K706RadioManager(17927): IMcuListener.onTransact: code=1 flags=16
02-20 16:03:44.227 D/TunerManagerForExt(12107): FMRadio main (TunerManagerForExt.java:147) onTunerPresetListChanged:  - mBand: 0 - mPresetIndex: 0 - mFrequency: 10080 - index: 0 - preset: 9130 - index: 1 - preset: 9010 - index: 2 - preset: 9810 - index: 3 - preset: 10610 - index: 4 - preset: 10790 - index: 5 - preset: 8790
02-20 16:03:44.227 D/K706RadioManager(17927): >>> IMcuListener.onMcuInfoChanged received! data=B1 00 00 27 60 23 AA 23 32 26 52 29 72 2A 26 22 56 
02-20 16:03:44.229 D/K706RadioManager(17927): MCU[0xB1] len=17 : B1 00 00 27 60 23 AA 23 32 26 52 29 72 2A 26 22 56 
02-20 16:03:44.229 D/K706RadioManager(17927): PresetList: band=0 presetIdx=0 currentFreq=10080 firstFreq=10080 (offset=3)
02-20 16:03:44.229 D/K706RadioManager(17927): PresetList: band reportada=0 (ignorada, mCurrentBand=0)
02-20 16:03:44.229 D/K706RadioManager(17927): >>> FREQ: 100750 -> 100800 (MCU=10080, 100,80 MHz)
02-20 16:03:44.669 E/mcu_services( 5539): MCU2APP : [ff fe fd 12 01 b1 00 00 27 65 23 aa 23 32 26 52 29 72 2a 26 22 56 3d ff ]
02-20 16:03:44.671 D/TunerPresenter(12107): handleTunerRawData: b1 0 0 27 65 23 aa 23 32 26 52 29 72 2a 26 22 56 
02-20 16:03:44.671 D/TunerManagerForExt(12107): FMRadio main (TunerManagerForExt.java:147) onTunerPresetListChanged:  - mBand: 0 - mPresetIndex: 0 - mFrequency: 10085 - index: 0 - preset: 9130 - index: 1 - preset: 9010 - index: 2 - preset: 9810 - index: 3 - preset: 10610 - index: 4 - preset: 10790 - index: 5 - preset: 8790
02-20 16:03:44.672 D/K706RadioManager(17927): IMcuListener.onTransact: code=1 flags=16
02-20 16:03:44.676 D/K706RadioManager(17927): >>> IMcuListener.onMcuInfoChanged received! data=B1 00 00 27 65 23 AA 23 32 26 52 29 72 2A 26 22 56 
02-20 16:03:44.679 D/K706RadioManager(17927): MCU[0xB1] len=17 : B1 00 00 27 65 23 AA 23 32 26 52 29 72 2A 26 22 56 
02-20 16:03:44.679 D/K706RadioManager(17927): PresetList: band=0 presetIdx=0 currentFreq=10085 firstFreq=10085 (offset=3)
02-20 16:03:44.679 D/K706RadioManager(17927): PresetList: band reportada=0 (ignorada, mCurrentBand=0)
02-20 16:03:44.680 D/K706RadioManager(17927): >>> FREQ: 100800 -> 100850 (MCU=10085, 100,85 MHz)
02-20 16:03:44.718 E/mcu_services( 5539): MCU2APP : [ff fe fd 12 01 b1 00 00 27 6a 23 aa 23 32 26 52 29 72 2a 26 22 56 32 ff ]
02-20 16:03:44.720 D/TunerPresenter(12107): handleTunerRawData: b1 0 0 27 6a 23 aa 23 32 26 52 29 72 2a 26 22 56 
02-20 16:03:44.721 D/K706RadioManager(17927): IMcuListener.onTransact: code=1 flags=16
02-20 16:03:44.722 D/TunerManagerForExt(12107): FMRadio main (TunerManagerForExt.java:147) onTunerPresetListChanged:  - mBand: 0 - mPresetIndex: 0 - mFrequency: 10090 - index: 0 - preset: 9130 - index: 1 - preset: 9010 - index: 2 - preset: 9810 - index: 3 - preset: 10610 - index: 4 - preset: 10790 - index: 5 - preset: 8790
02-20 16:03:44.724 D/K706RadioManager(17927): >>> IMcuListener.onMcuInfoChanged received! data=B1 00 00 27 6A 23 AA 23 32 26 52 29 72 2A 26 22 56 
02-20 16:03:44.727 D/K706RadioManager(17927): MCU[0xB1] len=17 : B1 00 00 27 6A 23 AA 23 32 26 52 29 72 2A 26 22 56 
02-20 16:03:44.727 D/K706RadioManager(17927): PresetList: band=0 presetIdx=0 currentFreq=10090 firstFreq=10090 (offset=3)
02-20 16:03:44.727 D/K706RadioManager(17927): PresetList: band reportada=0 (ignorada, mCurrentBand=0)
02-20 16:03:44.728 D/K706RadioManager(17927): >>> FREQ: 100850 -> 100900 (MCU=10090, 100,90 MHz)
02-20 16:03:44.768 E/mcu_services( 5539): MCU2APP : [ff fe fd 12 01 b1 00 00 27 6f 23 aa 23 32 26 52 29 72 2a 26 22 56 37 ff ]
02-20 16:03:44.769 D/TunerPresenter(12107): handleTunerRawData: b1 0 0 27 6f 23 aa 23 32 26 52 29 72 2a 26 22 56 
02-20 16:03:44.770 D/K706RadioManager(17927): IMcuListener.onTransact: code=1 flags=16
02-20 16:03:44.772 D/K706RadioManager(17927): >>> IMcuListener.onMcuInfoChanged received! data=B1 00 00 27 6F 23 AA 23 32 26 52 29 72 2A 26 22 56 
02-20 16:03:44.774 D/TunerManagerForExt(12107): FMRadio main (TunerManagerForExt.java:147) onTunerPresetListChanged:  - mBand: 0 - mPresetIndex: 0 - mFrequency: 10095 - index: 0 - preset: 9130 - index: 1 - preset: 9010 - index: 2 - preset: 9810 - index: 3 - preset: 10610 - index: 4 - preset: 10790 - index: 5 - preset: 8790
02-20 16:03:44.775 D/K706RadioManager(17927): MCU[0xB1] len=17 : B1 00 00 27 6F 23 AA 23 32 26 52 29 72 2A 26 22 56 
02-20 16:03:44.775 D/K706RadioManager(17927): PresetList: band=0 presetIdx=0 currentFreq=10095 firstFreq=10095 (offset=3)
02-20 16:03:44.775 D/K706RadioManager(17927): PresetList: band reportada=0 (ignorada, mCurrentBand=0)
02-20 16:03:44.776 D/K706RadioManager(17927): >>> FREQ: 100900 -> 100950 (MCU=10095, 100,95 MHz)
02-20 16:03:44.817 E/mcu_services( 5539): MCU2APP : [ff fe fd 12 01 b1 00 00 27 74 23 aa 23 32 26 52 29 72 2a 26 22 56 2c ff ]
02-20 16:03:44.819 D/TunerPresenter(12107): handleTunerRawData: b1 0 0 27 74 23 aa 23 32 26 52 29 72 2a 26 22 56 
02-20 16:03:44.820 D/K706RadioManager(17927): IMcuListener.onTransact: code=1 flags=16
02-20 16:03:44.821 D/TunerManagerForExt(12107): FMRadio main (TunerManagerForExt.java:147) onTunerPresetListChanged:  - mBand: 0 - mPresetIndex: 0 - mFrequency: 10100 - index: 0 - preset: 9130 - index: 1 - preset: 9010 - index: 2 - preset: 9810 - index: 3 - preset: 10610 - index: 4 - preset: 10790 - index: 5 - preset: 8790
02-20 16:03:44.826 D/K706RadioManager(17927): >>> IMcuListener.onMcuInfoChanged received! data=B1 00 00 27 74 23 AA 23 32 26 52 29 72 2A 26 22 56 
02-20 16:03:44.828 D/K706RadioManager(17927): MCU[0xB1] len=17 : B1 00 00 27 74 23 AA 23 32 26 52 29 72 2A 26 22 56 
02-20 16:03:44.828 D/K706RadioManager(17927): PresetList: band=0 presetIdx=0 currentFreq=10100 firstFreq=10100 (offset=3)
02-20 16:03:44.828 D/K706RadioManager(17927): PresetList: band reportada=0 (ignorada, mCurrentBand=0)
02-20 16:03:44.828 D/K706RadioManager(17927): >>> FREQ: 100950 -> 101000 (MCU=10100, 101,00 MHz)
02-20 16:03:44.867 E/mcu_services( 5539): MCU2APP : [ff fe fd 12 01 b1 00 00 27 79 23 aa 23 32 26 52 29 72 2a 26 22 56 21 ff ]
02-20 16:03:44.869 D/TunerPresenter(12107): handleTunerRawData: b1 0 0 27 79 23 aa 23 32 26 52 29 72 2a 26 22 56 
02-20 16:03:44.870 D/K706RadioManager(17927): IMcuListener.onTransact: code=1 flags=16
02-20 16:03:44.872 D/K706RadioManager(17927): >>> IMcuListener.onMcuInfoChanged received! data=B1 00 00 27 79 23 AA 23 32 26 52 29 72 2A 26 22 56 
02-20 16:03:44.873 D/TunerManagerForExt(12107): FMRadio main (TunerManagerForExt.java:147) onTunerPresetListChanged:  - mBand: 0 - mPresetIndex: 0 - mFrequency: 10105 - index: 0 - preset: 9130 - index: 1 - preset: 9010 - index: 2 - preset: 9810 - index: 3 - preset: 10610 - index: 4 - preset: 10790 - index: 5 - preset: 8790
02-20 16:03:44.873 D/K706RadioManager(17927): MCU[0xB1] len=17 : B1 00 00 27 79 23 AA 23 32 26 52 29 72 2A 26 22 56 
02-20 16:03:44.873 D/K706RadioManager(17927): PresetList: band=0 presetIdx=0 currentFreq=10105 firstFreq=10105 (offset=3)
02-20 16:03:44.873 D/K706RadioManager(17927): PresetList: band reportada=0 (ignorada, mCurrentBand=0)
02-20 16:03:44.874 D/K706RadioManager(17927): >>> FREQ: 101000 -> 101050 (MCU=10105, 101,05 MHz)
02-20 16:03:44.917 E/mcu_services( 5539): MCU2APP : [ff fe fd 12 01 b1 00 00 27 7e 23 aa 23 32 26 52 29 72 2a 26 22 56 26 ff ]
02-20 16:03:44.919 D/TunerPresenter(12107): handleTunerRawData: b1 0 0 27 7e 23 aa 23 32 26 52 29 72 2a 26 22 56 
02-20 16:03:44.920 D/K706RadioManager(17927): IMcuListener.onTransact: code=1 flags=16
02-20 16:03:44.921 D/K706RadioManager(17927): >>> IMcuListener.onMcuInfoChanged received! data=B1 00 00 27 7E 23 AA 23 32 26 52 29 72 2A 26 22 56 
02-20 16:03:44.923 D/K706RadioManager(17927): MCU[0xB1] len=17 : B1 00 00 27 7E 23 AA 23 32 26 52 29 72 2A 26 22 56 
02-20 16:03:44.923 D/K706RadioManager(17927): PresetList: band=0 presetIdx=0 currentFreq=10110 firstFreq=10110 (offset=3)
02-20 16:03:44.923 D/K706RadioManager(17927): PresetList: band reportada=0 (ignorada, mCurrentBand=0)
02-20 16:03:44.923 D/TunerManagerForExt(12107): FMRadio main (TunerManagerForExt.java:147) onTunerPresetListChanged:  - mBand: 0 - mPresetIndex: 0 - mFrequency: 10110 - index: 0 - preset: 9130 - index: 1 - preset: 9010 - index: 2 - preset: 9810 - index: 3 - preset: 10610 - index: 4 - preset: 10790 - index: 5 - preset: 8790
02-20 16:03:44.923 D/K706RadioManager(17927): >>> FREQ: 101050 -> 101100 (MCU=10110, 101,10 MHz)
02-20 16:03:44.967 E/mcu_services( 5539): MCU2APP : [ff fe fd 12 01 b1 00 00 27 83 23 aa 23 32 26 52 29 72 2a 26 22 56 db ff ]
02-20 16:03:44.968 D/TunerPresenter(12107): handleTunerRawData: b1 0 0 27 83 23 aa 23 32 26 52 29 72 2a 26 22 56 
02-20 16:03:44.970 D/K706RadioManager(17927): IMcuListener.onTransact: code=1 flags=16
02-20 16:03:44.971 D/TunerManagerForExt(12107): FMRadio main (TunerManagerForExt.java:147) onTunerPresetListChanged:  - mBand: 0 - mPresetIndex: 0 - mFrequency: 10115 - index: 0 - preset: 9130 - index: 1 - preset: 9010 - index: 2 - preset: 9810 - index: 3 - preset: 10610 - index: 4 - preset: 10790 - index: 5 - preset: 8790
02-20 16:03:44.972 D/K706RadioManager(17927): >>> IMcuListener.onMcuInfoChanged received! data=B1 00 00 27 83 23 AA 23 32 26 52 29 72 2A 26 22 56 
02-20 16:03:44.973 D/K706RadioManager(17927): MCU[0xB1] len=17 : B1 00 00 27 83 23 AA 23 32 26 52 29 72 2A 26 22 56 
02-20 16:03:44.973 D/K706RadioManager(17927): PresetList: band=0 presetIdx=0 currentFreq=10115 firstFreq=10115 (offset=3)
02-20 16:03:44.973 D/K706RadioManager(17927): PresetList: band reportada=0 (ignorada, mCurrentBand=0)
02-20 16:03:44.973 D/K706RadioManager(17927): >>> FREQ: 101100 -> 101150 (MCU=10115, 101,15 MHz)
02-20 16:03:45.016 E/mcu_services( 5539): MCU2APP : [ff fe fd 12 01 b1 00 00 27 88 23 aa 23 32 26 52 29 72 2a 26 22 56 d0 ff ]
02-20 16:03:45.017 D/TunerPresenter(12107): handleTunerRawData: b1 0 0 27 88 23 aa 23 32 26 52 29 72 2a 26 22 56 
02-20 16:03:45.019 D/K706RadioManager(17927): IMcuListener.onTransact: code=1 flags=16
02-20 16:03:45.020 D/TunerManagerForExt(12107): FMRadio main (TunerManagerForExt.java:147) onTunerPresetListChanged:  - mBand: 0 - mPresetIndex: 0 - mFrequency: 10120 - index: 0 - preset: 9130 - index: 1 - preset: 9010 - index: 2 - preset: 9810 - index: 3 - preset: 10610 - index: 4 - preset: 10790 - index: 5 - preset: 8790
02-20 16:03:45.022 D/K706RadioManager(17927): >>> IMcuListener.onMcuInfoChanged received! data=B1 00 00 27 88 23 AA 23 32 26 52 29 72 2A 26 22 56 
02-20 16:03:45.024 D/K706RadioManager(17927): MCU[0xB1] len=17 : B1 00 00 27 88 23 AA 23 32 26 52 29 72 2A 26 22 56 
02-20 16:03:45.024 D/K706RadioManager(17927): PresetList: band=0 presetIdx=0 currentFreq=10120 firstFreq=10120 (offset=3)
02-20 16:03:45.024 D/K706RadioManager(17927): PresetList: band reportada=0 (ignorada, mCurrentBand=0)
02-20 16:03:45.024 D/K706RadioManager(17927): >>> FREQ: 101150 -> 101200 (MCU=10120, 101,20 MHz)
02-20 16:03:45.066 E/mcu_services( 5539): MCU2APP : [ff fe fd 12 01 b1 00 00 27 8d 23 aa 23 32 26 52 29 72 2a 26 22 56 d5 ff ]
02-20 16:03:45.068 D/TunerPresenter(12107): handleTunerRawData: b1 0 0 27 8d 23 aa 23 32 26 52 29 72 2a 26 22 56 
02-20 16:03:45.069 D/K706RadioManager(17927): IMcuListener.onTransact: code=1 flags=16
02-20 16:03:45.070 D/TunerManagerForExt(12107): FMRadio main (TunerManagerForExt.java:147) onTunerPresetListChanged:  - mBand: 0 - mPresetIndex: 0 - mFrequency: 10125 - index: 0 - preset: 9130 - index: 1 - preset: 9010 - index: 2 - preset: 9810 - index: 3 - preset: 10610 - index: 4 - preset: 10790 - index: 5 - preset: 8790
02-20 16:03:45.072 D/K706RadioManager(17927): >>> IMcuListener.onMcuInfoChanged received! data=B1 00 00 27 8D 23 AA 23 32 26 52 29 72 2A 26 22 56 
02-20 16:03:45.073 D/K706RadioManager(17927): MCU[0xB1] len=17 : B1 00 00 27 8D 23 AA 23 32 26 52 29 72 2A 26 22 56 
02-20 16:03:45.073 D/K706RadioManager(17927): PresetList: band=0 presetIdx=0 currentFreq=10125 firstFreq=10125 (offset=3)
02-20 16:03:45.074 D/K706RadioManager(17927): PresetList: band reportada=0 (ignorada, mCurrentBand=0)
02-20 16:03:45.074 D/K706RadioManager(17927): >>> FREQ: 101200 -> 101250 (MCU=10125, 101,25 MHz)
02-20 16:03:45.094 E/mcu_services( 5539): MCU2APP : [ff fe fd 03 01 29 6d 45 ff ]
02-20 16:03:45.097 D/K706RadioManager(17927): IMcuListener.onTransact: code=1 flags=16
02-20 16:03:45.098 D/K706RadioManager(17927): >>> IMcuListener.onMcuInfoChanged received! data=29 6D 
02-20 16:03:45.099 D/K706RadioManager(17927): MCU[0x29] len=2 : 29 6D 
02-20 16:03:45.099 D/K706RadioManager(17927): Unknown MCU packet type: 0x29
02-20 16:03:45.116 E/mcu_services( 5539): MCU2APP : [ff fe fd 12 01 b1 00 00 27 92 23 aa 23 32 26 52 29 72 2a 26 22 56 ca ff ]
02-20 16:03:45.117 D/TunerPresenter(12107): handleTunerRawData: b1 0 0 27 92 23 aa 23 32 26 52 29 72 2a 26 22 56 
02-20 16:03:45.119 D/K706RadioManager(17927): IMcuListener.onTransact: code=1 flags=16
02-20 16:03:45.120 D/TunerManagerForExt(12107): FMRadio main (TunerManagerForExt.java:147) onTunerPresetListChanged:  - mBand: 0 - mPresetIndex: 0 - mFrequency: 10130 - index: 0 - preset: 9130 - index: 1 - preset: 9010 - index: 2 - preset: 9810 - index: 3 - preset: 10610 - index: 4 - preset: 10790 - index: 5 - preset: 8790
02-20 16:03:45.122 D/K706RadioManager(17927): >>> IMcuListener.onMcuInfoChanged received! data=B1 00 00 27 92 23 AA 23 32 26 52 29 72 2A 26 22 56 
02-20 16:03:45.125 D/K706RadioManager(17927): MCU[0xB1] len=17 : B1 00 00 27 92 23 AA 23 32 26 52 29 72 2A 26 22 56 
02-20 16:03:45.125 D/K706RadioManager(17927): PresetList: band=0 presetIdx=0 currentFreq=10130 firstFreq=10130 (offset=3)
02-20 16:03:45.125 D/K706RadioManager(17927): PresetList: band reportada=0 (ignorada, mCurrentBand=0)
02-20 16:03:45.126 D/K706RadioManager(17927): >>> FREQ: 101250 -> 101300 (MCU=10130, 101,30 MHz)
02-20 16:03:45.166 E/mcu_services( 5539): MCU2APP : [ff fe fd 12 01 b1 00 00 27 97 23 aa 23 32 26 52 29 72 2a 26 22 56 cf ff ]
02-20 16:03:45.167 D/TunerPresenter(12107): handleTunerRawData: b1 0 0 27 97 23 aa 23 32 26 52 29 72 2a 26 22 56 
02-20 16:03:45.169 D/K706RadioManager(17927): IMcuListener.onTransact: code=1 flags=16
02-20 16:03:45.169 D/TunerManagerForExt(12107): FMRadio main (TunerManagerForExt.java:147) onTunerPresetListChanged:  - mBand: 0 - mPresetIndex: 0 - mFrequency: 10135 - index: 0 - preset: 9130 - index: 1 - preset: 9010 - index: 2 - preset: 9810 - index: 3 - preset: 10610 - index: 4 - preset: 10790 - index: 5 - preset: 8790
02-20 16:03:45.171 D/K706RadioManager(17927): >>> IMcuListener.onMcuInfoChanged received! data=B1 00 00 27 97 23 AA 23 32 26 52 29 72 2A 26 22 56 
02-20 16:03:45.173 D/K706RadioManager(17927): MCU[0xB1] len=17 : B1 00 00 27 97 23 AA 23 32 26 52 29 72 2A 26 22 56 
02-20 16:03:45.174 D/K706RadioManager(17927): PresetList: band=0 presetIdx=0 currentFreq=10135 firstFreq=10135 (offset=3)
02-20 16:03:45.174 D/K706RadioManager(17927): PresetList: band reportada=0 (ignorada, mCurrentBand=0)
02-20 16:03:45.174 D/K706RadioManager(17927): >>> FREQ: 101300 -> 101350 (MCU=10135, 101,35 MHz)
02-20 16:03:45.215 E/mcu_services( 5539): MCU2APP : [ff fe fd 12 01 b1 00 00 27 9c 23 aa 23 32 26 52 29 72 2a 26 22 56 c4 ff ]
02-20 16:03:45.216 D/TunerPresenter(12107): handleTunerRawData: b1 0 0 27 9c 23 aa 23 32 26 52 29 72 2a 26 22 56 
02-20 16:03:45.218 D/K706RadioManager(17927): IMcuListener.onTransact: code=1 flags=16
02-20 16:03:45.219 D/TunerManagerForExt(12107): FMRadio main (TunerManagerForExt.java:147) onTunerPresetListChanged:  - mBand: 0 - mPresetIndex: 0 - mFrequency: 10140 - index: 0 - preset: 9130 - index: 1 - preset: 9010 - index: 2 - preset: 9810 - index: 3 - preset: 10610 - index: 4 - preset: 10790 - index: 5 - preset: 8790
02-20 16:03:45.221 D/K706RadioManager(17927): >>> IMcuListener.onMcuInfoChanged received! data=B1 00 00 27 9C 23 AA 23 32 26 52 29 72 2A 26 22 56 
02-20 16:03:45.223 D/K706RadioManager(17927): MCU[0xB1] len=17 : B1 00 00 27 9C 23 AA 23 32 26 52 29 72 2A 26 22 56 
02-20 16:03:45.223 D/K706RadioManager(17927): PresetList: band=0 presetIdx=0 currentFreq=10140 firstFreq=10140 (offset=3)
02-20 16:03:45.223 D/K706RadioManager(17927): PresetList: band reportada=0 (ignorada, mCurrentBand=0)
02-20 16:03:45.224 D/K706RadioManager(17927): >>> FREQ: 101350 -> 101400 (MCU=10140, 101,40 MHz)
02-20 16:03:45.265 E/mcu_services( 5539): MCU2APP : [ff fe fd 12 01 b1 00 00 27 a1 23 aa 23 32 26 52 29 72 2a 26 22 56 f9 ff ]
02-20 16:03:45.266 D/TunerPresenter(12107): handleTunerRawData: b1 0 0 27 a1 23 aa 23 32 26 52 29 72 2a 26 22 56 
02-20 16:03:45.267 D/K706RadioManager(17927): IMcuListener.onTransact: code=1 flags=16
02-20 16:03:45.270 D/K706RadioManager(17927): >>> IMcuListener.onMcuInfoChanged received! data=B1 00 00 27 A1 23 AA 23 32 26 52 29 72 2A 26 22 56 
02-20 16:03:45.270 D/TunerManagerForExt(12107): FMRadio main (TunerManagerForExt.java:147) onTunerPresetListChanged:  - mBand: 0 - mPresetIndex: 0 - mFrequency: 10145 - index: 0 - preset: 9130 - index: 1 - preset: 9010 - index: 2 - preset: 9810 - index: 3 - preset: 10610 - index: 4 - preset: 10790 - index: 5 - preset: 8790
02-20 16:03:45.272 D/K706RadioManager(17927): MCU[0xB1] len=17 : B1 00 00 27 A1 23 AA 23 32 26 52 29 72 2A 26 22 56 
02-20 16:03:45.272 D/K706RadioManager(17927): PresetList: band=0 presetIdx=0 currentFreq=10145 firstFreq=10145 (offset=3)
02-20 16:03:45.272 D/K706RadioManager(17927): PresetList: band reportada=0 (ignorada, mCurrentBand=0)
02-20 16:03:45.273 D/K706RadioManager(17927): >>> FREQ: 101400 -> 101450 (MCU=10145, 101,45 MHz)
02-20 16:03:45.315 E/mcu_services( 5539): MCU2APP : [ff fe fd 12 01 b1 00 00 27 a6 23 aa 23 32 26 52 29 72 2a 26 22 56 fe ff ]
02-20 16:03:45.316 D/TunerPresenter(12107): handleTunerRawData: b1 0 0 27 a6 23 aa 23 32 26 52 29 72 2a 26 22 56 
02-20 16:03:45.319 D/K706RadioManager(17927): IMcuListener.onTransact: code=1 flags=16
02-20 16:03:45.319 D/TunerManagerForExt(12107): FMRadio main (TunerManagerForExt.java:147) onTunerPresetListChanged:  - mBand: 0 - mPresetIndex: 0 - mFrequency: 10150 - index: 0 - preset: 9130 - index: 1 - preset: 9010 - index: 2 - preset: 9810 - index: 3 - preset: 10610 - index: 4 - preset: 10790 - index: 5 - preset: 8790
02-20 16:03:45.322 D/K706RadioManager(17927): >>> IMcuListener.onMcuInfoChanged received! data=B1 00 00 27 A6 23 AA 23 32 26 52 29 72 2A 26 22 56 
02-20 16:03:45.324 D/K706RadioManager(17927): MCU[0xB1] len=17 : B1 00 00 27 A6 23 AA 23 32 26 52 29 72 2A 26 22 56 
02-20 16:03:45.324 D/K706RadioManager(17927): PresetList: band=0 presetIdx=0 currentFreq=10150 firstFreq=10150 (offset=3)
02-20 16:03:45.325 D/K706RadioManager(17927): PresetList: band reportada=0 (ignorada, mCurrentBand=0)
02-20 16:03:45.325 D/K706RadioManager(17927): >>> FREQ: 101450 -> 101500 (MCU=10150, 101,50 MHz)
02-20 16:03:45.364 E/mcu_services( 5539): MCU2APP : [ff fe fd 12 01 b1 00 00 27 ab 23 aa 23 32 26 52 29 72 2a 26 22 56 f3 ff ]
02-20 16:03:45.366 D/TunerPresenter(12107): handleTunerRawData: b1 0 0 27 ab 23 aa 23 32 26 52 29 72 2a 26 22 56 
02-20 16:03:45.367 D/K706RadioManager(17927): IMcuListener.onTransact: code=1 flags=16
02-20 16:03:45.369 D/TunerManagerForExt(12107): FMRadio main (TunerManagerForExt.java:147) onTunerPresetListChanged:  - mBand: 0 - mPresetIndex: 0 - mFrequency: 10155 - index: 0 - preset: 9130 - index: 1 - preset: 9010 - index: 2 - preset: 9810 - index: 3 - preset: 10610 - index: 4 - preset: 10790 - index: 5 - preset: 8790
02-20 16:03:45.369 D/K706RadioManager(17927): >>> IMcuListener.onMcuInfoChanged received! data=B1 00 00 27 AB 23 AA 23 32 26 52 29 72 2A 26 22 56 
02-20 16:03:45.372 D/K706RadioManager(17927): MCU[0xB1] len=17 : B1 00 00 27 AB 23 AA 23 32 26 52 29 72 2A 26 22 56 
02-20 16:03:45.372 D/K706RadioManager(17927): PresetList: band=0 presetIdx=0 currentFreq=10155 firstFreq=10155 (offset=3)
02-20 16:03:45.372 D/K706RadioManager(17927): PresetList: band reportada=0 (ignorada, mCurrentBand=0)
02-20 16:03:45.372 D/K706RadioManager(17927): >>> FREQ: 101500 -> 101550 (MCU=10155, 101,55 MHz)
02-20 16:03:45.414 E/mcu_services( 5539): MCU2APP : [ff fe fd 12 01 b1 00 00 27 b0 23 aa 23 32 26 52 29 72 2a 26 22 56 e8 ff ]
02-20 16:03:45.416 D/TunerPresenter(12107): handleTunerRawData: b1 0 0 27 b0 23 aa 23 32 26 52 29 72 2a 26 22 56 
02-20 16:03:45.417 D/K706RadioManager(17927): IMcuListener.onTransact: code=1 flags=16
02-20 16:03:45.418 D/TunerManagerForExt(12107): FMRadio main (TunerManagerForExt.java:147) onTunerPresetListChanged:  - mBand: 0 - mPresetIndex: 0 - mFrequency: 10160 - index: 0 - preset: 9130 - index: 1 - preset: 9010 - index: 2 - preset: 9810 - index: 3 - preset: 10610 - index: 4 - preset: 10790 - index: 5 - preset: 8790
02-20 16:03:45.419 D/K706RadioManager(17927): >>> IMcuListener.onMcuInfoChanged received! data=B1 00 00 27 B0 23 AA 23 32 26 52 29 72 2A 26 22 56 
02-20 16:03:45.421 D/K706RadioManager(17927): MCU[0xB1] len=17 : B1 00 00 27 B0 23 AA 23 32 26 52 29 72 2A 26 22 56 
02-20 16:03:45.421 D/K706RadioManager(17927): PresetList: band=0 presetIdx=0 currentFreq=10160 firstFreq=10160 (offset=3)
02-20 16:03:45.421 D/K706RadioManager(17927): PresetList: band reportada=0 (ignorada, mCurrentBand=0)
02-20 16:03:45.422 D/K706RadioManager(17927): >>> FREQ: 101550 -> 101600 (MCU=10160, 101,60 MHz)
02-20 16:03:45.862 E/mcu_services( 5539): MCU2APP : [ff fe fd 12 01 b1 00 00 27 b5 23 aa 23 32 26 52 29 72 2a 26 22 56 ed ff ]
02-20 16:03:45.863 D/TunerPresenter(12107): handleTunerRawData: b1 0 0 27 b5 23 aa 23 32 26 52 29 72 2a 26 22 56 
02-20 16:03:45.864 D/TunerManagerForExt(12107): FMRadio main (TunerManagerForExt.java:147) onTunerPresetListChanged:  - mBand: 0 - mPresetIndex: 0 - mFrequency: 10165 - index: 0 - preset: 9130 - index: 1 - preset: 9010 - index: 2 - preset: 9810 - index: 3 - preset: 10610 - index: 4 - preset: 10790 - index: 5 - preset: 8790
02-20 16:03:45.865 D/K706RadioManager(17927): IMcuListener.onTransact: code=1 flags=16
02-20 16:03:45.868 D/K706RadioManager(17927): >>> IMcuListener.onMcuInfoChanged received! data=B1 00 00 27 B5 23 AA 23 32 26 52 29 72 2A 26 22 56 
02-20 16:03:45.869 D/K706RadioManager(17927): MCU[0xB1] len=17 : B1 00 00 27 B5 23 AA 23 32 26 52 29 72 2A 26 22 56 
02-20 16:03:45.869 D/K706RadioManager(17927): PresetList: band=0 presetIdx=0 currentFreq=10165 firstFreq=10165 (offset=3)
02-20 16:03:45.869 D/K706RadioManager(17927): PresetList: band reportada=0 (ignorada, mCurrentBand=0)
02-20 16:03:45.870 D/K706RadioManager(17927): >>> FREQ: 101600 -> 101650 (MCU=10165, 101,65 MHz)
02-20 16:03:45.911 E/mcu_services( 5539): MCU2APP : [ff fe fd 12 01 b1 00 00 27 ba 23 aa 23 32 26 52 29 72 2a 26 22 56 e2 ff ]
02-20 16:03:45.913 D/TunerPresenter(12107): handleTunerRawData: b1 0 0 27 ba 23 aa 23 32 26 52 29 72 2a 26 22 56 
02-20 16:03:45.915 D/K706RadioManager(17927): IMcuListener.onTransact: code=1 flags=16
02-20 16:03:45.916 D/TunerManagerForExt(12107): FMRadio main (TunerManagerForExt.java:147) onTunerPresetListChanged:  - mBand: 0 - mPresetIndex: 0 - mFrequency: 10170 - index: 0 - preset: 9130 - index: 1 - preset: 9010 - index: 2 - preset: 9810 - index: 3 - preset: 10610 - index: 4 - preset: 10790 - index: 5 - preset: 8790
02-20 16:03:45.917 D/K706RadioManager(17927): >>> IMcuListener.onMcuInfoChanged received! data=B1 00 00 27 BA 23 AA 23 32 26 52 29 72 2A 26 22 56 
02-20 16:03:45.919 D/K706RadioManager(17927): MCU[0xB1] len=17 : B1 00 00 27 BA 23 AA 23 32 26 52 29 72 2A 26 22 56 
02-20 16:03:45.919 D/K706RadioManager(17927): PresetList: band=0 presetIdx=0 currentFreq=10170 firstFreq=10170 (offset=3)
02-20 16:03:45.919 D/K706RadioManager(17927): PresetList: band reportada=0 (ignorada, mCurrentBand=0)
02-20 16:03:45.919 D/K706RadioManager(17927): >>> FREQ: 101650 -> 101700 (MCU=10170, 101,70 MHz)
02-20 16:03:45.961 E/mcu_services( 5539): MCU2APP : [ff fe fd 12 01 b1 00 00 27 bf 23 aa 23 32 26 52 29 72 2a 26 22 56 e7 ff ]
02-20 16:03:45.962 D/TunerPresenter(12107): handleTunerRawData: b1 0 0 27 bf 23 aa 23 32 26 52 29 72 2a 26 22 56 
02-20 16:03:45.963 D/K706RadioManager(17927): IMcuListener.onTransact: code=1 flags=16
02-20 16:03:45.964 D/TunerManagerForExt(12107): FMRadio main (TunerManagerForExt.java:147) onTunerPresetListChanged:  - mBand: 0 - mPresetIndex: 0 - mFrequency: 10175 - index: 0 - preset: 9130 - index: 1 - preset: 9010 - index: 2 - preset: 9810 - index: 3 - preset: 10610 - index: 4 - preset: 10790 - index: 5 - preset: 8790
02-20 16:03:45.965 D/K706RadioManager(17927): >>> IMcuListener.onMcuInfoChanged received! data=B1 00 00 27 BF 23 AA 23 32 26 52 29 72 2A 26 22 56 
02-20 16:03:45.967 D/K706RadioManager(17927): MCU[0xB1] len=17 : B1 00 00 27 BF 23 AA 23 32 26 52 29 72 2A 26 22 56 
02-20 16:03:45.967 D/K706RadioManager(17927): PresetList: band=0 presetIdx=0 currentFreq=10175 firstFreq=10175 (offset=3)
02-20 16:03:45.967 D/K706RadioManager(17927): PresetList: band reportada=0 (ignorada, mCurrentBand=0)
02-20 16:03:45.967 D/K706RadioManager(17927): >>> FREQ: 101700 -> 101750 (MCU=10175, 101,75 MHz)
02-20 16:03:46.011 E/mcu_services( 5539): MCU2APP : [ff fe fd 12 01 b1 00 00 27 c4 23 aa 23 32 26 52 29 72 2a 26 22 56 9c ff ]
02-20 16:03:46.012 D/TunerPresenter(12107): handleTunerRawData: b1 0 0 27 c4 23 aa 23 32 26 52 29 72 2a 26 22 56 
02-20 16:03:46.014 D/K706RadioManager(17927): IMcuListener.onTransact: code=1 flags=16
02-20 16:03:46.015 D/TunerManagerForExt(12107): FMRadio main (TunerManagerForExt.java:147) onTunerPresetListChanged:  - mBand: 0 - mPresetIndex: 0 - mFrequency: 10180 - index: 0 - preset: 9130 - index: 1 - preset: 9010 - index: 2 - preset: 9810 - index: 3 - preset: 10610 - index: 4 - preset: 10790 - index: 5 - preset: 8790
02-20 16:03:46.016 D/K706RadioManager(17927): >>> IMcuListener.onMcuInfoChanged received! data=B1 00 00 27 C4 23 AA 23 32 26 52 29 72 2A 26 22 56 
02-20 16:03:46.018 D/K706RadioManager(17927): MCU[0xB1] len=17 : B1 00 00 27 C4 23 AA 23 32 26 52 29 72 2A 26 22 56 
02-20 16:03:46.018 D/K706RadioManager(17927): PresetList: band=0 presetIdx=0 currentFreq=10180 firstFreq=10180 (offset=3)
02-20 16:03:46.018 D/K706RadioManager(17927): PresetList: band reportada=0 (ignorada, mCurrentBand=0)
02-20 16:03:46.018 D/K706RadioManager(17927): >>> FREQ: 101750 -> 101800 (MCU=10180, 101,80 MHz)
02-20 16:03:46.061 E/mcu_services( 5539): MCU2APP : [ff fe fd 12 01 b1 00 00 27 c9 23 aa 23 32 26 52 29 72 2a 26 22 56 91 ff ]
02-20 16:03:46.062 D/TunerPresenter(12107): handleTunerRawData: b1 0 0 27 c9 23 aa 23 32 26 52 29 72 2a 26 22 56 
02-20 16:03:46.064 D/K706RadioManager(17927): IMcuListener.onTransact: code=1 flags=16
02-20 16:03:46.065 D/TunerManagerForExt(12107): FMRadio main (TunerManagerForExt.java:147) onTunerPresetListChanged:  - mBand: 0 - mPresetIndex: 0 - mFrequency: 10185 - index: 0 - preset: 9130 - index: 1 - preset: 9010 - index: 2 - preset: 9810 - index: 3 - preset: 10610 - index: 4 - preset: 10790 - index: 5 - preset: 8790
02-20 16:03:46.066 D/K706RadioManager(17927): >>> IMcuListener.onMcuInfoChanged received! data=B1 00 00 27 C9 23 AA 23 32 26 52 29 72 2A 26 22 56 
02-20 16:03:46.067 D/K706RadioManager(17927): MCU[0xB1] len=17 : B1 00 00 27 C9 23 AA 23 32 26 52 29 72 2A 26 22 56 
02-20 16:03:46.067 D/K706RadioManager(17927): PresetList: band=0 presetIdx=0 currentFreq=10185 firstFreq=10185 (offset=3)
02-20 16:03:46.067 D/K706RadioManager(17927): PresetList: band reportada=0 (ignorada, mCurrentBand=0)
02-20 16:03:46.068 D/K706RadioManager(17927): >>> FREQ: 101800 -> 101850 (MCU=10185, 101,85 MHz)
02-20 16:03:46.110 E/mcu_services( 5539): MCU2APP : [ff fe fd 12 01 b1 00 00 27 ce 23 aa 23 32 26 52 29 72 2a 26 22 56 96 ff ]
02-20 16:03:46.112 D/TunerPresenter(12107): handleTunerRawData: b1 0 0 27 ce 23 aa 23 32 26 52 29 72 2a 26 22 56 
02-20 16:03:46.113 D/K706RadioManager(17927): IMcuListener.onTransact: code=1 flags=16
02-20 16:03:46.114 D/TunerManagerForExt(12107): FMRadio main (TunerManagerForExt.java:147) onTunerPresetListChanged:  - mBand: 0 - mPresetIndex: 0 - mFrequency: 10190 - index: 0 - preset: 9130 - index: 1 - preset: 9010 - index: 2 - preset: 9810 - index: 3 - preset: 10610 - index: 4 - preset: 10790 - index: 5 - preset: 8790
02-20 16:03:46.116 D/K706RadioManager(17927): >>> IMcuListener.onMcuInfoChanged received! data=B1 00 00 27 CE 23 AA 23 32 26 52 29 72 2A 26 22 56 
02-20 16:03:46.117 D/K706RadioManager(17927): MCU[0xB1] len=17 : B1 00 00 27 CE 23 AA 23 32 26 52 29 72 2A 26 22 56 
02-20 16:03:46.117 D/K706RadioManager(17927): PresetList: band=0 presetIdx=0 currentFreq=10190 firstFreq=10190 (offset=3)
02-20 16:03:46.117 D/K706RadioManager(17927): PresetList: band reportada=0 (ignorada, mCurrentBand=0)
02-20 16:03:46.118 D/K706RadioManager(17927): >>> FREQ: 101850 -> 101900 (MCU=10190, 101,90 MHz)
02-20 16:03:46.160 E/mcu_services( 5539): MCU2APP : [ff fe fd 12 01 b1 00 00 27 d3 23 aa 23 32 26 52 29 72 2a 26 22 56 8b ff ]
02-20 16:03:46.160 D/TunerPresenter(12107): handleTunerRawData: b1 0 0 27 d3 23 aa 23 32 26 52 29 72 2a 26 22 56 
02-20 16:03:46.162 D/K706RadioManager(17927): IMcuListener.onTransact: code=1 flags=16
02-20 16:03:46.163 D/TunerManagerForExt(12107): FMRadio main (TunerManagerForExt.java:147) onTunerPresetListChanged:  - mBand: 0 - mPresetIndex: 0 - mFrequency: 10195 - index: 0 - preset: 9130 - index: 1 - preset: 9010 - index: 2 - preset: 9810 - index: 3 - preset: 10610 - index: 4 - preset: 10790 - index: 5 - preset: 8790
02-20 16:03:46.164 D/K706RadioManager(17927): >>> IMcuListener.onMcuInfoChanged received! data=B1 00 00 27 D3 23 AA 23 32 26 52 29 72 2A 26 22 56 
02-20 16:03:46.166 D/K706RadioManager(17927): MCU[0xB1] len=17 : B1 00 00 27 D3 23 AA 23 32 26 52 29 72 2A 26 22 56 
02-20 16:03:46.166 D/K706RadioManager(17927): PresetList: band=0 presetIdx=0 currentFreq=10195 firstFreq=10195 (offset=3)
02-20 16:03:46.166 D/K706RadioManager(17927): PresetList: band reportada=0 (ignorada, mCurrentBand=0)
02-20 16:03:46.167 D/K706RadioManager(17927): >>> FREQ: 101900 -> 101950 (MCU=10195, 101,95 MHz)
02-20 16:03:46.210 E/mcu_services( 5539): MCU2APP : [ff fe fd 12 01 b1 00 00 27 d8 23 aa 23 32 26 52 29 72 2a 26 22 56 80 ff ]
02-20 16:03:46.212 D/TunerPresenter(12107): handleTunerRawData: b1 0 0 27 d8 23 aa 23 32 26 52 29 72 2a 26 22 56 
02-20 16:03:46.213 D/K706RadioManager(17927): IMcuListener.onTransact: code=1 flags=16
02-20 16:03:46.214 D/TunerManagerForExt(12107): FMRadio main (TunerManagerForExt.java:147) onTunerPresetListChanged:  - mBand: 0 - mPresetIndex: 0 - mFrequency: 10200 - index: 0 - preset: 9130 - index: 1 - preset: 9010 - index: 2 - preset: 9810 - index: 3 - preset: 10610 - index: 4 - preset: 10790 - index: 5 - preset: 8790
02-20 16:03:46.214 D/K706RadioManager(17927): >>> IMcuListener.onMcuInfoChanged received! data=B1 00 00 27 D8 23 AA 23 32 26 52 29 72 2A 26 22 56 
02-20 16:03:46.216 D/K706RadioManager(17927): MCU[0xB1] len=17 : B1 00 00 27 D8 23 AA 23 32 26 52 29 72 2A 26 22 56 
02-20 16:03:46.216 D/K706RadioManager(17927): PresetList: band=0 presetIdx=0 currentFreq=10200 firstFreq=10200 (offset=3)
02-20 16:03:46.216 D/K706RadioManager(17927): PresetList: band reportada=0 (ignorada, mCurrentBand=0)
02-20 16:03:46.217 D/K706RadioManager(17927): >>> FREQ: 101950 -> 102000 (MCU=10200, 102,00 MHz)
02-20 16:03:46.259 E/mcu_services( 5539): MCU2APP : [ff fe fd 12 01 b1 00 00 27 dd 23 aa 23 32 26 52 29 72 2a 26 22 56 85 ff ]
02-20 16:03:46.260 D/TunerPresenter(12107): handleTunerRawData: b1 0 0 27 dd 23 aa 23 32 26 52 29 72 2a 26 22 56 
02-20 16:03:46.262 D/K706RadioManager(17927): IMcuListener.onTransact: code=1 flags=16
02-20 16:03:46.263 D/TunerManagerForExt(12107): FMRadio main (TunerManagerForExt.java:147) onTunerPresetListChanged:  - mBand: 0 - mPresetIndex: 0 - mFrequency: 10205 - index: 0 - preset: 9130 - index: 1 - preset: 9010 - index: 2 - preset: 9810 - index: 3 - preset: 10610 - index: 4 - preset: 10790 - index: 5 - preset: 8790
02-20 16:03:46.263 D/K706RadioManager(17927): >>> IMcuListener.onMcuInfoChanged received! data=B1 00 00 27 DD 23 AA 23 32 26 52 29 72 2A 26 22 56 
02-20 16:03:46.265 D/K706RadioManager(17927): MCU[0xB1] len=17 : B1 00 00 27 DD 23 AA 23 32 26 52 29 72 2A 26 22 56 
02-20 16:03:46.265 D/K706RadioManager(17927): PresetList: band=0 presetIdx=0 currentFreq=10205 firstFreq=10205 (offset=3)
02-20 16:03:46.265 D/K706RadioManager(17927): PresetList: band reportada=0 (ignorada, mCurrentBand=0)
02-20 16:03:46.265 D/K706RadioManager(17927): >>> FREQ: 102000 -> 102050 (MCU=10205, 102,05 MHz)
02-20 16:03:46.309 E/mcu_services( 5539): MCU2APP : [ff fe fd 12 01 b1 00 00 27 e2 23 aa 23 32 26 52 29 72 2a 26 22 56 ba ff ]
02-20 16:03:46.310 D/TunerPresenter(12107): handleTunerRawData: b1 0 0 27 e2 23 aa 23 32 26 52 29 72 2a 26 22 56 
02-20 16:03:46.311 D/K706RadioManager(17927): IMcuListener.onTransact: code=1 flags=16
02-20 16:03:46.312 D/TunerManagerForExt(12107): FMRadio main (TunerManagerForExt.java:147) onTunerPresetListChanged:  - mBand: 0 - mPresetIndex: 0 - mFrequency: 10210 - index: 0 - preset: 9130 - index: 1 - preset: 9010 - index: 2 - preset: 9810 - index: 3 - preset: 10610 - index: 4 - preset: 10790 - index: 5 - preset: 8790
02-20 16:03:46.313 D/K706RadioManager(17927): >>> IMcuListener.onMcuInfoChanged received! data=B1 00 00 27 E2 23 AA 23 32 26 52 29 72 2A 26 22 56 
02-20 16:03:46.315 D/K706RadioManager(17927): MCU[0xB1] len=17 : B1 00 00 27 E2 23 AA 23 32 26 52 29 72 2A 26 22 56 
02-20 16:03:46.315 D/K706RadioManager(17927): PresetList: band=0 presetIdx=0 currentFreq=10210 firstFreq=10210 (offset=3)
02-20 16:03:46.315 D/K706RadioManager(17927): PresetList: band reportada=0 (ignorada, mCurrentBand=0)
02-20 16:03:46.315 D/K706RadioManager(17927): >>> FREQ: 102050 -> 102100 (MCU=10210, 102,10 MHz)
02-20 16:03:46.359 E/mcu_services( 5539): MCU2APP : [ff fe fd 12 01 b1 00 00 27 e7 23 aa 23 32 26 52 29 72 2a 26 22 56 bf ff ]
02-20 16:03:46.360 D/TunerPresenter(12107): handleTunerRawData: b1 0 0 27 e7 23 aa 23 32 26 52 29 72 2a 26 22 56 
02-20 16:03:46.361 D/K706RadioManager(17927): IMcuListener.onTransact: code=1 flags=16
02-20 16:03:46.362 D/TunerManagerForExt(12107): FMRadio main (TunerManagerForExt.java:147) onTunerPresetListChanged:  - mBand: 0 - mPresetIndex: 0 - mFrequency: 10215 - index: 0 - preset: 9130 - index: 1 - preset: 9010 - index: 2 - preset: 9810 - index: 3 - preset: 10610 - index: 4 - preset: 10790 - index: 5 - preset: 8790
02-20 16:03:46.362 D/K706RadioManager(17927): >>> IMcuListener.onMcuInfoChanged received! data=B1 00 00 27 E7 23 AA 23 32 26 52 29 72 2A 26 22 56 
02-20 16:03:46.364 D/K706RadioManager(17927): MCU[0xB1] len=17 : B1 00 00 27 E7 23 AA 23 32 26 52 29 72 2A 26 22 56 
02-20 16:03:46.364 D/K706RadioManager(17927): PresetList: band=0 presetIdx=0 currentFreq=10215 firstFreq=10215 (offset=3)
02-20 16:03:46.364 D/K706RadioManager(17927): PresetList: band reportada=0 (ignorada, mCurrentBand=0)
02-20 16:03:46.364 D/K706RadioManager(17927): >>> FREQ: 102100 -> 102150 (MCU=10215, 102,15 MHz)
02-20 16:03:46.408 E/mcu_services( 5539): MCU2APP : [ff fe fd 12 01 b1 00 00 27 ec 23 aa 23 32 26 52 29 72 2a 26 22 56 b4 ff ]
02-20 16:03:46.410 D/TunerPresenter(12107): handleTunerRawData: b1 0 0 27 ec 23 aa 23 32 26 52 29 72 2a 26 22 56 
02-20 16:03:46.412 D/K706RadioManager(17927): IMcuListener.onTransact: code=1 flags=16
02-20 16:03:46.412 D/TunerManagerForExt(12107): FMRadio main (TunerManagerForExt.java:147) onTunerPresetListChanged:  - mBand: 0 - mPresetIndex: 0 - mFrequency: 10220 - index: 0 - preset: 9130 - index: 1 - preset: 9010 - index: 2 - preset: 9810 - index: 3 - preset: 10610 - index: 4 - preset: 10790 - index: 5 - preset: 8790
02-20 16:03:46.414 D/K706RadioManager(17927): >>> IMcuListener.onMcuInfoChanged received! data=B1 00 00 27 EC 23 AA 23 32 26 52 29 72 2A 26 22 56 
02-20 16:03:46.415 D/K706RadioManager(17927): MCU[0xB1] len=17 : B1 00 00 27 EC 23 AA 23 32 26 52 29 72 2A 26 22 56 
02-20 16:03:46.416 D/K706RadioManager(17927): PresetList: band=0 presetIdx=0 currentFreq=10220 firstFreq=10220 (offset=3)
02-20 16:03:46.416 D/K706RadioManager(17927): PresetList: band reportada=0 (ignorada, mCurrentBand=0)
02-20 16:03:46.416 D/K706RadioManager(17927): >>> FREQ: 102150 -> 102200 (MCU=10220, 102,20 MHz)
02-20 16:03:46.458 E/mcu_services( 5539): MCU2APP : [ff fe fd 12 01 b1 00 00 27 f1 23 aa 23 32 26 52 29 72 2a 26 22 56 a9 ff ]
02-20 16:03:46.459 D/TunerPresenter(12107): handleTunerRawData: b1 0 0 27 f1 23 aa 23 32 26 52 29 72 2a 26 22 56 
02-20 16:03:46.461 D/K706RadioManager(17927): IMcuListener.onTransact: code=1 flags=16
02-20 16:03:46.462 D/TunerManagerForExt(12107): FMRadio main (TunerManagerForExt.java:147) onTunerPresetListChanged:  - mBand: 0 - mPresetIndex: 0 - mFrequency: 10225 - index: 0 - preset: 9130 - index: 1 - preset: 9010 - index: 2 - preset: 9810 - index: 3 - preset: 10610 - index: 4 - preset: 10790 - index: 5 - preset: 8790
02-20 16:03:46.464 D/K706RadioManager(17927): >>> IMcuListener.onMcuInfoChanged received! data=B1 00 00 27 F1 23 AA 23 32 26 52 29 72 2A 26 22 56 
02-20 16:03:46.465 D/K706RadioManager(17927): MCU[0xB1] len=17 : B1 00 00 27 F1 23 AA 23 32 26 52 29 72 2A 26 22 56 
02-20 16:03:46.465 D/K706RadioManager(17927): PresetList: band=0 presetIdx=0 currentFreq=10225 firstFreq=10225 (offset=3)
02-20 16:03:46.465 D/K706RadioManager(17927): PresetList: band reportada=0 (ignorada, mCurrentBand=0)
02-20 16:03:46.465 D/K706RadioManager(17927): >>> FREQ: 102200 -> 102250 (MCU=10225, 102,25 MHz)
02-20 16:03:46.508 E/mcu_services( 5539): MCU2APP : [ff fe fd 12 01 b1 00 00 27 f6 23 aa 23 32 26 52 29 72 2a 26 22 56 ae ff ]
02-20 16:03:46.510 D/TunerPresenter(12107): handleTunerRawData: b1 0 0 27 f6 23 aa 23 32 26 52 29 72 2a 26 22 56 
02-20 16:03:46.511 D/K706RadioManager(17927): IMcuListener.onTransact: code=1 flags=16
02-20 16:03:46.513 D/TunerManagerForExt(12107): FMRadio main (TunerManagerForExt.java:147) onTunerPresetListChanged:  - mBand: 0 - mPresetIndex: 0 - mFrequency: 10230 - index: 0 - preset: 9130 - index: 1 - preset: 9010 - index: 2 - preset: 9810 - index: 3 - preset: 10610 - index: 4 - preset: 10790 - index: 5 - preset: 8790
02-20 16:03:46.513 D/K706RadioManager(17927): >>> IMcuListener.onMcuInfoChanged received! data=B1 00 00 27 F6 23 AA 23 32 26 52 29 72 2A 26 22 56 
02-20 16:03:46.515 D/K706RadioManager(17927): MCU[0xB1] len=17 : B1 00 00 27 F6 23 AA 23 32 26 52 29 72 2A 26 22 56 
02-20 16:03:46.515 D/K706RadioManager(17927): PresetList: band=0 presetIdx=0 currentFreq=10230 firstFreq=10230 (offset=3)
02-20 16:03:46.515 D/K706RadioManager(17927): PresetList: band reportada=0 (ignorada, mCurrentBand=0)
02-20 16:03:46.515 D/K706RadioManager(17927): >>> FREQ: 102250 -> 102300 (MCU=10230, 102,30 MHz)
02-20 16:03:46.558 E/mcu_services( 5539): MCU2APP : [ff fe fd 12 01 b1 00 00 27 fb 23 aa 23 32 26 52 29 72 2a 26 22 56 a3 ff ]
02-20 16:03:46.559 D/TunerPresenter(12107): handleTunerRawData: b1 0 0 27 fb 23 aa 23 32 26 52 29 72 2a 26 22 56 
02-20 16:03:46.560 D/K706RadioManager(17927): IMcuListener.onTransact: code=1 flags=16
02-20 16:03:46.562 D/TunerManagerForExt(12107): FMRadio main (TunerManagerForExt.java:147) onTunerPresetListChanged:  - mBand: 0 - mPresetIndex: 0 - mFrequency: 10235 - index: 0 - preset: 9130 - index: 1 - preset: 9010 - index: 2 - preset: 9810 - index: 3 - preset: 10610 - index: 4 - preset: 10790 - index: 5 - preset: 8790
02-20 16:03:46.562 D/K706RadioManager(17927): >>> IMcuListener.onMcuInfoChanged received! data=B1 00 00 27 FB 23 AA 23 32 26 52 29 72 2A 26 22 56 
02-20 16:03:46.563 D/K706RadioManager(17927): MCU[0xB1] len=17 : B1 00 00 27 FB 23 AA 23 32 26 52 29 72 2A 26 22 56 
02-20 16:03:46.563 D/K706RadioManager(17927): PresetList: band=0 presetIdx=0 currentFreq=10235 firstFreq=10235 (offset=3)
02-20 16:03:46.563 D/K706RadioManager(17927): PresetList: band reportada=0 (ignorada, mCurrentBand=0)
02-20 16:03:46.563 D/K706RadioManager(17927): >>> FREQ: 102300 -> 102350 (MCU=10235, 102,35 MHz)
02-20 16:03:46.607 E/mcu_services( 5539): MCU2APP : [ff fe fd 12 01 b1 00 00 28 00 23 aa 23 32 26 52 29 72 2a 26 22 56 57 ff ]
02-20 16:03:46.609 D/TunerPresenter(12107): handleTunerRawData: b1 0 0 28 0 23 aa 23 32 26 52 29 72 2a 26 22 56 
02-20 16:03:46.611 D/K706RadioManager(17927): IMcuListener.onTransact: code=1 flags=16
02-20 16:03:46.611 D/TunerManagerForExt(12107): FMRadio main (TunerManagerForExt.java:147) onTunerPresetListChanged:  - mBand: 0 - mPresetIndex: 0 - mFrequency: 10240 - index: 0 - preset: 9130 - index: 1 - preset: 9010 - index: 2 - preset: 9810 - index: 3 - preset: 10610 - index: 4 - preset: 10790 - index: 5 - preset: 8790
02-20 16:03:46.612 D/K706RadioManager(17927): >>> IMcuListener.onMcuInfoChanged received! data=B1 00 00 28 00 23 AA 23 32 26 52 29 72 2A 26 22 56 
02-20 16:03:46.614 D/K706RadioManager(17927): MCU[0xB1] len=17 : B1 00 00 28 00 23 AA 23 32 26 52 29 72 2A 26 22 56 
02-20 16:03:46.614 D/K706RadioManager(17927): PresetList: band=0 presetIdx=0 currentFreq=10240 firstFreq=10240 (offset=3)
02-20 16:03:46.614 D/K706RadioManager(17927): PresetList: band reportada=0 (ignorada, mCurrentBand=0)
02-20 16:03:46.614 D/K706RadioManager(17927): >>> FREQ: 102350 -> 102400 (MCU=10240, 102,40 MHz)
02-20 16:03:46.657 E/mcu_services( 5539): MCU2APP : [ff fe fd 12 01 b1 00 00 28 05 23 aa 23 32 26 52 29 72 2a 26 22 56 52 ff ]
02-20 16:03:46.659 D/TunerPresenter(12107): handleTunerRawData: b1 0 0 28 5 23 aa 23 32 26 52 29 72 2a 26 22 56 
02-20 16:03:46.661 D/K706RadioManager(17927): IMcuListener.onTransact: code=1 flags=16
02-20 16:03:46.661 D/TunerManagerForExt(12107): FMRadio main (TunerManagerForExt.java:147) onTunerPresetListChanged:  - mBand: 0 - mPresetIndex: 0 - mFrequency: 10245 - index: 0 - preset: 9130 - index: 1 - preset: 9010 - index: 2 - preset: 9810 - index: 3 - preset: 10610 - index: 4 - preset: 10790 - index: 5 - preset: 8790
02-20 16:03:46.662 D/K706RadioManager(17927): >>> IMcuListener.onMcuInfoChanged received! data=B1 00 00 28 05 23 AA 23 32 26 52 29 72 2A 26 22 56 
02-20 16:03:46.664 D/K706RadioManager(17927): MCU[0xB1] len=17 : B1 00 00 28 05 23 AA 23 32 26 52 29 72 2A 26 22 56 
02-20 16:03:46.664 D/K706RadioManager(17927): PresetList: band=0 presetIdx=0 currentFreq=10245 firstFreq=10245 (offset=3)
02-20 16:03:46.664 D/K706RadioManager(17927): PresetList: band reportada=0 (ignorada, mCurrentBand=0)
02-20 16:03:46.664 D/K706RadioManager(17927): >>> FREQ: 102400 -> 102450 (MCU=10245, 102,45 MHz)
02-20 16:03:46.707 E/mcu_services( 5539): MCU2APP : [ff fe fd 12 01 b1 00 00 28 0a 23 aa 23 32 26 52 29 72 2a 26 22 56 5d ff ]
02-20 16:03:46.709 D/TunerPresenter(12107): handleTunerRawData: b1 0 0 28 a 23 aa 23 32 26 52 29 72 2a 26 22 56 
02-20 16:03:46.710 D/K706RadioManager(17927): IMcuListener.onTransact: code=1 flags=16
02-20 16:03:46.712 D/TunerManagerForExt(12107): FMRadio main (TunerManagerForExt.java:147) onTunerPresetListChanged:  - mBand: 0 - mPresetIndex: 0 - mFrequency: 10250 - index: 0 - preset: 9130 - index: 1 - preset: 9010 - index: 2 - preset: 9810 - index: 3 - preset: 10610 - index: 4 - preset: 10790 - index: 5 - preset: 8790
02-20 16:03:46.712 D/K706RadioManager(17927): >>> IMcuListener.onMcuInfoChanged received! data=B1 00 00 28 0A 23 AA 23 32 26 52 29 72 2A 26 22 56 
02-20 16:03:46.713 D/K706RadioManager(17927): MCU[0xB1] len=17 : B1 00 00 28 0A 23 AA 23 32 26 52 29 72 2A 26 22 56 
02-20 16:03:46.713 D/K706RadioManager(17927): PresetList: band=0 presetIdx=0 currentFreq=10250 firstFreq=10250 (offset=3)
02-20 16:03:46.713 D/K706RadioManager(17927): PresetList: band reportada=0 (ignorada, mCurrentBand=0)
02-20 16:03:46.713 D/K706RadioManager(17927): >>> FREQ: 102450 -> 102500 (MCU=10250, 102,50 MHz)
02-20 16:03:46.756 E/mcu_services( 5539): MCU2APP : [ff fe fd 12 01 b1 00 00 28 0f 23 aa 23 32 26 52 29 72 2a 26 22 56 58 ff ]
02-20 16:03:46.758 D/TunerPresenter(12107): handleTunerRawData: b1 0 0 28 f 23 aa 23 32 26 52 29 72 2a 26 22 56 
02-20 16:03:46.759 D/K706RadioManager(17927): IMcuListener.onTransact: code=1 flags=16
02-20 16:03:46.760 D/K706RadioManager(17927): >>> IMcuListener.onMcuInfoChanged received! data=B1 00 00 28 0F 23 AA 23 32 26 52 29 72 2A 26 22 56 
02-20 16:03:46.761 D/TunerManagerForExt(12107): FMRadio main (TunerManagerForExt.java:147) onTunerPresetListChanged:  - mBand: 0 - mPresetIndex: 0 - mFrequency: 10255 - index: 0 - preset: 9130 - index: 1 - preset: 9010 - index: 2 - preset: 9810 - index: 3 - preset: 10610 - index: 4 - preset: 10790 - index: 5 - preset: 8790
02-20 16:03:46.761 D/K706RadioManager(17927): MCU[0xB1] len=17 : B1 00 00 28 0F 23 AA 23 32 26 52 29 72 2A 26 22 56 
02-20 16:03:46.761 D/K706RadioManager(17927): PresetList: band=0 presetIdx=0 currentFreq=10255 firstFreq=10255 (offset=3)
02-20 16:03:46.761 D/K706RadioManager(17927): PresetList: band reportada=0 (ignorada, mCurrentBand=0)
02-20 16:03:46.762 D/K706RadioManager(17927): >>> FREQ: 102500 -> 102550 (MCU=10255, 102,55 MHz)
02-20 16:03:46.806 E/mcu_services( 5539): MCU2APP : [ff fe fd 12 01 b1 00 00 28 14 23 aa 23 32 26 52 29 72 2a 26 22 56 43 ff ]
02-20 16:03:46.809 D/TunerPresenter(12107): handleTunerRawData: b1 0 0 28 14 23 aa 23 32 26 52 29 72 2a 26 22 56 
02-20 16:03:46.810 D/K706RadioManager(17927): IMcuListener.onTransact: code=1 flags=16
02-20 16:03:46.812 D/TunerManagerForExt(12107): FMRadio main (TunerManagerForExt.java:147) onTunerPresetListChanged:  - mBand: 0 - mPresetIndex: 0 - mFrequency: 10260 - index: 0 - preset: 9130 - index: 1 - preset: 9010 - index: 2 - preset: 9810 - index: 3 - preset: 10610 - index: 4 - preset: 10790 - index: 5 - preset: 8790
02-20 16:03:46.812 D/K706RadioManager(17927): >>> IMcuListener.onMcuInfoChanged received! data=B1 00 00 28 14 23 AA 23 32 26 52 29 72 2A 26 22 56 
02-20 16:03:46.813 D/K706RadioManager(17927): MCU[0xB1] len=17 : B1 00 00 28 14 23 AA 23 32 26 52 29 72 2A 26 22 56 
02-20 16:03:46.813 D/K706RadioManager(17927): PresetList: band=0 presetIdx=0 currentFreq=10260 firstFreq=10260 (offset=3)
02-20 16:03:46.814 D/K706RadioManager(17927): PresetList: band reportada=0 (ignorada, mCurrentBand=0)
02-20 16:03:46.814 D/K706RadioManager(17927): >>> FREQ: 102550 -> 102600 (MCU=10260, 102,60 MHz)
02-20 16:03:46.856 E/mcu_services( 5539): MCU2APP : [ff fe fd 12 01 b1 00 00 28 19 23 aa 23 32 26 52 29 72 2a 26 22 56 4e ff ]
02-20 16:03:46.858 D/TunerPresenter(12107): handleTunerRawData: b1 0 0 28 19 23 aa 23 32 26 52 29 72 2a 26 22 56 
02-20 16:03:46.860 D/K706RadioManager(17927): IMcuListener.onTransact: code=1 flags=16
02-20 16:03:46.862 D/K706RadioManager(17927): >>> IMcuListener.onMcuInfoChanged received! data=B1 00 00 28 19 23 AA 23 32 26 52 29 72 2A 26 22 56 
02-20 16:03:46.863 D/K706RadioManager(17927): MCU[0xB1] len=17 : B1 00 00 28 19 23 AA 23 32 26 52 29 72 2A 26 22 56 
02-20 16:03:46.863 D/TunerManagerForExt(12107): FMRadio main (TunerManagerForExt.java:147) onTunerPresetListChanged:  - mBand: 0 - mPresetIndex: 0 - mFrequency: 10265 - index: 0 - preset: 9130 - index: 1 - preset: 9010 - index: 2 - preset: 9810 - index: 3 - preset: 10610 - index: 4 - preset: 10790 - index: 5 - preset: 8790
02-20 16:03:46.863 D/K706RadioManager(17927): PresetList: band=0 presetIdx=0 currentFreq=10265 firstFreq=10265 (offset=3)
02-20 16:03:46.863 D/K706RadioManager(17927): PresetList: band reportada=0 (ignorada, mCurrentBand=0)
02-20 16:03:46.863 D/K706RadioManager(17927): >>> FREQ: 102600 -> 102650 (MCU=10265, 102,65 MHz)
02-20 16:03:46.906 E/mcu_services( 5539): MCU2APP : [ff fe fd 12 01 b1 00 00 28 1e 23 aa 23 32 26 52 29 72 2a 26 22 56 49 ff ]
02-20 16:03:46.907 D/TunerPresenter(12107): handleTunerRawData: b1 0 0 28 1e 23 aa 23 32 26 52 29 72 2a 26 22 56 
02-20 16:03:46.908 D/K706RadioManager(17927): IMcuListener.onTransact: code=1 flags=16
02-20 16:03:46.910 D/K706RadioManager(17927): >>> IMcuListener.onMcuInfoChanged received! data=B1 00 00 28 1E 23 AA 23 32 26 52 29 72 2A 26 22 56 
02-20 16:03:46.911 D/K706RadioManager(17927): MCU[0xB1] len=17 : B1 00 00 28 1E 23 AA 23 32 26 52 29 72 2A 26 22 56 
02-20 16:03:46.911 D/K706RadioManager(17927): PresetList: band=0 presetIdx=0 currentFreq=10270 firstFreq=10270 (offset=3)
02-20 16:03:46.912 D/K706RadioManager(17927): PresetList: band reportada=0 (ignorada, mCurrentBand=0)
02-20 16:03:46.912 D/K706RadioManager(17927): >>> FREQ: 102650 -> 102700 (MCU=10270, 102,70 MHz)
02-20 16:03:46.912 D/TunerManagerForExt(12107): FMRadio main (TunerManagerForExt.java:147) onTunerPresetListChanged:  - mBand: 0 - mPresetIndex: 0 - mFrequency: 10270 - index: 0 - preset: 9130 - index: 1 - preset: 9010 - index: 2 - preset: 9810 - index: 3 - preset: 10610 - index: 4 - preset: 10790 - index: 5 - preset: 8790
02-20 16:03:46.955 E/mcu_services( 5539): MCU2APP : [ff fe fd 12 01 b1 00 00 28 23 23 aa 23 32 26 52 29 72 2a 26 22 56 74 ff ]
02-20 16:03:46.956 D/TunerPresenter(12107): handleTunerRawData: b1 0 0 28 23 23 aa 23 32 26 52 29 72 2a 26 22 56 
02-20 16:03:46.957 D/K706RadioManager(17927): IMcuListener.onTransact: code=1 flags=16
02-20 16:03:46.959 D/K706RadioManager(17927): >>> IMcuListener.onMcuInfoChanged received! data=B1 00 00 28 23 23 AA 23 32 26 52 29 72 2A 26 22 56 
02-20 16:03:46.959 D/TunerManagerForExt(12107): FMRadio main (TunerManagerForExt.java:147) onTunerPresetListChanged:  - mBand: 0 - mPresetIndex: 0 - mFrequency: 10275 - index: 0 - preset: 9130 - index: 1 - preset: 9010 - index: 2 - preset: 9810 - index: 3 - preset: 10610 - index: 4 - preset: 10790 - index: 5 - preset: 8790
02-20 16:03:46.960 D/K706RadioManager(17927): MCU[0xB1] len=17 : B1 00 00 28 23 23 AA 23 32 26 52 29 72 2A 26 22 56 
02-20 16:03:46.961 D/K706RadioManager(17927): PresetList: band=0 presetIdx=0 currentFreq=10275 firstFreq=10275 (offset=3)
02-20 16:03:46.961 D/K706RadioManager(17927): PresetList: band reportada=0 (ignorada, mCurrentBand=0)
02-20 16:03:46.962 D/K706RadioManager(17927): >>> FREQ: 102700 -> 102750 (MCU=10275, 102,75 MHz)
02-20 16:03:47.005 E/mcu_services( 5539): MCU2APP : [ff fe fd 12 01 b1 00 00 28 28 23 aa 23 32 26 52 29 72 2a 26 22 56 7f ff ]
02-20 16:03:47.007 D/TunerPresenter(12107): handleTunerRawData: b1 0 0 28 28 23 aa 23 32 26 52 29 72 2a 26 22 56 
02-20 16:03:47.008 D/K706RadioManager(17927): IMcuListener.onTransact: code=1 flags=16
02-20 16:03:47.009 D/TunerManagerForExt(12107): FMRadio main (TunerManagerForExt.java:147) onTunerPresetListChanged:  - mBand: 0 - mPresetIndex: 0 - mFrequency: 10280 - index: 0 - preset: 9130 - index: 1 - preset: 9010 - index: 2 - preset: 9810 - index: 3 - preset: 10610 - index: 4 - preset: 10790 - index: 5 - preset: 8790
02-20 16:03:47.009 D/K706RadioManager(17927): >>> IMcuListener.onMcuInfoChanged received! data=B1 00 00 28 28 23 AA 23 32 26 52 29 72 2A 26 22 56 
02-20 16:03:47.011 D/K706RadioManager(17927): MCU[0xB1] len=17 : B1 00 00 28 28 23 AA 23 32 26 52 29 72 2A 26 22 56 
02-20 16:03:47.011 D/K706RadioManager(17927): PresetList: band=0 presetIdx=0 currentFreq=10280 firstFreq=10280 (offset=3)
02-20 16:03:47.011 D/K706RadioManager(17927): PresetList: band reportada=0 (ignorada, mCurrentBand=0)
02-20 16:03:47.011 D/K706RadioManager(17927): >>> FREQ: 102750 -> 102800 (MCU=10280, 102,80 MHz)
02-20 16:03:47.055 E/mcu_services( 5539): MCU2APP : [ff fe fd 12 01 b1 00 00 28 2d 23 aa 23 32 26 52 29 72 2a 26 22 56 7a ff ]
02-20 16:03:47.056 D/TunerPresenter(12107): handleTunerRawData: b1 0 0 28 2d 23 aa 23 32 26 52 29 72 2a 26 22 56 
02-20 16:03:47.057 D/K706RadioManager(17927): IMcuListener.onTransact: code=1 flags=16
02-20 16:03:47.058 D/K706RadioManager(17927): >>> IMcuListener.onMcuInfoChanged received! data=B1 00 00 28 2D 23 AA 23 32 26 52 29 72 2A 26 22 56 
02-20 16:03:47.058 D/TunerManagerForExt(12107): FMRadio main (TunerManagerForExt.java:147) onTunerPresetListChanged:  - mBand: 0 - mPresetIndex: 0 - mFrequency: 10285 - index: 0 - preset: 9130 - index: 1 - preset: 9010 - index: 2 - preset: 9810 - index: 3 - preset: 10610 - index: 4 - preset: 10790 - index: 5 - preset: 8790
02-20 16:03:47.059 D/K706RadioManager(17927): MCU[0xB1] len=17 : B1 00 00 28 2D 23 AA 23 32 26 52 29 72 2A 26 22 56 
02-20 16:03:47.059 D/K706RadioManager(17927): PresetList: band=0 presetIdx=0 currentFreq=10285 firstFreq=10285 (offset=3)
02-20 16:03:47.059 D/K706RadioManager(17927): PresetList: band reportada=0 (ignorada, mCurrentBand=0)
02-20 16:03:47.060 D/K706RadioManager(17927): >>> FREQ: 102800 -> 102850 (MCU=10285, 102,85 MHz)
02-20 16:03:47.082 E/mcu_services( 5539): MCU2APP : [ff fe fd 03 01 29 6d 45 ff ]
02-20 16:03:47.084 D/K706RadioManager(17927): IMcuListener.onTransact: code=1 flags=16
02-20 16:03:47.085 D/K706RadioManager(17927): >>> IMcuListener.onMcuInfoChanged received! data=29 6D 
02-20 16:03:47.085 D/K706RadioManager(17927): MCU[0x29] len=2 : 29 6D 
02-20 16:03:47.086 D/K706RadioManager(17927): Unknown MCU packet type: 0x29
02-20 16:03:47.104 E/mcu_services( 5539): MCU2APP : [ff fe fd 12 01 b1 00 00 28 32 23 aa 23 32 26 52 29 72 2a 26 22 56 65 ff ]
02-20 16:03:47.106 D/TunerPresenter(12107): handleTunerRawData: b1 0 0 28 32 23 aa 23 32 26 52 29 72 2a 26 22 56 
02-20 16:03:47.108 D/K706RadioManager(17927): IMcuListener.onTransact: code=1 flags=16
02-20 16:03:47.109 D/TunerManagerForExt(12107): FMRadio main (TunerManagerForExt.java:147) onTunerPresetListChanged:  - mBand: 0 - mPresetIndex: 0 - mFrequency: 10290 - index: 0 - preset: 9130 - index: 1 - preset: 9010 - index: 2 - preset: 9810 - index: 3 - preset: 10610 - index: 4 - preset: 10790 - index: 5 - preset: 8790
02-20 16:03:47.110 D/K706RadioManager(17927): >>> IMcuListener.onMcuInfoChanged received! data=B1 00 00 28 32 23 AA 23 32 26 52 29 72 2A 26 22 56 
02-20 16:03:47.111 D/K706RadioManager(17927): MCU[0xB1] len=17 : B1 00 00 28 32 23 AA 23 32 26 52 29 72 2A 26 22 56 
02-20 16:03:47.111 D/K706RadioManager(17927): PresetList: band=0 presetIdx=0 currentFreq=10290 firstFreq=10290 (offset=3)
02-20 16:03:47.111 D/K706RadioManager(17927): PresetList: band reportada=0 (ignorada, mCurrentBand=0)
02-20 16:03:47.111 D/K706RadioManager(17927): >>> FREQ: 102850 -> 102900 (MCU=10290, 102,90 MHz)
02-20 16:03:47.154 E/mcu_services( 5539): MCU2APP : [ff fe fd 12 01 b1 00 00 28 37 23 aa 23 32 26 52 29 72 2a 26 22 56 60 ff ]
02-20 16:03:47.155 D/TunerPresenter(12107): handleTunerRawData: b1 0 0 28 37 23 aa 23 32 26 52 29 72 2a 26 22 56 
02-20 16:03:47.156 D/K706RadioManager(17927): IMcuListener.onTransact: code=1 flags=16
02-20 16:03:47.157 D/TunerManagerForExt(12107): FMRadio main (TunerManagerForExt.java:147) onTunerPresetListChanged:  - mBand: 0 - mPresetIndex: 0 - mFrequency: 10295 - index: 0 - preset: 9130 - index: 1 - preset: 9010 - index: 2 - preset: 9810 - index: 3 - preset: 10610 - index: 4 - preset: 10790 - index: 5 - preset: 8790
02-20 16:03:47.157 D/K706RadioManager(17927): >>> IMcuListener.onMcuInfoChanged received! data=B1 00 00 28 37 23 AA 23 32 26 52 29 72 2A 26 22 56 
02-20 16:03:47.158 D/K706RadioManager(17927): MCU[0xB1] len=17 : B1 00 00 28 37 23 AA 23 32 26 52 29 72 2A 26 22 56 
02-20 16:03:47.159 D/K706RadioManager(17927): PresetList: band=0 presetIdx=0 currentFreq=10295 firstFreq=10295 (offset=3)
02-20 16:03:47.159 D/K706RadioManager(17927): PresetList: band reportada=0 (ignorada, mCurrentBand=0)
02-20 16:03:47.159 D/K706RadioManager(17927): >>> FREQ: 102900 -> 102950 (MCU=10295, 102,95 MHz)
02-20 16:03:47.204 E/mcu_services( 5539): MCU2APP : [ff fe fd 12 01 b1 00 00 28 3c 23 aa 23 32 26 52 29 72 2a 26 22 56 6b ff ]
02-20 16:03:47.205 D/TunerPresenter(12107): handleTunerRawData: b1 0 0 28 3c 23 aa 23 32 26 52 29 72 2a 26 22 56 
02-20 16:03:47.207 D/K706RadioManager(17927): IMcuListener.onTransact: code=1 flags=16
02-20 16:03:47.208 D/TunerManagerForExt(12107): FMRadio main (TunerManagerForExt.java:147) onTunerPresetListChanged:  - mBand: 0 - mPresetIndex: 0 - mFrequency: 10300 - index: 0 - preset: 9130 - index: 1 - preset: 9010 - index: 2 - preset: 9810 - index: 3 - preset: 10610 - index: 4 - preset: 10790 - index: 5 - preset: 8790
02-20 16:03:47.208 D/K706RadioManager(17927): >>> IMcuListener.onMcuInfoChanged received! data=B1 00 00 28 3C 23 AA 23 32 26 52 29 72 2A 26 22 56 
02-20 16:03:47.210 D/K706RadioManager(17927): MCU[0xB1] len=17 : B1 00 00 28 3C 23 AA 23 32 26 52 29 72 2A 26 22 56 
02-20 16:03:47.210 D/K706RadioManager(17927): PresetList: band=0 presetIdx=0 currentFreq=10300 firstFreq=10300 (offset=3)
02-20 16:03:47.210 D/K706RadioManager(17927): PresetList: band reportada=0 (ignorada, mCurrentBand=0)
02-20 16:03:47.210 D/K706RadioManager(17927): >>> FREQ: 102950 -> 103000 (MCU=10300, 103,00 MHz)
02-20 16:03:47.254 E/mcu_services( 5539): MCU2APP : [ff fe fd 12 01 b1 00 00 28 41 23 aa 23 32 26 52 29 72 2a 26 22 56 16 ff ]
02-20 16:03:47.257 D/TunerPresenter(12107): handleTunerRawData: b1 0 0 28 41 23 aa 23 32 26 52 29 72 2a 26 22 56 
02-20 16:03:47.259 D/K706RadioManager(17927): IMcuListener.onTransact: code=1 flags=16
02-20 16:03:47.260 D/TunerManagerForExt(12107): FMRadio main (TunerManagerForExt.java:147) onTunerPresetListChanged:  - mBand: 0 - mPresetIndex: 0 - mFrequency: 10305 - index: 0 - preset: 9130 - index: 1 - preset: 9010 - index: 2 - preset: 9810 - index: 3 - preset: 10610 - index: 4 - preset: 10790 - index: 5 - preset: 8790
02-20 16:03:47.261 D/K706RadioManager(17927): >>> IMcuListener.onMcuInfoChanged received! data=B1 00 00 28 41 23 AA 23 32 26 52 29 72 2A 26 22 56 
02-20 16:03:47.262 D/K706RadioManager(17927): MCU[0xB1] len=17 : B1 00 00 28 41 23 AA 23 32 26 52 29 72 2A 26 22 56 
02-20 16:03:47.262 D/K706RadioManager(17927): PresetList: band=0 presetIdx=0 currentFreq=10305 firstFreq=10305 (offset=3)
02-20 16:03:47.262 D/K706RadioManager(17927): PresetList: band reportada=0 (ignorada, mCurrentBand=0)
02-20 16:03:47.263 D/K706RadioManager(17927): >>> FREQ: 103000 -> 103050 (MCU=10305, 103,05 MHz)
02-20 16:03:47.303 E/mcu_services( 5539): MCU2APP : [ff fe fd 12 01 b1 00 00 28 46 23 aa 23 32 26 52 29 72 2a 26 22 56 11 ff ]
02-20 16:03:47.305 D/TunerPresenter(12107): handleTunerRawData: b1 0 0 28 46 23 aa 23 32 26 52 29 72 2a 26 22 56 
02-20 16:03:47.307 D/K706RadioManager(17927): IMcuListener.onTransact: code=1 flags=16
02-20 16:03:47.309 D/TunerManagerForExt(12107): FMRadio main (TunerManagerForExt.java:147) onTunerPresetListChanged:  - mBand: 0 - mPresetIndex: 0 - mFrequency: 10310 - index: 0 - preset: 9130 - index: 1 - preset: 9010 - index: 2 - preset: 9810 - index: 3 - preset: 10610 - index: 4 - preset: 10790 - index: 5 - preset: 8790
02-20 16:03:47.309 D/K706RadioManager(17927): >>> IMcuListener.onMcuInfoChanged received! data=B1 00 00 28 46 23 AA 23 32 26 52 29 72 2A 26 22 56 
02-20 16:03:47.310 D/K706RadioManager(17927): MCU[0xB1] len=17 : B1 00 00 28 46 23 AA 23 32 26 52 29 72 2A 26 22 56 
02-20 16:03:47.310 D/K706RadioManager(17927): PresetList: band=0 presetIdx=0 currentFreq=10310 firstFreq=10310 (offset=3)
02-20 16:03:47.310 D/K706RadioManager(17927): PresetList: band reportada=0 (ignorada, mCurrentBand=0)
02-20 16:03:47.310 D/K706RadioManager(17927): >>> FREQ: 103050 -> 103100 (MCU=10310, 103,10 MHz)
02-20 16:03:47.353 E/mcu_services( 5539): MCU2APP : [ff fe fd 12 01 b1 00 00 28 4b 23 aa 23 32 26 52 29 72 2a 26 22 56 1c ff ]
02-20 16:03:47.355 D/TunerPresenter(12107): handleTunerRawData: b1 0 0 28 4b 23 aa 23 32 26 52 29 72 2a 26 22 56 
02-20 16:03:47.357 D/K706RadioManager(17927): IMcuListener.onTransact: code=1 flags=16
02-20 16:03:47.358 D/TunerManagerForExt(12107): FMRadio main (TunerManagerForExt.java:147) onTunerPresetListChanged:  - mBand: 0 - mPresetIndex: 0 - mFrequency: 10315 - index: 0 - preset: 9130 - index: 1 - preset: 9010 - index: 2 - preset: 9810 - index: 3 - preset: 10610 - index: 4 - preset: 10790 - index: 5 - preset: 8790
02-20 16:03:47.358 D/K706RadioManager(17927): >>> IMcuListener.onMcuInfoChanged received! data=B1 00 00 28 4B 23 AA 23 32 26 52 29 72 2A 26 22 56 
02-20 16:03:47.360 D/K706RadioManager(17927): MCU[0xB1] len=17 : B1 00 00 28 4B 23 AA 23 32 26 52 29 72 2A 26 22 56 
02-20 16:03:47.360 D/K706RadioManager(17927): PresetList: band=0 presetIdx=0 currentFreq=10315 firstFreq=10315 (offset=3)
02-20 16:03:47.360 D/K706RadioManager(17927): PresetList: band reportada=0 (ignorada, mCurrentBand=0)
02-20 16:03:47.360 D/K706RadioManager(17927): >>> FREQ: 103100 -> 103150 (MCU=10315, 103,15 MHz)
02-20 16:03:47.403 E/mcu_services( 5539): MCU2APP : [ff fe fd 12 01 b1 00 00 28 50 23 aa 23 32 26 52 29 72 2a 26 22 56 07 ff ]
02-20 16:03:47.404 D/TunerPresenter(12107): handleTunerRawData: b1 0 0 28 50 23 aa 23 32 26 52 29 72 2a 26 22 56 
02-20 16:03:47.406 D/K706RadioManager(17927): IMcuListener.onTransact: code=1 flags=16
02-20 16:03:47.408 D/K706RadioManager(17927): >>> IMcuListener.onMcuInfoChanged received! data=B1 00 00 28 50 23 AA 23 32 26 52 29 72 2A 26 22 56 
02-20 16:03:47.408 D/TunerManagerForExt(12107): FMRadio main (TunerManagerForExt.java:147) onTunerPresetListChanged:  - mBand: 0 - mPresetIndex: 0 - mFrequency: 10320 - index: 0 - preset: 9130 - index: 1 - preset: 9010 - index: 2 - preset: 9810 - index: 3 - preset: 10610 - index: 4 - preset: 10790 - index: 5 - preset: 8790
02-20 16:03:47.409 D/K706RadioManager(17927): MCU[0xB1] len=17 : B1 00 00 28 50 23 AA 23 32 26 52 29 72 2A 26 22 56 
02-20 16:03:47.409 D/K706RadioManager(17927): PresetList: band=0 presetIdx=0 currentFreq=10320 firstFreq=10320 (offset=3)
02-20 16:03:47.409 D/K706RadioManager(17927): PresetList: band reportada=0 (ignorada, mCurrentBand=0)
02-20 16:03:47.409 D/K706RadioManager(17927): >>> FREQ: 103150 -> 103200 (MCU=10320, 103,20 MHz)
02-20 16:03:47.452 E/mcu_services( 5539): MCU2APP : [ff fe fd 12 01 b1 00 00 28 55 23 aa 23 32 26 52 29 72 2a 26 22 56 02 ff ]
02-20 16:03:47.453 D/TunerPresenter(12107): handleTunerRawData: b1 0 0 28 55 23 aa 23 32 26 52 29 72 2a 26 22 56 
02-20 16:03:47.455 D/K706RadioManager(17927): IMcuListener.onTransact: code=1 flags=16
02-20 16:03:47.456 D/TunerManagerForExt(12107): FMRadio main (TunerManagerForExt.java:147) onTunerPresetListChanged:  - mBand: 0 - mPresetIndex: 0 - mFrequency: 10325 - index: 0 - preset: 9130 - index: 1 - preset: 9010 - index: 2 - preset: 9810 - index: 3 - preset: 10610 - index: 4 - preset: 10790 - index: 5 - preset: 8790
02-20 16:03:47.456 D/K706RadioManager(17927): >>> IMcuListener.onMcuInfoChanged received! data=B1 00 00 28 55 23 AA 23 32 26 52 29 72 2A 26 22 56 
02-20 16:03:47.457 D/K706RadioManager(17927): MCU[0xB1] len=17 : B1 00 00 28 55 23 AA 23 32 26 52 29 72 2A 26 22 56 
02-20 16:03:47.457 D/K706RadioManager(17927): PresetList: band=0 presetIdx=0 currentFreq=10325 firstFreq=10325 (offset=3)
02-20 16:03:47.457 D/K706RadioManager(17927): PresetList: band reportada=0 (ignorada, mCurrentBand=0)
02-20 16:03:47.457 D/K706RadioManager(17927): >>> FREQ: 103200 -> 103250 (MCU=10325, 103,25 MHz)
02-20 16:03:47.502 E/mcu_services( 5539): MCU2APP : [ff fe fd 12 01 b1 00 00 28 5a 23 aa 23 32 26 52 29 72 2a 26 22 56 0d ff ]
02-20 16:03:47.504 D/TunerPresenter(12107): handleTunerRawData: b1 0 0 28 5a 23 aa 23 32 26 52 29 72 2a 26 22 56 
02-20 16:03:47.506 D/K706RadioManager(17927): IMcuListener.onTransact: code=1 flags=16
02-20 16:03:47.508 D/TunerManagerForExt(12107): FMRadio main (TunerManagerForExt.java:147) onTunerPresetListChanged:  - mBand: 0 - mPresetIndex: 0 - mFrequency: 10330 - index: 0 - preset: 9130 - index: 1 - preset: 9010 - index: 2 - preset: 9810 - index: 3 - preset: 10610 - index: 4 - preset: 10790 - index: 5 - preset: 8790
02-20 16:03:47.508 D/K706RadioManager(17927): >>> IMcuListener.onMcuInfoChanged received! data=B1 00 00 28 5A 23 AA 23 32 26 52 29 72 2A 26 22 56 
02-20 16:03:47.509 D/K706RadioManager(17927): MCU[0xB1] len=17 : B1 00 00 28 5A 23 AA 23 32 26 52 29 72 2A 26 22 56 
02-20 16:03:47.509 D/K706RadioManager(17927): PresetList: band=0 presetIdx=0 currentFreq=10330 firstFreq=10330 (offset=3)
02-20 16:03:47.509 D/K706RadioManager(17927): PresetList: band reportada=0 (ignorada, mCurrentBand=0)
02-20 16:03:47.510 D/K706RadioManager(17927): >>> FREQ: 103250 -> 103300 (MCU=10330, 103,30 MHz)
02-20 16:03:47.552 E/mcu_services( 5539): MCU2APP : [ff fe fd 12 01 b1 00 00 28 5f 23 aa 23 32 26 52 29 72 2a 26 22 56 08 ff ]
02-20 16:03:47.554 D/TunerPresenter(12107): handleTunerRawData: b1 0 0 28 5f 23 aa 23 32 26 52 29 72 2a 26 22 56 
02-20 16:03:47.555 D/K706RadioManager(17927): IMcuListener.onTransact: code=1 flags=16
02-20 16:03:47.556 D/TunerManagerForExt(12107): FMRadio main (TunerManagerForExt.java:147) onTunerPresetListChanged:  - mBand: 0 - mPresetIndex: 0 - mFrequency: 10335 - index: 0 - preset: 9130 - index: 1 - preset: 9010 - index: 2 - preset: 9810 - index: 3 - preset: 10610 - index: 4 - preset: 10790 - index: 5 - preset: 8790
02-20 16:03:47.556 D/K706RadioManager(17927): >>> IMcuListener.onMcuInfoChanged received! data=B1 00 00 28 5F 23 AA 23 32 26 52 29 72 2A 26 22 56 
02-20 16:03:47.557 D/K706RadioManager(17927): MCU[0xB1] len=17 : B1 00 00 28 5F 23 AA 23 32 26 52 29 72 2A 26 22 56 
02-20 16:03:47.558 D/K706RadioManager(17927): PresetList: band=0 presetIdx=0 currentFreq=10335 firstFreq=10335 (offset=3)
02-20 16:03:47.558 D/K706RadioManager(17927): PresetList: band reportada=0 (ignorada, mCurrentBand=0)
02-20 16:03:47.558 D/K706RadioManager(17927): >>> FREQ: 103300 -> 103350 (MCU=10335, 103,35 MHz)
02-20 16:03:47.602 E/mcu_services( 5539): MCU2APP : [ff fe fd 12 01 b1 00 00 28 64 23 aa 23 32 26 52 29 72 2a 26 22 56 33 ff ]
02-20 16:03:47.604 D/TunerPresenter(12107): handleTunerRawData: b1 0 0 28 64 23 aa 23 32 26 52 29 72 2a 26 22 56 
02-20 16:03:47.607 D/K706RadioManager(17927): IMcuListener.onTransact: code=1 flags=16
02-20 16:03:47.607 D/TunerManagerForExt(12107): FMRadio main (TunerManagerForExt.java:147) onTunerPresetListChanged:  - mBand: 0 - mPresetIndex: 0 - mFrequency: 10340 - index: 0 - preset: 9130 - index: 1 - preset: 9010 - index: 2 - preset: 9810 - index: 3 - preset: 10610 - index: 4 - preset: 10790 - index: 5 - preset: 8790
02-20 16:03:47.608 D/K706RadioManager(17927): >>> IMcuListener.onMcuInfoChanged received! data=B1 00 00 28 64 23 AA 23 32 26 52 29 72 2A 26 22 56 
02-20 16:03:47.609 D/K706RadioManager(17927): MCU[0xB1] len=17 : B1 00 00 28 64 23 AA 23 32 26 52 29 72 2A 26 22 56 
02-20 16:03:47.609 D/K706RadioManager(17927): PresetList: band=0 presetIdx=0 currentFreq=10340 firstFreq=10340 (offset=3)
02-20 16:03:47.609 D/K706RadioManager(17927): PresetList: band reportada=0 (ignorada, mCurrentBand=0)
02-20 16:03:47.610 D/K706RadioManager(17927): >>> FREQ: 103350 -> 103400 (MCU=10340, 103,40 MHz)
02-20 16:03:47.651 E/mcu_services( 5539): MCU2APP : [ff fe fd 12 01 b1 00 00 28 69 23 aa 23 32 26 52 29 72 2a 26 22 56 3e ff ]
02-20 16:03:47.653 D/TunerPresenter(12107): handleTunerRawData: b1 0 0 28 69 23 aa 23 32 26 52 29 72 2a 26 22 56 
02-20 16:03:47.654 D/K706RadioManager(17927): IMcuListener.onTransact: code=1 flags=16
02-20 16:03:47.656 D/K706RadioManager(17927): >>> IMcuListener.onMcuInfoChanged received! data=B1 00 00 28 69 23 AA 23 32 26 52 29 72 2A 26 22 56 
02-20 16:03:47.656 D/TunerManagerForExt(12107): FMRadio main (TunerManagerForExt.java:147) onTunerPresetListChanged:  - mBand: 0 - mPresetIndex: 0 - mFrequency: 10345 - index: 0 - preset: 9130 - index: 1 - preset: 9010 - index: 2 - preset: 9810 - index: 3 - preset: 10610 - index: 4 - preset: 10790 - index: 5 - preset: 8790
02-20 16:03:47.657 D/K706RadioManager(17927): MCU[0xB1] len=17 : B1 00 00 28 69 23 AA 23 32 26 52 29 72 2A 26 22 56 
02-20 16:03:47.657 D/K706RadioManager(17927): PresetList: band=0 presetIdx=0 currentFreq=10345 firstFreq=10345 (offset=3)
02-20 16:03:47.657 D/K706RadioManager(17927): PresetList: band reportada=0 (ignorada, mCurrentBand=0)
02-20 16:03:47.657 D/K706RadioManager(17927): >>> FREQ: 103400 -> 103450 (MCU=10345, 103,45 MHz)
02-20 16:03:47.701 E/mcu_services( 5539): MCU2APP : [ff fe fd 12 01 b1 00 00 28 6e 23 aa 23 32 26 52 29 72 2a 26 22 56 39 ff ]
02-20 16:03:47.703 D/TunerPresenter(12107): handleTunerRawData: b1 0 0 28 6e 23 aa 23 32 26 52 29 72 2a 26 22 56 
02-20 16:03:47.704 D/K706RadioManager(17927): IMcuListener.onTransact: code=1 flags=16
02-20 16:03:47.706 D/K706RadioManager(17927): >>> IMcuListener.onMcuInfoChanged received! data=B1 00 00 28 6E 23 AA 23 32 26 52 29 72 2A 26 22 56 
02-20 16:03:47.706 D/TunerManagerForExt(12107): FMRadio main (TunerManagerForExt.java:147) onTunerPresetListChanged:  - mBand: 0 - mPresetIndex: 0 - mFrequency: 10350 - index: 0 - preset: 9130 - index: 1 - preset: 9010 - index: 2 - preset: 9810 - index: 3 - preset: 10610 - index: 4 - preset: 10790 - index: 5 - preset: 8790
02-20 16:03:47.707 D/K706RadioManager(17927): MCU[0xB1] len=17 : B1 00 00 28 6E 23 AA 23 32 26 52 29 72 2A 26 22 56 
02-20 16:03:47.707 D/K706RadioManager(17927): PresetList: band=0 presetIdx=0 currentFreq=10350 firstFreq=10350 (offset=3)
02-20 16:03:47.707 D/K706RadioManager(17927): PresetList: band reportada=0 (ignorada, mCurrentBand=0)
02-20 16:03:47.707 D/K706RadioManager(17927): >>> FREQ: 103450 -> 103500 (MCU=10350, 103,50 MHz)
02-20 16:03:47.751 E/mcu_services( 5539): MCU2APP : [ff fe fd 12 01 b1 00 00 28 73 23 aa 23 32 26 52 29 72 2a 26 22 56 24 ff ]
02-20 16:03:47.753 D/TunerPresenter(12107): handleTunerRawData: b1 0 0 28 73 23 aa 23 32 26 52 29 72 2a 26 22 56 
02-20 16:03:47.754 D/K706RadioManager(17927): IMcuListener.onTransact: code=1 flags=16
02-20 16:03:47.755 D/K706RadioManager(17927): >>> IMcuListener.onMcuInfoChanged received! data=B1 00 00 28 73 23 AA 23 32 26 52 29 72 2A 26 22 56 
02-20 16:03:47.756 D/TunerManagerForExt(12107): FMRadio main (TunerManagerForExt.java:147) onTunerPresetListChanged:  - mBand: 0 - mPresetIndex: 0 - mFrequency: 10355 - index: 0 - preset: 9130 - index: 1 - preset: 9010 - index: 2 - preset: 9810 - index: 3 - preset: 10610 - index: 4 - preset: 10790 - index: 5 - preset: 8790
02-20 16:03:47.756 D/K706RadioManager(17927): MCU[0xB1] len=17 : B1 00 00 28 73 23 AA 23 32 26 52 29 72 2A 26 22 56 
02-20 16:03:47.757 D/K706RadioManager(17927): PresetList: band=0 presetIdx=0 currentFreq=10355 firstFreq=10355 (offset=3)
02-20 16:03:47.757 D/K706RadioManager(17927): PresetList: band reportada=0 (ignorada, mCurrentBand=0)
02-20 16:03:47.757 D/K706RadioManager(17927): >>> FREQ: 103500 -> 103550 (MCU=10355, 103,55 MHz)
02-20 16:03:47.800 E/mcu_services( 5539): MCU2APP : [ff fe fd 12 01 b1 00 00 28 78 23 aa 23 32 26 52 29 72 2a 26 22 56 2f ff ]
02-20 16:03:47.802 D/TunerPresenter(12107): handleTunerRawData: b1 0 0 28 78 23 aa 23 32 26 52 29 72 2a 26 22 56 
02-20 16:03:47.803 D/K706RadioManager(17927): IMcuListener.onTransact: code=1 flags=16
02-20 16:03:47.805 D/K706RadioManager(17927): >>> IMcuListener.onMcuInfoChanged received! data=B1 00 00 28 78 23 AA 23 32 26 52 29 72 2A 26 22 56 
02-20 16:03:47.806 D/K706RadioManager(17927): MCU[0xB1] len=17 : B1 00 00 28 78 23 AA 23 32 26 52 29 72 2A 26 22 56 
02-20 16:03:47.806 D/K706RadioManager(17927): PresetList: band=0 presetIdx=0 currentFreq=10360 firstFreq=10360 (offset=3)
02-20 16:03:47.806 D/K706RadioManager(17927): PresetList: band reportada=0 (ignorada, mCurrentBand=0)
02-20 16:03:47.806 D/TunerManagerForExt(12107): FMRadio main (TunerManagerForExt.java:147) onTunerPresetListChanged:  - mBand: 0 - mPresetIndex: 0 - mFrequency: 10360 - index: 0 - preset: 9130 - index: 1 - preset: 9010 - index: 2 - preset: 9810 - index: 3 - preset: 10610 - index: 4 - preset: 10790 - index: 5 - preset: 8790
02-20 16:03:47.807 D/K706RadioManager(17927): >>> FREQ: 103550 -> 103600 (MCU=10360, 103,60 MHz)
02-20 16:03:47.850 E/mcu_services( 5539): MCU2APP : [ff fe fd 12 01 b1 00 00 28 7d 23 aa 23 32 26 52 29 72 2a 26 22 56 2a ff ]
02-20 16:03:47.852 D/TunerPresenter(12107): handleTunerRawData: b1 0 0 28 7d 23 aa 23 32 26 52 29 72 2a 26 22 56 
02-20 16:03:47.854 D/K706RadioManager(17927): IMcuListener.onTransact: code=1 flags=16
02-20 16:03:47.855 D/TunerManagerForExt(12107): FMRadio main (TunerManagerForExt.java:147) onTunerPresetListChanged:  - mBand: 0 - mPresetIndex: 0 - mFrequency: 10365 - index: 0 - preset: 9130 - index: 1 - preset: 9010 - index: 2 - preset: 9810 - index: 3 - preset: 10610 - index: 4 - preset: 10790 - index: 5 - preset: 8790
02-20 16:03:47.855 D/K706RadioManager(17927): >>> IMcuListener.onMcuInfoChanged received! data=B1 00 00 28 7D 23 AA 23 32 26 52 29 72 2A 26 22 56 
02-20 16:03:47.856 D/K706RadioManager(17927): MCU[0xB1] len=17 : B1 00 00 28 7D 23 AA 23 32 26 52 29 72 2A 26 22 56 
02-20 16:03:47.856 D/K706RadioManager(17927): PresetList: band=0 presetIdx=0 currentFreq=10365 firstFreq=10365 (offset=3)
02-20 16:03:47.856 D/K706RadioManager(17927): PresetList: band reportada=0 (ignorada, mCurrentBand=0)
02-20 16:03:47.857 D/K706RadioManager(17927): >>> FREQ: 103600 -> 103650 (MCU=10365, 103,65 MHz)
02-20 16:03:47.900 E/mcu_services( 5539): MCU2APP : [ff fe fd 12 01 b1 00 00 28 82 23 aa 23 32 26 52 29 72 2a 26 22 56 d5 ff ]
02-20 16:03:47.902 D/TunerPresenter(12107): handleTunerRawData: b1 0 0 28 82 23 aa 23 32 26 52 29 72 2a 26 22 56 
02-20 16:03:47.904 D/K706RadioManager(17927): IMcuListener.onTransact: code=1 flags=16
02-20 16:03:47.905 D/TunerManagerForExt(12107): FMRadio main (TunerManagerForExt.java:147) onTunerPresetListChanged:  - mBand: 0 - mPresetIndex: 0 - mFrequency: 10370 - index: 0 - preset: 9130 - index: 1 - preset: 9010 - index: 2 - preset: 9810 - index: 3 - preset: 10610 - index: 4 - preset: 10790 - index: 5 - preset: 8790
02-20 16:03:47.905 D/K706RadioManager(17927): >>> IMcuListener.onMcuInfoChanged received! data=B1 00 00 28 82 23 AA 23 32 26 52 29 72 2A 26 22 56 
02-20 16:03:47.906 D/K706RadioManager(17927): MCU[0xB1] len=17 : B1 00 00 28 82 23 AA 23 32 26 52 29 72 2A 26 22 56 
02-20 16:03:47.906 D/K706RadioManager(17927): PresetList: band=0 presetIdx=0 currentFreq=10370 firstFreq=10370 (offset=3)
02-20 16:03:47.907 D/K706RadioManager(17927): PresetList: band reportada=0 (ignorada, mCurrentBand=0)
02-20 16:03:47.907 D/K706RadioManager(17927): >>> FREQ: 103650 -> 103700 (MCU=10370, 103,70 MHz)
02-20 16:03:47.950 E/mcu_services( 5539): MCU2APP : [ff fe fd 12 01 b1 00 00 28 87 23 aa 23 32 26 52 29 72 2a 26 22 56 d0 ff ]
02-20 16:03:47.952 D/TunerPresenter(12107): handleTunerRawData: b1 0 0 28 87 23 aa 23 32 26 52 29 72 2a 26 22 56 
02-20 16:03:47.954 D/K706RadioManager(17927): IMcuListener.onTransact: code=1 flags=16
02-20 16:03:47.955 D/K706RadioManager(17927): >>> IMcuListener.onMcuInfoChanged received! data=B1 00 00 28 87 23 AA 23 32 26 52 29 72 2A 26 22 56 
02-20 16:03:47.956 D/TunerManagerForExt(12107): FMRadio main (TunerManagerForExt.java:147) onTunerPresetListChanged:  - mBand: 0 - mPresetIndex: 0 - mFrequency: 10375 - index: 0 - preset: 9130 - index: 1 - preset: 9010 - index: 2 - preset: 9810 - index: 3 - preset: 10610 - index: 4 - preset: 10790 - index: 5 - preset: 8790
02-20 16:03:47.956 D/K706RadioManager(17927): MCU[0xB1] len=17 : B1 00 00 28 87 23 AA 23 32 26 52 29 72 2A 26 22 56 
02-20 16:03:47.956 D/K706RadioManager(17927): PresetList: band=0 presetIdx=0 currentFreq=10375 firstFreq=10375 (offset=3)
02-20 16:03:47.956 D/K706RadioManager(17927): PresetList: band reportada=0 (ignorada, mCurrentBand=0)
02-20 16:03:47.957 D/K706RadioManager(17927): >>> FREQ: 103700 -> 103750 (MCU=10375, 103,75 MHz)
02-20 16:03:47.999 E/mcu_services( 5539): MCU2APP : [ff fe fd 12 01 b1 00 00 28 8c 23 aa 23 32 26 52 29 72 2a 26 22 56 db ff ]
02-20 16:03:48.000 D/TunerPresenter(12107): handleTunerRawData: b1 0 0 28 8c 23 aa 23 32 26 52 29 72 2a 26 22 56 
02-20 16:03:48.003 D/TunerManagerForExt(12107): FMRadio main (TunerManagerForExt.java:147) onTunerPresetListChanged:  - mBand: 0 - mPresetIndex: 0 - mFrequency: 10380 - index: 0 - preset: 9130 - index: 1 - preset: 9010 - index: 2 - preset: 9810 - index: 3 - preset: 10610 - index: 4 - preset: 10790 - index: 5 - preset: 8790
02-20 16:03:48.003 D/K706RadioManager(17927): IMcuListener.onTransact: code=1 flags=16
02-20 16:03:48.006 D/K706RadioManager(17927): >>> IMcuListener.onMcuInfoChanged received! data=B1 00 00 28 8C 23 AA 23 32 26 52 29 72 2A 26 22 56 
02-20 16:03:48.007 D/K706RadioManager(17927): MCU[0xB1] len=17 : B1 00 00 28 8C 23 AA 23 32 26 52 29 72 2A 26 22 56 
02-20 16:03:48.007 D/K706RadioManager(17927): PresetList: band=0 presetIdx=0 currentFreq=10380 firstFreq=10380 (offset=3)
02-20 16:03:48.007 D/K706RadioManager(17927): PresetList: band reportada=0 (ignorada, mCurrentBand=0)
02-20 16:03:48.007 D/K706RadioManager(17927): >>> FREQ: 103750 -> 103800 (MCU=10380, 103,80 MHz)
02-20 16:03:48.447 E/mcu_services( 5539): MCU2APP : [ff fe fd 12 01 b1 00 00 28 91 23 aa 23 32 26 52 29 72 2a 26 22 56 c6 ff ]
02-20 16:03:48.449 D/TunerPresenter(12107): handleTunerRawData: b1 0 0 28 91 23 aa 23 32 26 52 29 72 2a 26 22 56 
02-20 16:03:48.449 D/TunerManagerForExt(12107): FMRadio main (TunerManagerForExt.java:147) onTunerPresetListChanged:  - mBand: 0 - mPresetIndex: 0 - mFrequency: 10385 - index: 0 - preset: 9130 - index: 1 - preset: 9010 - index: 2 - preset: 9810 - index: 3 - preset: 10610 - index: 4 - preset: 10790 - index: 5 - preset: 8790
02-20 16:03:48.451 D/K706RadioManager(17927): IMcuListener.onTransact: code=1 flags=16
02-20 16:03:48.452 D/K706RadioManager(17927): >>> IMcuListener.onMcuInfoChanged received! data=B1 00 00 28 91 23 AA 23 32 26 52 29 72 2A 26 22 56 
02-20 16:03:48.453 D/K706RadioManager(17927): MCU[0xB1] len=17 : B1 00 00 28 91 23 AA 23 32 26 52 29 72 2A 26 22 56 
02-20 16:03:48.453 D/K706RadioManager(17927): PresetList: band=0 presetIdx=0 currentFreq=10385 firstFreq=10385 (offset=3)
02-20 16:03:48.453 D/K706RadioManager(17927): PresetList: band reportada=0 (ignorada, mCurrentBand=0)
02-20 16:03:48.454 D/K706RadioManager(17927): >>> FREQ: 103800 -> 103850 (MCU=10385, 103,85 MHz)
02-20 16:03:48.496 E/mcu_services( 5539): MCU2APP : [ff fe fd 12 01 b1 00 00 28 96 23 aa 23 32 26 52 29 72 2a 26 22 56 c1 ff ]
02-20 16:03:48.498 D/TunerPresenter(12107): handleTunerRawData: b1 0 0 28 96 23 aa 23 32 26 52 29 72 2a 26 22 56 
02-20 16:03:48.500 D/K706RadioManager(17927): IMcuListener.onTransact: code=1 flags=16
02-20 16:03:48.502 D/K706RadioManager(17927): >>> IMcuListener.onMcuInfoChanged received! data=B1 00 00 28 96 23 AA 23 32 26 52 29 72 2A 26 22 56 
02-20 16:03:48.502 D/TunerManagerForExt(12107): FMRadio main (TunerManagerForExt.java:147) onTunerPresetListChanged:  - mBand: 0 - mPresetIndex: 0 - mFrequency: 10390 - index: 0 - preset: 9130 - index: 1 - preset: 9010 - index: 2 - preset: 9810 - index: 3 - preset: 10610 - index: 4 - preset: 10790 - index: 5 - preset: 8790
02-20 16:03:48.503 D/K706RadioManager(17927): MCU[0xB1] len=17 : B1 00 00 28 96 23 AA 23 32 26 52 29 72 2A 26 22 56 
02-20 16:03:48.503 D/K706RadioManager(17927): PresetList: band=0 presetIdx=0 currentFreq=10390 firstFreq=10390 (offset=3)
02-20 16:03:48.503 D/K706RadioManager(17927): PresetList: band reportada=0 (ignorada, mCurrentBand=0)
02-20 16:03:48.504 D/K706RadioManager(17927): >>> FREQ: 103850 -> 103900 (MCU=10390, 103,90 MHz)
02-20 16:03:48.546 E/mcu_services( 5539): MCU2APP : [ff fe fd 12 01 b1 00 00 28 9b 23 aa 23 32 26 52 29 72 2a 26 22 56 cc ff ]
02-20 16:03:48.548 D/TunerPresenter(12107): handleTunerRawData: b1 0 0 28 9b 23 aa 23 32 26 52 29 72 2a 26 22 56 
02-20 16:03:48.550 D/K706RadioManager(17927): IMcuListener.onTransact: code=1 flags=16
02-20 16:03:48.551 D/TunerManagerForExt(12107): FMRadio main (TunerManagerForExt.java:147) onTunerPresetListChanged:  - mBand: 0 - mPresetIndex: 0 - mFrequency: 10395 - index: 0 - preset: 9130 - index: 1 - preset: 9010 - index: 2 - preset: 9810 - index: 3 - preset: 10610 - index: 4 - preset: 10790 - index: 5 - preset: 8790
02-20 16:03:48.551 D/K706RadioManager(17927): >>> IMcuListener.onMcuInfoChanged received! data=B1 00 00 28 9B 23 AA 23 32 26 52 29 72 2A 26 22 56 
02-20 16:03:48.552 D/K706RadioManager(17927): MCU[0xB1] len=17 : B1 00 00 28 9B 23 AA 23 32 26 52 29 72 2A 26 22 56 
02-20 16:03:48.552 D/K706RadioManager(17927): PresetList: band=0 presetIdx=0 currentFreq=10395 firstFreq=10395 (offset=3)
02-20 16:03:48.552 D/K706RadioManager(17927): PresetList: band reportada=0 (ignorada, mCurrentBand=0)
02-20 16:03:48.553 D/K706RadioManager(17927): >>> FREQ: 103900 -> 103950 (MCU=10395, 103,95 MHz)
02-20 16:03:48.596 E/mcu_services( 5539): MCU2APP : [ff fe fd 12 01 b1 00 00 28 a0 23 aa 23 32 26 52 29 72 2a 26 22 56 f7 ff ]
02-20 16:03:48.597 D/TunerPresenter(12107): handleTunerRawData: b1 0 0 28 a0 23 aa 23 32 26 52 29 72 2a 26 22 56 
02-20 16:03:48.600 D/TunerManagerForExt(12107): FMRadio main (TunerManagerForExt.java:147) onTunerPresetListChanged:  - mBand: 0 - mPresetIndex: 0 - mFrequency: 10400 - index: 0 - preset: 9130 - index: 1 - preset: 9010 - index: 2 - preset: 9810 - index: 3 - preset: 10610 - index: 4 - preset: 10790 - index: 5 - preset: 8790
02-20 16:03:48.600 D/K706RadioManager(17927): IMcuListener.onTransact: code=1 flags=16
02-20 16:03:48.601 D/K706RadioManager(17927): >>> IMcuListener.onMcuInfoChanged received! data=B1 00 00 28 A0 23 AA 23 32 26 52 29 72 2A 26 22 56 
02-20 16:03:48.602 D/K706RadioManager(17927): MCU[0xB1] len=17 : B1 00 00 28 A0 23 AA 23 32 26 52 29 72 2A 26 22 56 
02-20 16:03:48.602 D/K706RadioManager(17927): PresetList: band=0 presetIdx=0 currentFreq=10400 firstFreq=10400 (offset=3)
02-20 16:03:48.602 D/K706RadioManager(17927): PresetList: band reportada=0 (ignorada, mCurrentBand=0)
02-20 16:03:48.603 D/K706RadioManager(17927): >>> FREQ: 103950 -> 104000 (MCU=10400, 104,00 MHz)
02-20 16:03:48.646 E/mcu_services( 5539): MCU2APP : [ff fe fd 12 01 b1 00 00 28 a5 23 aa 23 32 26 52 29 72 2a 26 22 56 f2 ff ]
02-20 16:03:48.647 D/TunerPresenter(12107): handleTunerRawData: b1 0 0 28 a5 23 aa 23 32 26 52 29 72 2a 26 22 56 
02-20 16:03:48.649 D/K706RadioManager(17927): IMcuListener.onTransact: code=1 flags=16
02-20 16:03:48.650 D/TunerManagerForExt(12107): FMRadio main (TunerManagerForExt.java:147) onTunerPresetListChanged:  - mBand: 0 - mPresetIndex: 0 - mFrequency: 10405 - index: 0 - preset: 9130 - index: 1 - preset: 9010 - index: 2 - preset: 9810 - index: 3 - preset: 10610 - index: 4 - preset: 10790 - index: 5 - preset: 8790
02-20 16:03:48.650 D/K706RadioManager(17927): >>> IMcuListener.onMcuInfoChanged received! data=B1 00 00 28 A5 23 AA 23 32 26 52 29 72 2A 26 22 56 
02-20 16:03:48.651 D/K706RadioManager(17927): MCU[0xB1] len=17 : B1 00 00 28 A5 23 AA 23 32 26 52 29 72 2A 26 22 56 
02-20 16:03:48.651 D/K706RadioManager(17927): PresetList: band=0 presetIdx=0 currentFreq=10405 firstFreq=10405 (offset=3)
02-20 16:03:48.651 D/K706RadioManager(17927): PresetList: band reportada=0 (ignorada, mCurrentBand=0)
02-20 16:03:48.652 D/K706RadioManager(17927): >>> FREQ: 104000 -> 104050 (MCU=10405, 104,05 MHz)
02-20 16:03:48.695 E/mcu_services( 5539): MCU2APP : [ff fe fd 12 01 b1 00 00 28 aa 23 aa 23 32 26 52 29 72 2a 26 22 56 fd ff ]
02-20 16:03:48.696 D/TunerPresenter(12107): handleTunerRawData: b1 0 0 28 aa 23 aa 23 32 26 52 29 72 2a 26 22 56 
02-20 16:03:48.698 D/K706RadioManager(17927): IMcuListener.onTransact: code=1 flags=16
02-20 16:03:48.699 D/K706RadioManager(17927): >>> IMcuListener.onMcuInfoChanged received! data=B1 00 00 28 AA 23 AA 23 32 26 52 29 72 2A 26 22 56 
02-20 16:03:48.699 D/TunerManagerForExt(12107): FMRadio main (TunerManagerForExt.java:147) onTunerPresetListChanged:  - mBand: 0 - mPresetIndex: 0 - mFrequency: 10410 - index: 0 - preset: 9130 - index: 1 - preset: 9010 - index: 2 - preset: 9810 - index: 3 - preset: 10610 - index: 4 - preset: 10790 - index: 5 - preset: 8790
02-20 16:03:48.700 D/K706RadioManager(17927): MCU[0xB1] len=17 : B1 00 00 28 AA 23 AA 23 32 26 52 29 72 2A 26 22 56 
02-20 16:03:48.700 D/K706RadioManager(17927): PresetList: band=0 presetIdx=0 currentFreq=10410 firstFreq=10410 (offset=3)
02-20 16:03:48.700 D/K706RadioManager(17927): PresetList: band reportada=0 (ignorada, mCurrentBand=0)
02-20 16:03:48.700 D/K706RadioManager(17927): >>> FREQ: 104050 -> 104100 (MCU=10410, 104,10 MHz)
02-20 16:03:48.745 E/mcu_services( 5539): MCU2APP : [ff fe fd 12 01 b1 00 00 28 af 23 aa 23 32 26 52 29 72 2a 26 22 56 f8 ff ]
02-20 16:03:48.746 D/TunerPresenter(12107): handleTunerRawData: b1 0 0 28 af 23 aa 23 32 26 52 29 72 2a 26 22 56 
02-20 16:03:48.747 D/K706RadioManager(17927): IMcuListener.onTransact: code=1 flags=16
02-20 16:03:48.748 D/TunerManagerForExt(12107): FMRadio main (TunerManagerForExt.java:147) onTunerPresetListChanged:  - mBand: 0 - mPresetIndex: 0 - mFrequency: 10415 - index: 0 - preset: 9130 - index: 1 - preset: 9010 - index: 2 - preset: 9810 - index: 3 - preset: 10610 - index: 4 - preset: 10790 - index: 5 - preset: 8790
02-20 16:03:48.748 D/K706RadioManager(17927): >>> IMcuListener.onMcuInfoChanged received! data=B1 00 00 28 AF 23 AA 23 32 26 52 29 72 2A 26 22 56 
02-20 16:03:48.749 D/K706RadioManager(17927): MCU[0xB1] len=17 : B1 00 00 28 AF 23 AA 23 32 26 52 29 72 2A 26 22 56 
02-20 16:03:48.749 D/K706RadioManager(17927): PresetList: band=0 presetIdx=0 currentFreq=10415 firstFreq=10415 (offset=3)
02-20 16:03:48.749 D/K706RadioManager(17927): PresetList: band reportada=0 (ignorada, mCurrentBand=0)
02-20 16:03:48.750 D/K706RadioManager(17927): >>> FREQ: 104100 -> 104150 (MCU=10415, 104,15 MHz)
02-20 16:03:48.795 E/mcu_services( 5539): MCU2APP : [ff fe fd 12 01 b1 00 00 28 b4 23 aa 23 32 26 52 29 72 2a 26 22 56 e3 ff ]
02-20 16:03:48.796 D/TunerPresenter(12107): handleTunerRawData: b1 0 0 28 b4 23 aa 23 32 26 52 29 72 2a 26 22 56 
02-20 16:03:48.798 D/K706RadioManager(17927): IMcuListener.onTransact: code=1 flags=16
02-20 16:03:48.799 D/K706RadioManager(17927): >>> IMcuListener.onMcuInfoChanged received! data=B1 00 00 28 B4 23 AA 23 32 26 52 29 72 2A 26 22 56 
02-20 16:03:48.800 D/TunerManagerForExt(12107): FMRadio main (TunerManagerForExt.java:147) onTunerPresetListChanged:  - mBand: 0 - mPresetIndex: 0 - mFrequency: 10420 - index: 0 - preset: 9130 - index: 1 - preset: 9010 - index: 2 - preset: 9810 - index: 3 - preset: 10610 - index: 4 - preset: 10790 - index: 5 - preset: 8790
02-20 16:03:48.800 D/K706RadioManager(17927): MCU[0xB1] len=17 : B1 00 00 28 B4 23 AA 23 32 26 52 29 72 2A 26 22 56 
02-20 16:03:48.801 D/K706RadioManager(17927): PresetList: band=0 presetIdx=0 currentFreq=10420 firstFreq=10420 (offset=3)
02-20 16:03:48.801 D/K706RadioManager(17927): PresetList: band reportada=0 (ignorada, mCurrentBand=0)
02-20 16:03:48.801 D/K706RadioManager(17927): >>> FREQ: 104150 -> 104200 (MCU=10420, 104,20 MHz)
02-20 16:03:48.844 E/mcu_services( 5539): MCU2APP : [ff fe fd 12 01 b1 00 00 28 b9 23 aa 23 32 26 52 29 72 2a 26 22 56 ee ff ]
02-20 16:03:48.846 D/TunerPresenter(12107): handleTunerRawData: b1 0 0 28 b9 23 aa 23 32 26 52 29 72 2a 26 22 56 
02-20 16:03:48.849 D/K706RadioManager(17927): IMcuListener.onTransact: code=1 flags=16
02-20 16:03:48.851 D/K706RadioManager(17927): >>> IMcuListener.onMcuInfoChanged received! data=B1 00 00 28 B9 23 AA 23 32 26 52 29 72 2A 26 22 56 
02-20 16:03:48.852 D/K706RadioManager(17927): MCU[0xB1] len=17 : B1 00 00 28 B9 23 AA 23 32 26 52 29 72 2A 26 22 56 
02-20 16:03:48.853 D/K706RadioManager(17927): PresetList: band=0 presetIdx=0 currentFreq=10425 firstFreq=10425 (offset=3)
02-20 16:03:48.853 D/K706RadioManager(17927): PresetList: band reportada=0 (ignorada, mCurrentBand=0)
02-20 16:03:48.853 D/K706RadioManager(17927): >>> FREQ: 104200 -> 104250 (MCU=10425, 104,25 MHz)
02-20 16:03:48.853 D/TunerManagerForExt(12107): FMRadio main (TunerManagerForExt.java:147) onTunerPresetListChanged:  - mBand: 0 - mPresetIndex: 0 - mFrequency: 10425 - index: 0 - preset: 9130 - index: 1 - preset: 9010 - index: 2 - preset: 9810 - index: 3 - preset: 10610 - index: 4 - preset: 10790 - index: 5 - preset: 8790
02-20 16:03:48.894 E/mcu_services( 5539): MCU2APP : [ff fe fd 12 01 b1 00 00 28 be 23 aa 23 32 26 52 29 72 2a 26 22 56 e9 ff ]
02-20 16:03:48.896 D/TunerPresenter(12107): handleTunerRawData: b1 0 0 28 be 23 aa 23 32 26 52 29 72 2a 26 22 56 
02-20 16:03:48.897 D/K706RadioManager(17927): IMcuListener.onTransact: code=1 flags=16
02-20 16:03:48.899 D/TunerManagerForExt(12107): FMRadio main (TunerManagerForExt.java:147) onTunerPresetListChanged:  - mBand: 0 - mPresetIndex: 0 - mFrequency: 10430 - index: 0 - preset: 9130 - index: 1 - preset: 9010 - index: 2 - preset: 9810 - index: 3 - preset: 10610 - index: 4 - preset: 10790 - index: 5 - preset: 8790
02-20 16:03:48.899 D/K706RadioManager(17927): >>> IMcuListener.onMcuInfoChanged received! data=B1 00 00 28 BE 23 AA 23 32 26 52 29 72 2A 26 22 56 
02-20 16:03:48.900 D/K706RadioManager(17927): MCU[0xB1] len=17 : B1 00 00 28 BE 23 AA 23 32 26 52 29 72 2A 26 22 56 
02-20 16:03:48.900 D/K706RadioManager(17927): PresetList: band=0 presetIdx=0 currentFreq=10430 firstFreq=10430 (offset=3)
02-20 16:03:48.900 D/K706RadioManager(17927): PresetList: band reportada=0 (ignorada, mCurrentBand=0)
02-20 16:03:48.901 D/K706RadioManager(17927): >>> FREQ: 104250 -> 104300 (MCU=10430, 104,30 MHz)
02-20 16:03:48.944 E/mcu_services( 5539): MCU2APP : [ff fe fd 12 01 b1 00 00 28 c3 23 aa 23 32 26 52 29 72 2a 26 22 56 94 ff ]
02-20 16:03:48.945 D/TunerPresenter(12107): handleTunerRawData: b1 0 0 28 c3 23 aa 23 32 26 52 29 72 2a 26 22 56 
02-20 16:03:48.946 D/K706RadioManager(17927): IMcuListener.onTransact: code=1 flags=16
02-20 16:03:48.948 D/K706RadioManager(17927): >>> IMcuListener.onMcuInfoChanged received! data=B1 00 00 28 C3 23 AA 23 32 26 52 29 72 2A 26 22 56 
02-20 16:03:48.948 D/TunerManagerForExt(12107): FMRadio main (TunerManagerForExt.java:147) onTunerPresetListChanged:  - mBand: 0 - mPresetIndex: 0 - mFrequency: 10435 - index: 0 - preset: 9130 - index: 1 - preset: 9010 - index: 2 - preset: 9810 - index: 3 - preset: 10610 - index: 4 - preset: 10790 - index: 5 - preset: 8790
02-20 16:03:48.949 D/K706RadioManager(17927): MCU[0xB1] len=17 : B1 00 00 28 C3 23 AA 23 32 26 52 29 72 2A 26 22 56 
02-20 16:03:48.949 D/K706RadioManager(17927): PresetList: band=0 presetIdx=0 currentFreq=10435 firstFreq=10435 (offset=3)
02-20 16:03:48.949 D/K706RadioManager(17927): PresetList: band reportada=0 (ignorada, mCurrentBand=0)
02-20 16:03:48.949 D/K706RadioManager(17927): >>> FREQ: 104300 -> 104350 (MCU=10435, 104,35 MHz)
02-20 16:03:48.993 E/mcu_services( 5539): MCU2APP : [ff fe fd 12 01 b1 00 00 28 c8 23 aa 23 32 26 52 29 72 2a 26 22 56 9f ff ]
02-20 16:03:48.995 D/TunerPresenter(12107): handleTunerRawData: b1 0 0 28 c8 23 aa 23 32 26 52 29 72 2a 26 22 56 
02-20 16:03:48.996 D/K706RadioManager(17927): IMcuListener.onTransact: code=1 flags=16
02-20 16:03:48.997 D/K706RadioManager(17927): >>> IMcuListener.onMcuInfoChanged received! data=B1 00 00 28 C8 23 AA 23 32 26 52 29 72 2A 26 22 56 
02-20 16:03:48.998 D/TunerManagerForExt(12107): FMRadio main (TunerManagerForExt.java:147) onTunerPresetListChanged:  - mBand: 0 - mPresetIndex: 0 - mFrequency: 10440 - index: 0 - preset: 9130 - index: 1 - preset: 9010 - index: 2 - preset: 9810 - index: 3 - preset: 10610 - index: 4 - preset: 10790 - index: 5 - preset: 8790
02-20 16:03:48.998 D/K706RadioManager(17927): MCU[0xB1] len=17 : B1 00 00 28 C8 23 AA 23 32 26 52 29 72 2A 26 22 56 
02-20 16:03:48.998 D/K706RadioManager(17927): PresetList: band=0 presetIdx=0 currentFreq=10440 firstFreq=10440 (offset=3)
02-20 16:03:48.998 D/K706RadioManager(17927): PresetList: band reportada=0 (ignorada, mCurrentBand=0)
02-20 16:03:48.999 D/K706RadioManager(17927): >>> FREQ: 104350 -> 104400 (MCU=10440, 104,40 MHz)
02-20 16:03:49.043 E/mcu_services( 5539): MCU2APP : [ff fe fd 12 01 b1 00 00 28 cd 23 aa 23 32 26 52 29 72 2a 26 22 56 9a ff ]
02-20 16:03:49.045 D/TunerPresenter(12107): handleTunerRawData: b1 0 0 28 cd 23 aa 23 32 26 52 29 72 2a 26 22 56 
02-20 16:03:49.047 D/K706RadioManager(17927): IMcuListener.onTransact: code=1 flags=16
02-20 16:03:49.048 D/K706RadioManager(17927): >>> IMcuListener.onMcuInfoChanged received! data=B1 00 00 28 CD 23 AA 23 32 26 52 29 72 2A 26 22 56 
02-20 16:03:49.048 D/TunerManagerForExt(12107): FMRadio main (TunerManagerForExt.java:147) onTunerPresetListChanged:  - mBand: 0 - mPresetIndex: 0 - mFrequency: 10445 - index: 0 - preset: 9130 - index: 1 - preset: 9010 - index: 2 - preset: 9810 - index: 3 - preset: 10610 - index: 4 - preset: 10790 - index: 5 - preset: 8790
02-20 16:03:49.049 D/K706RadioManager(17927): MCU[0xB1] len=17 : B1 00 00 28 CD 23 AA 23 32 26 52 29 72 2A 26 22 56 
02-20 16:03:49.049 D/K706RadioManager(17927): PresetList: band=0 presetIdx=0 currentFreq=10445 firstFreq=10445 (offset=3)
02-20 16:03:49.049 D/K706RadioManager(17927): PresetList: band reportada=0 (ignorada, mCurrentBand=0)
02-20 16:03:49.049 D/K706RadioManager(17927): >>> FREQ: 104400 -> 104450 (MCU=10445, 104,45 MHz)
02-20 16:03:49.071 E/mcu_services( 5539): MCU2APP : [ff fe fd 03 01 29 6d 45 ff ]
02-20 16:03:49.073 D/K706RadioManager(17927): IMcuListener.onTransact: code=1 flags=16
02-20 16:03:49.073 D/K706RadioManager(17927): >>> IMcuListener.onMcuInfoChanged received! data=29 6D 
02-20 16:03:49.074 D/K706RadioManager(17927): MCU[0x29] len=2 : 29 6D 
02-20 16:03:49.074 D/K706RadioManager(17927): Unknown MCU packet type: 0x29
02-20 16:03:49.093 E/mcu_services( 5539): MCU2APP : [ff fe fd 12 01 b1 00 00 28 d2 23 aa 23 32 26 52 29 72 2a 26 22 56 85 ff ]
02-20 16:03:49.095 D/TunerPresenter(12107): handleTunerRawData: b1 0 0 28 d2 23 aa 23 32 26 52 29 72 2a 26 22 56 
02-20 16:03:49.096 D/K706RadioManager(17927): IMcuListener.onTransact: code=1 flags=16
02-20 16:03:49.097 D/K706RadioManager(17927): >>> IMcuListener.onMcuInfoChanged received! data=B1 00 00 28 D2 23 AA 23 32 26 52 29 72 2A 26 22 56 
02-20 16:03:49.098 D/TunerManagerForExt(12107): FMRadio main (TunerManagerForExt.java:147) onTunerPresetListChanged:  - mBand: 0 - mPresetIndex: 0 - mFrequency: 10450 - index: 0 - preset: 9130 - index: 1 - preset: 9010 - index: 2 - preset: 9810 - index: 3 - preset: 10610 - index: 4 - preset: 10790 - index: 5 - preset: 8790
02-20 16:03:49.098 D/K706RadioManager(17927): MCU[0xB1] len=17 : B1 00 00 28 D2 23 AA 23 32 26 52 29 72 2A 26 22 56 
02-20 16:03:49.098 D/K706RadioManager(17927): PresetList: band=0 presetIdx=0 currentFreq=10450 firstFreq=10450 (offset=3)
02-20 16:03:49.098 D/K706RadioManager(17927): PresetList: band reportada=0 (ignorada, mCurrentBand=0)
02-20 16:03:49.099 D/K706RadioManager(17927): >>> FREQ: 104450 -> 104500 (MCU=10450, 104,50 MHz)
02-20 16:03:49.143 E/mcu_services( 5539): MCU2APP : [ff fe fd 12 01 b1 00 00 28 d7 23 aa 23 32 26 52 29 72 2a 26 22 56 80 ff ]
02-20 16:03:49.145 D/TunerPresenter(12107): handleTunerRawData: b1 0 0 28 d7 23 aa 23 32 26 52 29 72 2a 26 22 56 
02-20 16:03:49.147 D/K706RadioManager(17927): IMcuListener.onTransact: code=1 flags=16
02-20 16:03:49.148 D/TunerManagerForExt(12107): FMRadio main (TunerManagerForExt.java:147) onTunerPresetListChanged:  - mBand: 0 - mPresetIndex: 0 - mFrequency: 10455 - index: 0 - preset: 9130 - index: 1 - preset: 9010 - index: 2 - preset: 9810 - index: 3 - preset: 10610 - index: 4 - preset: 10790 - index: 5 - preset: 8790
02-20 16:03:49.148 D/K706RadioManager(17927): >>> IMcuListener.onMcuInfoChanged received! data=B1 00 00 28 D7 23 AA 23 32 26 52 29 72 2A 26 22 56 
02-20 16:03:49.149 D/K706RadioManager(17927): MCU[0xB1] len=17 : B1 00 00 28 D7 23 AA 23 32 26 52 29 72 2A 26 22 56 
02-20 16:03:49.149 D/K706RadioManager(17927): PresetList: band=0 presetIdx=0 currentFreq=10455 firstFreq=10455 (offset=3)
02-20 16:03:49.149 D/K706RadioManager(17927): PresetList: band reportada=0 (ignorada, mCurrentBand=0)
02-20 16:03:49.149 D/K706RadioManager(17927): >>> FREQ: 104500 -> 104550 (MCU=10455, 104,55 MHz)
02-20 16:03:49.193 E/mcu_services( 5539): MCU2APP : [ff fe fd 12 01 b1 00 00 28 dc 23 aa 23 32 26 52 29 72 2a 26 22 56 8b ff ]
02-20 16:03:49.194 D/TunerPresenter(12107): handleTunerRawData: b1 0 0 28 dc 23 aa 23 32 26 52 29 72 2a 26 22 56 
02-20 16:03:49.195 D/K706RadioManager(17927): IMcuListener.onTransact: code=1 flags=16
02-20 16:03:49.196 D/K706RadioManager(17927): >>> IMcuListener.onMcuInfoChanged received! data=B1 00 00 28 DC 23 AA 23 32 26 52 29 72 2A 26 22 56 
02-20 16:03:49.197 D/TunerManagerForExt(12107): FMRadio main (TunerManagerForExt.java:147) onTunerPresetListChanged:  - mBand: 0 - mPresetIndex: 0 - mFrequency: 10460 - index: 0 - preset: 9130 - index: 1 - preset: 9010 - index: 2 - preset: 9810 - index: 3 - preset: 10610 - index: 4 - preset: 10790 - index: 5 - preset: 8790
02-20 16:03:49.197 D/K706RadioManager(17927): MCU[0xB1] len=17 : B1 00 00 28 DC 23 AA 23 32 26 52 29 72 2A 26 22 56 
02-20 16:03:49.197 D/K706RadioManager(17927): PresetList: band=0 presetIdx=0 currentFreq=10460 firstFreq=10460 (offset=3)
02-20 16:03:49.197 D/K706RadioManager(17927): PresetList: band reportada=0 (ignorada, mCurrentBand=0)
02-20 16:03:49.198 D/K706RadioManager(17927): >>> FREQ: 104550 -> 104600 (MCU=10460, 104,60 MHz)
02-20 16:03:49.242 E/mcu_services( 5539): MCU2APP : [ff fe fd 12 01 b1 00 00 28 e1 23 aa 23 32 26 52 29 72 2a 26 22 56 b6 ff ]
02-20 16:03:49.243 D/TunerPresenter(12107): handleTunerRawData: b1 0 0 28 e1 23 aa 23 32 26 52 29 72 2a 26 22 56 
02-20 16:03:49.245 D/K706RadioManager(17927): IMcuListener.onTransact: code=1 flags=16
02-20 16:03:49.246 D/TunerManagerForExt(12107): FMRadio main (TunerManagerForExt.java:147) onTunerPresetListChanged:  - mBand: 0 - mPresetIndex: 0 - mFrequency: 10465 - index: 0 - preset: 9130 - index: 1 - preset: 9010 - index: 2 - preset: 9810 - index: 3 - preset: 10610 - index: 4 - preset: 10790 - index: 5 - preset: 8790
02-20 16:03:49.246 D/K706RadioManager(17927): >>> IMcuListener.onMcuInfoChanged received! data=B1 00 00 28 E1 23 AA 23 32 26 52 29 72 2A 26 22 56 
02-20 16:03:49.247 D/K706RadioManager(17927): MCU[0xB1] len=17 : B1 00 00 28 E1 23 AA 23 32 26 52 29 72 2A 26 22 56 
02-20 16:03:49.247 D/K706RadioManager(17927): PresetList: band=0 presetIdx=0 currentFreq=10465 firstFreq=10465 (offset=3)
02-20 16:03:49.247 D/K706RadioManager(17927): PresetList: band reportada=0 (ignorada, mCurrentBand=0)
02-20 16:03:49.248 D/K706RadioManager(17927): >>> FREQ: 104600 -> 104650 (MCU=10465, 104,65 MHz)
02-20 16:03:49.292 E/mcu_services( 5539): MCU2APP : [ff fe fd 12 01 b1 00 00 28 e6 23 aa 23 32 26 52 29 72 2a 26 22 56 b1 ff ]
02-20 16:03:49.294 D/TunerPresenter(12107): handleTunerRawData: b1 0 0 28 e6 23 aa 23 32 26 52 29 72 2a 26 22 56 
02-20 16:03:49.295 D/K706RadioManager(17927): IMcuListener.onTransact: code=1 flags=16
02-20 16:03:49.297 D/TunerManagerForExt(12107): FMRadio main (TunerManagerForExt.java:147) onTunerPresetListChanged:  - mBand: 0 - mPresetIndex: 0 - mFrequency: 10470 - index: 0 - preset: 9130 - index: 1 - preset: 9010 - index: 2 - preset: 9810 - index: 3 - preset: 10610 - index: 4 - preset: 10790 - index: 5 - preset: 8790
02-20 16:03:49.297 D/K706RadioManager(17927): >>> IMcuListener.onMcuInfoChanged received! data=B1 00 00 28 E6 23 AA 23 32 26 52 29 72 2A 26 22 56 
02-20 16:03:49.297 D/K706RadioManager(17927): MCU[0xB1] len=17 : B1 00 00 28 E6 23 AA 23 32 26 52 29 72 2A 26 22 56 
02-20 16:03:49.297 D/K706RadioManager(17927): PresetList: band=0 presetIdx=0 currentFreq=10470 firstFreq=10470 (offset=3)
02-20 16:03:49.297 D/K706RadioManager(17927): PresetList: band reportada=0 (ignorada, mCurrentBand=0)
02-20 16:03:49.298 D/K706RadioManager(17927): >>> FREQ: 104650 -> 104700 (MCU=10470, 104,70 MHz)
02-20 16:03:49.342 E/mcu_services( 5539): MCU2APP : [ff fe fd 12 01 b1 00 00 28 eb 23 aa 23 32 26 52 29 72 2a 26 22 56 bc ff ]
02-20 16:03:49.344 D/TunerPresenter(12107): handleTunerRawData: b1 0 0 28 eb 23 aa 23 32 26 52 29 72 2a 26 22 56 
02-20 16:03:49.346 D/K706RadioManager(17927): IMcuListener.onTransact: code=1 flags=16
02-20 16:03:49.347 D/TunerManagerForExt(12107): FMRadio main (TunerManagerForExt.java:147) onTunerPresetListChanged:  - mBand: 0 - mPresetIndex: 0 - mFrequency: 10475 - index: 0 - preset: 9130 - index: 1 - preset: 9010 - index: 2 - preset: 9810 - index: 3 - preset: 10610 - index: 4 - preset: 10790 - index: 5 - preset: 8790
02-20 16:03:49.347 D/K706RadioManager(17927): >>> IMcuListener.onMcuInfoChanged received! data=B1 00 00 28 EB 23 AA 23 32 26 52 29 72 2A 26 22 56 
02-20 16:03:49.349 D/K706RadioManager(17927): MCU[0xB1] len=17 : B1 00 00 28 EB 23 AA 23 32 26 52 29 72 2A 26 22 56 
02-20 16:03:49.349 D/K706RadioManager(17927): PresetList: band=0 presetIdx=0 currentFreq=10475 firstFreq=10475 (offset=3)
02-20 16:03:49.349 D/K706RadioManager(17927): PresetList: band reportada=0 (ignorada, mCurrentBand=0)
02-20 16:03:49.349 D/K706RadioManager(17927): >>> FREQ: 104700 -> 104750 (MCU=10475, 104,75 MHz)
02-20 16:03:49.391 E/mcu_services( 5539): MCU2APP : [ff fe fd 12 01 b1 00 00 28 f0 23 aa 23 32 26 52 29 72 2a 26 22 56 a7 ff ]
02-20 16:03:49.393 D/TunerPresenter(12107): handleTunerRawData: b1 0 0 28 f0 23 aa 23 32 26 52 29 72 2a 26 22 56 
02-20 16:03:49.394 D/K706RadioManager(17927): IMcuListener.onTransact: code=1 flags=16
02-20 16:03:49.395 D/K706RadioManager(17927): >>> IMcuListener.onMcuInfoChanged received! data=B1 00 00 28 F0 23 AA 23 32 26 52 29 72 2A 26 22 56 
02-20 16:03:49.396 D/TunerManagerForExt(12107): FMRadio main (TunerManagerForExt.java:147) onTunerPresetListChanged:  - mBand: 0 - mPresetIndex: 0 - mFrequency: 10480 - index: 0 - preset: 9130 - index: 1 - preset: 9010 - index: 2 - preset: 9810 - index: 3 - preset: 10610 - index: 4 - preset: 10790 - index: 5 - preset: 8790
02-20 16:03:49.396 D/K706RadioManager(17927): MCU[0xB1] len=17 : B1 00 00 28 F0 23 AA 23 32 26 52 29 72 2A 26 22 56 
02-20 16:03:49.396 D/K706RadioManager(17927): PresetList: band=0 presetIdx=0 currentFreq=10480 firstFreq=10480 (offset=3)
02-20 16:03:49.396 D/K706RadioManager(17927): PresetList: band reportada=0 (ignorada, mCurrentBand=0)
02-20 16:03:49.397 D/K706RadioManager(17927): >>> FREQ: 104750 -> 104800 (MCU=10480, 104,80 MHz)
02-20 16:03:49.839 E/mcu_services( 5539): MCU2APP : [ff fe fd 12 01 b1 00 00 28 f5 23 aa 23 32 26 52 29 72 2a 26 22 56 a2 ff ]
02-20 16:03:49.840 D/TunerPresenter(12107): handleTunerRawData: b1 0 0 28 f5 23 aa 23 32 26 52 29 72 2a 26 22 56 
02-20 16:03:49.840 D/TunerManagerForExt(12107): FMRadio main (TunerManagerForExt.java:147) onTunerPresetListChanged:  - mBand: 0 - mPresetIndex: 0 - mFrequency: 10485 - index: 0 - preset: 9130 - index: 1 - preset: 9010 - index: 2 - preset: 9810 - index: 3 - preset: 10610 - index: 4 - preset: 10790 - index: 5 - preset: 8790
02-20 16:03:49.841 D/K706RadioManager(17927): IMcuListener.onTransact: code=1 flags=16
02-20 16:03:49.842 D/K706RadioManager(17927): >>> IMcuListener.onMcuInfoChanged received! data=B1 00 00 28 F5 23 AA 23 32 26 52 29 72 2A 26 22 56 
02-20 16:03:49.843 D/K706RadioManager(17927): MCU[0xB1] len=17 : B1 00 00 28 F5 23 AA 23 32 26 52 29 72 2A 26 22 56 
02-20 16:03:49.843 D/K706RadioManager(17927): PresetList: band=0 presetIdx=0 currentFreq=10485 firstFreq=10485 (offset=3)
02-20 16:03:49.843 D/K706RadioManager(17927): PresetList: band reportada=0 (ignorada, mCurrentBand=0)
02-20 16:03:49.844 D/K706RadioManager(17927): >>> FREQ: 104800 -> 104850 (MCU=10485, 104,85 MHz)
02-20 16:03:49.888 E/mcu_services( 5539): MCU2APP : [ff fe fd 12 01 b1 00 00 28 fa 23 aa 23 32 26 52 29 72 2a 26 22 56 ad ff ]
02-20 16:03:49.889 D/TunerPresenter(12107): handleTunerRawData: b1 0 0 28 fa 23 aa 23 32 26 52 29 72 2a 26 22 56 
02-20 16:03:49.890 D/K706RadioManager(17927): IMcuListener.onTransact: code=1 flags=16
02-20 16:03:49.892 D/K706RadioManager(17927): >>> IMcuListener.onMcuInfoChanged received! data=B1 00 00 28 FA 23 AA 23 32 26 52 29 72 2A 26 22 56 
02-20 16:03:49.892 D/TunerManagerForExt(12107): FMRadio main (TunerManagerForExt.java:147) onTunerPresetListChanged:  - mBand: 0 - mPresetIndex: 0 - mFrequency: 10490 - index: 0 - preset: 9130 - index: 1 - preset: 9010 - index: 2 - preset: 9810 - index: 3 - preset: 10610 - index: 4 - preset: 10790 - index: 5 - preset: 8790
02-20 16:03:49.893 D/K706RadioManager(17927): MCU[0xB1] len=17 : B1 00 00 28 FA 23 AA 23 32 26 52 29 72 2A 26 22 56 
02-20 16:03:49.893 D/K706RadioManager(17927): PresetList: band=0 presetIdx=0 currentFreq=10490 firstFreq=10490 (offset=3)
02-20 16:03:49.893 D/K706RadioManager(17927): PresetList: band reportada=0 (ignorada, mCurrentBand=0)
02-20 16:03:49.893 D/K706RadioManager(17927): >>> FREQ: 104850 -> 104900 (MCU=10490, 104,90 MHz)
02-20 16:03:49.938 E/mcu_services( 5539): MCU2APP : [ff fe fd 12 01 b1 00 00 28 ff 23 aa 23 32 26 52 29 72 2a 26 22 56 a8 ff ]
02-20 16:03:49.939 D/TunerPresenter(12107): handleTunerRawData: b1 0 0 28 ff 23 aa 23 32 26 52 29 72 2a 26 22 56 
02-20 16:03:49.940 D/K706RadioManager(17927): IMcuListener.onTransact: code=1 flags=16
02-20 16:03:49.941 D/K706RadioManager(17927): >>> IMcuListener.onMcuInfoChanged received! data=B1 00 00 28 FF 23 AA 23 32 26 52 29 72 2A 26 22 56 
02-20 16:03:49.942 D/TunerManagerForExt(12107): FMRadio main (TunerManagerForExt.java:147) onTunerPresetListChanged:  - mBand: 0 - mPresetIndex: 0 - mFrequency: 10495 - index: 0 - preset: 9130 - index: 1 - preset: 9010 - index: 2 - preset: 9810 - index: 3 - preset: 10610 - index: 4 - preset: 10790 - index: 5 - preset: 8790
02-20 16:03:49.942 D/K706RadioManager(17927): MCU[0xB1] len=17 : B1 00 00 28 FF 23 AA 23 32 26 52 29 72 2A 26 22 56 
02-20 16:03:49.942 D/K706RadioManager(17927): PresetList: band=0 presetIdx=0 currentFreq=10495 firstFreq=10495 (offset=3)
02-20 16:03:49.942 D/K706RadioManager(17927): PresetList: band reportada=0 (ignorada, mCurrentBand=0)
02-20 16:03:49.943 D/K706RadioManager(17927): >>> FREQ: 104900 -> 104950 (MCU=10495, 104,95 MHz)
02-20 16:03:49.988 E/mcu_services( 5539): MCU2APP : [ff fe fd 12 01 b1 00 00 29 04 23 aa 23 32 26 52 29 72 2a 26 22 56 52 ff ]
02-20 16:03:49.989 D/TunerPresenter(12107): handleTunerRawData: b1 0 0 29 4 23 aa 23 32 26 52 29 72 2a 26 22 56 
02-20 16:03:49.990 D/K706RadioManager(17927): IMcuListener.onTransact: code=1 flags=16
02-20 16:03:49.992 D/K706RadioManager(17927): >>> IMcuListener.onMcuInfoChanged received! data=B1 00 00 29 04 23 AA 23 32 26 52 29 72 2A 26 22 56 
02-20 16:03:49.993 D/TunerManagerForExt(12107): FMRadio main (TunerManagerForExt.java:147) onTunerPresetListChanged:  - mBand: 0 - mPresetIndex: 0 - mFrequency: 10500 - index: 0 - preset: 9130 - index: 1 - preset: 9010 - index: 2 - preset: 9810 - index: 3 - preset: 10610 - index: 4 - preset: 10790 - index: 5 - preset: 8790
02-20 16:03:49.994 D/K706RadioManager(17927): MCU[0xB1] len=17 : B1 00 00 29 04 23 AA 23 32 26 52 29 72 2A 26 22 56 
02-20 16:03:49.994 D/K706RadioManager(17927): PresetList: band=0 presetIdx=0 currentFreq=10500 firstFreq=10500 (offset=3)
02-20 16:03:49.994 D/K706RadioManager(17927): PresetList: band reportada=0 (ignorada, mCurrentBand=0)
02-20 16:03:49.995 D/K706RadioManager(17927): >>> FREQ: 104950 -> 105000 (MCU=10500, 105,00 MHz)
02-20 16:03:50.038 E/mcu_services( 5539): MCU2APP : [ff fe fd 12 01 b1 00 00 29 09 23 aa 23 32 26 52 29 72 2a 26 22 56 5f ff ]
02-20 16:03:50.039 D/TunerPresenter(12107): handleTunerRawData: b1 0 0 29 9 23 aa 23 32 26 52 29 72 2a 26 22 56 
02-20 16:03:50.041 D/K706RadioManager(17927): IMcuListener.onTransact: code=1 flags=16
02-20 16:03:50.042 D/K706RadioManager(17927): >>> IMcuListener.onMcuInfoChanged received! data=B1 00 00 29 09 23 AA 23 32 26 52 29 72 2A 26 22 56 
02-20 16:03:50.042 D/TunerManagerForExt(12107): FMRadio main (TunerManagerForExt.java:147) onTunerPresetListChanged:  - mBand: 0 - mPresetIndex: 0 - mFrequency: 10505 - index: 0 - preset: 9130 - index: 1 - preset: 9010 - index: 2 - preset: 9810 - index: 3 - preset: 10610 - index: 4 - preset: 10790 - index: 5 - preset: 8790
02-20 16:03:50.043 D/K706RadioManager(17927): MCU[0xB1] len=17 : B1 00 00 29 09 23 AA 23 32 26 52 29 72 2A 26 22 56 
02-20 16:03:50.043 D/K706RadioManager(17927): PresetList: band=0 presetIdx=0 currentFreq=10505 firstFreq=10505 (offset=3)
02-20 16:03:50.043 D/K706RadioManager(17927): PresetList: band reportada=0 (ignorada, mCurrentBand=0)
02-20 16:03:50.043 D/K706RadioManager(17927): >>> FREQ: 105000 -> 105050 (MCU=10505, 105,05 MHz)
02-20 16:03:50.087 E/mcu_services( 5539): MCU2APP : [ff fe fd 12 01 b1 00 00 29 0e 23 aa 23 32 26 52 29 72 2a 26 22 56 58 ff ]
02-20 16:03:50.089 D/TunerPresenter(12107): handleTunerRawData: b1 0 0 29 e 23 aa 23 32 26 52 29 72 2a 26 22 56 
02-20 16:03:50.090 D/K706RadioManager(17927): IMcuListener.onTransact: code=1 flags=16
02-20 16:03:50.091 D/K706RadioManager(17927): >>> IMcuListener.onMcuInfoChanged received! data=B1 00 00 29 0E 23 AA 23 32 26 52 29 72 2A 26 22 56 
02-20 16:03:50.092 D/TunerManagerForExt(12107): FMRadio main (TunerManagerForExt.java:147) onTunerPresetListChanged:  - mBand: 0 - mPresetIndex: 0 - mFrequency: 10510 - index: 0 - preset: 9130 - index: 1 - preset: 9010 - index: 2 - preset: 9810 - index: 3 - preset: 10610 - index: 4 - preset: 10790 - index: 5 - preset: 8790
02-20 16:03:50.092 D/K706RadioManager(17927): MCU[0xB1] len=17 : B1 00 00 29 0E 23 AA 23 32 26 52 29 72 2A 26 22 56 
02-20 16:03:50.092 D/K706RadioManager(17927): PresetList: band=0 presetIdx=0 currentFreq=10510 firstFreq=10510 (offset=3)
02-20 16:03:50.092 D/K706RadioManager(17927): PresetList: band reportada=0 (ignorada, mCurrentBand=0)
02-20 16:03:50.093 D/K706RadioManager(17927): >>> FREQ: 105050 -> 105100 (MCU=10510, 105,10 MHz)
02-20 16:03:50.137 E/mcu_services( 5539): MCU2APP : [ff fe fd 12 01 b1 00 00 29 13 23 aa 23 32 26 52 29 72 2a 26 22 56 45 ff ]
02-20 16:03:50.139 D/TunerPresenter(12107): handleTunerRawData: b1 0 0 29 13 23 aa 23 32 26 52 29 72 2a 26 22 56 
02-20 16:03:50.140 D/K706RadioManager(17927): IMcuListener.onTransact: code=1 flags=16
02-20 16:03:50.142 D/K706RadioManager(17927): >>> IMcuListener.onMcuInfoChanged received! data=B1 00 00 29 13 23 AA 23 32 26 52 29 72 2A 26 22 56 
02-20 16:03:50.142 D/TunerManagerForExt(12107): FMRadio main (TunerManagerForExt.java:147) onTunerPresetListChanged:  - mBand: 0 - mPresetIndex: 0 - mFrequency: 10515 - index: 0 - preset: 9130 - index: 1 - preset: 9010 - index: 2 - preset: 9810 - index: 3 - preset: 10610 - index: 4 - preset: 10790 - index: 5 - preset: 8790
02-20 16:03:50.143 D/K706RadioManager(17927): MCU[0xB1] len=17 : B1 00 00 29 13 23 AA 23 32 26 52 29 72 2A 26 22 56 
02-20 16:03:50.143 D/K706RadioManager(17927): PresetList: band=0 presetIdx=0 currentFreq=10515 firstFreq=10515 (offset=3)
02-20 16:03:50.143 D/K706RadioManager(17927): PresetList: band reportada=0 (ignorada, mCurrentBand=0)
02-20 16:03:50.143 D/K706RadioManager(17927): >>> FREQ: 105100 -> 105150 (MCU=10515, 105,15 MHz)
02-20 16:03:50.186 E/mcu_services( 5539): MCU2APP : [ff fe fd 12 01 b1 00 00 29 18 23 aa 23 32 26 52 29 72 2a 26 22 56 4e ff ]
02-20 16:03:50.188 D/TunerPresenter(12107): handleTunerRawData: b1 0 0 29 18 23 aa 23 32 26 52 29 72 2a 26 22 56 
02-20 16:03:50.189 D/K706RadioManager(17927): IMcuListener.onTransact: code=1 flags=16
02-20 16:03:50.190 D/K706RadioManager(17927): >>> IMcuListener.onMcuInfoChanged received! data=B1 00 00 29 18 23 AA 23 32 26 52 29 72 2A 26 22 56 
02-20 16:03:50.190 D/TunerManagerForExt(12107): FMRadio main (TunerManagerForExt.java:147) onTunerPresetListChanged:  - mBand: 0 - mPresetIndex: 0 - mFrequency: 10520 - index: 0 - preset: 9130 - index: 1 - preset: 9010 - index: 2 - preset: 9810 - index: 3 - preset: 10610 - index: 4 - preset: 10790 - index: 5 - preset: 8790
02-20 16:03:50.191 D/K706RadioManager(17927): MCU[0xB1] len=17 : B1 00 00 29 18 23 AA 23 32 26 52 29 72 2A 26 22 56 
02-20 16:03:50.191 D/K706RadioManager(17927): PresetList: band=0 presetIdx=0 currentFreq=10520 firstFreq=10520 (offset=3)
02-20 16:03:50.191 D/K706RadioManager(17927): PresetList: band reportada=0 (ignorada, mCurrentBand=0)
02-20 16:03:50.191 D/K706RadioManager(17927): >>> FREQ: 105150 -> 105200 (MCU=10520, 105,20 MHz)
02-20 16:03:50.236 E/mcu_services( 5539): MCU2APP : [ff fe fd 12 01 b1 00 00 29 1d 23 aa 23 32 26 52 29 72 2a 26 22 56 4b ff ]
02-20 16:03:50.238 D/TunerPresenter(12107): handleTunerRawData: b1 0 0 29 1d 23 aa 23 32 26 52 29 72 2a 26 22 56 
02-20 16:03:50.240 D/K706RadioManager(17927): IMcuListener.onTransact: code=1 flags=16
02-20 16:03:50.241 D/K706RadioManager(17927): >>> IMcuListener.onMcuInfoChanged received! data=B1 00 00 29 1D 23 AA 23 32 26 52 29 72 2A 26 22 56 
02-20 16:03:50.241 D/TunerManagerForExt(12107): FMRadio main (TunerManagerForExt.java:147) onTunerPresetListChanged:  - mBand: 0 - mPresetIndex: 0 - mFrequency: 10525 - index: 0 - preset: 9130 - index: 1 - preset: 9010 - index: 2 - preset: 9810 - index: 3 - preset: 10610 - index: 4 - preset: 10790 - index: 5 - preset: 8790
02-20 16:03:50.242 D/K706RadioManager(17927): MCU[0xB1] len=17 : B1 00 00 29 1D 23 AA 23 32 26 52 29 72 2A 26 22 56 
02-20 16:03:50.242 D/K706RadioManager(17927): PresetList: band=0 presetIdx=0 currentFreq=10525 firstFreq=10525 (offset=3)
02-20 16:03:50.242 D/K706RadioManager(17927): PresetList: band reportada=0 (ignorada, mCurrentBand=0)
02-20 16:03:50.242 D/K706RadioManager(17927): >>> FREQ: 105200 -> 105250 (MCU=10525, 105,25 MHz)
02-20 16:03:50.286 E/mcu_services( 5539): MCU2APP : [ff fe fd 12 01 b1 00 00 29 22 23 aa 23 32 26 52 29 72 2a 26 22 56 74 ff ]
02-20 16:03:50.288 D/TunerPresenter(12107): handleTunerRawData: b1 0 0 29 22 23 aa 23 32 26 52 29 72 2a 26 22 56 
02-20 16:03:50.289 D/K706RadioManager(17927): IMcuListener.onTransact: code=1 flags=16
02-20 16:03:50.291 D/K706RadioManager(17927): >>> IMcuListener.onMcuInfoChanged received! data=B1 00 00 29 22 23 AA 23 32 26 52 29 72 2A 26 22 56 
02-20 16:03:50.291 D/TunerManagerForExt(12107): FMRadio main (TunerManagerForExt.java:147) onTunerPresetListChanged:  - mBand: 0 - mPresetIndex: 0 - mFrequency: 10530 - index: 0 - preset: 9130 - index: 1 - preset: 9010 - index: 2 - preset: 9810 - index: 3 - preset: 10610 - index: 4 - preset: 10790 - index: 5 - preset: 8790
02-20 16:03:50.291 D/K706RadioManager(17927): MCU[0xB1] len=17 : B1 00 00 29 22 23 AA 23 32 26 52 29 72 2A 26 22 56 
02-20 16:03:50.292 D/K706RadioManager(17927): PresetList: band=0 presetIdx=0 currentFreq=10530 firstFreq=10530 (offset=3)
02-20 16:03:50.292 D/K706RadioManager(17927): PresetList: band reportada=0 (ignorada, mCurrentBand=0)
02-20 16:03:50.292 D/K706RadioManager(17927): >>> FREQ: 105250 -> 105300 (MCU=10530, 105,30 MHz)
02-20 16:03:50.336 E/mcu_services( 5539): MCU2APP : [ff fe fd 12 01 b1 00 00 29 27 23 aa 23 32 26 52 29 72 2a 26 22 56 71 ff ]
02-20 16:03:50.337 D/TunerPresenter(12107): handleTunerRawData: b1 0 0 29 27 23 aa 23 32 26 52 29 72 2a 26 22 56 
02-20 16:03:50.338 D/K706RadioManager(17927): IMcuListener.onTransact: code=1 flags=16
02-20 16:03:50.340 D/K706RadioManager(17927): >>> IMcuListener.onMcuInfoChanged received! data=B1 00 00 29 27 23 AA 23 32 26 52 29 72 2A 26 22 56 
02-20 16:03:50.340 D/TunerManagerForExt(12107): FMRadio main (TunerManagerForExt.java:147) onTunerPresetListChanged:  - mBand: 0 - mPresetIndex: 0 - mFrequency: 10535 - index: 0 - preset: 9130 - index: 1 - preset: 9010 - index: 2 - preset: 9810 - index: 3 - preset: 10610 - index: 4 - preset: 10790 - index: 5 - preset: 8790
02-20 16:03:50.341 D/K706RadioManager(17927): MCU[0xB1] len=17 : B1 00 00 29 27 23 AA 23 32 26 52 29 72 2A 26 22 56 
02-20 16:03:50.341 D/K706RadioManager(17927): PresetList: band=0 presetIdx=0 currentFreq=10535 firstFreq=10535 (offset=3)
02-20 16:03:50.341 D/K706RadioManager(17927): PresetList: band reportada=0 (ignorada, mCurrentBand=0)
02-20 16:03:50.341 D/K706RadioManager(17927): >>> FREQ: 105300 -> 105350 (MCU=10535, 105,35 MHz)
02-20 16:03:50.386 E/mcu_services( 5539): MCU2APP : [ff fe fd 12 01 b1 00 00 29 2c 23 aa 23 32 26 52 29 72 2a 26 22 56 7a ff ]
02-20 16:03:50.388 D/TunerPresenter(12107): handleTunerRawData: b1 0 0 29 2c 23 aa 23 32 26 52 29 72 2a 26 22 56 
02-20 16:03:50.389 D/K706RadioManager(17927): IMcuListener.onTransact: code=1 flags=16
02-20 16:03:50.390 D/K706RadioManager(17927): >>> IMcuListener.onMcuInfoChanged received! data=B1 00 00 29 2C 23 AA 23 32 26 52 29 72 2A 26 22 56 
02-20 16:03:50.390 D/TunerManagerForExt(12107): FMRadio main (TunerManagerForExt.java:147) onTunerPresetListChanged:  - mBand: 0 - mPresetIndex: 0 - mFrequency: 10540 - index: 0 - preset: 9130 - index: 1 - preset: 9010 - index: 2 - preset: 9810 - index: 3 - preset: 10610 - index: 4 - preset: 10790 - index: 5 - preset: 8790
02-20 16:03:50.391 D/K706RadioManager(17927): MCU[0xB1] len=17 : B1 00 00 29 2C 23 AA 23 32 26 52 29 72 2A 26 22 56 
02-20 16:03:50.391 D/K706RadioManager(17927): PresetList: band=0 presetIdx=0 currentFreq=10540 firstFreq=10540 (offset=3)
02-20 16:03:50.391 D/K706RadioManager(17927): PresetList: band reportada=0 (ignorada, mCurrentBand=0)
02-20 16:03:50.391 D/K706RadioManager(17927): >>> FREQ: 105350 -> 105400 (MCU=10540, 105,40 MHz)
02-20 16:03:50.435 E/mcu_services( 5539): MCU2APP : [ff fe fd 12 01 b1 00 00 29 31 23 aa 23 32 26 52 29 72 2a 26 22 56 67 ff ]
02-20 16:03:50.437 D/TunerPresenter(12107): handleTunerRawData: b1 0 0 29 31 23 aa 23 32 26 52 29 72 2a 26 22 56 
02-20 16:03:50.438 D/K706RadioManager(17927): IMcuListener.onTransact: code=1 flags=16
02-20 16:03:50.439 D/K706RadioManager(17927): >>> IMcuListener.onMcuInfoChanged received! data=B1 00 00 29 31 23 AA 23 32 26 52 29 72 2A 26 22 56 
02-20 16:03:50.440 D/TunerManagerForExt(12107): FMRadio main (TunerManagerForExt.java:147) onTunerPresetListChanged:  - mBand: 0 - mPresetIndex: 0 - mFrequency: 10545 - index: 0 - preset: 9130 - index: 1 - preset: 9010 - index: 2 - preset: 9810 - index: 3 - preset: 10610 - index: 4 - preset: 10790 - index: 5 - preset: 8790
02-20 16:03:50.440 D/K706RadioManager(17927): MCU[0xB1] len=17 : B1 00 00 29 31 23 AA 23 32 26 52 29 72 2A 26 22 56 
02-20 16:03:50.440 D/K706RadioManager(17927): PresetList: band=0 presetIdx=0 currentFreq=10545 firstFreq=10545 (offset=3)
02-20 16:03:50.440 D/K706RadioManager(17927): PresetList: band reportada=0 (ignorada, mCurrentBand=0)
02-20 16:03:50.440 D/K706RadioManager(17927): >>> FREQ: 105400 -> 105450 (MCU=10545, 105,45 MHz)
02-20 16:03:50.485 E/mcu_services( 5539): MCU2APP : [ff fe fd 12 01 b1 00 00 29 36 23 aa 23 32 26 52 29 72 2a 26 22 56 60 ff ]
02-20 16:03:50.487 D/TunerPresenter(12107): handleTunerRawData: b1 0 0 29 36 23 aa 23 32 26 52 29 72 2a 26 22 56 
02-20 16:03:50.488 D/K706RadioManager(17927): IMcuListener.onTransact: code=1 flags=16
02-20 16:03:50.490 D/K706RadioManager(17927): >>> IMcuListener.onMcuInfoChanged received! data=B1 00 00 29 36 23 AA 23 32 26 52 29 72 2A 26 22 56 
02-20 16:03:50.490 D/TunerManagerForExt(12107): FMRadio main (TunerManagerForExt.java:147) onTunerPresetListChanged:  - mBand: 0 - mPresetIndex: 0 - mFrequency: 10550 - index: 0 - preset: 9130 - index: 1 - preset: 9010 - index: 2 - preset: 9810 - index: 3 - preset: 10610 - index: 4 - preset: 10790 - index: 5 - preset: 8790
02-20 16:03:50.490 D/K706RadioManager(17927): MCU[0xB1] len=17 : B1 00 00 29 36 23 AA 23 32 26 52 29 72 2A 26 22 56 
02-20 16:03:50.490 D/K706RadioManager(17927): PresetList: band=0 presetIdx=0 currentFreq=10550 firstFreq=10550 (offset=3)
02-20 16:03:50.491 D/K706RadioManager(17927): PresetList: band reportada=0 (ignorada, mCurrentBand=0)
02-20 16:03:50.491 D/K706RadioManager(17927): >>> FREQ: 105450 -> 105500 (MCU=10550, 105,50 MHz)
02-20 16:03:50.933 E/mcu_services( 5539): MCU2APP : [ff fe fd 12 01 b1 00 00 29 3b 23 aa 23 32 26 52 29 72 2a 26 22 56 6d ff ]
02-20 16:03:50.935 D/TunerPresenter(12107): handleTunerRawData: b1 0 0 29 3b 23 aa 23 32 26 52 29 72 2a 26 22 56 
02-20 16:03:50.935 D/TunerManagerForExt(12107): FMRadio main (TunerManagerForExt.java:147) onTunerPresetListChanged:  - mBand: 0 - mPresetIndex: 0 - mFrequency: 10555 - index: 0 - preset: 9130 - index: 1 - preset: 9010 - index: 2 - preset: 9810 - index: 3 - preset: 10610 - index: 4 - preset: 10790 - index: 5 - preset: 8790
02-20 16:03:50.936 D/K706RadioManager(17927): IMcuListener.onTransact: code=1 flags=16
02-20 16:03:50.937 D/K706RadioManager(17927): >>> IMcuListener.onMcuInfoChanged received! data=B1 00 00 29 3B 23 AA 23 32 26 52 29 72 2A 26 22 56 
02-20 16:03:50.938 D/K706RadioManager(17927): MCU[0xB1] len=17 : B1 00 00 29 3B 23 AA 23 32 26 52 29 72 2A 26 22 56 
02-20 16:03:50.938 D/K706RadioManager(17927): PresetList: band=0 presetIdx=0 currentFreq=10555 firstFreq=10555 (offset=3)
02-20 16:03:50.938 D/K706RadioManager(17927): PresetList: band reportada=0 (ignorada, mCurrentBand=0)
02-20 16:03:50.939 D/K706RadioManager(17927): >>> FREQ: 105500 -> 105550 (MCU=10555, 105,55 MHz)
02-20 16:03:50.982 E/mcu_services( 5539): MCU2APP : [ff fe fd 12 01 b1 00 00 29 40 23 aa 23 32 26 52 29 72 2a 26 22 56 16 ff ]
02-20 16:03:50.984 D/TunerPresenter(12107): handleTunerRawData: b1 0 0 29 40 23 aa 23 32 26 52 29 72 2a 26 22 56 
02-20 16:03:50.985 D/K706RadioManager(17927): IMcuListener.onTransact: code=1 flags=16
02-20 16:03:50.986 D/K706RadioManager(17927): >>> IMcuListener.onMcuInfoChanged received! data=B1 00 00 29 40 23 AA 23 32 26 52 29 72 2A 26 22 56 
02-20 16:03:50.986 D/TunerManagerForExt(12107): FMRadio main (TunerManagerForExt.java:147) onTunerPresetListChanged:  - mBand: 0 - mPresetIndex: 0 - mFrequency: 10560 - index: 0 - preset: 9130 - index: 1 - preset: 9010 - index: 2 - preset: 9810 - index: 3 - preset: 10610 - index: 4 - preset: 10790 - index: 5 - preset: 8790
02-20 16:03:50.987 D/K706RadioManager(17927): MCU[0xB1] len=17 : B1 00 00 29 40 23 AA 23 32 26 52 29 72 2A 26 22 56 
02-20 16:03:50.987 D/K706RadioManager(17927): PresetList: band=0 presetIdx=0 currentFreq=10560 firstFreq=10560 (offset=3)
02-20 16:03:50.987 D/K706RadioManager(17927): PresetList: band reportada=0 (ignorada, mCurrentBand=0)
02-20 16:03:50.987 D/K706RadioManager(17927): >>> FREQ: 105550 -> 105600 (MCU=10560, 105,60 MHz)
02-20 16:03:51.032 E/mcu_services( 5539): MCU2APP : [ff fe fd 12 01 b1 00 00 29 45 23 aa 23 32 26 52 29 72 2a 26 22 56 13 ff ]
02-20 16:03:51.033 D/TunerPresenter(12107): handleTunerRawData: b1 0 0 29 45 23 aa 23 32 26 52 29 72 2a 26 22 56 
02-20 16:03:51.035 D/K706RadioManager(17927): IMcuListener.onTransact: code=1 flags=16
02-20 16:03:51.036 D/TunerManagerForExt(12107): FMRadio main (TunerManagerForExt.java:147) onTunerPresetListChanged:  - mBand: 0 - mPresetIndex: 0 - mFrequency: 10565 - index: 0 - preset: 9130 - index: 1 - preset: 9010 - index: 2 - preset: 9810 - index: 3 - preset: 10610 - index: 4 - preset: 10790 - index: 5 - preset: 8790
02-20 16:03:51.037 D/K706RadioManager(17927): >>> IMcuListener.onMcuInfoChanged received! data=B1 00 00 29 45 23 AA 23 32 26 52 29 72 2A 26 22 56 
02-20 16:03:51.039 D/K706RadioManager(17927): MCU[0xB1] len=17 : B1 00 00 29 45 23 AA 23 32 26 52 29 72 2A 26 22 56 
02-20 16:03:51.039 D/K706RadioManager(17927): PresetList: band=0 presetIdx=0 currentFreq=10565 firstFreq=10565 (offset=3)
02-20 16:03:51.039 D/K706RadioManager(17927): PresetList: band reportada=0 (ignorada, mCurrentBand=0)
02-20 16:03:51.039 D/K706RadioManager(17927): >>> FREQ: 105600 -> 105650 (MCU=10565, 105,65 MHz)
02-20 16:03:51.059 E/mcu_services( 5539): MCU2APP : [ff fe fd 03 01 29 6d 45 ff ]
02-20 16:03:51.062 D/K706RadioManager(17927): IMcuListener.onTransact: code=1 flags=16
02-20 16:03:51.063 D/K706RadioManager(17927): >>> IMcuListener.onMcuInfoChanged received! data=29 6D 
02-20 16:03:51.064 D/K706RadioManager(17927): MCU[0x29] len=2 : 29 6D 
02-20 16:03:51.065 D/K706RadioManager(17927): Unknown MCU packet type: 0x29
02-20 16:03:51.081 E/mcu_services( 5539): MCU2APP : [ff fe fd 12 01 b1 00 00 29 4a 23 aa 23 32 26 52 29 72 2a 26 22 56 1c ff ]
02-20 16:03:51.082 D/TunerPresenter(12107): handleTunerRawData: b1 0 0 29 4a 23 aa 23 32 26 52 29 72 2a 26 22 56 
02-20 16:03:51.084 D/K706RadioManager(17927): IMcuListener.onTransact: code=1 flags=16
02-20 16:03:51.085 D/K706RadioManager(17927): >>> IMcuListener.onMcuInfoChanged received! data=B1 00 00 29 4A 23 AA 23 32 26 52 29 72 2A 26 22 56 
02-20 16:03:51.085 D/TunerManagerForExt(12107): FMRadio main (TunerManagerForExt.java:147) onTunerPresetListChanged:  - mBand: 0 - mPresetIndex: 0 - mFrequency: 10570 - index: 0 - preset: 9130 - index: 1 - preset: 9010 - index: 2 - preset: 9810 - index: 3 - preset: 10610 - index: 4 - preset: 10790 - index: 5 - preset: 8790
02-20 16:03:51.086 D/K706RadioManager(17927): MCU[0xB1] len=17 : B1 00 00 29 4A 23 AA 23 32 26 52 29 72 2A 26 22 56 
02-20 16:03:51.086 D/K706RadioManager(17927): PresetList: band=0 presetIdx=0 currentFreq=10570 firstFreq=10570 (offset=3)
02-20 16:03:51.086 D/K706RadioManager(17927): PresetList: band reportada=0 (ignorada, mCurrentBand=0)
02-20 16:03:51.087 D/K706RadioManager(17927): >>> FREQ: 105650 -> 105700 (MCU=10570, 105,70 MHz)
02-20 16:03:51.132 E/mcu_services( 5539): MCU2APP : [ff fe fd 12 01 b1 00 00 29 4f 23 aa 23 32 26 52 29 72 2a 26 22 56 19 ff ]
02-20 16:03:51.132 D/TunerPresenter(12107): handleTunerRawData: b1 0 0 29 4f 23 aa 23 32 26 52 29 72 2a 26 22 56 
02-20 16:03:51.134 D/K706RadioManager(17927): IMcuListener.onTransact: code=1 flags=16
02-20 16:03:51.135 D/TunerManagerForExt(12107): FMRadio main (TunerManagerForExt.java:147) onTunerPresetListChanged:  - mBand: 0 - mPresetIndex: 0 - mFrequency: 10575 - index: 0 - preset: 9130 - index: 1 - preset: 9010 - index: 2 - preset: 9810 - index: 3 - preset: 10610 - index: 4 - preset: 10790 - index: 5 - preset: 8790
02-20 16:03:51.135 D/K706RadioManager(17927): >>> IMcuListener.onMcuInfoChanged received! data=B1 00 00 29 4F 23 AA 23 32 26 52 29 72 2A 26 22 56 
02-20 16:03:51.136 D/K706RadioManager(17927): MCU[0xB1] len=17 : B1 00 00 29 4F 23 AA 23 32 26 52 29 72 2A 26 22 56 
02-20 16:03:51.136 D/K706RadioManager(17927): PresetList: band=0 presetIdx=0 currentFreq=10575 firstFreq=10575 (offset=3)
02-20 16:03:51.136 D/K706RadioManager(17927): PresetList: band reportada=0 (ignorada, mCurrentBand=0)
02-20 16:03:51.136 D/K706RadioManager(17927): >>> FREQ: 105700 -> 105750 (MCU=10575, 105,75 MHz)
02-20 16:03:51.181 E/mcu_services( 5539): MCU2APP : [ff fe fd 12 01 b1 00 00 29 54 23 aa 23 32 26 52 29 72 2a 26 22 56 02 ff ]
02-20 16:03:51.183 D/TunerPresenter(12107): handleTunerRawData: b1 0 0 29 54 23 aa 23 32 26 52 29 72 2a 26 22 56 
02-20 16:03:51.185 D/K706RadioManager(17927): IMcuListener.onTransact: code=1 flags=16
02-20 16:03:51.186 D/TunerManagerForExt(12107): FMRadio main (TunerManagerForExt.java:147) onTunerPresetListChanged:  - mBand: 0 - mPresetIndex: 0 - mFrequency: 10580 - index: 0 - preset: 9130 - index: 1 - preset: 9010 - index: 2 - preset: 9810 - index: 3 - preset: 10610 - index: 4 - preset: 10790 - index: 5 - preset: 8790
02-20 16:03:51.187 D/K706RadioManager(17927): >>> IMcuListener.onMcuInfoChanged received! data=B1 00 00 29 54 23 AA 23 32 26 52 29 72 2A 26 22 56 
02-20 16:03:51.188 D/K706RadioManager(17927): MCU[0xB1] len=17 : B1 00 00 29 54 23 AA 23 32 26 52 29 72 2A 26 22 56 
02-20 16:03:51.188 D/K706RadioManager(17927): PresetList: band=0 presetIdx=0 currentFreq=10580 firstFreq=10580 (offset=3)
02-20 16:03:51.188 D/K706RadioManager(17927): PresetList: band reportada=0 (ignorada, mCurrentBand=0)
02-20 16:03:51.188 D/K706RadioManager(17927): >>> FREQ: 105750 -> 105800 (MCU=10580, 105,80 MHz)
02-20 16:03:51.231 E/mcu_services( 5539): MCU2APP : [ff fe fd 12 01 b1 00 00 29 59 23 aa 23 32 26 52 29 72 2a 26 22 56 0f ff ]
02-20 16:03:51.232 D/TunerPresenter(12107): handleTunerRawData: b1 0 0 29 59 23 aa 23 32 26 52 29 72 2a 26 22 56 
02-20 16:03:51.234 D/K706RadioManager(17927): IMcuListener.onTransact: code=1 flags=16
02-20 16:03:51.236 D/K706RadioManager(17927): >>> IMcuListener.onMcuInfoChanged received! data=B1 00 00 29 59 23 AA 23 32 26 52 29 72 2A 26 22 56 
02-20 16:03:51.236 D/TunerManagerForExt(12107): FMRadio main (TunerManagerForExt.java:147) onTunerPresetListChanged:  - mBand: 0 - mPresetIndex: 0 - mFrequency: 10585 - index: 0 - preset: 9130 - index: 1 - preset: 9010 - index: 2 - preset: 9810 - index: 3 - preset: 10610 - index: 4 - preset: 10790 - index: 5 - preset: 8790
02-20 16:03:51.237 D/K706RadioManager(17927): MCU[0xB1] len=17 : B1 00 00 29 59 23 AA 23 32 26 52 29 72 2A 26 22 56 
02-20 16:03:51.237 D/K706RadioManager(17927): PresetList: band=0 presetIdx=0 currentFreq=10585 firstFreq=10585 (offset=3)
02-20 16:03:51.237 D/K706RadioManager(17927): PresetList: band reportada=0 (ignorada, mCurrentBand=0)
02-20 16:03:51.237 D/K706RadioManager(17927): >>> FREQ: 105800 -> 105850 (MCU=10585, 105,85 MHz)
02-20 16:03:51.280 E/mcu_services( 5539): MCU2APP : [ff fe fd 12 01 b1 00 00 29 5e 23 aa 23 32 26 52 29 72 2a 26 22 56 08 ff ]
02-20 16:03:51.282 D/TunerPresenter(12107): handleTunerRawData: b1 0 0 29 5e 23 aa 23 32 26 52 29 72 2a 26 22 56 
02-20 16:03:51.284 D/K706RadioManager(17927): IMcuListener.onTransact: code=1 flags=16
02-20 16:03:51.285 D/TunerManagerForExt(12107): FMRadio main (TunerManagerForExt.java:147) onTunerPresetListChanged:  - mBand: 0 - mPresetIndex: 0 - mFrequency: 10590 - index: 0 - preset: 9130 - index: 1 - preset: 9010 - index: 2 - preset: 9810 - index: 3 - preset: 10610 - index: 4 - preset: 10790 - index: 5 - preset: 8790
02-20 16:03:51.285 D/K706RadioManager(17927): >>> IMcuListener.onMcuInfoChanged received! data=B1 00 00 29 5E 23 AA 23 32 26 52 29 72 2A 26 22 56 
02-20 16:03:51.286 D/K706RadioManager(17927): MCU[0xB1] len=17 : B1 00 00 29 5E 23 AA 23 32 26 52 29 72 2A 26 22 56 
02-20 16:03:51.286 D/K706RadioManager(17927): PresetList: band=0 presetIdx=0 currentFreq=10590 firstFreq=10590 (offset=3)
02-20 16:03:51.286 D/K706RadioManager(17927): PresetList: band reportada=0 (ignorada, mCurrentBand=0)
02-20 16:03:51.287 D/K706RadioManager(17927): >>> FREQ: 105850 -> 105900 (MCU=10590, 105,90 MHz)
02-20 16:03:51.330 E/mcu_services( 5539): MCU2APP : [ff fe fd 12 01 b1 00 00 29 63 23 aa 23 32 26 52 29 72 2a 26 22 56 35 ff ]
02-20 16:03:51.332 D/TunerPresenter(12107): handleTunerRawData: b1 0 0 29 63 23 aa 23 32 26 52 29 72 2a 26 22 56 
02-20 16:03:51.333 D/K706RadioManager(17927): IMcuListener.onTransact: code=1 flags=16
02-20 16:03:51.334 D/K706RadioManager(17927): >>> IMcuListener.onMcuInfoChanged received! data=B1 00 00 29 63 23 AA 23 32 26 52 29 72 2A 26 22 56 
02-20 16:03:51.335 D/TunerManagerForExt(12107): FMRadio main (TunerManagerForExt.java:147) onTunerPresetListChanged:  - mBand: 0 - mPresetIndex: 0 - mFrequency: 10595 - index: 0 - preset: 9130 - index: 1 - preset: 9010 - index: 2 - preset: 9810 - index: 3 - preset: 10610 - index: 4 - preset: 10790 - index: 5 - preset: 8790
02-20 16:03:51.335 D/K706RadioManager(17927): MCU[0xB1] len=17 : B1 00 00 29 63 23 AA 23 32 26 52 29 72 2A 26 22 56 
02-20 16:03:51.335 D/K706RadioManager(17927): PresetList: band=0 presetIdx=0 currentFreq=10595 firstFreq=10595 (offset=3)
02-20 16:03:51.335 D/K706RadioManager(17927): PresetList: band reportada=0 (ignorada, mCurrentBand=0)
02-20 16:03:51.336 D/K706RadioManager(17927): >>> FREQ: 105900 -> 105950 (MCU=10595, 105,95 MHz)
02-20 16:03:51.380 E/mcu_services( 5539): MCU2APP : [ff fe fd 12 01 b1 00 00 29 68 23 aa 23 32 26 52 29 72 2a 26 22 56 3e ff ]
02-20 16:03:51.381 D/TunerPresenter(12107): handleTunerRawData: b1 0 0 29 68 23 aa 23 32 26 52 29 72 2a 26 22 56 
02-20 16:03:51.384 D/K706RadioManager(17927): IMcuListener.onTransact: code=1 flags=16
02-20 16:03:51.384 D/TunerManagerForExt(12107): FMRadio main (TunerManagerForExt.java:147) onTunerPresetListChanged:  - mBand: 0 - mPresetIndex: 0 - mFrequency: 10600 - index: 0 - preset: 9130 - index: 1 - preset: 9010 - index: 2 - preset: 9810 - index: 3 - preset: 10610 - index: 4 - preset: 10790 - index: 5 - preset: 8790
02-20 16:03:51.385 D/K706RadioManager(17927): >>> IMcuListener.onMcuInfoChanged received! data=B1 00 00 29 68 23 AA 23 32 26 52 29 72 2A 26 22 56 
02-20 16:03:51.386 D/K706RadioManager(17927): MCU[0xB1] len=17 : B1 00 00 29 68 23 AA 23 32 26 52 29 72 2A 26 22 56 
02-20 16:03:51.386 D/K706RadioManager(17927): PresetList: band=0 presetIdx=0 currentFreq=10600 firstFreq=10600 (offset=3)
02-20 16:03:51.386 D/K706RadioManager(17927): PresetList: band reportada=0 (ignorada, mCurrentBand=0)
02-20 16:03:51.386 D/K706RadioManager(17927): >>> FREQ: 105950 -> 106000 (MCU=10600, 106,00 MHz)
02-20 16:03:51.430 E/mcu_services( 5539): MCU2APP : [ff fe fd 12 01 b1 00 00 29 6d 23 aa 23 32 26 52 29 72 2a 26 22 56 3b ff ]
02-20 16:03:51.432 D/TunerPresenter(12107): handleTunerRawData: b1 0 0 29 6d 23 aa 23 32 26 52 29 72 2a 26 22 56 
02-20 16:03:51.433 D/K706RadioManager(17927): IMcuListener.onTransact: code=1 flags=16
02-20 16:03:51.434 D/K706RadioManager(17927): >>> IMcuListener.onMcuInfoChanged received! data=B1 00 00 29 6D 23 AA 23 32 26 52 29 72 2A 26 22 56 
02-20 16:03:51.434 D/TunerManagerForExt(12107): FMRadio main (TunerManagerForExt.java:147) onTunerPresetListChanged:  - mBand: 0 - mPresetIndex: 0 - mFrequency: 10605 - index: 0 - preset: 9130 - index: 1 - preset: 9010 - index: 2 - preset: 9810 - index: 3 - preset: 10610 - index: 4 - preset: 10790 - index: 5 - preset: 8790
02-20 16:03:51.435 D/K706RadioManager(17927): MCU[0xB1] len=17 : B1 00 00 29 6D 23 AA 23 32 26 52 29 72 2A 26 22 56 
02-20 16:03:51.435 D/K706RadioManager(17927): PresetList: band=0 presetIdx=0 currentFreq=10605 firstFreq=10605 (offset=3)
02-20 16:03:51.435 D/K706RadioManager(17927): PresetList: band reportada=0 (ignorada, mCurrentBand=0)
02-20 16:03:51.435 D/K706RadioManager(17927): >>> FREQ: 106000 -> 106050 (MCU=10605, 106,05 MHz)
02-20 16:03:51.479 E/mcu_services( 5539): MCU2APP : [ff fe fd 12 01 b1 00 00 29 72 23 aa 23 32 26 52 29 72 2a 26 22 56 24 ff ]
02-20 16:03:51.480 D/TunerPresenter(12107): handleTunerRawData: b1 0 0 29 72 23 aa 23 32 26 52 29 72 2a 26 22 56 
02-20 16:03:51.482 D/K706RadioManager(17927): IMcuListener.onTransact: code=1 flags=16
02-20 16:03:51.483 D/K706RadioManager(17927): >>> IMcuListener.onMcuInfoChanged received! data=B1 00 00 29 72 23 AA 23 32 26 52 29 72 2A 26 22 56 
02-20 16:03:51.484 D/TunerManagerForExt(12107): FMRadio main (TunerManagerForExt.java:147) onTunerPresetListChanged:  - mBand: 0 - mPresetIndex: 0 - mFrequency: 10610 - index: 0 - preset: 9130 - index: 1 - preset: 9010 - index: 2 - preset: 9810 - index: 3 - preset: 10610 - index: 4 - preset: 10790 - index: 5 - preset: 8790
02-20 16:03:51.484 D/K706RadioManager(17927): MCU[0xB1] len=17 : B1 00 00 29 72 23 AA 23 32 26 52 29 72 2A 26 22 56 
02-20 16:03:51.484 D/K706RadioManager(17927): PresetList: band=0 presetIdx=0 currentFreq=10610 firstFreq=10610 (offset=3)
02-20 16:03:51.484 D/K706RadioManager(17927): PresetList: band reportada=0 (ignorada, mCurrentBand=0)
02-20 16:03:51.484 D/K706RadioManager(17927): >>> FREQ: 106050 -> 106100 (MCU=10610, 106,10 MHz)
02-20 16:03:51.529 E/mcu_services( 5539): MCU2APP : [ff fe fd 12 01 b1 00 00 29 77 23 aa 23 32 26 52 29 72 2a 26 22 56 21 ff ]
02-20 16:03:51.530 D/TunerPresenter(12107): handleTunerRawData: b1 0 0 29 77 23 aa 23 32 26 52 29 72 2a 26 22 56 
02-20 16:03:51.531 D/K706RadioManager(17927): IMcuListener.onTransact: code=1 flags=16
02-20 16:03:51.532 D/K706RadioManager(17927): >>> IMcuListener.onMcuInfoChanged received! data=B1 00 00 29 77 23 AA 23 32 26 52 29 72 2A 26 22 56 
02-20 16:03:51.534 D/K706RadioManager(17927): MCU[0xB1] len=17 : B1 00 00 29 77 23 AA 23 32 26 52 29 72 2A 26 22 56 
02-20 16:03:51.534 D/K706RadioManager(17927): PresetList: band=0 presetIdx=0 currentFreq=10615 firstFreq=10615 (offset=3)
02-20 16:03:51.534 D/K706RadioManager(17927): PresetList: band reportada=0 (ignorada, mCurrentBand=0)
02-20 16:03:51.534 D/K706RadioManager(17927): >>> FREQ: 106100 -> 106150 (MCU=10615, 106,15 MHz)
02-20 16:03:51.535 D/TunerManagerForExt(12107): FMRadio main (TunerManagerForExt.java:147) onTunerPresetListChanged:  - mBand: 0 - mPresetIndex: 0 - mFrequency: 10615 - index: 0 - preset: 9130 - index: 1 - preset: 9010 - index: 2 - preset: 9810 - index: 3 - preset: 10610 - index: 4 - preset: 10790 - index: 5 - preset: 8790
02-20 16:03:51.579 E/mcu_services( 5539): MCU2APP : [ff fe fd 12 01 b1 00 00 29 7c 23 aa 23 32 26 52 29 72 2a 26 22 56 2a ff ]
02-20 16:03:51.580 D/TunerPresenter(12107): handleTunerRawData: b1 0 0 29 7c 23 aa 23 32 26 52 29 72 2a 26 22 56 
02-20 16:03:51.581 D/K706RadioManager(17927): IMcuListener.onTransact: code=1 flags=16
02-20 16:03:51.583 D/K706RadioManager(17927): >>> IMcuListener.onMcuInfoChanged received! data=B1 00 00 29 7C 23 AA 23 32 26 52 29 72 2A 26 22 56 
02-20 16:03:51.583 D/TunerManagerForExt(12107): FMRadio main (TunerManagerForExt.java:147) onTunerPresetListChanged:  - mBand: 0 - mPresetIndex: 0 - mFrequency: 10620 - index: 0 - preset: 9130 - index: 1 - preset: 9010 - index: 2 - preset: 9810 - index: 3 - preset: 10610 - index: 4 - preset: 10790 - index: 5 - preset: 8790
02-20 16:03:51.584 D/K706RadioManager(17927): MCU[0xB1] len=17 : B1 00 00 29 7C 23 AA 23 32 26 52 29 72 2A 26 22 56 
02-20 16:03:51.584 D/K706RadioManager(17927): PresetList: band=0 presetIdx=0 currentFreq=10620 firstFreq=10620 (offset=3)
02-20 16:03:51.584 D/K706RadioManager(17927): PresetList: band reportada=0 (ignorada, mCurrentBand=0)
02-20 16:03:51.585 D/K706RadioManager(17927): >>> FREQ: 106150 -> 106200 (MCU=10620, 106,20 MHz)
02-20 16:03:51.628 E/mcu_services( 5539): MCU2APP : [ff fe fd 12 01 b1 00 00 29 81 23 aa 23 32 26 52 29 72 2a 26 22 56 d7 ff ]
02-20 16:03:51.630 D/TunerPresenter(12107): handleTunerRawData: b1 0 0 29 81 23 aa 23 32 26 52 29 72 2a 26 22 56 
02-20 16:03:51.631 D/K706RadioManager(17927): IMcuListener.onTransact: code=1 flags=16
02-20 16:03:51.633 D/K706RadioManager(17927): >>> IMcuListener.onMcuInfoChanged received! data=B1 00 00 29 81 23 AA 23 32 26 52 29 72 2A 26 22 56 
02-20 16:03:51.633 D/TunerManagerForExt(12107): FMRadio main (TunerManagerForExt.java:147) onTunerPresetListChanged:  - mBand: 0 - mPresetIndex: 0 - mFrequency: 10625 - index: 0 - preset: 9130 - index: 1 - preset: 9010 - index: 2 - preset: 9810 - index: 3 - preset: 10610 - index: 4 - preset: 10790 - index: 5 - preset: 8790
02-20 16:03:51.633 D/K706RadioManager(17927): MCU[0xB1] len=17 : B1 00 00 29 81 23 AA 23 32 26 52 29 72 2A 26 22 56 
02-20 16:03:51.633 D/K706RadioManager(17927): PresetList: band=0 presetIdx=0 currentFreq=10625 firstFreq=10625 (offset=3)
02-20 16:03:51.633 D/K706RadioManager(17927): PresetList: band reportada=0 (ignorada, mCurrentBand=0)
02-20 16:03:51.634 D/K706RadioManager(17927): >>> FREQ: 106200 -> 106250 (MCU=10625, 106,25 MHz)
02-20 16:03:51.678 E/mcu_services( 5539): MCU2APP : [ff fe fd 12 01 b1 00 00 29 86 23 aa 23 32 26 52 29 72 2a 26 22 56 d0 ff ]
02-20 16:03:51.680 D/TunerPresenter(12107): handleTunerRawData: b1 0 0 29 86 23 aa 23 32 26 52 29 72 2a 26 22 56 
02-20 16:03:51.681 D/K706RadioManager(17927): IMcuListener.onTransact: code=1 flags=16
02-20 16:03:51.682 D/K706RadioManager(17927): >>> IMcuListener.onMcuInfoChanged received! data=B1 00 00 29 86 23 AA 23 32 26 52 29 72 2A 26 22 56 
02-20 16:03:51.682 D/TunerManagerForExt(12107): FMRadio main (TunerManagerForExt.java:147) onTunerPresetListChanged:  - mBand: 0 - mPresetIndex: 0 - mFrequency: 10630 - index: 0 - preset: 9130 - index: 1 - preset: 9010 - index: 2 - preset: 9810 - index: 3 - preset: 10610 - index: 4 - preset: 10790 - index: 5 - preset: 8790
02-20 16:03:51.683 D/K706RadioManager(17927): MCU[0xB1] len=17 : B1 00 00 29 86 23 AA 23 32 26 52 29 72 2A 26 22 56 
02-20 16:03:51.683 D/K706RadioManager(17927): PresetList: band=0 presetIdx=0 currentFreq=10630 firstFreq=10630 (offset=3)
02-20 16:03:51.683 D/K706RadioManager(17927): PresetList: band reportada=0 (ignorada, mCurrentBand=0)
02-20 16:03:51.683 D/K706RadioManager(17927): >>> FREQ: 106250 -> 106300 (MCU=10630, 106,30 MHz)
02-20 16:03:51.728 E/mcu_services( 5539): MCU2APP : [ff fe fd 12 01 b1 00 00 29 8b 23 aa 23 32 26 52 29 72 2a 26 22 56 dd ff ]
02-20 16:03:51.729 D/TunerPresenter(12107): handleTunerRawData: b1 0 0 29 8b 23 aa 23 32 26 52 29 72 2a 26 22 56 
02-20 16:03:51.730 D/K706RadioManager(17927): IMcuListener.onTransact: code=1 flags=16
02-20 16:03:51.731 D/K706RadioManager(17927): >>> IMcuListener.onMcuInfoChanged received! data=B1 00 00 29 8B 23 AA 23 32 26 52 29 72 2A 26 22 56 
02-20 16:03:51.732 D/TunerManagerForExt(12107): FMRadio main (TunerManagerForExt.java:147) onTunerPresetListChanged:  - mBand: 0 - mPresetIndex: 0 - mFrequency: 10635 - index: 0 - preset: 9130 - index: 1 - preset: 9010 - index: 2 - preset: 9810 - index: 3 - preset: 10610 - index: 4 - preset: 10790 - index: 5 - preset: 8790
02-20 16:03:51.732 D/K706RadioManager(17927): MCU[0xB1] len=17 : B1 00 00 29 8B 23 AA 23 32 26 52 29 72 2A 26 22 56 
02-20 16:03:51.732 D/K706RadioManager(17927): PresetList: band=0 presetIdx=0 currentFreq=10635 firstFreq=10635 (offset=3)
02-20 16:03:51.732 D/K706RadioManager(17927): PresetList: band reportada=0 (ignorada, mCurrentBand=0)
02-20 16:03:51.732 D/K706RadioManager(17927): >>> FREQ: 106300 -> 106350 (MCU=10635, 106,35 MHz)
02-20 16:03:51.777 E/mcu_services( 5539): MCU2APP : [ff fe fd 12 01 b1 00 00 29 90 23 aa 23 32 26 52 29 72 2a 26 22 56 c6 ff ]
02-20 16:03:51.778 D/TunerPresenter(12107): handleTunerRawData: b1 0 0 29 90 23 aa 23 32 26 52 29 72 2a 26 22 56 
02-20 16:03:51.780 D/K706RadioManager(17927): IMcuListener.onTransact: code=1 flags=16
02-20 16:03:51.781 D/K706RadioManager(17927): >>> IMcuListener.onMcuInfoChanged received! data=B1 00 00 29 90 23 AA 23 32 26 52 29 72 2A 26 22 56 
02-20 16:03:51.781 D/TunerManagerForExt(12107): FMRadio main (TunerManagerForExt.java:147) onTunerPresetListChanged:  - mBand: 0 - mPresetIndex: 0 - mFrequency: 10640 - index: 0 - preset: 9130 - index: 1 - preset: 9010 - index: 2 - preset: 9810 - index: 3 - preset: 10610 - index: 4 - preset: 10790 - index: 5 - preset: 8790
02-20 16:03:51.782 D/K706RadioManager(17927): MCU[0xB1] len=17 : B1 00 00 29 90 23 AA 23 32 26 52 29 72 2A 26 22 56 
02-20 16:03:51.782 D/K706RadioManager(17927): PresetList: band=0 presetIdx=0 currentFreq=10640 firstFreq=10640 (offset=3)
02-20 16:03:51.782 D/K706RadioManager(17927): PresetList: band reportada=0 (ignorada, mCurrentBand=0)
02-20 16:03:51.782 D/K706RadioManager(17927): >>> FREQ: 106350 -> 106400 (MCU=10640, 106,40 MHz)
02-20 16:03:51.827 E/mcu_services( 5539): MCU2APP : [ff fe fd 12 01 b1 00 00 29 95 23 aa 23 32 26 52 29 72 2a 26 22 56 c3 ff ]
02-20 16:03:51.828 D/TunerPresenter(12107): handleTunerRawData: b1 0 0 29 95 23 aa 23 32 26 52 29 72 2a 26 22 56 
02-20 16:03:51.829 D/K706RadioManager(17927): IMcuListener.onTransact: code=1 flags=16
02-20 16:03:51.830 D/K706RadioManager(17927): >>> IMcuListener.onMcuInfoChanged received! data=B1 00 00 29 95 23 AA 23 32 26 52 29 72 2A 26 22 56 
02-20 16:03:51.831 D/TunerManagerForExt(12107): FMRadio main (TunerManagerForExt.java:147) onTunerPresetListChanged:  - mBand: 0 - mPresetIndex: 0 - mFrequency: 10645 - index: 0 - preset: 9130 - index: 1 - preset: 9010 - index: 2 - preset: 9810 - index: 3 - preset: 10610 - index: 4 - preset: 10790 - index: 5 - preset: 8790
02-20 16:03:51.831 D/K706RadioManager(17927): MCU[0xB1] len=17 : B1 00 00 29 95 23 AA 23 32 26 52 29 72 2A 26 22 56 
02-20 16:03:51.831 D/K706RadioManager(17927): PresetList: band=0 presetIdx=0 currentFreq=10645 firstFreq=10645 (offset=3)
02-20 16:03:51.831 D/K706RadioManager(17927): PresetList: band reportada=0 (ignorada, mCurrentBand=0)
02-20 16:03:51.832 D/K706RadioManager(17927): >>> FREQ: 106400 -> 106450 (MCU=10645, 106,45 MHz)
02-20 16:03:51.877 E/mcu_services( 5539): MCU2APP : [ff fe fd 12 01 b1 00 00 29 9a 23 aa 23 32 26 52 29 72 2a 26 22 56 cc ff ]
02-20 16:03:51.879 D/TunerPresenter(12107): handleTunerRawData: b1 0 0 29 9a 23 aa 23 32 26 52 29 72 2a 26 22 56 
02-20 16:03:51.880 D/K706RadioManager(17927): IMcuListener.onTransact: code=1 flags=16
02-20 16:03:51.881 D/K706RadioManager(17927): >>> IMcuListener.onMcuInfoChanged received! data=B1 00 00 29 9A 23 AA 23 32 26 52 29 72 2A 26 22 56 
02-20 16:03:51.882 D/TunerManagerForExt(12107): FMRadio main (TunerManagerForExt.java:147) onTunerPresetListChanged:  - mBand: 0 - mPresetIndex: 0 - mFrequency: 10650 - index: 0 - preset: 9130 - index: 1 - preset: 9010 - index: 2 - preset: 9810 - index: 3 - preset: 10610 - index: 4 - preset: 10790 - index: 5 - preset: 8790
02-20 16:03:51.882 D/K706RadioManager(17927): MCU[0xB1] len=17 : B1 00 00 29 9A 23 AA 23 32 26 52 29 72 2A 26 22 56 
02-20 16:03:51.882 D/K706RadioManager(17927): PresetList: band=0 presetIdx=0 currentFreq=10650 firstFreq=10650 (offset=3)
02-20 16:03:51.882 D/K706RadioManager(17927): PresetList: band reportada=0 (ignorada, mCurrentBand=0)
02-20 16:03:51.882 D/K706RadioManager(17927): >>> FREQ: 106450 -> 106500 (MCU=10650, 106,50 MHz)
02-20 16:03:51.927 E/mcu_services( 5539): MCU2APP : [ff fe fd 12 01 b1 00 00 29 9f 23 aa 23 32 26 52 29 72 2a 26 22 56 c9 ff ]
02-20 16:03:51.929 D/TunerPresenter(12107): handleTunerRawData: b1 0 0 29 9f 23 aa 23 32 26 52 29 72 2a 26 22 56 
02-20 16:03:51.930 D/K706RadioManager(17927): IMcuListener.onTransact: code=1 flags=16
02-20 16:03:51.931 D/K706RadioManager(17927): >>> IMcuListener.onMcuInfoChanged received! data=B1 00 00 29 9F 23 AA 23 32 26 52 29 72 2A 26 22 56 
02-20 16:03:51.932 D/TunerManagerForExt(12107): FMRadio main (TunerManagerForExt.java:147) onTunerPresetListChanged:  - mBand: 0 - mPresetIndex: 0 - mFrequency: 10655 - index: 0 - preset: 9130 - index: 1 - preset: 9010 - index: 2 - preset: 9810 - index: 3 - preset: 10610 - index: 4 - preset: 10790 - index: 5 - preset: 8790
02-20 16:03:51.932 D/K706RadioManager(17927): MCU[0xB1] len=17 : B1 00 00 29 9F 23 AA 23 32 26 52 29 72 2A 26 22 56 
02-20 16:03:51.932 D/K706RadioManager(17927): PresetList: band=0 presetIdx=0 currentFreq=10655 firstFreq=10655 (offset=3)
02-20 16:03:51.932 D/K706RadioManager(17927): PresetList: band reportada=0 (ignorada, mCurrentBand=0)
02-20 16:03:51.932 D/K706RadioManager(17927): >>> FREQ: 106500 -> 106550 (MCU=10655, 106,55 MHz)
02-20 16:03:51.976 E/mcu_services( 5539): MCU2APP : [ff fe fd 12 01 b1 00 00 29 a4 23 aa 23 32 26 52 29 72 2a 26 22 56 f2 ff ]
02-20 16:03:51.978 D/TunerPresenter(12107): handleTunerRawData: b1 0 0 29 a4 23 aa 23 32 26 52 29 72 2a 26 22 56 
02-20 16:03:51.980 D/K706RadioManager(17927): IMcuListener.onTransact: code=1 flags=16
02-20 16:03:51.981 D/K706RadioManager(17927): >>> IMcuListener.onMcuInfoChanged received! data=B1 00 00 29 A4 23 AA 23 32 26 52 29 72 2A 26 22 56 
02-20 16:03:51.982 D/TunerManagerForExt(12107): FMRadio main (TunerManagerForExt.java:147) onTunerPresetListChanged:  - mBand: 0 - mPresetIndex: 0 - mFrequency: 10660 - index: 0 - preset: 9130 - index: 1 - preset: 9010 - index: 2 - preset: 9810 - index: 3 - preset: 10610 - index: 4 - preset: 10790 - index: 5 - preset: 8790
02-20 16:03:51.982 D/K706RadioManager(17927): MCU[0xB1] len=17 : B1 00 00 29 A4 23 AA 23 32 26 52 29 72 2A 26 22 56 
02-20 16:03:51.982 D/K706RadioManager(17927): PresetList: band=0 presetIdx=0 currentFreq=10660 firstFreq=10660 (offset=3)
02-20 16:03:51.982 D/K706RadioManager(17927): PresetList: band reportada=0 (ignorada, mCurrentBand=0)
02-20 16:03:51.983 D/K706RadioManager(17927): >>> FREQ: 106550 -> 106600 (MCU=10660, 106,60 MHz)
02-20 16:03:52.026 E/mcu_services( 5539): MCU2APP : [ff fe fd 12 01 b1 00 00 29 a9 23 aa 23 32 26 52 29 72 2a 26 22 56 ff ff ]
02-20 16:03:52.027 D/TunerPresenter(12107): handleTunerRawData: b1 0 0 29 a9 23 aa 23 32 26 52 29 72 2a 26 22 56 
02-20 16:03:52.029 D/K706RadioManager(17927): IMcuListener.onTransact: code=1 flags=16
02-20 16:03:52.030 D/K706RadioManager(17927): >>> IMcuListener.onMcuInfoChanged received! data=B1 00 00 29 A9 23 AA 23 32 26 52 29 72 2A 26 22 56 
02-20 16:03:52.030 D/TunerManagerForExt(12107): FMRadio main (TunerManagerForExt.java:147) onTunerPresetListChanged:  - mBand: 0 - mPresetIndex: 0 - mFrequency: 10665 - index: 0 - preset: 9130 - index: 1 - preset: 9010 - index: 2 - preset: 9810 - index: 3 - preset: 10610 - index: 4 - preset: 10790 - index: 5 - preset: 8790
02-20 16:03:52.031 D/K706RadioManager(17927): MCU[0xB1] len=17 : B1 00 00 29 A9 23 AA 23 32 26 52 29 72 2A 26 22 56 
02-20 16:03:52.031 D/K706RadioManager(17927): PresetList: band=0 presetIdx=0 currentFreq=10665 firstFreq=10665 (offset=3)
02-20 16:03:52.031 D/K706RadioManager(17927): PresetList: band reportada=0 (ignorada, mCurrentBand=0)
02-20 16:03:52.031 D/K706RadioManager(17927): >>> FREQ: 106600 -> 106650 (MCU=10665, 106,65 MHz)
02-20 16:03:52.076 E/mcu_services( 5539): MCU2APP : [ff fe fd 12 01 b1 00 00 29 ae 23 aa 23 32 26 52 29 72 2a 26 22 56 f8 ff ]
02-20 16:03:52.078 D/TunerPresenter(12107): handleTunerRawData: b1 0 0 29 ae 23 aa 23 32 26 52 29 72 2a 26 22 56 
02-20 16:03:52.079 D/K706RadioManager(17927): IMcuListener.onTransact: code=1 flags=16
02-20 16:03:52.081 D/K706RadioManager(17927): >>> IMcuListener.onMcuInfoChanged received! data=B1 00 00 29 AE 23 AA 23 32 26 52 29 72 2A 26 22 56 
02-20 16:03:52.081 D/TunerManagerForExt(12107): FMRadio main (TunerManagerForExt.java:147) onTunerPresetListChanged:  - mBand: 0 - mPresetIndex: 0 - mFrequency: 10670 - index: 0 - preset: 9130 - index: 1 - preset: 9010 - index: 2 - preset: 9810 - index: 3 - preset: 10610 - index: 4 - preset: 10790 - index: 5 - preset: 8790
02-20 16:03:52.082 D/K706RadioManager(17927): MCU[0xB1] len=17 : B1 00 00 29 AE 23 AA 23 32 26 52 29 72 2A 26 22 56 
02-20 16:03:52.082 D/K706RadioManager(17927): PresetList: band=0 presetIdx=0 currentFreq=10670 firstFreq=10670 (offset=3)
02-20 16:03:52.082 D/K706RadioManager(17927): PresetList: band reportada=0 (ignorada, mCurrentBand=0)
02-20 16:03:52.082 D/K706RadioManager(17927): >>> FREQ: 106650 -> 106700 (MCU=10670, 106,70 MHz)
02-20 16:03:52.126 E/mcu_services( 5539): MCU2APP : [ff fe fd 12 01 b1 00 00 29 b3 23 aa 23 32 26 52 29 72 2a 26 22 56 e5 ff ]
02-20 16:03:52.127 D/TunerPresenter(12107): handleTunerRawData: b1 0 0 29 b3 23 aa 23 32 26 52 29 72 2a 26 22 56 
02-20 16:03:52.128 D/K706RadioManager(17927): IMcuListener.onTransact: code=1 flags=16
02-20 16:03:52.130 D/K706RadioManager(17927): >>> IMcuListener.onMcuInfoChanged received! data=B1 00 00 29 B3 23 AA 23 32 26 52 29 72 2A 26 22 56 
02-20 16:03:52.130 D/TunerManagerForExt(12107): FMRadio main (TunerManagerForExt.java:147) onTunerPresetListChanged:  - mBand: 0 - mPresetIndex: 0 - mFrequency: 10675 - index: 0 - preset: 9130 - index: 1 - preset: 9010 - index: 2 - preset: 9810 - index: 3 - preset: 10610 - index: 4 - preset: 10790 - index: 5 - preset: 8790
02-20 16:03:52.130 D/K706RadioManager(17927): MCU[0xB1] len=17 : B1 00 00 29 B3 23 AA 23 32 26 52 29 72 2A 26 22 56 
02-20 16:03:52.130 D/K706RadioManager(17927): PresetList: band=0 presetIdx=0 currentFreq=10675 firstFreq=10675 (offset=3)
02-20 16:03:52.130 D/K706RadioManager(17927): PresetList: band reportada=0 (ignorada, mCurrentBand=0)
02-20 16:03:52.131 D/K706RadioManager(17927): >>> FREQ: 106700 -> 106750 (MCU=10675, 106,75 MHz)
02-20 16:03:52.175 E/mcu_services( 5539): MCU2APP : [ff fe fd 12 01 b1 00 00 29 b8 23 aa 23 32 26 52 29 72 2a 26 22 56 ee ff ]
02-20 16:03:52.177 D/TunerPresenter(12107): handleTunerRawData: b1 0 0 29 b8 23 aa 23 32 26 52 29 72 2a 26 22 56 
02-20 16:03:52.178 D/K706RadioManager(17927): IMcuListener.onTransact: code=1 flags=16
02-20 16:03:52.179 D/TunerManagerForExt(12107): FMRadio main (TunerManagerForExt.java:147) onTunerPresetListChanged:  - mBand: 0 - mPresetIndex: 0 - mFrequency: 10680 - index: 0 - preset: 9130 - index: 1 - preset: 9010 - index: 2 - preset: 9810 - index: 3 - preset: 10610 - index: 4 - preset: 10790 - index: 5 - preset: 8790
02-20 16:03:52.179 D/K706RadioManager(17927): >>> IMcuListener.onMcuInfoChanged received! data=B1 00 00 29 B8 23 AA 23 32 26 52 29 72 2A 26 22 56 
02-20 16:03:52.180 D/K706RadioManager(17927): MCU[0xB1] len=17 : B1 00 00 29 B8 23 AA 23 32 26 52 29 72 2A 26 22 56 
02-20 16:03:52.180 D/K706RadioManager(17927): PresetList: band=0 presetIdx=0 currentFreq=10680 firstFreq=10680 (offset=3)
02-20 16:03:52.180 D/K706RadioManager(17927): PresetList: band reportada=0 (ignorada, mCurrentBand=0)
02-20 16:03:52.180 D/K706RadioManager(17927): >>> FREQ: 106750 -> 106800 (MCU=10680, 106,80 MHz)
02-20 16:03:52.225 E/mcu_services( 5539): MCU2APP : [ff fe fd 12 01 b1 00 00 29 bd 23 aa 23 32 26 52 29 72 2a 26 22 56 eb ff ]
02-20 16:03:52.227 D/TunerPresenter(12107): handleTunerRawData: b1 0 0 29 bd 23 aa 23 32 26 52 29 72 2a 26 22 56 
02-20 16:03:52.228 D/K706RadioManager(17927): IMcuListener.onTransact: code=1 flags=16
02-20 16:03:52.229 D/TunerManagerForExt(12107): FMRadio main (TunerManagerForExt.java:147) onTunerPresetListChanged:  - mBand: 0 - mPresetIndex: 0 - mFrequency: 10685 - index: 0 - preset: 9130 - index: 1 - preset: 9010 - index: 2 - preset: 9810 - index: 3 - preset: 10610 - index: 4 - preset: 10790 - index: 5 - preset: 8790
02-20 16:03:52.229 D/K706RadioManager(17927): >>> IMcuListener.onMcuInfoChanged received! data=B1 00 00 29 BD 23 AA 23 32 26 52 29 72 2A 26 22 56 
02-20 16:03:52.230 D/K706RadioManager(17927): MCU[0xB1] len=17 : B1 00 00 29 BD 23 AA 23 32 26 52 29 72 2A 26 22 56 
02-20 16:03:52.230 D/K706RadioManager(17927): PresetList: band=0 presetIdx=0 currentFreq=10685 firstFreq=10685 (offset=3)
02-20 16:03:52.230 D/K706RadioManager(17927): PresetList: band reportada=0 (ignorada, mCurrentBand=0)
02-20 16:03:52.231 D/K706RadioManager(17927): >>> FREQ: 106800 -> 106850 (MCU=10685, 106,85 MHz)
02-20 16:03:52.274 E/mcu_services( 5539): MCU2APP : [ff fe fd 12 01 b1 00 00 29 c2 23 aa 23 32 26 52 29 72 2a 26 22 56 94 ff ]
02-20 16:03:52.276 D/TunerPresenter(12107): handleTunerRawData: b1 0 0 29 c2 23 aa 23 32 26 52 29 72 2a 26 22 56 
02-20 16:03:52.279 D/TunerManagerForExt(12107): FMRadio main (TunerManagerForExt.java:147) onTunerPresetListChanged:  - mBand: 0 - mPresetIndex: 0 - mFrequency: 10690 - index: 0 - preset: 9130 - index: 1 - preset: 9010 - index: 2 - preset: 9810 - index: 3 - preset: 10610 - index: 4 - preset: 10790 - index: 5 - preset: 8790
02-20 16:03:52.279 D/K706RadioManager(17927): IMcuListener.onTransact: code=1 flags=16
02-20 16:03:52.280 D/K706RadioManager(17927): >>> IMcuListener.onMcuInfoChanged received! data=B1 00 00 29 C2 23 AA 23 32 26 52 29 72 2A 26 22 56 
02-20 16:03:52.281 D/K706RadioManager(17927): MCU[0xB1] len=17 : B1 00 00 29 C2 23 AA 23 32 26 52 29 72 2A 26 22 56 
02-20 16:03:52.281 D/K706RadioManager(17927): PresetList: band=0 presetIdx=0 currentFreq=10690 firstFreq=10690 (offset=3)
02-20 16:03:52.281 D/K706RadioManager(17927): PresetList: band reportada=0 (ignorada, mCurrentBand=0)
02-20 16:03:52.281 D/K706RadioManager(17927): >>> FREQ: 106850 -> 106900 (MCU=10690, 106,90 MHz)
02-20 16:03:52.324 E/mcu_services( 5539): MCU2APP : [ff fe fd 12 01 b1 00 00 29 c7 23 aa 23 32 26 52 29 72 2a 26 22 56 91 ff ]
02-20 16:03:52.325 D/TunerPresenter(12107): handleTunerRawData: b1 0 0 29 c7 23 aa 23 32 26 52 29 72 2a 26 22 56 
02-20 16:03:52.327 D/K706RadioManager(17927): IMcuListener.onTransact: code=1 flags=16
02-20 16:03:52.328 D/TunerManagerForExt(12107): FMRadio main (TunerManagerForExt.java:147) onTunerPresetListChanged:  - mBand: 0 - mPresetIndex: 0 - mFrequency: 10695 - index: 0 - preset: 9130 - index: 1 - preset: 9010 - index: 2 - preset: 9810 - index: 3 - preset: 10610 - index: 4 - preset: 10790 - index: 5 - preset: 8790
02-20 16:03:52.328 D/K706RadioManager(17927): >>> IMcuListener.onMcuInfoChanged received! data=B1 00 00 29 C7 23 AA 23 32 26 52 29 72 2A 26 22 56 
02-20 16:03:52.329 D/K706RadioManager(17927): MCU[0xB1] len=17 : B1 00 00 29 C7 23 AA 23 32 26 52 29 72 2A 26 22 56 
02-20 16:03:52.329 D/K706RadioManager(17927): PresetList: band=0 presetIdx=0 currentFreq=10695 firstFreq=10695 (offset=3)
02-20 16:03:52.329 D/K706RadioManager(17927): PresetList: band reportada=0 (ignorada, mCurrentBand=0)
02-20 16:03:52.330 D/K706RadioManager(17927): >>> FREQ: 106900 -> 106950 (MCU=10695, 106,95 MHz)
02-20 16:03:52.374 E/mcu_services( 5539): MCU2APP : [ff fe fd 12 01 b1 00 00 29 cc 23 aa 23 32 26 52 29 72 2a 26 22 56 9a ff ]
02-20 16:03:52.376 D/TunerPresenter(12107): handleTunerRawData: b1 0 0 29 cc 23 aa 23 32 26 52 29 72 2a 26 22 56 
02-20 16:03:52.377 D/K706RadioManager(17927): IMcuListener.onTransact: code=1 flags=16
02-20 16:03:52.379 D/TunerManagerForExt(12107): FMRadio main (TunerManagerForExt.java:147) onTunerPresetListChanged:  - mBand: 0 - mPresetIndex: 0 - mFrequency: 10700 - index: 0 - preset: 9130 - index: 1 - preset: 9010 - index: 2 - preset: 9810 - index: 3 - preset: 10610 - index: 4 - preset: 10790 - index: 5 - preset: 8790
02-20 16:03:52.379 D/K706RadioManager(17927): >>> IMcuListener.onMcuInfoChanged received! data=B1 00 00 29 CC 23 AA 23 32 26 52 29 72 2A 26 22 56 
02-20 16:03:52.380 D/K706RadioManager(17927): MCU[0xB1] len=17 : B1 00 00 29 CC 23 AA 23 32 26 52 29 72 2A 26 22 56 
02-20 16:03:52.380 D/K706RadioManager(17927): PresetList: band=0 presetIdx=0 currentFreq=10700 firstFreq=10700 (offset=3)
02-20 16:03:52.380 D/K706RadioManager(17927): PresetList: band reportada=0 (ignorada, mCurrentBand=0)
02-20 16:03:52.380 D/K706RadioManager(17927): >>> FREQ: 106950 -> 107000 (MCU=10700, 107,00 MHz)
02-20 16:03:52.424 E/mcu_services( 5539): MCU2APP : [ff fe fd 12 01 b1 00 00 29 d1 23 aa 23 32 26 52 29 72 2a 26 22 56 87 ff ]
02-20 16:03:52.426 D/TunerPresenter(12107): handleTunerRawData: b1 0 0 29 d1 23 aa 23 32 26 52 29 72 2a 26 22 56 
02-20 16:03:52.427 D/K706RadioManager(17927): IMcuListener.onTransact: code=1 flags=16
02-20 16:03:52.428 D/K706RadioManager(17927): >>> IMcuListener.onMcuInfoChanged received! data=B1 00 00 29 D1 23 AA 23 32 26 52 29 72 2A 26 22 56 
02-20 16:03:52.429 D/TunerManagerForExt(12107): FMRadio main (TunerManagerForExt.java:147) onTunerPresetListChanged:  - mBand: 0 - mPresetIndex: 0 - mFrequency: 10705 - index: 0 - preset: 9130 - index: 1 - preset: 9010 - index: 2 - preset: 9810 - index: 3 - preset: 10610 - index: 4 - preset: 10790 - index: 5 - preset: 8790
02-20 16:03:52.429 D/K706RadioManager(17927): MCU[0xB1] len=17 : B1 00 00 29 D1 23 AA 23 32 26 52 29 72 2A 26 22 56 
02-20 16:03:52.429 D/K706RadioManager(17927): PresetList: band=0 presetIdx=0 currentFreq=10705 firstFreq=10705 (offset=3)
02-20 16:03:52.429 D/K706RadioManager(17927): PresetList: band reportada=0 (ignorada, mCurrentBand=0)
02-20 16:03:52.429 D/K706RadioManager(17927): >>> FREQ: 107000 -> 107050 (MCU=10705, 107,05 MHz)
02-20 16:03:52.473 E/mcu_services( 5539): MCU2APP : [ff fe fd 12 01 b1 00 00 29 d6 23 aa 23 32 26 52 29 72 2a 26 22 56 80 ff ]
02-20 16:03:52.475 D/TunerPresenter(12107): handleTunerRawData: b1 0 0 29 d6 23 aa 23 32 26 52 29 72 2a 26 22 56 
02-20 16:03:52.476 D/K706RadioManager(17927): IMcuListener.onTransact: code=1 flags=16
02-20 16:03:52.477 D/K706RadioManager(17927): >>> IMcuListener.onMcuInfoChanged received! data=B1 00 00 29 D6 23 AA 23 32 26 52 29 72 2A 26 22 56 
02-20 16:03:52.477 D/TunerManagerForExt(12107): FMRadio main (TunerManagerForExt.java:147) onTunerPresetListChanged:  - mBand: 0 - mPresetIndex: 0 - mFrequency: 10710 - index: 0 - preset: 9130 - index: 1 - preset: 9010 - index: 2 - preset: 9810 - index: 3 - preset: 10610 - index: 4 - preset: 10790 - index: 5 - preset: 8790
02-20 16:03:52.478 D/K706RadioManager(17927): MCU[0xB1] len=17 : B1 00 00 29 D6 23 AA 23 32 26 52 29 72 2A 26 22 56 
02-20 16:03:52.478 D/K706RadioManager(17927): PresetList: band=0 presetIdx=0 currentFreq=10710 firstFreq=10710 (offset=3)
02-20 16:03:52.478 D/K706RadioManager(17927): PresetList: band reportada=0 (ignorada, mCurrentBand=0)
02-20 16:03:52.478 D/K706RadioManager(17927): >>> FREQ: 107050 -> 107100 (MCU=10710, 107,10 MHz)
02-20 16:03:52.524 E/mcu_services( 5539): MCU2APP : [ff fe fd 12 01 b1 00 00 29 db 23 aa 23 32 26 52 29 72 2a 26 22 56 8d ff ]
02-20 16:03:52.525 D/TunerPresenter(12107): handleTunerRawData: b1 0 0 29 db 23 aa 23 32 26 52 29 72 2a 26 22 56 
02-20 16:03:52.527 D/K706RadioManager(17927): IMcuListener.onTransact: code=1 flags=16
02-20 16:03:52.528 D/K706RadioManager(17927): >>> IMcuListener.onMcuInfoChanged received! data=B1 00 00 29 DB 23 AA 23 32 26 52 29 72 2A 26 22 56 
02-20 16:03:52.528 D/TunerManagerForExt(12107): FMRadio main (TunerManagerForExt.java:147) onTunerPresetListChanged:  - mBand: 0 - mPresetIndex: 0 - mFrequency: 10715 - index: 0 - preset: 9130 - index: 1 - preset: 9010 - index: 2 - preset: 9810 - index: 3 - preset: 10610 - index: 4 - preset: 10790 - index: 5 - preset: 8790
02-20 16:03:52.528 D/K706RadioManager(17927): MCU[0xB1] len=17 : B1 00 00 29 DB 23 AA 23 32 26 52 29 72 2A 26 22 56 
02-20 16:03:52.529 D/K706RadioManager(17927): PresetList: band=0 presetIdx=0 currentFreq=10715 firstFreq=10715 (offset=3)
02-20 16:03:52.529 D/K706RadioManager(17927): PresetList: band reportada=0 (ignorada, mCurrentBand=0)
02-20 16:03:52.529 D/K706RadioManager(17927): >>> FREQ: 107100 -> 107150 (MCU=10715, 107,15 MHz)
02-20 16:03:52.573 E/mcu_services( 5539): MCU2APP : [ff fe fd 12 01 b1 00 00 29 e0 23 aa 23 32 26 52 29 72 2a 26 22 56 b6 ff ]
02-20 16:03:52.575 D/TunerPresenter(12107): handleTunerRawData: b1 0 0 29 e0 23 aa 23 32 26 52 29 72 2a 26 22 56 
02-20 16:03:52.576 D/K706RadioManager(17927): IMcuListener.onTransact: code=1 flags=16
02-20 16:03:52.578 D/K706RadioManager(17927): >>> IMcuListener.onMcuInfoChanged received! data=B1 00 00 29 E0 23 AA 23 32 26 52 29 72 2A 26 22 56 
02-20 16:03:52.578 D/TunerManagerForExt(12107): FMRadio main (TunerManagerForExt.java:147) onTunerPresetListChanged:  - mBand: 0 - mPresetIndex: 0 - mFrequency: 10720 - index: 0 - preset: 9130 - index: 1 - preset: 9010 - index: 2 - preset: 9810 - index: 3 - preset: 10610 - index: 4 - preset: 10790 - index: 5 - preset: 8790
02-20 16:03:52.579 D/K706RadioManager(17927): MCU[0xB1] len=17 : B1 00 00 29 E0 23 AA 23 32 26 52 29 72 2A 26 22 56 
02-20 16:03:52.579 D/K706RadioManager(17927): PresetList: band=0 presetIdx=0 currentFreq=10720 firstFreq=10720 (offset=3)
02-20 16:03:52.579 D/K706RadioManager(17927): PresetList: band reportada=0 (ignorada, mCurrentBand=0)
02-20 16:03:52.579 D/K706RadioManager(17927): >>> FREQ: 107150 -> 107200 (MCU=10720, 107,20 MHz)
02-20 16:03:52.623 E/mcu_services( 5539): MCU2APP : [ff fe fd 12 01 b1 00 00 29 e5 23 aa 23 32 26 52 29 72 2a 26 22 56 b3 ff ]
02-20 16:03:52.624 D/TunerPresenter(12107): handleTunerRawData: b1 0 0 29 e5 23 aa 23 32 26 52 29 72 2a 26 22 56 
02-20 16:03:52.627 D/K706RadioManager(17927): IMcuListener.onTransact: code=1 flags=16
02-20 16:03:52.628 D/TunerManagerForExt(12107): FMRadio main (TunerManagerForExt.java:147) onTunerPresetListChanged:  - mBand: 0 - mPresetIndex: 0 - mFrequency: 10725 - index: 0 - preset: 9130 - index: 1 - preset: 9010 - index: 2 - preset: 9810 - index: 3 - preset: 10610 - index: 4 - preset: 10790 - index: 5 - preset: 8790
02-20 16:03:52.628 D/K706RadioManager(17927): >>> IMcuListener.onMcuInfoChanged received! data=B1 00 00 29 E5 23 AA 23 32 26 52 29 72 2A 26 22 56 
02-20 16:03:52.629 D/K706RadioManager(17927): MCU[0xB1] len=17 : B1 00 00 29 E5 23 AA 23 32 26 52 29 72 2A 26 22 56 
02-20 16:03:52.629 D/K706RadioManager(17927): PresetList: band=0 presetIdx=0 currentFreq=10725 firstFreq=10725 (offset=3)
02-20 16:03:52.629 D/K706RadioManager(17927): PresetList: band reportada=0 (ignorada, mCurrentBand=0)
02-20 16:03:52.630 D/K706RadioManager(17927): >>> FREQ: 107200 -> 107250 (MCU=10725, 107,25 MHz)
02-20 16:03:52.672 E/mcu_services( 5539): MCU2APP : [ff fe fd 12 01 b1 00 00 29 ea 23 aa 23 32 26 52 29 72 2a 26 22 56 bc ff ]
02-20 16:03:52.674 D/TunerPresenter(12107): handleTunerRawData: b1 0 0 29 ea 23 aa 23 32 26 52 29 72 2a 26 22 56 
02-20 16:03:52.675 D/K706RadioManager(17927): IMcuListener.onTransact: code=1 flags=16
02-20 16:03:52.677 D/K706RadioManager(17927): >>> IMcuListener.onMcuInfoChanged received! data=B1 00 00 29 EA 23 AA 23 32 26 52 29 72 2A 26 22 56 
02-20 16:03:52.677 D/TunerManagerForExt(12107): FMRadio main (TunerManagerForExt.java:147) onTunerPresetListChanged:  - mBand: 0 - mPresetIndex: 0 - mFrequency: 10730 - index: 0 - preset: 9130 - index: 1 - preset: 9010 - index: 2 - preset: 9810 - index: 3 - preset: 10610 - index: 4 - preset: 10790 - index: 5 - preset: 8790
02-20 16:03:52.677 D/K706RadioManager(17927): MCU[0xB1] len=17 : B1 00 00 29 EA 23 AA 23 32 26 52 29 72 2A 26 22 56 
02-20 16:03:52.677 D/K706RadioManager(17927): PresetList: band=0 presetIdx=0 currentFreq=10730 firstFreq=10730 (offset=3)
02-20 16:03:52.677 D/K706RadioManager(17927): PresetList: band reportada=0 (ignorada, mCurrentBand=0)
02-20 16:03:52.678 D/K706RadioManager(17927): >>> FREQ: 107250 -> 107300 (MCU=10730, 107,30 MHz)
02-20 16:03:52.722 E/mcu_services( 5539): MCU2APP : [ff fe fd 12 01 b1 00 00 29 ef 23 aa 23 32 26 52 29 72 2a 26 22 56 b9 ff ]
02-20 16:03:52.724 D/TunerPresenter(12107): handleTunerRawData: b1 0 0 29 ef 23 aa 23 32 26 52 29 72 2a 26 22 56 
02-20 16:03:52.726 D/K706RadioManager(17927): IMcuListener.onTransact: code=1 flags=16
02-20 16:03:52.727 D/K706RadioManager(17927): >>> IMcuListener.onMcuInfoChanged received! data=B1 00 00 29 EF 23 AA 23 32 26 52 29 72 2A 26 22 56 
02-20 16:03:52.728 D/TunerManagerForExt(12107): FMRadio main (TunerManagerForExt.java:147) onTunerPresetListChanged:  - mBand: 0 - mPresetIndex: 0 - mFrequency: 10735 - index: 0 - preset: 9130 - index: 1 - preset: 9010 - index: 2 - preset: 9810 - index: 3 - preset: 10610 - index: 4 - preset: 10790 - index: 5 - preset: 8790
02-20 16:03:52.728 D/K706RadioManager(17927): MCU[0xB1] len=17 : B1 00 00 29 EF 23 AA 23 32 26 52 29 72 2A 26 22 56 
02-20 16:03:52.728 D/K706RadioManager(17927): PresetList: band=0 presetIdx=0 currentFreq=10735 firstFreq=10735 (offset=3)
02-20 16:03:52.728 D/K706RadioManager(17927): PresetList: band reportada=0 (ignorada, mCurrentBand=0)
02-20 16:03:52.728 D/K706RadioManager(17927): >>> FREQ: 107300 -> 107350 (MCU=10735, 107,35 MHz)
02-20 16:03:52.772 E/mcu_services( 5539): MCU2APP : [ff fe fd 12 01 b1 00 00 29 f4 23 aa 23 32 26 52 29 72 2a 26 22 56 a2 ff ]
02-20 16:03:52.773 D/TunerPresenter(12107): handleTunerRawData: b1 0 0 29 f4 23 aa 23 32 26 52 29 72 2a 26 22 56 
02-20 16:03:52.775 D/K706RadioManager(17927): IMcuListener.onTransact: code=1 flags=16
02-20 16:03:52.776 D/K706RadioManager(17927): >>> IMcuListener.onMcuInfoChanged received! data=B1 00 00 29 F4 23 AA 23 32 26 52 29 72 2A 26 22 56 
02-20 16:03:52.776 D/TunerManagerForExt(12107): FMRadio main (TunerManagerForExt.java:147) onTunerPresetListChanged:  - mBand: 0 - mPresetIndex: 0 - mFrequency: 10740 - index: 0 - preset: 9130 - index: 1 - preset: 9010 - index: 2 - preset: 9810 - index: 3 - preset: 10610 - index: 4 - preset: 10790 - index: 5 - preset: 8790
02-20 16:03:52.777 D/K706RadioManager(17927): MCU[0xB1] len=17 : B1 00 00 29 F4 23 AA 23 32 26 52 29 72 2A 26 22 56 
02-20 16:03:52.777 D/K706RadioManager(17927): PresetList: band=0 presetIdx=0 currentFreq=10740 firstFreq=10740 (offset=3)
02-20 16:03:52.777 D/K706RadioManager(17927): PresetList: band reportada=0 (ignorada, mCurrentBand=0)
02-20 16:03:52.777 D/K706RadioManager(17927): >>> FREQ: 107350 -> 107400 (MCU=10740, 107,40 MHz)
02-20 16:03:53.048 E/mcu_services( 5539): MCU2APP : [ff fe fd 03 01 29 6d 45 ff ]
02-20 16:03:53.051 D/K706RadioManager(17927): IMcuListener.onTransact: code=1 flags=16
02-20 16:03:53.052 D/K706RadioManager(17927): >>> IMcuListener.onMcuInfoChanged received! data=29 6D 
02-20 16:03:53.052 D/K706RadioManager(17927): MCU[0x29] len=2 : 29 6D 
02-20 16:03:53.052 D/K706RadioManager(17927): Unknown MCU packet type: 0x29
02-20 16:03:53.219 E/mcu_services( 5539): MCU2APP : [ff fe fd 12 01 b1 00 00 29 f9 23 aa 23 32 26 52 29 72 2a 26 22 56 af ff ]
02-20 16:03:53.220 D/TunerPresenter(12107): handleTunerRawData: b1 0 0 29 f9 23 aa 23 32 26 52 29 72 2a 26 22 56 
02-20 16:03:53.221 D/TunerManagerForExt(12107): FMRadio main (TunerManagerForExt.java:147) onTunerPresetListChanged:  - mBand: 0 - mPresetIndex: 0 - mFrequency: 10745 - index: 0 - preset: 9130 - index: 1 - preset: 9010 - index: 2 - preset: 9810 - index: 3 - preset: 10610 - index: 4 - preset: 10790 - index: 5 - preset: 8790
02-20 16:03:53.222 D/K706RadioManager(17927): IMcuListener.onTransact: code=1 flags=16
02-20 16:03:53.223 D/K706RadioManager(17927): >>> IMcuListener.onMcuInfoChanged received! data=B1 00 00 29 F9 23 AA 23 32 26 52 29 72 2A 26 22 56 
02-20 16:03:53.224 D/K706RadioManager(17927): MCU[0xB1] len=17 : B1 00 00 29 F9 23 AA 23 32 26 52 29 72 2A 26 22 56 
02-20 16:03:53.224 D/K706RadioManager(17927): PresetList: band=0 presetIdx=0 currentFreq=10745 firstFreq=10745 (offset=3)
02-20 16:03:53.224 D/K706RadioManager(17927): PresetList: band reportada=0 (ignorada, mCurrentBand=0)
02-20 16:03:53.224 D/K706RadioManager(17927): >>> FREQ: 107400 -> 107450 (MCU=10745, 107,45 MHz)
02-20 16:03:53.269 E/mcu_services( 5539): MCU2APP : [ff fe fd 12 01 b1 00 00 29 fe 23 aa 23 32 26 52 29 72 2a 26 22 56 a8 ff ]
02-20 16:03:53.270 D/TunerPresenter(12107): handleTunerRawData: b1 0 0 29 fe 23 aa 23 32 26 52 29 72 2a 26 22 56 
02-20 16:03:53.271 D/K706RadioManager(17927): IMcuListener.onTransact: code=1 flags=16
02-20 16:03:53.272 D/K706RadioManager(17927): >>> IMcuListener.onMcuInfoChanged received! data=B1 00 00 29 FE 23 AA 23 32 26 52 29 72 2A 26 22 56 
02-20 16:03:53.273 D/TunerManagerForExt(12107): FMRadio main (TunerManagerForExt.java:147) onTunerPresetListChanged:  - mBand: 0 - mPresetIndex: 0 - mFrequency: 10750 - index: 0 - preset: 9130 - index: 1 - preset: 9010 - index: 2 - preset: 9810 - index: 3 - preset: 10610 - index: 4 - preset: 10790 - index: 5 - preset: 8790
02-20 16:03:53.273 D/K706RadioManager(17927): MCU[0xB1] len=17 : B1 00 00 29 FE 23 AA 23 32 26 52 29 72 2A 26 22 56 
02-20 16:03:53.273 D/K706RadioManager(17927): PresetList: band=0 presetIdx=0 currentFreq=10750 firstFreq=10750 (offset=3)
02-20 16:03:53.273 D/K706RadioManager(17927): PresetList: band reportada=0 (ignorada, mCurrentBand=0)
02-20 16:03:53.273 D/K706RadioManager(17927): >>> FREQ: 107450 -> 107500 (MCU=10750, 107,50 MHz)
02-20 16:03:53.319 E/mcu_services( 5539): MCU2APP : [ff fe fd 12 01 b1 00 00 2a 03 23 aa 23 32 26 52 29 72 2a 26 22 56 56 ff ]
02-20 16:03:53.320 D/TunerPresenter(12107): handleTunerRawData: b1 0 0 2a 3 23 aa 23 32 26 52 29 72 2a 26 22 56 
02-20 16:03:53.321 D/K706RadioManager(17927): IMcuListener.onTransact: code=1 flags=16
02-20 16:03:53.323 D/K706RadioManager(17927): >>> IMcuListener.onMcuInfoChanged received! data=B1 00 00 2A 03 23 AA 23 32 26 52 29 72 2A 26 22 56 
02-20 16:03:53.323 D/TunerManagerForExt(12107): FMRadio main (TunerManagerForExt.java:147) onTunerPresetListChanged:  - mBand: 0 - mPresetIndex: 0 - mFrequency: 10755 - index: 0 - preset: 9130 - index: 1 - preset: 9010 - index: 2 - preset: 9810 - index: 3 - preset: 10610 - index: 4 - preset: 10790 - index: 5 - preset: 8790
02-20 16:03:53.324 D/K706RadioManager(17927): MCU[0xB1] len=17 : B1 00 00 2A 03 23 AA 23 32 26 52 29 72 2A 26 22 56 
02-20 16:03:53.324 D/K706RadioManager(17927): PresetList: band=0 presetIdx=0 currentFreq=10755 firstFreq=10755 (offset=3)
02-20 16:03:53.324 D/K706RadioManager(17927): PresetList: band reportada=0 (ignorada, mCurrentBand=0)
02-20 16:03:53.324 D/K706RadioManager(17927): >>> FREQ: 107500 -> 107550 (MCU=10755, 107,55 MHz)
02-20 16:03:53.369 E/mcu_services( 5539): MCU2APP : [ff fe fd 12 01 b1 00 00 2a 08 23 aa 23 32 26 52 29 72 2a 26 22 56 5d ff ]
02-20 16:03:53.370 D/TunerPresenter(12107): handleTunerRawData: b1 0 0 2a 8 23 aa 23 32 26 52 29 72 2a 26 22 56 
02-20 16:03:53.371 D/K706RadioManager(17927): IMcuListener.onTransact: code=1 flags=16
02-20 16:03:53.373 D/K706RadioManager(17927): >>> IMcuListener.onMcuInfoChanged received! data=B1 00 00 2A 08 23 AA 23 32 26 52 29 72 2A 26 22 56 
02-20 16:03:53.373 D/TunerManagerForExt(12107): FMRadio main (TunerManagerForExt.java:147) onTunerPresetListChanged:  - mBand: 0 - mPresetIndex: 0 - mFrequency: 10760 - index: 0 - preset: 9130 - index: 1 - preset: 9010 - index: 2 - preset: 9810 - index: 3 - preset: 10610 - index: 4 - preset: 10790 - index: 5 - preset: 8790
02-20 16:03:53.374 D/K706RadioManager(17927): MCU[0xB1] len=17 : B1 00 00 2A 08 23 AA 23 32 26 52 29 72 2A 26 22 56 
02-20 16:03:53.374 D/K706RadioManager(17927): PresetList: band=0 presetIdx=0 currentFreq=10760 firstFreq=10760 (offset=3)
02-20 16:03:53.374 D/K706RadioManager(17927): PresetList: band reportada=0 (ignorada, mCurrentBand=0)
02-20 16:03:53.374 D/K706RadioManager(17927): >>> FREQ: 107550 -> 107600 (MCU=10760, 107,60 MHz)
02-20 16:03:53.418 E/mcu_services( 5539): MCU2APP : [ff fe fd 12 01 b1 00 00 2a 0d 23 aa 23 32 26 52 29 72 2a 26 22 56 58 ff ]
02-20 16:03:53.419 D/TunerPresenter(12107): handleTunerRawData: b1 0 0 2a d 23 aa 23 32 26 52 29 72 2a 26 22 56 
02-20 16:03:53.421 D/K706RadioManager(17927): IMcuListener.onTransact: code=1 flags=16
02-20 16:03:53.422 D/K706RadioManager(17927): >>> IMcuListener.onMcuInfoChanged received! data=B1 00 00 2A 0D 23 AA 23 32 26 52 29 72 2A 26 22 56 
02-20 16:03:53.422 D/TunerManagerForExt(12107): FMRadio main (TunerManagerForExt.java:147) onTunerPresetListChanged:  - mBand: 0 - mPresetIndex: 0 - mFrequency: 10765 - index: 0 - preset: 9130 - index: 1 - preset: 9010 - index: 2 - preset: 9810 - index: 3 - preset: 10610 - index: 4 - preset: 10790 - index: 5 - preset: 8790
02-20 16:03:53.423 D/K706RadioManager(17927): MCU[0xB1] len=17 : B1 00 00 2A 0D 23 AA 23 32 26 52 29 72 2A 26 22 56 
02-20 16:03:53.423 D/K706RadioManager(17927): PresetList: band=0 presetIdx=0 currentFreq=10765 firstFreq=10765 (offset=3)
02-20 16:03:53.423 D/K706RadioManager(17927): PresetList: band reportada=0 (ignorada, mCurrentBand=0)
02-20 16:03:53.423 D/K706RadioManager(17927): >>> FREQ: 107600 -> 107650 (MCU=10765, 107,65 MHz)
02-20 16:03:53.468 E/mcu_services( 5539): MCU2APP : [ff fe fd 12 01 b1 00 00 2a 12 23 aa 23 32 26 52 29 72 2a 26 22 56 47 ff ]
02-20 16:03:53.469 D/TunerPresenter(12107): handleTunerRawData: b1 0 0 2a 12 23 aa 23 32 26 52 29 72 2a 26 22 56 
02-20 16:03:53.470 D/K706RadioManager(17927): IMcuListener.onTransact: code=1 flags=16
02-20 16:03:53.471 D/TunerManagerForExt(12107): FMRadio main (TunerManagerForExt.java:147) onTunerPresetListChanged:  - mBand: 0 - mPresetIndex: 0 - mFrequency: 10770 - index: 0 - preset: 9130 - index: 1 - preset: 9010 - index: 2 - preset: 9810 - index: 3 - preset: 10610 - index: 4 - preset: 10790 - index: 5 - preset: 8790
02-20 16:03:53.471 D/K706RadioManager(17927): >>> IMcuListener.onMcuInfoChanged received! data=B1 00 00 2A 12 23 AA 23 32 26 52 29 72 2A 26 22 56 
02-20 16:03:53.472 D/K706RadioManager(17927): MCU[0xB1] len=17 : B1 00 00 2A 12 23 AA 23 32 26 52 29 72 2A 26 22 56 
02-20 16:03:53.472 D/K706RadioManager(17927): PresetList: band=0 presetIdx=0 currentFreq=10770 firstFreq=10770 (offset=3)
02-20 16:03:53.472 D/K706RadioManager(17927): PresetList: band reportada=0 (ignorada, mCurrentBand=0)
02-20 16:03:53.472 D/K706RadioManager(17927): >>> FREQ: 107650 -> 107700 (MCU=10770, 107,70 MHz)
02-20 16:03:53.517 E/mcu_services( 5539): MCU2APP : [ff fe fd 12 01 b1 00 00 2a 17 23 aa 23 32 26 52 29 72 2a 26 22 56 42 ff ]
02-20 16:03:53.518 D/TunerPresenter(12107): handleTunerRawData: b1 0 0 2a 17 23 aa 23 32 26 52 29 72 2a 26 22 56 
02-20 16:03:53.520 D/K706RadioManager(17927): IMcuListener.onTransact: code=1 flags=16
02-20 16:03:53.520 D/TunerManagerForExt(12107): FMRadio main (TunerManagerForExt.java:147) onTunerPresetListChanged:  - mBand: 0 - mPresetIndex: 0 - mFrequency: 10775 - index: 0 - preset: 9130 - index: 1 - preset: 9010 - index: 2 - preset: 9810 - index: 3 - preset: 10610 - index: 4 - preset: 10790 - index: 5 - preset: 8790
02-20 16:03:53.521 D/K706RadioManager(17927): >>> IMcuListener.onMcuInfoChanged received! data=B1 00 00 2A 17 23 AA 23 32 26 52 29 72 2A 26 22 56 
02-20 16:03:53.522 D/K706RadioManager(17927): MCU[0xB1] len=17 : B1 00 00 2A 17 23 AA 23 32 26 52 29 72 2A 26 22 56 
02-20 16:03:53.522 D/K706RadioManager(17927): PresetList: band=0 presetIdx=0 currentFreq=10775 firstFreq=10775 (offset=3)
02-20 16:03:53.522 D/K706RadioManager(17927): PresetList: band reportada=0 (ignorada, mCurrentBand=0)
02-20 16:03:53.522 D/K706RadioManager(17927): >>> FREQ: 107700 -> 107750 (MCU=10775, 107,75 MHz)
02-20 16:03:53.567 E/mcu_services( 5539): MCU2APP : [ff fe fd 12 01 b1 00 00 2a 1c 23 aa 23 32 26 52 29 72 2a 26 22 56 49 ff ]
02-20 16:03:53.568 D/TunerPresenter(12107): handleTunerRawData: b1 0 0 2a 1c 23 aa 23 32 26 52 29 72 2a 26 22 56 
02-20 16:03:53.570 D/K706RadioManager(17927): IMcuListener.onTransact: code=1 flags=16
02-20 16:03:53.571 D/TunerManagerForExt(12107): FMRadio main (TunerManagerForExt.java:147) onTunerPresetListChanged:  - mBand: 0 - mPresetIndex: 0 - mFrequency: 10780 - index: 0 - preset: 9130 - index: 1 - preset: 9010 - index: 2 - preset: 9810 - index: 3 - preset: 10610 - index: 4 - preset: 10790 - index: 5 - preset: 8790
02-20 16:03:53.572 D/K706RadioManager(17927): >>> IMcuListener.onMcuInfoChanged received! data=B1 00 00 2A 1C 23 AA 23 32 26 52 29 72 2A 26 22 56 
02-20 16:03:53.572 D/K706RadioManager(17927): MCU[0xB1] len=17 : B1 00 00 2A 1C 23 AA 23 32 26 52 29 72 2A 26 22 56 
02-20 16:03:53.573 D/K706RadioManager(17927): PresetList: band=0 presetIdx=0 currentFreq=10780 firstFreq=10780 (offset=3)
02-20 16:03:53.573 D/K706RadioManager(17927): PresetList: band reportada=0 (ignorada, mCurrentBand=0)
02-20 16:03:53.573 D/K706RadioManager(17927): >>> FREQ: 107750 -> 107800 (MCU=10780, 107,80 MHz)
02-20 16:03:53.617 E/mcu_services( 5539): MCU2APP : [ff fe fd 12 01 b1 00 00 2a 21 23 aa 23 32 26 52 29 72 2a 26 22 56 74 ff ]
02-20 16:03:53.617 D/TunerPresenter(12107): handleTunerRawData: b1 0 0 2a 21 23 aa 23 32 26 52 29 72 2a 26 22 56 
02-20 16:03:53.619 D/K706RadioManager(17927): IMcuListener.onTransact: code=1 flags=16
02-20 16:03:53.620 D/TunerManagerForExt(12107): FMRadio main (TunerManagerForExt.java:147) onTunerPresetListChanged:  - mBand: 0 - mPresetIndex: 0 - mFrequency: 10785 - index: 0 - preset: 9130 - index: 1 - preset: 9010 - index: 2 - preset: 9810 - index: 3 - preset: 10610 - index: 4 - preset: 10790 - index: 5 - preset: 8790
02-20 16:03:53.620 D/K706RadioManager(17927): >>> IMcuListener.onMcuInfoChanged received! data=B1 00 00 2A 21 23 AA 23 32 26 52 29 72 2A 26 22 56 
02-20 16:03:53.621 D/K706RadioManager(17927): MCU[0xB1] len=17 : B1 00 00 2A 21 23 AA 23 32 26 52 29 72 2A 26 22 56 
02-20 16:03:53.621 D/K706RadioManager(17927): PresetList: band=0 presetIdx=0 currentFreq=10785 firstFreq=10785 (offset=3)
02-20 16:03:53.621 D/K706RadioManager(17927): PresetList: band reportada=0 (ignorada, mCurrentBand=0)
02-20 16:03:53.621 D/K706RadioManager(17927): >>> FREQ: 107800 -> 107850 (MCU=10785, 107,85 MHz)
02-20 16:03:53.666 E/mcu_services( 5539): MCU2APP : [ff fe fd 12 01 b1 00 00 2a 26 23 aa 23 32 26 52 29 72 2a 26 22 56 73 ff ]
02-20 16:03:53.667 D/TunerPresenter(12107): handleTunerRawData: b1 0 0 2a 26 23 aa 23 32 26 52 29 72 2a 26 22 56 
02-20 16:03:53.668 D/K706RadioManager(17927): IMcuListener.onTransact: code=1 flags=16
02-20 16:03:53.669 D/K706RadioManager(17927): >>> IMcuListener.onMcuInfoChanged received! data=B1 00 00 2A 26 23 AA 23 32 26 52 29 72 2A 26 22 56 
02-20 16:03:53.670 D/TunerManagerForExt(12107): FMRadio main (TunerManagerForExt.java:147) onTunerPresetListChanged:  - mBand: 0 - mPresetIndex: 0 - mFrequency: 10790 - index: 0 - preset: 9130 - index: 1 - preset: 9010 - index: 2 - preset: 9810 - index: 3 - preset: 10610 - index: 4 - preset: 10790 - index: 5 - preset: 8790
02-20 16:03:53.670 D/K706RadioManager(17927): MCU[0xB1] len=17 : B1 00 00 2A 26 23 AA 23 32 26 52 29 72 2A 26 22 56 
02-20 16:03:53.670 D/K706RadioManager(17927): PresetList: band=0 presetIdx=0 currentFreq=10790 firstFreq=10790 (offset=3)
02-20 16:03:53.670 D/K706RadioManager(17927): PresetList: band reportada=0 (ignorada, mCurrentBand=0)
02-20 16:03:53.671 D/K706RadioManager(17927): >>> FREQ: 107850 -> 107900 (MCU=10790, 107,90 MHz)
02-20 16:03:53.716 E/mcu_services( 5539): MCU2APP : [ff fe fd 12 01 b1 00 00 2a 2b 23 aa 23 32 26 52 29 72 2a 26 22 56 7e ff ]
02-20 16:03:53.717 D/TunerPresenter(12107): handleTunerRawData: b1 0 0 2a 2b 23 aa 23 32 26 52 29 72 2a 26 22 56 
02-20 16:03:53.718 D/K706RadioManager(17927): IMcuListener.onTransact: code=1 flags=16
02-20 16:03:53.719 D/TunerManagerForExt(12107): FMRadio main (TunerManagerForExt.java:147) onTunerPresetListChanged:  - mBand: 0 - mPresetIndex: 0 - mFrequency: 10795 - index: 0 - preset: 9130 - index: 1 - preset: 9010 - index: 2 - preset: 9810 - index: 3 - preset: 10610 - index: 4 - preset: 10790 - index: 5 - preset: 8790
02-20 16:03:53.719 D/K706RadioManager(17927): >>> IMcuListener.onMcuInfoChanged received! data=B1 00 00 2A 2B 23 AA 23 32 26 52 29 72 2A 26 22 56 
02-20 16:03:53.720 D/K706RadioManager(17927): MCU[0xB1] len=17 : B1 00 00 2A 2B 23 AA 23 32 26 52 29 72 2A 26 22 56 
02-20 16:03:53.720 D/K706RadioManager(17927): PresetList: band=0 presetIdx=0 currentFreq=10795 firstFreq=10795 (offset=3)
02-20 16:03:53.720 D/K706RadioManager(17927): PresetList: band reportada=0 (ignorada, mCurrentBand=0)
02-20 16:03:53.721 D/K706RadioManager(17927): >>> FREQ: 107900 -> 107950 (MCU=10795, 107,95 MHz)
02-20 16:03:53.766 E/mcu_services( 5539): MCU2APP : [ff fe fd 12 01 b1 00 00 2a 30 23 aa 23 32 26 52 29 72 2a 26 22 56 65 ff ]
02-20 16:03:53.768 D/TunerPresenter(12107): handleTunerRawData: b1 0 0 2a 30 23 aa 23 32 26 52 29 72 2a 26 22 56 
02-20 16:03:53.769 D/K706RadioManager(17927): IMcuListener.onTransact: code=1 flags=16
02-20 16:03:53.770 D/K706RadioManager(17927): >>> IMcuListener.onMcuInfoChanged received! data=B1 00 00 2A 30 23 AA 23 32 26 52 29 72 2A 26 22 56 
02-20 16:03:53.771 D/TunerManagerForExt(12107): FMRadio main (TunerManagerForExt.java:147) onTunerPresetListChanged:  - mBand: 0 - mPresetIndex: 0 - mFrequency: 10800 - index: 0 - preset: 9130 - index: 1 - preset: 9010 - index: 2 - preset: 9810 - index: 3 - preset: 10610 - index: 4 - preset: 10790 - index: 5 - preset: 8790
02-20 16:03:53.771 D/K706RadioManager(17927): MCU[0xB1] len=17 : B1 00 00 2A 30 23 AA 23 32 26 52 29 72 2A 26 22 56 
02-20 16:03:53.771 D/K706RadioManager(17927): PresetList: band=0 presetIdx=0 currentFreq=10800 firstFreq=10800 (offset=3)
02-20 16:03:53.771 D/K706RadioManager(17927): PresetList: band reportada=0 (ignorada, mCurrentBand=0)
02-20 16:03:53.772 D/K706RadioManager(17927): >>> FREQ: 107950 -> 108000 (MCU=10800, 108,00 MHz)
02-20 16:03:53.816 E/mcu_services( 5539): MCU2APP : [ff fe fd 12 01 b1 00 00 22 2e 23 aa 23 32 26 52 29 72 2a 26 22 56 73 ff ]
02-20 16:03:53.817 D/TunerPresenter(12107): handleTunerRawData: b1 0 0 22 2e 23 aa 23 32 26 52 29 72 2a 26 22 56 
02-20 16:03:53.820 D/K706RadioManager(17927): IMcuListener.onTransact: code=1 flags=16
02-20 16:03:53.820 D/TunerManagerForExt(12107): FMRadio main (TunerManagerForExt.java:147) onTunerPresetListChanged:  - mBand: 0 - mPresetIndex: 0 - mFrequency: 8750 - index: 0 - preset: 9130 - index: 1 - preset: 9010 - index: 2 - preset: 9810 - index: 3 - preset: 10610 - index: 4 - preset: 10790 - index: 5 - preset: 8790
02-20 16:03:53.821 D/K706RadioManager(17927): >>> IMcuListener.onMcuInfoChanged received! data=B1 00 00 22 2E 23 AA 23 32 26 52 29 72 2A 26 22 56 
02-20 16:03:53.822 D/K706RadioManager(17927): MCU[0xB1] len=17 : B1 00 00 22 2E 23 AA 23 32 26 52 29 72 2A 26 22 56 
02-20 16:03:53.822 D/K706RadioManager(17927): PresetList: band=0 presetIdx=0 currentFreq=8750 firstFreq=8750 (offset=3)
02-20 16:03:53.822 D/K706RadioManager(17927): PresetList: band reportada=0 (ignorada, mCurrentBand=0)
02-20 16:03:53.822 D/K706RadioManager(17927): >>> FREQ: 108000 -> 87500 (MCU=8750, 87,50 MHz)
02-20 16:03:53.865 E/mcu_services( 5539): MCU2APP : [ff fe fd 12 01 b1 00 00 22 33 23 aa 23 32 26 52 29 72 2a 26 22 56 6e ff ]
02-20 16:03:53.867 D/TunerPresenter(12107): handleTunerRawData: b1 0 0 22 33 23 aa 23 32 26 52 29 72 2a 26 22 56 
02-20 16:03:53.869 D/K706RadioManager(17927): IMcuListener.onTransact: code=1 flags=16
02-20 16:03:53.869 D/TunerManagerForExt(12107): FMRadio main (TunerManagerForExt.java:147) onTunerPresetListChanged:  - mBand: 0 - mPresetIndex: 0 - mFrequency: 8755 - index: 0 - preset: 9130 - index: 1 - preset: 9010 - index: 2 - preset: 9810 - index: 3 - preset: 10610 - index: 4 - preset: 10790 - index: 5 - preset: 8790
02-20 16:03:53.870 D/K706RadioManager(17927): >>> IMcuListener.onMcuInfoChanged received! data=B1 00 00 22 33 23 AA 23 32 26 52 29 72 2A 26 22 56 
02-20 16:03:53.871 D/K706RadioManager(17927): MCU[0xB1] len=17 : B1 00 00 22 33 23 AA 23 32 26 52 29 72 2A 26 22 56 
02-20 16:03:53.871 D/K706RadioManager(17927): PresetList: band=0 presetIdx=0 currentFreq=8755 firstFreq=8755 (offset=3)
02-20 16:03:53.871 D/K706RadioManager(17927): PresetList: band reportada=0 (ignorada, mCurrentBand=0)
02-20 16:03:53.871 D/K706RadioManager(17927): >>> FREQ: 87500 -> 87550 (MCU=8755, 87,55 MHz)
02-20 16:03:53.915 E/mcu_services( 5539): MCU2APP : [ff fe fd 12 01 b1 00 00 22 38 23 aa 23 32 26 52 29 72 2a 26 22 56 65 ff ]
02-20 16:03:53.917 D/TunerPresenter(12107): handleTunerRawData: b1 0 0 22 38 23 aa 23 32 26 52 29 72 2a 26 22 56 
02-20 16:03:53.918 D/K706RadioManager(17927): IMcuListener.onTransact: code=1 flags=16
02-20 16:03:53.919 D/K706RadioManager(17927): >>> IMcuListener.onMcuInfoChanged received! data=B1 00 00 22 38 23 AA 23 32 26 52 29 72 2A 26 22 56 
02-20 16:03:53.920 D/TunerManagerForExt(12107): FMRadio main (TunerManagerForExt.java:147) onTunerPresetListChanged:  - mBand: 0 - mPresetIndex: 0 - mFrequency: 8760 - index: 0 - preset: 9130 - index: 1 - preset: 9010 - index: 2 - preset: 9810 - index: 3 - preset: 10610 - index: 4 - preset: 10790 - index: 5 - preset: 8790
02-20 16:03:53.920 D/K706RadioManager(17927): MCU[0xB1] len=17 : B1 00 00 22 38 23 AA 23 32 26 52 29 72 2A 26 22 56 
02-20 16:03:53.920 D/K706RadioManager(17927): PresetList: band=0 presetIdx=0 currentFreq=8760 firstFreq=8760 (offset=3)
02-20 16:03:53.920 D/K706RadioManager(17927): PresetList: band reportada=0 (ignorada, mCurrentBand=0)
02-20 16:03:53.920 D/K706RadioManager(17927): >>> FREQ: 87550 -> 87600 (MCU=8760, 87,60 MHz)
02-20 16:03:54.363 E/mcu_services( 5539): MCU2APP : [ff fe fd 12 01 b1 00 00 22 3d 23 aa 23 32 26 52 29 72 2a 26 22 56 60 ff ]
02-20 16:03:54.364 D/TunerPresenter(12107): handleTunerRawData: b1 0 0 22 3d 23 aa 23 32 26 52 29 72 2a 26 22 56 
02-20 16:03:54.365 D/TunerManagerForExt(12107): FMRadio main (TunerManagerForExt.java:147) onTunerPresetListChanged:  - mBand: 0 - mPresetIndex: 0 - mFrequency: 8765 - index: 0 - preset: 9130 - index: 1 - preset: 9010 - index: 2 - preset: 9810 - index: 3 - preset: 10610 - index: 4 - preset: 10790 - index: 5 - preset: 8790
02-20 16:03:54.366 D/K706RadioManager(17927): IMcuListener.onTransact: code=1 flags=16
02-20 16:03:54.367 D/K706RadioManager(17927): >>> IMcuListener.onMcuInfoChanged received! data=B1 00 00 22 3D 23 AA 23 32 26 52 29 72 2A 26 22 56 
02-20 16:03:54.367 D/K706RadioManager(17927): MCU[0xB1] len=17 : B1 00 00 22 3D 23 AA 23 32 26 52 29 72 2A 26 22 56 
02-20 16:03:54.368 D/K706RadioManager(17927): PresetList: band=0 presetIdx=0 currentFreq=8765 firstFreq=8765 (offset=3)
02-20 16:03:54.368 D/K706RadioManager(17927): PresetList: band reportada=0 (ignorada, mCurrentBand=0)
02-20 16:03:54.368 D/K706RadioManager(17927): >>> FREQ: 87600 -> 87650 (MCU=8765, 87,65 MHz)
02-20 16:03:54.412 E/mcu_services( 5539): MCU2APP : [ff fe fd 12 01 b1 00 00 22 42 23 aa 23 32 26 52 29 72 2a 26 22 56 1f ff ]
02-20 16:03:54.414 D/TunerPresenter(12107): handleTunerRawData: b1 0 0 22 42 23 aa 23 32 26 52 29 72 2a 26 22 56 
02-20 16:03:54.416 D/K706RadioManager(17927): IMcuListener.onTransact: code=1 flags=16
02-20 16:03:54.417 D/TunerManagerForExt(12107): FMRadio main (TunerManagerForExt.java:147) onTunerPresetListChanged:  - mBand: 0 - mPresetIndex: 0 - mFrequency: 8770 - index: 0 - preset: 9130 - index: 1 - preset: 9010 - index: 2 - preset: 9810 - index: 3 - preset: 10610 - index: 4 - preset: 10790 - index: 5 - preset: 8790
02-20 16:03:54.417 D/K706RadioManager(17927): >>> IMcuListener.onMcuInfoChanged received! data=B1 00 00 22 42 23 AA 23 32 26 52 29 72 2A 26 22 56 
02-20 16:03:54.418 D/K706RadioManager(17927): MCU[0xB1] len=17 : B1 00 00 22 42 23 AA 23 32 26 52 29 72 2A 26 22 56 
02-20 16:03:54.418 D/K706RadioManager(17927): PresetList: band=0 presetIdx=0 currentFreq=8770 firstFreq=8770 (offset=3)
02-20 16:03:54.418 D/K706RadioManager(17927): PresetList: band reportada=0 (ignorada, mCurrentBand=0)
02-20 16:03:54.418 D/K706RadioManager(17927): >>> FREQ: 87650 -> 87700 (MCU=8770, 87,70 MHz)
02-20 16:03:54.462 E/mcu_services( 5539): MCU2APP : [ff fe fd 12 01 b1 00 00 22 47 23 aa 23 32 26 52 29 72 2a 26 22 56 1a ff ]
02-20 16:03:54.463 D/TunerPresenter(12107): handleTunerRawData: b1 0 0 22 47 23 aa 23 32 26 52 29 72 2a 26 22 56 
02-20 16:03:54.465 D/K706RadioManager(17927): IMcuListener.onTransact: code=1 flags=16
02-20 16:03:54.466 D/TunerManagerForExt(12107): FMRadio main (TunerManagerForExt.java:147) onTunerPresetListChanged:  - mBand: 0 - mPresetIndex: 0 - mFrequency: 8775 - index: 0 - preset: 9130 - index: 1 - preset: 9010 - index: 2 - preset: 9810 - index: 3 - preset: 10610 - index: 4 - preset: 10790 - index: 5 - preset: 8790
02-20 16:03:54.466 D/K706RadioManager(17927): >>> IMcuListener.onMcuInfoChanged received! data=B1 00 00 22 47 23 AA 23 32 26 52 29 72 2A 26 22 56 
02-20 16:03:54.467 D/K706RadioManager(17927): MCU[0xB1] len=17 : B1 00 00 22 47 23 AA 23 32 26 52 29 72 2A 26 22 56 
02-20 16:03:54.467 D/K706RadioManager(17927): PresetList: band=0 presetIdx=0 currentFreq=8775 firstFreq=8775 (offset=3)
02-20 16:03:54.467 D/K706RadioManager(17927): PresetList: band reportada=0 (ignorada, mCurrentBand=0)
02-20 16:03:54.467 D/K706RadioManager(17927): >>> FREQ: 87700 -> 87750 (MCU=8775, 87,75 MHz)
02-20 16:03:54.512 E/mcu_services( 5539): MCU2APP : [ff fe fd 12 01 b1 00 00 22 4c 23 aa 23 32 26 52 29 72 2a 26 22 56 11 ff ]
02-20 16:03:54.513 D/TunerPresenter(12107): handleTunerRawData: b1 0 0 22 4c 23 aa 23 32 26 52 29 72 2a 26 22 56 
02-20 16:03:54.514 D/K706RadioManager(17927): IMcuListener.onTransact: code=1 flags=16
02-20 16:03:54.515 D/K706RadioManager(17927): >>> IMcuListener.onMcuInfoChanged received! data=B1 00 00 22 4C 23 AA 23 32 26 52 29 72 2A 26 22 56 
02-20 16:03:54.515 D/TunerManagerForExt(12107): FMRadio main (TunerManagerForExt.java:147) onTunerPresetListChanged:  - mBand: 0 - mPresetIndex: 0 - mFrequency: 8780 - index: 0 - preset: 9130 - index: 1 - preset: 9010 - index: 2 - preset: 9810 - index: 3 - preset: 10610 - index: 4 - preset: 10790 - index: 5 - preset: 8790
02-20 16:03:54.516 D/K706RadioManager(17927): MCU[0xB1] len=17 : B1 00 00 22 4C 23 AA 23 32 26 52 29 72 2A 26 22 56 
02-20 16:03:54.516 D/K706RadioManager(17927): PresetList: band=0 presetIdx=0 currentFreq=8780 firstFreq=8780 (offset=3)
02-20 16:03:54.516 D/K706RadioManager(17927): PresetList: band reportada=0 (ignorada, mCurrentBand=0)
02-20 16:03:54.516 D/K706RadioManager(17927): >>> FREQ: 87750 -> 87800 (MCU=8780, 87,80 MHz)
02-20 16:03:54.562 E/mcu_services( 5539): MCU2APP : [ff fe fd 12 01 b1 00 00 22 51 23 aa 23 32 26 52 29 72 2a 26 22 56 0c ff ]
02-20 16:03:54.563 D/TunerPresenter(12107): handleTunerRawData: b1 0 0 22 51 23 aa 23 32 26 52 29 72 2a 26 22 56 
02-20 16:03:54.565 D/K706RadioManager(17927): IMcuListener.onTransact: code=1 flags=16
02-20 16:03:54.565 D/TunerManagerForExt(12107): FMRadio main (TunerManagerForExt.java:147) onTunerPresetListChanged:  - mBand: 0 - mPresetIndex: 0 - mFrequency: 8785 - index: 0 - preset: 9130 - index: 1 - preset: 9010 - index: 2 - preset: 9810 - index: 3 - preset: 10610 - index: 4 - preset: 10790 - index: 5 - preset: 8790
02-20 16:03:54.566 D/K706RadioManager(17927): >>> IMcuListener.onMcuInfoChanged received! data=B1 00 00 22 51 23 AA 23 32 26 52 29 72 2A 26 22 56 
02-20 16:03:54.567 D/K706RadioManager(17927): MCU[0xB1] len=17 : B1 00 00 22 51 23 AA 23 32 26 52 29 72 2A 26 22 56 
02-20 16:03:54.567 D/K706RadioManager(17927): PresetList: band=0 presetIdx=0 currentFreq=8785 firstFreq=8785 (offset=3)
02-20 16:03:54.567 D/K706RadioManager(17927): PresetList: band reportada=0 (ignorada, mCurrentBand=0)
02-20 16:03:54.567 D/K706RadioManager(17927): >>> FREQ: 87800 -> 87850 (MCU=8785, 87,85 MHz)
02-20 16:03:54.611 E/mcu_services( 5539): MCU2APP : [ff fe fd 12 01 b1 00 00 22 56 23 aa 23 32 26 52 29 72 2a 26 22 56 0b ff ]
02-20 16:03:54.613 D/TunerPresenter(12107): handleTunerRawData: b1 0 0 22 56 23 aa 23 32 26 52 29 72 2a 26 22 56 
02-20 16:03:54.615 D/K706RadioManager(17927): IMcuListener.onTransact: code=1 flags=16
02-20 16:03:54.617 D/TunerManagerForExt(12107): FMRadio main (TunerManagerForExt.java:147) onTunerPresetListChanged:  - mBand: 0 - mPresetIndex: 0 - mFrequency: 8790 - index: 0 - preset: 9130 - index: 1 - preset: 9010 - index: 2 - preset: 9810 - index: 3 - preset: 10610 - index: 4 - preset: 10790 - index: 5 - preset: 8790
02-20 16:03:54.617 D/K706RadioManager(17927): >>> IMcuListener.onMcuInfoChanged received! data=B1 00 00 22 56 23 AA 23 32 26 52 29 72 2A 26 22 56 
02-20 16:03:54.618 D/K706RadioManager(17927): MCU[0xB1] len=17 : B1 00 00 22 56 23 AA 23 32 26 52 29 72 2A 26 22 56 
02-20 16:03:54.618 D/K706RadioManager(17927): PresetList: band=0 presetIdx=0 currentFreq=8790 firstFreq=8790 (offset=3)
02-20 16:03:54.618 D/K706RadioManager(17927): PresetList: band reportada=0 (ignorada, mCurrentBand=0)
02-20 16:03:54.618 D/K706RadioManager(17927): >>> FREQ: 87850 -> 87900 (MCU=8790, 87,90 MHz)
02-20 16:03:54.661 E/mcu_services( 5539): MCU2APP : [ff fe fd 12 01 b1 00 00 22 5b 23 aa 23 32 26 52 29 72 2a 26 22 56 06 ff ]
02-20 16:03:54.662 D/TunerPresenter(12107): handleTunerRawData: b1 0 0 22 5b 23 aa 23 32 26 52 29 72 2a 26 22 56 
02-20 16:03:54.664 D/K706RadioManager(17927): IMcuListener.onTransact: code=1 flags=16
02-20 16:03:54.666 D/TunerManagerForExt(12107): FMRadio main (TunerManagerForExt.java:147) onTunerPresetListChanged:  - mBand: 0 - mPresetIndex: 0 - mFrequency: 8795 - index: 0 - preset: 9130 - index: 1 - preset: 9010 - index: 2 - preset: 9810 - index: 3 - preset: 10610 - index: 4 - preset: 10790 - index: 5 - preset: 8790
02-20 16:03:54.666 D/K706RadioManager(17927): >>> IMcuListener.onMcuInfoChanged received! data=B1 00 00 22 5B 23 AA 23 32 26 52 29 72 2A 26 22 56 
02-20 16:03:54.667 D/K706RadioManager(17927): MCU[0xB1] len=17 : B1 00 00 22 5B 23 AA 23 32 26 52 29 72 2A 26 22 56 
02-20 16:03:54.667 D/K706RadioManager(17927): PresetList: band=0 presetIdx=0 currentFreq=8795 firstFreq=8795 (offset=3)
02-20 16:03:54.667 D/K706RadioManager(17927): PresetList: band reportada=0 (ignorada, mCurrentBand=0)
02-20 16:03:54.667 D/K706RadioManager(17927): >>> FREQ: 87900 -> 87950 (MCU=8795, 87,95 MHz)
02-20 16:03:54.711 E/mcu_services( 5539): MCU2APP : [ff fe fd 12 01 b1 00 00 22 60 23 aa 23 32 26 52 29 72 2a 26 22 56 3d ff ]
02-20 16:03:54.713 D/TunerPresenter(12107): handleTunerRawData: b1 0 0 22 60 23 aa 23 32 26 52 29 72 2a 26 22 56 
02-20 16:03:54.714 D/K706RadioManager(17927): IMcuListener.onTransact: code=1 flags=16
02-20 16:03:54.715 D/K706RadioManager(17927): >>> IMcuListener.onMcuInfoChanged received! data=B1 00 00 22 60 23 AA 23 32 26 52 29 72 2A 26 22 56 
02-20 16:03:54.716 D/TunerManagerForExt(12107): FMRadio main (TunerManagerForExt.java:147) onTunerPresetListChanged:  - mBand: 0 - mPresetIndex: 0 - mFrequency: 8800 - index: 0 - preset: 9130 - index: 1 - preset: 9010 - index: 2 - preset: 9810 - index: 3 - preset: 10610 - index: 4 - preset: 10790 - index: 5 - preset: 8790
02-20 16:03:54.716 D/K706RadioManager(17927): MCU[0xB1] len=17 : B1 00 00 22 60 23 AA 23 32 26 52 29 72 2A 26 22 56 
02-20 16:03:54.717 D/K706RadioManager(17927): PresetList: band=0 presetIdx=0 currentFreq=8800 firstFreq=8800 (offset=3)
02-20 16:03:54.717 D/K706RadioManager(17927): PresetList: band reportada=0 (ignorada, mCurrentBand=0)
02-20 16:03:54.717 D/K706RadioManager(17927): >>> FREQ: 87950 -> 88000 (MCU=8800, 88,00 MHz)
02-20 16:03:54.760 E/mcu_services( 5539): MCU2APP : [ff fe fd 12 01 b1 00 00 22 65 23 aa 23 32 26 52 29 72 2a 26 22 56 38 ff ]
02-20 16:03:54.761 D/TunerPresenter(12107): handleTunerRawData: b1 0 0 22 65 23 aa 23 32 26 52 29 72 2a 26 22 56 
02-20 16:03:54.762 D/K706RadioManager(17927): IMcuListener.onTransact: code=1 flags=16
02-20 16:03:54.763 D/K706RadioManager(17927): >>> IMcuListener.onMcuInfoChanged received! data=B1 00 00 22 65 23 AA 23 32 26 52 29 72 2A 26 22 56 
02-20 16:03:54.764 D/TunerManagerForExt(12107): FMRadio main (TunerManagerForExt.java:147) onTunerPresetListChanged:  - mBand: 0 - mPresetIndex: 0 - mFrequency: 8805 - index: 0 - preset: 9130 - index: 1 - preset: 9010 - index: 2 - preset: 9810 - index: 3 - preset: 10610 - index: 4 - preset: 10790 - index: 5 - preset: 8790
02-20 16:03:54.764 D/K706RadioManager(17927): MCU[0xB1] len=17 : B1 00 00 22 65 23 AA 23 32 26 52 29 72 2A 26 22 56 
02-20 16:03:54.764 D/K706RadioManager(17927): PresetList: band=0 presetIdx=0 currentFreq=8805 firstFreq=8805 (offset=3)
02-20 16:03:54.764 D/K706RadioManager(17927): PresetList: band reportada=0 (ignorada, mCurrentBand=0)
02-20 16:03:54.764 D/K706RadioManager(17927): >>> FREQ: 88000 -> 88050 (MCU=8805, 88,05 MHz)
02-20 16:03:54.810 E/mcu_services( 5539): MCU2APP : [ff fe fd 12 01 b1 00 00 22 6a 23 aa 23 32 26 52 29 72 2a 26 22 56 37 ff ]
02-20 16:03:54.811 D/TunerPresenter(12107): handleTunerRawData: b1 0 0 22 6a 23 aa 23 32 26 52 29 72 2a 26 22 56 
02-20 16:03:54.813 D/K706RadioManager(17927): IMcuListener.onTransact: code=1 flags=16
02-20 16:03:54.814 D/K706RadioManager(17927): >>> IMcuListener.onMcuInfoChanged received! data=B1 00 00 22 6A 23 AA 23 32 26 52 29 72 2A 26 22 56 
02-20 16:03:54.815 D/TunerManagerForExt(12107): FMRadio main (TunerManagerForExt.java:147) onTunerPresetListChanged:  - mBand: 0 - mPresetIndex: 0 - mFrequency: 8810 - index: 0 - preset: 9130 - index: 1 - preset: 9010 - index: 2 - preset: 9810 - index: 3 - preset: 10610 - index: 4 - preset: 10790 - index: 5 - preset: 8790
02-20 16:03:54.815 D/K706RadioManager(17927): MCU[0xB1] len=17 : B1 00 00 22 6A 23 AA 23 32 26 52 29 72 2A 26 22 56 
02-20 16:03:54.815 D/K706RadioManager(17927): PresetList: band=0 presetIdx=0 currentFreq=8810 firstFreq=8810 (offset=3)
02-20 16:03:54.815 D/K706RadioManager(17927): PresetList: band reportada=0 (ignorada, mCurrentBand=0)
02-20 16:03:54.815 D/K706RadioManager(17927): >>> FREQ: 88050 -> 88100 (MCU=8810, 88,10 MHz)
02-20 16:03:54.860 E/mcu_services( 5539): MCU2APP : [ff fe fd 12 01 b1 00 00 22 6f 23 aa 23 32 26 52 29 72 2a 26 22 56 32 ff ]
02-20 16:03:54.861 D/TunerPresenter(12107): handleTunerRawData: b1 0 0 22 6f 23 aa 23 32 26 52 29 72 2a 26 22 56 
02-20 16:03:54.862 D/K706RadioManager(17927): IMcuListener.onTransact: code=1 flags=16
02-20 16:03:54.863 D/K706RadioManager(17927): >>> IMcuListener.onMcuInfoChanged received! data=B1 00 00 22 6F 23 AA 23 32 26 52 29 72 2A 26 22 56 
02-20 16:03:54.864 D/TunerManagerForExt(12107): FMRadio main (TunerManagerForExt.java:147) onTunerPresetListChanged:  - mBand: 0 - mPresetIndex: 0 - mFrequency: 8815 - index: 0 - preset: 9130 - index: 1 - preset: 9010 - index: 2 - preset: 9810 - index: 3 - preset: 10610 - index: 4 - preset: 10790 - index: 5 - preset: 8790
02-20 16:03:54.864 D/K706RadioManager(17927): MCU[0xB1] len=17 : B1 00 00 22 6F 23 AA 23 32 26 52 29 72 2A 26 22 56 
02-20 16:03:54.864 D/K706RadioManager(17927): PresetList: band=0 presetIdx=0 currentFreq=8815 firstFreq=8815 (offset=3)
02-20 16:03:54.864 D/K706RadioManager(17927): PresetList: band reportada=0 (ignorada, mCurrentBand=0)
02-20 16:03:54.864 D/K706RadioManager(17927): >>> FREQ: 88100 -> 88150 (MCU=8815, 88,15 MHz)
02-20 16:03:54.909 E/mcu_services( 5539): MCU2APP : [ff fe fd 12 01 b1 00 00 22 74 23 aa 23 32 26 52 29 72 2a 26 22 56 29 ff ]
02-20 16:03:54.911 D/TunerPresenter(12107): handleTunerRawData: b1 0 0 22 74 23 aa 23 32 26 52 29 72 2a 26 22 56 
02-20 16:03:54.912 D/K706RadioManager(17927): IMcuListener.onTransact: code=1 flags=16
02-20 16:03:54.913 D/K706RadioManager(17927): >>> IMcuListener.onMcuInfoChanged received! data=B1 00 00 22 74 23 AA 23 32 26 52 29 72 2A 26 22 56 
02-20 16:03:54.914 D/TunerManagerForExt(12107): FMRadio main (TunerManagerForExt.java:147) onTunerPresetListChanged:  - mBand: 0 - mPresetIndex: 0 - mFrequency: 8820 - index: 0 - preset: 9130 - index: 1 - preset: 9010 - index: 2 - preset: 9810 - index: 3 - preset: 10610 - index: 4 - preset: 10790 - index: 5 - preset: 8790
02-20 16:03:54.914 D/K706RadioManager(17927): MCU[0xB1] len=17 : B1 00 00 22 74 23 AA 23 32 26 52 29 72 2A 26 22 56 
02-20 16:03:54.914 D/K706RadioManager(17927): PresetList: band=0 presetIdx=0 currentFreq=8820 firstFreq=8820 (offset=3)
02-20 16:03:54.914 D/K706RadioManager(17927): PresetList: band reportada=0 (ignorada, mCurrentBand=0)
02-20 16:03:54.914 D/K706RadioManager(17927): >>> FREQ: 88150 -> 88200 (MCU=8820, 88,20 MHz)
02-20 16:03:54.959 E/mcu_services( 5539): MCU2APP : [ff fe fd 12 01 b1 00 00 22 79 23 aa 23 32 26 52 29 72 2a 26 22 56 24 ff ]
02-20 16:03:54.960 D/TunerPresenter(12107): handleTunerRawData: b1 0 0 22 79 23 aa 23 32 26 52 29 72 2a 26 22 56 
02-20 16:03:54.961 D/K706RadioManager(17927): IMcuListener.onTransact: code=1 flags=16
02-20 16:03:54.962 D/K706RadioManager(17927): >>> IMcuListener.onMcuInfoChanged received! data=B1 00 00 22 79 23 AA 23 32 26 52 29 72 2A 26 22 56 
02-20 16:03:54.963 D/K706RadioManager(17927): MCU[0xB1] len=17 : B1 00 00 22 79 23 AA 23 32 26 52 29 72 2A 26 22 56 
02-20 16:03:54.963 D/K706RadioManager(17927): PresetList: band=0 presetIdx=0 currentFreq=8825 firstFreq=8825 (offset=3)
02-20 16:03:54.963 D/K706RadioManager(17927): PresetList: band reportada=0 (ignorada, mCurrentBand=0)
02-20 16:03:54.963 D/K706RadioManager(17927): >>> FREQ: 88200 -> 88250 (MCU=8825, 88,25 MHz)
02-20 16:03:54.963 D/TunerManagerForExt(12107): FMRadio main (TunerManagerForExt.java:147) onTunerPresetListChanged:  - mBand: 0 - mPresetIndex: 0 - mFrequency: 8825 - index: 0 - preset: 9130 - index: 1 - preset: 9010 - index: 2 - preset: 9810 - index: 3 - preset: 10610 - index: 4 - preset: 10790 - index: 5 - preset: 8790
02-20 16:03:55.009 E/mcu_services( 5539): MCU2APP : [ff fe fd 12 01 b1 00 00 22 7e 23 aa 23 32 26 52 29 72 2a 26 22 56 23 ff ]
02-20 16:03:55.011 D/TunerPresenter(12107): handleTunerRawData: b1 0 0 22 7e 23 aa 23 32 26 52 29 72 2a 26 22 56 
02-20 16:03:55.013 D/K706RadioManager(17927): IMcuListener.onTransact: code=1 flags=16
02-20 16:03:55.014 D/K706RadioManager(17927): >>> IMcuListener.onMcuInfoChanged received! data=B1 00 00 22 7E 23 AA 23 32 26 52 29 72 2A 26 22 56 
02-20 16:03:55.014 D/TunerManagerForExt(12107): FMRadio main (TunerManagerForExt.java:147) onTunerPresetListChanged:  - mBand: 0 - mPresetIndex: 0 - mFrequency: 8830 - index: 0 - preset: 9130 - index: 1 - preset: 9010 - index: 2 - preset: 9810 - index: 3 - preset: 10610 - index: 4 - preset: 10790 - index: 5 - preset: 8790
02-20 16:03:55.015 D/K706RadioManager(17927): MCU[0xB1] len=17 : B1 00 00 22 7E 23 AA 23 32 26 52 29 72 2A 26 22 56 
02-20 16:03:55.015 D/K706RadioManager(17927): PresetList: band=0 presetIdx=0 currentFreq=8830 firstFreq=8830 (offset=3)
02-20 16:03:55.015 D/K706RadioManager(17927): PresetList: band reportada=0 (ignorada, mCurrentBand=0)
02-20 16:03:55.015 D/K706RadioManager(17927): >>> FREQ: 88250 -> 88300 (MCU=8830, 88,30 MHz)
02-20 16:03:55.036 E/mcu_services( 5539): MCU2APP : [ff fe fd 03 01 29 6d 45 ff ]
02-20 16:03:55.038 D/K706RadioManager(17927): IMcuListener.onTransact: code=1 flags=16
02-20 16:03:55.039 D/K706RadioManager(17927): >>> IMcuListener.onMcuInfoChanged received! data=29 6D 
02-20 16:03:55.039 D/K706RadioManager(17927): MCU[0x29] len=2 : 29 6D 
02-20 16:03:55.039 D/K706RadioManager(17927): Unknown MCU packet type: 0x29
02-20 16:03:55.059 E/mcu_services( 5539): MCU2APP : [ff fe fd 12 01 b1 00 00 22 83 23 aa 23 32 26 52 29 72 2a 26 22 56 de ff ]
02-20 16:03:55.060 D/TunerPresenter(12107): handleTunerRawData: b1 0 0 22 83 23 aa 23 32 26 52 29 72 2a 26 22 56 
02-20 16:03:55.061 D/K706RadioManager(17927): IMcuListener.onTransact: code=1 flags=16
02-20 16:03:55.063 D/TunerManagerForExt(12107): FMRadio main (TunerManagerForExt.java:147) onTunerPresetListChanged:  - mBand: 0 - mPresetIndex: 0 - mFrequency: 8835 - index: 0 - preset: 9130 - index: 1 - preset: 9010 - index: 2 - preset: 9810 - index: 3 - preset: 10610 - index: 4 - preset: 10790 - index: 5 - preset: 8790
02-20 16:03:55.063 D/K706RadioManager(17927): >>> IMcuListener.onMcuInfoChanged received! data=B1 00 00 22 83 23 AA 23 32 26 52 29 72 2A 26 22 56 
02-20 16:03:55.064 D/K706RadioManager(17927): MCU[0xB1] len=17 : B1 00 00 22 83 23 AA 23 32 26 52 29 72 2A 26 22 56 
02-20 16:03:55.064 D/K706RadioManager(17927): PresetList: band=0 presetIdx=0 currentFreq=8835 firstFreq=8835 (offset=3)
02-20 16:03:55.065 D/K706RadioManager(17927): PresetList: band reportada=0 (ignorada, mCurrentBand=0)
02-20 16:03:55.065 D/K706RadioManager(17927): >>> FREQ: 88300 -> 88350 (MCU=8835, 88,35 MHz)
02-20 16:03:55.108 E/mcu_services( 5539): MCU2APP : [ff fe fd 12 01 b1 00 00 22 88 23 aa 23 32 26 52 29 72 2a 26 22 56 d5 ff ]
02-20 16:03:55.109 D/TunerPresenter(12107): handleTunerRawData: b1 0 0 22 88 23 aa 23 32 26 52 29 72 2a 26 22 56 
02-20 16:03:55.110 D/K706RadioManager(17927): IMcuListener.onTransact: code=1 flags=16
02-20 16:03:55.111 D/K706RadioManager(17927): >>> IMcuListener.onMcuInfoChanged received! data=B1 00 00 22 88 23 AA 23 32 26 52 29 72 2A 26 22 56 
02-20 16:03:55.112 D/K706RadioManager(17927): MCU[0xB1] len=17 : B1 00 00 22 88 23 AA 23 32 26 52 29 72 2A 26 22 56 
02-20 16:03:55.112 D/TunerManagerForExt(12107): FMRadio main (TunerManagerForExt.java:147) onTunerPresetListChanged:  - mBand: 0 - mPresetIndex: 0 - mFrequency: 8840 - index: 0 - preset: 9130 - index: 1 - preset: 9010 - index: 2 - preset: 9810 - index: 3 - preset: 10610 - index: 4 - preset: 10790 - index: 5 - preset: 8790
02-20 16:03:55.112 D/K706RadioManager(17927): PresetList: band=0 presetIdx=0 currentFreq=8840 firstFreq=8840 (offset=3)
02-20 16:03:55.112 D/K706RadioManager(17927): PresetList: band reportada=0 (ignorada, mCurrentBand=0)
02-20 16:03:55.112 D/K706RadioManager(17927): >>> FREQ: 88350 -> 88400 (MCU=8840, 88,40 MHz)
02-20 16:03:55.158 E/mcu_services( 5539): MCU2APP : [ff fe fd 12 01 b1 00 00 22 8d 23 aa 23 32 26 52 29 72 2a 26 22 56 d0 ff ]
02-20 16:03:55.160 D/TunerPresenter(12107): handleTunerRawData: b1 0 0 22 8d 23 aa 23 32 26 52 29 72 2a 26 22 56 
02-20 16:03:55.161 D/K706RadioManager(17927): IMcuListener.onTransact: code=1 flags=16
02-20 16:03:55.162 D/K706RadioManager(17927): >>> IMcuListener.onMcuInfoChanged received! data=B1 00 00 22 8D 23 AA 23 32 26 52 29 72 2A 26 22 56 
02-20 16:03:55.162 D/TunerManagerForExt(12107): FMRadio main (TunerManagerForExt.java:147) onTunerPresetListChanged:  - mBand: 0 - mPresetIndex: 0 - mFrequency: 8845 - index: 0 - preset: 9130 - index: 1 - preset: 9010 - index: 2 - preset: 9810 - index: 3 - preset: 10610 - index: 4 - preset: 10790 - index: 5 - preset: 8790
02-20 16:03:55.163 D/K706RadioManager(17927): MCU[0xB1] len=17 : B1 00 00 22 8D 23 AA 23 32 26 52 29 72 2A 26 22 56 
02-20 16:03:55.163 D/K706RadioManager(17927): PresetList: band=0 presetIdx=0 currentFreq=8845 firstFreq=8845 (offset=3)
02-20 16:03:55.163 D/K706RadioManager(17927): PresetList: band reportada=0 (ignorada, mCurrentBand=0)
02-20 16:03:55.163 D/K706RadioManager(17927): >>> FREQ: 88400 -> 88450 (MCU=8845, 88,45 MHz)
02-20 16:03:55.208 E/mcu_services( 5539): MCU2APP : [ff fe fd 12 01 b1 00 00 22 92 23 aa 23 32 26 52 29 72 2a 26 22 56 cf ff ]
02-20 16:03:55.209 D/TunerPresenter(12107): handleTunerRawData: b1 0 0 22 92 23 aa 23 32 26 52 29 72 2a 26 22 56 
02-20 16:03:55.211 D/K706RadioManager(17927): IMcuListener.onTransact: code=1 flags=16
02-20 16:03:55.212 D/TunerManagerForExt(12107): FMRadio main (TunerManagerForExt.java:147) onTunerPresetListChanged:  - mBand: 0 - mPresetIndex: 0 - mFrequency: 8850 - index: 0 - preset: 9130 - index: 1 - preset: 9010 - index: 2 - preset: 9810 - index: 3 - preset: 10610 - index: 4 - preset: 10790 - index: 5 - preset: 8790
02-20 16:03:55.212 D/K706RadioManager(17927): >>> IMcuListener.onMcuInfoChanged received! data=B1 00 00 22 92 23 AA 23 32 26 52 29 72 2A 26 22 56 
02-20 16:03:55.213 D/K706RadioManager(17927): MCU[0xB1] len=17 : B1 00 00 22 92 23 AA 23 32 26 52 29 72 2A 26 22 56 
02-20 16:03:55.213 D/K706RadioManager(17927): PresetList: band=0 presetIdx=0 currentFreq=8850 firstFreq=8850 (offset=3)
02-20 16:03:55.213 D/K706RadioManager(17927): PresetList: band reportada=0 (ignorada, mCurrentBand=0)
02-20 16:03:55.213 D/K706RadioManager(17927): >>> FREQ: 88450 -> 88500 (MCU=8850, 88,50 MHz)
02-20 16:03:55.257 E/mcu_services( 5539): MCU2APP : [ff fe fd 12 01 b1 00 00 22 97 23 aa 23 32 26 52 29 72 2a 26 22 56 ca ff ]
02-20 16:03:55.258 D/TunerPresenter(12107): handleTunerRawData: b1 0 0 22 97 23 aa 23 32 26 52 29 72 2a 26 22 56 
02-20 16:03:55.260 D/K706RadioManager(17927): IMcuListener.onTransact: code=1 flags=16
02-20 16:03:55.261 D/K706RadioManager(17927): >>> IMcuListener.onMcuInfoChanged received! data=B1 00 00 22 97 23 AA 23 32 26 52 29 72 2A 26 22 56 
02-20 16:03:55.261 D/TunerManagerForExt(12107): FMRadio main (TunerManagerForExt.java:147) onTunerPresetListChanged:  - mBand: 0 - mPresetIndex: 0 - mFrequency: 8855 - index: 0 - preset: 9130 - index: 1 - preset: 9010 - index: 2 - preset: 9810 - index: 3 - preset: 10610 - index: 4 - preset: 10790 - index: 5 - preset: 8790
02-20 16:03:55.262 D/K706RadioManager(17927): MCU[0xB1] len=17 : B1 00 00 22 97 23 AA 23 32 26 52 29 72 2A 26 22 56 
02-20 16:03:55.262 D/K706RadioManager(17927): PresetList: band=0 presetIdx=0 currentFreq=8855 firstFreq=8855 (offset=3)
02-20 16:03:55.262 D/K706RadioManager(17927): PresetList: band reportada=0 (ignorada, mCurrentBand=0)
02-20 16:03:55.262 D/K706RadioManager(17927): >>> FREQ: 88500 -> 88550 (MCU=8855, 88,55 MHz)
02-20 16:03:55.307 E/mcu_services( 5539): MCU2APP : [ff fe fd 12 01 b1 00 00 22 9c 23 aa 23 32 26 52 29 72 2a 26 22 56 c1 ff ]
02-20 16:03:55.308 D/TunerPresenter(12107): handleTunerRawData: b1 0 0 22 9c 23 aa 23 32 26 52 29 72 2a 26 22 56 
02-20 16:03:55.310 D/K706RadioManager(17927): IMcuListener.onTransact: code=1 flags=16
02-20 16:03:55.311 D/TunerManagerForExt(12107): FMRadio main (TunerManagerForExt.java:147) onTunerPresetListChanged:  - mBand: 0 - mPresetIndex: 0 - mFrequency: 8860 - index: 0 - preset: 9130 - index: 1 - preset: 9010 - index: 2 - preset: 9810 - index: 3 - preset: 10610 - index: 4 - preset: 10790 - index: 5 - preset: 8790
02-20 16:03:55.311 D/K706RadioManager(17927): >>> IMcuListener.onMcuInfoChanged received! data=B1 00 00 22 9C 23 AA 23 32 26 52 29 72 2A 26 22 56 
02-20 16:03:55.312 D/K706RadioManager(17927): MCU[0xB1] len=17 : B1 00 00 22 9C 23 AA 23 32 26 52 29 72 2A 26 22 56 
02-20 16:03:55.312 D/K706RadioManager(17927): PresetList: band=0 presetIdx=0 currentFreq=8860 firstFreq=8860 (offset=3)
02-20 16:03:55.312 D/K706RadioManager(17927): PresetList: band reportada=0 (ignorada, mCurrentBand=0)
02-20 16:03:55.312 D/K706RadioManager(17927): >>> FREQ: 88550 -> 88600 (MCU=8860, 88,60 MHz)
02-20 16:03:55.358 E/mcu_services( 5539): MCU2APP : [ff fe fd 12 01 b1 00 00 22 a1 23 aa 23 32 26 52 29 72 2a 26 22 56 fc ff ]
02-20 16:03:55.359 D/TunerPresenter(12107): handleTunerRawData: b1 0 0 22 a1 23 aa 23 32 26 52 29 72 2a 26 22 56 
02-20 16:03:55.363 D/TunerManagerForExt(12107): FMRadio main (TunerManagerForExt.java:147) onTunerPresetListChanged:  - mBand: 0 - mPresetIndex: 0 - mFrequency: 8865 - index: 0 - preset: 9130 - index: 1 - preset: 9010 - index: 2 - preset: 9810 - index: 3 - preset: 10610 - index: 4 - preset: 10790 - index: 5 - preset: 8790
02-20 16:03:55.363 D/K706RadioManager(17927): IMcuListener.onTransact: code=1 flags=16
02-20 16:03:55.364 D/K706RadioManager(17927): >>> IMcuListener.onMcuInfoChanged received! data=B1 00 00 22 A1 23 AA 23 32 26 52 29 72 2A 26 22 56 
02-20 16:03:55.365 D/K706RadioManager(17927): MCU[0xB1] len=17 : B1 00 00 22 A1 23 AA 23 32 26 52 29 72 2A 26 22 56 
02-20 16:03:55.365 D/K706RadioManager(17927): PresetList: band=0 presetIdx=0 currentFreq=8865 firstFreq=8865 (offset=3)
02-20 16:03:55.365 D/K706RadioManager(17927): PresetList: band reportada=0 (ignorada, mCurrentBand=0)
02-20 16:03:55.365 D/K706RadioManager(17927): >>> FREQ: 88600 -> 88650 (MCU=8865, 88,65 MHz)
02-20 16:03:55.406 E/mcu_services( 5539): MCU2APP : [ff fe fd 12 01 b1 00 00 22 a6 23 aa 23 32 26 52 29 72 2a 26 22 56 fb ff ]
02-20 16:03:55.407 D/TunerPresenter(12107): handleTunerRawData: b1 0 0 22 a6 23 aa 23 32 26 52 29 72 2a 26 22 56 
02-20 16:03:55.408 D/K706RadioManager(17927): IMcuListener.onTransact: code=1 flags=16
02-20 16:03:55.410 D/K706RadioManager(17927): >>> IMcuListener.onMcuInfoChanged received! data=B1 00 00 22 A6 23 AA 23 32 26 52 29 72 2A 26 22 56 
02-20 16:03:55.410 D/TunerManagerForExt(12107): FMRadio main (TunerManagerForExt.java:147) onTunerPresetListChanged:  - mBand: 0 - mPresetIndex: 0 - mFrequency: 8870 - index: 0 - preset: 9130 - index: 1 - preset: 9010 - index: 2 - preset: 9810 - index: 3 - preset: 10610 - index: 4 - preset: 10790 - index: 5 - preset: 8790
02-20 16:03:55.411 D/K706RadioManager(17927): MCU[0xB1] len=17 : B1 00 00 22 A6 23 AA 23 32 26 52 29 72 2A 26 22 56 
02-20 16:03:55.411 D/K706RadioManager(17927): PresetList: band=0 presetIdx=0 currentFreq=8870 firstFreq=8870 (offset=3)
02-20 16:03:55.411 D/K706RadioManager(17927): PresetList: band reportada=0 (ignorada, mCurrentBand=0)
02-20 16:03:55.411 D/K706RadioManager(17927): >>> FREQ: 88650 -> 88700 (MCU=8870, 88,70 MHz)
02-20 16:03:55.456 E/mcu_services( 5539): MCU2APP : [ff fe fd 12 01 b1 00 00 22 ab 23 aa 23 32 26 52 29 72 2a 26 22 56 f6 ff ]
02-20 16:03:55.458 D/TunerPresenter(12107): handleTunerRawData: b1 0 0 22 ab 23 aa 23 32 26 52 29 72 2a 26 22 56 
02-20 16:03:55.459 D/K706RadioManager(17927): IMcuListener.onTransact: code=1 flags=16
02-20 16:03:55.460 D/TunerManagerForExt(12107): FMRadio main (TunerManagerForExt.java:147) onTunerPresetListChanged:  - mBand: 0 - mPresetIndex: 0 - mFrequency: 8875 - index: 0 - preset: 9130 - index: 1 - preset: 9010 - index: 2 - preset: 9810 - index: 3 - preset: 10610 - index: 4 - preset: 10790 - index: 5 - preset: 8790
02-20 16:03:55.460 D/K706RadioManager(17927): >>> IMcuListener.onMcuInfoChanged received! data=B1 00 00 22 AB 23 AA 23 32 26 52 29 72 2A 26 22 56 
02-20 16:03:55.462 D/K706RadioManager(17927): MCU[0xB1] len=17 : B1 00 00 22 AB 23 AA 23 32 26 52 29 72 2A 26 22 56 
02-20 16:03:55.462 D/K706RadioManager(17927): PresetList: band=0 presetIdx=0 currentFreq=8875 firstFreq=8875 (offset=3)
02-20 16:03:55.462 D/K706RadioManager(17927): PresetList: band reportada=0 (ignorada, mCurrentBand=0)
02-20 16:03:55.462 D/K706RadioManager(17927): >>> FREQ: 88700 -> 88750 (MCU=8875, 88,75 MHz)
02-20 16:03:55.506 E/mcu_services( 5539): MCU2APP : [ff fe fd 12 01 b1 00 00 22 b0 23 aa 23 32 26 52 29 72 2a 26 22 56 ed ff ]
02-20 16:03:55.508 D/TunerPresenter(12107): handleTunerRawData: b1 0 0 22 b0 23 aa 23 32 26 52 29 72 2a 26 22 56 
02-20 16:03:55.510 D/K706RadioManager(17927): IMcuListener.onTransact: code=1 flags=16
02-20 16:03:55.511 D/TunerManagerForExt(12107): FMRadio main (TunerManagerForExt.java:147) onTunerPresetListChanged:  - mBand: 0 - mPresetIndex: 0 - mFrequency: 8880 - index: 0 - preset: 9130 - index: 1 - preset: 9010 - index: 2 - preset: 9810 - index: 3 - preset: 10610 - index: 4 - preset: 10790 - index: 5 - preset: 8790
02-20 16:03:55.511 D/K706RadioManager(17927): >>> IMcuListener.onMcuInfoChanged received! data=B1 00 00 22 B0 23 AA 23 32 26 52 29 72 2A 26 22 56 
02-20 16:03:55.512 D/K706RadioManager(17927): MCU[0xB1] len=17 : B1 00 00 22 B0 23 AA 23 32 26 52 29 72 2A 26 22 56 
02-20 16:03:55.512 D/K706RadioManager(17927): PresetList: band=0 presetIdx=0 currentFreq=8880 firstFreq=8880 (offset=3)
02-20 16:03:55.512 D/K706RadioManager(17927): PresetList: band reportada=0 (ignorada, mCurrentBand=0)
02-20 16:03:55.513 D/K706RadioManager(17927): >>> FREQ: 88750 -> 88800 (MCU=8880, 88,80 MHz)
02-20 16:03:55.556 E/mcu_services( 5539): MCU2APP : [ff fe fd 12 01 b1 00 00 22 b5 23 aa 23 32 26 52 29 72 2a 26 22 56 e8 ff ]
02-20 16:03:55.557 D/TunerPresenter(12107): handleTunerRawData: b1 0 0 22 b5 23 aa 23 32 26 52 29 72 2a 26 22 56 
02-20 16:03:55.558 D/K706RadioManager(17927): IMcuListener.onTransact: code=1 flags=16
02-20 16:03:55.559 D/K706RadioManager(17927): >>> IMcuListener.onMcuInfoChanged received! data=B1 00 00 22 B5 23 AA 23 32 26 52 29 72 2A 26 22 56 
02-20 16:03:55.560 D/TunerManagerForExt(12107): FMRadio main (TunerManagerForExt.java:147) onTunerPresetListChanged:  - mBand: 0 - mPresetIndex: 0 - mFrequency: 8885 - index: 0 - preset: 9130 - index: 1 - preset: 9010 - index: 2 - preset: 9810 - index: 3 - preset: 10610 - index: 4 - preset: 10790 - index: 5 - preset: 8790
02-20 16:03:55.560 D/K706RadioManager(17927): MCU[0xB1] len=17 : B1 00 00 22 B5 23 AA 23 32 26 52 29 72 2A 26 22 56 
02-20 16:03:55.560 D/K706RadioManager(17927): PresetList: band=0 presetIdx=0 currentFreq=8885 firstFreq=8885 (offset=3)
02-20 16:03:55.560 D/K706RadioManager(17927): PresetList: band reportada=0 (ignorada, mCurrentBand=0)
02-20 16:03:55.560 D/K706RadioManager(17927): >>> FREQ: 88800 -> 88850 (MCU=8885, 88,85 MHz)
02-20 16:03:55.605 E/mcu_services( 5539): MCU2APP : [ff fe fd 12 01 b1 00 00 22 ba 23 aa 23 32 26 52 29 72 2a 26 22 56 e7 ff ]
02-20 16:03:55.607 D/TunerPresenter(12107): handleTunerRawData: b1 0 0 22 ba 23 aa 23 32 26 52 29 72 2a 26 22 56 
02-20 16:03:55.608 D/K706RadioManager(17927): IMcuListener.onTransact: code=1 flags=16
02-20 16:03:55.610 D/K706RadioManager(17927): >>> IMcuListener.onMcuInfoChanged received! data=B1 00 00 22 BA 23 AA 23 32 26 52 29 72 2A 26 22 56 
02-20 16:03:55.610 D/TunerManagerForExt(12107): FMRadio main (TunerManagerForExt.java:147) onTunerPresetListChanged:  - mBand: 0 - mPresetIndex: 0 - mFrequency: 8890 - index: 0 - preset: 9130 - index: 1 - preset: 9010 - index: 2 - preset: 9810 - index: 3 - preset: 10610 - index: 4 - preset: 10790 - index: 5 - preset: 8790
02-20 16:03:55.610 D/K706RadioManager(17927): MCU[0xB1] len=17 : B1 00 00 22 BA 23 AA 23 32 26 52 29 72 2A 26 22 56 
02-20 16:03:55.611 D/K706RadioManager(17927): PresetList: band=0 presetIdx=0 currentFreq=8890 firstFreq=8890 (offset=3)
02-20 16:03:55.611 D/K706RadioManager(17927): PresetList: band reportada=0 (ignorada, mCurrentBand=0)
02-20 16:03:55.611 D/K706RadioManager(17927): >>> FREQ: 88850 -> 88900 (MCU=8890, 88,90 MHz)
02-20 16:03:55.655 E/mcu_services( 5539): MCU2APP : [ff fe fd 12 01 b1 00 00 22 bf 23 aa 23 32 26 52 29 72 2a 26 22 56 e2 ff ]
02-20 16:03:55.657 D/TunerPresenter(12107): handleTunerRawData: b1 0 0 22 bf 23 aa 23 32 26 52 29 72 2a 26 22 56 
02-20 16:03:55.660 D/K706RadioManager(17927): IMcuListener.onTransact: code=1 flags=16
02-20 16:03:55.661 D/TunerManagerForExt(12107): FMRadio main (TunerManagerForExt.java:147) onTunerPresetListChanged:  - mBand: 0 - mPresetIndex: 0 - mFrequency: 8895 - index: 0 - preset: 9130 - index: 1 - preset: 9010 - index: 2 - preset: 9810 - index: 3 - preset: 10610 - index: 4 - preset: 10790 - index: 5 - preset: 8790
02-20 16:03:55.661 D/K706RadioManager(17927): >>> IMcuListener.onMcuInfoChanged received! data=B1 00 00 22 BF 23 AA 23 32 26 52 29 72 2A 26 22 56 
02-20 16:03:55.662 D/K706RadioManager(17927): MCU[0xB1] len=17 : B1 00 00 22 BF 23 AA 23 32 26 52 29 72 2A 26 22 56 
02-20 16:03:55.662 D/K706RadioManager(17927): PresetList: band=0 presetIdx=0 currentFreq=8895 firstFreq=8895 (offset=3)
02-20 16:03:55.662 D/K706RadioManager(17927): PresetList: band reportada=0 (ignorada, mCurrentBand=0)
02-20 16:03:55.662 D/K706RadioManager(17927): >>> FREQ: 88900 -> 88950 (MCU=8895, 88,95 MHz)
02-20 16:03:55.705 E/mcu_services( 5539): MCU2APP : [ff fe fd 12 01 b1 00 00 22 c4 23 aa 23 32 26 52 29 72 2a 26 22 56 99 ff ]
02-20 16:03:55.707 D/TunerPresenter(12107): handleTunerRawData: b1 0 0 22 c4 23 aa 23 32 26 52 29 72 2a 26 22 56 
02-20 16:03:55.709 D/K706RadioManager(17927): IMcuListener.onTransact: code=1 flags=16
02-20 16:03:55.710 D/TunerManagerForExt(12107): FMRadio main (TunerManagerForExt.java:147) onTunerPresetListChanged:  - mBand: 0 - mPresetIndex: 0 - mFrequency: 8900 - index: 0 - preset: 9130 - index: 1 - preset: 9010 - index: 2 - preset: 9810 - index: 3 - preset: 10610 - index: 4 - preset: 10790 - index: 5 - preset: 8790
02-20 16:03:55.710 D/K706RadioManager(17927): >>> IMcuListener.onMcuInfoChanged received! data=B1 00 00 22 C4 23 AA 23 32 26 52 29 72 2A 26 22 56 
02-20 16:03:55.711 D/K706RadioManager(17927): MCU[0xB1] len=17 : B1 00 00 22 C4 23 AA 23 32 26 52 29 72 2A 26 22 56 
02-20 16:03:55.711 D/K706RadioManager(17927): PresetList: band=0 presetIdx=0 currentFreq=8900 firstFreq=8900 (offset=3)
02-20 16:03:55.711 D/K706RadioManager(17927): PresetList: band reportada=0 (ignorada, mCurrentBand=0)
02-20 16:03:55.711 D/K706RadioManager(17927): >>> FREQ: 88950 -> 89000 (MCU=8900, 89,00 MHz)
02-20 16:03:55.755 E/mcu_services( 5539): MCU2APP : [ff fe fd 12 01 b1 00 00 22 c9 23 aa 23 32 26 52 29 72 2a 26 22 56 94 ff ]
02-20 16:03:55.757 D/TunerPresenter(12107): handleTunerRawData: b1 0 0 22 c9 23 aa 23 32 26 52 29 72 2a 26 22 56 
02-20 16:03:55.758 D/K706RadioManager(17927): IMcuListener.onTransact: code=1 flags=16
02-20 16:03:55.760 D/K706RadioManager(17927): >>> IMcuListener.onMcuInfoChanged received! data=B1 00 00 22 C9 23 AA 23 32 26 52 29 72 2A 26 22 56 
02-20 16:03:55.760 D/TunerManagerForExt(12107): FMRadio main (TunerManagerForExt.java:147) onTunerPresetListChanged:  - mBand: 0 - mPresetIndex: 0 - mFrequency: 8905 - index: 0 - preset: 9130 - index: 1 - preset: 9010 - index: 2 - preset: 9810 - index: 3 - preset: 10610 - index: 4 - preset: 10790 - index: 5 - preset: 8790
02-20 16:03:55.762 D/K706RadioManager(17927): MCU[0xB1] len=17 : B1 00 00 22 C9 23 AA 23 32 26 52 29 72 2A 26 22 56 
02-20 16:03:55.762 D/K706RadioManager(17927): PresetList: band=0 presetIdx=0 currentFreq=8905 firstFreq=8905 (offset=3)
02-20 16:03:55.762 D/K706RadioManager(17927): PresetList: band reportada=0 (ignorada, mCurrentBand=0)
02-20 16:03:55.762 D/K706RadioManager(17927): >>> FREQ: 89000 -> 89050 (MCU=8905, 89,05 MHz)
02-20 16:03:55.804 E/mcu_services( 5539): MCU2APP : [ff fe fd 12 01 b1 00 00 22 ce 23 aa 23 32 26 52 29 72 2a 26 22 56 93 ff ]
02-20 16:03:55.806 D/TunerPresenter(12107): handleTunerRawData: b1 0 0 22 ce 23 aa 23 32 26 52 29 72 2a 26 22 56 
02-20 16:03:55.808 D/K706RadioManager(17927): IMcuListener.onTransact: code=1 flags=16
02-20 16:03:55.810 D/K706RadioManager(17927): >>> IMcuListener.onMcuInfoChanged received! data=B1 00 00 22 CE 23 AA 23 32 26 52 29 72 2A 26 22 56 
02-20 16:03:55.810 D/TunerManagerForExt(12107): FMRadio main (TunerManagerForExt.java:147) onTunerPresetListChanged:  - mBand: 0 - mPresetIndex: 0 - mFrequency: 8910 - index: 0 - preset: 9130 - index: 1 - preset: 9010 - index: 2 - preset: 9810 - index: 3 - preset: 10610 - index: 4 - preset: 10790 - index: 5 - preset: 8790
02-20 16:03:55.810 D/K706RadioManager(17927): MCU[0xB1] len=17 : B1 00 00 22 CE 23 AA 23 32 26 52 29 72 2A 26 22 56 
02-20 16:03:55.810 D/K706RadioManager(17927): PresetList: band=0 presetIdx=0 currentFreq=8910 firstFreq=8910 (offset=3)
02-20 16:03:55.810 D/K706RadioManager(17927): PresetList: band reportada=0 (ignorada, mCurrentBand=0)
02-20 16:03:55.811 D/K706RadioManager(17927): >>> FREQ: 89050 -> 89100 (MCU=8910, 89,10 MHz)
02-20 16:03:55.854 E/mcu_services( 5539): MCU2APP : [ff fe fd 12 01 b1 00 00 22 d3 23 aa 23 32 26 52 29 72 2a 26 22 56 8e ff ]
02-20 16:03:55.855 D/TunerPresenter(12107): handleTunerRawData: b1 0 0 22 d3 23 aa 23 32 26 52 29 72 2a 26 22 56 
02-20 16:03:55.856 D/K706RadioManager(17927): IMcuListener.onTransact: code=1 flags=16
02-20 16:03:55.857 D/K706RadioManager(17927): >>> IMcuListener.onMcuInfoChanged received! data=B1 00 00 22 D3 23 AA 23 32 26 52 29 72 2A 26 22 56 
02-20 16:03:55.858 D/TunerManagerForExt(12107): FMRadio main (TunerManagerForExt.java:147) onTunerPresetListChanged:  - mBand: 0 - mPresetIndex: 0 - mFrequency: 8915 - index: 0 - preset: 9130 - index: 1 - preset: 9010 - index: 2 - preset: 9810 - index: 3 - preset: 10610 - index: 4 - preset: 10790 - index: 5 - preset: 8790
02-20 16:03:55.858 D/K706RadioManager(17927): MCU[0xB1] len=17 : B1 00 00 22 D3 23 AA 23 32 26 52 29 72 2A 26 22 56 
02-20 16:03:55.858 D/K706RadioManager(17927): PresetList: band=0 presetIdx=0 currentFreq=8915 firstFreq=8915 (offset=3)
02-20 16:03:55.858 D/K706RadioManager(17927): PresetList: band reportada=0 (ignorada, mCurrentBand=0)
02-20 16:03:55.858 D/K706RadioManager(17927): >>> FREQ: 89100 -> 89150 (MCU=8915, 89,15 MHz)
02-20 16:03:55.904 E/mcu_services( 5539): MCU2APP : [ff fe fd 12 01 b1 00 00 22 d8 23 aa 23 32 26 52 29 72 2a 26 22 56 85 ff ]
02-20 16:03:55.905 D/TunerPresenter(12107): handleTunerRawData: b1 0 0 22 d8 23 aa 23 32 26 52 29 72 2a 26 22 56 
02-20 16:03:55.906 D/K706RadioManager(17927): IMcuListener.onTransact: code=1 flags=16
02-20 16:03:55.908 D/K706RadioManager(17927): >>> IMcuListener.onMcuInfoChanged received! data=B1 00 00 22 D8 23 AA 23 32 26 52 29 72 2A 26 22 56 
02-20 16:03:55.908 D/TunerManagerForExt(12107): FMRadio main (TunerManagerForExt.java:147) onTunerPresetListChanged:  - mBand: 0 - mPresetIndex: 0 - mFrequency: 8920 - index: 0 - preset: 9130 - index: 1 - preset: 9010 - index: 2 - preset: 9810 - index: 3 - preset: 10610 - index: 4 - preset: 10790 - index: 5 - preset: 8790
02-20 16:03:55.909 D/K706RadioManager(17927): MCU[0xB1] len=17 : B1 00 00 22 D8 23 AA 23 32 26 52 29 72 2A 26 22 56 
02-20 16:03:55.909 D/K706RadioManager(17927): PresetList: band=0 presetIdx=0 currentFreq=8920 firstFreq=8920 (offset=3)
02-20 16:03:55.909 D/K706RadioManager(17927): PresetList: band reportada=0 (ignorada, mCurrentBand=0)
02-20 16:03:55.909 D/K706RadioManager(17927): >>> FREQ: 89150 -> 89200 (MCU=8920, 89,20 MHz)
02-20 16:03:55.954 E/mcu_services( 5539): MCU2APP : [ff fe fd 12 01 b1 00 00 22 dd 23 aa 23 32 26 52 29 72 2a 26 22 56 80 ff ]
02-20 16:03:55.955 D/TunerPresenter(12107): handleTunerRawData: b1 0 0 22 dd 23 aa 23 32 26 52 29 72 2a 26 22 56 
02-20 16:03:55.956 D/K706RadioManager(17927): IMcuListener.onTransact: code=1 flags=16
02-20 16:03:55.958 D/K706RadioManager(17927): >>> IMcuListener.onMcuInfoChanged received! data=B1 00 00 22 DD 23 AA 23 32 26 52 29 72 2A 26 22 56 
02-20 16:03:55.958 D/TunerManagerForExt(12107): FMRadio main (TunerManagerForExt.java:147) onTunerPresetListChanged:  - mBand: 0 - mPresetIndex: 0 - mFrequency: 8925 - index: 0 - preset: 9130 - index: 1 - preset: 9010 - index: 2 - preset: 9810 - index: 3 - preset: 10610 - index: 4 - preset: 10790 - index: 5 - preset: 8790
02-20 16:03:55.959 D/K706RadioManager(17927): MCU[0xB1] len=17 : B1 00 00 22 DD 23 AA 23 32 26 52 29 72 2A 26 22 56 
02-20 16:03:55.959 D/K706RadioManager(17927): PresetList: band=0 presetIdx=0 currentFreq=8925 firstFreq=8925 (offset=3)
02-20 16:03:55.959 D/K706RadioManager(17927): PresetList: band reportada=0 (ignorada, mCurrentBand=0)
02-20 16:03:55.959 D/K706RadioManager(17927): >>> FREQ: 89200 -> 89250 (MCU=8925, 89,25 MHz)
02-20 16:03:56.003 E/mcu_services( 5539): MCU2APP : [ff fe fd 12 01 b1 00 00 22 e2 23 aa 23 32 26 52 29 72 2a 26 22 56 bf ff ]
02-20 16:03:56.004 D/TunerPresenter(12107): handleTunerRawData: b1 0 0 22 e2 23 aa 23 32 26 52 29 72 2a 26 22 56 
02-20 16:03:56.005 D/K706RadioManager(17927): IMcuListener.onTransact: code=1 flags=16
02-20 16:03:56.007 D/K706RadioManager(17927): >>> IMcuListener.onMcuInfoChanged received! data=B1 00 00 22 E2 23 AA 23 32 26 52 29 72 2A 26 22 56 
02-20 16:03:56.008 D/TunerManagerForExt(12107): FMRadio main (TunerManagerForExt.java:147) onTunerPresetListChanged:  - mBand: 0 - mPresetIndex: 0 - mFrequency: 8930 - index: 0 - preset: 9130 - index: 1 - preset: 9010 - index: 2 - preset: 9810 - index: 3 - preset: 10610 - index: 4 - preset: 10790 - index: 5 - preset: 8790
02-20 16:03:56.008 D/K706RadioManager(17927): MCU[0xB1] len=17 : B1 00 00 22 E2 23 AA 23 32 26 52 29 72 2A 26 22 56 
02-20 16:03:56.008 D/K706RadioManager(17927): PresetList: band=0 presetIdx=0 currentFreq=8930 firstFreq=8930 (offset=3)
02-20 16:03:56.008 D/K706RadioManager(17927): PresetList: band reportada=0 (ignorada, mCurrentBand=0)
02-20 16:03:56.008 D/K706RadioManager(17927): >>> FREQ: 89250 -> 89300 (MCU=8930, 89,30 MHz)
02-20 16:03:56.053 E/mcu_services( 5539): MCU2APP : [ff fe fd 12 01 b1 00 00 22 e7 23 aa 23 32 26 52 29 72 2a 26 22 56 ba ff ]
02-20 16:03:56.054 D/TunerPresenter(12107): handleTunerRawData: b1 0 0 22 e7 23 aa 23 32 26 52 29 72 2a 26 22 56 
02-20 16:03:56.055 D/K706RadioManager(17927): IMcuListener.onTransact: code=1 flags=16
02-20 16:03:56.056 D/K706RadioManager(17927): >>> IMcuListener.onMcuInfoChanged received! data=B1 00 00 22 E7 23 AA 23 32 26 52 29 72 2A 26 22 56 
02-20 16:03:56.057 D/TunerManagerForExt(12107): FMRadio main (TunerManagerForExt.java:147) onTunerPresetListChanged:  - mBand: 0 - mPresetIndex: 0 - mFrequency: 8935 - index: 0 - preset: 9130 - index: 1 - preset: 9010 - index: 2 - preset: 9810 - index: 3 - preset: 10610 - index: 4 - preset: 10790 - index: 5 - preset: 8790
02-20 16:03:56.057 D/K706RadioManager(17927): MCU[0xB1] len=17 : B1 00 00 22 E7 23 AA 23 32 26 52 29 72 2A 26 22 56 
02-20 16:03:56.057 D/K706RadioManager(17927): PresetList: band=0 presetIdx=0 currentFreq=8935 firstFreq=8935 (offset=3)
02-20 16:03:56.057 D/K706RadioManager(17927): PresetList: band reportada=0 (ignorada, mCurrentBand=0)
02-20 16:03:56.057 D/K706RadioManager(17927): >>> FREQ: 89300 -> 89350 (MCU=8935, 89,35 MHz)
02-20 16:03:56.102 E/mcu_services( 5539): MCU2APP : [ff fe fd 12 01 b1 00 00 22 ec 23 aa 23 32 26 52 29 72 2a 26 22 56 b1 ff ]
02-20 16:03:56.103 D/TunerPresenter(12107): handleTunerRawData: b1 0 0 22 ec 23 aa 23 32 26 52 29 72 2a 26 22 56 
02-20 16:03:56.105 D/K706RadioManager(17927): IMcuListener.onTransact: code=1 flags=16
02-20 16:03:56.106 D/K706RadioManager(17927): >>> IMcuListener.onMcuInfoChanged received! data=B1 00 00 22 EC 23 AA 23 32 26 52 29 72 2A 26 22 56 
02-20 16:03:56.107 D/TunerManagerForExt(12107): FMRadio main (TunerManagerForExt.java:147) onTunerPresetListChanged:  - mBand: 0 - mPresetIndex: 0 - mFrequency: 8940 - index: 0 - preset: 9130 - index: 1 - preset: 9010 - index: 2 - preset: 9810 - index: 3 - preset: 10610 - index: 4 - preset: 10790 - index: 5 - preset: 8790
02-20 16:03:56.107 D/K706RadioManager(17927): MCU[0xB1] len=17 : B1 00 00 22 EC 23 AA 23 32 26 52 29 72 2A 26 22 56 
02-20 16:03:56.107 D/K706RadioManager(17927): PresetList: band=0 presetIdx=0 currentFreq=8940 firstFreq=8940 (offset=3)
02-20 16:03:56.107 D/K706RadioManager(17927): PresetList: band reportada=0 (ignorada, mCurrentBand=0)
02-20 16:03:56.107 D/K706RadioManager(17927): >>> FREQ: 89350 -> 89400 (MCU=8940, 89,40 MHz)
02-20 16:03:56.152 E/mcu_services( 5539): MCU2APP : [ff fe fd 12 01 b1 00 00 22 f1 23 aa 23 32 26 52 29 72 2a 26 22 56 ac ff ]
02-20 16:03:56.155 D/TunerPresenter(12107): handleTunerRawData: b1 0 0 22 f1 23 aa 23 32 26 52 29 72 2a 26 22 56 
02-20 16:03:56.156 D/K706RadioManager(17927): IMcuListener.onTransact: code=1 flags=16
02-20 16:03:56.157 D/TunerManagerForExt(12107): FMRadio main (TunerManagerForExt.java:147) onTunerPresetListChanged:  - mBand: 0 - mPresetIndex: 0 - mFrequency: 8945 - index: 0 - preset: 9130 - index: 1 - preset: 9010 - index: 2 - preset: 9810 - index: 3 - preset: 10610 - index: 4 - preset: 10790 - index: 5 - preset: 8790
02-20 16:03:56.160 D/K706RadioManager(17927): >>> IMcuListener.onMcuInfoChanged received! data=B1 00 00 22 F1 23 AA 23 32 26 52 29 72 2A 26 22 56 
02-20 16:03:56.161 D/K706RadioManager(17927): MCU[0xB1] len=17 : B1 00 00 22 F1 23 AA 23 32 26 52 29 72 2A 26 22 56 
02-20 16:03:56.161 D/K706RadioManager(17927): PresetList: band=0 presetIdx=0 currentFreq=8945 firstFreq=8945 (offset=3)
02-20 16:03:56.161 D/K706RadioManager(17927): PresetList: band reportada=0 (ignorada, mCurrentBand=0)
02-20 16:03:56.162 D/K706RadioManager(17927): >>> FREQ: 89400 -> 89450 (MCU=8945, 89,45 MHz)
02-20 16:03:56.202 E/mcu_services( 5539): MCU2APP : [ff fe fd 12 01 b1 00 00 22 f6 23 aa 23 32 26 52 29 72 2a 26 22 56 ab ff ]
02-20 16:03:56.204 D/TunerPresenter(12107): handleTunerRawData: b1 0 0 22 f6 23 aa 23 32 26 52 29 72 2a 26 22 56 
02-20 16:03:56.206 D/K706RadioManager(17927): IMcuListener.onTransact: code=1 flags=16
02-20 16:03:56.207 D/K706RadioManager(17927): >>> IMcuListener.onMcuInfoChanged received! data=B1 00 00 22 F6 23 AA 23 32 26 52 29 72 2A 26 22 56 
02-20 16:03:56.208 D/K706RadioManager(17927): MCU[0xB1] len=17 : B1 00 00 22 F6 23 AA 23 32 26 52 29 72 2A 26 22 56 
02-20 16:03:56.208 D/K706RadioManager(17927): PresetList: band=0 presetIdx=0 currentFreq=8950 firstFreq=8950 (offset=3)
02-20 16:03:56.208 D/K706RadioManager(17927): PresetList: band reportada=0 (ignorada, mCurrentBand=0)
02-20 16:03:56.208 D/TunerManagerForExt(12107): FMRadio main (TunerManagerForExt.java:147) onTunerPresetListChanged:  - mBand: 0 - mPresetIndex: 0 - mFrequency: 8950 - index: 0 - preset: 9130 - index: 1 - preset: 9010 - index: 2 - preset: 9810 - index: 3 - preset: 10610 - index: 4 - preset: 10790 - index: 5 - preset: 8790
02-20 16:03:56.208 D/K706RadioManager(17927): >>> FREQ: 89450 -> 89500 (MCU=8950, 89,50 MHz)
02-20 16:03:56.252 E/mcu_services( 5539): MCU2APP : [ff fe fd 12 01 b1 00 00 22 fb 23 aa 23 32 26 52 29 72 2a 26 22 56 a6 ff ]
02-20 16:03:56.253 D/TunerPresenter(12107): handleTunerRawData: b1 0 0 22 fb 23 aa 23 32 26 52 29 72 2a 26 22 56 
02-20 16:03:56.255 D/K706RadioManager(17927): IMcuListener.onTransact: code=1 flags=16
02-20 16:03:56.256 D/TunerManagerForExt(12107): FMRadio main (TunerManagerForExt.java:147) onTunerPresetListChanged:  - mBand: 0 - mPresetIndex: 0 - mFrequency: 8955 - index: 0 - preset: 9130 - index: 1 - preset: 9010 - index: 2 - preset: 9810 - index: 3 - preset: 10610 - index: 4 - preset: 10790 - index: 5 - preset: 8790
02-20 16:03:56.256 D/K706RadioManager(17927): >>> IMcuListener.onMcuInfoChanged received! data=B1 00 00 22 FB 23 AA 23 32 26 52 29 72 2A 26 22 56 
02-20 16:03:56.257 D/K706RadioManager(17927): MCU[0xB1] len=17 : B1 00 00 22 FB 23 AA 23 32 26 52 29 72 2A 26 22 56 
02-20 16:03:56.257 D/K706RadioManager(17927): PresetList: band=0 presetIdx=0 currentFreq=8955 firstFreq=8955 (offset=3)
02-20 16:03:56.257 D/K706RadioManager(17927): PresetList: band reportada=0 (ignorada, mCurrentBand=0)
02-20 16:03:56.258 D/K706RadioManager(17927): >>> FREQ: 89500 -> 89550 (MCU=8955, 89,55 MHz)
02-20 16:03:56.301 E/mcu_services( 5539): MCU2APP : [ff fe fd 12 01 b1 00 00 23 00 23 aa 23 32 26 52 29 72 2a 26 22 56 5c ff ]
02-20 16:03:56.303 D/TunerPresenter(12107): handleTunerRawData: b1 0 0 23 0 23 aa 23 32 26 52 29 72 2a 26 22 56 
02-20 16:03:56.305 D/K706RadioManager(17927): IMcuListener.onTransact: code=1 flags=16
02-20 16:03:56.306 D/K706RadioManager(17927): >>> IMcuListener.onMcuInfoChanged received! data=B1 00 00 23 00 23 AA 23 32 26 52 29 72 2A 26 22 56 
02-20 16:03:56.307 D/K706RadioManager(17927): MCU[0xB1] len=17 : B1 00 00 23 00 23 AA 23 32 26 52 29 72 2A 26 22 56 
02-20 16:03:56.307 D/TunerManagerForExt(12107): FMRadio main (TunerManagerForExt.java:147) onTunerPresetListChanged:  - mBand: 0 - mPresetIndex: 0 - mFrequency: 8960 - index: 0 - preset: 9130 - index: 1 - preset: 9010 - index: 2 - preset: 9810 - index: 3 - preset: 10610 - index: 4 - preset: 10790 - index: 5 - preset: 8790
02-20 16:03:56.307 D/K706RadioManager(17927): PresetList: band=0 presetIdx=0 currentFreq=8960 firstFreq=8960 (offset=3)
02-20 16:03:56.307 D/K706RadioManager(17927): PresetList: band reportada=0 (ignorada, mCurrentBand=0)
02-20 16:03:56.307 D/K706RadioManager(17927): >>> FREQ: 89550 -> 89600 (MCU=8960, 89,60 MHz)
02-20 16:03:56.351 E/mcu_services( 5539): MCU2APP : [ff fe fd 12 01 b1 00 00 23 05 23 aa 23 32 26 52 29 72 2a 26 22 56 59 ff ]
02-20 16:03:56.353 D/TunerPresenter(12107): handleTunerRawData: b1 0 0 23 5 23 aa 23 32 26 52 29 72 2a 26 22 56 
02-20 16:03:56.354 D/K706RadioManager(17927): IMcuListener.onTransact: code=1 flags=16
02-20 16:03:56.355 D/K706RadioManager(17927): >>> IMcuListener.onMcuInfoChanged received! data=B1 00 00 23 05 23 AA 23 32 26 52 29 72 2A 26 22 56 
02-20 16:03:56.356 D/TunerManagerForExt(12107): FMRadio main (TunerManagerForExt.java:147) onTunerPresetListChanged:  - mBand: 0 - mPresetIndex: 0 - mFrequency: 8965 - index: 0 - preset: 9130 - index: 1 - preset: 9010 - index: 2 - preset: 9810 - index: 3 - preset: 10610 - index: 4 - preset: 10790 - index: 5 - preset: 8790
02-20 16:03:56.356 D/K706RadioManager(17927): MCU[0xB1] len=17 : B1 00 00 23 05 23 AA 23 32 26 52 29 72 2A 26 22 56 
02-20 16:03:56.356 D/K706RadioManager(17927): PresetList: band=0 presetIdx=0 currentFreq=8965 firstFreq=8965 (offset=3)
02-20 16:03:56.356 D/K706RadioManager(17927): PresetList: band reportada=0 (ignorada, mCurrentBand=0)
02-20 16:03:56.356 D/K706RadioManager(17927): >>> FREQ: 89600 -> 89650 (MCU=8965, 89,65 MHz)
02-20 16:03:56.401 E/mcu_services( 5539): MCU2APP : [ff fe fd 12 01 b1 00 00 23 0a 23 aa 23 32 26 52 29 72 2a 26 22 56 56 ff ]
02-20 16:03:56.403 D/TunerPresenter(12107): handleTunerRawData: b1 0 0 23 a 23 aa 23 32 26 52 29 72 2a 26 22 56 
02-20 16:03:56.404 D/K706RadioManager(17927): IMcuListener.onTransact: code=1 flags=16
02-20 16:03:56.405 D/K706RadioManager(17927): >>> IMcuListener.onMcuInfoChanged received! data=B1 00 00 23 0A 23 AA 23 32 26 52 29 72 2A 26 22 56 
02-20 16:03:56.405 D/TunerManagerForExt(12107): FMRadio main (TunerManagerForExt.java:147) onTunerPresetListChanged:  - mBand: 0 - mPresetIndex: 0 - mFrequency: 8970 - index: 0 - preset: 9130 - index: 1 - preset: 9010 - index: 2 - preset: 9810 - index: 3 - preset: 10610 - index: 4 - preset: 10790 - index: 5 - preset: 8790
02-20 16:03:56.406 D/K706RadioManager(17927): MCU[0xB1] len=17 : B1 00 00 23 0A 23 AA 23 32 26 52 29 72 2A 26 22 56 
02-20 16:03:56.406 D/K706RadioManager(17927): PresetList: band=0 presetIdx=0 currentFreq=8970 firstFreq=8970 (offset=3)
02-20 16:03:56.406 D/K706RadioManager(17927): PresetList: band reportada=0 (ignorada, mCurrentBand=0)
02-20 16:03:56.406 D/K706RadioManager(17927): >>> FREQ: 89650 -> 89700 (MCU=8970, 89,70 MHz)
02-20 16:03:56.451 E/mcu_services( 5539): MCU2APP : [ff fe fd 12 01 b1 00 00 23 0f 23 aa 23 32 26 52 29 72 2a 26 22 56 53 ff ]
02-20 16:03:56.452 D/TunerPresenter(12107): handleTunerRawData: b1 0 0 23 f 23 aa 23 32 26 52 29 72 2a 26 22 56 
02-20 16:03:56.454 D/K706RadioManager(17927): IMcuListener.onTransact: code=1 flags=16
02-20 16:03:56.454 D/TunerManagerForExt(12107): FMRadio main (TunerManagerForExt.java:147) onTunerPresetListChanged:  - mBand: 0 - mPresetIndex: 0 - mFrequency: 8975 - index: 0 - preset: 9130 - index: 1 - preset: 9010 - index: 2 - preset: 9810 - index: 3 - preset: 10610 - index: 4 - preset: 10790 - index: 5 - preset: 8790
02-20 16:03:56.455 D/K706RadioManager(17927): >>> IMcuListener.onMcuInfoChanged received! data=B1 00 00 23 0F 23 AA 23 32 26 52 29 72 2A 26 22 56 
02-20 16:03:56.456 D/K706RadioManager(17927): MCU[0xB1] len=17 : B1 00 00 23 0F 23 AA 23 32 26 52 29 72 2A 26 22 56 
02-20 16:03:56.456 D/K706RadioManager(17927): PresetList: band=0 presetIdx=0 currentFreq=8975 firstFreq=8975 (offset=3)
02-20 16:03:56.456 D/K706RadioManager(17927): PresetList: band reportada=0 (ignorada, mCurrentBand=0)
02-20 16:03:56.456 D/K706RadioManager(17927): >>> FREQ: 89700 -> 89750 (MCU=8975, 89,75 MHz)
02-20 16:03:56.500 E/mcu_services( 5539): MCU2APP : [ff fe fd 12 01 b1 00 00 23 14 23 aa 23 32 26 52 29 72 2a 26 22 56 48 ff ]
02-20 16:03:56.502 D/TunerPresenter(12107): handleTunerRawData: b1 0 0 23 14 23 aa 23 32 26 52 29 72 2a 26 22 56 
02-20 16:03:56.504 D/K706RadioManager(17927): IMcuListener.onTransact: code=1 flags=16
02-20 16:03:56.505 D/K706RadioManager(17927): >>> IMcuListener.onMcuInfoChanged received! data=B1 00 00 23 14 23 AA 23 32 26 52 29 72 2A 26 22 56 
02-20 16:03:56.505 D/TunerManagerForExt(12107): FMRadio main (TunerManagerForExt.java:147) onTunerPresetListChanged:  - mBand: 0 - mPresetIndex: 0 - mFrequency: 8980 - index: 0 - preset: 9130 - index: 1 - preset: 9010 - index: 2 - preset: 9810 - index: 3 - preset: 10610 - index: 4 - preset: 10790 - index: 5 - preset: 8790
02-20 16:03:56.506 D/K706RadioManager(17927): MCU[0xB1] len=17 : B1 00 00 23 14 23 AA 23 32 26 52 29 72 2A 26 22 56 
02-20 16:03:56.506 D/K706RadioManager(17927): PresetList: band=0 presetIdx=0 currentFreq=8980 firstFreq=8980 (offset=3)
02-20 16:03:56.506 D/K706RadioManager(17927): PresetList: band reportada=0 (ignorada, mCurrentBand=0)
02-20 16:03:56.506 D/K706RadioManager(17927): >>> FREQ: 89750 -> 89800 (MCU=8980, 89,80 MHz)
02-20 16:03:56.550 E/mcu_services( 5539): MCU2APP : [ff fe fd 12 01 b1 00 00 23 19 23 aa 23 32 26 52 29 72 2a 26 22 56 45 ff ]
02-20 16:03:56.552 D/TunerPresenter(12107): handleTunerRawData: b1 0 0 23 19 23 aa 23 32 26 52 29 72 2a 26 22 56 
02-20 16:03:56.553 D/K706RadioManager(17927): IMcuListener.onTransact: code=1 flags=16
02-20 16:03:56.554 D/TunerManagerForExt(12107): FMRadio main (TunerManagerForExt.java:147) onTunerPresetListChanged:  - mBand: 0 - mPresetIndex: 0 - mFrequency: 8985 - index: 0 - preset: 9130 - index: 1 - preset: 9010 - index: 2 - preset: 9810 - index: 3 - preset: 10610 - index: 4 - preset: 10790 - index: 5 - preset: 8790
02-20 16:03:56.555 D/K706RadioManager(17927): >>> IMcuListener.onMcuInfoChanged received! data=B1 00 00 23 19 23 AA 23 32 26 52 29 72 2A 26 22 56 
02-20 16:03:56.555 D/K706RadioManager(17927): MCU[0xB1] len=17 : B1 00 00 23 19 23 AA 23 32 26 52 29 72 2A 26 22 56 
02-20 16:03:56.555 D/K706RadioManager(17927): PresetList: band=0 presetIdx=0 currentFreq=8985 firstFreq=8985 (offset=3)
02-20 16:03:56.555 D/K706RadioManager(17927): PresetList: band reportada=0 (ignorada, mCurrentBand=0)
02-20 16:03:56.556 D/K706RadioManager(17927): >>> FREQ: 89800 -> 89850 (MCU=8985, 89,85 MHz)
02-20 16:03:56.600 E/mcu_services( 5539): MCU2APP : [ff fe fd 12 01 b1 00 00 23 1e 23 aa 23 32 26 52 29 72 2a 26 22 56 42 ff ]
02-20 16:03:56.601 D/TunerPresenter(12107): handleTunerRawData: b1 0 0 23 1e 23 aa 23 32 26 52 29 72 2a 26 22 56 
02-20 16:03:56.602 D/K706RadioManager(17927): IMcuListener.onTransact: code=1 flags=16
02-20 16:03:56.604 D/K706RadioManager(17927): >>> IMcuListener.onMcuInfoChanged received! data=B1 00 00 23 1E 23 AA 23 32 26 52 29 72 2A 26 22 56 
02-20 16:03:56.605 D/TunerManagerForExt(12107): FMRadio main (TunerManagerForExt.java:147) onTunerPresetListChanged:  - mBand: 0 - mPresetIndex: 0 - mFrequency: 8990 - index: 0 - preset: 9130 - index: 1 - preset: 9010 - index: 2 - preset: 9810 - index: 3 - preset: 10610 - index: 4 - preset: 10790 - index: 5 - preset: 8790
02-20 16:03:56.605 D/K706RadioManager(17927): MCU[0xB1] len=17 : B1 00 00 23 1E 23 AA 23 32 26 52 29 72 2A 26 22 56 
02-20 16:03:56.605 D/K706RadioManager(17927): PresetList: band=0 presetIdx=0 currentFreq=8990 firstFreq=8990 (offset=3)
02-20 16:03:56.605 D/K706RadioManager(17927): PresetList: band reportada=0 (ignorada, mCurrentBand=0)
02-20 16:03:56.605 D/K706RadioManager(17927): >>> FREQ: 89850 -> 89900 (MCU=8990, 89,90 MHz)
02-20 16:03:56.649 E/mcu_services( 5539): MCU2APP : [ff fe fd 12 01 b1 00 00 23 23 23 aa 23 32 26 52 29 72 2a 26 22 56 7f ff ]
02-20 16:03:56.651 D/TunerPresenter(12107): handleTunerRawData: b1 0 0 23 23 23 aa 23 32 26 52 29 72 2a 26 22 56 
02-20 16:03:56.652 D/K706RadioManager(17927): IMcuListener.onTransact: code=1 flags=16
02-20 16:03:56.654 D/K706RadioManager(17927): >>> IMcuListener.onMcuInfoChanged received! data=B1 00 00 23 23 23 AA 23 32 26 52 29 72 2A 26 22 56 
02-20 16:03:56.654 D/TunerManagerForExt(12107): FMRadio main (TunerManagerForExt.java:147) onTunerPresetListChanged:  - mBand: 0 - mPresetIndex: 0 - mFrequency: 8995 - index: 0 - preset: 9130 - index: 1 - preset: 9010 - index: 2 - preset: 9810 - index: 3 - preset: 10610 - index: 4 - preset: 10790 - index: 5 - preset: 8790
02-20 16:03:56.655 D/K706RadioManager(17927): MCU[0xB1] len=17 : B1 00 00 23 23 23 AA 23 32 26 52 29 72 2A 26 22 56 
02-20 16:03:56.655 D/K706RadioManager(17927): PresetList: band=0 presetIdx=0 currentFreq=8995 firstFreq=8995 (offset=3)
02-20 16:03:56.655 D/K706RadioManager(17927): PresetList: band reportada=0 (ignorada, mCurrentBand=0)
02-20 16:03:56.655 D/K706RadioManager(17927): >>> FREQ: 89900 -> 89950 (MCU=8995, 89,95 MHz)
02-20 16:03:56.699 E/mcu_services( 5539): MCU2APP : [ff fe fd 12 01 b1 00 00 23 28 23 aa 23 32 26 52 29 72 2a 26 22 56 74 ff ]
02-20 16:03:56.701 D/TunerPresenter(12107): handleTunerRawData: b1 0 0 23 28 23 aa 23 32 26 52 29 72 2a 26 22 56 
02-20 16:03:56.702 D/K706RadioManager(17927): IMcuListener.onTransact: code=1 flags=16
02-20 16:03:56.704 D/K706RadioManager(17927): >>> IMcuListener.onMcuInfoChanged received! data=B1 00 00 23 28 23 AA 23 32 26 52 29 72 2A 26 22 56 
02-20 16:03:56.704 D/TunerManagerForExt(12107): FMRadio main (TunerManagerForExt.java:147) onTunerPresetListChanged:  - mBand: 0 - mPresetIndex: 0 - mFrequency: 9000 - index: 0 - preset: 9130 - index: 1 - preset: 9010 - index: 2 - preset: 9810 - index: 3 - preset: 10610 - index: 4 - preset: 10790 - index: 5 - preset: 8790
02-20 16:03:56.704 D/K706RadioManager(17927): MCU[0xB1] len=17 : B1 00 00 23 28 23 AA 23 32 26 52 29 72 2A 26 22 56 
02-20 16:03:56.704 D/K706RadioManager(17927): PresetList: band=0 presetIdx=0 currentFreq=9000 firstFreq=9000 (offset=3)
02-20 16:03:56.704 D/K706RadioManager(17927): PresetList: band reportada=0 (ignorada, mCurrentBand=0)
02-20 16:03:56.705 D/K706RadioManager(17927): >>> FREQ: 89950 -> 90000 (MCU=9000, 90,00 MHz)
02-20 16:03:56.749 E/mcu_services( 5539): MCU2APP : [ff fe fd 12 01 b1 00 00 23 2d 23 aa 23 32 26 52 29 72 2a 26 22 56 71 ff ]
02-20 16:03:56.751 D/TunerPresenter(12107): handleTunerRawData: b1 0 0 23 2d 23 aa 23 32 26 52 29 72 2a 26 22 56 
02-20 16:03:56.752 D/K706RadioManager(17927): IMcuListener.onTransact: code=1 flags=16
02-20 16:03:56.754 D/K706RadioManager(17927): >>> IMcuListener.onMcuInfoChanged received! data=B1 00 00 23 2D 23 AA 23 32 26 52 29 72 2A 26 22 56 
02-20 16:03:56.755 D/TunerManagerForExt(12107): FMRadio main (TunerManagerForExt.java:147) onTunerPresetListChanged:  - mBand: 0 - mPresetIndex: 0 - mFrequency: 9005 - index: 0 - preset: 9130 - index: 1 - preset: 9010 - index: 2 - preset: 9810 - index: 3 - preset: 10610 - index: 4 - preset: 10790 - index: 5 - preset: 8790
02-20 16:03:56.755 D/K706RadioManager(17927): MCU[0xB1] len=17 : B1 00 00 23 2D 23 AA 23 32 26 52 29 72 2A 26 22 56 
02-20 16:03:56.755 D/K706RadioManager(17927): PresetList: band=0 presetIdx=0 currentFreq=9005 firstFreq=9005 (offset=3)
02-20 16:03:56.755 D/K706RadioManager(17927): PresetList: band reportada=0 (ignorada, mCurrentBand=0)
02-20 16:03:56.755 D/K706RadioManager(17927): >>> FREQ: 90000 -> 90050 (MCU=9005, 90,05 MHz)
02-20 16:03:56.799 E/mcu_services( 5539): MCU2APP : [ff fe fd 12 01 b1 00 00 23 32 23 aa 23 32 26 52 29 72 2a 26 22 56 6e ff ]
02-20 16:03:56.800 D/TunerPresenter(12107): handleTunerRawData: b1 0 0 23 32 23 aa 23 32 26 52 29 72 2a 26 22 56 
02-20 16:03:56.801 D/K706RadioManager(17927): IMcuListener.onTransact: code=1 flags=16
02-20 16:03:56.803 D/K706RadioManager(17927): >>> IMcuListener.onMcuInfoChanged received! data=B1 00 00 23 32 23 AA 23 32 26 52 29 72 2A 26 22 56 
02-20 16:03:56.803 D/TunerManagerForExt(12107): FMRadio main (TunerManagerForExt.java:147) onTunerPresetListChanged:  - mBand: 0 - mPresetIndex: 0 - mFrequency: 9010 - index: 0 - preset: 9130 - index: 1 - preset: 9010 - index: 2 - preset: 9810 - index: 3 - preset: 10610 - index: 4 - preset: 10790 - index: 5 - preset: 8790
02-20 16:03:56.803 D/K706RadioManager(17927): MCU[0xB1] len=17 : B1 00 00 23 32 23 AA 23 32 26 52 29 72 2A 26 22 56 
02-20 16:03:56.803 D/K706RadioManager(17927): PresetList: band=0 presetIdx=0 currentFreq=9010 firstFreq=9010 (offset=3)
02-20 16:03:56.803 D/K706RadioManager(17927): PresetList: band reportada=0 (ignorada, mCurrentBand=0)
02-20 16:03:56.804 D/K706RadioManager(17927): >>> FREQ: 90050 -> 90100 (MCU=9010, 90,10 MHz)
02-20 16:03:57.025 E/mcu_services( 5539): MCU2APP : [ff fe fd 03 01 29 6d 45 ff ]
02-20 16:03:57.027 D/K706RadioManager(17927): IMcuListener.onTransact: code=1 flags=16
02-20 16:03:57.028 D/K706RadioManager(17927): >>> IMcuListener.onMcuInfoChanged received! data=29 6D 
02-20 16:03:57.028 D/K706RadioManager(17927): MCU[0x29] len=2 : 29 6D 
02-20 16:03:57.028 D/K706RadioManager(17927): Unknown MCU packet type: 0x29
02-20 16:03:57.246 E/mcu_services( 5539): MCU2APP : [ff fe fd 12 01 b1 00 00 23 37 23 aa 23 32 26 52 29 72 2a 26 22 56 6b ff ]
02-20 16:03:57.248 D/TunerPresenter(12107): handleTunerRawData: b1 0 0 23 37 23 aa 23 32 26 52 29 72 2a 26 22 56 
02-20 16:03:57.248 D/TunerManagerForExt(12107): FMRadio main (TunerManagerForExt.java:147) onTunerPresetListChanged:  - mBand: 0 - mPresetIndex: 0 - mFrequency: 9015 - index: 0 - preset: 9130 - index: 1 - preset: 9010 - index: 2 - preset: 9810 - index: 3 - preset: 10610 - index: 4 - preset: 10790 - index: 5 - preset: 8790
02-20 16:03:57.249 D/K706RadioManager(17927): IMcuListener.onTransact: code=1 flags=16
02-20 16:03:57.250 D/K706RadioManager(17927): >>> IMcuListener.onMcuInfoChanged received! data=B1 00 00 23 37 23 AA 23 32 26 52 29 72 2A 26 22 56 
02-20 16:03:57.251 D/K706RadioManager(17927): MCU[0xB1] len=17 : B1 00 00 23 37 23 AA 23 32 26 52 29 72 2A 26 22 56 
02-20 16:03:57.251 D/K706RadioManager(17927): PresetList: band=0 presetIdx=0 currentFreq=9015 firstFreq=9015 (offset=3)
02-20 16:03:57.251 D/K706RadioManager(17927): PresetList: band reportada=0 (ignorada, mCurrentBand=0)
02-20 16:03:57.252 D/K706RadioManager(17927): >>> FREQ: 90100 -> 90150 (MCU=9015, 90,15 MHz)
02-20 16:03:57.296 E/mcu_services( 5539): MCU2APP : [ff fe fd 12 01 b1 00 00 23 3c 23 aa 23 32 26 52 29 72 2a 26 22 56 60 ff ]
02-20 16:03:57.297 D/TunerPresenter(12107): handleTunerRawData: b1 0 0 23 3c 23 aa 23 32 26 52 29 72 2a 26 22 56 
02-20 16:03:57.299 D/K706RadioManager(17927): IMcuListener.onTransact: code=1 flags=16
02-20 16:03:57.300 D/TunerManagerForExt(12107): FMRadio main (TunerManagerForExt.java:147) onTunerPresetListChanged:  - mBand: 0 - mPresetIndex: 0 - mFrequency: 9020 - index: 0 - preset: 9130 - index: 1 - preset: 9010 - index: 2 - preset: 9810 - index: 3 - preset: 10610 - index: 4 - preset: 10790 - index: 5 - preset: 8790
02-20 16:03:57.300 D/K706RadioManager(17927): >>> IMcuListener.onMcuInfoChanged received! data=B1 00 00 23 3C 23 AA 23 32 26 52 29 72 2A 26 22 56 
02-20 16:03:57.301 D/K706RadioManager(17927): MCU[0xB1] len=17 : B1 00 00 23 3C 23 AA 23 32 26 52 29 72 2A 26 22 56 
02-20 16:03:57.301 D/K706RadioManager(17927): PresetList: band=0 presetIdx=0 currentFreq=9020 firstFreq=9020 (offset=3)
02-20 16:03:57.301 D/K706RadioManager(17927): PresetList: band reportada=0 (ignorada, mCurrentBand=0)
02-20 16:03:57.302 D/K706RadioManager(17927): >>> FREQ: 90150 -> 90200 (MCU=9020, 90,20 MHz)
02-20 16:03:57.345 E/mcu_services( 5539): MCU2APP : [ff fe fd 12 01 b1 00 00 23 41 23 aa 23 32 26 52 29 72 2a 26 22 56 1d ff ]
02-20 16:03:57.347 D/TunerPresenter(12107): handleTunerRawData: b1 0 0 23 41 23 aa 23 32 26 52 29 72 2a 26 22 56 
02-20 16:03:57.348 D/K706RadioManager(17927): IMcuListener.onTransact: code=1 flags=16
02-20 16:03:57.349 D/K706RadioManager(17927): >>> IMcuListener.onMcuInfoChanged received! data=B1 00 00 23 41 23 AA 23 32 26 52 29 72 2A 26 22 56 
02-20 16:03:57.349 D/TunerManagerForExt(12107): FMRadio main (TunerManagerForExt.java:147) onTunerPresetListChanged:  - mBand: 0 - mPresetIndex: 0 - mFrequency: 9025 - index: 0 - preset: 9130 - index: 1 - preset: 9010 - index: 2 - preset: 9810 - index: 3 - preset: 10610 - index: 4 - preset: 10790 - index: 5 - preset: 8790
02-20 16:03:57.350 D/K706RadioManager(17927): MCU[0xB1] len=17 : B1 00 00 23 41 23 AA 23 32 26 52 29 72 2A 26 22 56 
02-20 16:03:57.350 D/K706RadioManager(17927): PresetList: band=0 presetIdx=0 currentFreq=9025 firstFreq=9025 (offset=3)
02-20 16:03:57.350 D/K706RadioManager(17927): PresetList: band reportada=0 (ignorada, mCurrentBand=0)
02-20 16:03:57.351 D/K706RadioManager(17927): >>> FREQ: 90200 -> 90250 (MCU=9025, 90,25 MHz)
02-20 16:03:57.395 E/mcu_services( 5539): MCU2APP : [ff fe fd 12 01 b1 00 00 23 46 23 aa 23 32 26 52 29 72 2a 26 22 56 1a ff ]
02-20 16:03:57.397 D/TunerPresenter(12107): handleTunerRawData: b1 0 0 23 46 23 aa 23 32 26 52 29 72 2a 26 22 56 
02-20 16:03:57.398 D/K706RadioManager(17927): IMcuListener.onTransact: code=1 flags=16
02-20 16:03:57.399 D/K706RadioManager(17927): >>> IMcuListener.onMcuInfoChanged received! data=B1 00 00 23 46 23 AA 23 32 26 52 29 72 2A 26 22 56 
02-20 16:03:57.400 D/TunerManagerForExt(12107): FMRadio main (TunerManagerForExt.java:147) onTunerPresetListChanged:  - mBand: 0 - mPresetIndex: 0 - mFrequency: 9030 - index: 0 - preset: 9130 - index: 1 - preset: 9010 - index: 2 - preset: 9810 - index: 3 - preset: 10610 - index: 4 - preset: 10790 - index: 5 - preset: 8790
02-20 16:03:57.400 D/K706RadioManager(17927): MCU[0xB1] len=17 : B1 00 00 23 46 23 AA 23 32 26 52 29 72 2A 26 22 56 
02-20 16:03:57.400 D/K706RadioManager(17927): PresetList: band=0 presetIdx=0 currentFreq=9030 firstFreq=9030 (offset=3)
02-20 16:03:57.400 D/K706RadioManager(17927): PresetList: band reportada=0 (ignorada, mCurrentBand=0)
02-20 16:03:57.400 D/K706RadioManager(17927): >>> FREQ: 90250 -> 90300 (MCU=9030, 90,30 MHz)
02-20 16:03:57.445 E/mcu_services( 5539): MCU2APP : [ff fe fd 12 01 b1 00 00 23 4b 23 aa 23 32 26 52 29 72 2a 26 22 56 17 ff ]
02-20 16:03:57.447 D/TunerPresenter(12107): handleTunerRawData: b1 0 0 23 4b 23 aa 23 32 26 52 29 72 2a 26 22 56 
02-20 16:03:57.448 D/K706RadioManager(17927): IMcuListener.onTransact: code=1 flags=16
02-20 16:03:57.449 D/K706RadioManager(17927): >>> IMcuListener.onMcuInfoChanged received! data=B1 00 00 23 4B 23 AA 23 32 26 52 29 72 2A 26 22 56 
02-20 16:03:57.449 D/TunerManagerForExt(12107): FMRadio main (TunerManagerForExt.java:147) onTunerPresetListChanged:  - mBand: 0 - mPresetIndex: 0 - mFrequency: 9035 - index: 0 - preset: 9130 - index: 1 - preset: 9010 - index: 2 - preset: 9810 - index: 3 - preset: 10610 - index: 4 - preset: 10790 - index: 5 - preset: 8790
02-20 16:03:57.450 D/K706RadioManager(17927): MCU[0xB1] len=17 : B1 00 00 23 4B 23 AA 23 32 26 52 29 72 2A 26 22 56 
02-20 16:03:57.450 D/K706RadioManager(17927): PresetList: band=0 presetIdx=0 currentFreq=9035 firstFreq=9035 (offset=3)
02-20 16:03:57.450 D/K706RadioManager(17927): PresetList: band reportada=0 (ignorada, mCurrentBand=0)
02-20 16:03:57.450 D/K706RadioManager(17927): >>> FREQ: 90300 -> 90350 (MCU=9035, 90,35 MHz)
02-20 16:03:57.495 E/mcu_services( 5539): MCU2APP : [ff fe fd 12 01 b1 00 00 23 50 23 aa 23 32 26 52 29 72 2a 26 22 56 0c ff ]
02-20 16:03:57.497 D/TunerPresenter(12107): handleTunerRawData: b1 0 0 23 50 23 aa 23 32 26 52 29 72 2a 26 22 56 
02-20 16:03:57.500 D/TunerManagerForExt(12107): FMRadio main (TunerManagerForExt.java:147) onTunerPresetListChanged:  - mBand: 0 - mPresetIndex: 0 - mFrequency: 9040 - index: 0 - preset: 9130 - index: 1 - preset: 9010 - index: 2 - preset: 9810 - index: 3 - preset: 10610 - index: 4 - preset: 10790 - index: 5 - preset: 8790
02-20 16:03:57.501 D/K706RadioManager(17927): IMcuListener.onTransact: code=1 flags=16
02-20 16:03:57.502 D/K706RadioManager(17927): >>> IMcuListener.onMcuInfoChanged received! data=B1 00 00 23 50 23 AA 23 32 26 52 29 72 2A 26 22 56 
02-20 16:03:57.506 D/K706RadioManager(17927): MCU[0xB1] len=17 : B1 00 00 23 50 23 AA 23 32 26 52 29 72 2A 26 22 56 
02-20 16:03:57.507 D/K706RadioManager(17927): PresetList: band=0 presetIdx=0 currentFreq=9040 firstFreq=9040 (offset=3)
02-20 16:03:57.508 D/K706RadioManager(17927): PresetList: band reportada=0 (ignorada, mCurrentBand=0)
02-20 16:03:57.508 D/K706RadioManager(17927): >>> FREQ: 90350 -> 90400 (MCU=9040, 90,40 MHz)
02-20 16:03:57.544 E/mcu_services( 5539): MCU2APP : [ff fe fd 12 01 b1 00 00 23 55 23 aa 23 32 26 52 29 72 2a 26 22 56 09 ff ]
02-20 16:03:57.545 D/TunerPresenter(12107): handleTunerRawData: b1 0 0 23 55 23 aa 23 32 26 52 29 72 2a 26 22 56 
02-20 16:03:57.546 D/K706RadioManager(17927): IMcuListener.onTransact: code=1 flags=16
02-20 16:03:57.547 D/K706RadioManager(17927): >>> IMcuListener.onMcuInfoChanged received! data=B1 00 00 23 55 23 AA 23 32 26 52 29 72 2A 26 22 56 
02-20 16:03:57.548 D/TunerManagerForExt(12107): FMRadio main (TunerManagerForExt.java:147) onTunerPresetListChanged:  - mBand: 0 - mPresetIndex: 0 - mFrequency: 9045 - index: 0 - preset: 9130 - index: 1 - preset: 9010 - index: 2 - preset: 9810 - index: 3 - preset: 10610 - index: 4 - preset: 10790 - index: 5 - preset: 8790
02-20 16:03:57.548 D/K706RadioManager(17927): MCU[0xB1] len=17 : B1 00 00 23 55 23 AA 23 32 26 52 29 72 2A 26 22 56 
02-20 16:03:57.548 D/K706RadioManager(17927): PresetList: band=0 presetIdx=0 currentFreq=9045 firstFreq=9045 (offset=3)
02-20 16:03:57.548 D/K706RadioManager(17927): PresetList: band reportada=0 (ignorada, mCurrentBand=0)
02-20 16:03:57.548 D/K706RadioManager(17927): >>> FREQ: 90400 -> 90450 (MCU=9045, 90,45 MHz)
02-20 16:03:57.594 E/mcu_services( 5539): MCU2APP : [ff fe fd 12 01 b1 00 00 23 5a 23 aa 23 32 26 52 29 72 2a 26 22 56 06 ff ]
02-20 16:03:57.595 D/TunerPresenter(12107): handleTunerRawData: b1 0 0 23 5a 23 aa 23 32 26 52 29 72 2a 26 22 56 
02-20 16:03:57.598 D/K706RadioManager(17927): IMcuListener.onTransact: code=1 flags=16
02-20 16:03:57.598 D/TunerManagerForExt(12107): FMRadio main (TunerManagerForExt.java:147) onTunerPresetListChanged:  - mBand: 0 - mPresetIndex: 0 - mFrequency: 9050 - index: 0 - preset: 9130 - index: 1 - preset: 9010 - index: 2 - preset: 9810 - index: 3 - preset: 10610 - index: 4 - preset: 10790 - index: 5 - preset: 8790
02-20 16:03:57.599 D/K706RadioManager(17927): >>> IMcuListener.onMcuInfoChanged received! data=B1 00 00 23 5A 23 AA 23 32 26 52 29 72 2A 26 22 56 
02-20 16:03:57.600 D/K706RadioManager(17927): MCU[0xB1] len=17 : B1 00 00 23 5A 23 AA 23 32 26 52 29 72 2A 26 22 56 
02-20 16:03:57.600 D/K706RadioManager(17927): PresetList: band=0 presetIdx=0 currentFreq=9050 firstFreq=9050 (offset=3)
02-20 16:03:57.600 D/K706RadioManager(17927): PresetList: band reportada=0 (ignorada, mCurrentBand=0)
02-20 16:03:57.600 D/K706RadioManager(17927): >>> FREQ: 90450 -> 90500 (MCU=9050, 90,50 MHz)
02-20 16:03:57.644 E/mcu_services( 5539): MCU2APP : [ff fe fd 12 01 b1 00 00 23 5f 23 aa 23 32 26 52 29 72 2a 26 22 56 03 ff ]
02-20 16:03:57.646 D/TunerPresenter(12107): handleTunerRawData: b1 0 0 23 5f 23 aa 23 32 26 52 29 72 2a 26 22 56 
02-20 16:03:57.647 D/K706RadioManager(17927): IMcuListener.onTransact: code=1 flags=16
02-20 16:03:57.648 D/K706RadioManager(17927): >>> IMcuListener.onMcuInfoChanged received! data=B1 00 00 23 5F 23 AA 23 32 26 52 29 72 2A 26 22 56 
02-20 16:03:57.649 D/TunerManagerForExt(12107): FMRadio main (TunerManagerForExt.java:147) onTunerPresetListChanged:  - mBand: 0 - mPresetIndex: 0 - mFrequency: 9055 - index: 0 - preset: 9130 - index: 1 - preset: 9010 - index: 2 - preset: 9810 - index: 3 - preset: 10610 - index: 4 - preset: 10790 - index: 5 - preset: 8790
02-20 16:03:57.649 D/K706RadioManager(17927): MCU[0xB1] len=17 : B1 00 00 23 5F 23 AA 23 32 26 52 29 72 2A 26 22 56 
02-20 16:03:57.649 D/K706RadioManager(17927): PresetList: band=0 presetIdx=0 currentFreq=9055 firstFreq=9055 (offset=3)
02-20 16:03:57.649 D/K706RadioManager(17927): PresetList: band reportada=0 (ignorada, mCurrentBand=0)
02-20 16:03:57.649 D/K706RadioManager(17927): >>> FREQ: 90500 -> 90550 (MCU=9055, 90,55 MHz)
02-20 16:03:57.694 E/mcu_services( 5539): MCU2APP : [ff fe fd 12 01 b1 00 00 23 64 23 aa 23 32 26 52 29 72 2a 26 22 56 38 ff ]
02-20 16:03:57.696 D/TunerPresenter(12107): handleTunerRawData: b1 0 0 23 64 23 aa 23 32 26 52 29 72 2a 26 22 56 
02-20 16:03:57.697 D/K706RadioManager(17927): IMcuListener.onTransact: code=1 flags=16
02-20 16:03:57.699 D/K706RadioManager(17927): >>> IMcuListener.onMcuInfoChanged received! data=B1 00 00 23 64 23 AA 23 32 26 52 29 72 2A 26 22 56 
02-20 16:03:57.699 D/TunerManagerForExt(12107): FMRadio main (TunerManagerForExt.java:147) onTunerPresetListChanged:  - mBand: 0 - mPresetIndex: 0 - mFrequency: 9060 - index: 0 - preset: 9130 - index: 1 - preset: 9010 - index: 2 - preset: 9810 - index: 3 - preset: 10610 - index: 4 - preset: 10790 - index: 5 - preset: 8790
02-20 16:03:57.700 D/K706RadioManager(17927): MCU[0xB1] len=17 : B1 00 00 23 64 23 AA 23 32 26 52 29 72 2A 26 22 56 
02-20 16:03:57.700 D/K706RadioManager(17927): PresetList: band=0 presetIdx=0 currentFreq=9060 firstFreq=9060 (offset=3)
02-20 16:03:57.700 D/K706RadioManager(17927): PresetList: band reportada=0 (ignorada, mCurrentBand=0)
02-20 16:03:57.700 D/K706RadioManager(17927): >>> FREQ: 90550 -> 90600 (MCU=9060, 90,60 MHz)
02-20 16:03:57.743 E/mcu_services( 5539): MCU2APP : [ff fe fd 12 01 b1 00 00 23 69 23 aa 23 32 26 52 29 72 2a 26 22 56 35 ff ]
02-20 16:03:57.744 D/TunerPresenter(12107): handleTunerRawData: b1 0 0 23 69 23 aa 23 32 26 52 29 72 2a 26 22 56 
02-20 16:03:57.745 D/K706RadioManager(17927): IMcuListener.onTransact: code=1 flags=16
02-20 16:03:57.746 D/K706RadioManager(17927): >>> IMcuListener.onMcuInfoChanged received! data=B1 00 00 23 69 23 AA 23 32 26 52 29 72 2A 26 22 56 
02-20 16:03:57.747 D/K706RadioManager(17927): MCU[0xB1] len=17 : B1 00 00 23 69 23 AA 23 32 26 52 29 72 2A 26 22 56 
02-20 16:03:57.747 D/K706RadioManager(17927): PresetList: band=0 presetIdx=0 currentFreq=9065 firstFreq=9065 (offset=3)
02-20 16:03:57.747 D/K706RadioManager(17927): PresetList: band reportada=0 (ignorada, mCurrentBand=0)
02-20 16:03:57.747 D/TunerManagerForExt(12107): FMRadio main (TunerManagerForExt.java:147) onTunerPresetListChanged:  - mBand: 0 - mPresetIndex: 0 - mFrequency: 9065 - index: 0 - preset: 9130 - index: 1 - preset: 9010 - index: 2 - preset: 9810 - index: 3 - preset: 10610 - index: 4 - preset: 10790 - index: 5 - preset: 8790
02-20 16:03:57.747 D/K706RadioManager(17927): >>> FREQ: 90600 -> 90650 (MCU=9065, 90,65 MHz)
02-20 16:03:57.793 E/mcu_services( 5539): MCU2APP : [ff fe fd 12 01 b1 00 00 23 6e 23 aa 23 32 26 52 29 72 2a 26 22 56 32 ff ]
02-20 16:03:57.795 D/TunerPresenter(12107): handleTunerRawData: b1 0 0 23 6e 23 aa 23 32 26 52 29 72 2a 26 22 56 
02-20 16:03:57.797 D/K706RadioManager(17927): IMcuListener.onTransact: code=1 flags=16
02-20 16:03:57.798 D/TunerManagerForExt(12107): FMRadio main (TunerManagerForExt.java:147) onTunerPresetListChanged:  - mBand: 0 - mPresetIndex: 0 - mFrequency: 9070 - index: 0 - preset: 9130 - index: 1 - preset: 9010 - index: 2 - preset: 9810 - index: 3 - preset: 10610 - index: 4 - preset: 10790 - index: 5 - preset: 8790
02-20 16:03:57.798 D/K706RadioManager(17927): >>> IMcuListener.onMcuInfoChanged received! data=B1 00 00 23 6E 23 AA 23 32 26 52 29 72 2A 26 22 56 
02-20 16:03:57.799 D/K706RadioManager(17927): MCU[0xB1] len=17 : B1 00 00 23 6E 23 AA 23 32 26 52 29 72 2A 26 22 56 
02-20 16:03:57.799 D/K706RadioManager(17927): PresetList: band=0 presetIdx=0 currentFreq=9070 firstFreq=9070 (offset=3)
02-20 16:03:57.799 D/K706RadioManager(17927): PresetList: band reportada=0 (ignorada, mCurrentBand=0)
02-20 16:03:57.800 D/K706RadioManager(17927): >>> FREQ: 90650 -> 90700 (MCU=9070, 90,70 MHz)
02-20 16:03:57.843 E/mcu_services( 5539): MCU2APP : [ff fe fd 12 01 b1 00 00 23 73 23 aa 23 32 26 52 29 72 2a 26 22 56 2f ff ]
02-20 16:03:57.844 D/TunerPresenter(12107): handleTunerRawData: b1 0 0 23 73 23 aa 23 32 26 52 29 72 2a 26 22 56 
02-20 16:03:57.846 D/K706RadioManager(17927): IMcuListener.onTransact: code=1 flags=16
02-20 16:03:57.847 D/K706RadioManager(17927): >>> IMcuListener.onMcuInfoChanged received! data=B1 00 00 23 73 23 AA 23 32 26 52 29 72 2A 26 22 56 
02-20 16:03:57.848 D/K706RadioManager(17927): MCU[0xB1] len=17 : B1 00 00 23 73 23 AA 23 32 26 52 29 72 2A 26 22 56 
02-20 16:03:57.848 D/TunerManagerForExt(12107): FMRadio main (TunerManagerForExt.java:147) onTunerPresetListChanged:  - mBand: 0 - mPresetIndex: 0 - mFrequency: 9075 - index: 0 - preset: 9130 - index: 1 - preset: 9010 - index: 2 - preset: 9810 - index: 3 - preset: 10610 - index: 4 - preset: 10790 - index: 5 - preset: 8790
02-20 16:03:57.848 D/K706RadioManager(17927): PresetList: band=0 presetIdx=0 currentFreq=9075 firstFreq=9075 (offset=3)
02-20 16:03:57.848 D/K706RadioManager(17927): PresetList: band reportada=0 (ignorada, mCurrentBand=0)
02-20 16:03:57.848 D/K706RadioManager(17927): >>> FREQ: 90700 -> 90750 (MCU=9075, 90,75 MHz)
02-20 16:03:57.892 E/mcu_services( 5539): MCU2APP : [ff fe fd 12 01 b1 00 00 23 78 23 aa 23 32 26 52 29 72 2a 26 22 56 24 ff ]
02-20 16:03:57.894 D/TunerPresenter(12107): handleTunerRawData: b1 0 0 23 78 23 aa 23 32 26 52 29 72 2a 26 22 56 
02-20 16:03:57.896 D/K706RadioManager(17927): IMcuListener.onTransact: code=1 flags=16
02-20 16:03:57.897 D/TunerManagerForExt(12107): FMRadio main (TunerManagerForExt.java:147) onTunerPresetListChanged:  - mBand: 0 - mPresetIndex: 0 - mFrequency: 9080 - index: 0 - preset: 9130 - index: 1 - preset: 9010 - index: 2 - preset: 9810 - index: 3 - preset: 10610 - index: 4 - preset: 10790 - index: 5 - preset: 8790
02-20 16:03:57.898 D/K706RadioManager(17927): >>> IMcuListener.onMcuInfoChanged received! data=B1 00 00 23 78 23 AA 23 32 26 52 29 72 2A 26 22 56 
02-20 16:03:57.899 D/K706RadioManager(17927): MCU[0xB1] len=17 : B1 00 00 23 78 23 AA 23 32 26 52 29 72 2A 26 22 56 
02-20 16:03:57.899 D/K706RadioManager(17927): PresetList: band=0 presetIdx=0 currentFreq=9080 firstFreq=9080 (offset=3)
02-20 16:03:57.899 D/K706RadioManager(17927): PresetList: band reportada=0 (ignorada, mCurrentBand=0)
02-20 16:03:57.899 D/K706RadioManager(17927): >>> FREQ: 90750 -> 90800 (MCU=9080, 90,80 MHz)
02-20 16:03:57.942 E/mcu_services( 5539): MCU2APP : [ff fe fd 12 01 b1 00 00 23 7d 23 aa 23 32 26 52 29 72 2a 26 22 56 21 ff ]
02-20 16:03:57.944 D/TunerPresenter(12107): handleTunerRawData: b1 0 0 23 7d 23 aa 23 32 26 52 29 72 2a 26 22 56 
02-20 16:03:57.946 D/K706RadioManager(17927): IMcuListener.onTransact: code=1 flags=16
02-20 16:03:57.947 D/K706RadioManager(17927): >>> IMcuListener.onMcuInfoChanged received! data=B1 00 00 23 7D 23 AA 23 32 26 52 29 72 2A 26 22 56 
02-20 16:03:57.948 D/K706RadioManager(17927): MCU[0xB1] len=17 : B1 00 00 23 7D 23 AA 23 32 26 52 29 72 2A 26 22 56 
02-20 16:03:57.948 D/K706RadioManager(17927): PresetList: band=0 presetIdx=0 currentFreq=9085 firstFreq=9085 (offset=3)
02-20 16:03:57.948 D/K706RadioManager(17927): PresetList: band reportada=0 (ignorada, mCurrentBand=0)
02-20 16:03:57.948 D/K706RadioManager(17927): >>> FREQ: 90800 -> 90850 (MCU=9085, 90,85 MHz)
02-20 16:03:57.948 D/TunerManagerForExt(12107): FMRadio main (TunerManagerForExt.java:147) onTunerPresetListChanged:  - mBand: 0 - mPresetIndex: 0 - mFrequency: 9085 - index: 0 - preset: 9130 - index: 1 - preset: 9010 - index: 2 - preset: 9810 - index: 3 - preset: 10610 - index: 4 - preset: 10790 - index: 5 - preset: 8790
02-20 16:03:57.992 E/mcu_services( 5539): MCU2APP : [ff fe fd 12 01 b1 00 00 23 82 23 aa 23 32 26 52 29 72 2a 26 22 56 de ff ]
02-20 16:03:57.994 D/TunerPresenter(12107): handleTunerRawData: b1 0 0 23 82 23 aa 23 32 26 52 29 72 2a 26 22 56 
02-20 16:03:57.996 D/K706RadioManager(17927): IMcuListener.onTransact: code=1 flags=16
02-20 16:03:57.997 D/TunerManagerForExt(12107): FMRadio main (TunerManagerForExt.java:147) onTunerPresetListChanged:  - mBand: 0 - mPresetIndex: 0 - mFrequency: 9090 - index: 0 - preset: 9130 - index: 1 - preset: 9010 - index: 2 - preset: 9810 - index: 3 - preset: 10610 - index: 4 - preset: 10790 - index: 5 - preset: 8790
02-20 16:03:57.997 D/K706RadioManager(17927): >>> IMcuListener.onMcuInfoChanged received! data=B1 00 00 23 82 23 AA 23 32 26 52 29 72 2A 26 22 56 
02-20 16:03:57.998 D/K706RadioManager(17927): MCU[0xB1] len=17 : B1 00 00 23 82 23 AA 23 32 26 52 29 72 2A 26 22 56 
02-20 16:03:57.998 D/K706RadioManager(17927): PresetList: band=0 presetIdx=0 currentFreq=9090 firstFreq=9090 (offset=3)
02-20 16:03:57.998 D/K706RadioManager(17927): PresetList: band reportada=0 (ignorada, mCurrentBand=0)
02-20 16:03:57.998 D/K706RadioManager(17927): >>> FREQ: 90850 -> 90900 (MCU=9090, 90,90 MHz)
02-20 16:03:58.042 E/mcu_services( 5539): MCU2APP : [ff fe fd 12 01 b1 00 00 23 87 23 aa 23 32 26 52 29 72 2a 26 22 56 db ff ]
02-20 16:03:58.043 D/TunerPresenter(12107): handleTunerRawData: b1 0 0 23 87 23 aa 23 32 26 52 29 72 2a 26 22 56 
02-20 16:03:58.046 D/K706RadioManager(17927): IMcuListener.onTransact: code=1 flags=16
02-20 16:03:58.047 D/TunerManagerForExt(12107): FMRadio main (TunerManagerForExt.java:147) onTunerPresetListChanged:  - mBand: 0 - mPresetIndex: 0 - mFrequency: 9095 - index: 0 - preset: 9130 - index: 1 - preset: 9010 - index: 2 - preset: 9810 - index: 3 - preset: 10610 - index: 4 - preset: 10790 - index: 5 - preset: 8790
02-20 16:03:58.047 D/K706RadioManager(17927): >>> IMcuListener.onMcuInfoChanged received! data=B1 00 00 23 87 23 AA 23 32 26 52 29 72 2A 26 22 56 
02-20 16:03:58.048 D/K706RadioManager(17927): MCU[0xB1] len=17 : B1 00 00 23 87 23 AA 23 32 26 52 29 72 2A 26 22 56 
02-20 16:03:58.048 D/K706RadioManager(17927): PresetList: band=0 presetIdx=0 currentFreq=9095 firstFreq=9095 (offset=3)
02-20 16:03:58.048 D/K706RadioManager(17927): PresetList: band reportada=0 (ignorada, mCurrentBand=0)
02-20 16:03:58.049 D/K706RadioManager(17927): >>> FREQ: 90900 -> 90950 (MCU=9095, 90,95 MHz)
02-20 16:03:58.091 E/mcu_services( 5539): MCU2APP : [ff fe fd 12 01 b1 00 00 23 8c 23 aa 23 32 26 52 29 72 2a 26 22 56 d0 ff ]
02-20 16:03:58.093 D/TunerPresenter(12107): handleTunerRawData: b1 0 0 23 8c 23 aa 23 32 26 52 29 72 2a 26 22 56 
02-20 16:03:58.095 D/K706RadioManager(17927): IMcuListener.onTransact: code=1 flags=16
02-20 16:03:58.096 D/TunerManagerForExt(12107): FMRadio main (TunerManagerForExt.java:147) onTunerPresetListChanged:  - mBand: 0 - mPresetIndex: 0 - mFrequency: 9100 - index: 0 - preset: 9130 - index: 1 - preset: 9010 - index: 2 - preset: 9810 - index: 3 - preset: 10610 - index: 4 - preset: 10790 - index: 5 - preset: 8790
02-20 16:03:58.097 D/K706RadioManager(17927): >>> IMcuListener.onMcuInfoChanged received! data=B1 00 00 23 8C 23 AA 23 32 26 52 29 72 2A 26 22 56 
02-20 16:03:58.099 D/K706RadioManager(17927): MCU[0xB1] len=17 : B1 00 00 23 8C 23 AA 23 32 26 52 29 72 2A 26 22 56 
02-20 16:03:58.100 D/K706RadioManager(17927): PresetList: band=0 presetIdx=0 currentFreq=9100 firstFreq=9100 (offset=3)
02-20 16:03:58.100 D/K706RadioManager(17927): PresetList: band reportada=0 (ignorada, mCurrentBand=0)
02-20 16:03:58.100 D/K706RadioManager(17927): >>> FREQ: 90950 -> 91000 (MCU=9100, 91,00 MHz)
02-20 16:03:58.141 E/mcu_services( 5539): MCU2APP : [ff fe fd 12 01 b1 00 00 23 91 23 aa 23 32 26 52 29 72 2a 26 22 56 cd ff ]
02-20 16:03:58.143 D/TunerPresenter(12107): handleTunerRawData: b1 0 0 23 91 23 aa 23 32 26 52 29 72 2a 26 22 56 
02-20 16:03:58.144 D/K706RadioManager(17927): IMcuListener.onTransact: code=1 flags=16
02-20 16:03:58.145 D/K706RadioManager(17927): >>> IMcuListener.onMcuInfoChanged received! data=B1 00 00 23 91 23 AA 23 32 26 52 29 72 2A 26 22 56 
02-20 16:03:58.145 D/TunerManagerForExt(12107): FMRadio main (TunerManagerForExt.java:147) onTunerPresetListChanged:  - mBand: 0 - mPresetIndex: 0 - mFrequency: 9105 - index: 0 - preset: 9130 - index: 1 - preset: 9010 - index: 2 - preset: 9810 - index: 3 - preset: 10610 - index: 4 - preset: 10790 - index: 5 - preset: 8790
02-20 16:03:58.146 D/K706RadioManager(17927): MCU[0xB1] len=17 : B1 00 00 23 91 23 AA 23 32 26 52 29 72 2A 26 22 56 
02-20 16:03:58.146 D/K706RadioManager(17927): PresetList: band=0 presetIdx=0 currentFreq=9105 firstFreq=9105 (offset=3)
02-20 16:03:58.146 D/K706RadioManager(17927): PresetList: band reportada=0 (ignorada, mCurrentBand=0)
02-20 16:03:58.146 D/K706RadioManager(17927): >>> FREQ: 91000 -> 91050 (MCU=9105, 91,05 MHz)
02-20 16:03:58.191 E/mcu_services( 5539): MCU2APP : [ff fe fd 12 01 b1 00 00 23 96 23 aa 23 32 26 52 29 72 2a 26 22 56 ca ff ]
02-20 16:03:58.192 D/TunerPresenter(12107): handleTunerRawData: b1 0 0 23 96 23 aa 23 32 26 52 29 72 2a 26 22 56 
02-20 16:03:58.195 D/K706RadioManager(17927): IMcuListener.onTransact: code=1 flags=16
02-20 16:03:58.195 D/TunerManagerForExt(12107): FMRadio main (TunerManagerForExt.java:147) onTunerPresetListChanged:  - mBand: 0 - mPresetIndex: 0 - mFrequency: 9110 - index: 0 - preset: 9130 - index: 1 - preset: 9010 - index: 2 - preset: 9810 - index: 3 - preset: 10610 - index: 4 - preset: 10790 - index: 5 - preset: 8790
02-20 16:03:58.196 D/K706RadioManager(17927): >>> IMcuListener.onMcuInfoChanged received! data=B1 00 00 23 96 23 AA 23 32 26 52 29 72 2A 26 22 56 
02-20 16:03:58.197 D/K706RadioManager(17927): MCU[0xB1] len=17 : B1 00 00 23 96 23 AA 23 32 26 52 29 72 2A 26 22 56 
02-20 16:03:58.197 D/K706RadioManager(17927): PresetList: band=0 presetIdx=0 currentFreq=9110 firstFreq=9110 (offset=3)
02-20 16:03:58.197 D/K706RadioManager(17927): PresetList: band reportada=0 (ignorada, mCurrentBand=0)
02-20 16:03:58.197 D/K706RadioManager(17927): >>> FREQ: 91050 -> 91100 (MCU=9110, 91,10 MHz)
02-20 16:03:58.240 E/mcu_services( 5539): MCU2APP : [ff fe fd 12 01 b1 00 00 23 9b 23 aa 23 32 26 52 29 72 2a 26 22 56 c7 ff ]
02-20 16:03:58.242 D/TunerPresenter(12107): handleTunerRawData: b1 0 0 23 9b 23 aa 23 32 26 52 29 72 2a 26 22 56 
02-20 16:03:58.244 D/K706RadioManager(17927): IMcuListener.onTransact: code=1 flags=16
02-20 16:03:58.245 D/TunerManagerForExt(12107): FMRadio main (TunerManagerForExt.java:147) onTunerPresetListChanged:  - mBand: 0 - mPresetIndex: 0 - mFrequency: 9115 - index: 0 - preset: 9130 - index: 1 - preset: 9010 - index: 2 - preset: 9810 - index: 3 - preset: 10610 - index: 4 - preset: 10790 - index: 5 - preset: 8790
02-20 16:03:58.245 D/K706RadioManager(17927): >>> IMcuListener.onMcuInfoChanged received! data=B1 00 00 23 9B 23 AA 23 32 26 52 29 72 2A 26 22 56 
02-20 16:03:58.246 D/K706RadioManager(17927): MCU[0xB1] len=17 : B1 00 00 23 9B 23 AA 23 32 26 52 29 72 2A 26 22 56 
02-20 16:03:58.246 D/K706RadioManager(17927): PresetList: band=0 presetIdx=0 currentFreq=9115 firstFreq=9115 (offset=3)
02-20 16:03:58.246 D/K706RadioManager(17927): PresetList: band reportada=0 (ignorada, mCurrentBand=0)
02-20 16:03:58.246 D/K706RadioManager(17927): >>> FREQ: 91100 -> 91150 (MCU=9115, 91,15 MHz)
02-20 16:03:58.290 E/mcu_services( 5539): MCU2APP : [ff fe fd 12 01 b1 00 00 23 a0 23 aa 23 32 26 52 29 72 2a 26 22 56 fc ff ]
02-20 16:03:58.292 D/TunerPresenter(12107): handleTunerRawData: b1 0 0 23 a0 23 aa 23 32 26 52 29 72 2a 26 22 56 
02-20 16:03:58.293 D/K706RadioManager(17927): IMcuListener.onTransact: code=1 flags=16
02-20 16:03:58.295 D/K706RadioManager(17927): >>> IMcuListener.onMcuInfoChanged received! data=B1 00 00 23 A0 23 AA 23 32 26 52 29 72 2A 26 22 56 
02-20 16:03:58.295 D/TunerManagerForExt(12107): FMRadio main (TunerManagerForExt.java:147) onTunerPresetListChanged:  - mBand: 0 - mPresetIndex: 0 - mFrequency: 9120 - index: 0 - preset: 9130 - index: 1 - preset: 9010 - index: 2 - preset: 9810 - index: 3 - preset: 10610 - index: 4 - preset: 10790 - index: 5 - preset: 8790
02-20 16:03:58.295 D/K706RadioManager(17927): MCU[0xB1] len=17 : B1 00 00 23 A0 23 AA 23 32 26 52 29 72 2A 26 22 56 
02-20 16:03:58.295 D/K706RadioManager(17927): PresetList: band=0 presetIdx=0 currentFreq=9120 firstFreq=9120 (offset=3)
02-20 16:03:58.295 D/K706RadioManager(17927): PresetList: band reportada=0 (ignorada, mCurrentBand=0)
02-20 16:03:58.296 D/K706RadioManager(17927): >>> FREQ: 91150 -> 91200 (MCU=9120, 91,20 MHz)
02-20 16:03:58.340 E/mcu_services( 5539): MCU2APP : [ff fe fd 12 01 b1 00 00 23 a5 23 aa 23 32 26 52 29 72 2a 26 22 56 f9 ff ]
02-20 16:03:58.342 D/TunerPresenter(12107): handleTunerRawData: b1 0 0 23 a5 23 aa 23 32 26 52 29 72 2a 26 22 56 
02-20 16:03:58.344 D/K706RadioManager(17927): IMcuListener.onTransact: code=1 flags=16
02-20 16:03:58.345 D/K706RadioManager(17927): >>> IMcuListener.onMcuInfoChanged received! data=B1 00 00 23 A5 23 AA 23 32 26 52 29 72 2A 26 22 56 
02-20 16:03:58.345 D/TunerManagerForExt(12107): FMRadio main (TunerManagerForExt.java:147) onTunerPresetListChanged:  - mBand: 0 - mPresetIndex: 0 - mFrequency: 9125 - index: 0 - preset: 9130 - index: 1 - preset: 9010 - index: 2 - preset: 9810 - index: 3 - preset: 10610 - index: 4 - preset: 10790 - index: 5 - preset: 8790
02-20 16:03:58.346 D/K706RadioManager(17927): MCU[0xB1] len=17 : B1 00 00 23 A5 23 AA 23 32 26 52 29 72 2A 26 22 56 
02-20 16:03:58.346 D/K706RadioManager(17927): PresetList: band=0 presetIdx=0 currentFreq=9125 firstFreq=9125 (offset=3)
02-20 16:03:58.346 D/K706RadioManager(17927): PresetList: band reportada=0 (ignorada, mCurrentBand=0)
02-20 16:03:58.346 D/K706RadioManager(17927): >>> FREQ: 91200 -> 91250 (MCU=9125, 91,25 MHz)
02-20 16:03:58.390 E/mcu_services( 5539): MCU2APP : [ff fe fd 12 01 b1 00 00 23 aa 23 aa 23 32 26 52 29 72 2a 26 22 56 f6 ff ]
02-20 16:03:58.392 D/TunerPresenter(12107): handleTunerRawData: b1 0 0 23 aa 23 aa 23 32 26 52 29 72 2a 26 22 56 
02-20 16:03:58.394 D/K706RadioManager(17927): IMcuListener.onTransact: code=1 flags=16
02-20 16:03:58.394 D/TunerManagerForExt(12107): FMRadio main (TunerManagerForExt.java:147) onTunerPresetListChanged:  - mBand: 0 - mPresetIndex: 0 - mFrequency: 9130 - index: 0 - preset: 9130 - index: 1 - preset: 9010 - index: 2 - preset: 9810 - index: 3 - preset: 10610 - index: 4 - preset: 10790 - index: 5 - preset: 8790
02-20 16:03:58.395 D/K706RadioManager(17927): >>> IMcuListener.onMcuInfoChanged received! data=B1 00 00 23 AA 23 AA 23 32 26 52 29 72 2A 26 22 56 
02-20 16:03:58.396 D/K706RadioManager(17927): MCU[0xB1] len=17 : B1 00 00 23 AA 23 AA 23 32 26 52 29 72 2A 26 22 56 
02-20 16:03:58.396 D/K706RadioManager(17927): PresetList: band=0 presetIdx=0 currentFreq=9130 firstFreq=9130 (offset=3)
02-20 16:03:58.396 D/K706RadioManager(17927): PresetList: band reportada=0 (ignorada, mCurrentBand=0)
02-20 16:03:58.396 D/K706RadioManager(17927): >>> FREQ: 91250 -> 91300 (MCU=9130, 91,30 MHz)
02-20 16:03:58.826 E/mcu_services( 5539): MCU2APP : [ff fe fd 12 01 b1 00 01 23 aa 23 aa 23 32 26 52 29 72 2a 26 22 56 f7 ff ]
02-20 16:03:58.828 D/TunerPresenter(12107): handleTunerRawData: b1 0 1 23 aa 23 aa 23 32 26 52 29 72 2a 26 22 56 
02-20 16:03:58.828 D/TunerManagerForExt(12107): FMRadio main (TunerManagerForExt.java:147) onTunerPresetListChanged:  - mBand: 0 - mPresetIndex: 1 - mFrequency: 9130 - index: 0 - preset: 9130 - index: 1 - preset: 9010 - index: 2 - preset: 9810 - index: 3 - preset: 10610 - index: 4 - preset: 10790 - index: 5 - preset: 8790
02-20 16:03:58.829 D/K706RadioManager(17927): IMcuListener.onTransact: code=1 flags=16
02-20 16:03:58.830 D/K706RadioManager(17927): >>> IMcuListener.onMcuInfoChanged received! data=B1 00 01 23 AA 23 AA 23 32 26 52 29 72 2A 26 22 56 
02-20 16:03:58.831 D/K706RadioManager(17927): MCU[0xB1] len=17 : B1 00 01 23 AA 23 AA 23 32 26 52 29 72 2A 26 22 56 
02-20 16:03:58.831 D/K706RadioManager(17927): PresetList: band=0 presetIdx=1 currentFreq=9130 firstFreq=9130 (offset=5)
02-20 16:03:58.831 D/K706RadioManager(17927): PresetList: band reportada=0 (ignorada, mCurrentBand=0)
02-20 16:03:58.928 E/mcu_services( 5539): MCU2APP : [ff fe fd 12 01 b1 00 01 23 aa 23 aa 23 32 26 52 29 72 2a 26 22 56 f7 ff ]
02-20 16:03:58.928 E/mcu_services( 5539): MCU2APP : [ff fe fd 03 01 b4 04 b1 ff ]
02-20 16:03:58.928 E/mcu_services( 5539): sendAckSuccess : [ff fd fe 02 02 b4 b6 ff ]
02-20 16:03:58.928 E/mcu_services( 5539): APP2MCU - writeToUart: [ff fd fe 02 02 b4 b6 ff ]
02-20 16:03:58.929 D/TunerPresenter(12107): handleTunerRawData: b1 0 1 23 aa 23 aa 23 32 26 52 29 72 2a 26 22 56 
02-20 16:03:58.929 D/TunerManagerForExt(12107): FMRadio main (TunerManagerForExt.java:147) onTunerPresetListChanged:  - mBand: 0 - mPresetIndex: 1 - mFrequency: 9130 - index: 0 - preset: 9130 - index: 1 - preset: 9010 - index: 2 - preset: 9810 - index: 3 - preset: 10610 - index: 4 - preset: 10790 - index: 5 - preset: 8790
02-20 16:03:58.929 D/K706RadioManager(17927): IMcuListener.onTransact: code=1 flags=16
02-20 16:03:58.931 D/K706RadioManager(17927): >>> IMcuListener.onMcuInfoChanged received! data=B1 00 01 23 AA 23 AA 23 32 26 52 29 72 2A 26 22 56 
02-20 16:03:58.931 D/K706RadioManager(17927): MCU[0xB1] len=17 : B1 00 01 23 AA 23 AA 23 32 26 52 29 72 2A 26 22 56 
02-20 16:03:58.931 D/K706RadioManager(17927): PresetList: band=0 presetIdx=1 currentFreq=9130 firstFreq=9130 (offset=5)
02-20 16:03:58.932 D/K706RadioManager(17927): PresetList: band reportada=0 (ignorada, mCurrentBand=0)
02-20 16:03:58.934 D/K706RadioManager(17927): IMcuListener.onTransact: code=1 flags=16
02-20 16:03:58.934 D/K706RadioManager(17927): >>> IMcuListener.onMcuInfoChanged received! data=B4 04 
02-20 16:03:58.935 D/K706RadioManager(17927): MCU[0xB4] len=2 : B4 04 
02-20 16:03:58.935 D/K706RadioManager(17927): RDS B4 Flags: 0x04
02-20 16:03:58.945 D/TunerPresenter(12107): handleTunerRawData: b4 4 
02-20 16:03:58.945 D/TunerManagerForExt(12107): FMRadio main (TunerManagerForExt.java:195) onTuneRdsIndicateInfo: onTuneRdsIndicateInfo - flag: 4 - mRdsSwitch: 1
02-20 16:03:59.006 E/mcu_services( 5539): MCU2APP : [ff fe fd 12 01 b1 00 01 23 aa 23 aa 23 32 26 52 29 72 2a 26 22 56 f7 ff ]
02-20 16:03:59.007 E/mcu_services( 5539): MCU2APP : [ff fe fd 03 01 b0 30 81 ff ]
02-20 16:03:59.009 D/TunerPresenter(12107): handleTunerRawData: b1 0 1 23 aa 23 aa 23 32 26 52 29 72 2a 26 22 56 
02-20 16:03:59.010 D/TunerManagerForExt(12107): FMRadio main (TunerManagerForExt.java:147) onTunerPresetListChanged:  - mBand: 0 - mPresetIndex: 1 - mFrequency: 9130 - index: 0 - preset: 9130 - index: 1 - preset: 9010 - index: 2 - preset: 9810 - index: 3 - preset: 10610 - index: 4 - preset: 10790 - index: 5 - preset: 8790
02-20 16:03:59.010 D/K706RadioManager(17927): IMcuListener.onTransact: code=1 flags=16
02-20 16:03:59.011 D/K706RadioManager(17927): >>> IMcuListener.onMcuInfoChanged received! data=B1 00 01 23 AA 23 AA 23 32 26 52 29 72 2A 26 22 56 
02-20 16:03:59.012 D/K706RadioManager(17927): MCU[0xB1] len=17 : B1 00 01 23 AA 23 AA 23 32 26 52 29 72 2A 26 22 56 
02-20 16:03:59.012 D/K706RadioManager(17927): PresetList: band=0 presetIdx=1 currentFreq=9130 firstFreq=9130 (offset=5)
02-20 16:03:59.012 D/K706RadioManager(17927): PresetList: band reportada=0 (ignorada, mCurrentBand=0)
02-20 16:03:59.016 D/K706RadioManager(17927): IMcuListener.onTransact: code=1 flags=16
02-20 16:03:59.017 D/K706RadioManager(17927): >>> IMcuListener.onMcuInfoChanged received! data=B0 30 
02-20 16:03:59.017 D/K706RadioManager(17927): MCU[0xB0] len=2 : B0 30 
02-20 16:03:59.017 D/K706RadioManager(17927): TunerInfo: flags=0x30 save=false AS=false finish=true valid=true ST=false LOC=false seek=false scan=false
02-20 16:03:59.020 D/TunerPresenter(12107): handleTunerRawData: b0 30 
02-20 16:03:59.020 D/TunerManagerForExt(12107): FMRadio main (TunerManagerForExt.java:108) onTunerInfoChanged: onTunerInfoChanged - flag: 48 - asFlag: 0 - psFlag: 0 - scanFlag: 0 - seekFlag: 0 - mStFlag: 1 - mLocFlag: 1 - mIsSearching: true - mTempSearching: false
02-20 16:03:59.021 D/TunerManagerForExt(12107): FMRadio main (TunerManagerForExt.java:118) onTunerInfoChanged: mIsSearching: false - mTempSearching: false - asFlag: 0 - seekFlag: 0
02-20 16:03:59.103 E/mcu_services( 5539): MCU2APP : [ff fe fd 03 01 29 6d 45 ff ]
02-20 16:03:59.105 D/K706RadioManager(17927): IMcuListener.onTransact: code=1 flags=16
02-20 16:03:59.106 D/K706RadioManager(17927): >>> IMcuListener.onMcuInfoChanged received! data=29 6D 
02-20 16:03:59.106 D/K706RadioManager(17927): MCU[0x29] len=2 : 29 6D 
02-20 16:03:59.106 D/K706RadioManager(17927): Unknown MCU packet type: 0x29
02-20 16:03:59.203 E/mcu_services( 5539): MCU2APP : [ff fe fd 03 01 b0 20 91 ff ]
02-20 16:03:59.204 D/TunerPresenter(12107): handleTunerRawData: b0 20 
02-20 16:03:59.205 D/TunerManagerForExt(12107): FMRadio main (TunerManagerForExt.java:108) onTunerInfoChanged: onTunerInfoChanged - flag: 32 - asFlag: 0 - psFlag: 0 - scanFlag: 0 - seekFlag: 0 - mStFlag: 0 - mLocFlag: 1 - mIsSearching: false - mTempSearching: false
02-20 16:03:59.205 D/TunerManagerForExt(12107): FMRadio main (TunerManagerForExt.java:118) onTunerInfoChanged: mIsSearching: false - mTempSearching: false - asFlag: 0 - seekFlag: 0
02-20 16:03:59.205 D/K706RadioManager(17927): IMcuListener.onTransact: code=1 flags=16
02-20 16:03:59.206 D/K706RadioManager(17927): >>> IMcuListener.onMcuInfoChanged received! data=B0 20 
02-20 16:03:59.206 D/K706RadioManager(17927): MCU[0xB0] len=2 : B0 20 
02-20 16:03:59.206 D/K706RadioManager(17927): TunerInfo: flags=0x20 save=false AS=false finish=false valid=true ST=false LOC=false seek=false scan=false
02-20 16:04:01.092 E/mcu_services( 5539): MCU2APP : [ff fe fd 03 01 29 6d 45 ff ]
02-20 16:04:01.095 D/K706RadioManager(17927): IMcuListener.onTransact: code=1 flags=16
02-20 16:04:01.097 D/K706RadioManager(17927): >>> IMcuListener.onMcuInfoChanged received! data=29 6D 
02-20 16:04:01.097 D/K706RadioManager(17927): MCU[0x29] len=2 : 29 6D 
02-20 16:04:01.097 D/K706RadioManager(17927): Unknown MCU packet type: 0x29
02-20 16:04:03.080 E/mcu_services( 5539): MCU2APP : [ff fe fd 03 01 29 6d 45 ff ]
02-20 16:04:03.083 D/K706RadioManager(17927): IMcuListener.onTransact: code=1 flags=16
02-20 16:04:03.083 D/K706RadioManager(17927): >>> IMcuListener.onMcuInfoChanged received! data=29 6D 
02-20 16:04:03.083 D/K706RadioManager(17927): MCU[0x29] len=2 : 29 6D 
02-20 16:04:03.084 D/K706RadioManager(17927): Unknown MCU packet type: 0x29
02-20 16:04:03.438 E/mcu_services( 5539): APP2MCU - writeToUartNormal : [ff fd fe 05 01 a0 00 23 af 2d ff ]
02-20 16:04:03.439 D/K706RadioManager(17927): CMD Enviado: sub=0x00 p1=0x23 p2=0xAF
02-20 16:04:03.439 D/K706RadioManager(17927): gotoFreq: input=91350 mcuFreq=9135 (h=0x23 l=0xAF)
02-20 16:04:03.504 E/mcu_services( 5539): MCU2APP : [ff fe fd 03 01 b0 20 91 ff ]
02-20 16:04:03.506 D/TunerPresenter(12107): handleTunerRawData: b0 20 
02-20 16:04:03.506 D/TunerManagerForExt(12107): FMRadio main (TunerManagerForExt.java:108) onTunerInfoChanged: onTunerInfoChanged - flag: 32 - asFlag: 0 - psFlag: 0 - scanFlag: 0 - seekFlag: 0 - mStFlag: 0 - mLocFlag: 1 - mIsSearching: false - mTempSearching: false
02-20 16:04:03.506 D/TunerManagerForExt(12107): FMRadio main (TunerManagerForExt.java:118) onTunerInfoChanged: mIsSearching: false - mTempSearching: false - asFlag: 0 - seekFlag: 0
02-20 16:04:03.507 D/K706RadioManager(17927): IMcuListener.onTransact: code=1 flags=16
02-20 16:04:03.507 D/K706RadioManager(17927): >>> IMcuListener.onMcuInfoChanged received! data=B0 20 
02-20 16:04:03.507 D/K706RadioManager(17927): MCU[0xB0] len=2 : B0 20 
02-20 16:04:03.507 D/K706RadioManager(17927): TunerInfo: flags=0x20 save=false AS=false finish=false valid=true ST=false LOC=false seek=false scan=false
02-20 16:04:03.569 E/mcu_services( 5539): MCU2APP : [ff fe fd 03 01 b4 00 b5 ff ]
02-20 16:04:03.570 E/mcu_services( 5539): sendAckSuccess : [ff fd fe 02 02 b4 b6 ff ]
02-20 16:04:03.570 E/mcu_services( 5539): APP2MCU - writeToUart: [ff fd fe 02 02 b4 b6 ff ]
02-20 16:04:03.571 D/TunerPresenter(12107): handleTunerRawData: b4 0 
02-20 16:04:03.572 D/TunerManagerForExt(12107): FMRadio main (TunerManagerForExt.java:195) onTuneRdsIndicateInfo: onTuneRdsIndicateInfo - flag: 0 - mRdsSwitch: 0
02-20 16:04:03.573 D/K706RadioManager(17927): IMcuListener.onTransact: code=1 flags=16
02-20 16:04:03.573 D/K706RadioManager(17927): >>> IMcuListener.onMcuInfoChanged received! data=B4 00 
02-20 16:04:03.574 D/K706RadioManager(17927): MCU[0xB4] len=2 : B4 00 
02-20 16:04:03.574 D/K706RadioManager(17927): RDS B4 Flags: 0x00
02-20 16:04:03.589 E/mcu_services( 5539): MCU2APP : [ff fe fd 12 01 b1 00 00 23 af 23 aa 23 32 26 52 29 72 2a 26 22 56 f3 ff ]
02-20 16:04:03.591 D/TunerPresenter(12107): handleTunerRawData: b1 0 0 23 af 23 aa 23 32 26 52 29 72 2a 26 22 56 
02-20 16:04:03.592 D/TunerManagerForExt(12107): FMRadio main (TunerManagerForExt.java:147) onTunerPresetListChanged:  - mBand: 0 - mPresetIndex: 0 - mFrequency: 9135 - index: 0 - preset: 9130 - index: 1 - preset: 9010 - index: 2 - preset: 9810 - index: 3 - preset: 10610 - index: 4 - preset: 10790 - index: 5 - preset: 8790
02-20 16:04:03.593 D/K706RadioManager(17927): IMcuListener.onTransact: code=1 flags=16
02-20 16:04:03.595 D/K706RadioManager(17927): >>> IMcuListener.onMcuInfoChanged received! data=B1 00 00 23 AF 23 AA 23 32 26 52 29 72 2A 26 22 56 
02-20 16:04:03.597 D/K706RadioManager(17927): MCU[0xB1] len=17 : B1 00 00 23 AF 23 AA 23 32 26 52 29 72 2A 26 22 56 
02-20 16:04:03.597 D/K706RadioManager(17927): PresetList: band=0 presetIdx=0 currentFreq=9135 firstFreq=9135 (offset=3)
02-20 16:04:03.597 D/K706RadioManager(17927): PresetList: band reportada=0 (ignorada, mCurrentBand=0)
02-20 16:04:04.068 E/mcu_services( 5539): MCU2APP : [ff fe fd 03 01 b4 04 b1 ff ]
02-20 16:04:04.068 E/mcu_services( 5539): MCU2APP : [ff fe fd 04 01 b5 01 01 b4 ff ]
02-20 16:04:04.069 E/mcu_services( 5539): sendAckSuccess : [ff fd fe 02 02 b4 b6 ff ]
02-20 16:04:04.069 E/mcu_services( 5539): APP2MCU - writeToUart: [ff fd fe 02 02 b4 b6 ff ]
02-20 16:04:04.069 E/mcu_services( 5539): sendAckSuccess : [ff fd fe 02 02 b5 b7 ff ]
02-20 16:04:04.069 E/mcu_services( 5539): APP2MCU - writeToUart: [ff fd fe 02 02 b5 b7 ff ]
02-20 16:04:04.070 D/TunerPresenter(12107): handleTunerRawData: b4 4 
02-20 16:04:04.071 D/TunerManagerForExt(12107): FMRadio main (TunerManagerForExt.java:195) onTuneRdsIndicateInfo: onTuneRdsIndicateInfo - flag: 4 - mRdsSwitch: 1
02-20 16:04:04.071 D/K706RadioManager(17927): IMcuListener.onTransact: code=1 flags=16
02-20 16:04:04.072 D/K706RadioManager(17927): >>> IMcuListener.onMcuInfoChanged received! data=B4 04 
02-20 16:04:04.072 D/K706RadioManager(17927): MCU[0xB4] len=2 : B4 04 
02-20 16:04:04.072 D/K706RadioManager(17927): RDS B4 Flags: 0x04
02-20 16:04:04.074 D/TunerPresenter(12107): handleTunerRawData: b5 1 1 
02-20 16:04:04.075 D/TunerManagerForExt(12107): FMRadio main (TunerManagerForExt.java:220) onTuneRdsPtyTypeInfo: onTuneRdsPtyTypeInfo - mRdsPtyType: 1
02-20 16:04:04.075 D/K706RadioManager(17927): IMcuListener.onTransact: code=1 flags=16
02-20 16:04:04.076 D/K706RadioManager(17927): >>> IMcuListener.onMcuInfoChanged received! data=B5 01 01 
02-20 16:04:04.076 D/K706RadioManager(17927): MCU[0xB5] len=3 : B5 01 01 
02-20 16:04:04.076 D/K706RadioManager(17927): RDS PTY (0xB5): 1 (raw=B5 01 01 )
02-20 16:04:04.758 E/mcu_services( 5539): APP2MCU - writeToUartNormal : [ff fd fe 05 01 a0 00 23 aa 28 ff ]
02-20 16:04:04.759 D/K706RadioManager(17927): CMD Enviado: sub=0x00 p1=0x23 p2=0xAA
02-20 16:04:04.759 D/K706RadioManager(17927): gotoFreq: input=91300 mcuFreq=9130 (h=0x23 l=0xAA)
02-20 16:04:04.827 E/mcu_services( 5539): MCU2APP : [ff fe fd 03 01 b0 20 91 ff ]
02-20 16:04:04.828 D/TunerPresenter(12107): handleTunerRawData: b0 20 
02-20 16:04:04.829 D/TunerManagerForExt(12107): FMRadio main (TunerManagerForExt.java:108) onTunerInfoChanged: onTunerInfoChanged - flag: 32 - asFlag: 0 - psFlag: 0 - scanFlag: 0 - seekFlag: 0 - mStFlag: 0 - mLocFlag: 1 - mIsSearching: false - mTempSearching: false
02-20 16:04:04.829 D/TunerManagerForExt(12107): FMRadio main (TunerManagerForExt.java:118) onTunerInfoChanged: mIsSearching: false - mTempSearching: false - asFlag: 0 - seekFlag: 0
02-20 16:04:04.830 D/K706RadioManager(17927): IMcuListener.onTransact: code=1 flags=16
02-20 16:04:04.831 D/K706RadioManager(17927): >>> IMcuListener.onMcuInfoChanged received! data=B0 20 
02-20 16:04:04.831 D/K706RadioManager(17927): MCU[0xB0] len=2 : B0 20 
02-20 16:04:04.831 D/K706RadioManager(17927): TunerInfo: flags=0x20 save=false AS=false finish=false valid=true ST=false LOC=false seek=false scan=false
02-20 16:04:04.894 E/mcu_services( 5539): MCU2APP : [ff fe fd 03 01 b4 00 b5 ff ]
02-20 16:04:04.894 E/mcu_services( 5539): sendAckSuccess : [ff fd fe 02 02 b4 b6 ff ]
02-20 16:04:04.894 E/mcu_services( 5539): MCU2APP : [ff fe fd 12 01 b1 00 01 23 aa 23 aa 23 32 26 52 29 72 2a 26 22 56 f7 ff ]
02-20 16:04:04.894 E/mcu_services( 5539): APP2MCU - writeToUart: [ff fd fe 02 02 b4 b6 ff ]
02-20 16:04:04.896 D/TunerPresenter(12107): handleTunerRawData: b4 0 
02-20 16:04:04.896 D/TunerManagerForExt(12107): FMRadio main (TunerManagerForExt.java:195) onTuneRdsIndicateInfo: onTuneRdsIndicateInfo - flag: 0 - mRdsSwitch: 0
02-20 16:04:04.897 D/K706RadioManager(17927): IMcuListener.onTransact: code=1 flags=16
02-20 16:04:04.898 D/K706RadioManager(17927): >>> IMcuListener.onMcuInfoChanged received! data=B4 00 
02-20 16:04:04.898 D/K706RadioManager(17927): MCU[0xB4] len=2 : B4 00 
02-20 16:04:04.898 D/K706RadioManager(17927): RDS B4 Flags: 0x00
02-20 16:04:04.901 D/TunerPresenter(12107): handleTunerRawData: b1 0 1 23 aa 23 aa 23 32 26 52 29 72 2a 26 22 56 
02-20 16:04:04.901 D/TunerManagerForExt(12107): FMRadio main (TunerManagerForExt.java:147) onTunerPresetListChanged:  - mBand: 0 - mPresetIndex: 1 - mFrequency: 9130 - index: 0 - preset: 9130 - index: 1 - preset: 9010 - index: 2 - preset: 9810 - index: 3 - preset: 10610 - index: 4 - preset: 10790 - index: 5 - preset: 8790
02-20 16:04:04.903 D/K706RadioManager(17927): IMcuListener.onTransact: code=1 flags=16
02-20 16:04:04.904 D/K706RadioManager(17927): >>> IMcuListener.onMcuInfoChanged received! data=B1 00 01 23 AA 23 AA 23 32 26 52 29 72 2A 26 22 56 
02-20 16:04:04.905 D/K706RadioManager(17927): MCU[0xB1] len=17 : B1 00 01 23 AA 23 AA 23 32 26 52 29 72 2A 26 22 56 
02-20 16:04:04.905 D/K706RadioManager(17927): PresetList: band=0 presetIdx=1 currentFreq=9130 firstFreq=9130 (offset=5)
02-20 16:04:04.905 D/K706RadioManager(17927): PresetList: band reportada=0 (ignorada, mCurrentBand=0)
02-20 16:04:05.288 E/mcu_services( 5539): MCU2APP : [ff fe fd 03 01 29 6d 45 ff ]
02-20 16:04:05.290 D/K706RadioManager(17927): IMcuListener.onTransact: code=1 flags=16
02-20 16:04:05.291 D/K706RadioManager(17927): >>> IMcuListener.onMcuInfoChanged received! data=29 6D 
02-20 16:04:05.291 D/K706RadioManager(17927): MCU[0x29] len=2 : 29 6D 
02-20 16:04:05.291 D/K706RadioManager(17927): Unknown MCU packet type: 0x29
02-20 16:04:05.587 E/mcu_services( 5539): APP2MCU - writeToUartNormal : [ff fd fe 05 01 a0 00 23 a5 27 ff ]
02-20 16:04:05.588 D/K706RadioManager(17927): CMD Enviado: sub=0x00 p1=0x23 p2=0xA5
02-20 16:04:05.588 D/K706RadioManager(17927): gotoFreq: input=91250 mcuFreq=9125 (h=0x23 l=0xA5)
02-20 16:04:05.652 E/mcu_services( 5539): MCU2APP : [ff fe fd 03 01 b0 20 91 ff ]
02-20 16:04:05.654 D/TunerPresenter(12107): handleTunerRawData: b0 20 
02-20 16:04:05.654 D/TunerManagerForExt(12107): FMRadio main (TunerManagerForExt.java:108) onTunerInfoChanged: onTunerInfoChanged - flag: 32 - asFlag: 0 - psFlag: 0 - scanFlag: 0 - seekFlag: 0 - mStFlag: 0 - mLocFlag: 1 - mIsSearching: false - mTempSearching: false
02-20 16:04:05.654 D/TunerManagerForExt(12107): FMRadio main (TunerManagerForExt.java:118) onTunerInfoChanged: mIsSearching: false - mTempSearching: false - asFlag: 0 - seekFlag: 0
02-20 16:04:05.655 D/K706RadioManager(17927): IMcuListener.onTransact: code=1 flags=16
02-20 16:04:05.656 D/K706RadioManager(17927): >>> IMcuListener.onMcuInfoChanged received! data=B0 20 
02-20 16:04:05.656 D/K706RadioManager(17927): MCU[0xB0] len=2 : B0 20 
02-20 16:04:05.656 D/K706RadioManager(17927): TunerInfo: flags=0x20 save=false AS=false finish=false valid=true ST=false LOC=false seek=false scan=false
02-20 16:04:05.796 E/mcu_services( 5539): MCU2APP : [ff fe fd 12 01 b1 00 00 23 a5 23 aa 23 32 26 52 29 72 2a 26 22 56 f9 ff ]
02-20 16:04:05.799 D/TunerPresenter(12107): handleTunerRawData: b1 0 0 23 a5 23 aa 23 32 26 52 29 72 2a 26 22 56 
02-20 16:04:05.799 D/TunerManagerForExt(12107): FMRadio main (TunerManagerForExt.java:147) onTunerPresetListChanged:  - mBand: 0 - mPresetIndex: 0 - mFrequency: 9125 - index: 0 - preset: 9130 - index: 1 - preset: 9010 - index: 2 - preset: 9810 - index: 3 - preset: 10610 - index: 4 - preset: 10790 - index: 5 - preset: 8790
02-20 16:04:05.800 D/K706RadioManager(17927): IMcuListener.onTransact: code=1 flags=16
02-20 16:04:05.801 D/K706RadioManager(17927): >>> IMcuListener.onMcuInfoChanged received! data=B1 00 00 23 A5 23 AA 23 32 26 52 29 72 2A 26 22 56 
02-20 16:04:05.802 D/K706RadioManager(17927): MCU[0xB1] len=17 : B1 00 00 23 A5 23 AA 23 32 26 52 29 72 2A 26 22 56 
02-20 16:04:05.802 D/K706RadioManager(17927): PresetList: band=0 presetIdx=0 currentFreq=9125 firstFreq=9125 (offset=3)
02-20 16:04:05.802 D/K706RadioManager(17927): PresetList: band reportada=0 (ignorada, mCurrentBand=0)
02-20 16:04:06.796 E/mcu_services( 5539): APP2MCU - writeToUartNormal : [ff fd fe 05 01 a0 00 23 aa 28 ff ]
02-20 16:04:06.797 D/K706RadioManager(17927): CMD Enviado: sub=0x00 p1=0x23 p2=0xAA
02-20 16:04:06.798 D/K706RadioManager(17927): gotoFreq: input=91300 mcuFreq=9130 (h=0x23 l=0xAA)
02-20 16:04:06.865 E/mcu_services( 5539): MCU2APP : [ff fe fd 03 01 b0 20 91 ff ]
02-20 16:04:06.866 D/TunerPresenter(12107): handleTunerRawData: b0 20 
02-20 16:04:06.867 D/TunerManagerForExt(12107): FMRadio main (TunerManagerForExt.java:108) onTunerInfoChanged: onTunerInfoChanged - flag: 32 - asFlag: 0 - psFlag: 0 - scanFlag: 0 - seekFlag: 0 - mStFlag: 0 - mLocFlag: 1 - mIsSearching: false - mTempSearching: false
02-20 16:04:06.867 D/TunerManagerForExt(12107): FMRadio main (TunerManagerForExt.java:118) onTunerInfoChanged: mIsSearching: false - mTempSearching: false - asFlag: 0 - seekFlag: 0
02-20 16:04:06.868 D/K706RadioManager(17927): IMcuListener.onTransact: code=1 flags=16
02-20 16:04:06.868 D/K706RadioManager(17927): >>> IMcuListener.onMcuInfoChanged received! data=B0 20 
02-20 16:04:06.868 D/K706RadioManager(17927): MCU[0xB0] len=2 : B0 20 
02-20 16:04:06.869 D/K706RadioManager(17927): TunerInfo: flags=0x20 save=false AS=false finish=false valid=true ST=false LOC=false seek=false scan=false
02-20 16:04:06.999 E/mcu_services( 5539): MCU2APP : [ff fe fd 12 01 b1 00 01 23 aa 23 aa 23 32 26 52 29 72 2a 26 22 56 f7 ff ]
02-20 16:04:07.001 D/TunerPresenter(12107): handleTunerRawData: b1 0 1 23 aa 23 aa 23 32 26 52 29 72 2a 26 22 56 
02-20 16:04:07.001 D/TunerManagerForExt(12107): FMRadio main (TunerManagerForExt.java:147) onTunerPresetListChanged:  - mBand: 0 - mPresetIndex: 1 - mFrequency: 9130 - index: 0 - preset: 9130 - index: 1 - preset: 9010 - index: 2 - preset: 9810 - index: 3 - preset: 10610 - index: 4 - preset: 10790 - index: 5 - preset: 8790
02-20 16:04:07.003 D/K706RadioManager(17927): IMcuListener.onTransact: code=1 flags=16
02-20 16:04:07.004 D/K706RadioManager(17927): >>> IMcuListener.onMcuInfoChanged received! data=B1 00 01 23 AA 23 AA 23 32 26 52 29 72 2A 26 22 56 
02-20 16:04:07.005 D/K706RadioManager(17927): MCU[0xB1] len=17 : B1 00 01 23 AA 23 AA 23 32 26 52 29 72 2A 26 22 56 
02-20 16:04:07.005 D/K706RadioManager(17927): PresetList: band=0 presetIdx=1 currentFreq=9130 firstFreq=9130 (offset=5)
02-20 16:04:07.005 D/K706RadioManager(17927): PresetList: band reportada=0 (ignorada, mCurrentBand=0)
02-20 16:04:07.249 E/mcu_services( 5539): MCU2APP : [ff fe fd 03 01 b4 04 b1 ff ]
02-20 16:04:07.250 E/mcu_services( 5539): MCU2APP : [ff fe fd 04 01 b5 01 01 b4 ff ]
02-20 16:04:07.250 E/mcu_services( 5539): sendAckSuccess : [ff fd fe 02 02 b4 b6 ff ]
02-20 16:04:07.250 E/mcu_services( 5539): APP2MCU - writeToUart: [ff fd fe 02 02 b4 b6 ff ]
02-20 16:04:07.250 E/mcu_services( 5539): sendAckSuccess : [ff fd fe 02 02 b5 b7 ff ]
02-20 16:04:07.250 E/mcu_services( 5539): APP2MCU - writeToUart: [ff fd fe 02 02 b5 b7 ff ]
02-20 16:04:07.251 D/TunerPresenter(12107): handleTunerRawData: b4 4 
02-20 16:04:07.251 D/TunerManagerForExt(12107): FMRadio main (TunerManagerForExt.java:195) onTuneRdsIndicateInfo: onTuneRdsIndicateInfo - flag: 4 - mRdsSwitch: 1
02-20 16:04:07.253 D/K706RadioManager(17927): IMcuListener.onTransact: code=1 flags=16
02-20 16:04:07.254 D/K706RadioManager(17927): >>> IMcuListener.onMcuInfoChanged received! data=B4 04 
02-20 16:04:07.254 D/K706RadioManager(17927): MCU[0xB4] len=2 : B4 04 
02-20 16:04:07.254 D/K706RadioManager(17927): RDS B4 Flags: 0x04
02-20 16:04:07.256 D/TunerPresenter(12107): handleTunerRawData: b5 1 1 
02-20 16:04:07.256 D/TunerManagerForExt(12107): FMRadio main (TunerManagerForExt.java:220) onTuneRdsPtyTypeInfo: onTuneRdsPtyTypeInfo - mRdsPtyType: 1
02-20 16:04:07.257 D/K706RadioManager(17927): IMcuListener.onTransact: code=1 flags=16
02-20 16:04:07.257 D/K706RadioManager(17927): >>> IMcuListener.onMcuInfoChanged received! data=B5 01 01 
02-20 16:04:07.258 D/K706RadioManager(17927): MCU[0xB5] len=3 : B5 01 01 
02-20 16:04:07.258 D/K706RadioManager(17927): RDS PTY (0xB5): 1 (raw=B5 01 01 )
02-20 16:04:07.495 E/mcu_services( 5539): MCU2APP : [ff fe fd 03 01 29 6d 45 ff ]
02-20 16:04:07.497 D/K706RadioManager(17927): IMcuListener.onTransact: code=1 flags=16
02-20 16:04:07.498 D/K706RadioManager(17927): >>> IMcuListener.onMcuInfoChanged received! data=29 6D 
02-20 16:04:07.498 D/K706RadioManager(17927): MCU[0x29] len=2 : 29 6D 
02-20 16:04:07.499 D/K706RadioManager(17927): Unknown MCU packet type: 0x29
02-20 16:04:09.483 E/mcu_services( 5539): MCU2APP : [ff fe fd 03 01 29 6d 45 ff ]
02-20 16:04:09.485 D/K706RadioManager(17927): IMcuListener.onTransact: code=1 flags=16
02-20 16:04:09.486 D/K706RadioManager(17927): >>> IMcuListener.onMcuInfoChanged received! data=29 6D 
02-20 16:04:09.486 D/K706RadioManager(17927): MCU[0x29] len=2 : 29 6D 
02-20 16:04:09.486 D/K706RadioManager(17927): Unknown MCU packet type: 0x29
02-20 16:04:09.635 E/mcu_services( 5539): MCU2APP : [ff fe fd 0a 01 b6 43 4f 50 45 20 20 20 20 ae ff ]
02-20 16:04:09.636 E/mcu_services( 5539): sendAckSuccess : [ff fd fe 02 02 b6 b4 ff ]
02-20 16:04:09.636 E/mcu_services( 5539): APP2MCU - writeToUart: [ff fd fe 02 02 b6 b4 ff ]
02-20 16:04:09.637 D/TunerPresenter(12107): handleTunerRawData: b6 43 4f 50 45 20 20 20 20 
02-20 16:04:09.638 D/TunerManagerForExt(12107): FMRadio main (TunerManagerForExt.java:234) onTuneRdsPSInfo: onTuneRdsPSInfo - len: 9 - data: b6 43 4f 50 45 20 20 20 20 
02-20 16:04:09.638 D/TunerManagerForExt(12107): FMRadio main (TunerManagerForExt.java:258) onTuneRdsPSInfo: onTuneRdsPSInfo - mRdsPsInfo: COPE    
02-20 16:04:09.639 D/K706RadioManager(17927): IMcuListener.onTransact: code=1 flags=16
02-20 16:04:09.639 D/K706RadioManager(17927): >>> IMcuListener.onMcuInfoChanged received! data=B6 43 4F 50 45 20 20 20 20 
02-20 16:04:09.640 D/K706RadioManager(17927): MCU[0xB6] len=9 : B6 43 4F 50 45 20 20 20 20 
02-20 16:04:09.640 D/K706RadioManager(17927): RDS PS: 'COPE'
02-20 16:04:11.276 E/mcu_services( 5539): APP2MCU - writeToUartNormal : [ff fd fe 05 01 a0 0d 00 00 ac ff ]
02-20 16:04:11.277 D/K706RadioManager(17927): CMD Enviado: sub=0x0D p1=0x00 p2=0x00
02-20 16:04:11.277 D/K706RadioManager(17927): Seek UP fallback sendCmd (0x0D)
02-20 16:04:11.581 E/mcu_services( 5539): MCU2APP : [ff fe fd 03 01 29 6d 45 ff ]
02-20 16:04:11.585 D/K706RadioManager(17927): IMcuListener.onTransact: code=1 flags=16
02-20 16:04:11.586 D/K706RadioManager(17927): >>> IMcuListener.onMcuInfoChanged received! data=29 6D 
02-20 16:04:11.586 D/K706RadioManager(17927): MCU[0x29] len=2 : 29 6D 
02-20 16:04:11.587 D/K706RadioManager(17927): Unknown MCU packet type: 0x29
02-20 16:04:13.415 E/mcu_services( 5539): APP2MCU - writeToUartNormal : [ff fd fe 05 01 a0 0c 00 00 ad ff ]
02-20 16:04:13.416 D/K706RadioManager(17927): CMD Enviado: sub=0x0C p1=0x00 p2=0x00
02-20 16:04:13.416 D/K706RadioManager(17927): Seek DOWN fallback sendCmd (0x0C)
02-20 16:04:13.570 E/mcu_services( 5539): MCU2APP : [ff fe fd 03 01 29 6d 45 ff ]
02-20 16:04:13.574 D/K706RadioManager(17927): IMcuListener.onTransact: code=1 flags=16
02-20 16:04:13.575 D/K706RadioManager(17927): >>> IMcuListener.onMcuInfoChanged received! data=29 6D 
02-20 16:04:13.575 D/K706RadioManager(17927): MCU[0x29] len=2 : 29 6D 
02-20 16:04:13.576 D/K706RadioManager(17927): Unknown MCU packet type: 0x29
02-20 16:04:15.558 E/mcu_services( 5539): MCU2APP : [ff fe fd 03 01 29 6d 45 ff ]
02-20 16:04:15.561 D/K706RadioManager(17927): IMcuListener.onTransact: code=1 flags=16
02-20 16:04:15.562 D/K706RadioManager(17927): >>> IMcuListener.onMcuInfoChanged received! data=29 6D 
02-20 16:04:15.562 D/K706RadioManager(17927): MCU[0x29] len=2 : 29 6D 
02-20 16:04:15.563 D/K706RadioManager(17927): Unknown MCU packet type: 0x29
02-20 16:04:15.708 E/mcu_services( 5539): APP2MCU - writeToUartNormal : [ff fd fe 05 01 a0 0d 00 00 ac ff ]
02-20 16:04:15.709 D/K706RadioManager(17927): CMD Enviado: sub=0x0D p1=0x00 p2=0x00
02-20 16:04:15.709 D/K706RadioManager(17927): Seek UP fallback sendCmd (0x0D)
02-20 16:04:17.625 E/mcu_services( 5539): APP2MCU - writeToUartNormal : [ff fd fe 05 01 a0 08 00 00 a9 ff ]
02-20 16:04:17.626 D/K706RadioManager(17927): CMD Enviado: sub=0x08 p1=0x00 p2=0x00
02-20 16:04:17.626 D/K706RadioManager(17927): AutoScan fallback sendCmd (0x08)
02-20 16:04:17.697 E/mcu_services( 5539): MCU2APP : [ff fe fd 12 01 b1 00 00 22 2e 00 00 00 00 00 00 00 00 00 00 00 00 bc ff ]
02-20 16:04:17.697 E/mcu_services( 5539): MCU2APP : [ff fe fd 03 01 b0 21 90 ff ]
02-20 16:04:17.697 E/mcu_services( 5539): MCU2APP : [ff fe fd 03 01 29 6d 45 ff ]
02-20 16:04:17.699 D/TunerPresenter(12107): handleTunerRawData: b1 0 0 22 2e 0 0 0 0 0 0 0 0 0 0 0 0 
02-20 16:04:17.700 D/TunerManagerForExt(12107): FMRadio main (TunerManagerForExt.java:147) onTunerPresetListChanged:  - mBand: 0 - mPresetIndex: 0 - mFrequency: 8750 - index: 0 - preset: 0 - index: 1 - preset: 0 - index: 2 - preset: 0 - index: 3 - preset: 0 - index: 4 - preset: 0 - index: 5 - preset: 0
02-20 16:04:17.700 D/K706RadioManager(17927): IMcuListener.onTransact: code=1 flags=16
02-20 16:04:17.702 D/K706RadioManager(17927): >>> IMcuListener.onMcuInfoChanged received! data=B1 00 00 22 2E 00 00 00 00 00 00 00 00 00 00 00 00 
02-20 16:04:17.703 D/K706RadioManager(17927): MCU[0xB1] len=17 : B1 00 00 22 2E 00 00 00 00 00 00 00 00 00 00 00 00 
02-20 16:04:17.703 D/K706RadioManager(17927): PresetList: band=0 presetIdx=0 currentFreq=8750 firstFreq=8750 (offset=3)
02-20 16:04:17.703 D/K706RadioManager(17927): PresetList: band reportada=0 (ignorada, mCurrentBand=0)
02-20 16:04:17.703 D/K706RadioManager(17927): >>> FREQ: 91300 -> 87500 (MCU=8750, 87,50 MHz)
02-20 16:04:17.706 D/K706RadioManager(17927): IMcuListener.onTransact: code=1 flags=16
02-20 16:04:17.707 D/K706RadioManager(17927): >>> IMcuListener.onMcuInfoChanged received! data=B0 21 
02-20 16:04:17.707 D/K706RadioManager(17927): MCU[0xB0] len=2 : B0 21 
02-20 16:04:17.708 D/K706RadioManager(17927): TunerInfo: flags=0x21 save=true AS=false finish=false valid=true ST=false LOC=false seek=false scan=false
02-20 16:04:17.713 D/K706RadioManager(17927): IMcuListener.onTransact: code=1 flags=16
02-20 16:04:17.714 D/K706RadioManager(17927): >>> IMcuListener.onMcuInfoChanged received! data=29 6D 
02-20 16:04:17.714 D/K706RadioManager(17927): MCU[0x29] len=2 : 29 6D 
02-20 16:04:17.714 D/K706RadioManager(17927): Unknown MCU packet type: 0x29
02-20 16:04:17.724 D/TunerPresenter(12107): handleTunerRawData: b0 21 
02-20 16:04:17.724 D/TunerManagerForExt(12107): FMRadio main (TunerManagerForExt.java:108) onTunerInfoChanged: onTunerInfoChanged - flag: 33 - asFlag: 1 - psFlag: 0 - scanFlag: 0 - seekFlag: 0 - mStFlag: 0 - mLocFlag: 1 - mIsSearching: false - mTempSearching: false
02-20 16:04:17.724 D/TunerManagerForExt(12107): FMRadio main (TunerManagerForExt.java:118) onTunerInfoChanged: mIsSearching: true - mTempSearching: true - asFlag: 1 - seekFlag: 0
02-20 16:04:17.737 E/mcu_services( 5539): MCU2APP : [ff fe fd 12 01 b1 00 00 22 33 00 00 00 00 00 00 00 00 00 00 00 00 a1 ff ]
02-20 16:04:17.739 D/TunerPresenter(12107): handleTunerRawData: b1 0 0 22 33 0 0 0 0 0 0 0 0 0 0 0 0 
02-20 16:04:17.739 D/K706RadioManager(17927): IMcuListener.onTransact: code=1 flags=16
02-20 16:04:17.741 D/K706RadioManager(17927): >>> IMcuListener.onMcuInfoChanged received! data=B1 00 00 22 33 00 00 00 00 00 00 00 00 00 00 00 00 
02-20 16:04:17.741 D/TunerManagerForExt(12107): FMRadio main (TunerManagerForExt.java:147) onTunerPresetListChanged:  - mBand: 0 - mPresetIndex: 0 - mFrequency: 8755 - index: 0 - preset: 0 - index: 1 - preset: 0 - index: 2 - preset: 0 - index: 3 - preset: 0 - index: 4 - preset: 0 - index: 5 - preset: 0
02-20 16:04:17.742 D/K706RadioManager(17927): MCU[0xB1] len=17 : B1 00 00 22 33 00 00 00 00 00 00 00 00 00 00 00 00 
02-20 16:04:17.742 D/K706RadioManager(17927): PresetList: band=0 presetIdx=0 currentFreq=8755 firstFreq=8755 (offset=3)
02-20 16:04:17.742 D/K706RadioManager(17927): PresetList: band reportada=0 (ignorada, mCurrentBand=0)
02-20 16:04:17.742 D/K706RadioManager(17927): >>> FREQ: 87500 -> 87550 (MCU=8755, 87,55 MHz)
02-20 16:04:17.787 E/mcu_services( 5539): MCU2APP : [ff fe fd 12 01 b1 00 00 22 38 00 00 00 00 00 00 00 00 00 00 00 00 aa ff ]
02-20 16:04:17.788 D/TunerPresenter(12107): handleTunerRawData: b1 0 0 22 38 0 0 0 0 0 0 0 0 0 0 0 0 
02-20 16:04:17.790 D/K706RadioManager(17927): IMcuListener.onTransact: code=1 flags=16
02-20 16:04:17.791 D/K706RadioManager(17927): >>> IMcuListener.onMcuInfoChanged received! data=B1 00 00 22 38 00 00 00 00 00 00 00 00 00 00 00 00 
02-20 16:04:17.791 D/TunerManagerForExt(12107): FMRadio main (TunerManagerForExt.java:147) onTunerPresetListChanged:  - mBand: 0 - mPresetIndex: 0 - mFrequency: 8760 - index: 0 - preset: 0 - index: 1 - preset: 0 - index: 2 - preset: 0 - index: 3 - preset: 0 - index: 4 - preset: 0 - index: 5 - preset: 0
02-20 16:04:17.792 D/K706RadioManager(17927): MCU[0xB1] len=17 : B1 00 00 22 38 00 00 00 00 00 00 00 00 00 00 00 00 
02-20 16:04:17.792 D/K706RadioManager(17927): PresetList: band=0 presetIdx=0 currentFreq=8760 firstFreq=8760 (offset=3)
02-20 16:04:17.792 D/K706RadioManager(17927): PresetList: band reportada=0 (ignorada, mCurrentBand=0)
02-20 16:04:17.792 D/K706RadioManager(17927): >>> FREQ: 87550 -> 87600 (MCU=8760, 87,60 MHz)
02-20 16:04:18.234 E/mcu_services( 5539): MCU2APP : [ff fe fd 12 01 b1 00 00 22 3d 00 00 00 00 00 00 00 00 00 00 00 00 af ff ]
02-20 16:04:18.235 D/TunerPresenter(12107): handleTunerRawData: b1 0 0 22 3d 0 0 0 0 0 0 0 0 0 0 0 0 
02-20 16:04:18.235 D/TunerManagerForExt(12107): FMRadio main (TunerManagerForExt.java:147) onTunerPresetListChanged:  - mBand: 0 - mPresetIndex: 0 - mFrequency: 8765 - index: 0 - preset: 0 - index: 1 - preset: 0 - index: 2 - preset: 0 - index: 3 - preset: 0 - index: 4 - preset: 0 - index: 5 - preset: 0
02-20 16:04:18.236 D/K706RadioManager(17927): IMcuListener.onTransact: code=1 flags=16
02-20 16:04:18.237 D/K706RadioManager(17927): >>> IMcuListener.onMcuInfoChanged received! data=B1 00 00 22 3D 00 00 00 00 00 00 00 00 00 00 00 00 
02-20 16:04:18.238 D/K706RadioManager(17927): MCU[0xB1] len=17 : B1 00 00 22 3D 00 00 00 00 00 00 00 00 00 00 00 00 
02-20 16:04:18.239 D/K706RadioManager(17927): PresetList: band=0 presetIdx=0 currentFreq=8765 firstFreq=8765 (offset=3)
02-20 16:04:18.239 D/K706RadioManager(17927): PresetList: band reportada=0 (ignorada, mCurrentBand=0)
02-20 16:04:18.239 D/K706RadioManager(17927): >>> FREQ: 87600 -> 87650 (MCU=8765, 87,65 MHz)
02-20 16:04:18.284 E/mcu_services( 5539): MCU2APP : [ff fe fd 12 01 b1 00 00 22 42 00 00 00 00 00 00 00 00 00 00 00 00 d0 ff ]
02-20 16:04:18.285 D/TunerPresenter(12107): handleTunerRawData: b1 0 0 22 42 0 0 0 0 0 0 0 0 0 0 0 0 
02-20 16:04:18.286 D/K706RadioManager(17927): IMcuListener.onTransact: code=1 flags=16
02-20 16:04:18.287 D/K706RadioManager(17927): >>> IMcuListener.onMcuInfoChanged received! data=B1 00 00 22 42 00 00 00 00 00 00 00 00 00 00 00 00 
02-20 16:04:18.287 D/TunerManagerForExt(12107): FMRadio main (TunerManagerForExt.java:147) onTunerPresetListChanged:  - mBand: 0 - mPresetIndex: 0 - mFrequency: 8770 - index: 0 - preset: 0 - index: 1 - preset: 0 - index: 2 - preset: 0 - index: 3 - preset: 0 - index: 4 - preset: 0 - index: 5 - preset: 0
02-20 16:04:18.288 D/K706RadioManager(17927): MCU[0xB1] len=17 : B1 00 00 22 42 00 00 00 00 00 00 00 00 00 00 00 00 
02-20 16:04:18.288 D/K706RadioManager(17927): PresetList: band=0 presetIdx=0 currentFreq=8770 firstFreq=8770 (offset=3)
02-20 16:04:18.288 D/K706RadioManager(17927): PresetList: band reportada=0 (ignorada, mCurrentBand=0)
02-20 16:04:18.288 D/K706RadioManager(17927): >>> FREQ: 87650 -> 87700 (MCU=8770, 87,70 MHz)
02-20 16:04:18.334 E/mcu_services( 5539): MCU2APP : [ff fe fd 12 01 b1 00 00 22 47 00 00 00 00 00 00 00 00 00 00 00 00 d5 ff ]
02-20 16:04:18.335 D/TunerPresenter(12107): handleTunerRawData: b1 0 0 22 47 0 0 0 0 0 0 0 0 0 0 0 0 
02-20 16:04:18.337 D/K706RadioManager(17927): IMcuListener.onTransact: code=1 flags=16
02-20 16:04:18.338 D/K706RadioManager(17927): >>> IMcuListener.onMcuInfoChanged received! data=B1 00 00 22 47 00 00 00 00 00 00 00 00 00 00 00 00 
02-20 16:04:18.338 D/TunerManagerForExt(12107): FMRadio main (TunerManagerForExt.java:147) onTunerPresetListChanged:  - mBand: 0 - mPresetIndex: 0 - mFrequency: 8775 - index: 0 - preset: 0 - index: 1 - preset: 0 - index: 2 - preset: 0 - index: 3 - preset: 0 - index: 4 - preset: 0 - index: 5 - preset: 0
02-20 16:04:18.339 D/K706RadioManager(17927): MCU[0xB1] len=17 : B1 00 00 22 47 00 00 00 00 00 00 00 00 00 00 00 00 
02-20 16:04:18.339 D/K706RadioManager(17927): PresetList: band=0 presetIdx=0 currentFreq=8775 firstFreq=8775 (offset=3)
02-20 16:04:18.339 D/K706RadioManager(17927): PresetList: band reportada=0 (ignorada, mCurrentBand=0)
02-20 16:04:18.339 D/K706RadioManager(17927): >>> FREQ: 87700 -> 87750 (MCU=8775, 87,75 MHz)
02-20 16:04:18.383 E/mcu_services( 5539): MCU2APP : [ff fe fd 12 01 b1 00 00 22 4c 00 00 00 00 00 00 00 00 00 00 00 00 de ff ]
02-20 16:04:18.385 D/TunerPresenter(12107): handleTunerRawData: b1 0 0 22 4c 0 0 0 0 0 0 0 0 0 0 0 0 
02-20 16:04:18.387 D/K706RadioManager(17927): IMcuListener.onTransact: code=1 flags=16
02-20 16:04:18.389 D/TunerManagerForExt(12107): FMRadio main (TunerManagerForExt.java:147) onTunerPresetListChanged:  - mBand: 0 - mPresetIndex: 0 - mFrequency: 8780 - index: 0 - preset: 0 - index: 1 - preset: 0 - index: 2 - preset: 0 - index: 3 - preset: 0 - index: 4 - preset: 0 - index: 5 - preset: 0
02-20 16:04:18.389 D/K706RadioManager(17927): >>> IMcuListener.onMcuInfoChanged received! data=B1 00 00 22 4C 00 00 00 00 00 00 00 00 00 00 00 00 
02-20 16:04:18.390 D/K706RadioManager(17927): MCU[0xB1] len=17 : B1 00 00 22 4C 00 00 00 00 00 00 00 00 00 00 00 00 
02-20 16:04:18.390 D/K706RadioManager(17927): PresetList: band=0 presetIdx=0 currentFreq=8780 firstFreq=8780 (offset=3)
02-20 16:04:18.390 D/K706RadioManager(17927): PresetList: band reportada=0 (ignorada, mCurrentBand=0)
02-20 16:04:18.390 D/K706RadioManager(17927): >>> FREQ: 87750 -> 87800 (MCU=8780, 87,80 MHz)
02-20 16:04:18.433 E/mcu_services( 5539): MCU2APP : [ff fe fd 12 01 b1 00 00 22 51 00 00 00 00 00 00 00 00 00 00 00 00 c3 ff ]
02-20 16:04:18.435 D/TunerPresenter(12107): handleTunerRawData: b1 0 0 22 51 0 0 0 0 0 0 0 0 0 0 0 0 
02-20 16:04:18.436 D/K706RadioManager(17927): IMcuListener.onTransact: code=1 flags=16
02-20 16:04:18.438 D/TunerManagerForExt(12107): FMRadio main (TunerManagerForExt.java:147) onTunerPresetListChanged:  - mBand: 0 - mPresetIndex: 0 - mFrequency: 8785 - index: 0 - preset: 0 - index: 1 - preset: 0 - index: 2 - preset: 0 - index: 3 - preset: 0 - index: 4 - preset: 0 - index: 5 - preset: 0
02-20 16:04:18.438 D/K706RadioManager(17927): >>> IMcuListener.onMcuInfoChanged received! data=B1 00 00 22 51 00 00 00 00 00 00 00 00 00 00 00 00 
02-20 16:04:18.439 D/K706RadioManager(17927): MCU[0xB1] len=17 : B1 00 00 22 51 00 00 00 00 00 00 00 00 00 00 00 00 
02-20 16:04:18.439 D/K706RadioManager(17927): PresetList: band=0 presetIdx=0 currentFreq=8785 firstFreq=8785 (offset=3)
02-20 16:04:18.439 D/K706RadioManager(17927): PresetList: band reportada=0 (ignorada, mCurrentBand=0)
02-20 16:04:18.439 D/K706RadioManager(17927): >>> FREQ: 87800 -> 87850 (MCU=8785, 87,85 MHz)
02-20 16:04:18.483 E/mcu_services( 5539): MCU2APP : [ff fe fd 12 01 b1 00 00 22 56 00 00 00 00 00 00 00 00 00 00 00 00 c4 ff ]
02-20 16:04:18.483 D/TunerPresenter(12107): handleTunerRawData: b1 0 0 22 56 0 0 0 0 0 0 0 0 0 0 0 0 
02-20 16:04:18.485 D/K706RadioManager(17927): IMcuListener.onTransact: code=1 flags=16
02-20 16:04:18.486 D/K706RadioManager(17927): >>> IMcuListener.onMcuInfoChanged received! data=B1 00 00 22 56 00 00 00 00 00 00 00 00 00 00 00 00 
02-20 16:04:18.487 D/K706RadioManager(17927): MCU[0xB1] len=17 : B1 00 00 22 56 00 00 00 00 00 00 00 00 00 00 00 00 
02-20 16:04:18.487 D/K706RadioManager(17927): PresetList: band=0 presetIdx=0 currentFreq=8790 firstFreq=8790 (offset=3)
02-20 16:04:18.487 D/K706RadioManager(17927): PresetList: band reportada=0 (ignorada, mCurrentBand=0)
02-20 16:04:18.487 D/K706RadioManager(17927): >>> FREQ: 87850 -> 87900 (MCU=8790, 87,90 MHz)
02-20 16:04:18.504 D/TunerManagerForExt(12107): FMRadio main (TunerManagerForExt.java:147) onTunerPresetListChanged:  - mBand: 0 - mPresetIndex: 0 - mFrequency: 8790 - index: 0 - preset: 0 - index: 1 - preset: 0 - index: 2 - preset: 0 - index: 3 - preset: 0 - index: 4 - preset: 0 - index: 5 - preset: 0
02-20 16:04:18.533 E/mcu_services( 5539): MCU2APP : [ff fe fd 12 01 b1 00 00 22 5b 00 00 00 00 00 00 00 00 00 00 00 00 c9 ff ]
02-20 16:04:18.534 D/TunerPresenter(12107): handleTunerRawData: b1 0 0 22 5b 0 0 0 0 0 0 0 0 0 0 0 0 
02-20 16:04:18.536 D/K706RadioManager(17927): IMcuListener.onTransact: code=1 flags=16
02-20 16:04:18.537 D/TunerManagerForExt(12107): FMRadio main (TunerManagerForExt.java:147) onTunerPresetListChanged:  - mBand: 0 - mPresetIndex: 0 - mFrequency: 8795 - index: 0 - preset: 0 - index: 1 - preset: 0 - index: 2 - preset: 0 - index: 3 - preset: 0 - index: 4 - preset: 0 - index: 5 - preset: 0
02-20 16:04:18.537 D/K706RadioManager(17927): >>> IMcuListener.onMcuInfoChanged received! data=B1 00 00 22 5B 00 00 00 00 00 00 00 00 00 00 00 00 
02-20 16:04:18.538 D/K706RadioManager(17927): MCU[0xB1] len=17 : B1 00 00 22 5B 00 00 00 00 00 00 00 00 00 00 00 00 
02-20 16:04:18.538 D/K706RadioManager(17927): PresetList: band=0 presetIdx=0 currentFreq=8795 firstFreq=8795 (offset=3)
02-20 16:04:18.538 D/K706RadioManager(17927): PresetList: band reportada=0 (ignorada, mCurrentBand=0)
02-20 16:04:18.538 D/K706RadioManager(17927): >>> FREQ: 87900 -> 87950 (MCU=8795, 87,95 MHz)
02-20 16:04:18.582 E/mcu_services( 5539): MCU2APP : [ff fe fd 12 01 b1 00 00 22 60 00 00 00 00 00 00 00 00 00 00 00 00 f2 ff ]
02-20 16:04:18.584 D/TunerPresenter(12107): handleTunerRawData: b1 0 0 22 60 0 0 0 0 0 0 0 0 0 0 0 0 
02-20 16:04:18.585 D/K706RadioManager(17927): IMcuListener.onTransact: code=1 flags=16
02-20 16:04:18.586 D/K706RadioManager(17927): >>> IMcuListener.onMcuInfoChanged received! data=B1 00 00 22 60 00 00 00 00 00 00 00 00 00 00 00 00 
02-20 16:04:18.587 D/TunerManagerForExt(12107): FMRadio main (TunerManagerForExt.java:147) onTunerPresetListChanged:  - mBand: 0 - mPresetIndex: 0 - mFrequency: 8800 - index: 0 - preset: 0 - index: 1 - preset: 0 - index: 2 - preset: 0 - index: 3 - preset: 0 - index: 4 - preset: 0 - index: 5 - preset: 0
02-20 16:04:18.587 D/K706RadioManager(17927): MCU[0xB1] len=17 : B1 00 00 22 60 00 00 00 00 00 00 00 00 00 00 00 00 
02-20 16:04:18.587 D/K706RadioManager(17927): PresetList: band=0 presetIdx=0 currentFreq=8800 firstFreq=8800 (offset=3)
02-20 16:04:18.587 D/K706RadioManager(17927): PresetList: band reportada=0 (ignorada, mCurrentBand=0)
02-20 16:04:18.587 D/K706RadioManager(17927): >>> FREQ: 87950 -> 88000 (MCU=8800, 88,00 MHz)
02-20 16:04:18.632 E/mcu_services( 5539): MCU2APP : [ff fe fd 12 01 b1 00 00 22 65 00 00 00 00 00 00 00 00 00 00 00 00 f7 ff ]
02-20 16:04:18.633 D/TunerPresenter(12107): handleTunerRawData: b1 0 0 22 65 0 0 0 0 0 0 0 0 0 0 0 0 
02-20 16:04:18.634 D/K706RadioManager(17927): IMcuListener.onTransact: code=1 flags=16
02-20 16:04:18.635 D/K706RadioManager(17927): >>> IMcuListener.onMcuInfoChanged received! data=B1 00 00 22 65 00 00 00 00 00 00 00 00 00 00 00 00 
02-20 16:04:18.636 D/TunerManagerForExt(12107): FMRadio main (TunerManagerForExt.java:147) onTunerPresetListChanged:  - mBand: 0 - mPresetIndex: 0 - mFrequency: 8805 - index: 0 - preset: 0 - index: 1 - preset: 0 - index: 2 - preset: 0 - index: 3 - preset: 0 - index: 4 - preset: 0 - index: 5 - preset: 0
02-20 16:04:18.636 D/K706RadioManager(17927): MCU[0xB1] len=17 : B1 00 00 22 65 00 00 00 00 00 00 00 00 00 00 00 00 
02-20 16:04:18.636 D/K706RadioManager(17927): PresetList: band=0 presetIdx=0 currentFreq=8805 firstFreq=8805 (offset=3)
02-20 16:04:18.636 D/K706RadioManager(17927): PresetList: band reportada=0 (ignorada, mCurrentBand=0)
02-20 16:04:18.636 D/K706RadioManager(17927): >>> FREQ: 88000 -> 88050 (MCU=8805, 88,05 MHz)
02-20 16:04:18.682 E/mcu_services( 5539): MCU2APP : [ff fe fd 12 01 b1 00 00 22 6a 00 00 00 00 00 00 00 00 00 00 00 00 f8 ff ]
02-20 16:04:18.683 D/TunerPresenter(12107): handleTunerRawData: b1 0 0 22 6a 0 0 0 0 0 0 0 0 0 0 0 0 
02-20 16:04:18.684 D/K706RadioManager(17927): IMcuListener.onTransact: code=1 flags=16
02-20 16:04:18.685 D/K706RadioManager(17927): >>> IMcuListener.onMcuInfoChanged received! data=B1 00 00 22 6A 00 00 00 00 00 00 00 00 00 00 00 00 
02-20 16:04:18.685 D/TunerManagerForExt(12107): FMRadio main (TunerManagerForExt.java:147) onTunerPresetListChanged:  - mBand: 0 - mPresetIndex: 0 - mFrequency: 8810 - index: 0 - preset: 0 - index: 1 - preset: 0 - index: 2 - preset: 0 - index: 3 - preset: 0 - index: 4 - preset: 0 - index: 5 - preset: 0
02-20 16:04:18.686 D/K706RadioManager(17927): MCU[0xB1] len=17 : B1 00 00 22 6A 00 00 00 00 00 00 00 00 00 00 00 00 
02-20 16:04:18.686 D/K706RadioManager(17927): PresetList: band=0 presetIdx=0 currentFreq=8810 firstFreq=8810 (offset=3)
02-20 16:04:18.686 D/K706RadioManager(17927): PresetList: band reportada=0 (ignorada, mCurrentBand=0)
02-20 16:04:18.686 D/K706RadioManager(17927): >>> FREQ: 88050 -> 88100 (MCU=8810, 88,10 MHz)
02-20 16:04:18.731 E/mcu_services( 5539): MCU2APP : [ff fe fd 12 01 b1 00 00 22 6f 00 00 00 00 00 00 00 00 00 00 00 00 fd ff ]
02-20 16:04:18.733 D/TunerPresenter(12107): handleTunerRawData: b1 0 0 22 6f 0 0 0 0 0 0 0 0 0 0 0 0 
02-20 16:04:18.734 D/K706RadioManager(17927): IMcuListener.onTransact: code=1 flags=16
02-20 16:04:18.735 D/K706RadioManager(17927): >>> IMcuListener.onMcuInfoChanged received! data=B1 00 00 22 6F 00 00 00 00 00 00 00 00 00 00 00 00 
02-20 16:04:18.735 D/TunerManagerForExt(12107): FMRadio main (TunerManagerForExt.java:147) onTunerPresetListChanged:  - mBand: 0 - mPresetIndex: 0 - mFrequency: 8815 - index: 0 - preset: 0 - index: 1 - preset: 0 - index: 2 - preset: 0 - index: 3 - preset: 0 - index: 4 - preset: 0 - index: 5 - preset: 0
02-20 16:04:18.736 D/K706RadioManager(17927): MCU[0xB1] len=17 : B1 00 00 22 6F 00 00 00 00 00 00 00 00 00 00 00 00 
02-20 16:04:18.736 D/K706RadioManager(17927): PresetList: band=0 presetIdx=0 currentFreq=8815 firstFreq=8815 (offset=3)
02-20 16:04:18.736 D/K706RadioManager(17927): PresetList: band reportada=0 (ignorada, mCurrentBand=0)
02-20 16:04:18.736 D/K706RadioManager(17927): >>> FREQ: 88100 -> 88150 (MCU=8815, 88,15 MHz)
02-20 16:04:18.781 E/mcu_services( 5539): MCU2APP : [ff fe fd 12 01 b1 00 00 22 74 00 00 00 00 00 00 00 00 00 00 00 00 e6 ff ]
02-20 16:04:18.783 D/TunerPresenter(12107): handleTunerRawData: b1 0 0 22 74 0 0 0 0 0 0 0 0 0 0 0 0 
02-20 16:04:18.784 D/K706RadioManager(17927): IMcuListener.onTransact: code=1 flags=16
02-20 16:04:18.785 D/K706RadioManager(17927): >>> IMcuListener.onMcuInfoChanged received! data=B1 00 00 22 74 00 00 00 00 00 00 00 00 00 00 00 00 
02-20 16:04:18.786 D/TunerManagerForExt(12107): FMRadio main (TunerManagerForExt.java:147) onTunerPresetListChanged:  - mBand: 0 - mPresetIndex: 0 - mFrequency: 8820 - index: 0 - preset: 0 - index: 1 - preset: 0 - index: 2 - preset: 0 - index: 3 - preset: 0 - index: 4 - preset: 0 - index: 5 - preset: 0
02-20 16:04:18.786 D/K706RadioManager(17927): MCU[0xB1] len=17 : B1 00 00 22 74 00 00 00 00 00 00 00 00 00 00 00 00 
02-20 16:04:18.786 D/K706RadioManager(17927): PresetList: band=0 presetIdx=0 currentFreq=8820 firstFreq=8820 (offset=3)
02-20 16:04:18.786 D/K706RadioManager(17927): PresetList: band reportada=0 (ignorada, mCurrentBand=0)
02-20 16:04:18.786 D/K706RadioManager(17927): >>> FREQ: 88150 -> 88200 (MCU=8820, 88,20 MHz)
02-20 16:04:18.831 E/mcu_services( 5539): MCU2APP : [ff fe fd 12 01 b1 00 00 22 79 00 00 00 00 00 00 00 00 00 00 00 00 eb ff ]
02-20 16:04:18.833 D/TunerPresenter(12107): handleTunerRawData: b1 0 0 22 79 0 0 0 0 0 0 0 0 0 0 0 0 
02-20 16:04:18.834 D/K706RadioManager(17927): IMcuListener.onTransact: code=1 flags=16
02-20 16:04:18.836 D/TunerManagerForExt(12107): FMRadio main (TunerManagerForExt.java:147) onTunerPresetListChanged:  - mBand: 0 - mPresetIndex: 0 - mFrequency: 8825 - index: 0 - preset: 0 - index: 1 - preset: 0 - index: 2 - preset: 0 - index: 3 - preset: 0 - index: 4 - preset: 0 - index: 5 - preset: 0
02-20 16:04:18.836 D/K706RadioManager(17927): >>> IMcuListener.onMcuInfoChanged received! data=B1 00 00 22 79 00 00 00 00 00 00 00 00 00 00 00 00 
02-20 16:04:18.837 D/K706RadioManager(17927): MCU[0xB1] len=17 : B1 00 00 22 79 00 00 00 00 00 00 00 00 00 00 00 00 
02-20 16:04:18.837 D/K706RadioManager(17927): PresetList: band=0 presetIdx=0 currentFreq=8825 firstFreq=8825 (offset=3)
02-20 16:04:18.837 D/K706RadioManager(17927): PresetList: band reportada=0 (ignorada, mCurrentBand=0)
02-20 16:04:18.837 D/K706RadioManager(17927): >>> FREQ: 88200 -> 88250 (MCU=8825, 88,25 MHz)
02-20 16:04:18.881 E/mcu_services( 5539): MCU2APP : [ff fe fd 12 01 b1 00 00 22 7e 00 00 00 00 00 00 00 00 00 00 00 00 ec ff ]
02-20 16:04:18.882 D/TunerPresenter(12107): handleTunerRawData: b1 0 0 22 7e 0 0 0 0 0 0 0 0 0 0 0 0 
02-20 16:04:18.884 D/K706RadioManager(17927): IMcuListener.onTransact: code=1 flags=16
02-20 16:04:18.885 D/K706RadioManager(17927): >>> IMcuListener.onMcuInfoChanged received! data=B1 00 00 22 7E 00 00 00 00 00 00 00 00 00 00 00 00 
02-20 16:04:18.885 D/TunerManagerForExt(12107): FMRadio main (TunerManagerForExt.java:147) onTunerPresetListChanged:  - mBand: 0 - mPresetIndex: 0 - mFrequency: 8830 - index: 0 - preset: 0 - index: 1 - preset: 0 - index: 2 - preset: 0 - index: 3 - preset: 0 - index: 4 - preset: 0 - index: 5 - preset: 0
02-20 16:04:18.886 D/K706RadioManager(17927): MCU[0xB1] len=17 : B1 00 00 22 7E 00 00 00 00 00 00 00 00 00 00 00 00 
02-20 16:04:18.886 D/K706RadioManager(17927): PresetList: band=0 presetIdx=0 currentFreq=8830 firstFreq=8830 (offset=3)
02-20 16:04:18.886 D/K706RadioManager(17927): PresetList: band reportada=0 (ignorada, mCurrentBand=0)
02-20 16:04:18.886 D/K706RadioManager(17927): >>> FREQ: 88250 -> 88300 (MCU=8830, 88,30 MHz)
02-20 16:04:18.930 E/mcu_services( 5539): MCU2APP : [ff fe fd 12 01 b1 00 00 22 83 00 00 00 00 00 00 00 00 00 00 00 00 11 ff ]
02-20 16:04:18.932 D/TunerPresenter(12107): handleTunerRawData: b1 0 0 22 83 0 0 0 0 0 0 0 0 0 0 0 0 
02-20 16:04:18.933 D/K706RadioManager(17927): IMcuListener.onTransact: code=1 flags=16
02-20 16:04:18.935 D/K706RadioManager(17927): >>> IMcuListener.onMcuInfoChanged received! data=B1 00 00 22 83 00 00 00 00 00 00 00 00 00 00 00 00 
02-20 16:04:18.935 D/TunerManagerForExt(12107): FMRadio main (TunerManagerForExt.java:147) onTunerPresetListChanged:  - mBand: 0 - mPresetIndex: 0 - mFrequency: 8835 - index: 0 - preset: 0 - index: 1 - preset: 0 - index: 2 - preset: 0 - index: 3 - preset: 0 - index: 4 - preset: 0 - index: 5 - preset: 0
02-20 16:04:18.936 D/K706RadioManager(17927): MCU[0xB1] len=17 : B1 00 00 22 83 00 00 00 00 00 00 00 00 00 00 00 00 
02-20 16:04:18.936 D/K706RadioManager(17927): PresetList: band=0 presetIdx=0 currentFreq=8835 firstFreq=8835 (offset=3)
02-20 16:04:18.936 D/K706RadioManager(17927): PresetList: band reportada=0 (ignorada, mCurrentBand=0)
02-20 16:04:18.936 D/K706RadioManager(17927): >>> FREQ: 88300 -> 88350 (MCU=8835, 88,35 MHz)
02-20 16:04:18.980 E/mcu_services( 5539): MCU2APP : [ff fe fd 12 01 b1 00 00 22 88 00 00 00 00 00 00 00 00 00 00 00 00 1a ff ]
02-20 16:04:18.981 D/TunerPresenter(12107): handleTunerRawData: b1 0 0 22 88 0 0 0 0 0 0 0 0 0 0 0 0 
02-20 16:04:18.982 D/K706RadioManager(17927): IMcuListener.onTransact: code=1 flags=16
02-20 16:04:18.983 D/K706RadioManager(17927): >>> IMcuListener.onMcuInfoChanged received! data=B1 00 00 22 88 00 00 00 00 00 00 00 00 00 00 00 00 
02-20 16:04:18.984 D/TunerManagerForExt(12107): FMRadio main (TunerManagerForExt.java:147) onTunerPresetListChanged:  - mBand: 0 - mPresetIndex: 0 - mFrequency: 8840 - index: 0 - preset: 0 - index: 1 - preset: 0 - index: 2 - preset: 0 - index: 3 - preset: 0 - index: 4 - preset: 0 - index: 5 - preset: 0
02-20 16:04:18.984 D/K706RadioManager(17927): MCU[0xB1] len=17 : B1 00 00 22 88 00 00 00 00 00 00 00 00 00 00 00 00 
02-20 16:04:18.984 D/K706RadioManager(17927): PresetList: band=0 presetIdx=0 currentFreq=8840 firstFreq=8840 (offset=3)
02-20 16:04:18.984 D/K706RadioManager(17927): PresetList: band reportada=0 (ignorada, mCurrentBand=0)
02-20 16:04:18.985 D/K706RadioManager(17927): >>> FREQ: 88350 -> 88400 (MCU=8840, 88,40 MHz)
02-20 16:04:19.029 E/mcu_services( 5539): MCU2APP : [ff fe fd 12 01 b1 00 00 22 8d 00 00 00 00 00 00 00 00 00 00 00 00 1f ff ]
02-20 16:04:19.031 D/TunerPresenter(12107): handleTunerRawData: b1 0 0 22 8d 0 0 0 0 0 0 0 0 0 0 0 0 
02-20 16:04:19.032 D/K706RadioManager(17927): IMcuListener.onTransact: code=1 flags=16
02-20 16:04:19.033 D/K706RadioManager(17927): >>> IMcuListener.onMcuInfoChanged received! data=B1 00 00 22 8D 00 00 00 00 00 00 00 00 00 00 00 00 
02-20 16:04:19.034 D/TunerManagerForExt(12107): FMRadio main (TunerManagerForExt.java:147) onTunerPresetListChanged:  - mBand: 0 - mPresetIndex: 0 - mFrequency: 8845 - index: 0 - preset: 0 - index: 1 - preset: 0 - index: 2 - preset: 0 - index: 3 - preset: 0 - index: 4 - preset: 0 - index: 5 - preset: 0
02-20 16:04:19.034 D/K706RadioManager(17927): MCU[0xB1] len=17 : B1 00 00 22 8D 00 00 00 00 00 00 00 00 00 00 00 00 
02-20 16:04:19.034 D/K706RadioManager(17927): PresetList: band=0 presetIdx=0 currentFreq=8845 firstFreq=8845 (offset=3)
02-20 16:04:19.034 D/K706RadioManager(17927): PresetList: band reportada=0 (ignorada, mCurrentBand=0)
02-20 16:04:19.035 D/K706RadioManager(17927): >>> FREQ: 88400 -> 88450 (MCU=8845, 88,45 MHz)
02-20 16:04:19.079 E/mcu_services( 5539): MCU2APP : [ff fe fd 12 01 b1 00 00 22 92 00 00 00 00 00 00 00 00 00 00 00 00 00 ff ]
02-20 16:04:19.080 D/TunerPresenter(12107): handleTunerRawData: b1 0 0 22 92 0 0 0 0 0 0 0 0 0 0 0 0 
02-20 16:04:19.082 D/K706RadioManager(17927): IMcuListener.onTransact: code=1 flags=16
02-20 16:04:19.083 D/K706RadioManager(17927): >>> IMcuListener.onMcuInfoChanged received! data=B1 00 00 22 92 00 00 00 00 00 00 00 00 00 00 00 00 
02-20 16:04:19.083 D/TunerManagerForExt(12107): FMRadio main (TunerManagerForExt.java:147) onTunerPresetListChanged:  - mBand: 0 - mPresetIndex: 0 - mFrequency: 8850 - index: 0 - preset: 0 - index: 1 - preset: 0 - index: 2 - preset: 0 - index: 3 - preset: 0 - index: 4 - preset: 0 - index: 5 - preset: 0
02-20 16:04:19.084 D/K706RadioManager(17927): MCU[0xB1] len=17 : B1 00 00 22 92 00 00 00 00 00 00 00 00 00 00 00 00 
02-20 16:04:19.084 D/K706RadioManager(17927): PresetList: band=0 presetIdx=0 currentFreq=8850 firstFreq=8850 (offset=3)
02-20 16:04:19.084 D/K706RadioManager(17927): PresetList: band reportada=0 (ignorada, mCurrentBand=0)
02-20 16:04:19.084 D/K706RadioManager(17927): >>> FREQ: 88450 -> 88500 (MCU=8850, 88,50 MHz)
02-20 16:04:19.129 E/mcu_services( 5539): MCU2APP : [ff fe fd 12 01 b1 00 00 22 97 00 00 00 00 00 00 00 00 00 00 00 00 05 ff ]
02-20 16:04:19.130 D/TunerPresenter(12107): handleTunerRawData: b1 0 0 22 97 0 0 0 0 0 0 0 0 0 0 0 0 
02-20 16:04:19.132 D/K706RadioManager(17927): IMcuListener.onTransact: code=1 flags=16
02-20 16:04:19.133 D/K706RadioManager(17927): >>> IMcuListener.onMcuInfoChanged received! data=B1 00 00 22 97 00 00 00 00 00 00 00 00 00 00 00 00 
02-20 16:04:19.133 D/TunerManagerForExt(12107): FMRadio main (TunerManagerForExt.java:147) onTunerPresetListChanged:  - mBand: 0 - mPresetIndex: 0 - mFrequency: 8855 - index: 0 - preset: 0 - index: 1 - preset: 0 - index: 2 - preset: 0 - index: 3 - preset: 0 - index: 4 - preset: 0 - index: 5 - preset: 0
02-20 16:04:19.134 D/K706RadioManager(17927): MCU[0xB1] len=17 : B1 00 00 22 97 00 00 00 00 00 00 00 00 00 00 00 00 
02-20 16:04:19.134 D/K706RadioManager(17927): PresetList: band=0 presetIdx=0 currentFreq=8855 firstFreq=8855 (offset=3)
02-20 16:04:19.134 D/K706RadioManager(17927): PresetList: band reportada=0 (ignorada, mCurrentBand=0)
02-20 16:04:19.134 D/K706RadioManager(17927): >>> FREQ: 88500 -> 88550 (MCU=8855, 88,55 MHz)
02-20 16:04:19.179 E/mcu_services( 5539): MCU2APP : [ff fe fd 12 01 b1 00 00 22 9c 00 00 00 00 00 00 00 00 00 00 00 00 0e ff ]
02-20 16:04:19.181 D/TunerPresenter(12107): handleTunerRawData: b1 0 0 22 9c 0 0 0 0 0 0 0 0 0 0 0 0 
02-20 16:04:19.182 D/K706RadioManager(17927): IMcuListener.onTransact: code=1 flags=16
02-20 16:04:19.184 D/K706RadioManager(17927): >>> IMcuListener.onMcuInfoChanged received! data=B1 00 00 22 9C 00 00 00 00 00 00 00 00 00 00 00 00 
02-20 16:04:19.185 D/TunerManagerForExt(12107): FMRadio main (TunerManagerForExt.java:147) onTunerPresetListChanged:  - mBand: 0 - mPresetIndex: 0 - mFrequency: 8860 - index: 0 - preset: 0 - index: 1 - preset: 0 - index: 2 - preset: 0 - index: 3 - preset: 0 - index: 4 - preset: 0 - index: 5 - preset: 0
02-20 16:04:19.185 D/K706RadioManager(17927): MCU[0xB1] len=17 : B1 00 00 22 9C 00 00 00 00 00 00 00 00 00 00 00 00 
02-20 16:04:19.185 D/K706RadioManager(17927): PresetList: band=0 presetIdx=0 currentFreq=8860 firstFreq=8860 (offset=3)
02-20 16:04:19.185 D/K706RadioManager(17927): PresetList: band reportada=0 (ignorada, mCurrentBand=0)
02-20 16:04:19.185 D/K706RadioManager(17927): >>> FREQ: 88550 -> 88600 (MCU=8860, 88,60 MHz)
02-20 16:04:19.228 E/mcu_services( 5539): MCU2APP : [ff fe fd 12 01 b1 00 00 22 a1 00 00 00 00 00 00 00 00 00 00 00 00 33 ff ]
02-20 16:04:19.229 D/TunerPresenter(12107): handleTunerRawData: b1 0 0 22 a1 0 0 0 0 0 0 0 0 0 0 0 0 
02-20 16:04:19.230 D/K706RadioManager(17927): IMcuListener.onTransact: code=1 flags=16
02-20 16:04:19.231 D/K706RadioManager(17927): >>> IMcuListener.onMcuInfoChanged received! data=B1 00 00 22 A1 00 00 00 00 00 00 00 00 00 00 00 00 
02-20 16:04:19.231 D/TunerManagerForExt(12107): FMRadio main (TunerManagerForExt.java:147) onTunerPresetListChanged:  - mBand: 0 - mPresetIndex: 0 - mFrequency: 8865 - index: 0 - preset: 0 - index: 1 - preset: 0 - index: 2 - preset: 0 - index: 3 - preset: 0 - index: 4 - preset: 0 - index: 5 - preset: 0
02-20 16:04:19.232 D/K706RadioManager(17927): MCU[0xB1] len=17 : B1 00 00 22 A1 00 00 00 00 00 00 00 00 00 00 00 00 
02-20 16:04:19.232 D/K706RadioManager(17927): PresetList: band=0 presetIdx=0 currentFreq=8865 firstFreq=8865 (offset=3)
02-20 16:04:19.232 D/K706RadioManager(17927): PresetList: band reportada=0 (ignorada, mCurrentBand=0)
02-20 16:04:19.232 D/K706RadioManager(17927): >>> FREQ: 88600 -> 88650 (MCU=8865, 88,65 MHz)
02-20 16:04:19.278 E/mcu_services( 5539): MCU2APP : [ff fe fd 12 01 b1 00 00 22 a6 00 00 00 00 00 00 00 00 00 00 00 00 34 ff ]
02-20 16:04:19.279 D/TunerPresenter(12107): handleTunerRawData: b1 0 0 22 a6 0 0 0 0 0 0 0 0 0 0 0 0 
02-20 16:04:19.280 D/K706RadioManager(17927): IMcuListener.onTransact: code=1 flags=16
02-20 16:04:19.282 D/K706RadioManager(17927): >>> IMcuListener.onMcuInfoChanged received! data=B1 00 00 22 A6 00 00 00 00 00 00 00 00 00 00 00 00 
02-20 16:04:19.282 D/TunerManagerForExt(12107): FMRadio main (TunerManagerForExt.java:147) onTunerPresetListChanged:  - mBand: 0 - mPresetIndex: 0 - mFrequency: 8870 - index: 0 - preset: 0 - index: 1 - preset: 0 - index: 2 - preset: 0 - index: 3 - preset: 0 - index: 4 - preset: 0 - index: 5 - preset: 0
02-20 16:04:19.283 D/K706RadioManager(17927): MCU[0xB1] len=17 : B1 00 00 22 A6 00 00 00 00 00 00 00 00 00 00 00 00 
02-20 16:04:19.283 D/K706RadioManager(17927): PresetList: band=0 presetIdx=0 currentFreq=8870 firstFreq=8870 (offset=3)
02-20 16:04:19.283 D/K706RadioManager(17927): PresetList: band reportada=0 (ignorada, mCurrentBand=0)
02-20 16:04:19.283 D/K706RadioManager(17927): >>> FREQ: 88650 -> 88700 (MCU=8870, 88,70 MHz)
02-20 16:04:19.328 E/mcu_services( 5539): MCU2APP : [ff fe fd 12 01 b1 00 00 22 ab 00 00 00 00 00 00 00 00 00 00 00 00 39 ff ]
02-20 16:04:19.330 D/TunerPresenter(12107): handleTunerRawData: b1 0 0 22 ab 0 0 0 0 0 0 0 0 0 0 0 0 
02-20 16:04:19.331 D/K706RadioManager(17927): IMcuListener.onTransact: code=1 flags=16
02-20 16:04:19.332 D/K706RadioManager(17927): >>> IMcuListener.onMcuInfoChanged received! data=B1 00 00 22 AB 00 00 00 00 00 00 00 00 00 00 00 00 
02-20 16:04:19.332 D/TunerManagerForExt(12107): FMRadio main (TunerManagerForExt.java:147) onTunerPresetListChanged:  - mBand: 0 - mPresetIndex: 0 - mFrequency: 8875 - index: 0 - preset: 0 - index: 1 - preset: 0 - index: 2 - preset: 0 - index: 3 - preset: 0 - index: 4 - preset: 0 - index: 5 - preset: 0
02-20 16:04:19.333 D/K706RadioManager(17927): MCU[0xB1] len=17 : B1 00 00 22 AB 00 00 00 00 00 00 00 00 00 00 00 00 
02-20 16:04:19.333 D/K706RadioManager(17927): PresetList: band=0 presetIdx=0 currentFreq=8875 firstFreq=8875 (offset=3)
02-20 16:04:19.333 D/K706RadioManager(17927): PresetList: band reportada=0 (ignorada, mCurrentBand=0)
02-20 16:04:19.333 D/K706RadioManager(17927): >>> FREQ: 88700 -> 88750 (MCU=8875, 88,75 MHz)
02-20 16:04:19.378 E/mcu_services( 5539): MCU2APP : [ff fe fd 12 01 b1 00 00 22 b0 00 00 00 00 00 00 00 00 00 00 00 00 22 ff ]
02-20 16:04:19.379 D/TunerPresenter(12107): handleTunerRawData: b1 0 0 22 b0 0 0 0 0 0 0 0 0 0 0 0 0 
02-20 16:04:19.380 D/K706RadioManager(17927): IMcuListener.onTransact: code=1 flags=16
02-20 16:04:19.382 D/K706RadioManager(17927): >>> IMcuListener.onMcuInfoChanged received! data=B1 00 00 22 B0 00 00 00 00 00 00 00 00 00 00 00 00 
02-20 16:04:19.382 D/TunerManagerForExt(12107): FMRadio main (TunerManagerForExt.java:147) onTunerPresetListChanged:  - mBand: 0 - mPresetIndex: 0 - mFrequency: 8880 - index: 0 - preset: 0 - index: 1 - preset: 0 - index: 2 - preset: 0 - index: 3 - preset: 0 - index: 4 - preset: 0 - index: 5 - preset: 0
02-20 16:04:19.383 D/K706RadioManager(17927): MCU[0xB1] len=17 : B1 00 00 22 B0 00 00 00 00 00 00 00 00 00 00 00 00 
02-20 16:04:19.383 D/K706RadioManager(17927): PresetList: band=0 presetIdx=0 currentFreq=8880 firstFreq=8880 (offset=3)
02-20 16:04:19.383 D/K706RadioManager(17927): PresetList: band reportada=0 (ignorada, mCurrentBand=0)
02-20 16:04:19.383 D/K706RadioManager(17927): >>> FREQ: 88750 -> 88800 (MCU=8880, 88,80 MHz)
02-20 16:04:19.427 E/mcu_services( 5539): MCU2APP : [ff fe fd 12 01 b1 00 00 22 b5 00 00 00 00 00 00 00 00 00 00 00 00 27 ff ]
02-20 16:04:19.429 D/TunerPresenter(12107): handleTunerRawData: b1 0 0 22 b5 0 0 0 0 0 0 0 0 0 0 0 0 
02-20 16:04:19.430 D/K706RadioManager(17927): IMcuListener.onTransact: code=1 flags=16
02-20 16:04:19.432 D/K706RadioManager(17927): >>> IMcuListener.onMcuInfoChanged received! data=B1 00 00 22 B5 00 00 00 00 00 00 00 00 00 00 00 00 
02-20 16:04:19.432 D/TunerManagerForExt(12107): FMRadio main (TunerManagerForExt.java:147) onTunerPresetListChanged:  - mBand: 0 - mPresetIndex: 0 - mFrequency: 8885 - index: 0 - preset: 0 - index: 1 - preset: 0 - index: 2 - preset: 0 - index: 3 - preset: 0 - index: 4 - preset: 0 - index: 5 - preset: 0
02-20 16:04:19.432 D/K706RadioManager(17927): MCU[0xB1] len=17 : B1 00 00 22 B5 00 00 00 00 00 00 00 00 00 00 00 00 
02-20 16:04:19.433 D/K706RadioManager(17927): PresetList: band=0 presetIdx=0 currentFreq=8885 firstFreq=8885 (offset=3)
02-20 16:04:19.433 D/K706RadioManager(17927): PresetList: band reportada=0 (ignorada, mCurrentBand=0)
02-20 16:04:19.433 D/K706RadioManager(17927): >>> FREQ: 88800 -> 88850 (MCU=8885, 88,85 MHz)
02-20 16:04:19.477 E/mcu_services( 5539): MCU2APP : [ff fe fd 12 01 b1 00 00 22 ba 00 00 00 00 00 00 00 00 00 00 00 00 28 ff ]
02-20 16:04:19.479 D/TunerPresenter(12107): handleTunerRawData: b1 0 0 22 ba 0 0 0 0 0 0 0 0 0 0 0 0 
02-20 16:04:19.482 D/K706RadioManager(17927): IMcuListener.onTransact: code=1 flags=16
02-20 16:04:19.482 D/TunerManagerForExt(12107): FMRadio main (TunerManagerForExt.java:147) onTunerPresetListChanged:  - mBand: 0 - mPresetIndex: 0 - mFrequency: 8890 - index: 0 - preset: 0 - index: 1 - preset: 0 - index: 2 - preset: 0 - index: 3 - preset: 0 - index: 4 - preset: 0 - index: 5 - preset: 0
02-20 16:04:19.483 E/mcu_services( 5539): APP2MCU - writeToUartNormal : [ff fd fe 05 01 a0 09 00 00 a8 ff ]
02-20 16:04:19.483 D/K706RadioManager(17927): >>> IMcuListener.onMcuInfoChanged received! data=B1 00 00 22 BA 00 00 00 00 00 00 00 00 00 00 00 00 
02-20 16:04:19.483 D/K706RadioManager(17927): CMD Enviado: sub=0x09 p1=0x00 p2=0x00
02-20 16:04:19.483 D/K706RadioManager(17927): StopScan fallback sendCmd (0x09)
02-20 16:04:19.484 D/K706RadioManager(17927): MCU[0xB1] len=17 : B1 00 00 22 BA 00 00 00 00 00 00 00 00 00 00 00 00 
02-20 16:04:19.484 D/K706RadioManager(17927): PresetList: band=0 presetIdx=0 currentFreq=8890 firstFreq=8890 (offset=3)
02-20 16:04:19.484 D/K706RadioManager(17927): PresetList: band reportada=0 (ignorada, mCurrentBand=0)
02-20 16:04:19.484 D/K706RadioManager(17927): >>> FREQ: 88850 -> 88900 (MCU=8890, 88,90 MHz)
02-20 16:04:19.488 E/mcu_services( 5539): MCU2APP : [ff fe fd 12 01 b1 00 00 22 ba 00 00 00 00 00 00 00 00 00 00 00 00 28 ff ]
02-20 16:04:19.491 D/K706RadioManager(17927): IMcuListener.onTransact: code=1 flags=16
02-20 16:04:19.492 D/K706RadioManager(17927): >>> IMcuListener.onMcuInfoChanged received! data=B1 00 00 22 BA 00 00 00 00 00 00 00 00 00 00 00 00 
02-20 16:04:19.493 D/K706RadioManager(17927): MCU[0xB1] len=17 : B1 00 00 22 BA 00 00 00 00 00 00 00 00 00 00 00 00 
02-20 16:04:19.494 D/K706RadioManager(17927): PresetList: band=0 presetIdx=0 currentFreq=8890 firstFreq=8890 (offset=3)
02-20 16:04:19.494 D/K706RadioManager(17927): PresetList: band reportada=0 (ignorada, mCurrentBand=0)
02-20 16:04:19.494 D/TunerPresenter(12107): handleTunerRawData: b1 0 0 22 ba 0 0 0 0 0 0 0 0 0 0 0 0 
02-20 16:04:19.497 D/TunerManagerForExt(12107): FMRadio main (TunerManagerForExt.java:147) onTunerPresetListChanged:  - mBand: 0 - mPresetIndex: 0 - mFrequency: 8890 - index: 0 - preset: 0 - index: 1 - preset: 0 - index: 2 - preset: 0 - index: 3 - preset: 0 - index: 4 - preset: 0 - index: 5 - preset: 0
02-20 16:04:19.555 E/mcu_services( 5539): MCU2APP : [ff fe fd 03 01 b4 00 b5 ff ]
02-20 16:04:19.556 E/mcu_services( 5539): sendAckSuccess : [ff fd fe 02 02 b4 b6 ff ]
02-20 16:04:19.556 E/mcu_services( 5539): APP2MCU - writeToUart: [ff fd fe 02 02 b4 b6 ff ]
02-20 16:04:19.557 D/TunerPresenter(12107): handleTunerRawData: b4 0 
02-20 16:04:19.557 D/TunerManagerForExt(12107): FMRadio main (TunerManagerForExt.java:195) onTuneRdsIndicateInfo: onTuneRdsIndicateInfo - flag: 0 - mRdsSwitch: 0
02-20 16:04:19.559 D/K706RadioManager(17927): IMcuListener.onTransact: code=1 flags=16
02-20 16:04:19.559 D/K706RadioManager(17927): >>> IMcuListener.onMcuInfoChanged received! data=B4 00 
02-20 16:04:19.559 D/K706RadioManager(17927): MCU[0xB4] len=2 : B4 00 
02-20 16:04:19.560 D/K706RadioManager(17927): RDS B4 Flags: 0x00
02-20 16:04:19.634 E/mcu_services( 5539): MCU2APP : [ff fe fd 03 01 b0 20 91 ff ]
02-20 16:04:19.635 D/TunerPresenter(12107): handleTunerRawData: b0 20 
02-20 16:04:19.636 D/TunerManagerForExt(12107): FMRadio main (TunerManagerForExt.java:108) onTunerInfoChanged: onTunerInfoChanged - flag: 32 - asFlag: 0 - psFlag: 0 - scanFlag: 0 - seekFlag: 0 - mStFlag: 0 - mLocFlag: 1 - mIsSearching: true - mTempSearching: true
02-20 16:04:19.636 D/TunerManagerForExt(12107): FMRadio main (TunerManagerForExt.java:118) onTunerInfoChanged: mIsSearching: false - mTempSearching: false - asFlag: 0 - seekFlag: 0
02-20 16:04:19.637 D/K706RadioManager(17927): IMcuListener.onTransact: code=1 flags=16
02-20 16:04:19.637 D/K706RadioManager(17927): >>> IMcuListener.onMcuInfoChanged received! data=B0 20 
02-20 16:04:19.637 D/K706RadioManager(17927): MCU[0xB0] len=2 : B0 20 
02-20 16:04:19.638 D/K706RadioManager(17927): TunerInfo: flags=0x20 save=false AS=false finish=false valid=true ST=false LOC=false seek=false scan=false
02-20 16:04:19.733 E/mcu_services( 5539): MCU2APP : [ff fe fd 03 01 29 6d 45 ff ]
02-20 16:04:19.736 D/K706RadioManager(17927): IMcuListener.onTransact: code=1 flags=16
02-20 16:04:19.736 D/K706RadioManager(17927): >>> IMcuListener.onMcuInfoChanged received! data=29 6D 
02-20 16:04:19.737 D/K706RadioManager(17927): MCU[0x29] len=2 : 29 6D 
02-20 16:04:19.737 D/K706RadioManager(17927): Unknown MCU packet type: 0x29
02-20 16:04:21.722 E/mcu_services( 5539): MCU2APP : [ff fe fd 03 01 29 6d 45 ff ]
02-20 16:04:21.724 D/K706RadioManager(17927): IMcuListener.onTransact: code=1 flags=16
02-20 16:04:21.725 D/K706RadioManager(17927): >>> IMcuListener.onMcuInfoChanged received! data=29 6D 
02-20 16:04:21.726 D/K706RadioManager(17927): MCU[0x29] len=2 : 29 6D 
02-20 16:04:21.726 D/K706RadioManager(17927): Unknown MCU packet type: 0x29
02-20 16:04:23.710 E/mcu_services( 5539): MCU2APP : [ff fe fd 03 01 29 6d 45 ff ]
02-20 16:04:23.713 D/K706RadioManager(17927): IMcuListener.onTransact: code=1 flags=16
02-20 16:04:23.714 D/K706RadioManager(17927): >>> IMcuListener.onMcuInfoChanged received! data=29 6D 
02-20 16:04:23.715 D/K706RadioManager(17927): MCU[0x29] len=2 : 29 6D 
02-20 16:04:23.715 D/K706RadioManager(17927): Unknown MCU packet type: 0x29
02-20 16:04:25.350 E/mcu_services( 5539): APP2MCU - writeToUartNormal : [ff fd fe 05 01 a0 0a 01 00 aa ff ]
02-20 16:04:25.350 D/K706RadioManager(17927): CMD Enviado: sub=0x0A p1=0x01 p2=0x00
02-20 16:04:25.350 D/K706RadioManager(17927): DX/Local toggle -> LOCAL sendCmd
02-20 16:04:25.699 E/mcu_services( 5539): MCU2APP : [ff fe fd 03 01 29 6d 45 ff ]
02-20 16:04:25.701 D/K706RadioManager(17927): IMcuListener.onTransact: code=1 flags=16
02-20 16:04:25.702 D/K706RadioManager(17927): >>> IMcuListener.onMcuInfoChanged received! data=29 6D 
02-20 16:04:25.702 D/K706RadioManager(17927): MCU[0x29] len=2 : 29 6D 
02-20 16:04:25.702 D/K706RadioManager(17927): Unknown MCU packet type: 0x29
02-20 16:04:26.557 E/mcu_services( 5539): APP2MCU - writeToUartNormal : [ff fd fe 05 01 a0 0a 00 00 ab ff ]
02-20 16:04:26.557 D/K706RadioManager(17927): CMD Enviado: sub=0x0A p1=0x00 p2=0x00
02-20 16:04:26.558 D/K706RadioManager(17927): DX/Local toggle -> DX sendCmd
02-20 16:04:26.621 E/mcu_services( 5539): MCU2APP : [ff fe fd 0c 01 b2 22 56 2a 26 02 12 06 ae 14 0a 6d ff ]
02-20 16:04:26.622 E/mcu_services( 5539): sendAckSuccess : [ff fd fe 02 02 b2 b0 ff ]
02-20 16:04:26.622 E/mcu_services( 5539): APP2MCU - writeToUart: [ff fd fe 02 02 b2 b0 ff ]
02-20 16:04:26.623 D/TunerPresenter(12107): handleTunerRawData: b2 22 56 2a 26 2 12 6 ae 14 a 
02-20 16:04:26.624 D/K706RadioManager(17927): IMcuListener.onTransact: code=1 flags=16
02-20 16:04:26.625 D/K706RadioManager(17927): >>> IMcuListener.onMcuInfoChanged received! data=B2 22 56 2A 26 02 12 06 AE 14 0A 
02-20 16:04:26.626 D/K706RadioManager(17927): MCU[0xB2] len=11 : B2 22 56 2A 26 02 12 06 AE 14 0A 
02-20 16:04:26.626 D/K706RadioManager(17927): Unknown MCU packet type: 0xB2
02-20 16:04:26.704 E/mcu_services( 5539): MCU2APP : [ff fe fd 12 01 b1 00 01 22 56 22 56 23 32 26 52 29 72 2a 26 22 56 f7 ff ]
02-20 16:04:26.707 D/TunerPresenter(12107): handleTunerRawData: b1 0 1 22 56 22 56 23 32 26 52 29 72 2a 26 22 56 
02-20 16:04:26.707 D/TunerManagerForExt(12107): FMRadio main (TunerManagerForExt.java:147) onTunerPresetListChanged:  - mBand: 0 - mPresetIndex: 1 - mFrequency: 8790 - index: 0 - preset: 8790 - index: 1 - preset: 9010 - index: 2 - preset: 9810 - index: 3 - preset: 10610 - index: 4 - preset: 10790 - index: 5 - preset: 8790
02-20 16:04:26.709 D/K706RadioManager(17927): IMcuListener.onTransact: code=1 flags=16
02-20 16:04:26.711 D/K706RadioManager(17927): >>> IMcuListener.onMcuInfoChanged received! data=B1 00 01 22 56 22 56 23 32 26 52 29 72 2A 26 22 56 
02-20 16:04:26.712 D/K706RadioManager(17927): MCU[0xB1] len=17 : B1 00 01 22 56 22 56 23 32 26 52 29 72 2A 26 22 56 
02-20 16:04:26.713 D/K706RadioManager(17927): PresetList: band=0 presetIdx=1 currentFreq=8790 firstFreq=8790 (offset=5)
02-20 16:04:26.713 D/K706RadioManager(17927): PresetList: band reportada=0 (ignorada, mCurrentBand=0)
02-20 16:04:26.713 D/K706RadioManager(17927): >>> FREQ: 88900 -> 87900 (MCU=8790, 87,90 MHz)
02-20 16:04:27.797 E/mcu_services( 5539): MCU2APP : [ff fe fd 03 01 29 6d 45 ff ]
02-20 16:04:27.800 D/K706RadioManager(17927): IMcuListener.onTransact: code=1 flags=16
02-20 16:04:27.801 D/K706RadioManager(17927): >>> IMcuListener.onMcuInfoChanged received! data=29 6D 
02-20 16:04:27.802 D/K706RadioManager(17927): MCU[0x29] len=2 : 29 6D 
02-20 16:04:27.802 D/K706RadioManager(17927): Unknown MCU packet type: 0x29
02-20 16:04:28.037 E/mcu_services( 5539): APP2MCU - writeToUartNormal : [ff fd fe 05 01 a0 0a 01 00 aa ff ]
02-20 16:04:28.038 D/K706RadioManager(17927): CMD Enviado: sub=0x0A p1=0x01 p2=0x00
02-20 16:04:28.038 D/K706RadioManager(17927): DX/Local toggle -> LOCAL sendCmd
02-20 16:04:28.103 E/mcu_services( 5539): MCU2APP : [ff fe fd 0c 01 b2 22 2e 2a 30 02 0a 06 54 05 09 f3 ff ]
02-20 16:04:28.103 E/mcu_services( 5539): sendAckSuccess : [ff fd fe 02 02 b2 b0 ff ]
02-20 16:04:28.103 E/mcu_services( 5539): APP2MCU - writeToUart: [ff fd fe 02 02 b2 b0 ff ]
02-20 16:04:28.105 D/TunerPresenter(12107): handleTunerRawData: b2 22 2e 2a 30 2 a 6 54 5 9 
02-20 16:04:28.107 D/K706RadioManager(17927): IMcuListener.onTransact: code=1 flags=16
02-20 16:04:28.108 D/K706RadioManager(17927): >>> IMcuListener.onMcuInfoChanged received! data=B2 22 2E 2A 30 02 0A 06 54 05 09 
02-20 16:04:28.109 D/K706RadioManager(17927): MCU[0xB2] len=11 : B2 22 2E 2A 30 02 0A 06 54 05 09 
02-20 16:04:28.109 D/K706RadioManager(17927): Unknown MCU packet type: 0xB2
02-20 16:04:28.206 E/mcu_services( 5539): MCU2APP : [ff fe fd 12 01 b1 00 01 22 2e 22 2e 23 32 26 52 29 72 2a 30 22 2e 99 ff ]
02-20 16:04:28.208 D/TunerPresenter(12107): handleTunerRawData: b1 0 1 22 2e 22 2e 23 32 26 52 29 72 2a 30 22 2e 
02-20 16:04:28.209 D/TunerManagerForExt(12107): FMRadio main (TunerManagerForExt.java:147) onTunerPresetListChanged:  - mBand: 0 - mPresetIndex: 1 - mFrequency: 8750 - index: 0 - preset: 8750 - index: 1 - preset: 9010 - index: 2 - preset: 9810 - index: 3 - preset: 10610 - index: 4 - preset: 10800 - index: 5 - preset: 8750
02-20 16:04:28.210 D/K706RadioManager(17927): IMcuListener.onTransact: code=1 flags=16
02-20 16:04:28.211 D/K706RadioManager(17927): >>> IMcuListener.onMcuInfoChanged received! data=B1 00 01 22 2E 22 2E 23 32 26 52 29 72 2A 30 22 2E 
02-20 16:04:28.213 D/K706RadioManager(17927): MCU[0xB1] len=17 : B1 00 01 22 2E 22 2E 23 32 26 52 29 72 2A 30 22 2E 
02-20 16:04:28.213 D/K706RadioManager(17927): PresetList: band=0 presetIdx=1 currentFreq=8750 firstFreq=8750 (offset=5)
02-20 16:04:28.213 D/K706RadioManager(17927): PresetList: band reportada=0 (ignorada, mCurrentBand=0)
02-20 16:04:28.213 D/K706RadioManager(17927): >>> FREQ: 87900 -> 87500 (MCU=8750, 87,50 MHz)
02-20 16:04:28.655 E/mcu_services( 5539): APP2MCU - writeToUartNormal : [ff fd fe 05 01 a0 0a 00 00 ab ff ]
02-20 16:04:28.655 D/K706RadioManager(17927): CMD Enviado: sub=0x0A p1=0x00 p2=0x00
02-20 16:04:28.656 D/K706RadioManager(17927): DX/Local toggle -> DX sendCmd
02-20 16:04:28.719 E/mcu_services( 5539): MCU2APP : [ff fe fd 0c 01 b2 22 56 2a 26 02 12 06 ae 14 0a 6d ff ]
02-20 16:04:28.720 E/mcu_services( 5539): sendAckSuccess : [ff fd fe 02 02 b2 b0 ff ]
02-20 16:04:28.720 E/mcu_services( 5539): APP2MCU - writeToUart: [ff fd fe 02 02 b2 b0 ff ]
02-20 16:04:28.721 D/TunerPresenter(12107): handleTunerRawData: b2 22 56 2a 26 2 12 6 ae 14 a 
02-20 16:04:28.723 D/K706RadioManager(17927): IMcuListener.onTransact: code=1 flags=16
02-20 16:04:28.723 D/K706RadioManager(17927): >>> IMcuListener.onMcuInfoChanged received! data=B2 22 56 2A 26 02 12 06 AE 14 0A 
02-20 16:04:28.724 D/K706RadioManager(17927): MCU[0xB2] len=11 : B2 22 56 2A 26 02 12 06 AE 14 0A 
02-20 16:04:28.724 D/K706RadioManager(17927): Unknown MCU packet type: 0xB2
02-20 16:04:28.812 E/mcu_services( 5539): MCU2APP : [ff fe fd 12 01 b1 00 01 22 56 22 56 23 32 26 52 29 72 2a 26 22 56 f7 ff ]
02-20 16:04:28.813 D/TunerPresenter(12107): handleTunerRawData: b1 0 1 22 56 22 56 23 32 26 52 29 72 2a 26 22 56 
02-20 16:04:28.814 D/TunerManagerForExt(12107): FMRadio main (TunerManagerForExt.java:147) onTunerPresetListChanged:  - mBand: 0 - mPresetIndex: 1 - mFrequency: 8790 - index: 0 - preset: 8790 - index: 1 - preset: 9010 - index: 2 - preset: 9810 - index: 3 - preset: 10610 - index: 4 - preset: 10790 - index: 5 - preset: 8790
02-20 16:04:28.814 D/K706RadioManager(17927): IMcuListener.onTransact: code=1 flags=16
02-20 16:04:28.816 D/K706RadioManager(17927): >>> IMcuListener.onMcuInfoChanged received! data=B1 00 01 22 56 22 56 23 32 26 52 29 72 2A 26 22 56 
02-20 16:04:28.817 D/K706RadioManager(17927): MCU[0xB1] len=17 : B1 00 01 22 56 22 56 23 32 26 52 29 72 2A 26 22 56 
02-20 16:04:28.817 D/K706RadioManager(17927): PresetList: band=0 presetIdx=1 currentFreq=8790 firstFreq=8790 (offset=5)
02-20 16:04:28.817 D/K706RadioManager(17927): PresetList: band reportada=0 (ignorada, mCurrentBand=0)
02-20 16:04:28.817 D/K706RadioManager(17927): >>> FREQ: 87500 -> 87900 (MCU=8790, 87,90 MHz)
02-20 16:04:30.004 E/mcu_services( 5539): MCU2APP : [ff fe fd 03 01 29 6d 45 ff ]
02-20 16:04:30.007 D/K706RadioManager(17927): IMcuListener.onTransact: code=1 flags=16
02-20 16:04:30.008 D/K706RadioManager(17927): >>> IMcuListener.onMcuInfoChanged received! data=29 6D 
02-20 16:04:30.008 D/K706RadioManager(17927): MCU[0x29] len=2 : 29 6D 
02-20 16:04:30.008 D/K706RadioManager(17927): Unknown MCU packet type: 0x29
02-20 16:04:30.514 E/mcu_services( 5539): APP2MCU - writeToUartNormal : [ff fd fe 05 01 a0 00 22 38 bb ff ]
02-20 16:04:30.515 D/K706RadioManager(17927): CMD Enviado: sub=0x00 p1=0x22 p2=0x38
02-20 16:04:30.515 D/K706RadioManager(17927): gotoFreq: input=87600 mcuFreq=8760 (h=0x22 l=0x38)
02-20 16:04:30.577 E/mcu_services( 5539): MCU2APP : [ff fe fd 03 01 b0 20 91 ff ]
02-20 16:04:30.578 D/TunerPresenter(12107): handleTunerRawData: b0 20 
02-20 16:04:30.578 D/TunerManagerForExt(12107): FMRadio main (TunerManagerForExt.java:108) onTunerInfoChanged: onTunerInfoChanged - flag: 32 - asFlag: 0 - psFlag: 0 - scanFlag: 0 - seekFlag: 0 - mStFlag: 0 - mLocFlag: 1 - mIsSearching: false - mTempSearching: false
02-20 16:04:30.579 D/TunerManagerForExt(12107): FMRadio main (TunerManagerForExt.java:118) onTunerInfoChanged: mIsSearching: false - mTempSearching: false - asFlag: 0 - seekFlag: 0
02-20 16:04:30.579 D/K706RadioManager(17927): IMcuListener.onTransact: code=1 flags=16
02-20 16:04:30.580 D/K706RadioManager(17927): >>> IMcuListener.onMcuInfoChanged received! data=B0 20 
02-20 16:04:30.580 D/K706RadioManager(17927): MCU[0xB0] len=2 : B0 20 
02-20 16:04:30.580 D/K706RadioManager(17927): TunerInfo: flags=0x20 save=false AS=false finish=false valid=true ST=false LOC=false seek=false scan=false
02-20 16:04:32.102 E/mcu_services( 5539): MCU2APP : [ff fe fd 03 01 29 6d 45 ff ]
02-20 16:04:32.106 D/K706RadioManager(17927): IMcuListener.onTransact: code=1 flags=16
02-20 16:04:32.107 D/K706RadioManager(17927): >>> IMcuListener.onMcuInfoChanged received! data=29 6D 
02-20 16:04:32.107 D/K706RadioManager(17927): MCU[0x29] len=2 : 29 6D 
02-20 16:04:32.107 D/K706RadioManager(17927): Unknown MCU packet type: 0x29
02-20 16:04:33.101 E/mcu_services( 5539): APP2MCU - writeToUartNormal : [ff fd fe 05 01 a0 00 22 ce 4d ff ]
02-20 16:04:33.101 D/K706RadioManager(17927): CMD Enviado: sub=0x00 p1=0x22 p2=0xCE
02-20 16:04:33.102 D/K706RadioManager(17927): gotoFreq: input=89100 mcuFreq=8910 (h=0x22 l=0xCE)
02-20 16:04:33.163 E/mcu_services( 5539): MCU2APP : [ff fe fd 03 01 b0 20 91 ff ]
02-20 16:04:33.164 D/TunerPresenter(12107): handleTunerRawData: b0 20 
02-20 16:04:33.164 D/TunerManagerForExt(12107): FMRadio main (TunerManagerForExt.java:108) onTunerInfoChanged: onTunerInfoChanged - flag: 32 - asFlag: 0 - psFlag: 0 - scanFlag: 0 - seekFlag: 0 - mStFlag: 0 - mLocFlag: 1 - mIsSearching: false - mTempSearching: false
02-20 16:04:33.164 D/TunerManagerForExt(12107): FMRadio main (TunerManagerForExt.java:118) onTunerInfoChanged: mIsSearching: false - mTempSearching: false - asFlag: 0 - seekFlag: 0
02-20 16:04:33.165 D/K706RadioManager(17927): IMcuListener.onTransact: code=1 flags=16
02-20 16:04:33.166 D/K706RadioManager(17927): >>> IMcuListener.onMcuInfoChanged received! data=B0 20 
02-20 16:04:33.166 D/K706RadioManager(17927): MCU[0xB0] len=2 : B0 20 
02-20 16:04:33.166 D/K706RadioManager(17927): TunerInfo: flags=0x20 save=false AS=false finish=false valid=true ST=false LOC=false seek=false scan=false
02-20 16:04:33.307 E/mcu_services( 5539): MCU2APP : [ff fe fd 12 01 b1 00 00 22 ce 22 56 23 32 26 52 29 72 2a 26 22 56 6e ff ]
02-20 16:04:33.308 D/TunerPresenter(12107): handleTunerRawData: b1 0 0 22 ce 22 56 23 32 26 52 29 72 2a 26 22 56 
02-20 16:04:33.309 D/TunerManagerForExt(12107): FMRadio main (TunerManagerForExt.java:147) onTunerPresetListChanged:  - mBand: 0 - mPresetIndex: 0 - mFrequency: 8910 - index: 0 - preset: 8790 - index: 1 - preset: 9010 - index: 2 - preset: 9810 - index: 3 - preset: 10610 - index: 4 - preset: 10790 - index: 5 - preset: 8790
02-20 16:04:33.309 D/K706RadioManager(17927): IMcuListener.onTransact: code=1 flags=16
02-20 16:04:33.311 D/K706RadioManager(17927): >>> IMcuListener.onMcuInfoChanged received! data=B1 00 00 22 CE 22 56 23 32 26 52 29 72 2A 26 22 56 
02-20 16:04:33.312 D/K706RadioManager(17927): MCU[0xB1] len=17 : B1 00 00 22 CE 22 56 23 32 26 52 29 72 2A 26 22 56 
02-20 16:04:33.312 D/K706RadioManager(17927): PresetList: band=0 presetIdx=0 currentFreq=8910 firstFreq=8910 (offset=3)
02-20 16:04:33.312 D/K706RadioManager(17927): PresetList: band reportada=0 (ignorada, mCurrentBand=0)
02-20 16:04:33.398 E/mcu_services( 5539): MCU2APP : [ff fe fd 03 01 b4 04 b1 ff ]
02-20 16:04:33.398 E/mcu_services( 5539): MCU2APP : [ff fe fd 04 01 b5 01 0a bf ff ]
02-20 16:04:33.398 E/mcu_services( 5539): sendAckSuccess : [ff fd fe 02 02 b4 b6 ff ]
02-20 16:04:33.398 E/mcu_services( 5539): APP2MCU - writeToUart: [ff fd fe 02 02 b4 b6 ff ]
02-20 16:04:33.399 E/mcu_services( 5539): sendAckSuccess : [ff fd fe 02 02 b5 b7 ff ]
02-20 16:04:33.399 E/mcu_services( 5539): APP2MCU - writeToUart: [ff fd fe 02 02 b5 b7 ff ]
02-20 16:04:33.399 D/TunerPresenter(12107): handleTunerRawData: b4 4 
02-20 16:04:33.400 D/TunerManagerForExt(12107): FMRadio main (TunerManagerForExt.java:195) onTuneRdsIndicateInfo: onTuneRdsIndicateInfo - flag: 4 - mRdsSwitch: 1
02-20 16:04:33.401 D/K706RadioManager(17927): IMcuListener.onTransact: code=1 flags=16
02-20 16:04:33.401 D/K706RadioManager(17927): >>> IMcuListener.onMcuInfoChanged received! data=B4 04 
02-20 16:04:33.402 D/K706RadioManager(17927): MCU[0xB4] len=2 : B4 04 
02-20 16:04:33.402 D/K706RadioManager(17927): RDS B4 Flags: 0x04
02-20 16:04:33.403 D/TunerPresenter(12107): handleTunerRawData: b5 1 a 
02-20 16:04:33.404 D/TunerManagerForExt(12107): FMRadio main (TunerManagerForExt.java:220) onTuneRdsPtyTypeInfo: onTuneRdsPtyTypeInfo - mRdsPtyType: 1
02-20 16:04:33.404 D/K706RadioManager(17927): IMcuListener.onTransact: code=1 flags=16
02-20 16:04:33.405 D/K706RadioManager(17927): >>> IMcuListener.onMcuInfoChanged received! data=B5 01 0A 
02-20 16:04:33.405 D/K706RadioManager(17927): MCU[0xB5] len=3 : B5 01 0A 
02-20 16:04:33.405 D/K706RadioManager(17927): RDS PTY (0xB5): 1 (raw=B5 01 0A )
02-20 16:04:33.802 E/mcu_services( 5539): MCU2APP : [ff fe fd 03 01 b0 30 81 ff ]
02-20 16:04:33.804 D/TunerPresenter(12107): handleTunerRawData: b0 30 
02-20 16:04:33.804 D/TunerManagerForExt(12107): FMRadio main (TunerManagerForExt.java:108) onTunerInfoChanged: onTunerInfoChanged - flag: 48 - asFlag: 0 - psFlag: 0 - scanFlag: 0 - seekFlag: 0 - mStFlag: 1 - mLocFlag: 1 - mIsSearching: false - mTempSearching: false
02-20 16:04:33.804 D/TunerManagerForExt(12107): FMRadio main (TunerManagerForExt.java:118) onTunerInfoChanged: mIsSearching: false - mTempSearching: false - asFlag: 0 - seekFlag: 0
02-20 16:04:33.805 D/K706RadioManager(17927): IMcuListener.onTransact: code=1 flags=16
02-20 16:04:33.806 D/K706RadioManager(17927): >>> IMcuListener.onMcuInfoChanged received! data=B0 30 
02-20 16:04:33.806 D/K706RadioManager(17927): MCU[0xB0] len=2 : B0 30 
02-20 16:04:33.807 D/K706RadioManager(17927): TunerInfo: flags=0x30 save=false AS=false finish=true valid=true ST=false LOC=false seek=false scan=false
02-20 16:04:34.200 E/mcu_services( 5539): MCU2APP : [ff fe fd 03 01 29 6d 45 ff ]
02-20 16:04:34.203 D/K706RadioManager(17927): IMcuListener.onTransact: code=1 flags=16
02-20 16:04:34.204 D/K706RadioManager(17927): >>> IMcuListener.onMcuInfoChanged received! data=29 6D 
02-20 16:04:34.204 D/K706RadioManager(17927): MCU[0x29] len=2 : 29 6D 
02-20 16:04:34.205 D/K706RadioManager(17927): Unknown MCU packet type: 0x29
02-20 16:04:34.831 E/mcu_services( 5539): APP2MCU - writeToUartNormal : [ff fd fe 05 01 a0 00 22 38 bb ff ]
02-20 16:04:34.832 D/K706RadioManager(17927): CMD Enviado: sub=0x00 p1=0x22 p2=0x38
02-20 16:04:34.832 D/K706RadioManager(17927): gotoFreq: input=87600 mcuFreq=8760 (h=0x22 l=0x38)
02-20 16:04:34.892 E/mcu_services( 5539): MCU2APP : [ff fe fd 03 01 b0 30 81 ff ]
02-20 16:04:34.894 D/TunerPresenter(12107): handleTunerRawData: b0 30 
02-20 16:04:34.894 D/TunerManagerForExt(12107): FMRadio main (TunerManagerForExt.java:108) onTunerInfoChanged: onTunerInfoChanged - flag: 48 - asFlag: 0 - psFlag: 0 - scanFlag: 0 - seekFlag: 0 - mStFlag: 1 - mLocFlag: 1 - mIsSearching: false - mTempSearching: false
02-20 16:04:34.895 D/TunerManagerForExt(12107): FMRadio main (TunerManagerForExt.java:118) onTunerInfoChanged: mIsSearching: false - mTempSearching: false - asFlag: 0 - seekFlag: 0
02-20 16:04:34.895 D/K706RadioManager(17927): IMcuListener.onTransact: code=1 flags=16
02-20 16:04:34.896 D/K706RadioManager(17927): >>> IMcuListener.onMcuInfoChanged received! data=B0 30 
02-20 16:04:34.896 D/K706RadioManager(17927): MCU[0xB0] len=2 : B0 30 
02-20 16:04:34.896 D/K706RadioManager(17927): TunerInfo: flags=0x30 save=false AS=false finish=true valid=true ST=false LOC=false seek=false scan=false
02-20 16:04:34.958 E/mcu_services( 5539): MCU2APP : [ff fe fd 03 01 b4 00 b5 ff ]
02-20 16:04:34.958 E/mcu_services( 5539): sendAckSuccess : [ff fd fe 02 02 b4 b6 ff ]
02-20 16:04:34.958 E/mcu_services( 5539): APP2MCU - writeToUart: [ff fd fe 02 02 b4 b6 ff ]
02-20 16:04:34.960 D/TunerPresenter(12107): handleTunerRawData: b4 0 
02-20 16:04:34.960 D/TunerManagerForExt(12107): FMRadio main (TunerManagerForExt.java:195) onTuneRdsIndicateInfo: onTuneRdsIndicateInfo - flag: 0 - mRdsSwitch: 0
02-20 16:04:34.962 D/K706RadioManager(17927): IMcuListener.onTransact: code=1 flags=16
02-20 16:04:34.962 D/K706RadioManager(17927): >>> IMcuListener.onMcuInfoChanged received! data=B4 00 
02-20 16:04:34.963 D/K706RadioManager(17927): MCU[0xB4] len=2 : B4 00 
02-20 16:04:34.963 D/K706RadioManager(17927): RDS B4 Flags: 0x00
02-20 16:04:35.007 E/mcu_services( 5539): MCU2APP : [ff fe fd 12 01 b1 00 01 22 56 22 56 23 32 26 52 29 72 2a 26 22 56 f7 ff ]
02-20 16:04:35.008 D/TunerPresenter(12107): handleTunerRawData: b1 0 1 22 56 22 56 23 32 26 52 29 72 2a 26 22 56 
02-20 16:04:35.009 D/TunerManagerForExt(12107): FMRadio main (TunerManagerForExt.java:147) onTunerPresetListChanged:  - mBand: 0 - mPresetIndex: 1 - mFrequency: 8790 - index: 0 - preset: 8790 - index: 1 - preset: 9010 - index: 2 - preset: 9810 - index: 3 - preset: 10610 - index: 4 - preset: 10790 - index: 5 - preset: 8790
02-20 16:04:35.009 D/K706RadioManager(17927): IMcuListener.onTransact: code=1 flags=16
02-20 16:04:35.010 D/K706RadioManager(17927): >>> IMcuListener.onMcuInfoChanged received! data=B1 00 01 22 56 22 56 23 32 26 52 29 72 2A 26 22 56 
02-20 16:04:35.011 D/K706RadioManager(17927): MCU[0xB1] len=17 : B1 00 01 22 56 22 56 23 32 26 52 29 72 2A 26 22 56 
02-20 16:04:35.011 D/K706RadioManager(17927): PresetList: band=0 presetIdx=1 currentFreq=8790 firstFreq=8790 (offset=5)
02-20 16:04:35.011 D/K706RadioManager(17927): PresetList: band reportada=0 (ignorada, mCurrentBand=0)
02-20 16:04:35.012 D/K706RadioManager(17927): >>> FREQ: 87600 -> 87900 (MCU=8790, 87,90 MHz)
02-20 16:04:35.404 E/mcu_services( 5539): MCU2APP : [ff fe fd 03 01 b0 20 91 ff ]
02-20 16:04:35.405 D/TunerPresenter(12107): handleTunerRawData: b0 20 
02-20 16:04:35.405 D/TunerManagerForExt(12107): FMRadio main (TunerManagerForExt.java:108) onTunerInfoChanged: onTunerInfoChanged - flag: 32 - asFlag: 0 - psFlag: 0 - scanFlag: 0 - seekFlag: 0 - mStFlag: 0 - mLocFlag: 1 - mIsSearching: false - mTempSearching: false
02-20 16:04:35.405 D/TunerManagerForExt(12107): FMRadio main (TunerManagerForExt.java:118) onTunerInfoChanged: mIsSearching: false - mTempSearching: false - asFlag: 0 - seekFlag: 0
02-20 16:04:35.406 D/K706RadioManager(17927): IMcuListener.onTransact: code=1 flags=16
02-20 16:04:35.407 D/K706RadioManager(17927): >>> IMcuListener.onMcuInfoChanged received! data=B0 20 
02-20 16:04:35.407 D/K706RadioManager(17927): MCU[0xB0] len=2 : B0 20 
02-20 16:04:35.408 D/K706RadioManager(17927): TunerInfo: flags=0x20 save=false AS=false finish=false valid=true ST=false LOC=false seek=false scan=false
02-20 16:04:36.298 E/mcu_services( 5539): MCU2APP : [ff fe fd 03 01 29 6d 45 ff ]
02-20 16:04:36.302 D/K706RadioManager(17927): IMcuListener.onTransact: code=1 flags=16
02-20 16:04:36.303 D/K706RadioManager(17927): >>> IMcuListener.onMcuInfoChanged received! data=29 6D 
02-20 16:04:36.303 D/K706RadioManager(17927): MCU[0x29] len=2 : 29 6D 
02-20 16:04:36.303 D/K706RadioManager(17927): Unknown MCU packet type: 0x29
02-20 16:04:36.687 E/mcu_services( 5539): APP2MCU - writeToUartNormal : [ff fd fe 05 01 a0 0a 01 00 aa ff ]
02-20 16:04:36.688 D/K706RadioManager(17927): CMD Enviado: sub=0x0A p1=0x01 p2=0x00
02-20 16:04:36.688 D/K706RadioManager(17927): DX/Local toggle -> LOCAL sendCmd
02-20 16:04:36.754 E/mcu_services( 5539): MCU2APP : [ff fe fd 0c 01 b2 22 2e 2a 30 02 0a 06 54 05 09 f3 ff ]
02-20 16:04:36.754 E/mcu_services( 5539): sendAckSuccess : [ff fd fe 02 02 b2 b0 ff ]
02-20 16:04:36.754 E/mcu_services( 5539): APP2MCU - writeToUart: [ff fd fe 02 02 b2 b0 ff ]
02-20 16:04:36.756 D/TunerPresenter(12107): handleTunerRawData: b2 22 2e 2a 30 2 a 6 54 5 9 
02-20 16:04:36.758 D/K706RadioManager(17927): IMcuListener.onTransact: code=1 flags=16
02-20 16:04:36.759 D/K706RadioManager(17927): >>> IMcuListener.onMcuInfoChanged received! data=B2 22 2E 2A 30 02 0A 06 54 05 09 
02-20 16:04:36.760 D/K706RadioManager(17927): MCU[0xB2] len=11 : B2 22 2E 2A 30 02 0A 06 54 05 09 
02-20 16:04:36.761 D/K706RadioManager(17927): Unknown MCU packet type: 0xB2
02-20 16:04:36.819 E/mcu_services( 5539): MCU2APP : [ff fe fd 12 01 b1 00 01 22 2e 22 2e 23 32 26 52 29 72 2a 30 22 2e 99 ff ]
02-20 16:04:36.821 D/TunerPresenter(12107): handleTunerRawData: b1 0 1 22 2e 22 2e 23 32 26 52 29 72 2a 30 22 2e 
02-20 16:04:36.822 D/TunerManagerForExt(12107): FMRadio main (TunerManagerForExt.java:147) onTunerPresetListChanged:  - mBand: 0 - mPresetIndex: 1 - mFrequency: 8750 - index: 0 - preset: 8750 - index: 1 - preset: 9010 - index: 2 - preset: 9810 - index: 3 - preset: 10610 - index: 4 - preset: 10800 - index: 5 - preset: 8750
02-20 16:04:36.823 D/K706RadioManager(17927): IMcuListener.onTransact: code=1 flags=16
02-20 16:04:36.824 D/K706RadioManager(17927): >>> IMcuListener.onMcuInfoChanged received! data=B1 00 01 22 2E 22 2E 23 32 26 52 29 72 2A 30 22 2E 
02-20 16:04:36.825 D/K706RadioManager(17927): MCU[0xB1] len=17 : B1 00 01 22 2E 22 2E 23 32 26 52 29 72 2A 30 22 2E 
02-20 16:04:36.825 D/K706RadioManager(17927): PresetList: band=0 presetIdx=1 currentFreq=8750 firstFreq=8750 (offset=5)
02-20 16:04:36.825 D/K706RadioManager(17927): PresetList: band reportada=0 (ignorada, mCurrentBand=0)
02-20 16:04:36.825 D/K706RadioManager(17927): >>> FREQ: 87900 -> 87500 (MCU=8750, 87,50 MHz)
02-20 16:04:37.658 E/mcu_services( 5539): APP2MCU - writeToUartNormal : [ff fd fe 05 01 a0 00 22 38 bb ff ]
02-20 16:04:37.660 D/K706RadioManager(17927): CMD Enviado: sub=0x00 p1=0x22 p2=0x38
02-20 16:04:37.660 D/K706RadioManager(17927): gotoFreq: input=87600 mcuFreq=8760 (h=0x22 l=0x38)
02-20 16:04:37.726 E/mcu_services( 5539): MCU2APP : [ff fe fd 03 01 b0 20 91 ff ]
02-20 16:04:37.727 D/TunerPresenter(12107): handleTunerRawData: b0 20 
02-20 16:04:37.728 D/TunerManagerForExt(12107): FMRadio main (TunerManagerForExt.java:108) onTunerInfoChanged: onTunerInfoChanged - flag: 32 - asFlag: 0 - psFlag: 0 - scanFlag: 0 - seekFlag: 0 - mStFlag: 0 - mLocFlag: 1 - mIsSearching: false - mTempSearching: false
02-20 16:04:37.728 D/TunerManagerForExt(12107): FMRadio main (TunerManagerForExt.java:118) onTunerInfoChanged: mIsSearching: false - mTempSearching: false - asFlag: 0 - seekFlag: 0
02-20 16:04:37.728 D/K706RadioManager(17927): IMcuListener.onTransact: code=1 flags=16
02-20 16:04:37.729 D/K706RadioManager(17927): >>> IMcuListener.onMcuInfoChanged received! data=B0 20 
02-20 16:04:37.729 D/K706RadioManager(17927): MCU[0xB0] len=2 : B0 20 
02-20 16:04:37.729 D/K706RadioManager(17927): TunerInfo: flags=0x20 save=false AS=false finish=false valid=true ST=false LOC=false seek=false scan=false
02-20 16:04:37.811 E/mcu_services( 5539): MCU2APP : [ff fe fd 12 01 b1 00 00 22 38 22 2e 23 32 26 52 29 72 2a 30 22 2e 8e ff ]
02-20 16:04:37.812 D/TunerPresenter(12107): handleTunerRawData: b1 0 0 22 38 22 2e 23 32 26 52 29 72 2a 30 22 2e 
02-20 16:04:37.813 D/TunerManagerForExt(12107): FMRadio main (TunerManagerForExt.java:147) onTunerPresetListChanged:  - mBand: 0 - mPresetIndex: 0 - mFrequency: 8760 - index: 0 - preset: 8750 - index: 1 - preset: 9010 - index: 2 - preset: 9810 - index: 3 - preset: 10610 - index: 4 - preset: 10800 - index: 5 - preset: 8750
02-20 16:04:37.813 D/K706RadioManager(17927): IMcuListener.onTransact: code=1 flags=16
02-20 16:04:37.815 D/K706RadioManager(17927): >>> IMcuListener.onMcuInfoChanged received! data=B1 00 00 22 38 22 2E 23 32 26 52 29 72 2A 30 22 2E 
02-20 16:04:37.816 D/K706RadioManager(17927): MCU[0xB1] len=17 : B1 00 00 22 38 22 2E 23 32 26 52 29 72 2A 30 22 2E 
02-20 16:04:37.816 D/K706RadioManager(17927): PresetList: band=0 presetIdx=0 currentFreq=8760 firstFreq=8760 (offset=3)
02-20 16:04:37.816 D/K706RadioManager(17927): PresetList: band reportada=0 (ignorada, mCurrentBand=0)
02-20 16:04:38.021 E/mcu_services( 5539): MCU2APP : [ff fe fd 03 01 b4 05 b0 ff ]
02-20 16:04:38.021 E/mcu_services( 5539): MCU2APP : [ff fe fd 04 01 b5 01 0b be ff ]
02-20 16:04:38.022 E/mcu_services( 5539): sendAckSuccess : [ff fd fe 02 02 b4 b6 ff ]
02-20 16:04:38.022 E/mcu_services( 5539): APP2MCU - writeToUart: [ff fd fe 02 02 b4 b6 ff ]
02-20 16:04:38.022 E/mcu_services( 5539): sendAckSuccess : [ff fd fe 02 02 b5 b7 ff ]
02-20 16:04:38.022 E/mcu_services( 5539): APP2MCU - writeToUart: [ff fd fe 02 02 b5 b7 ff ]
02-20 16:04:38.023 D/TunerPresenter(12107): handleTunerRawData: b4 5 
02-20 16:04:38.023 D/TunerManagerForExt(12107): FMRadio main (TunerManagerForExt.java:195) onTuneRdsIndicateInfo: onTuneRdsIndicateInfo - flag: 5 - mRdsSwitch: 1
02-20 16:04:38.024 D/K706RadioManager(17927): IMcuListener.onTransact: code=1 flags=16
02-20 16:04:38.024 D/K706RadioManager(17927): >>> IMcuListener.onMcuInfoChanged received! data=B4 05 
02-20 16:04:38.024 D/K706RadioManager(17927): MCU[0xB4] len=2 : B4 05 
02-20 16:04:38.024 D/K706RadioManager(17927): RDS B4 Flags: 0x05
02-20 16:04:38.026 D/TunerPresenter(12107): handleTunerRawData: b5 1 b 
02-20 16:04:38.026 D/TunerManagerForExt(12107): FMRadio main (TunerManagerForExt.java:220) onTuneRdsPtyTypeInfo: onTuneRdsPtyTypeInfo - mRdsPtyType: 1
02-20 16:04:38.027 D/K706RadioManager(17927): IMcuListener.onTransact: code=1 flags=16
02-20 16:04:38.027 D/K706RadioManager(17927): >>> IMcuListener.onMcuInfoChanged received! data=B5 01 0B 
02-20 16:04:38.028 D/K706RadioManager(17927): MCU[0xB5] len=3 : B5 01 0B 
02-20 16:04:38.028 D/K706RadioManager(17927): RDS PTY (0xB5): 1 (raw=B5 01 0B )
02-20 16:04:38.108 E/mcu_services( 5539): MCU2APP : [ff fe fd 03 01 b0 30 81 ff ]
02-20 16:04:38.109 D/TunerPresenter(12107): handleTunerRawData: b0 30 
02-20 16:04:38.110 D/TunerManagerForExt(12107): FMRadio main (TunerManagerForExt.java:108) onTunerInfoChanged: onTunerInfoChanged - flag: 48 - asFlag: 0 - psFlag: 0 - scanFlag: 0 - seekFlag: 0 - mStFlag: 1 - mLocFlag: 1 - mIsSearching: false - mTempSearching: false
02-20 16:04:38.110 D/TunerManagerForExt(12107): FMRadio main (TunerManagerForExt.java:118) onTunerInfoChanged: mIsSearching: false - mTempSearching: false - asFlag: 0 - seekFlag: 0
02-20 16:04:38.111 D/K706RadioManager(17927): IMcuListener.onTransact: code=1 flags=16
02-20 16:04:38.111 D/K706RadioManager(17927): >>> IMcuListener.onMcuInfoChanged received! data=B0 30 
02-20 16:04:38.111 D/K706RadioManager(17927): MCU[0xB0] len=2 : B0 30 
02-20 16:04:38.111 D/K706RadioManager(17927): TunerInfo: flags=0x30 save=false AS=false finish=true valid=true ST=false LOC=false seek=false scan=false
02-20 16:04:38.506 E/mcu_services( 5539): MCU2APP : [ff fe fd 03 01 29 6d 45 ff ]
02-20 16:04:38.508 D/K706RadioManager(17927): IMcuListener.onTransact: code=1 flags=16
02-20 16:04:38.509 D/K706RadioManager(17927): >>> IMcuListener.onMcuInfoChanged received! data=29 6D 
02-20 16:04:38.509 D/K706RadioManager(17927): MCU[0x29] len=2 : 29 6D 
02-20 16:04:38.509 D/K706RadioManager(17927): Unknown MCU packet type: 0x29
02-20 16:04:40.010 E/mcu_services( 5539): MCU2APP : [ff fe fd 0a 01 b6 20 52 4f 43 4b 20 46 4d a9 ff ]
02-20 16:04:40.010 E/mcu_services( 5539): sendAckSuccess : [ff fd fe 02 02 b6 b4 ff ]
02-20 16:04:40.010 E/mcu_services( 5539): APP2MCU - writeToUart: [ff fd fe 02 02 b6 b4 ff ]
02-20 16:04:40.012 D/TunerPresenter(12107): handleTunerRawData: b6 20 52 4f 43 4b 20 46 4d 
02-20 16:04:40.012 D/TunerManagerForExt(12107): FMRadio main (TunerManagerForExt.java:234) onTuneRdsPSInfo: onTuneRdsPSInfo - len: 9 - data: b6 20 52 4f 43 4b 20 46 4d 
02-20 16:04:40.012 D/TunerManagerForExt(12107): FMRadio main (TunerManagerForExt.java:258) onTuneRdsPSInfo: onTuneRdsPSInfo - mRdsPsInfo:  ROCK FM
02-20 16:04:40.013 D/K706RadioManager(17927): IMcuListener.onTransact: code=1 flags=16
02-20 16:04:40.014 D/K706RadioManager(17927): >>> IMcuListener.onMcuInfoChanged received! data=B6 20 52 4F 43 4B 20 46 4D 
02-20 16:04:40.014 D/K706RadioManager(17927): MCU[0xB6] len=9 : B6 20 52 4F 43 4B 20 46 4D 
02-20 16:04:40.014 D/K706RadioManager(17927): RDS PS: 'ROCK FM'
02-20 16:04:40.494 E/mcu_services( 5539): MCU2APP : [ff fe fd 03 01 29 6d 45 ff ]
02-20 16:04:40.498 D/K706RadioManager(17927): IMcuListener.onTransact: code=1 flags=16
02-20 16:04:40.499 D/K706RadioManager(17927): >>> IMcuListener.onMcuInfoChanged received! data=29 6D 
02-20 16:04:40.499 D/K706RadioManager(17927): MCU[0x29] len=2 : 29 6D 
02-20 16:04:40.499 D/K706RadioManager(17927): Unknown MCU packet type: 0x29
02-20 16:04:42.483 E/mcu_services( 5539): MCU2APP : [ff fe fd 03 01 29 6d 45 ff ]
02-20 16:04:42.487 D/K706RadioManager(17927): IMcuListener.onTransact: code=1 flags=16
02-20 16:04:42.490 D/K706RadioManager(17927): >>> IMcuListener.onMcuInfoChanged received! data=29 6D 
02-20 16:04:42.491 D/K706RadioManager(17927): MCU[0x29] len=2 : 29 6D 
02-20 16:04:42.491 D/K706RadioManager(17927): Unknown MCU packet type: 0x29
02-20 16:04:44.472 E/mcu_services( 5539): MCU2APP : [ff fe fd 03 01 29 6d 45 ff ]
02-20 16:04:44.475 D/K706RadioManager(17927): IMcuListener.onTransact: code=1 flags=16
02-20 16:04:44.476 D/K706RadioManager(17927): >>> IMcuListener.onMcuInfoChanged received! data=29 6D 
02-20 16:04:44.477 D/K706RadioManager(17927): MCU[0x29] len=2 : 29 6D 
02-20 16:04:44.477 D/K706RadioManager(17927): Unknown MCU packet type: 0x29
02-20 16:04:44.633 E/mcu_services( 5539): APP2MCU - writeToUartNormal : [ff fd fe 05 01 a0 00 24 04 81 ff ]
02-20 16:04:44.634 D/K706RadioManager(17927): CMD Enviado: sub=0x00 p1=0x24 p2=0x04
02-20 16:04:44.634 D/K706RadioManager(17927): gotoFreq: input=92200 mcuFreq=9220 (h=0x24 l=0x04)
02-20 16:04:44.696 E/mcu_services( 5539): MCU2APP : [ff fe fd 03 01 b0 30 81 ff ]
02-20 16:04:44.698 D/TunerPresenter(12107): handleTunerRawData: b0 30 
02-20 16:04:44.698 D/TunerManagerForExt(12107): FMRadio main (TunerManagerForExt.java:108) onTunerInfoChanged: onTunerInfoChanged - flag: 48 - asFlag: 0 - psFlag: 0 - scanFlag: 0 - seekFlag: 0 - mStFlag: 1 - mLocFlag: 1 - mIsSearching: false - mTempSearching: false
02-20 16:04:44.699 D/TunerManagerForExt(12107): FMRadio main (TunerManagerForExt.java:118) onTunerInfoChanged: mIsSearching: false - mTempSearching: false - asFlag: 0 - seekFlag: 0
02-20 16:04:44.700 D/K706RadioManager(17927): IMcuListener.onTransact: code=1 flags=16
02-20 16:04:44.701 D/K706RadioManager(17927): >>> IMcuListener.onMcuInfoChanged received! data=B0 30 
02-20 16:04:44.701 D/K706RadioManager(17927): MCU[0xB0] len=2 : B0 30 
02-20 16:04:44.701 D/K706RadioManager(17927): TunerInfo: flags=0x30 save=false AS=false finish=true valid=true ST=false LOC=false seek=false scan=false
02-20 16:04:44.762 E/mcu_services( 5539): MCU2APP : [ff fe fd 03 01 b4 00 b5 ff ]
02-20 16:04:44.762 E/mcu_services( 5539): sendAckSuccess : [ff fd fe 02 02 b4 b6 ff ]
02-20 16:04:44.762 E/mcu_services( 5539): APP2MCU - writeToUart: [ff fd fe 02 02 b4 b6 ff ]
02-20 16:04:44.763 D/TunerPresenter(12107): handleTunerRawData: b4 0 
02-20 16:04:44.764 D/TunerManagerForExt(12107): FMRadio main (TunerManagerForExt.java:195) onTuneRdsIndicateInfo: onTuneRdsIndicateInfo - flag: 0 - mRdsSwitch: 0
02-20 16:04:44.766 D/K706RadioManager(17927): IMcuListener.onTransact: code=1 flags=16
02-20 16:04:44.766 D/K706RadioManager(17927): >>> IMcuListener.onMcuInfoChanged received! data=B4 00 
02-20 16:04:44.767 D/K706RadioManager(17927): MCU[0xB4] len=2 : B4 00 
02-20 16:04:44.767 D/K706RadioManager(17927): RDS B4 Flags: 0x00
02-20 16:04:44.781 E/mcu_services( 5539): MCU2APP : [ff fe fd 12 01 b1 00 00 24 04 22 2e 23 32 26 52 29 72 2a 30 22 2e b4 ff ]
02-20 16:04:44.783 D/TunerPresenter(12107): handleTunerRawData: b1 0 0 24 4 22 2e 23 32 26 52 29 72 2a 30 22 2e 
02-20 16:04:44.784 D/TunerManagerForExt(12107): FMRadio main (TunerManagerForExt.java:147) onTunerPresetListChanged:  - mBand: 0 - mPresetIndex: 0 - mFrequency: 9220 - index: 0 - preset: 8750 - index: 1 - preset: 9010 - index: 2 - preset: 9810 - index: 3 - preset: 10610 - index: 4 - preset: 10800 - index: 5 - preset: 8750
02-20 16:04:44.785 D/K706RadioManager(17927): IMcuListener.onTransact: code=1 flags=16
02-20 16:04:44.787 D/K706RadioManager(17927): >>> IMcuListener.onMcuInfoChanged received! data=B1 00 00 24 04 22 2E 23 32 26 52 29 72 2A 30 22 2E 
02-20 16:04:44.788 D/K706RadioManager(17927): MCU[0xB1] len=17 : B1 00 00 24 04 22 2E 23 32 26 52 29 72 2A 30 22 2E 
02-20 16:04:44.788 D/K706RadioManager(17927): PresetList: band=0 presetIdx=0 currentFreq=9220 firstFreq=9220 (offset=3)
02-20 16:04:44.788 D/K706RadioManager(17927): PresetList: band reportada=0 (ignorada, mCurrentBand=0)
02-20 16:04:45.827 E/mcu_services( 5539): MCU2APP : [ff fe fd 03 01 b4 05 b0 ff ]
02-20 16:04:45.827 E/mcu_services( 5539): MCU2APP : [ff fe fd 04 01 b5 01 0a bf ff ]
02-20 16:04:45.827 E/mcu_services( 5539): sendAckSuccess : [ff fd fe 02 02 b4 b6 ff ]
02-20 16:04:45.828 E/mcu_services( 5539): APP2MCU - writeToUart: [ff fd fe 02 02 b4 b6 ff ]
02-20 16:04:45.828 E/mcu_services( 5539): sendAckSuccess : [ff fd fe 02 02 b5 b7 ff ]
02-20 16:04:45.828 E/mcu_services( 5539): APP2MCU - writeToUart: [ff fd fe 02 02 b5 b7 ff ]
02-20 16:04:45.829 D/TunerPresenter(12107): handleTunerRawData: b4 5 
02-20 16:04:45.829 D/TunerManagerForExt(12107): FMRadio main (TunerManagerForExt.java:195) onTuneRdsIndicateInfo: onTuneRdsIndicateInfo - flag: 5 - mRdsSwitch: 1
02-20 16:04:45.831 D/K706RadioManager(17927): IMcuListener.onTransact: code=1 flags=16
02-20 16:04:45.831 D/K706RadioManager(17927): >>> IMcuListener.onMcuInfoChanged received! data=B4 05 
02-20 16:04:45.832 D/K706RadioManager(17927): MCU[0xB4] len=2 : B4 05 
02-20 16:04:45.832 D/K706RadioManager(17927): RDS B4 Flags: 0x05
02-20 16:04:45.833 D/TunerPresenter(12107): handleTunerRawData: b5 1 a 
02-20 16:04:45.834 D/TunerManagerForExt(12107): FMRadio main (TunerManagerForExt.java:220) onTuneRdsPtyTypeInfo: onTuneRdsPtyTypeInfo - mRdsPtyType: 1
02-20 16:04:45.834 D/K706RadioManager(17927): IMcuListener.onTransact: code=1 flags=16
02-20 16:04:45.835 D/K706RadioManager(17927): >>> IMcuListener.onMcuInfoChanged received! data=B5 01 0A 
02-20 16:04:45.835 D/K706RadioManager(17927): MCU[0xB5] len=3 : B5 01 0A 
02-20 16:04:45.835 D/K706RadioManager(17927): RDS PTY (0xB5): 1 (raw=B5 01 0A )
02-20 16:04:46.570 E/mcu_services( 5539): MCU2APP : [ff fe fd 03 01 29 6d 45 ff ]
02-20 16:04:46.573 D/K706RadioManager(17927): IMcuListener.onTransact: code=1 flags=16
02-20 16:04:46.574 D/K706RadioManager(17927): >>> IMcuListener.onMcuInfoChanged received! data=29 6D 
02-20 16:04:46.574 D/K706RadioManager(17927): MCU[0x29] len=2 : 29 6D 
02-20 16:04:46.574 D/K706RadioManager(17927): Unknown MCU packet type: 0x29
02-20 16:04:48.558 E/mcu_services( 5539): MCU2APP : [ff fe fd 03 01 29 6d 45 ff ]
02-20 16:04:48.562 D/K706RadioManager(17927): IMcuListener.onTransact: code=1 flags=16
02-20 16:04:48.562 D/K706RadioManager(17927): >>> IMcuListener.onMcuInfoChanged received! data=29 6D 
02-20 16:04:48.562 D/K706RadioManager(17927): MCU[0x29] len=2 : 29 6D 
02-20 16:04:48.562 D/K706RadioManager(17927): Unknown MCU packet type: 0x29
02-20 16:04:50.547 E/mcu_services( 5539): MCU2APP : [ff fe fd 03 01 29 6d 45 ff ]
02-20 16:04:50.549 D/K706RadioManager(17927): IMcuListener.onTransact: code=1 flags=16
02-20 16:04:50.549 D/K706RadioManager(17927): >>> IMcuListener.onMcuInfoChanged received! data=29 6D 
02-20 16:04:50.550 D/K706RadioManager(17927): MCU[0x29] len=2 : 29 6D 
02-20 16:04:50.550 D/K706RadioManager(17927): Unknown MCU packet type: 0x29
