--------- beginning of main
--------- beginning of system
02-19 18:13:50.871 E/mcu_services( 5512): MCU2APP : [ff fe fd 03 01 29 6d 45 ff ]
02-19 18:13:52.860 E/mcu_services( 5512): MCU2APP : [ff fe fd 03 01 29 6d 45 ff ]
02-19 18:13:54.849 E/mcu_services( 5512): MCU2APP : [ff fe fd 03 01 29 6d 45 ff ]
02-19 18:13:56.838 E/mcu_services( 5512): MCU2APP : [ff fe fd 03 01 29 6d 45 ff ]
02-19 18:13:58.826 E/mcu_services( 5512): MCU2APP : [ff fe fd 03 01 29 6d 45 ff ]
02-19 18:13:59.017 D/K706RadioManager(14872): Got IMcuManager instance: android.qf.mcu.IMcuManager$Stub$Proxy@e31817a
02-19 18:13:59.017 D/K706RadioManager(14872): Permissions requested successfully (Transact 1001)
02-19 18:13:59.018 D/K706RadioManager(14872): IMcuListener.Stub class found: android.qf.mcu.IMcuListener$Stub
02-19 18:13:59.018 D/K706RadioManager(14872):   Stub method: asInterface modifiers=9
02-19 18:13:59.018 D/K706RadioManager(14872):   Stub method: getDefaultImpl modifiers=9
02-19 18:13:59.018 D/K706RadioManager(14872):   Stub method: setDefaultImpl modifiers=9
02-19 18:13:59.018 D/K706RadioManager(14872):   Stub method: asBinder modifiers=1
02-19 18:13:59.018 D/K706RadioManager(14872):   Stub method: onTransact modifiers=1
02-19 18:13:59.018 D/K706RadioManager(14872): IMcuListener proxy created via Stub.asInterface: android.qf.mcu.IMcuListener$Stub$Proxy
02-19 18:13:59.019 E/mcu_services( 5512): RPC_RequestMcuInfoChangedListener - packageName: com.example.openradiofm
02-19 18:13:59.019 E/mcu_services( 5512): getReceiver - start - mReceivers.size: 4
02-19 18:13:59.019 E/mcu_services( 5512): create Receiver obj - mUid: 10131 - mPid: 14872 - mPackageName: com.example.openradiofm - mListener: android.qf.mcu.IMcuListener$Stub$Proxy@2aebb05 - mKey: android.os.BinderProxy@db2067c
02-19 18:13:59.019 E/mcu_services( 5512): Receiver - create obj: com.qf.framework.mcu.McuManagerService$Receiver@db2067c
02-19 18:13:59.019 E/mcu_services( 5512): getReceiver - end - mReceivers.size: 5
02-19 18:13:59.019 D/K706RadioManager(14872): ✓ Registered IMcuListener (AIDL Binder) successfully!
02-19 18:13:59.019 D/K706RadioManager(14872): RPC_SendMcuMsgData: OK
02-19 18:13:59.019 D/K706RadioManager(14872): RPC_SetVolumeMute(boolean): OK
02-19 18:13:59.019 D/K706RadioManager(14872): RPC_GetChannel: OK
02-19 18:13:59.019 D/K706RadioManager(14872): RPC_SetChannel(byte): OK
02-19 18:13:59.019 D/K706RadioManager(14872): === Métodos disponibles en IMcuManager ===
02-19 18:13:59.020 D/K706RadioManager(14872):   RPC_GetAmpSwitch() -> boolean
02-19 18:13:59.020 D/K706RadioManager(14872):   RPC_GetChannel() -> byte
02-19 18:13:59.020 D/K706RadioManager(14872):   RPC_GetEQData() -> byte[]
02-19 18:13:59.020 D/K706RadioManager(14872):   RPC_GetGisVoiceState() -> byte
02-19 18:13:59.020 D/K706RadioManager(14872):   RPC_GetMcuVer() -> byte[]
02-19 18:13:59.020 D/K706RadioManager(14872):   RPC_GetVolume() -> byte
02-19 18:13:59.020 D/K706RadioManager(14872):   RPC_GetVolumeMute() -> boolean
02-19 18:13:59.021 D/K706RadioManager(14872):   RPC_KeyCommand(byte, byte[]) -> void
02-19 18:13:59.021 D/K706RadioManager(14872):   RPC_McuCallbackFinished(IMcuListener) -> void
02-19 18:13:59.021 D/K706RadioManager(14872):   RPC_RemoveMcuInfoChangedListener(IMcuListener, String) -> void
02-19 18:13:59.021 D/K706RadioManager(14872):   RPC_RequestMcuInfoChangedListener(IMcuListener, String) -> void
02-19 18:13:59.021 D/K706RadioManager(14872):   RPC_SendAndroidStatus(int) -> void
02-19 18:13:59.021 D/K706RadioManager(14872):   RPC_SendCANInfo(byte[], int) -> void
02-19 18:13:59.021 D/K706RadioManager(14872):   RPC_SendHeadLightState(boolean) -> void
02-19 18:13:59.021 D/K706RadioManager(14872):   RPC_SendMCUData(byte[], int) -> void
02-19 18:13:59.021 D/K706RadioManager(14872):   RPC_SendMcuCmdData(byte, byte[], int) -> void
02-19 18:13:59.021 D/K706RadioManager(14872):   RPC_SendMcuMsgData(byte, byte[], int) -> void
02-19 18:13:59.021 D/K706RadioManager(14872):   RPC_SendSetQicaideng(byte[], int) -> void
02-19 18:13:59.021 D/K706RadioManager(14872):   RPC_SetAmpSwitch(boolean) -> void
02-19 18:13:59.021 D/K706RadioManager(14872):   RPC_SetChannel(byte) -> void
02-19 18:13:59.021 D/K706RadioManager(14872):   RPC_SetChannelGain(byte) -> void
02-19 18:13:59.021 D/K706RadioManager(14872):   RPC_SetCodecStatus(boolean) -> void
02-19 18:13:59.021 D/K706RadioManager(14872):   RPC_SetEQData(byte[]) -> void
02-19 18:13:59.021 D/K706RadioManager(14872):   RPC_SetGisVoice(byte) -> void
02-19 18:13:59.021 D/K706RadioManager(14872):   RPC_SetVolume(byte) -> void
02-19 18:13:59.021 D/K706RadioManager(14872):   RPC_SetVolumeMute(boolean) -> void
02-19 18:13:59.021 D/K706RadioManager(14872):   RPC_SetVolumeMuteEx(boolean, byte) -> void
02-19 18:13:59.022 D/K706RadioManager(14872):   RPC_SetVolumeMuteNoBroadcast(boolean) -> void
02-19 18:13:59.022 D/K706RadioManager(14872):   RPC_UpdateMCU(byte) -> void
02-19 18:13:59.022 D/K706RadioManager(14872):   RPC_UsbUpgrade(byte) -> void
02-19 18:13:59.022 D/K706RadioManager(14872): === INICIO SECUENCIA AUDIO FM V7.2d ===
02-19 18:13:59.022 E/mcu_services( 5512): RPC_SetVolumeMute - isMute: true
02-19 18:13:59.022 E/mcu_services( 5512): requestMute - isMute: true - time: 0 fromWhatPid=14872
02-19 18:13:59.022 E/mcu_services( 5512): APP2MCU - writeToUartNormal : [ff fd fe 04 01 82 01 00 82 ff ]
02-19 18:13:59.023 D/K706RadioManager(14872): Mute set to: true
02-19 18:13:59.023 D/K706RadioManager(14872): [1/7] setMute(true) OK
02-19 18:13:59.023 D/K706RadioManager(14872): [2/7] Radio Area notification sent (0xA0 0x0A 0x01 0x00)
02-19 18:13:59.033 E/mcu_services( 5512): APP2MCU - writeToUart: [ff fd fe 04 01 0a 01 00 0a ff ]
02-19 18:13:59.035 E/mcu_services( 5512): MCU2APP : [ff fe fd 03 02 82 01 81 ff ]
02-19 18:13:59.035 E/mcu_services( 5512): ---发送队列剩余数据 --0 [ff fd fe 04 01 0a 01 00 0a ff ]
02-19 18:13:59.035 E/McuManager( 4140): call RPC_SetChannel(4) from 4140
02-19 18:13:59.036 E/mcu_services( 5512): RPC_SetChannel - mode: 4 fromWhatpid=4140
02-19 18:13:59.036 E/mcu_services( 5512): audio channel change to MPU, current_audio_source=nothing
02-19 18:13:59.036 E/mcu_services( 5512): setVolType - oldVolType: media_type - newVolType: media_type - mode: 4 isCallStart=false
02-19 18:13:59.036 E/mcu_services( 5512): RPC_SetChannel - type: media_type - volume: 17
02-19 18:13:59.036 E/mcu_services( 5512): APP2MCU - writeToUartNormal : [ff fd fe 04 01 84 04 11 90 ff ]
02-19 18:13:59.037 E/mcu_services( 5512): APP2MCU - writeToUart: [ff fd fe 07 01 40 2e c4 01 8f ab 8e ff ]
02-19 18:13:59.039 D/K706RadioManager(14872): Audio Focus Granted
02-19 18:13:59.039 D/K706RadioManager(14872): [3/7] requestAudioFocus - PID 4140 debería responder con SetChannel(2)
02-19 18:13:59.045 E/mcu_services( 5512): MCU2APP : [ff fe fd 03 02 84 04 82 ff ]
02-19 18:13:59.045 E/mcu_services( 5512): ---发送队列剩余数据 --0 [ff fd fe 04 01 0a 01 00 0a ff ]
02-19 18:13:59.069 E/mcu_services( 5512): APP2MCU - writeToUart: [ff fd fe 07 01 40 2e c4 01 8f ab 8e ff ]
02-19 18:13:59.133 E/mcu_services( 5512): APP2MCU - writeToUart: [ff fd fe 04 01 0a 01 00 0a ff ]
02-19 18:13:59.139 D/K706RadioManager(14872): [5/7] Canal actual: 4
02-19 18:13:59.140 D/K706RadioManager(14872): [5/7] Canal NO es FM, forzando SetChannel(2)...
02-19 18:13:59.140 E/mcu_services( 5512): RPC_SetChannel - mode: 2 fromWhatpid=14872
02-19 18:13:59.140 E/mcu_services( 5512): audio channel change to MPU, current_audio_source=com.example.openradiofm
02-19 18:13:59.140 E/mcu_services( 5512): setVolType - oldVolType: media_type - newVolType: radio_type - mode: 2 isCallStart=false
02-19 18:13:59.141 E/mcu_services( 5512): RPC_SetChannel - type: radio_type - volume: 4
02-19 18:13:59.141 E/mcu_services( 5512): APP2MCU - writeToUartNormal : [ff fd fe 04 01 84 02 04 83 ff ]
02-19 18:13:59.142 D/K706RadioManager(14872): [5/7] RPC_SetChannel(2) forzado OK
02-19 18:13:59.145 D/K706RadioManager(14872): Set Audio Params: fm_radio_on=1;fm_mute=0
02-19 18:13:59.145 D/K706RadioManager(14872): [6/7] setAudioParams(on)
02-19 18:13:59.145 E/mcu_services( 5512): RPC_SetVolumeMute - isMute: false
02-19 18:13:59.145 E/mcu_services( 5512): requestMute - isMute: false - time: 0 fromWhatPid=14872
02-19 18:13:59.145 E/mcu_services( 5512): APP2MCU - writeToUartNormal : [ff fd fe 04 01 82 00 00 83 ff ]
02-19 18:13:59.146 D/K706RadioManager(14872): Mute set to: false
02-19 18:13:59.146 D/K706RadioManager(14872): [7/7] setMute(false) OK
02-19 18:13:59.146 D/K706RadioManager(14872): === FIN SECUENCIA AUDIO FM V7.2d ===
02-19 18:13:59.146 D/K706RadioManager(14872): K706RadioManager initialized and connected.
02-19 18:13:59.146 D/K706RadioManager(14872): Callback registrado
02-19 18:13:59.155 D/K706RadioManager(14872): Estado sincronizado manual: 87500 / B0
02-19 18:13:59.157 E/mcu_services( 5512): MCU2APP : [ff fe fd 12 01 b1 00 00 25 da 22 38 22 ce 23 32 23 aa 24 04 24 36 13 ff ]
02-19 18:13:59.157 E/mcu_services( 5512): MCU2APP : [ff fe fd 03 01 b0 70 c1 ff ]
02-19 18:13:59.158 E/mcu_services( 5512): MCU2APP : [ff fe fd 03 01 b3 0c be ff ]
02-19 18:13:59.158 E/mcu_services( 5512): sendAckSuccess : [ff fd fe 02 02 b3 b1 ff ]
02-19 18:13:59.158 E/mcu_services( 5512): MCU2APP : [ff fe fd 03 02 84 02 84 ff ]
02-19 18:13:59.158 E/mcu_services( 5512): APP2MCU - writeToUart: [ff fd fe 02 02 b3 b1 ff ]
02-19 18:13:59.158 E/mcu_services( 5512): MCU2APP : [ff fe fd 03 02 82 00 80 ff ]
02-19 18:13:59.158 E/mcu_services( 5512): ---发送队列剩余数据 --0 [ff fd fe 04 01 0a 01 00 0a ff ]
02-19 18:13:59.158 E/mcu_services( 5512): ---发送队列剩余数据 --0 [ff fd fe 04 01 0a 01 00 0a ff ]
02-19 18:13:59.160 D/K706RadioManager(14872): IMcuListener.onTransact: code=1 flags=16
02-19 18:13:59.160 D/TunerPresenter(15794): handleTunerRawData: b1 0 0 25 da 22 38 22 ce 23 32 23 aa 24 4 24 36 
02-19 18:13:59.161 E/mcu_services( 5512): APP2MCU - writeToUart: [ff fd fe 07 01 40 2e c4 01 83 b7 9e ff ]
02-19 18:13:59.161 D/TunerManagerForExt(15794): FMRadio main (TunerManagerForExt.java:147) onTunerPresetListChanged:  - mBand: 0 - mPresetIndex: 0 - mFrequency: 9690 - index: 0 - preset: 8760 - index: 1 - preset: 8910 - index: 2 - preset: 9010 - index: 3 - preset: 9130 - index: 4 - preset: 9220 - index: 5 - preset: 9270
02-19 18:13:59.163 D/K706RadioManager(14872): >>> IMcuListener.onMcuInfoChanged received! data=B1 00 00 25 DA 22 38 22 CE 23 32 23 AA 24 04 24 36 
02-19 18:13:59.166 D/K706RadioManager(14872): MCU[0xB1] len=17 : B1 00 00 25 DA 22 38 22 CE 23 32 23 AA 24 04 24 36 
02-19 18:13:59.166 D/K706RadioManager(14872): PresetList: band=0 presetIdx=0 currentFreq=9690 firstFreq=9690 (offset=3)
02-19 18:13:59.166 D/K706RadioManager(14872): >>> FREQ: 87500 -> 96900 (MCU=9690, 96,90 MHz)
02-19 18:13:59.168 D/K706RadioManager(14872): IMcuListener.onTransact: code=1 flags=16
02-19 18:13:59.169 D/K706RadioManager(14872): >>> IMcuListener.onMcuInfoChanged received! data=B0 70 
02-19 18:13:59.169 D/K706RadioManager(14872): MCU[0xB0] len=2 : B0 70 
02-19 18:13:59.169 D/K706RadioManager(14872): TunerInfo: flags=0x70 save=false AS=false finish=true valid=true ST=true LOC=false seek=false scan=false
02-19 18:13:59.171 D/K706RadioManager(14872): IMcuListener.onTransact: code=1 flags=16
02-19 18:13:59.172 D/K706RadioManager(14872): >>> IMcuListener.onMcuInfoChanged received! data=B3 0C 
02-19 18:13:59.172 D/K706RadioManager(14872): MCU[0xB3] len=2 : B3 0C 
02-19 18:13:59.172 D/K706RadioManager(14872): Unknown MCU packet type: 0xB3
02-19 18:13:59.175 D/TunerPresenter(15794): handleTunerRawData: b0 70 
02-19 18:13:59.175 D/TunerManagerForExt(15794): FMRadio main (TunerManagerForExt.java:108) onTunerInfoChanged: onTunerInfoChanged - flag: 112 - asFlag: 0 - psFlag: 0 - scanFlag: 0 - seekFlag: 0 - mStFlag: 1 - mLocFlag: 1 - mIsSearching: false - mTempSearching: false
02-19 18:13:59.176 D/TunerManagerForExt(15794): FMRadio main (TunerManagerForExt.java:118) onTunerInfoChanged: mIsSearching: false - mTempSearching: false - asFlag: 0 - seekFlag: 0
02-19 18:13:59.176 D/TunerPresenter(15794): handleTunerRawData: b3 c 
02-19 18:13:59.185 D/TunerManagerForExt(15794): FMRadio main (TunerManagerForExt.java:174) onTuneRdsInfo: onTuneRdsInfo - flag: 12 - mRdsAFSwitch: 0 - mRdsTASwitch: 0
02-19 18:13:59.192 E/mcu_services( 5512): APP2MCU - writeToUart: [ff fd fe 07 01 40 2e c4 01 03 37 9e ff ]
02-19 18:13:59.233 E/mcu_services( 5512): APP2MCU - writeToUart: [ff fd fe 04 01 0a 01 00 0a ff ]
02-19 18:13:59.313 E/mcu_services( 5512): APP2MCU - writeToUart: [ff fd fe 08 01 40 2e c0 02 0c 30 01 90 ff ]
02-19 18:13:59.334 E/mcu_services( 5512): APP2MCU - writeToUart: [ff fd fe 04 01 0a 01 00 0a ff ]
02-19 18:13:59.366 E/mcu_services( 5512): MCU2APP : [ff fe fd 12 01 b1 00 00 25 da 22 38 22 ce 23 32 23 aa 24 04 24 36 13 ff ]
02-19 18:13:59.366 E/mcu_services( 5512): MCU2APP : [ff fe fd 03 01 b0 70 c1 ff ]
02-19 18:13:59.366 E/mcu_services( 5512): MCU2APP : [ff fe fd 03 01 b3 0c be ff ]
02-19 18:13:59.366 E/mcu_services( 5512): sendAckSuccess : [ff fd fe 02 02 b3 b1 ff ]
02-19 18:13:59.366 E/mcu_services( 5512): APP2MCU - writeToUart: [ff fd fe 02 02 b3 b1 ff ]
02-19 18:13:59.368 D/TunerPresenter(15794): handleTunerRawData: b1 0 0 25 da 22 38 22 ce 23 32 23 aa 24 4 24 36 
02-19 18:13:59.368 D/TunerManagerForExt(15794): FMRadio main (TunerManagerForExt.java:147) onTunerPresetListChanged:  - mBand: 0 - mPresetIndex: 0 - mFrequency: 9690 - index: 0 - preset: 8760 - index: 1 - preset: 8910 - index: 2 - preset: 9010 - index: 3 - preset: 9130 - index: 4 - preset: 9220 - index: 5 - preset: 9270
02-19 18:13:59.368 D/K706RadioManager(14872): IMcuListener.onTransact: code=1 flags=16
02-19 18:13:59.374 D/K706RadioManager(14872): >>> IMcuListener.onMcuInfoChanged received! data=B1 00 00 25 DA 22 38 22 CE 23 32 23 AA 24 04 24 36 
02-19 18:13:59.377 D/K706RadioManager(14872): MCU[0xB1] len=17 : B1 00 00 25 DA 22 38 22 CE 23 32 23 AA 24 04 24 36 
02-19 18:13:59.377 D/K706RadioManager(14872): PresetList: band=0 presetIdx=0 currentFreq=9690 firstFreq=9690 (offset=3)
02-19 18:13:59.379 D/TunerPresenter(15794): handleTunerRawData: b0 70 
02-19 18:13:59.380 D/K706RadioManager(14872): IMcuListener.onTransact: code=1 flags=16
02-19 18:13:59.380 D/TunerManagerForExt(15794): FMRadio main (TunerManagerForExt.java:108) onTunerInfoChanged: onTunerInfoChanged - flag: 112 - asFlag: 0 - psFlag: 0 - scanFlag: 0 - seekFlag: 0 - mStFlag: 1 - mLocFlag: 1 - mIsSearching: false - mTempSearching: false
02-19 18:13:59.380 D/TunerManagerForExt(15794): FMRadio main (TunerManagerForExt.java:118) onTunerInfoChanged: mIsSearching: false - mTempSearching: false - asFlag: 0 - seekFlag: 0
02-19 18:13:59.380 D/K706RadioManager(14872): >>> IMcuListener.onMcuInfoChanged received! data=B0 70 
02-19 18:13:59.381 D/K706RadioManager(14872): MCU[0xB0] len=2 : B0 70 
02-19 18:13:59.381 D/K706RadioManager(14872): TunerInfo: flags=0x70 save=false AS=false finish=true valid=true ST=true LOC=false seek=false scan=false
02-19 18:13:59.382 D/TunerPresenter(15794): handleTunerRawData: b3 c 
02-19 18:13:59.383 D/K706RadioManager(14872): IMcuListener.onTransact: code=1 flags=16
02-19 18:13:59.383 D/K706RadioManager(14872): >>> IMcuListener.onMcuInfoChanged received! data=B3 0C 
02-19 18:13:59.384 D/K706RadioManager(14872): MCU[0xB3] len=2 : B3 0C 
02-19 18:13:59.384 D/K706RadioManager(14872): Unknown MCU packet type: 0xB3
02-19 18:13:59.387 D/TunerManagerForExt(15794): FMRadio main (TunerManagerForExt.java:174) onTuneRdsInfo: onTuneRdsInfo - flag: 12 - mRdsAFSwitch: 0 - mRdsTASwitch: 0
02-19 18:13:59.434 E/mcu_services( 5512): may be clear send failed data: [ff fd fe 04 01 0a 01 00 0a ff ]
02-19 18:13:59.535 E/mcu_services( 5512): MCU2APP : [ff fe fd 12 01 b1 00 00 25 da 22 38 22 ce 23 32 23 aa 24 04 24 36 13 ff ]
02-19 18:13:59.535 E/mcu_services( 5512): MCU2APP : [ff fe fd 03 01 b0 70 c1 ff ]
02-19 18:13:59.537 D/TunerPresenter(15794): handleTunerRawData: b1 0 0 25 da 22 38 22 ce 23 32 23 aa 24 4 24 36 
02-19 18:13:59.537 D/K706RadioManager(14872): IMcuListener.onTransact: code=1 flags=16
02-19 18:13:59.537 D/TunerManagerForExt(15794): FMRadio main (TunerManagerForExt.java:147) onTunerPresetListChanged:  - mBand: 0 - mPresetIndex: 0 - mFrequency: 9690 - index: 0 - preset: 8760 - index: 1 - preset: 8910 - index: 2 - preset: 9010 - index: 3 - preset: 9130 - index: 4 - preset: 9220 - index: 5 - preset: 9270
02-19 18:13:59.542 D/K706RadioManager(14872): >>> IMcuListener.onMcuInfoChanged received! data=B1 00 00 25 DA 22 38 22 CE 23 32 23 AA 24 04 24 36 
02-19 18:13:59.547 D/K706RadioManager(14872): MCU[0xB1] len=17 : B1 00 00 25 DA 22 38 22 CE 23 32 23 AA 24 04 24 36 
02-19 18:13:59.548 D/K706RadioManager(14872): PresetList: band=0 presetIdx=0 currentFreq=9690 firstFreq=9690 (offset=3)
02-19 18:13:59.549 D/TunerPresenter(15794): handleTunerRawData: b0 70 
02-19 18:13:59.550 D/K706RadioManager(14872): IMcuListener.onTransact: code=1 flags=16
02-19 18:13:59.550 D/TunerManagerForExt(15794): FMRadio main (TunerManagerForExt.java:108) onTunerInfoChanged: onTunerInfoChanged - flag: 112 - asFlag: 0 - psFlag: 0 - scanFlag: 0 - seekFlag: 0 - mStFlag: 1 - mLocFlag: 1 - mIsSearching: false - mTempSearching: false
02-19 18:13:59.550 D/TunerManagerForExt(15794): FMRadio main (TunerManagerForExt.java:118) onTunerInfoChanged: mIsSearching: false - mTempSearching: false - asFlag: 0 - seekFlag: 0
02-19 18:13:59.550 D/K706RadioManager(14872): >>> IMcuListener.onMcuInfoChanged received! data=B0 70 
02-19 18:13:59.551 D/K706RadioManager(14872): MCU[0xB0] len=2 : B0 70 
02-19 18:13:59.551 D/K706RadioManager(14872): TunerInfo: flags=0x70 save=false AS=false finish=true valid=true ST=true LOC=false seek=false scan=false
02-19 18:13:59.575 E/mcu_services( 5512): MCU2APP : [ff fe fd 03 01 b4 05 b0 ff ]
02-19 18:13:59.576 E/mcu_services( 5512): MCU2APP : [ff fe fd 04 01 b5 00 0a be ff ]
02-19 18:13:59.576 E/mcu_services( 5512): sendAckSuccess : [ff fd fe 02 02 b4 b6 ff ]
02-19 18:13:59.576 E/mcu_services( 5512): APP2MCU - writeToUart: [ff fd fe 02 02 b4 b6 ff ]
02-19 18:13:59.576 E/mcu_services( 5512): sendAckSuccess : [ff fd fe 02 02 b5 b7 ff ]
02-19 18:13:59.576 E/mcu_services( 5512): APP2MCU - writeToUart: [ff fd fe 02 02 b5 b7 ff ]
02-19 18:13:59.578 D/TunerPresenter(15794): handleTunerRawData: b4 5 
02-19 18:13:59.578 D/K706RadioManager(14872): IMcuListener.onTransact: code=1 flags=16
02-19 18:13:59.578 D/TunerManagerForExt(15794): FMRadio main (TunerManagerForExt.java:195) onTuneRdsIndicateInfo: onTuneRdsIndicateInfo - flag: 5 - mRdsSwitch: 1
02-19 18:13:59.579 D/K706RadioManager(14872): >>> IMcuListener.onMcuInfoChanged received! data=B4 05 
02-19 18:13:59.579 D/K706RadioManager(14872): MCU[0xB4] len=2 : B4 05 
02-19 18:13:59.580 D/K706RadioManager(14872): Unknown MCU packet type: 0xB4
02-19 18:13:59.581 D/TunerPresenter(15794): handleTunerRawData: b5 0 a 
02-19 18:13:59.582 D/K706RadioManager(14872): IMcuListener.onTransact: code=1 flags=16
02-19 18:13:59.582 D/TunerManagerForExt(15794): FMRadio main (TunerManagerForExt.java:220) onTuneRdsPtyTypeInfo: onTuneRdsPtyTypeInfo - mRdsPtyType: 0
02-19 18:13:59.582 D/K706RadioManager(14872): >>> IMcuListener.onMcuInfoChanged received! data=B5 00 0A 
02-19 18:13:59.583 D/K706RadioManager(14872): MCU[0xB5] len=3 : B5 00 0A 
02-19 18:13:59.583 D/K706RadioManager(14872): Unknown MCU packet type: 0xB5
02-19 18:14:01.124 E/mcu_services( 5512): MCU2APP : [ff fe fd 03 01 29 6d 45 ff ]
02-19 18:14:01.128 D/K706RadioManager(14872): IMcuListener.onTransact: code=1 flags=16
02-19 18:14:01.129 D/K706RadioManager(14872): >>> IMcuListener.onMcuInfoChanged received! data=29 6D 
02-19 18:14:01.129 D/K706RadioManager(14872): MCU[0x29] len=2 : 29 6D 
02-19 18:14:01.130 D/K706RadioManager(14872): Unknown MCU packet type: 0x29
02-19 18:14:01.564 E/mcu_services( 5512): MCU2APP : [ff fe fd 0a 01 b6 20 4c 4f 53 34 30 20 20 c3 ff ]
02-19 18:14:01.564 E/mcu_services( 5512): sendAckSuccess : [ff fd fe 02 02 b6 b4 ff ]
02-19 18:14:01.564 E/mcu_services( 5512): APP2MCU - writeToUart: [ff fd fe 02 02 b6 b4 ff ]
02-19 18:14:01.568 D/TunerPresenter(15794): handleTunerRawData: b6 20 4c 4f 53 34 30 20 20 
02-19 18:14:01.568 D/TunerManagerForExt(15794): FMRadio main (TunerManagerForExt.java:234) onTuneRdsPSInfo: onTuneRdsPSInfo - len: 9 - data: b6 20 4c 4f 53 34 30 20 20 
02-19 18:14:01.568 D/TunerManagerForExt(15794): FMRadio main (TunerManagerForExt.java:258) onTuneRdsPSInfo: onTuneRdsPSInfo - mRdsPsInfo:  LOS40  
02-19 18:14:01.568 D/K706RadioManager(14872): IMcuListener.onTransact: code=1 flags=16
02-19 18:14:01.573 D/K706RadioManager(14872): >>> IMcuListener.onMcuInfoChanged received! data=B6 20 4C 4F 53 34 30 20 20 
02-19 18:14:01.576 D/K706RadioManager(14872): MCU[0xB6] len=9 : B6 20 4C 4F 53 34 30 20 20 
02-19 18:14:01.577 D/K706RadioManager(14872): RDS PS: 'LOS40'
02-19 18:14:03.112 E/mcu_services( 5512): MCU2APP : [ff fe fd 03 01 29 6d 45 ff ]
02-19 18:14:03.116 D/K706RadioManager(14872): IMcuListener.onTransact: code=1 flags=16
02-19 18:14:03.117 D/K706RadioManager(14872): >>> IMcuListener.onMcuInfoChanged received! data=29 6D 
02-19 18:14:03.118 D/K706RadioManager(14872): MCU[0x29] len=2 : 29 6D 
02-19 18:14:03.118 D/K706RadioManager(14872): Unknown MCU packet type: 0x29
02-19 18:14:05.101 E/mcu_services( 5512): MCU2APP : [ff fe fd 03 01 29 6d 45 ff ]
02-19 18:14:05.106 D/K706RadioManager(14872): IMcuListener.onTransact: code=1 flags=16
02-19 18:14:05.107 D/K706RadioManager(14872): >>> IMcuListener.onMcuInfoChanged received! data=29 6D 
02-19 18:14:05.109 D/K706RadioManager(14872): MCU[0x29] len=2 : 29 6D 
02-19 18:14:05.109 D/K706RadioManager(14872): Unknown MCU packet type: 0x29
02-19 18:14:07.091 E/mcu_services( 5512): MCU2APP : [ff fe fd 03 01 29 6d 45 ff ]
02-19 18:14:07.095 D/K706RadioManager(14872): IMcuListener.onTransact: code=1 flags=16
02-19 18:14:07.096 D/K706RadioManager(14872): >>> IMcuListener.onMcuInfoChanged received! data=29 6D 
02-19 18:14:07.097 D/K706RadioManager(14872): MCU[0x29] len=2 : 29 6D 
02-19 18:14:07.098 D/K706RadioManager(14872): Unknown MCU packet type: 0x29
02-19 18:14:07.777 E/mcu_services( 5512): MCU2APP : [ff fe fd 04 01 20 22 52 51 ff ]
02-19 18:14:07.778 E/mcu_services( 5512): sendAckSuccess : [ff fd fe 02 02 20 22 ff ]
02-19 18:14:07.778 E/mcu_services( 5512): APP2MCU - writeToUart: [ff fd fe 02 02 20 22 ff ]
02-19 18:14:07.783 D/K706RadioManager(14872): IMcuListener.onTransact: code=1 flags=16
02-19 18:14:07.784 D/K706RadioManager(14872): >>> IMcuListener.onMcuInfoChanged received! data=20 22 52 
02-19 18:14:07.785 D/K706RadioManager(14872): MCU[0x20] len=3 : 20 22 52 
02-19 18:14:07.786 D/K706RadioManager(14872): Unknown MCU packet type: 0x20
02-19 18:14:08.016 E/mcu_services( 5512): MCU2APP : [ff fe fd 04 01 20 23 52 50 ff ]
02-19 18:14:08.016 E/mcu_services( 5512): sendAckSuccess : [ff fd fe 02 02 20 22 ff ]
02-19 18:14:08.016 E/mcu_services( 5512): APP2MCU - writeToUart: [ff fd fe 02 02 20 22 ff ]
02-19 18:14:08.021 D/K706RadioManager(14872): IMcuListener.onTransact: code=1 flags=16
02-19 18:14:08.023 D/K706RadioManager(14872): >>> IMcuListener.onMcuInfoChanged received! data=20 23 52 
02-19 18:14:08.024 D/K706RadioManager(14872): MCU[0x20] len=3 : 20 23 52 
02-19 18:14:08.024 D/K706RadioManager(14872): Unknown MCU packet type: 0x20
02-19 18:14:08.483 E/mcu_services( 5512): MCU2APP : [ff fe fd 04 01 20 21 52 52 ff ]
02-19 18:14:08.483 E/mcu_services( 5512): sendAckSuccess : [ff fd fe 02 02 20 22 ff ]
02-19 18:14:08.484 E/mcu_services( 5512): APP2MCU - writeToUart: [ff fd fe 02 02 20 22 ff ]
02-19 18:14:08.488 D/K706RadioManager(14872): IMcuListener.onTransact: code=1 flags=16
02-19 18:14:08.490 D/K706RadioManager(14872): >>> IMcuListener.onMcuInfoChanged received! data=20 21 52 
02-19 18:14:08.491 D/K706RadioManager(14872): MCU[0x20] len=3 : 20 21 52 
02-19 18:14:08.491 D/K706RadioManager(14872): Unknown MCU packet type: 0x20
02-19 18:14:08.494 E/McuManager( 5512): call RPC_SetVolume(5) from 5512
02-19 18:14:08.515 E/mcu_services( 5512): APP2MCU - writeToUartNormal : [ff fd fe 03 01 83 05 87 ff ]
02-19 18:14:08.515 E/mcu_services( 5512): RPC_SetVolume state= fromWhatpid=5512 5512
02-19 18:14:08.522 E/mcu_services( 5512): MCU2APP : [ff fe fd 03 02 83 05 84 ff ]
02-19 18:14:08.546 E/mcu_services( 5512): APP2MCU - writeToUart: [ff fd fe 07 01 40 2e c4 01 04 36 98 ff ]
02-19 18:14:08.851 E/mcu_services( 5512): MCU2APP : [ff fe fd 04 01 20 21 52 52 ff ]
02-19 18:14:08.851 E/mcu_services( 5512): sendAckSuccess : [ff fd fe 02 02 20 22 ff ]
02-19 18:14:08.851 E/mcu_services( 5512): APP2MCU - writeToUart: [ff fd fe 02 02 20 22 ff ]
02-19 18:14:08.856 D/K706RadioManager(14872): IMcuListener.onTransact: code=1 flags=16
02-19 18:14:08.858 D/K706RadioManager(14872): >>> IMcuListener.onMcuInfoChanged received! data=20 21 52 
02-19 18:14:08.860 D/K706RadioManager(14872): MCU[0x20] len=3 : 20 21 52 
02-19 18:14:08.860 D/K706RadioManager(14872): Unknown MCU packet type: 0x20
02-19 18:14:08.862 E/McuManager( 5512): call RPC_SetVolume(6) from 5512
02-19 18:14:08.882 E/mcu_services( 5512): APP2MCU - writeToUartNormal : [ff fd fe 03 01 83 06 84 ff ]
02-19 18:14:08.882 E/mcu_services( 5512): RPC_SetVolume state= fromWhatpid=5512 5512
02-19 18:14:08.890 E/mcu_services( 5512): MCU2APP : [ff fe fd 03 02 83 06 87 ff ]
02-19 18:14:08.909 E/mcu_services( 5512): APP2MCU - writeToUart: [ff fd fe 07 01 40 2e c4 01 05 35 9a ff ]
02-19 18:14:09.080 E/mcu_services( 5512): MCU2APP : [ff fe fd 03 01 29 6d 45 ff ]
02-19 18:14:09.085 D/K706RadioManager(14872): IMcuListener.onTransact: code=1 flags=16
02-19 18:14:09.086 D/K706RadioManager(14872): >>> IMcuListener.onMcuInfoChanged received! data=29 6D 
02-19 18:14:09.087 D/K706RadioManager(14872): MCU[0x29] len=2 : 29 6D 
02-19 18:14:09.087 D/K706RadioManager(14872): Unknown MCU packet type: 0x29
02-19 18:14:09.239 E/mcu_services( 5512): MCU2APP : [ff fe fd 04 01 20 21 52 52 ff ]
02-19 18:14:09.240 E/mcu_services( 5512): sendAckSuccess : [ff fd fe 02 02 20 22 ff ]
02-19 18:14:09.240 E/mcu_services( 5512): APP2MCU - writeToUart: [ff fd fe 02 02 20 22 ff ]
02-19 18:14:09.244 D/K706RadioManager(14872): IMcuListener.onTransact: code=1 flags=16
02-19 18:14:09.246 D/K706RadioManager(14872): >>> IMcuListener.onMcuInfoChanged received! data=20 21 52 
02-19 18:14:09.247 D/K706RadioManager(14872): MCU[0x20] len=3 : 20 21 52 
02-19 18:14:09.248 D/K706RadioManager(14872): Unknown MCU packet type: 0x20
02-19 18:14:09.250 E/McuManager( 5512): call RPC_SetVolume(7) from 5512
02-19 18:14:09.272 E/mcu_services( 5512): APP2MCU - writeToUartNormal : [ff fd fe 03 01 83 07 85 ff ]
02-19 18:14:09.272 E/mcu_services( 5512): RPC_SetVolume state= fromWhatpid=5512 5512
02-19 18:14:09.278 E/mcu_services( 5512): MCU2APP : [ff fe fd 03 02 83 07 86 ff ]
02-19 18:14:09.304 E/mcu_services( 5512): APP2MCU - writeToUart: [ff fd fe 07 01 40 2e c4 01 06 34 98 ff ]
02-19 18:14:10.581 E/mcu_services( 5512): APP2MCU - writeToUartNormal : [ff fd fe 05 01 a0 02 00 00 a3 ff ]
02-19 18:14:10.583 D/K706RadioManager(14872): CMD Enviado: sub=0x02 p1=0x00 p2=0x00
02-19 18:14:10.583 D/K706RadioManager(14872): Seek DOWN iniciado
02-19 18:14:10.657 E/mcu_services( 5512): MCU2APP : [ff fe fd 12 01 b1 00 00 25 d5 22 38 22 ce 23 32 23 aa 24 04 24 36 1c ff ]
02-19 18:14:10.657 E/mcu_services( 5512): MCU2APP : [ff fe fd 03 01 b0 78 c9 ff ]
02-19 18:14:10.660 D/TunerPresenter(15794): handleTunerRawData: b1 0 0 25 d5 22 38 22 ce 23 32 23 aa 24 4 24 36 
02-19 18:14:10.660 D/K706RadioManager(14872): IMcuListener.onTransact: code=1 flags=16
02-19 18:14:10.661 D/TunerManagerForExt(15794): FMRadio main (TunerManagerForExt.java:147) onTunerPresetListChanged:  - mBand: 0 - mPresetIndex: 0 - mFrequency: 9685 - index: 0 - preset: 8760 - index: 1 - preset: 8910 - index: 2 - preset: 9010 - index: 3 - preset: 9130 - index: 4 - preset: 9220 - index: 5 - preset: 9270
02-19 18:14:10.665 D/K706RadioManager(14872): >>> IMcuListener.onMcuInfoChanged received! data=B1 00 00 25 D5 22 38 22 CE 23 32 23 AA 24 04 24 36 
02-19 18:14:10.671 D/K706RadioManager(14872): MCU[0xB1] len=17 : B1 00 00 25 D5 22 38 22 CE 23 32 23 AA 24 04 24 36 
02-19 18:14:10.671 D/K706RadioManager(14872): PresetList: band=0 presetIdx=0 currentFreq=9685 firstFreq=9685 (offset=3)
02-19 18:14:10.672 D/K706RadioManager(14872): >>> FREQ: 96900 -> 96850 (MCU=9685, 96,85 MHz)
02-19 18:14:10.675 D/K706RadioManager(14872): IMcuListener.onTransact: code=1 flags=16
02-19 18:14:10.675 D/K706RadioManager(14872): >>> IMcuListener.onMcuInfoChanged received! data=B0 78 
02-19 18:14:10.676 D/K706RadioManager(14872): MCU[0xB0] len=2 : B0 78 
02-19 18:14:10.676 D/K706RadioManager(14872): TunerInfo: flags=0x78 save=false AS=true finish=true valid=true ST=true LOC=false seek=false scan=false
02-19 18:14:10.683 D/TunerPresenter(15794): handleTunerRawData: b0 78 
02-19 18:14:10.683 D/TunerManagerForExt(15794): FMRadio main (TunerManagerForExt.java:108) onTunerInfoChanged: onTunerInfoChanged - flag: 120 - asFlag: 0 - psFlag: 0 - scanFlag: 0 - seekFlag: 1 - mStFlag: 1 - mLocFlag: 1 - mIsSearching: false - mTempSearching: false
02-19 18:14:10.683 D/TunerManagerForExt(15794): FMRadio main (TunerManagerForExt.java:118) onTunerInfoChanged: mIsSearching: true - mTempSearching: false - asFlag: 0 - seekFlag: 1
02-19 18:14:10.703 E/mcu_services( 5512): MCU2APP : [ff fe fd 12 01 b1 00 00 25 d0 22 38 22 ce 23 32 23 aa 24 04 24 36 19 ff ]
02-19 18:14:10.707 D/TunerPresenter(15794): handleTunerRawData: b1 0 0 25 d0 22 38 22 ce 23 32 23 aa 24 4 24 36 
02-19 18:14:10.707 D/K706RadioManager(14872): IMcuListener.onTransact: code=1 flags=16
02-19 18:14:10.709 D/K706RadioManager(14872): >>> IMcuListener.onMcuInfoChanged received! data=B1 00 00 25 D0 22 38 22 CE 23 32 23 AA 24 04 24 36 
02-19 18:14:10.710 D/TunerManagerForExt(15794): FMRadio main (TunerManagerForExt.java:147) onTunerPresetListChanged:  - mBand: 0 - mPresetIndex: 0 - mFrequency: 9680 - index: 0 - preset: 8760 - index: 1 - preset: 8910 - index: 2 - preset: 9010 - index: 3 - preset: 9130 - index: 4 - preset: 9220 - index: 5 - preset: 9270
02-19 18:14:10.711 D/K706RadioManager(14872): MCU[0xB1] len=17 : B1 00 00 25 D0 22 38 22 CE 23 32 23 AA 24 04 24 36 
02-19 18:14:10.711 D/K706RadioManager(14872): PresetList: band=0 presetIdx=0 currentFreq=9680 firstFreq=9680 (offset=3)
02-19 18:14:10.712 D/K706RadioManager(14872): >>> FREQ: 96850 -> 96800 (MCU=9680, 96,80 MHz)
02-19 18:14:10.752 E/mcu_services( 5512): MCU2APP : [ff fe fd 12 01 b1 00 00 25 cb 22 38 22 ce 23 32 23 aa 24 04 24 36 02 ff ]
02-19 18:14:10.756 D/TunerPresenter(15794): handleTunerRawData: b1 0 0 25 cb 22 38 22 ce 23 32 23 aa 24 4 24 36 
02-19 18:14:10.757 D/K706RadioManager(14872): IMcuListener.onTransact: code=1 flags=16
02-19 18:14:10.760 D/TunerManagerForExt(15794): FMRadio main (TunerManagerForExt.java:147) onTunerPresetListChanged:  - mBand: 0 - mPresetIndex: 0 - mFrequency: 9675 - index: 0 - preset: 8760 - index: 1 - preset: 8910 - index: 2 - preset: 9010 - index: 3 - preset: 9130 - index: 4 - preset: 9220 - index: 5 - preset: 9270
02-19 18:14:10.760 D/K706RadioManager(14872): >>> IMcuListener.onMcuInfoChanged received! data=B1 00 00 25 CB 22 38 22 CE 23 32 23 AA 24 04 24 36 
02-19 18:14:10.762 D/K706RadioManager(14872): MCU[0xB1] len=17 : B1 00 00 25 CB 22 38 22 CE 23 32 23 AA 24 04 24 36 
02-19 18:14:10.762 D/K706RadioManager(14872): PresetList: band=0 presetIdx=0 currentFreq=9675 firstFreq=9675 (offset=3)
02-19 18:14:10.763 D/K706RadioManager(14872): >>> FREQ: 96800 -> 96750 (MCU=9675, 96,75 MHz)
02-19 18:14:10.802 E/mcu_services( 5512): MCU2APP : [ff fe fd 12 01 b1 00 00 25 c6 22 38 22 ce 23 32 23 aa 24 04 24 36 0f ff ]
02-19 18:14:10.806 D/TunerPresenter(15794): handleTunerRawData: b1 0 0 25 c6 22 38 22 ce 23 32 23 aa 24 4 24 36 
02-19 18:14:10.806 D/K706RadioManager(14872): IMcuListener.onTransact: code=1 flags=16
02-19 18:14:10.809 D/K706RadioManager(14872): >>> IMcuListener.onMcuInfoChanged received! data=B1 00 00 25 C6 22 38 22 CE 23 32 23 AA 24 04 24 36 
02-19 18:14:10.809 D/TunerManagerForExt(15794): FMRadio main (TunerManagerForExt.java:147) onTunerPresetListChanged:  - mBand: 0 - mPresetIndex: 0 - mFrequency: 9670 - index: 0 - preset: 8760 - index: 1 - preset: 8910 - index: 2 - preset: 9010 - index: 3 - preset: 9130 - index: 4 - preset: 9220 - index: 5 - preset: 9270
02-19 18:14:10.812 D/K706RadioManager(14872): MCU[0xB1] len=17 : B1 00 00 25 C6 22 38 22 CE 23 32 23 AA 24 04 24 36 
02-19 18:14:10.812 D/K706RadioManager(14872): PresetList: band=0 presetIdx=0 currentFreq=9670 firstFreq=9670 (offset=3)
02-19 18:14:10.812 D/K706RadioManager(14872): >>> FREQ: 96750 -> 96700 (MCU=9670, 96,70 MHz)
02-19 18:14:10.852 E/mcu_services( 5512): MCU2APP : [ff fe fd 12 01 b1 00 00 25 c1 22 38 22 ce 23 32 23 aa 24 04 24 36 08 ff ]
02-19 18:14:10.855 D/TunerPresenter(15794): handleTunerRawData: b1 0 0 25 c1 22 38 22 ce 23 32 23 aa 24 4 24 36 
02-19 18:14:10.855 D/K706RadioManager(14872): IMcuListener.onTransact: code=1 flags=16
02-19 18:14:10.858 D/TunerManagerForExt(15794): FMRadio main (TunerManagerForExt.java:147) onTunerPresetListChanged:  - mBand: 0 - mPresetIndex: 0 - mFrequency: 9665 - index: 0 - preset: 8760 - index: 1 - preset: 8910 - index: 2 - preset: 9010 - index: 3 - preset: 9130 - index: 4 - preset: 9220 - index: 5 - preset: 9270
02-19 18:14:10.859 D/K706RadioManager(14872): >>> IMcuListener.onMcuInfoChanged received! data=B1 00 00 25 C1 22 38 22 CE 23 32 23 AA 24 04 24 36 
02-19 18:14:10.861 D/K706RadioManager(14872): MCU[0xB1] len=17 : B1 00 00 25 C1 22 38 22 CE 23 32 23 AA 24 04 24 36 
02-19 18:14:10.861 D/K706RadioManager(14872): PresetList: band=0 presetIdx=0 currentFreq=9665 firstFreq=9665 (offset=3)
02-19 18:14:10.862 D/K706RadioManager(14872): >>> FREQ: 96700 -> 96650 (MCU=9665, 96,65 MHz)
02-19 18:14:10.902 E/mcu_services( 5512): MCU2APP : [ff fe fd 12 01 b1 00 00 25 bc 22 38 22 ce 23 32 23 aa 24 04 24 36 75 ff ]
02-19 18:14:10.905 D/TunerPresenter(15794): handleTunerRawData: b1 0 0 25 bc 22 38 22 ce 23 32 23 aa 24 4 24 36 
02-19 18:14:10.906 D/K706RadioManager(14872): IMcuListener.onTransact: code=1 flags=16
02-19 18:14:10.908 D/TunerManagerForExt(15794): FMRadio main (TunerManagerForExt.java:147) onTunerPresetListChanged:  - mBand: 0 - mPresetIndex: 0 - mFrequency: 9660 - index: 0 - preset: 8760 - index: 1 - preset: 8910 - index: 2 - preset: 9010 - index: 3 - preset: 9130 - index: 4 - preset: 9220 - index: 5 - preset: 9270
02-19 18:14:10.909 D/K706RadioManager(14872): >>> IMcuListener.onMcuInfoChanged received! data=B1 00 00 25 BC 22 38 22 CE 23 32 23 AA 24 04 24 36 
02-19 18:14:10.912 D/K706RadioManager(14872): MCU[0xB1] len=17 : B1 00 00 25 BC 22 38 22 CE 23 32 23 AA 24 04 24 36 
02-19 18:14:10.912 D/K706RadioManager(14872): PresetList: band=0 presetIdx=0 currentFreq=9660 firstFreq=9660 (offset=3)
02-19 18:14:10.912 D/K706RadioManager(14872): >>> FREQ: 96650 -> 96600 (MCU=9660, 96,60 MHz)
02-19 18:14:10.951 E/mcu_services( 5512): MCU2APP : [ff fe fd 12 01 b1 00 00 25 b7 22 38 22 ce 23 32 23 aa 24 04 24 36 7e ff ]
02-19 18:14:10.955 D/TunerPresenter(15794): handleTunerRawData: b1 0 0 25 b7 22 38 22 ce 23 32 23 aa 24 4 24 36 
02-19 18:14:10.955 D/K706RadioManager(14872): IMcuListener.onTransact: code=1 flags=16
02-19 18:14:10.957 D/K706RadioManager(14872): >>> IMcuListener.onMcuInfoChanged received! data=B1 00 00 25 B7 22 38 22 CE 23 32 23 AA 24 04 24 36 
02-19 18:14:10.958 D/TunerManagerForExt(15794): FMRadio main (TunerManagerForExt.java:147) onTunerPresetListChanged:  - mBand: 0 - mPresetIndex: 0 - mFrequency: 9655 - index: 0 - preset: 8760 - index: 1 - preset: 8910 - index: 2 - preset: 9010 - index: 3 - preset: 9130 - index: 4 - preset: 9220 - index: 5 - preset: 9270
02-19 18:14:10.959 D/K706RadioManager(14872): MCU[0xB1] len=17 : B1 00 00 25 B7 22 38 22 CE 23 32 23 AA 24 04 24 36 
02-19 18:14:10.959 D/K706RadioManager(14872): PresetList: band=0 presetIdx=0 currentFreq=9655 firstFreq=9655 (offset=3)
02-19 18:14:10.960 D/K706RadioManager(14872): >>> FREQ: 96600 -> 96550 (MCU=9655, 96,55 MHz)
02-19 18:14:11.001 E/mcu_services( 5512): MCU2APP : [ff fe fd 12 01 b1 00 00 25 b2 22 38 22 ce 23 32 23 aa 24 04 24 36 7b ff ]
02-19 18:14:11.003 D/TunerPresenter(15794): handleTunerRawData: b1 0 0 25 b2 22 38 22 ce 23 32 23 aa 24 4 24 36 
02-19 18:14:11.004 D/K706RadioManager(14872): IMcuListener.onTransact: code=1 flags=16
02-19 18:14:11.006 D/K706RadioManager(14872): >>> IMcuListener.onMcuInfoChanged received! data=B1 00 00 25 B2 22 38 22 CE 23 32 23 AA 24 04 24 36 
02-19 18:14:11.006 D/TunerManagerForExt(15794): FMRadio main (TunerManagerForExt.java:147) onTunerPresetListChanged:  - mBand: 0 - mPresetIndex: 0 - mFrequency: 9650 - index: 0 - preset: 8760 - index: 1 - preset: 8910 - index: 2 - preset: 9010 - index: 3 - preset: 9130 - index: 4 - preset: 9220 - index: 5 - preset: 9270
02-19 18:14:11.008 D/K706RadioManager(14872): MCU[0xB1] len=17 : B1 00 00 25 B2 22 38 22 CE 23 32 23 AA 24 04 24 36 
02-19 18:14:11.008 D/K706RadioManager(14872): PresetList: band=0 presetIdx=0 currentFreq=9650 firstFreq=9650 (offset=3)
02-19 18:14:11.008 D/K706RadioManager(14872): >>> FREQ: 96550 -> 96500 (MCU=9650, 96,50 MHz)
02-19 18:14:11.051 E/mcu_services( 5512): MCU2APP : [ff fe fd 12 01 b1 00 00 25 ad 22 38 22 ce 23 32 23 aa 24 04 24 36 64 ff ]
02-19 18:14:11.054 D/TunerPresenter(15794): handleTunerRawData: b1 0 0 25 ad 22 38 22 ce 23 32 23 aa 24 4 24 36 
02-19 18:14:11.055 D/K706RadioManager(14872): IMcuListener.onTransact: code=1 flags=16
02-19 18:14:11.057 D/K706RadioManager(14872): >>> IMcuListener.onMcuInfoChanged received! data=B1 00 00 25 AD 22 38 22 CE 23 32 23 AA 24 04 24 36 
02-19 18:14:11.058 D/TunerManagerForExt(15794): FMRadio main (TunerManagerForExt.java:147) onTunerPresetListChanged:  - mBand: 0 - mPresetIndex: 0 - mFrequency: 9645 - index: 0 - preset: 8760 - index: 1 - preset: 8910 - index: 2 - preset: 9010 - index: 3 - preset: 9130 - index: 4 - preset: 9220 - index: 5 - preset: 9270
02-19 18:14:11.059 D/K706RadioManager(14872): MCU[0xB1] len=17 : B1 00 00 25 AD 22 38 22 CE 23 32 23 AA 24 04 24 36 
02-19 18:14:11.059 D/K706RadioManager(14872): PresetList: band=0 presetIdx=0 currentFreq=9645 firstFreq=9645 (offset=3)
02-19 18:14:11.060 D/K706RadioManager(14872): >>> FREQ: 96500 -> 96450 (MCU=9645, 96,45 MHz)
02-19 18:14:11.101 E/mcu_services( 5512): MCU2APP : [ff fe fd 12 01 b1 00 00 25 a8 22 38 22 ce 23 32 23 aa 24 04 24 36 61 ff ]
02-19 18:14:11.104 D/TunerPresenter(15794): handleTunerRawData: b1 0 0 25 a8 22 38 22 ce 23 32 23 aa 24 4 24 36 
02-19 18:14:11.105 D/K706RadioManager(14872): IMcuListener.onTransact: code=1 flags=16
02-19 18:14:11.107 D/K706RadioManager(14872): >>> IMcuListener.onMcuInfoChanged received! data=B1 00 00 25 A8 22 38 22 CE 23 32 23 AA 24 04 24 36 
02-19 18:14:11.108 D/TunerManagerForExt(15794): FMRadio main (TunerManagerForExt.java:147) onTunerPresetListChanged:  - mBand: 0 - mPresetIndex: 0 - mFrequency: 9640 - index: 0 - preset: 8760 - index: 1 - preset: 8910 - index: 2 - preset: 9010 - index: 3 - preset: 9130 - index: 4 - preset: 9220 - index: 5 - preset: 9270
02-19 18:14:11.109 D/K706RadioManager(14872): MCU[0xB1] len=17 : B1 00 00 25 A8 22 38 22 CE 23 32 23 AA 24 04 24 36 
02-19 18:14:11.109 D/K706RadioManager(14872): PresetList: band=0 presetIdx=0 currentFreq=9640 firstFreq=9640 (offset=3)
02-19 18:14:11.109 D/K706RadioManager(14872): >>> FREQ: 96450 -> 96400 (MCU=9640, 96,40 MHz)
02-19 18:14:11.118 E/mcu_services( 5512): MCU2APP : [ff fe fd 03 01 29 6d 45 ff ]
02-19 18:14:11.122 D/K706RadioManager(14872): IMcuListener.onTransact: code=1 flags=16
02-19 18:14:11.123 D/K706RadioManager(14872): >>> IMcuListener.onMcuInfoChanged received! data=29 6D 
02-19 18:14:11.123 D/K706RadioManager(14872): MCU[0x29] len=2 : 29 6D 
02-19 18:14:11.123 D/K706RadioManager(14872): Unknown MCU packet type: 0x29
02-19 18:14:11.150 E/mcu_services( 5512): MCU2APP : [ff fe fd 12 01 b1 00 00 25 a3 22 38 22 ce 23 32 23 aa 24 04 24 36 6a ff ]
02-19 18:14:11.154 D/TunerPresenter(15794): handleTunerRawData: b1 0 0 25 a3 22 38 22 ce 23 32 23 aa 24 4 24 36 
02-19 18:14:11.155 D/K706RadioManager(14872): IMcuListener.onTransact: code=1 flags=16
02-19 18:14:11.157 D/K706RadioManager(14872): >>> IMcuListener.onMcuInfoChanged received! data=B1 00 00 25 A3 22 38 22 CE 23 32 23 AA 24 04 24 36 
02-19 18:14:11.158 D/TunerManagerForExt(15794): FMRadio main (TunerManagerForExt.java:147) onTunerPresetListChanged:  - mBand: 0 - mPresetIndex: 0 - mFrequency: 9635 - index: 0 - preset: 8760 - index: 1 - preset: 8910 - index: 2 - preset: 9010 - index: 3 - preset: 9130 - index: 4 - preset: 9220 - index: 5 - preset: 9270
02-19 18:14:11.159 D/K706RadioManager(14872): MCU[0xB1] len=17 : B1 00 00 25 A3 22 38 22 CE 23 32 23 AA 24 04 24 36 
02-19 18:14:11.159 D/K706RadioManager(14872): PresetList: band=0 presetIdx=0 currentFreq=9635 firstFreq=9635 (offset=3)
02-19 18:14:11.159 D/K706RadioManager(14872): >>> FREQ: 96400 -> 96350 (MCU=9635, 96,35 MHz)
02-19 18:14:11.200 E/mcu_services( 5512): MCU2APP : [ff fe fd 12 01 b1 00 00 25 9e 22 38 22 ce 23 32 23 aa 24 04 24 36 57 ff ]
02-19 18:14:11.203 D/TunerPresenter(15794): handleTunerRawData: b1 0 0 25 9e 22 38 22 ce 23 32 23 aa 24 4 24 36 
02-19 18:14:11.204 D/K706RadioManager(14872): IMcuListener.onTransact: code=1 flags=16
02-19 18:14:11.206 D/K706RadioManager(14872): >>> IMcuListener.onMcuInfoChanged received! data=B1 00 00 25 9E 22 38 22 CE 23 32 23 AA 24 04 24 36 
02-19 18:14:11.207 D/TunerManagerForExt(15794): FMRadio main (TunerManagerForExt.java:147) onTunerPresetListChanged:  - mBand: 0 - mPresetIndex: 0 - mFrequency: 9630 - index: 0 - preset: 8760 - index: 1 - preset: 8910 - index: 2 - preset: 9010 - index: 3 - preset: 9130 - index: 4 - preset: 9220 - index: 5 - preset: 9270
02-19 18:14:11.208 D/K706RadioManager(14872): MCU[0xB1] len=17 : B1 00 00 25 9E 22 38 22 CE 23 32 23 AA 24 04 24 36 
02-19 18:14:11.208 D/K706RadioManager(14872): PresetList: band=0 presetIdx=0 currentFreq=9630 firstFreq=9630 (offset=3)
02-19 18:14:11.209 D/K706RadioManager(14872): >>> FREQ: 96350 -> 96300 (MCU=9630, 96,30 MHz)
02-19 18:14:11.250 E/mcu_services( 5512): MCU2APP : [ff fe fd 12 01 b1 00 00 25 99 22 38 22 ce 23 32 23 aa 24 04 24 36 50 ff ]
02-19 18:14:11.253 D/TunerPresenter(15794): handleTunerRawData: b1 0 0 25 99 22 38 22 ce 23 32 23 aa 24 4 24 36 
02-19 18:14:11.253 D/K706RadioManager(14872): IMcuListener.onTransact: code=1 flags=16
02-19 18:14:11.255 D/K706RadioManager(14872): >>> IMcuListener.onMcuInfoChanged received! data=B1 00 00 25 99 22 38 22 CE 23 32 23 AA 24 04 24 36 
02-19 18:14:11.256 D/TunerManagerForExt(15794): FMRadio main (TunerManagerForExt.java:147) onTunerPresetListChanged:  - mBand: 0 - mPresetIndex: 0 - mFrequency: 9625 - index: 0 - preset: 8760 - index: 1 - preset: 8910 - index: 2 - preset: 9010 - index: 3 - preset: 9130 - index: 4 - preset: 9220 - index: 5 - preset: 9270
02-19 18:14:11.257 D/K706RadioManager(14872): MCU[0xB1] len=17 : B1 00 00 25 99 22 38 22 CE 23 32 23 AA 24 04 24 36 
02-19 18:14:11.257 D/K706RadioManager(14872): PresetList: band=0 presetIdx=0 currentFreq=9625 firstFreq=9625 (offset=3)
02-19 18:14:11.257 D/K706RadioManager(14872): >>> FREQ: 96300 -> 96250 (MCU=9625, 96,25 MHz)
02-19 18:14:11.300 E/mcu_services( 5512): MCU2APP : [ff fe fd 12 01 b1 00 00 25 94 22 38 22 ce 23 32 23 aa 24 04 24 36 5d ff ]
02-19 18:14:11.303 D/TunerPresenter(15794): handleTunerRawData: b1 0 0 25 94 22 38 22 ce 23 32 23 aa 24 4 24 36 
02-19 18:14:11.303 D/K706RadioManager(14872): IMcuListener.onTransact: code=1 flags=16
02-19 18:14:11.305 D/K706RadioManager(14872): >>> IMcuListener.onMcuInfoChanged received! data=B1 00 00 25 94 22 38 22 CE 23 32 23 AA 24 04 24 36 
02-19 18:14:11.306 D/TunerManagerForExt(15794): FMRadio main (TunerManagerForExt.java:147) onTunerPresetListChanged:  - mBand: 0 - mPresetIndex: 0 - mFrequency: 9620 - index: 0 - preset: 8760 - index: 1 - preset: 8910 - index: 2 - preset: 9010 - index: 3 - preset: 9130 - index: 4 - preset: 9220 - index: 5 - preset: 9270
02-19 18:14:11.307 D/K706RadioManager(14872): MCU[0xB1] len=17 : B1 00 00 25 94 22 38 22 CE 23 32 23 AA 24 04 24 36 
02-19 18:14:11.307 D/K706RadioManager(14872): PresetList: band=0 presetIdx=0 currentFreq=9620 firstFreq=9620 (offset=3)
02-19 18:14:11.307 D/K706RadioManager(14872): >>> FREQ: 96250 -> 96200 (MCU=9620, 96,20 MHz)
02-19 18:14:11.349 E/mcu_services( 5512): MCU2APP : [ff fe fd 12 01 b1 00 00 25 8f 22 38 22 ce 23 32 23 aa 24 04 24 36 46 ff ]
02-19 18:14:11.353 D/TunerPresenter(15794): handleTunerRawData: b1 0 0 25 8f 22 38 22 ce 23 32 23 aa 24 4 24 36 
02-19 18:14:11.353 D/K706RadioManager(14872): IMcuListener.onTransact: code=1 flags=16
02-19 18:14:11.355 D/K706RadioManager(14872): >>> IMcuListener.onMcuInfoChanged received! data=B1 00 00 25 8F 22 38 22 CE 23 32 23 AA 24 04 24 36 
02-19 18:14:11.356 D/TunerManagerForExt(15794): FMRadio main (TunerManagerForExt.java:147) onTunerPresetListChanged:  - mBand: 0 - mPresetIndex: 0 - mFrequency: 9615 - index: 0 - preset: 8760 - index: 1 - preset: 8910 - index: 2 - preset: 9010 - index: 3 - preset: 9130 - index: 4 - preset: 9220 - index: 5 - preset: 9270
02-19 18:14:11.357 D/K706RadioManager(14872): MCU[0xB1] len=17 : B1 00 00 25 8F 22 38 22 CE 23 32 23 AA 24 04 24 36 
02-19 18:14:11.357 D/K706RadioManager(14872): PresetList: band=0 presetIdx=0 currentFreq=9615 firstFreq=9615 (offset=3)
02-19 18:14:11.358 D/K706RadioManager(14872): >>> FREQ: 96200 -> 96150 (MCU=9615, 96,15 MHz)
02-19 18:14:11.399 E/mcu_services( 5512): MCU2APP : [ff fe fd 12 01 b1 00 00 25 8a 22 38 22 ce 23 32 23 aa 24 04 24 36 43 ff ]
02-19 18:14:11.401 D/TunerPresenter(15794): handleTunerRawData: b1 0 0 25 8a 22 38 22 ce 23 32 23 aa 24 4 24 36 
02-19 18:14:11.402 D/K706RadioManager(14872): IMcuListener.onTransact: code=1 flags=16
02-19 18:14:11.404 D/K706RadioManager(14872): >>> IMcuListener.onMcuInfoChanged received! data=B1 00 00 25 8A 22 38 22 CE 23 32 23 AA 24 04 24 36 
02-19 18:14:11.404 D/TunerManagerForExt(15794): FMRadio main (TunerManagerForExt.java:147) onTunerPresetListChanged:  - mBand: 0 - mPresetIndex: 0 - mFrequency: 9610 - index: 0 - preset: 8760 - index: 1 - preset: 8910 - index: 2 - preset: 9010 - index: 3 - preset: 9130 - index: 4 - preset: 9220 - index: 5 - preset: 9270
02-19 18:14:11.405 D/K706RadioManager(14872): MCU[0xB1] len=17 : B1 00 00 25 8A 22 38 22 CE 23 32 23 AA 24 04 24 36 
02-19 18:14:11.405 D/K706RadioManager(14872): PresetList: band=0 presetIdx=0 currentFreq=9610 firstFreq=9610 (offset=3)
02-19 18:14:11.406 D/K706RadioManager(14872): >>> FREQ: 96150 -> 96100 (MCU=9610, 96,10 MHz)
02-19 18:14:11.449 E/mcu_services( 5512): MCU2APP : [ff fe fd 12 01 b1 00 00 25 85 22 38 22 ce 23 32 23 aa 24 04 24 36 4c ff ]
02-19 18:14:11.452 D/TunerPresenter(15794): handleTunerRawData: b1 0 0 25 85 22 38 22 ce 23 32 23 aa 24 4 24 36 
02-19 18:14:11.453 D/K706RadioManager(14872): IMcuListener.onTransact: code=1 flags=16
02-19 18:14:11.454 D/K706RadioManager(14872): >>> IMcuListener.onMcuInfoChanged received! data=B1 00 00 25 85 22 38 22 CE 23 32 23 AA 24 04 24 36 
02-19 18:14:11.456 D/TunerManagerForExt(15794): FMRadio main (TunerManagerForExt.java:147) onTunerPresetListChanged:  - mBand: 0 - mPresetIndex: 0 - mFrequency: 9605 - index: 0 - preset: 8760 - index: 1 - preset: 8910 - index: 2 - preset: 9010 - index: 3 - preset: 9130 - index: 4 - preset: 9220 - index: 5 - preset: 9270
02-19 18:14:11.456 D/K706RadioManager(14872): MCU[0xB1] len=17 : B1 00 00 25 85 22 38 22 CE 23 32 23 AA 24 04 24 36 
02-19 18:14:11.456 D/K706RadioManager(14872): PresetList: band=0 presetIdx=0 currentFreq=9605 firstFreq=9605 (offset=3)
02-19 18:14:11.456 D/K706RadioManager(14872): >>> FREQ: 96100 -> 96050 (MCU=9605, 96,05 MHz)
02-19 18:14:11.498 E/mcu_services( 5512): MCU2APP : [ff fe fd 12 01 b1 00 00 25 80 22 38 22 ce 23 32 23 aa 24 04 24 36 49 ff ]
02-19 18:14:11.501 D/TunerPresenter(15794): handleTunerRawData: b1 0 0 25 80 22 38 22 ce 23 32 23 aa 24 4 24 36 
02-19 18:14:11.503 D/K706RadioManager(14872): IMcuListener.onTransact: code=1 flags=16
02-19 18:14:11.503 D/TunerManagerForExt(15794): FMRadio main (TunerManagerForExt.java:147) onTunerPresetListChanged:  - mBand: 0 - mPresetIndex: 0 - mFrequency: 9600 - index: 0 - preset: 8760 - index: 1 - preset: 8910 - index: 2 - preset: 9010 - index: 3 - preset: 9130 - index: 4 - preset: 9220 - index: 5 - preset: 9270
02-19 18:14:11.504 D/K706RadioManager(14872): >>> IMcuListener.onMcuInfoChanged received! data=B1 00 00 25 80 22 38 22 CE 23 32 23 AA 24 04 24 36 
02-19 18:14:11.508 D/K706RadioManager(14872): MCU[0xB1] len=17 : B1 00 00 25 80 22 38 22 CE 23 32 23 AA 24 04 24 36 
02-19 18:14:11.508 D/K706RadioManager(14872): PresetList: band=0 presetIdx=0 currentFreq=9600 firstFreq=9600 (offset=3)
02-19 18:14:11.509 D/K706RadioManager(14872): >>> FREQ: 96050 -> 96000 (MCU=9600, 96,00 MHz)
02-19 18:14:11.548 E/mcu_services( 5512): MCU2APP : [ff fe fd 12 01 b1 00 00 25 7b 22 38 22 ce 23 32 23 aa 24 04 24 36 b2 ff ]
02-19 18:14:11.551 D/TunerPresenter(15794): handleTunerRawData: b1 0 0 25 7b 22 38 22 ce 23 32 23 aa 24 4 24 36 
02-19 18:14:11.551 D/K706RadioManager(14872): IMcuListener.onTransact: code=1 flags=16
02-19 18:14:11.552 D/K706RadioManager(14872): >>> IMcuListener.onMcuInfoChanged received! data=B1 00 00 25 7B 22 38 22 CE 23 32 23 AA 24 04 24 36 
02-19 18:14:11.553 D/K706RadioManager(14872): MCU[0xB1] len=17 : B1 00 00 25 7B 22 38 22 CE 23 32 23 AA 24 04 24 36 
02-19 18:14:11.553 D/K706RadioManager(14872): PresetList: band=0 presetIdx=0 currentFreq=9595 firstFreq=9595 (offset=3)
02-19 18:14:11.553 D/TunerManagerForExt(15794): FMRadio main (TunerManagerForExt.java:147) onTunerPresetListChanged:  - mBand: 0 - mPresetIndex: 0 - mFrequency: 9595 - index: 0 - preset: 8760 - index: 1 - preset: 8910 - index: 2 - preset: 9010 - index: 3 - preset: 9130 - index: 4 - preset: 9220 - index: 5 - preset: 9270
02-19 18:14:11.553 D/K706RadioManager(14872): >>> FREQ: 96000 -> 95950 (MCU=9595, 95,95 MHz)
02-19 18:14:11.598 E/mcu_services( 5512): MCU2APP : [ff fe fd 12 01 b1 00 00 25 76 22 38 22 ce 23 32 23 aa 24 04 24 36 bf ff ]
02-19 18:14:11.602 D/TunerPresenter(15794): handleTunerRawData: b1 0 0 25 76 22 38 22 ce 23 32 23 aa 24 4 24 36 
02-19 18:14:11.602 D/K706RadioManager(14872): IMcuListener.onTransact: code=1 flags=16
02-19 18:14:11.603 D/K706RadioManager(14872): >>> IMcuListener.onMcuInfoChanged received! data=B1 00 00 25 76 22 38 22 CE 23 32 23 AA 24 04 24 36 
02-19 18:14:11.604 D/K706RadioManager(14872): MCU[0xB1] len=17 : B1 00 00 25 76 22 38 22 CE 23 32 23 AA 24 04 24 36 
02-19 18:14:11.604 D/K706RadioManager(14872): PresetList: band=0 presetIdx=0 currentFreq=9590 firstFreq=9590 (offset=3)
02-19 18:14:11.605 D/K706RadioManager(14872): >>> FREQ: 95950 -> 95900 (MCU=9590, 95,90 MHz)
02-19 18:14:11.605 D/TunerManagerForExt(15794): FMRadio main (TunerManagerForExt.java:147) onTunerPresetListChanged:  - mBand: 0 - mPresetIndex: 0 - mFrequency: 9590 - index: 0 - preset: 8760 - index: 1 - preset: 8910 - index: 2 - preset: 9010 - index: 3 - preset: 9130 - index: 4 - preset: 9220 - index: 5 - preset: 9270
02-19 18:14:11.647 E/mcu_services( 5512): MCU2APP : [ff fe fd 12 01 b1 00 00 25 71 22 38 22 ce 23 32 23 aa 24 04 24 36 b8 ff ]
02-19 18:14:11.650 D/TunerPresenter(15794): handleTunerRawData: b1 0 0 25 71 22 38 22 ce 23 32 23 aa 24 4 24 36 
02-19 18:14:11.650 D/K706RadioManager(14872): IMcuListener.onTransact: code=1 flags=16
02-19 18:14:11.651 D/K706RadioManager(14872): >>> IMcuListener.onMcuInfoChanged received! data=B1 00 00 25 71 22 38 22 CE 23 32 23 AA 24 04 24 36 
02-19 18:14:11.652 D/K706RadioManager(14872): MCU[0xB1] len=17 : B1 00 00 25 71 22 38 22 CE 23 32 23 AA 24 04 24 36 
02-19 18:14:11.652 D/K706RadioManager(14872): PresetList: band=0 presetIdx=0 currentFreq=9585 firstFreq=9585 (offset=3)
02-19 18:14:11.653 D/TunerManagerForExt(15794): FMRadio main (TunerManagerForExt.java:147) onTunerPresetListChanged:  - mBand: 0 - mPresetIndex: 0 - mFrequency: 9585 - index: 0 - preset: 8760 - index: 1 - preset: 8910 - index: 2 - preset: 9010 - index: 3 - preset: 9130 - index: 4 - preset: 9220 - index: 5 - preset: 9270
02-19 18:14:11.653 D/K706RadioManager(14872): >>> FREQ: 95900 -> 95850 (MCU=9585, 95,85 MHz)
02-19 18:14:11.697 E/mcu_services( 5512): MCU2APP : [ff fe fd 12 01 b1 00 00 25 6c 22 38 22 ce 23 32 23 aa 24 04 24 36 a5 ff ]
02-19 18:14:11.702 D/TunerPresenter(15794): handleTunerRawData: b1 0 0 25 6c 22 38 22 ce 23 32 23 aa 24 4 24 36 
02-19 18:14:11.702 D/K706RadioManager(14872): IMcuListener.onTransact: code=1 flags=16
02-19 18:14:11.704 D/K706RadioManager(14872): >>> IMcuListener.onMcuInfoChanged received! data=B1 00 00 25 6C 22 38 22 CE 23 32 23 AA 24 04 24 36 
02-19 18:14:11.705 D/K706RadioManager(14872): MCU[0xB1] len=17 : B1 00 00 25 6C 22 38 22 CE 23 32 23 AA 24 04 24 36 
02-19 18:14:11.705 D/K706RadioManager(14872): PresetList: band=0 presetIdx=0 currentFreq=9580 firstFreq=9580 (offset=3)
02-19 18:14:11.705 D/K706RadioManager(14872): >>> FREQ: 95850 -> 95800 (MCU=9580, 95,80 MHz)
02-19 18:14:11.705 D/TunerManagerForExt(15794): FMRadio main (TunerManagerForExt.java:147) onTunerPresetListChanged:  - mBand: 0 - mPresetIndex: 0 - mFrequency: 9580 - index: 0 - preset: 8760 - index: 1 - preset: 8910 - index: 2 - preset: 9010 - index: 3 - preset: 9130 - index: 4 - preset: 9220 - index: 5 - preset: 9270
02-19 18:14:11.747 E/mcu_services( 5512): MCU2APP : [ff fe fd 12 01 b1 00 00 25 67 22 38 22 ce 23 32 23 aa 24 04 24 36 ae ff ]
02-19 18:14:11.751 D/TunerPresenter(15794): handleTunerRawData: b1 0 0 25 67 22 38 22 ce 23 32 23 aa 24 4 24 36 
02-19 18:14:11.751 D/K706RadioManager(14872): IMcuListener.onTransact: code=1 flags=16
02-19 18:14:11.753 D/K706RadioManager(14872): >>> IMcuListener.onMcuInfoChanged received! data=B1 00 00 25 67 22 38 22 CE 23 32 23 AA 24 04 24 36 
02-19 18:14:11.754 D/K706RadioManager(14872): MCU[0xB1] len=17 : B1 00 00 25 67 22 38 22 CE 23 32 23 AA 24 04 24 36 
02-19 18:14:11.754 D/K706RadioManager(14872): PresetList: band=0 presetIdx=0 currentFreq=9575 firstFreq=9575 (offset=3)
02-19 18:14:11.754 D/K706RadioManager(14872): >>> FREQ: 95800 -> 95750 (MCU=9575, 95,75 MHz)
02-19 18:14:11.754 D/TunerManagerForExt(15794): FMRadio main (TunerManagerForExt.java:147) onTunerPresetListChanged:  - mBand: 0 - mPresetIndex: 0 - mFrequency: 9575 - index: 0 - preset: 8760 - index: 1 - preset: 8910 - index: 2 - preset: 9010 - index: 3 - preset: 9130 - index: 4 - preset: 9220 - index: 5 - preset: 9270
02-19 18:14:11.797 E/mcu_services( 5512): MCU2APP : [ff fe fd 12 01 b1 00 00 25 62 22 38 22 ce 23 32 23 aa 24 04 24 36 ab ff ]
02-19 18:14:11.800 D/TunerPresenter(15794): handleTunerRawData: b1 0 0 25 62 22 38 22 ce 23 32 23 aa 24 4 24 36 
02-19 18:14:11.801 D/K706RadioManager(14872): IMcuListener.onTransact: code=1 flags=16
02-19 18:14:11.803 D/TunerManagerForExt(15794): FMRadio main (TunerManagerForExt.java:147) onTunerPresetListChanged:  - mBand: 0 - mPresetIndex: 0 - mFrequency: 9570 - index: 0 - preset: 8760 - index: 1 - preset: 8910 - index: 2 - preset: 9010 - index: 3 - preset: 9130 - index: 4 - preset: 9220 - index: 5 - preset: 9270
02-19 18:14:11.803 D/K706RadioManager(14872): >>> IMcuListener.onMcuInfoChanged received! data=B1 00 00 25 62 22 38 22 CE 23 32 23 AA 24 04 24 36 
02-19 18:14:11.806 D/K706RadioManager(14872): MCU[0xB1] len=17 : B1 00 00 25 62 22 38 22 CE 23 32 23 AA 24 04 24 36 
02-19 18:14:11.806 D/K706RadioManager(14872): PresetList: band=0 presetIdx=0 currentFreq=9570 firstFreq=9570 (offset=3)
02-19 18:14:11.806 D/K706RadioManager(14872): >>> FREQ: 95750 -> 95700 (MCU=9570, 95,70 MHz)
02-19 18:14:11.847 E/mcu_services( 5512): MCU2APP : [ff fe fd 12 01 b1 00 00 25 5d 22 38 22 ce 23 32 23 aa 24 04 24 36 94 ff ]
02-19 18:14:11.850 D/TunerPresenter(15794): handleTunerRawData: b1 0 0 25 5d 22 38 22 ce 23 32 23 aa 24 4 24 36 
02-19 18:14:11.851 D/K706RadioManager(14872): IMcuListener.onTransact: code=1 flags=16
02-19 18:14:11.853 D/TunerManagerForExt(15794): FMRadio main (TunerManagerForExt.java:147) onTunerPresetListChanged:  - mBand: 0 - mPresetIndex: 0 - mFrequency: 9565 - index: 0 - preset: 8760 - index: 1 - preset: 8910 - index: 2 - preset: 9010 - index: 3 - preset: 9130 - index: 4 - preset: 9220 - index: 5 - preset: 9270
02-19 18:14:11.853 D/K706RadioManager(14872): >>> IMcuListener.onMcuInfoChanged received! data=B1 00 00 25 5D 22 38 22 CE 23 32 23 AA 24 04 24 36 
02-19 18:14:11.855 D/K706RadioManager(14872): MCU[0xB1] len=17 : B1 00 00 25 5D 22 38 22 CE 23 32 23 AA 24 04 24 36 
02-19 18:14:11.855 D/K706RadioManager(14872): PresetList: band=0 presetIdx=0 currentFreq=9565 firstFreq=9565 (offset=3)
02-19 18:14:11.856 D/K706RadioManager(14872): >>> FREQ: 95700 -> 95650 (MCU=9565, 95,65 MHz)
02-19 18:14:11.896 E/mcu_services( 5512): MCU2APP : [ff fe fd 12 01 b1 00 00 25 58 22 38 22 ce 23 32 23 aa 24 04 24 36 91 ff ]
02-19 18:14:11.900 D/TunerPresenter(15794): handleTunerRawData: b1 0 0 25 58 22 38 22 ce 23 32 23 aa 24 4 24 36 
02-19 18:14:11.900 D/K706RadioManager(14872): IMcuListener.onTransact: code=1 flags=16
02-19 18:14:11.903 D/TunerManagerForExt(15794): FMRadio main (TunerManagerForExt.java:147) onTunerPresetListChanged:  - mBand: 0 - mPresetIndex: 0 - mFrequency: 9560 - index: 0 - preset: 8760 - index: 1 - preset: 8910 - index: 2 - preset: 9010 - index: 3 - preset: 9130 - index: 4 - preset: 9220 - index: 5 - preset: 9270
02-19 18:14:11.903 D/K706RadioManager(14872): >>> IMcuListener.onMcuInfoChanged received! data=B1 00 00 25 58 22 38 22 CE 23 32 23 AA 24 04 24 36 
02-19 18:14:11.905 D/K706RadioManager(14872): MCU[0xB1] len=17 : B1 00 00 25 58 22 38 22 CE 23 32 23 AA 24 04 24 36 
02-19 18:14:11.905 D/K706RadioManager(14872): PresetList: band=0 presetIdx=0 currentFreq=9560 firstFreq=9560 (offset=3)
02-19 18:14:11.905 D/K706RadioManager(14872): >>> FREQ: 95650 -> 95600 (MCU=9560, 95,60 MHz)
02-19 18:14:11.946 E/mcu_services( 5512): MCU2APP : [ff fe fd 12 01 b1 00 00 25 53 22 38 22 ce 23 32 23 aa 24 04 24 36 9a ff ]
02-19 18:14:11.950 D/TunerPresenter(15794): handleTunerRawData: b1 0 0 25 53 22 38 22 ce 23 32 23 aa 24 4 24 36 
02-19 18:14:11.950 D/K706RadioManager(14872): IMcuListener.onTransact: code=1 flags=16
02-19 18:14:11.952 D/K706RadioManager(14872): >>> IMcuListener.onMcuInfoChanged received! data=B1 00 00 25 53 22 38 22 CE 23 32 23 AA 24 04 24 36 
02-19 18:14:11.953 D/TunerManagerForExt(15794): FMRadio main (TunerManagerForExt.java:147) onTunerPresetListChanged:  - mBand: 0 - mPresetIndex: 0 - mFrequency: 9555 - index: 0 - preset: 8760 - index: 1 - preset: 8910 - index: 2 - preset: 9010 - index: 3 - preset: 9130 - index: 4 - preset: 9220 - index: 5 - preset: 9270
02-19 18:14:11.954 D/K706RadioManager(14872): MCU[0xB1] len=17 : B1 00 00 25 53 22 38 22 CE 23 32 23 AA 24 04 24 36 
02-19 18:14:11.954 D/K706RadioManager(14872): PresetList: band=0 presetIdx=0 currentFreq=9555 firstFreq=9555 (offset=3)
02-19 18:14:11.955 D/K706RadioManager(14872): >>> FREQ: 95600 -> 95550 (MCU=9555, 95,55 MHz)
02-19 18:14:11.995 E/mcu_services( 5512): MCU2APP : [ff fe fd 12 01 b1 00 00 25 4e 22 38 22 ce 23 32 23 aa 24 04 24 36 87 ff ]
02-19 18:14:11.998 D/TunerPresenter(15794): handleTunerRawData: b1 0 0 25 4e 22 38 22 ce 23 32 23 aa 24 4 24 36 
02-19 18:14:11.998 D/K706RadioManager(14872): IMcuListener.onTransact: code=1 flags=16
02-19 18:14:12.000 D/TunerManagerForExt(15794): FMRadio main (TunerManagerForExt.java:147) onTunerPresetListChanged:  - mBand: 0 - mPresetIndex: 0 - mFrequency: 9550 - index: 0 - preset: 8760 - index: 1 - preset: 8910 - index: 2 - preset: 9010 - index: 3 - preset: 9130 - index: 4 - preset: 9220 - index: 5 - preset: 9270
02-19 18:14:12.000 D/K706RadioManager(14872): >>> IMcuListener.onMcuInfoChanged received! data=B1 00 00 25 4E 22 38 22 CE 23 32 23 AA 24 04 24 36 
02-19 18:14:12.003 D/K706RadioManager(14872): MCU[0xB1] len=17 : B1 00 00 25 4E 22 38 22 CE 23 32 23 AA 24 04 24 36 
02-19 18:14:12.003 D/K706RadioManager(14872): PresetList: band=0 presetIdx=0 currentFreq=9550 firstFreq=9550 (offset=3)
02-19 18:14:12.003 D/K706RadioManager(14872): >>> FREQ: 95550 -> 95500 (MCU=9550, 95,50 MHz)
02-19 18:14:12.045 E/mcu_services( 5512): MCU2APP : [ff fe fd 12 01 b1 00 00 25 49 22 38 22 ce 23 32 23 aa 24 04 24 36 80 ff ]
02-19 18:14:12.049 D/TunerPresenter(15794): handleTunerRawData: b1 0 0 25 49 22 38 22 ce 23 32 23 aa 24 4 24 36 
02-19 18:14:12.049 D/K706RadioManager(14872): IMcuListener.onTransact: code=1 flags=16
02-19 18:14:12.051 D/K706RadioManager(14872): >>> IMcuListener.onMcuInfoChanged received! data=B1 00 00 25 49 22 38 22 CE 23 32 23 AA 24 04 24 36 
02-19 18:14:12.052 D/TunerManagerForExt(15794): FMRadio main (TunerManagerForExt.java:147) onTunerPresetListChanged:  - mBand: 0 - mPresetIndex: 0 - mFrequency: 9545 - index: 0 - preset: 8760 - index: 1 - preset: 8910 - index: 2 - preset: 9010 - index: 3 - preset: 9130 - index: 4 - preset: 9220 - index: 5 - preset: 9270
02-19 18:14:12.053 D/K706RadioManager(14872): MCU[0xB1] len=17 : B1 00 00 25 49 22 38 22 CE 23 32 23 AA 24 04 24 36 
02-19 18:14:12.053 D/K706RadioManager(14872): PresetList: band=0 presetIdx=0 currentFreq=9545 firstFreq=9545 (offset=3)
02-19 18:14:12.053 D/K706RadioManager(14872): >>> FREQ: 95500 -> 95450 (MCU=9545, 95,45 MHz)
02-19 18:14:12.095 E/mcu_services( 5512): MCU2APP : [ff fe fd 12 01 b1 00 00 25 44 22 38 22 ce 23 32 23 aa 24 04 24 36 8d ff ]
02-19 18:14:12.099 D/TunerPresenter(15794): handleTunerRawData: b1 0 0 25 44 22 38 22 ce 23 32 23 aa 24 4 24 36 
02-19 18:14:12.100 D/K706RadioManager(14872): IMcuListener.onTransact: code=1 flags=16
02-19 18:14:12.102 D/K706RadioManager(14872): >>> IMcuListener.onMcuInfoChanged received! data=B1 00 00 25 44 22 38 22 CE 23 32 23 AA 24 04 24 36 
02-19 18:14:12.102 D/TunerManagerForExt(15794): FMRadio main (TunerManagerForExt.java:147) onTunerPresetListChanged:  - mBand: 0 - mPresetIndex: 0 - mFrequency: 9540 - index: 0 - preset: 8760 - index: 1 - preset: 8910 - index: 2 - preset: 9010 - index: 3 - preset: 9130 - index: 4 - preset: 9220 - index: 5 - preset: 9270
02-19 18:14:12.103 D/K706RadioManager(14872): MCU[0xB1] len=17 : B1 00 00 25 44 22 38 22 CE 23 32 23 AA 24 04 24 36 
02-19 18:14:12.103 D/K706RadioManager(14872): PresetList: band=0 presetIdx=0 currentFreq=9540 firstFreq=9540 (offset=3)
02-19 18:14:12.104 D/K706RadioManager(14872): >>> FREQ: 95450 -> 95400 (MCU=9540, 95,40 MHz)
02-19 18:14:12.145 E/mcu_services( 5512): MCU2APP : [ff fe fd 12 01 b1 00 00 25 3f 22 38 22 ce 23 32 23 aa 24 04 24 36 f6 ff ]
02-19 18:14:12.148 D/TunerPresenter(15794): handleTunerRawData: b1 0 0 25 3f 22 38 22 ce 23 32 23 aa 24 4 24 36 
02-19 18:14:12.148 D/K706RadioManager(14872): IMcuListener.onTransact: code=1 flags=16
02-19 18:14:12.150 D/K706RadioManager(14872): >>> IMcuListener.onMcuInfoChanged received! data=B1 00 00 25 3F 22 38 22 CE 23 32 23 AA 24 04 24 36 
02-19 18:14:12.150 D/TunerManagerForExt(15794): FMRadio main (TunerManagerForExt.java:147) onTunerPresetListChanged:  - mBand: 0 - mPresetIndex: 0 - mFrequency: 9535 - index: 0 - preset: 8760 - index: 1 - preset: 8910 - index: 2 - preset: 9010 - index: 3 - preset: 9130 - index: 4 - preset: 9220 - index: 5 - preset: 9270
02-19 18:14:12.152 D/K706RadioManager(14872): MCU[0xB1] len=17 : B1 00 00 25 3F 22 38 22 CE 23 32 23 AA 24 04 24 36 
02-19 18:14:12.152 D/K706RadioManager(14872): PresetList: band=0 presetIdx=0 currentFreq=9535 firstFreq=9535 (offset=3)
02-19 18:14:12.152 D/K706RadioManager(14872): >>> FREQ: 95400 -> 95350 (MCU=9535, 95,35 MHz)
02-19 18:14:12.195 E/mcu_services( 5512): MCU2APP : [ff fe fd 12 01 b1 00 00 25 3a 22 38 22 ce 23 32 23 aa 24 04 24 36 f3 ff ]
02-19 18:14:12.200 D/TunerPresenter(15794): handleTunerRawData: b1 0 0 25 3a 22 38 22 ce 23 32 23 aa 24 4 24 36 
02-19 18:14:12.201 D/K706RadioManager(14872): IMcuListener.onTransact: code=1 flags=16
02-19 18:14:12.202 D/TunerManagerForExt(15794): FMRadio main (TunerManagerForExt.java:147) onTunerPresetListChanged:  - mBand: 0 - mPresetIndex: 0 - mFrequency: 9530 - index: 0 - preset: 8760 - index: 1 - preset: 8910 - index: 2 - preset: 9010 - index: 3 - preset: 9130 - index: 4 - preset: 9220 - index: 5 - preset: 9270
02-19 18:14:12.203 D/K706RadioManager(14872): >>> IMcuListener.onMcuInfoChanged received! data=B1 00 00 25 3A 22 38 22 CE 23 32 23 AA 24 04 24 36 
02-19 18:14:12.205 D/K706RadioManager(14872): MCU[0xB1] len=17 : B1 00 00 25 3A 22 38 22 CE 23 32 23 AA 24 04 24 36 
02-19 18:14:12.205 D/K706RadioManager(14872): PresetList: band=0 presetIdx=0 currentFreq=9530 firstFreq=9530 (offset=3)
02-19 18:14:12.205 D/K706RadioManager(14872): >>> FREQ: 95350 -> 95300 (MCU=9530, 95,30 MHz)
02-19 18:14:12.244 E/mcu_services( 5512): MCU2APP : [ff fe fd 12 01 b1 00 00 25 35 22 38 22 ce 23 32 23 aa 24 04 24 36 fc ff ]
02-19 18:14:12.248 D/TunerPresenter(15794): handleTunerRawData: b1 0 0 25 35 22 38 22 ce 23 32 23 aa 24 4 24 36 
02-19 18:14:12.249 D/K706RadioManager(14872): IMcuListener.onTransact: code=1 flags=16
02-19 18:14:12.250 D/K706RadioManager(14872): >>> IMcuListener.onMcuInfoChanged received! data=B1 00 00 25 35 22 38 22 CE 23 32 23 AA 24 04 24 36 
02-19 18:14:12.251 D/TunerManagerForExt(15794): FMRadio main (TunerManagerForExt.java:147) onTunerPresetListChanged:  - mBand: 0 - mPresetIndex: 0 - mFrequency: 9525 - index: 0 - preset: 8760 - index: 1 - preset: 8910 - index: 2 - preset: 9010 - index: 3 - preset: 9130 - index: 4 - preset: 9220 - index: 5 - preset: 9270
02-19 18:14:12.252 D/K706RadioManager(14872): MCU[0xB1] len=17 : B1 00 00 25 35 22 38 22 CE 23 32 23 AA 24 04 24 36 
02-19 18:14:12.252 D/K706RadioManager(14872): PresetList: band=0 presetIdx=0 currentFreq=9525 firstFreq=9525 (offset=3)
02-19 18:14:12.252 D/K706RadioManager(14872): >>> FREQ: 95300 -> 95250 (MCU=9525, 95,25 MHz)
02-19 18:14:12.294 E/mcu_services( 5512): MCU2APP : [ff fe fd 12 01 b1 00 00 25 30 22 38 22 ce 23 32 23 aa 24 04 24 36 f9 ff ]
02-19 18:14:12.298 D/TunerPresenter(15794): handleTunerRawData: b1 0 0 25 30 22 38 22 ce 23 32 23 aa 24 4 24 36 
02-19 18:14:12.299 D/K706RadioManager(14872): IMcuListener.onTransact: code=1 flags=16
02-19 18:14:12.300 D/TunerManagerForExt(15794): FMRadio main (TunerManagerForExt.java:147) onTunerPresetListChanged:  - mBand: 0 - mPresetIndex: 0 - mFrequency: 9520 - index: 0 - preset: 8760 - index: 1 - preset: 8910 - index: 2 - preset: 9010 - index: 3 - preset: 9130 - index: 4 - preset: 9220 - index: 5 - preset: 9270
02-19 18:14:12.301 D/K706RadioManager(14872): >>> IMcuListener.onMcuInfoChanged received! data=B1 00 00 25 30 22 38 22 CE 23 32 23 AA 24 04 24 36 
02-19 18:14:12.302 D/K706RadioManager(14872): MCU[0xB1] len=17 : B1 00 00 25 30 22 38 22 CE 23 32 23 AA 24 04 24 36 
02-19 18:14:12.302 D/K706RadioManager(14872): PresetList: band=0 presetIdx=0 currentFreq=9520 firstFreq=9520 (offset=3)
02-19 18:14:12.303 D/K706RadioManager(14872): >>> FREQ: 95250 -> 95200 (MCU=9520, 95,20 MHz)
02-19 18:14:12.344 E/mcu_services( 5512): MCU2APP : [ff fe fd 12 01 b1 00 00 25 2b 22 38 22 ce 23 32 23 aa 24 04 24 36 e2 ff ]
02-19 18:14:12.348 D/TunerPresenter(15794): handleTunerRawData: b1 0 0 25 2b 22 38 22 ce 23 32 23 aa 24 4 24 36 
02-19 18:14:12.348 D/K706RadioManager(14872): IMcuListener.onTransact: code=1 flags=16
02-19 18:14:12.350 D/K706RadioManager(14872): >>> IMcuListener.onMcuInfoChanged received! data=B1 00 00 25 2B 22 38 22 CE 23 32 23 AA 24 04 24 36 
02-19 18:14:12.350 D/TunerManagerForExt(15794): FMRadio main (TunerManagerForExt.java:147) onTunerPresetListChanged:  - mBand: 0 - mPresetIndex: 0 - mFrequency: 9515 - index: 0 - preset: 8760 - index: 1 - preset: 8910 - index: 2 - preset: 9010 - index: 3 - preset: 9130 - index: 4 - preset: 9220 - index: 5 - preset: 9270
02-19 18:14:12.351 D/K706RadioManager(14872): MCU[0xB1] len=17 : B1 00 00 25 2B 22 38 22 CE 23 32 23 AA 24 04 24 36 
02-19 18:14:12.351 D/K706RadioManager(14872): PresetList: band=0 presetIdx=0 currentFreq=9515 firstFreq=9515 (offset=3)
02-19 18:14:12.352 D/K706RadioManager(14872): >>> FREQ: 95200 -> 95150 (MCU=9515, 95,15 MHz)
02-19 18:14:12.393 E/mcu_services( 5512): MCU2APP : [ff fe fd 12 01 b1 00 00 25 26 22 38 22 ce 23 32 23 aa 24 04 24 36 ef ff ]
02-19 18:14:12.398 D/TunerPresenter(15794): handleTunerRawData: b1 0 0 25 26 22 38 22 ce 23 32 23 aa 24 4 24 36 
02-19 18:14:12.398 D/K706RadioManager(14872): IMcuListener.onTransact: code=1 flags=16
02-19 18:14:12.399 D/K706RadioManager(14872): >>> IMcuListener.onMcuInfoChanged received! data=B1 00 00 25 26 22 38 22 CE 23 32 23 AA 24 04 24 36 
02-19 18:14:12.400 D/TunerManagerForExt(15794): FMRadio main (TunerManagerForExt.java:147) onTunerPresetListChanged:  - mBand: 0 - mPresetIndex: 0 - mFrequency: 9510 - index: 0 - preset: 8760 - index: 1 - preset: 8910 - index: 2 - preset: 9010 - index: 3 - preset: 9130 - index: 4 - preset: 9220 - index: 5 - preset: 9270
02-19 18:14:12.401 D/K706RadioManager(14872): MCU[0xB1] len=17 : B1 00 00 25 26 22 38 22 CE 23 32 23 AA 24 04 24 36 
02-19 18:14:12.401 D/K706RadioManager(14872): PresetList: band=0 presetIdx=0 currentFreq=9510 firstFreq=9510 (offset=3)
02-19 18:14:12.401 D/K706RadioManager(14872): >>> FREQ: 95150 -> 95100 (MCU=9510, 95,10 MHz)
02-19 18:14:12.443 E/mcu_services( 5512): MCU2APP : [ff fe fd 12 01 b1 00 00 25 21 22 38 22 ce 23 32 23 aa 24 04 24 36 e8 ff ]
02-19 18:14:12.448 D/TunerPresenter(15794): handleTunerRawData: b1 0 0 25 21 22 38 22 ce 23 32 23 aa 24 4 24 36 
02-19 18:14:12.448 D/K706RadioManager(14872): IMcuListener.onTransact: code=1 flags=16
02-19 18:14:12.450 D/K706RadioManager(14872): >>> IMcuListener.onMcuInfoChanged received! data=B1 00 00 25 21 22 38 22 CE 23 32 23 AA 24 04 24 36 
02-19 18:14:12.450 D/TunerManagerForExt(15794): FMRadio main (TunerManagerForExt.java:147) onTunerPresetListChanged:  - mBand: 0 - mPresetIndex: 0 - mFrequency: 9505 - index: 0 - preset: 8760 - index: 1 - preset: 8910 - index: 2 - preset: 9010 - index: 3 - preset: 9130 - index: 4 - preset: 9220 - index: 5 - preset: 9270
02-19 18:14:12.451 D/K706RadioManager(14872): MCU[0xB1] len=17 : B1 00 00 25 21 22 38 22 CE 23 32 23 AA 24 04 24 36 
02-19 18:14:12.451 D/K706RadioManager(14872): PresetList: band=0 presetIdx=0 currentFreq=9505 firstFreq=9505 (offset=3)
02-19 18:14:12.452 D/K706RadioManager(14872): >>> FREQ: 95100 -> 95050 (MCU=9505, 95,05 MHz)
02-19 18:14:12.493 E/mcu_services( 5512): MCU2APP : [ff fe fd 12 01 b1 00 00 25 1c 22 38 22 ce 23 32 23 aa 24 04 24 36 d5 ff ]
02-19 18:14:12.497 D/TunerPresenter(15794): handleTunerRawData: b1 0 0 25 1c 22 38 22 ce 23 32 23 aa 24 4 24 36 
02-19 18:14:12.498 D/K706RadioManager(14872): IMcuListener.onTransact: code=1 flags=16
02-19 18:14:12.499 D/K706RadioManager(14872): >>> IMcuListener.onMcuInfoChanged received! data=B1 00 00 25 1C 22 38 22 CE 23 32 23 AA 24 04 24 36 
02-19 18:14:12.500 D/TunerManagerForExt(15794): FMRadio main (TunerManagerForExt.java:147) onTunerPresetListChanged:  - mBand: 0 - mPresetIndex: 0 - mFrequency: 9500 - index: 0 - preset: 8760 - index: 1 - preset: 8910 - index: 2 - preset: 9010 - index: 3 - preset: 9130 - index: 4 - preset: 9220 - index: 5 - preset: 9270
02-19 18:14:12.501 D/K706RadioManager(14872): MCU[0xB1] len=17 : B1 00 00 25 1C 22 38 22 CE 23 32 23 AA 24 04 24 36 
02-19 18:14:12.501 D/K706RadioManager(14872): PresetList: band=0 presetIdx=0 currentFreq=9500 firstFreq=9500 (offset=3)
02-19 18:14:12.501 D/K706RadioManager(14872): >>> FREQ: 95050 -> 95000 (MCU=9500, 95,00 MHz)
02-19 18:14:12.543 E/mcu_services( 5512): MCU2APP : [ff fe fd 12 01 b1 00 00 25 17 22 38 22 ce 23 32 23 aa 24 04 24 36 de ff ]
02-19 18:14:12.547 D/TunerPresenter(15794): handleTunerRawData: b1 0 0 25 17 22 38 22 ce 23 32 23 aa 24 4 24 36 
02-19 18:14:12.547 D/K706RadioManager(14872): IMcuListener.onTransact: code=1 flags=16
02-19 18:14:12.549 D/K706RadioManager(14872): >>> IMcuListener.onMcuInfoChanged received! data=B1 00 00 25 17 22 38 22 CE 23 32 23 AA 24 04 24 36 
02-19 18:14:12.549 D/TunerManagerForExt(15794): FMRadio main (TunerManagerForExt.java:147) onTunerPresetListChanged:  - mBand: 0 - mPresetIndex: 0 - mFrequency: 9495 - index: 0 - preset: 8760 - index: 1 - preset: 8910 - index: 2 - preset: 9010 - index: 3 - preset: 9130 - index: 4 - preset: 9220 - index: 5 - preset: 9270
02-19 18:14:12.550 D/K706RadioManager(14872): MCU[0xB1] len=17 : B1 00 00 25 17 22 38 22 CE 23 32 23 AA 24 04 24 36 
02-19 18:14:12.551 D/K706RadioManager(14872): PresetList: band=0 presetIdx=0 currentFreq=9495 firstFreq=9495 (offset=3)
02-19 18:14:12.551 D/K706RadioManager(14872): >>> FREQ: 95000 -> 94950 (MCU=9495, 94,95 MHz)
02-19 18:14:12.593 E/mcu_services( 5512): MCU2APP : [ff fe fd 12 01 b1 00 00 25 12 22 38 22 ce 23 32 23 aa 24 04 24 36 db ff ]
02-19 18:14:12.595 D/TunerPresenter(15794): handleTunerRawData: b1 0 0 25 12 22 38 22 ce 23 32 23 aa 24 4 24 36 
02-19 18:14:12.595 D/K706RadioManager(14872): IMcuListener.onTransact: code=1 flags=16
02-19 18:14:12.597 D/K706RadioManager(14872): >>> IMcuListener.onMcuInfoChanged received! data=B1 00 00 25 12 22 38 22 CE 23 32 23 AA 24 04 24 36 
02-19 18:14:12.597 D/TunerManagerForExt(15794): FMRadio main (TunerManagerForExt.java:147) onTunerPresetListChanged:  - mBand: 0 - mPresetIndex: 0 - mFrequency: 9490 - index: 0 - preset: 8760 - index: 1 - preset: 8910 - index: 2 - preset: 9010 - index: 3 - preset: 9130 - index: 4 - preset: 9220 - index: 5 - preset: 9270
02-19 18:14:12.600 D/K706RadioManager(14872): MCU[0xB1] len=17 : B1 00 00 25 12 22 38 22 CE 23 32 23 AA 24 04 24 36 
02-19 18:14:12.600 D/K706RadioManager(14872): PresetList: band=0 presetIdx=0 currentFreq=9490 firstFreq=9490 (offset=3)
02-19 18:14:12.600 D/K706RadioManager(14872): >>> FREQ: 94950 -> 94900 (MCU=9490, 94,90 MHz)
02-19 18:14:12.636 E/mcu_services( 5512): MCU2APP : [ff fe fd 12 01 b1 00 00 25 12 22 38 22 ce 23 32 23 aa 24 04 24 36 db ff ]
02-19 18:14:12.639 D/TunerPresenter(15794): handleTunerRawData: b1 0 0 25 12 22 38 22 ce 23 32 23 aa 24 4 24 36 
02-19 18:14:12.640 D/K706RadioManager(14872): IMcuListener.onTransact: code=1 flags=16
02-19 18:14:12.644 D/TunerManagerForExt(15794): FMRadio main (TunerManagerForExt.java:147) onTunerPresetListChanged:  - mBand: 0 - mPresetIndex: 0 - mFrequency: 9490 - index: 0 - preset: 8760 - index: 1 - preset: 8910 - index: 2 - preset: 9010 - index: 3 - preset: 9130 - index: 4 - preset: 9220 - index: 5 - preset: 9270
02-19 18:14:12.645 D/K706RadioManager(14872): >>> IMcuListener.onMcuInfoChanged received! data=B1 00 00 25 12 22 38 22 CE 23 32 23 AA 24 04 24 36 
02-19 18:14:12.646 D/K706RadioManager(14872): MCU[0xB1] len=17 : B1 00 00 25 12 22 38 22 CE 23 32 23 AA 24 04 24 36 
02-19 18:14:12.646 D/K706RadioManager(14872): PresetList: band=0 presetIdx=0 currentFreq=9490 firstFreq=9490 (offset=3)
02-19 18:14:12.707 E/mcu_services( 5512): MCU2APP : [ff fe fd 12 01 b1 00 00 25 12 22 38 22 ce 23 32 23 aa 24 04 24 36 db ff ]
02-19 18:14:12.707 E/mcu_services( 5512): MCU2APP : [ff fe fd 03 01 b4 00 b5 ff ]
02-19 18:14:12.708 E/mcu_services( 5512): sendAckSuccess : [ff fd fe 02 02 b4 b6 ff ]
02-19 18:14:12.708 E/mcu_services( 5512): APP2MCU - writeToUart: [ff fd fe 02 02 b4 b6 ff ]
02-19 18:14:12.715 D/TunerPresenter(15794): handleTunerRawData: b1 0 0 25 12 22 38 22 ce 23 32 23 aa 24 4 24 36 
02-19 18:14:12.715 D/TunerManagerForExt(15794): FMRadio main (TunerManagerForExt.java:147) onTunerPresetListChanged:  - mBand: 0 - mPresetIndex: 0 - mFrequency: 9490 - index: 0 - preset: 8760 - index: 1 - preset: 8910 - index: 2 - preset: 9010 - index: 3 - preset: 9130 - index: 4 - preset: 9220 - index: 5 - preset: 9270
02-19 18:14:12.715 D/K706RadioManager(14872): IMcuListener.onTransact: code=1 flags=16
02-19 18:14:12.717 D/K706RadioManager(14872): >>> IMcuListener.onMcuInfoChanged received! data=B1 00 00 25 12 22 38 22 CE 23 32 23 AA 24 04 24 36 
02-19 18:14:12.719 D/K706RadioManager(14872): MCU[0xB1] len=17 : B1 00 00 25 12 22 38 22 CE 23 32 23 AA 24 04 24 36 
02-19 18:14:12.719 D/K706RadioManager(14872): PresetList: band=0 presetIdx=0 currentFreq=9490 firstFreq=9490 (offset=3)
02-19 18:14:12.722 D/K706RadioManager(14872): IMcuListener.onTransact: code=1 flags=16
02-19 18:14:12.722 D/K706RadioManager(14872): >>> IMcuListener.onMcuInfoChanged received! data=B4 00 
02-19 18:14:12.723 D/TunerPresenter(15794): handleTunerRawData: b4 0 
02-19 18:14:12.723 D/K706RadioManager(14872): MCU[0xB4] len=2 : B4 00 
02-19 18:14:12.723 D/K706RadioManager(14872): Unknown MCU packet type: 0xB4
02-19 18:14:12.723 D/TunerManagerForExt(15794): FMRadio main (TunerManagerForExt.java:195) onTuneRdsIndicateInfo: onTuneRdsIndicateInfo - flag: 0 - mRdsSwitch: 0
02-19 18:14:12.769 E/mcu_services( 5512): MCU2APP : [ff fe fd 03 01 b0 70 c1 ff ]
02-19 18:14:12.772 D/TunerPresenter(15794): handleTunerRawData: b0 70 
02-19 18:14:12.773 D/TunerManagerForExt(15794): FMRadio main (TunerManagerForExt.java:108) onTunerInfoChanged: onTunerInfoChanged - flag: 112 - asFlag: 0 - psFlag: 0 - scanFlag: 0 - seekFlag: 0 - mStFlag: 1 - mLocFlag: 1 - mIsSearching: true - mTempSearching: false
02-19 18:14:12.773 D/TunerManagerForExt(15794): FMRadio main (TunerManagerForExt.java:118) onTunerInfoChanged: mIsSearching: false - mTempSearching: false - asFlag: 0 - seekFlag: 0
02-19 18:14:12.773 D/K706RadioManager(14872): IMcuListener.onTransact: code=1 flags=16
02-19 18:14:12.773 D/K706RadioManager(14872): >>> IMcuListener.onMcuInfoChanged received! data=B0 70 
02-19 18:14:12.774 D/K706RadioManager(14872): MCU[0xB0] len=2 : B0 70 
02-19 18:14:12.774 D/K706RadioManager(14872): TunerInfo: flags=0x70 save=false AS=false finish=true valid=true ST=true LOC=false seek=false scan=false
02-19 18:14:12.952 E/mcu_services( 5512): MCU2APP : [ff fe fd 03 01 b4 05 b0 ff ]
02-19 18:14:12.952 E/mcu_services( 5512): MCU2APP : [ff fe fd 04 01 b5 00 03 b7 ff ]
02-19 18:14:12.952 E/mcu_services( 5512): sendAckSuccess : [ff fd fe 02 02 b4 b6 ff ]
02-19 18:14:12.952 E/mcu_services( 5512): APP2MCU - writeToUart: [ff fd fe 02 02 b4 b6 ff ]
02-19 18:14:12.952 E/mcu_services( 5512): sendAckSuccess : [ff fd fe 02 02 b5 b7 ff ]
02-19 18:14:12.953 E/mcu_services( 5512): APP2MCU - writeToUart: [ff fd fe 02 02 b5 b7 ff ]
02-19 18:14:12.956 D/TunerPresenter(15794): handleTunerRawData: b4 5 
02-19 18:14:12.956 D/TunerManagerForExt(15794): FMRadio main (TunerManagerForExt.java:195) onTuneRdsIndicateInfo: onTuneRdsIndicateInfo - flag: 5 - mRdsSwitch: 1
02-19 18:14:12.956 D/K706RadioManager(14872): IMcuListener.onTransact: code=1 flags=16
02-19 18:14:12.957 D/K706RadioManager(14872): >>> IMcuListener.onMcuInfoChanged received! data=B4 05 
02-19 18:14:12.957 D/K706RadioManager(14872): MCU[0xB4] len=2 : B4 05 
02-19 18:14:12.957 D/K706RadioManager(14872): Unknown MCU packet type: 0xB4
02-19 18:14:12.960 D/TunerPresenter(15794): handleTunerRawData: b5 0 3 
02-19 18:14:12.960 D/TunerManagerForExt(15794): FMRadio main (TunerManagerForExt.java:220) onTuneRdsPtyTypeInfo: onTuneRdsPtyTypeInfo - mRdsPtyType: 0
02-19 18:14:12.960 D/K706RadioManager(14872): IMcuListener.onTransact: code=1 flags=16
02-19 18:14:12.961 D/K706RadioManager(14872): >>> IMcuListener.onMcuInfoChanged received! data=B5 00 03 
02-19 18:14:12.962 D/K706RadioManager(14872): MCU[0xB5] len=3 : B5 00 03 
02-19 18:14:12.962 D/K706RadioManager(14872): Unknown MCU packet type: 0xB5
02-19 18:14:13.167 E/mcu_services( 5512): MCU2APP : [ff fe fd 03 01 29 6d 45 ff ]
02-19 18:14:13.171 D/K706RadioManager(14872): IMcuListener.onTransact: code=1 flags=16
02-19 18:14:13.172 D/K706RadioManager(14872): >>> IMcuListener.onMcuInfoChanged received! data=29 6D 
02-19 18:14:13.172 D/K706RadioManager(14872): MCU[0x29] len=2 : 29 6D 
02-19 18:14:13.172 D/K706RadioManager(14872): Unknown MCU packet type: 0x29
02-19 18:14:14.543 E/mcu_services( 5512): MCU2APP : [ff fe fd 0a 01 b6 52 4e 45 20 31 20 20 20 df ff ]
02-19 18:14:14.543 E/mcu_services( 5512): sendAckSuccess : [ff fd fe 02 02 b6 b4 ff ]
02-19 18:14:14.543 E/mcu_services( 5512): APP2MCU - writeToUart: [ff fd fe 02 02 b6 b4 ff ]
02-19 18:14:14.547 D/TunerPresenter(15794): handleTunerRawData: b6 52 4e 45 20 31 20 20 20 
02-19 18:14:14.547 D/K706RadioManager(14872): IMcuListener.onTransact: code=1 flags=16
02-19 18:14:14.547 D/TunerManagerForExt(15794): FMRadio main (TunerManagerForExt.java:234) onTuneRdsPSInfo: onTuneRdsPSInfo - len: 9 - data: b6 52 4e 45 20 31 20 20 20 
02-19 18:14:14.547 D/TunerManagerForExt(15794): FMRadio main (TunerManagerForExt.java:258) onTuneRdsPSInfo: onTuneRdsPSInfo - mRdsPsInfo: RNE 1   
02-19 18:14:14.548 D/K706RadioManager(14872): >>> IMcuListener.onMcuInfoChanged received! data=B6 52 4E 45 20 31 20 20 20 
02-19 18:14:14.549 D/K706RadioManager(14872): MCU[0xB6] len=9 : B6 52 4E 45 20 31 20 20 20 
02-19 18:14:14.549 D/K706RadioManager(14872): RDS PS: 'RNE 1'
02-19 18:14:15.156 E/mcu_services( 5512): MCU2APP : [ff fe fd 03 01 29 6d 45 ff ]
02-19 18:14:15.160 D/K706RadioManager(14872): IMcuListener.onTransact: code=1 flags=16
02-19 18:14:15.161 D/K706RadioManager(14872): >>> IMcuListener.onMcuInfoChanged received! data=29 6D 
02-19 18:14:15.161 D/K706RadioManager(14872): MCU[0x29] len=2 : 29 6D 
02-19 18:14:15.161 D/K706RadioManager(14872): Unknown MCU packet type: 0x29
02-19 18:14:17.145 E/mcu_services( 5512): MCU2APP : [ff fe fd 03 01 29 6d 45 ff ]
02-19 18:14:17.150 D/K706RadioManager(14872): IMcuListener.onTransact: code=1 flags=16
02-19 18:14:17.150 D/K706RadioManager(14872): >>> IMcuListener.onMcuInfoChanged received! data=29 6D 
02-19 18:14:17.151 D/K706RadioManager(14872): MCU[0x29] len=2 : 29 6D 
02-19 18:14:17.151 D/K706RadioManager(14872): Unknown MCU packet type: 0x29
02-19 18:14:18.264 E/mcu_services( 5512): APP2MCU - writeToUartNormal : [ff fd fe 05 01 a0 02 00 00 a3 ff ]
02-19 18:14:18.265 D/K706RadioManager(14872): CMD Enviado: sub=0x02 p1=0x00 p2=0x00
02-19 18:14:18.265 D/K706RadioManager(14872): Seek DOWN iniciado
02-19 18:14:18.337 E/mcu_services( 5512): MCU2APP : [ff fe fd 12 01 b1 00 00 25 0d 22 38 22 ce 23 32 23 aa 24 04 24 36 c4 ff ]
02-19 18:14:18.337 E/mcu_services( 5512): MCU2APP : [ff fe fd 03 01 b0 78 c9 ff ]
02-19 18:14:18.341 D/TunerPresenter(15794): handleTunerRawData: b1 0 0 25 d 22 38 22 ce 23 32 23 aa 24 4 24 36 
02-19 18:14:18.342 D/K706RadioManager(14872): IMcuListener.onTransact: code=1 flags=16
02-19 18:14:18.342 D/TunerManagerForExt(15794): FMRadio main (TunerManagerForExt.java:147) onTunerPresetListChanged:  - mBand: 0 - mPresetIndex: 0 - mFrequency: 9485 - index: 0 - preset: 8760 - index: 1 - preset: 8910 - index: 2 - preset: 9010 - index: 3 - preset: 9130 - index: 4 - preset: 9220 - index: 5 - preset: 9270
02-19 18:14:18.344 D/K706RadioManager(14872): >>> IMcuListener.onMcuInfoChanged received! data=B1 00 00 25 0D 22 38 22 CE 23 32 23 AA 24 04 24 36 
02-19 18:14:18.347 D/K706RadioManager(14872): MCU[0xB1] len=17 : B1 00 00 25 0D 22 38 22 CE 23 32 23 AA 24 04 24 36 
02-19 18:14:18.348 D/K706RadioManager(14872): PresetList: band=0 presetIdx=0 currentFreq=9485 firstFreq=9485 (offset=3)
02-19 18:14:18.348 D/K706RadioManager(14872): >>> FREQ: 94900 -> 94850 (MCU=9485, 94,85 MHz)
02-19 18:14:18.356 D/K706RadioManager(14872): IMcuListener.onTransact: code=1 flags=16
02-19 18:14:18.357 D/K706RadioManager(14872): >>> IMcuListener.onMcuInfoChanged received! data=B0 78 
02-19 18:14:18.357 D/K706RadioManager(14872): MCU[0xB0] len=2 : B0 78 
02-19 18:14:18.357 D/K706RadioManager(14872): TunerInfo: flags=0x78 save=false AS=true finish=true valid=true ST=true LOC=false seek=false scan=false
02-19 18:14:18.367 D/TunerPresenter(15794): handleTunerRawData: b0 78 
02-19 18:14:18.367 D/TunerManagerForExt(15794): FMRadio main (TunerManagerForExt.java:108) onTunerInfoChanged: onTunerInfoChanged - flag: 120 - asFlag: 0 - psFlag: 0 - scanFlag: 0 - seekFlag: 1 - mStFlag: 1 - mLocFlag: 1 - mIsSearching: false - mTempSearching: false
02-19 18:14:18.367 D/TunerManagerForExt(15794): FMRadio main (TunerManagerForExt.java:118) onTunerInfoChanged: mIsSearching: true - mTempSearching: false - asFlag: 0 - seekFlag: 1
02-19 18:14:18.380 E/mcu_services( 5512): MCU2APP : [ff fe fd 12 01 b1 00 00 25 08 22 38 22 ce 23 32 23 aa 24 04 24 36 c1 ff ]
02-19 18:14:18.383 D/TunerPresenter(15794): handleTunerRawData: b1 0 0 25 8 22 38 22 ce 23 32 23 aa 24 4 24 36 
02-19 18:14:18.383 D/K706RadioManager(14872): IMcuListener.onTransact: code=1 flags=16
02-19 18:14:18.385 D/K706RadioManager(14872): >>> IMcuListener.onMcuInfoChanged received! data=B1 00 00 25 08 22 38 22 CE 23 32 23 AA 24 04 24 36 
02-19 18:14:18.386 D/K706RadioManager(14872): MCU[0xB1] len=17 : B1 00 00 25 08 22 38 22 CE 23 32 23 AA 24 04 24 36 
02-19 18:14:18.386 D/K706RadioManager(14872): PresetList: band=0 presetIdx=0 currentFreq=9480 firstFreq=9480 (offset=3)
02-19 18:14:18.386 D/TunerManagerForExt(15794): FMRadio main (TunerManagerForExt.java:147) onTunerPresetListChanged:  - mBand: 0 - mPresetIndex: 0 - mFrequency: 9480 - index: 0 - preset: 8760 - index: 1 - preset: 8910 - index: 2 - preset: 9010 - index: 3 - preset: 9130 - index: 4 - preset: 9220 - index: 5 - preset: 9270
02-19 18:14:18.386 D/K706RadioManager(14872): >>> FREQ: 94850 -> 94800 (MCU=9480, 94,80 MHz)
02-19 18:14:18.430 E/mcu_services( 5512): MCU2APP : [ff fe fd 12 01 b1 00 00 25 03 22 38 22 ce 23 32 23 aa 24 04 24 36 ca ff ]
02-19 18:14:18.432 D/TunerPresenter(15794): handleTunerRawData: b1 0 0 25 3 22 38 22 ce 23 32 23 aa 24 4 24 36 
02-19 18:14:18.433 D/K706RadioManager(14872): IMcuListener.onTransact: code=1 flags=16
02-19 18:14:18.434 D/K706RadioManager(14872): >>> IMcuListener.onMcuInfoChanged received! data=B1 00 00 25 03 22 38 22 CE 23 32 23 AA 24 04 24 36 
02-19 18:14:18.434 D/TunerManagerForExt(15794): FMRadio main (TunerManagerForExt.java:147) onTunerPresetListChanged:  - mBand: 0 - mPresetIndex: 0 - mFrequency: 9475 - index: 0 - preset: 8760 - index: 1 - preset: 8910 - index: 2 - preset: 9010 - index: 3 - preset: 9130 - index: 4 - preset: 9220 - index: 5 - preset: 9270
02-19 18:14:18.435 D/K706RadioManager(14872): MCU[0xB1] len=17 : B1 00 00 25 03 22 38 22 CE 23 32 23 AA 24 04 24 36 
02-19 18:14:18.435 D/K706RadioManager(14872): PresetList: band=0 presetIdx=0 currentFreq=9475 firstFreq=9475 (offset=3)
02-19 18:14:18.435 D/K706RadioManager(14872): >>> FREQ: 94800 -> 94750 (MCU=9475, 94,75 MHz)
02-19 18:14:18.480 E/mcu_services( 5512): MCU2APP : [ff fe fd 12 01 b1 00 00 24 fe 22 38 22 ce 23 32 23 aa 24 04 24 36 36 ff ]
02-19 18:14:18.484 D/TunerPresenter(15794): handleTunerRawData: b1 0 0 24 fe 22 38 22 ce 23 32 23 aa 24 4 24 36 
02-19 18:14:18.485 D/K706RadioManager(14872): IMcuListener.onTransact: code=1 flags=16
02-19 18:14:18.486 D/K706RadioManager(14872): >>> IMcuListener.onMcuInfoChanged received! data=B1 00 00 24 FE 22 38 22 CE 23 32 23 AA 24 04 24 36 
02-19 18:14:18.487 D/TunerManagerForExt(15794): FMRadio main (TunerManagerForExt.java:147) onTunerPresetListChanged:  - mBand: 0 - mPresetIndex: 0 - mFrequency: 9470 - index: 0 - preset: 8760 - index: 1 - preset: 8910 - index: 2 - preset: 9010 - index: 3 - preset: 9130 - index: 4 - preset: 9220 - index: 5 - preset: 9270
02-19 18:14:18.487 D/K706RadioManager(14872): MCU[0xB1] len=17 : B1 00 00 24 FE 22 38 22 CE 23 32 23 AA 24 04 24 36 
02-19 18:14:18.487 D/K706RadioManager(14872): PresetList: band=0 presetIdx=0 currentFreq=9470 firstFreq=9470 (offset=3)
02-19 18:14:18.488 D/K706RadioManager(14872): >>> FREQ: 94750 -> 94700 (MCU=9470, 94,70 MHz)
02-19 18:14:18.529 E/mcu_services( 5512): MCU2APP : [ff fe fd 12 01 b1 00 00 24 f9 22 38 22 ce 23 32 23 aa 24 04 24 36 31 ff ]
02-19 18:14:18.534 D/TunerPresenter(15794): handleTunerRawData: b1 0 0 24 f9 22 38 22 ce 23 32 23 aa 24 4 24 36 
02-19 18:14:18.534 D/K706RadioManager(14872): IMcuListener.onTransact: code=1 flags=16
02-19 18:14:18.535 D/K706RadioManager(14872): >>> IMcuListener.onMcuInfoChanged received! data=B1 00 00 24 F9 22 38 22 CE 23 32 23 AA 24 04 24 36 
02-19 18:14:18.536 D/TunerManagerForExt(15794): FMRadio main (TunerManagerForExt.java:147) onTunerPresetListChanged:  - mBand: 0 - mPresetIndex: 0 - mFrequency: 9465 - index: 0 - preset: 8760 - index: 1 - preset: 8910 - index: 2 - preset: 9010 - index: 3 - preset: 9130 - index: 4 - preset: 9220 - index: 5 - preset: 9270
02-19 18:14:18.536 D/K706RadioManager(14872): MCU[0xB1] len=17 : B1 00 00 24 F9 22 38 22 CE 23 32 23 AA 24 04 24 36 
02-19 18:14:18.536 D/K706RadioManager(14872): PresetList: band=0 presetIdx=0 currentFreq=9465 firstFreq=9465 (offset=3)
02-19 18:14:18.536 D/K706RadioManager(14872): >>> FREQ: 94700 -> 94650 (MCU=9465, 94,65 MHz)
02-19 18:14:18.579 E/mcu_services( 5512): MCU2APP : [ff fe fd 12 01 b1 00 00 24 f4 22 38 22 ce 23 32 23 aa 24 04 24 36 3c ff ]
02-19 18:14:18.583 D/TunerPresenter(15794): handleTunerRawData: b1 0 0 24 f4 22 38 22 ce 23 32 23 aa 24 4 24 36 
02-19 18:14:18.583 D/K706RadioManager(14872): IMcuListener.onTransact: code=1 flags=16
02-19 18:14:18.584 D/K706RadioManager(14872): >>> IMcuListener.onMcuInfoChanged received! data=B1 00 00 24 F4 22 38 22 CE 23 32 23 AA 24 04 24 36 
02-19 18:14:18.586 D/K706RadioManager(14872): MCU[0xB1] len=17 : B1 00 00 24 F4 22 38 22 CE 23 32 23 AA 24 04 24 36 
02-19 18:14:18.586 D/K706RadioManager(14872): PresetList: band=0 presetIdx=0 currentFreq=9460 firstFreq=9460 (offset=3)
02-19 18:14:18.587 D/K706RadioManager(14872): >>> FREQ: 94650 -> 94600 (MCU=9460, 94,60 MHz)
02-19 18:14:18.587 D/TunerManagerForExt(15794): FMRadio main (TunerManagerForExt.java:147) onTunerPresetListChanged:  - mBand: 0 - mPresetIndex: 0 - mFrequency: 9460 - index: 0 - preset: 8760 - index: 1 - preset: 8910 - index: 2 - preset: 9010 - index: 3 - preset: 9130 - index: 4 - preset: 9220 - index: 5 - preset: 9270
02-19 18:14:18.629 E/mcu_services( 5512): MCU2APP : [ff fe fd 12 01 b1 00 00 24 ef 22 38 22 ce 23 32 23 aa 24 04 24 36 27 ff ]
02-19 18:14:18.633 D/TunerPresenter(15794): handleTunerRawData: b1 0 0 24 ef 22 38 22 ce 23 32 23 aa 24 4 24 36 
02-19 18:14:18.633 D/K706RadioManager(14872): IMcuListener.onTransact: code=1 flags=16
02-19 18:14:18.635 D/K706RadioManager(14872): >>> IMcuListener.onMcuInfoChanged received! data=B1 00 00 24 EF 22 38 22 CE 23 32 23 AA 24 04 24 36 
02-19 18:14:18.635 D/TunerManagerForExt(15794): FMRadio main (TunerManagerForExt.java:147) onTunerPresetListChanged:  - mBand: 0 - mPresetIndex: 0 - mFrequency: 9455 - index: 0 - preset: 8760 - index: 1 - preset: 8910 - index: 2 - preset: 9010 - index: 3 - preset: 9130 - index: 4 - preset: 9220 - index: 5 - preset: 9270
02-19 18:14:18.636 D/K706RadioManager(14872): MCU[0xB1] len=17 : B1 00 00 24 EF 22 38 22 CE 23 32 23 AA 24 04 24 36 
02-19 18:14:18.636 D/K706RadioManager(14872): PresetList: band=0 presetIdx=0 currentFreq=9455 firstFreq=9455 (offset=3)
02-19 18:14:18.636 D/K706RadioManager(14872): >>> FREQ: 94600 -> 94550 (MCU=9455, 94,55 MHz)
02-19 18:14:18.679 E/mcu_services( 5512): MCU2APP : [ff fe fd 12 01 b1 00 00 24 ea 22 38 22 ce 23 32 23 aa 24 04 24 36 22 ff ]
02-19 18:14:18.683 D/K706RadioManager(14872): IMcuListener.onTransact: code=1 flags=16
02-19 18:14:18.685 D/K706RadioManager(14872): >>> IMcuListener.onMcuInfoChanged received! data=B1 00 00 24 EA 22 38 22 CE 23 32 23 AA 24 04 24 36 
02-19 18:14:18.685 D/TunerPresenter(15794): handleTunerRawData: b1 0 0 24 ea 22 38 22 ce 23 32 23 aa 24 4 24 36 
02-19 18:14:18.686 D/K706RadioManager(14872): MCU[0xB1] len=17 : B1 00 00 24 EA 22 38 22 CE 23 32 23 AA 24 04 24 36 
02-19 18:14:18.686 D/K706RadioManager(14872): PresetList: band=0 presetIdx=0 currentFreq=9450 firstFreq=9450 (offset=3)
02-19 18:14:18.687 D/K706RadioManager(14872): >>> FREQ: 94550 -> 94500 (MCU=9450, 94,50 MHz)
02-19 18:14:18.688 D/TunerManagerForExt(15794): FMRadio main (TunerManagerForExt.java:147) onTunerPresetListChanged:  - mBand: 0 - mPresetIndex: 0 - mFrequency: 9450 - index: 0 - preset: 8760 - index: 1 - preset: 8910 - index: 2 - preset: 9010 - index: 3 - preset: 9130 - index: 4 - preset: 9220 - index: 5 - preset: 9270
02-19 18:14:18.728 E/mcu_services( 5512): MCU2APP : [ff fe fd 12 01 b1 00 00 24 e5 22 38 22 ce 23 32 23 aa 24 04 24 36 2d ff ]
02-19 18:14:18.731 D/TunerPresenter(15794): handleTunerRawData: b1 0 0 24 e5 22 38 22 ce 23 32 23 aa 24 4 24 36 
02-19 18:14:18.731 D/K706RadioManager(14872): IMcuListener.onTransact: code=1 flags=16
02-19 18:14:18.733 D/K706RadioManager(14872): >>> IMcuListener.onMcuInfoChanged received! data=B1 00 00 24 E5 22 38 22 CE 23 32 23 AA 24 04 24 36 
02-19 18:14:18.733 D/TunerManagerForExt(15794): FMRadio main (TunerManagerForExt.java:147) onTunerPresetListChanged:  - mBand: 0 - mPresetIndex: 0 - mFrequency: 9445 - index: 0 - preset: 8760 - index: 1 - preset: 8910 - index: 2 - preset: 9010 - index: 3 - preset: 9130 - index: 4 - preset: 9220 - index: 5 - preset: 9270
02-19 18:14:18.734 D/K706RadioManager(14872): MCU[0xB1] len=17 : B1 00 00 24 E5 22 38 22 CE 23 32 23 AA 24 04 24 36 
02-19 18:14:18.734 D/K706RadioManager(14872): PresetList: band=0 presetIdx=0 currentFreq=9445 firstFreq=9445 (offset=3)
02-19 18:14:18.734 D/K706RadioManager(14872): >>> FREQ: 94500 -> 94450 (MCU=9445, 94,45 MHz)
02-19 18:14:18.778 E/mcu_services( 5512): MCU2APP : [ff fe fd 12 01 b1 00 00 24 e0 22 38 22 ce 23 32 23 aa 24 04 24 36 28 ff ]
02-19 18:14:18.782 D/TunerPresenter(15794): handleTunerRawData: b1 0 0 24 e0 22 38 22 ce 23 32 23 aa 24 4 24 36 
02-19 18:14:18.782 D/K706RadioManager(14872): IMcuListener.onTransact: code=1 flags=16
02-19 18:14:18.784 D/K706RadioManager(14872): >>> IMcuListener.onMcuInfoChanged received! data=B1 00 00 24 E0 22 38 22 CE 23 32 23 AA 24 04 24 36 
02-19 18:14:18.785 D/TunerManagerForExt(15794): FMRadio main (TunerManagerForExt.java:147) onTunerPresetListChanged:  - mBand: 0 - mPresetIndex: 0 - mFrequency: 9440 - index: 0 - preset: 8760 - index: 1 - preset: 8910 - index: 2 - preset: 9010 - index: 3 - preset: 9130 - index: 4 - preset: 9220 - index: 5 - preset: 9270
02-19 18:14:18.785 D/K706RadioManager(14872): MCU[0xB1] len=17 : B1 00 00 24 E0 22 38 22 CE 23 32 23 AA 24 04 24 36 
02-19 18:14:18.785 D/K706RadioManager(14872): PresetList: band=0 presetIdx=0 currentFreq=9440 firstFreq=9440 (offset=3)
02-19 18:14:18.785 D/K706RadioManager(14872): >>> FREQ: 94450 -> 94400 (MCU=9440, 94,40 MHz)
02-19 18:14:18.828 E/mcu_services( 5512): MCU2APP : [ff fe fd 12 01 b1 00 00 24 db 22 38 22 ce 23 32 23 aa 24 04 24 36 13 ff ]
02-19 18:14:18.832 D/TunerPresenter(15794): handleTunerRawData: b1 0 0 24 db 22 38 22 ce 23 32 23 aa 24 4 24 36 
02-19 18:14:18.832 D/K706RadioManager(14872): IMcuListener.onTransact: code=1 flags=16
02-19 18:14:18.833 D/K706RadioManager(14872): >>> IMcuListener.onMcuInfoChanged received! data=B1 00 00 24 DB 22 38 22 CE 23 32 23 AA 24 04 24 36 
02-19 18:14:18.834 D/TunerManagerForExt(15794): FMRadio main (TunerManagerForExt.java:147) onTunerPresetListChanged:  - mBand: 0 - mPresetIndex: 0 - mFrequency: 9435 - index: 0 - preset: 8760 - index: 1 - preset: 8910 - index: 2 - preset: 9010 - index: 3 - preset: 9130 - index: 4 - preset: 9220 - index: 5 - preset: 9270
02-19 18:14:18.834 D/K706RadioManager(14872): MCU[0xB1] len=17 : B1 00 00 24 DB 22 38 22 CE 23 32 23 AA 24 04 24 36 
02-19 18:14:18.835 D/K706RadioManager(14872): PresetList: band=0 presetIdx=0 currentFreq=9435 firstFreq=9435 (offset=3)
02-19 18:14:18.835 D/K706RadioManager(14872): >>> FREQ: 94400 -> 94350 (MCU=9435, 94,35 MHz)
02-19 18:14:18.878 E/mcu_services( 5512): MCU2APP : [ff fe fd 12 01 b1 00 00 24 d6 22 38 22 ce 23 32 23 aa 24 04 24 36 1e ff ]
02-19 18:14:18.882 D/TunerPresenter(15794): handleTunerRawData: b1 0 0 24 d6 22 38 22 ce 23 32 23 aa 24 4 24 36 
02-19 18:14:18.882 D/K706RadioManager(14872): IMcuListener.onTransact: code=1 flags=16
02-19 18:14:18.884 D/K706RadioManager(14872): >>> IMcuListener.onMcuInfoChanged received! data=B1 00 00 24 D6 22 38 22 CE 23 32 23 AA 24 04 24 36 
02-19 18:14:18.884 D/TunerManagerForExt(15794): FMRadio main (TunerManagerForExt.java:147) onTunerPresetListChanged:  - mBand: 0 - mPresetIndex: 0 - mFrequency: 9430 - index: 0 - preset: 8760 - index: 1 - preset: 8910 - index: 2 - preset: 9010 - index: 3 - preset: 9130 - index: 4 - preset: 9220 - index: 5 - preset: 9270
02-19 18:14:18.885 D/K706RadioManager(14872): MCU[0xB1] len=17 : B1 00 00 24 D6 22 38 22 CE 23 32 23 AA 24 04 24 36 
02-19 18:14:18.885 D/K706RadioManager(14872): PresetList: band=0 presetIdx=0 currentFreq=9430 firstFreq=9430 (offset=3)
02-19 18:14:18.885 D/K706RadioManager(14872): >>> FREQ: 94350 -> 94300 (MCU=9430, 94,30 MHz)
02-19 18:14:18.927 E/mcu_services( 5512): MCU2APP : [ff fe fd 12 01 b1 00 00 24 d1 22 38 22 ce 23 32 23 aa 24 04 24 36 19 ff ]
02-19 18:14:18.931 D/TunerPresenter(15794): handleTunerRawData: b1 0 0 24 d1 22 38 22 ce 23 32 23 aa 24 4 24 36 
02-19 18:14:18.932 D/K706RadioManager(14872): IMcuListener.onTransact: code=1 flags=16
02-19 18:14:18.933 D/K706RadioManager(14872): >>> IMcuListener.onMcuInfoChanged received! data=B1 00 00 24 D1 22 38 22 CE 23 32 23 AA 24 04 24 36 
02-19 18:14:18.934 D/TunerManagerForExt(15794): FMRadio main (TunerManagerForExt.java:147) onTunerPresetListChanged:  - mBand: 0 - mPresetIndex: 0 - mFrequency: 9425 - index: 0 - preset: 8760 - index: 1 - preset: 8910 - index: 2 - preset: 9010 - index: 3 - preset: 9130 - index: 4 - preset: 9220 - index: 5 - preset: 9270
02-19 18:14:18.934 D/K706RadioManager(14872): MCU[0xB1] len=17 : B1 00 00 24 D1 22 38 22 CE 23 32 23 AA 24 04 24 36 
02-19 18:14:18.934 D/K706RadioManager(14872): PresetList: band=0 presetIdx=0 currentFreq=9425 firstFreq=9425 (offset=3)
02-19 18:14:18.935 D/K706RadioManager(14872): >>> FREQ: 94300 -> 94250 (MCU=9425, 94,25 MHz)
02-19 18:14:18.977 E/mcu_services( 5512): MCU2APP : [ff fe fd 12 01 b1 00 00 24 cc 22 38 22 ce 23 32 23 aa 24 04 24 36 04 ff ]
02-19 18:14:18.981 D/TunerPresenter(15794): handleTunerRawData: b1 0 0 24 cc 22 38 22 ce 23 32 23 aa 24 4 24 36 
02-19 18:14:18.981 D/K706RadioManager(14872): IMcuListener.onTransact: code=1 flags=16
02-19 18:14:18.983 D/K706RadioManager(14872): >>> IMcuListener.onMcuInfoChanged received! data=B1 00 00 24 CC 22 38 22 CE 23 32 23 AA 24 04 24 36 
02-19 18:14:18.984 D/TunerManagerForExt(15794): FMRadio main (TunerManagerForExt.java:147) onTunerPresetListChanged:  - mBand: 0 - mPresetIndex: 0 - mFrequency: 9420 - index: 0 - preset: 8760 - index: 1 - preset: 8910 - index: 2 - preset: 9010 - index: 3 - preset: 9130 - index: 4 - preset: 9220 - index: 5 - preset: 9270
02-19 18:14:18.984 D/K706RadioManager(14872): MCU[0xB1] len=17 : B1 00 00 24 CC 22 38 22 CE 23 32 23 AA 24 04 24 36 
02-19 18:14:18.984 D/K706RadioManager(14872): PresetList: band=0 presetIdx=0 currentFreq=9420 firstFreq=9420 (offset=3)
02-19 18:14:18.984 D/K706RadioManager(14872): >>> FREQ: 94250 -> 94200 (MCU=9420, 94,20 MHz)
02-19 18:14:19.020 E/mcu_services( 5512): MCU2APP : [ff fe fd 12 01 b1 00 00 24 cc 22 38 22 ce 23 32 23 aa 24 04 24 36 04 ff ]
02-19 18:14:19.024 D/TunerPresenter(15794): handleTunerRawData: b1 0 0 24 cc 22 38 22 ce 23 32 23 aa 24 4 24 36 
02-19 18:14:19.025 D/K706RadioManager(14872): IMcuListener.onTransact: code=1 flags=16
02-19 18:14:19.026 D/K706RadioManager(14872): >>> IMcuListener.onMcuInfoChanged received! data=B1 00 00 24 CC 22 38 22 CE 23 32 23 AA 24 04 24 36 
02-19 18:14:19.027 D/TunerManagerForExt(15794): FMRadio main (TunerManagerForExt.java:147) onTunerPresetListChanged:  - mBand: 0 - mPresetIndex: 0 - mFrequency: 9420 - index: 0 - preset: 8760 - index: 1 - preset: 8910 - index: 2 - preset: 9010 - index: 3 - preset: 9130 - index: 4 - preset: 9220 - index: 5 - preset: 9270
02-19 18:14:19.027 D/K706RadioManager(14872): MCU[0xB1] len=17 : B1 00 00 24 CC 22 38 22 CE 23 32 23 AA 24 04 24 36 
02-19 18:14:19.027 D/K706RadioManager(14872): PresetList: band=0 presetIdx=0 currentFreq=9420 firstFreq=9420 (offset=3)
02-19 18:14:19.091 E/mcu_services( 5512): MCU2APP : [ff fe fd 12 01 b1 00 00 24 cc 22 38 22 ce 23 32 23 aa 24 04 24 36 04 ff ]
02-19 18:14:19.092 E/mcu_services( 5512): MCU2APP : [ff fe fd 03 01 b4 00 b5 ff ]
02-19 18:14:19.092 E/mcu_services( 5512): sendAckSuccess : [ff fd fe 02 02 b4 b6 ff ]
02-19 18:14:19.092 E/mcu_services( 5512): APP2MCU - writeToUart: [ff fd fe 02 02 b4 b6 ff ]
02-19 18:14:19.095 D/TunerPresenter(15794): handleTunerRawData: b1 0 0 24 cc 22 38 22 ce 23 32 23 aa 24 4 24 36 
02-19 18:14:19.095 D/K706RadioManager(14872): IMcuListener.onTransact: code=1 flags=16
02-19 18:14:19.095 D/TunerManagerForExt(15794): FMRadio main (TunerManagerForExt.java:147) onTunerPresetListChanged:  - mBand: 0 - mPresetIndex: 0 - mFrequency: 9420 - index: 0 - preset: 8760 - index: 1 - preset: 8910 - index: 2 - preset: 9010 - index: 3 - preset: 9130 - index: 4 - preset: 9220 - index: 5 - preset: 9270
02-19 18:14:19.097 D/K706RadioManager(14872): >>> IMcuListener.onMcuInfoChanged received! data=B1 00 00 24 CC 22 38 22 CE 23 32 23 AA 24 04 24 36 
02-19 18:14:19.098 D/K706RadioManager(14872): MCU[0xB1] len=17 : B1 00 00 24 CC 22 38 22 CE 23 32 23 AA 24 04 24 36 
02-19 18:14:19.098 D/K706RadioManager(14872): PresetList: band=0 presetIdx=0 currentFreq=9420 firstFreq=9420 (offset=3)
02-19 18:14:19.101 D/K706RadioManager(14872): IMcuListener.onTransact: code=1 flags=16
02-19 18:14:19.101 D/K706RadioManager(14872): >>> IMcuListener.onMcuInfoChanged received! data=B4 00 
02-19 18:14:19.101 D/K706RadioManager(14872): MCU[0xB4] len=2 : B4 00 
02-19 18:14:19.102 D/K706RadioManager(14872): Unknown MCU packet type: 0xB4
02-19 18:14:19.106 D/TunerPresenter(15794): handleTunerRawData: b4 0 
02-19 18:14:19.106 D/TunerManagerForExt(15794): FMRadio main (TunerManagerForExt.java:195) onTuneRdsIndicateInfo: onTuneRdsIndicateInfo - flag: 0 - mRdsSwitch: 0
02-19 18:14:19.144 E/mcu_services( 5512): MCU2APP : [ff fe fd 03 01 b0 70 c1 ff ]
02-19 18:14:19.147 D/TunerPresenter(15794): handleTunerRawData: b0 70 
02-19 18:14:19.147 D/K706RadioManager(14872): IMcuListener.onTransact: code=1 flags=16
02-19 18:14:19.148 D/TunerManagerForExt(15794): FMRadio main (TunerManagerForExt.java:108) onTunerInfoChanged: onTunerInfoChanged - flag: 112 - asFlag: 0 - psFlag: 0 - scanFlag: 0 - seekFlag: 0 - mStFlag: 1 - mLocFlag: 1 - mIsSearching: true - mTempSearching: false
02-19 18:14:19.148 D/TunerManagerForExt(15794): FMRadio main (TunerManagerForExt.java:118) onTunerInfoChanged: mIsSearching: false - mTempSearching: false - asFlag: 0 - seekFlag: 0
02-19 18:14:19.148 D/K706RadioManager(14872): >>> IMcuListener.onMcuInfoChanged received! data=B0 70 
02-19 18:14:19.148 D/K706RadioManager(14872): MCU[0xB0] len=2 : B0 70 
02-19 18:14:19.148 D/K706RadioManager(14872): TunerInfo: flags=0x70 save=false AS=false finish=true valid=true ST=true LOC=false seek=false scan=false
02-19 18:14:19.243 E/mcu_services( 5512): MCU2APP : [ff fe fd 03 01 29 6d 45 ff ]
02-19 18:14:19.249 D/K706RadioManager(14872): IMcuListener.onTransact: code=1 flags=16
02-19 18:14:19.250 D/K706RadioManager(14872): >>> IMcuListener.onMcuInfoChanged received! data=29 6D 
02-19 18:14:19.250 D/K706RadioManager(14872): MCU[0x29] len=2 : 29 6D 
02-19 18:14:19.251 D/K706RadioManager(14872): Unknown MCU packet type: 0x29
02-19 18:14:19.366 E/mcu_services( 5512): MCU2APP : [ff fe fd 03 01 b4 05 b0 ff ]
02-19 18:14:19.366 E/mcu_services( 5512): MCU2APP : [ff fe fd 04 01 b5 00 01 b5 ff ]
02-19 18:14:19.366 E/mcu_services( 5512): sendAckSuccess : [ff fd fe 02 02 b4 b6 ff ]
02-19 18:14:19.366 E/mcu_services( 5512): APP2MCU - writeToUart: [ff fd fe 02 02 b4 b6 ff ]
02-19 18:14:19.366 E/mcu_services( 5512): sendAckSuccess : [ff fd fe 02 02 b5 b7 ff ]
02-19 18:14:19.367 E/mcu_services( 5512): APP2MCU - writeToUart: [ff fd fe 02 02 b5 b7 ff ]
02-19 18:14:19.369 D/TunerPresenter(15794): handleTunerRawData: b4 5 
02-19 18:14:19.370 D/K706RadioManager(14872): IMcuListener.onTransact: code=1 flags=16
02-19 18:14:19.370 D/TunerManagerForExt(15794): FMRadio main (TunerManagerForExt.java:195) onTuneRdsIndicateInfo: onTuneRdsIndicateInfo - flag: 5 - mRdsSwitch: 1
02-19 18:14:19.370 D/K706RadioManager(14872): >>> IMcuListener.onMcuInfoChanged received! data=B4 05 
02-19 18:14:19.370 D/K706RadioManager(14872): MCU[0xB4] len=2 : B4 05 
02-19 18:14:19.370 D/K706RadioManager(14872): Unknown MCU packet type: 0xB4
02-19 18:14:19.373 D/TunerPresenter(15794): handleTunerRawData: b5 0 1 
02-19 18:14:19.373 D/K706RadioManager(14872): IMcuListener.onTransact: code=1 flags=16
02-19 18:14:19.373 D/TunerManagerForExt(15794): FMRadio main (TunerManagerForExt.java:220) onTuneRdsPtyTypeInfo: onTuneRdsPtyTypeInfo - mRdsPtyType: 0
02-19 18:14:19.374 D/K706RadioManager(14872): >>> IMcuListener.onMcuInfoChanged received! data=B5 00 01 
02-19 18:14:19.374 D/K706RadioManager(14872): MCU[0xB5] len=3 : B5 00 01 
02-19 18:14:19.374 D/K706RadioManager(14872): Unknown MCU packet type: 0xB5
02-19 18:14:21.232 E/mcu_services( 5512): MCU2APP : [ff fe fd 03 01 29 6d 45 ff ]
02-19 18:14:21.235 D/K706RadioManager(14872): IMcuListener.onTransact: code=1 flags=16
02-19 18:14:21.236 D/K706RadioManager(14872): >>> IMcuListener.onMcuInfoChanged received! data=29 6D 
02-19 18:14:21.236 D/K706RadioManager(14872): MCU[0x29] len=2 : 29 6D 
02-19 18:14:21.236 D/K706RadioManager(14872): Unknown MCU packet type: 0x29
02-19 18:14:21.951 E/mcu_services( 5512): MCU2APP : [ff fe fd 0a 01 b6 20 20 53 45 52 20 20 20 d3 ff ]
02-19 18:14:21.952 E/mcu_services( 5512): sendAckSuccess : [ff fd fe 02 02 b6 b4 ff ]
02-19 18:14:21.952 E/mcu_services( 5512): APP2MCU - writeToUart: [ff fd fe 02 02 b6 b4 ff ]
02-19 18:14:21.955 D/TunerPresenter(15794): handleTunerRawData: b6 20 20 53 45 52 20 20 20 
02-19 18:14:21.956 D/TunerManagerForExt(15794): FMRadio main (TunerManagerForExt.java:234) onTuneRdsPSInfo: onTuneRdsPSInfo - len: 9 - data: b6 20 20 53 45 52 20 20 20 
02-19 18:14:21.956 D/K706RadioManager(14872): IMcuListener.onTransact: code=1 flags=16
02-19 18:14:21.956 D/TunerManagerForExt(15794): FMRadio main (TunerManagerForExt.java:258) onTuneRdsPSInfo: onTuneRdsPSInfo - mRdsPsInfo:   SER   
02-19 18:14:21.956 D/K706RadioManager(14872): >>> IMcuListener.onMcuInfoChanged received! data=B6 20 20 53 45 52 20 20 20 
02-19 18:14:21.957 D/K706RadioManager(14872): MCU[0xB6] len=9 : B6 20 20 53 45 52 20 20 20 
02-19 18:14:21.957 D/K706RadioManager(14872): RDS PS: 'SER'
02-19 18:14:23.221 E/mcu_services( 5512): MCU2APP : [ff fe fd 03 01 29 6d 45 ff ]
02-19 18:14:23.226 D/K706RadioManager(14872): IMcuListener.onTransact: code=1 flags=16
02-19 18:14:23.226 D/K706RadioManager(14872): >>> IMcuListener.onMcuInfoChanged received! data=29 6D 
02-19 18:14:23.227 D/K706RadioManager(14872): MCU[0x29] len=2 : 29 6D 
02-19 18:14:23.227 D/K706RadioManager(14872): Unknown MCU packet type: 0x29
02-19 18:14:24.092 E/mcu_services( 5512): APP2MCU - writeToUartNormal : [ff fd fe 05 01 a0 02 00 00 a3 ff ]
02-19 18:14:24.093 D/K706RadioManager(14872): CMD Enviado: sub=0x02 p1=0x00 p2=0x00
02-19 18:14:24.093 D/K706RadioManager(14872): Seek DOWN iniciado
02-19 18:14:24.174 E/mcu_services( 5512): MCU2APP : [ff fe fd 12 01 b1 00 00 24 c7 22 38 22 ce 23 32 23 aa 24 04 24 36 0f ff ]
02-19 18:14:24.174 E/mcu_services( 5512): MCU2APP : [ff fe fd 03 01 b0 78 c9 ff ]
02-19 18:14:24.180 D/TunerPresenter(15794): handleTunerRawData: b1 0 0 24 c7 22 38 22 ce 23 32 23 aa 24 4 24 36 
02-19 18:14:24.181 D/TunerManagerForExt(15794): FMRadio main (TunerManagerForExt.java:147) onTunerPresetListChanged:  - mBand: 0 - mPresetIndex: 0 - mFrequency: 9415 - index: 0 - preset: 8760 - index: 1 - preset: 8910 - index: 2 - preset: 9010 - index: 3 - preset: 9130 - index: 4 - preset: 9220 - index: 5 - preset: 9270
02-19 18:14:24.181 D/K706RadioManager(14872): IMcuListener.onTransact: code=1 flags=16
02-19 18:14:24.184 D/K706RadioManager(14872): >>> IMcuListener.onMcuInfoChanged received! data=B1 00 00 24 C7 22 38 22 CE 23 32 23 AA 24 04 24 36 
02-19 18:14:24.186 D/K706RadioManager(14872): MCU[0xB1] len=17 : B1 00 00 24 C7 22 38 22 CE 23 32 23 AA 24 04 24 36 
02-19 18:14:24.186 D/K706RadioManager(14872): PresetList: band=0 presetIdx=0 currentFreq=9415 firstFreq=9415 (offset=3)
02-19 18:14:24.187 D/K706RadioManager(14872): >>> FREQ: 94200 -> 94150 (MCU=9415, 94,15 MHz)
02-19 18:14:24.191 D/K706RadioManager(14872): IMcuListener.onTransact: code=1 flags=16
02-19 18:14:24.191 D/K706RadioManager(14872): >>> IMcuListener.onMcuInfoChanged received! data=B0 78 
02-19 18:14:24.191 D/K706RadioManager(14872): MCU[0xB0] len=2 : B0 78 
02-19 18:14:24.192 D/K706RadioManager(14872): TunerInfo: flags=0x78 save=false AS=true finish=true valid=true ST=true LOC=false seek=false scan=false
02-19 18:14:24.204 D/TunerPresenter(15794): handleTunerRawData: b0 78 
02-19 18:14:24.204 D/TunerManagerForExt(15794): FMRadio main (TunerManagerForExt.java:108) onTunerInfoChanged: onTunerInfoChanged - flag: 120 - asFlag: 0 - psFlag: 0 - scanFlag: 0 - seekFlag: 1 - mStFlag: 1 - mLocFlag: 1 - mIsSearching: false - mTempSearching: false
02-19 18:14:24.204 D/TunerManagerForExt(15794): FMRadio main (TunerManagerForExt.java:118) onTunerInfoChanged: mIsSearching: true - mTempSearching: false - asFlag: 0 - seekFlag: 1
02-19 18:14:24.217 E/mcu_services( 5512): MCU2APP : [ff fe fd 12 01 b1 00 00 24 c2 22 38 22 ce 23 32 23 aa 24 04 24 36 0a ff ]
02-19 18:14:24.220 D/TunerPresenter(15794): handleTunerRawData: b1 0 0 24 c2 22 38 22 ce 23 32 23 aa 24 4 24 36 
02-19 18:14:24.220 D/K706RadioManager(14872): IMcuListener.onTransact: code=1 flags=16
02-19 18:14:24.222 D/K706RadioManager(14872): >>> IMcuListener.onMcuInfoChanged received! data=B1 00 00 24 C2 22 38 22 CE 23 32 23 AA 24 04 24 36 
02-19 18:14:24.222 D/TunerManagerForExt(15794): FMRadio main (TunerManagerForExt.java:147) onTunerPresetListChanged:  - mBand: 0 - mPresetIndex: 0 - mFrequency: 9410 - index: 0 - preset: 8760 - index: 1 - preset: 8910 - index: 2 - preset: 9010 - index: 3 - preset: 9130 - index: 4 - preset: 9220 - index: 5 - preset: 9270
02-19 18:14:24.222 D/K706RadioManager(14872): MCU[0xB1] len=17 : B1 00 00 24 C2 22 38 22 CE 23 32 23 AA 24 04 24 36 
02-19 18:14:24.223 D/K706RadioManager(14872): PresetList: band=0 presetIdx=0 currentFreq=9410 firstFreq=9410 (offset=3)
02-19 18:14:24.223 D/K706RadioManager(14872): >>> FREQ: 94150 -> 94100 (MCU=9410, 94,10 MHz)
02-19 18:14:24.267 E/mcu_services( 5512): MCU2APP : [ff fe fd 12 01 b1 00 00 24 bd 22 38 22 ce 23 32 23 aa 24 04 24 36 75 ff ]
02-19 18:14:24.272 D/TunerPresenter(15794): handleTunerRawData: b1 0 0 24 bd 22 38 22 ce 23 32 23 aa 24 4 24 36 
02-19 18:14:24.272 D/K706RadioManager(14872): IMcuListener.onTransact: code=1 flags=16
02-19 18:14:24.274 D/K706RadioManager(14872): >>> IMcuListener.onMcuInfoChanged received! data=B1 00 00 24 BD 22 38 22 CE 23 32 23 AA 24 04 24 36 
02-19 18:14:24.274 D/TunerManagerForExt(15794): FMRadio main (TunerManagerForExt.java:147) onTunerPresetListChanged:  - mBand: 0 - mPresetIndex: 0 - mFrequency: 9405 - index: 0 - preset: 8760 - index: 1 - preset: 8910 - index: 2 - preset: 9010 - index: 3 - preset: 9130 - index: 4 - preset: 9220 - index: 5 - preset: 9270
02-19 18:14:24.275 D/K706RadioManager(14872): MCU[0xB1] len=17 : B1 00 00 24 BD 22 38 22 CE 23 32 23 AA 24 04 24 36 
02-19 18:14:24.275 D/K706RadioManager(14872): PresetList: band=0 presetIdx=0 currentFreq=9405 firstFreq=9405 (offset=3)
02-19 18:14:24.275 D/K706RadioManager(14872): >>> FREQ: 94100 -> 94050 (MCU=9405, 94,05 MHz)
02-19 18:14:24.317 E/mcu_services( 5512): MCU2APP : [ff fe fd 12 01 b1 00 00 24 b8 22 38 22 ce 23 32 23 aa 24 04 24 36 70 ff ]
02-19 18:14:24.320 D/TunerPresenter(15794): handleTunerRawData: b1 0 0 24 b8 22 38 22 ce 23 32 23 aa 24 4 24 36 
02-19 18:14:24.320 D/K706RadioManager(14872): IMcuListener.onTransact: code=1 flags=16
02-19 18:14:24.322 D/K706RadioManager(14872): >>> IMcuListener.onMcuInfoChanged received! data=B1 00 00 24 B8 22 38 22 CE 23 32 23 AA 24 04 24 36 
02-19 18:14:24.322 D/TunerManagerForExt(15794): FMRadio main (TunerManagerForExt.java:147) onTunerPresetListChanged:  - mBand: 0 - mPresetIndex: 0 - mFrequency: 9400 - index: 0 - preset: 8760 - index: 1 - preset: 8910 - index: 2 - preset: 9010 - index: 3 - preset: 9130 - index: 4 - preset: 9220 - index: 5 - preset: 9270
02-19 18:14:24.323 D/K706RadioManager(14872): MCU[0xB1] len=17 : B1 00 00 24 B8 22 38 22 CE 23 32 23 AA 24 04 24 36 
02-19 18:14:24.323 D/K706RadioManager(14872): PresetList: band=0 presetIdx=0 currentFreq=9400 firstFreq=9400 (offset=3)
02-19 18:14:24.323 D/K706RadioManager(14872): >>> FREQ: 94050 -> 94000 (MCU=9400, 94,00 MHz)
02-19 18:14:24.367 E/mcu_services( 5512): MCU2APP : [ff fe fd 12 01 b1 00 00 24 b3 22 38 22 ce 23 32 23 aa 24 04 24 36 7b ff ]
02-19 18:14:24.370 D/TunerPresenter(15794): handleTunerRawData: b1 0 0 24 b3 22 38 22 ce 23 32 23 aa 24 4 24 36 
02-19 18:14:24.370 D/K706RadioManager(14872): IMcuListener.onTransact: code=1 flags=16
02-19 18:14:24.371 D/K706RadioManager(14872): >>> IMcuListener.onMcuInfoChanged received! data=B1 00 00 24 B3 22 38 22 CE 23 32 23 AA 24 04 24 36 
02-19 18:14:24.372 D/TunerManagerForExt(15794): FMRadio main (TunerManagerForExt.java:147) onTunerPresetListChanged:  - mBand: 0 - mPresetIndex: 0 - mFrequency: 9395 - index: 0 - preset: 8760 - index: 1 - preset: 8910 - index: 2 - preset: 9010 - index: 3 - preset: 9130 - index: 4 - preset: 9220 - index: 5 - preset: 9270
02-19 18:14:24.372 D/K706RadioManager(14872): MCU[0xB1] len=17 : B1 00 00 24 B3 22 38 22 CE 23 32 23 AA 24 04 24 36 
02-19 18:14:24.372 D/K706RadioManager(14872): PresetList: band=0 presetIdx=0 currentFreq=9395 firstFreq=9395 (offset=3)
02-19 18:14:24.373 D/K706RadioManager(14872): >>> FREQ: 94000 -> 93950 (MCU=9395, 93,95 MHz)
02-19 18:14:24.417 E/mcu_services( 5512): MCU2APP : [ff fe fd 12 01 b1 00 00 24 ae 22 38 22 ce 23 32 23 aa 24 04 24 36 66 ff ]
02-19 18:14:24.420 D/TunerPresenter(15794): handleTunerRawData: b1 0 0 24 ae 22 38 22 ce 23 32 23 aa 24 4 24 36 
02-19 18:14:24.420 D/K706RadioManager(14872): IMcuListener.onTransact: code=1 flags=16
02-19 18:14:24.422 D/K706RadioManager(14872): >>> IMcuListener.onMcuInfoChanged received! data=B1 00 00 24 AE 22 38 22 CE 23 32 23 AA 24 04 24 36 
02-19 18:14:24.423 D/K706RadioManager(14872): MCU[0xB1] len=17 : B1 00 00 24 AE 22 38 22 CE 23 32 23 AA 24 04 24 36 
02-19 18:14:24.423 D/K706RadioManager(14872): PresetList: band=0 presetIdx=0 currentFreq=9390 firstFreq=9390 (offset=3)
02-19 18:14:24.423 D/K706RadioManager(14872): >>> FREQ: 93950 -> 93900 (MCU=9390, 93,90 MHz)
02-19 18:14:24.423 D/TunerManagerForExt(15794): FMRadio main (TunerManagerForExt.java:147) onTunerPresetListChanged:  - mBand: 0 - mPresetIndex: 0 - mFrequency: 9390 - index: 0 - preset: 8760 - index: 1 - preset: 8910 - index: 2 - preset: 9010 - index: 3 - preset: 9130 - index: 4 - preset: 9220 - index: 5 - preset: 9270
02-19 18:14:24.466 E/mcu_services( 5512): MCU2APP : [ff fe fd 12 01 b1 00 00 24 a9 22 38 22 ce 23 32 23 aa 24 04 24 36 61 ff ]
02-19 18:14:24.468 D/TunerPresenter(15794): handleTunerRawData: b1 0 0 24 a9 22 38 22 ce 23 32 23 aa 24 4 24 36 
02-19 18:14:24.468 D/K706RadioManager(14872): IMcuListener.onTransact: code=1 flags=16
02-19 18:14:24.470 D/K706RadioManager(14872): >>> IMcuListener.onMcuInfoChanged received! data=B1 00 00 24 A9 22 38 22 CE 23 32 23 AA 24 04 24 36 
02-19 18:14:24.471 D/K706RadioManager(14872): MCU[0xB1] len=17 : B1 00 00 24 A9 22 38 22 CE 23 32 23 AA 24 04 24 36 
02-19 18:14:24.471 D/K706RadioManager(14872): PresetList: band=0 presetIdx=0 currentFreq=9385 firstFreq=9385 (offset=3)
02-19 18:14:24.472 D/K706RadioManager(14872): >>> FREQ: 93900 -> 93850 (MCU=9385, 93,85 MHz)
02-19 18:14:24.472 D/TunerManagerForExt(15794): FMRadio main (TunerManagerForExt.java:147) onTunerPresetListChanged:  - mBand: 0 - mPresetIndex: 0 - mFrequency: 9385 - index: 0 - preset: 8760 - index: 1 - preset: 8910 - index: 2 - preset: 9010 - index: 3 - preset: 9130 - index: 4 - preset: 9220 - index: 5 - preset: 9270
02-19 18:14:24.516 E/mcu_services( 5512): MCU2APP : [ff fe fd 12 01 b1 00 00 24 a4 22 38 22 ce 23 32 23 aa 24 04 24 36 6c ff ]
02-19 18:14:24.519 D/TunerPresenter(15794): handleTunerRawData: b1 0 0 24 a4 22 38 22 ce 23 32 23 aa 24 4 24 36 
02-19 18:14:24.520 D/K706RadioManager(14872): IMcuListener.onTransact: code=1 flags=16
02-19 18:14:24.521 D/K706RadioManager(14872): >>> IMcuListener.onMcuInfoChanged received! data=B1 00 00 24 A4 22 38 22 CE 23 32 23 AA 24 04 24 36 
02-19 18:14:24.521 D/TunerManagerForExt(15794): FMRadio main (TunerManagerForExt.java:147) onTunerPresetListChanged:  - mBand: 0 - mPresetIndex: 0 - mFrequency: 9380 - index: 0 - preset: 8760 - index: 1 - preset: 8910 - index: 2 - preset: 9010 - index: 3 - preset: 9130 - index: 4 - preset: 9220 - index: 5 - preset: 9270
02-19 18:14:24.522 D/K706RadioManager(14872): MCU[0xB1] len=17 : B1 00 00 24 A4 22 38 22 CE 23 32 23 AA 24 04 24 36 
02-19 18:14:24.522 D/K706RadioManager(14872): PresetList: band=0 presetIdx=0 currentFreq=9380 firstFreq=9380 (offset=3)
02-19 18:14:24.522 D/K706RadioManager(14872): >>> FREQ: 93850 -> 93800 (MCU=9380, 93,80 MHz)
02-19 18:14:24.566 E/mcu_services( 5512): MCU2APP : [ff fe fd 12 01 b1 00 00 24 9f 22 38 22 ce 23 32 23 aa 24 04 24 36 57 ff ]
02-19 18:14:24.570 D/TunerPresenter(15794): handleTunerRawData: b1 0 0 24 9f 22 38 22 ce 23 32 23 aa 24 4 24 36 
02-19 18:14:24.570 D/K706RadioManager(14872): IMcuListener.onTransact: code=1 flags=16
02-19 18:14:24.571 D/K706RadioManager(14872): >>> IMcuListener.onMcuInfoChanged received! data=B1 00 00 24 9F 22 38 22 CE 23 32 23 AA 24 04 24 36 
02-19 18:14:24.572 D/K706RadioManager(14872): MCU[0xB1] len=17 : B1 00 00 24 9F 22 38 22 CE 23 32 23 AA 24 04 24 36 
02-19 18:14:24.573 D/TunerManagerForExt(15794): FMRadio main (TunerManagerForExt.java:147) onTunerPresetListChanged:  - mBand: 0 - mPresetIndex: 0 - mFrequency: 9375 - index: 0 - preset: 8760 - index: 1 - preset: 8910 - index: 2 - preset: 9010 - index: 3 - preset: 9130 - index: 4 - preset: 9220 - index: 5 - preset: 9270
02-19 18:14:24.573 D/K706RadioManager(14872): PresetList: band=0 presetIdx=0 currentFreq=9375 firstFreq=9375 (offset=3)
02-19 18:14:24.573 D/K706RadioManager(14872): >>> FREQ: 93800 -> 93750 (MCU=9375, 93,75 MHz)
02-19 18:14:24.615 E/mcu_services( 5512): MCU2APP : [ff fe fd 12 01 b1 00 00 24 9a 22 38 22 ce 23 32 23 aa 24 04 24 36 52 ff ]
02-19 18:14:24.619 D/TunerPresenter(15794): handleTunerRawData: b1 0 0 24 9a 22 38 22 ce 23 32 23 aa 24 4 24 36 
02-19 18:14:24.619 D/K706RadioManager(14872): IMcuListener.onTransact: code=1 flags=16
02-19 18:14:24.620 D/K706RadioManager(14872): >>> IMcuListener.onMcuInfoChanged received! data=B1 00 00 24 9A 22 38 22 CE 23 32 23 AA 24 04 24 36 
02-19 18:14:24.621 D/K706RadioManager(14872): MCU[0xB1] len=17 : B1 00 00 24 9A 22 38 22 CE 23 32 23 AA 24 04 24 36 
02-19 18:14:24.621 D/K706RadioManager(14872): PresetList: band=0 presetIdx=0 currentFreq=9370 firstFreq=9370 (offset=3)
02-19 18:14:24.622 D/TunerManagerForExt(15794): FMRadio main (TunerManagerForExt.java:147) onTunerPresetListChanged:  - mBand: 0 - mPresetIndex: 0 - mFrequency: 9370 - index: 0 - preset: 8760 - index: 1 - preset: 8910 - index: 2 - preset: 9010 - index: 3 - preset: 9130 - index: 4 - preset: 9220 - index: 5 - preset: 9270
02-19 18:14:24.622 D/K706RadioManager(14872): >>> FREQ: 93750 -> 93700 (MCU=9370, 93,70 MHz)
02-19 18:14:24.665 E/mcu_services( 5512): MCU2APP : [ff fe fd 12 01 b1 00 00 24 95 22 38 22 ce 23 32 23 aa 24 04 24 36 5d ff ]
02-19 18:14:24.668 D/TunerPresenter(15794): handleTunerRawData: b1 0 0 24 95 22 38 22 ce 23 32 23 aa 24 4 24 36 
02-19 18:14:24.668 D/K706RadioManager(14872): IMcuListener.onTransact: code=1 flags=16
02-19 18:14:24.669 D/K706RadioManager(14872): >>> IMcuListener.onMcuInfoChanged received! data=B1 00 00 24 95 22 38 22 CE 23 32 23 AA 24 04 24 36 
02-19 18:14:24.670 D/K706RadioManager(14872): MCU[0xB1] len=17 : B1 00 00 24 95 22 38 22 CE 23 32 23 AA 24 04 24 36 
02-19 18:14:24.671 D/K706RadioManager(14872): PresetList: band=0 presetIdx=0 currentFreq=9365 firstFreq=9365 (offset=3)
02-19 18:14:24.671 D/K706RadioManager(14872): >>> FREQ: 93700 -> 93650 (MCU=9365, 93,65 MHz)
02-19 18:14:24.671 D/TunerManagerForExt(15794): FMRadio main (TunerManagerForExt.java:147) onTunerPresetListChanged:  - mBand: 0 - mPresetIndex: 0 - mFrequency: 9365 - index: 0 - preset: 8760 - index: 1 - preset: 8910 - index: 2 - preset: 9010 - index: 3 - preset: 9130 - index: 4 - preset: 9220 - index: 5 - preset: 9270
02-19 18:14:24.715 E/mcu_services( 5512): MCU2APP : [ff fe fd 12 01 b1 00 00 24 90 22 38 22 ce 23 32 23 aa 24 04 24 36 58 ff ]
02-19 18:14:24.719 D/TunerPresenter(15794): handleTunerRawData: b1 0 0 24 90 22 38 22 ce 23 32 23 aa 24 4 24 36 
02-19 18:14:24.719 D/K706RadioManager(14872): IMcuListener.onTransact: code=1 flags=16
02-19 18:14:24.721 D/K706RadioManager(14872): >>> IMcuListener.onMcuInfoChanged received! data=B1 00 00 24 90 22 38 22 CE 23 32 23 AA 24 04 24 36 
02-19 18:14:24.722 D/TunerManagerForExt(15794): FMRadio main (TunerManagerForExt.java:147) onTunerPresetListChanged:  - mBand: 0 - mPresetIndex: 0 - mFrequency: 9360 - index: 0 - preset: 8760 - index: 1 - preset: 8910 - index: 2 - preset: 9010 - index: 3 - preset: 9130 - index: 4 - preset: 9220 - index: 5 - preset: 9270
02-19 18:14:24.722 D/K706RadioManager(14872): MCU[0xB1] len=17 : B1 00 00 24 90 22 38 22 CE 23 32 23 AA 24 04 24 36 
02-19 18:14:24.722 D/K706RadioManager(14872): PresetList: band=0 presetIdx=0 currentFreq=9360 firstFreq=9360 (offset=3)
02-19 18:14:24.722 D/K706RadioManager(14872): >>> FREQ: 93650 -> 93600 (MCU=9360, 93,60 MHz)
02-19 18:14:24.765 E/mcu_services( 5512): MCU2APP : [ff fe fd 12 01 b1 00 00 24 8b 22 38 22 ce 23 32 23 aa 24 04 24 36 43 ff ]
02-19 18:14:24.770 D/TunerPresenter(15794): handleTunerRawData: b1 0 0 24 8b 22 38 22 ce 23 32 23 aa 24 4 24 36 
02-19 18:14:24.770 D/K706RadioManager(14872): IMcuListener.onTransact: code=1 flags=16
02-19 18:14:24.771 D/K706RadioManager(14872): >>> IMcuListener.onMcuInfoChanged received! data=B1 00 00 24 8B 22 38 22 CE 23 32 23 AA 24 04 24 36 
02-19 18:14:24.772 D/TunerManagerForExt(15794): FMRadio main (TunerManagerForExt.java:147) onTunerPresetListChanged:  - mBand: 0 - mPresetIndex: 0 - mFrequency: 9355 - index: 0 - preset: 8760 - index: 1 - preset: 8910 - index: 2 - preset: 9010 - index: 3 - preset: 9130 - index: 4 - preset: 9220 - index: 5 - preset: 9270
02-19 18:14:24.772 D/K706RadioManager(14872): MCU[0xB1] len=17 : B1 00 00 24 8B 22 38 22 CE 23 32 23 AA 24 04 24 36 
02-19 18:14:24.772 D/K706RadioManager(14872): PresetList: band=0 presetIdx=0 currentFreq=9355 firstFreq=9355 (offset=3)
02-19 18:14:24.773 D/K706RadioManager(14872): >>> FREQ: 93600 -> 93550 (MCU=9355, 93,55 MHz)
02-19 18:14:24.814 E/mcu_services( 5512): MCU2APP : [ff fe fd 12 01 b1 00 00 24 86 22 38 22 ce 23 32 23 aa 24 04 24 36 4e ff ]
02-19 18:14:24.817 D/TunerPresenter(15794): handleTunerRawData: b1 0 0 24 86 22 38 22 ce 23 32 23 aa 24 4 24 36 
02-19 18:14:24.818 D/K706RadioManager(14872): IMcuListener.onTransact: code=1 flags=16
02-19 18:14:24.819 D/K706RadioManager(14872): >>> IMcuListener.onMcuInfoChanged received! data=B1 00 00 24 86 22 38 22 CE 23 32 23 AA 24 04 24 36 
02-19 18:14:24.820 D/TunerManagerForExt(15794): FMRadio main (TunerManagerForExt.java:147) onTunerPresetListChanged:  - mBand: 0 - mPresetIndex: 0 - mFrequency: 9350 - index: 0 - preset: 8760 - index: 1 - preset: 8910 - index: 2 - preset: 9010 - index: 3 - preset: 9130 - index: 4 - preset: 9220 - index: 5 - preset: 9270
02-19 18:14:24.820 D/K706RadioManager(14872): MCU[0xB1] len=17 : B1 00 00 24 86 22 38 22 CE 23 32 23 AA 24 04 24 36 
02-19 18:14:24.820 D/K706RadioManager(14872): PresetList: band=0 presetIdx=0 currentFreq=9350 firstFreq=9350 (offset=3)
02-19 18:14:24.821 D/K706RadioManager(14872): >>> FREQ: 93550 -> 93500 (MCU=9350, 93,50 MHz)
02-19 18:14:24.857 E/mcu_services( 5512): MCU2APP : [ff fe fd 12 01 b1 00 00 24 86 22 38 22 ce 23 32 23 aa 24 04 24 36 4e ff ]
02-19 18:14:24.860 D/TunerPresenter(15794): handleTunerRawData: b1 0 0 24 86 22 38 22 ce 23 32 23 aa 24 4 24 36 
02-19 18:14:24.860 D/K706RadioManager(14872): IMcuListener.onTransact: code=1 flags=16
02-19 18:14:24.862 D/K706RadioManager(14872): >>> IMcuListener.onMcuInfoChanged received! data=B1 00 00 24 86 22 38 22 CE 23 32 23 AA 24 04 24 36 
02-19 18:14:24.863 D/TunerManagerForExt(15794): FMRadio main (TunerManagerForExt.java:147) onTunerPresetListChanged:  - mBand: 0 - mPresetIndex: 0 - mFrequency: 9350 - index: 0 - preset: 8760 - index: 1 - preset: 8910 - index: 2 - preset: 9010 - index: 3 - preset: 9130 - index: 4 - preset: 9220 - index: 5 - preset: 9270
02-19 18:14:24.863 D/K706RadioManager(14872): MCU[0xB1] len=17 : B1 00 00 24 86 22 38 22 CE 23 32 23 AA 24 04 24 36 
02-19 18:14:24.863 D/K706RadioManager(14872): PresetList: band=0 presetIdx=0 currentFreq=9350 firstFreq=9350 (offset=3)
02-19 18:14:24.930 E/mcu_services( 5512): MCU2APP : [ff fe fd 12 01 b1 00 00 24 86 22 38 22 ce 23 32 23 aa 24 04 24 36 4e ff ]
02-19 18:14:24.930 E/mcu_services( 5512): MCU2APP : [ff fe fd 03 01 b4 00 b5 ff ]
02-19 18:14:24.930 E/mcu_services( 5512): MCU2APP : [ff fe fd 03 01 b0 70 c1 ff ]
02-19 18:14:24.930 E/mcu_services( 5512): sendAckSuccess : [ff fd fe 02 02 b4 b6 ff ]
02-19 18:14:24.931 E/mcu_services( 5512): APP2MCU - writeToUart: [ff fd fe 02 02 b4 b6 ff ]
02-19 18:14:24.934 D/TunerPresenter(15794): handleTunerRawData: b1 0 0 24 86 22 38 22 ce 23 32 23 aa 24 4 24 36 
02-19 18:14:24.935 D/K706RadioManager(14872): IMcuListener.onTransact: code=1 flags=16
02-19 18:14:24.935 D/TunerManagerForExt(15794): FMRadio main (TunerManagerForExt.java:147) onTunerPresetListChanged:  - mBand: 0 - mPresetIndex: 0 - mFrequency: 9350 - index: 0 - preset: 8760 - index: 1 - preset: 8910 - index: 2 - preset: 9010 - index: 3 - preset: 9130 - index: 4 - preset: 9220 - index: 5 - preset: 9270
02-19 18:14:24.936 D/K706RadioManager(14872): >>> IMcuListener.onMcuInfoChanged received! data=B1 00 00 24 86 22 38 22 CE 23 32 23 AA 24 04 24 36 
02-19 18:14:24.937 D/K706RadioManager(14872): MCU[0xB1] len=17 : B1 00 00 24 86 22 38 22 CE 23 32 23 AA 24 04 24 36 
02-19 18:14:24.937 D/K706RadioManager(14872): PresetList: band=0 presetIdx=0 currentFreq=9350 firstFreq=9350 (offset=3)
02-19 18:14:24.941 D/K706RadioManager(14872): IMcuListener.onTransact: code=1 flags=16
02-19 18:14:24.941 D/K706RadioManager(14872): >>> IMcuListener.onMcuInfoChanged received! data=B4 00 
02-19 18:14:24.942 D/K706RadioManager(14872): MCU[0xB4] len=2 : B4 00 
02-19 18:14:24.942 D/K706RadioManager(14872): Unknown MCU packet type: 0xB4
02-19 18:14:24.945 D/TunerPresenter(15794): handleTunerRawData: b4 0 
02-19 18:14:24.945 D/TunerManagerForExt(15794): FMRadio main (TunerManagerForExt.java:195) onTuneRdsIndicateInfo: onTuneRdsIndicateInfo - flag: 0 - mRdsSwitch: 0
02-19 18:14:24.945 D/K706RadioManager(14872): IMcuListener.onTransact: code=1 flags=16
02-19 18:14:24.946 D/TunerPresenter(15794): handleTunerRawData: b0 70 
02-19 18:14:24.946 D/TunerManagerForExt(15794): FMRadio main (TunerManagerForExt.java:108) onTunerInfoChanged: onTunerInfoChanged - flag: 112 - asFlag: 0 - psFlag: 0 - scanFlag: 0 - seekFlag: 0 - mStFlag: 1 - mLocFlag: 1 - mIsSearching: true - mTempSearching: false
02-19 18:14:24.946 D/TunerManagerForExt(15794): FMRadio main (TunerManagerForExt.java:118) onTunerInfoChanged: mIsSearching: false - mTempSearching: false - asFlag: 0 - seekFlag: 0
02-19 18:14:24.946 D/K706RadioManager(14872): >>> IMcuListener.onMcuInfoChanged received! data=B0 70 
02-19 18:14:24.946 D/K706RadioManager(14872): MCU[0xB0] len=2 : B0 70 
02-19 18:14:24.946 D/K706RadioManager(14872): TunerInfo: flags=0x70 save=false AS=false finish=true valid=true ST=true LOC=false seek=false scan=false
02-19 18:14:25.319 E/mcu_services( 5512): MCU2APP : [ff fe fd 03 01 29 6d 45 ff ]
02-19 18:14:25.323 D/K706RadioManager(14872): IMcuListener.onTransact: code=1 flags=16
02-19 18:14:25.323 D/K706RadioManager(14872): >>> IMcuListener.onMcuInfoChanged received! data=29 6D 
02-19 18:14:25.323 D/K706RadioManager(14872): MCU[0x29] len=2 : 29 6D 
02-19 18:14:25.324 D/K706RadioManager(14872): Unknown MCU packet type: 0x29
02-19 18:14:25.332 E/mcu_services( 5512): MCU2APP : [ff fe fd 03 01 b4 05 b0 ff ]
02-19 18:14:25.333 E/mcu_services( 5512): MCU2APP : [ff fe fd 04 01 b5 00 0a be ff ]
02-19 18:14:25.333 E/mcu_services( 5512): sendAckSuccess : [ff fd fe 02 02 b4 b6 ff ]
02-19 18:14:25.333 E/mcu_services( 5512): APP2MCU - writeToUart: [ff fd fe 02 02 b4 b6 ff ]
02-19 18:14:25.333 E/mcu_services( 5512): sendAckSuccess : [ff fd fe 02 02 b5 b7 ff ]
02-19 18:14:25.333 E/mcu_services( 5512): APP2MCU - writeToUart: [ff fd fe 02 02 b5 b7 ff ]
02-19 18:14:25.335 D/TunerPresenter(15794): handleTunerRawData: b4 5 
02-19 18:14:25.336 D/K706RadioManager(14872): IMcuListener.onTransact: code=1 flags=16
02-19 18:14:25.336 D/TunerManagerForExt(15794): FMRadio main (TunerManagerForExt.java:195) onTuneRdsIndicateInfo: onTuneRdsIndicateInfo - flag: 5 - mRdsSwitch: 1
02-19 18:14:25.336 D/K706RadioManager(14872): >>> IMcuListener.onMcuInfoChanged received! data=B4 05 
02-19 18:14:25.336 D/K706RadioManager(14872): MCU[0xB4] len=2 : B4 05 
02-19 18:14:25.337 D/K706RadioManager(14872): Unknown MCU packet type: 0xB4
02-19 18:14:25.340 D/TunerPresenter(15794): handleTunerRawData: b5 0 a 
02-19 18:14:25.340 D/TunerManagerForExt(15794): FMRadio main (TunerManagerForExt.java:220) onTuneRdsPtyTypeInfo: onTuneRdsPtyTypeInfo - mRdsPtyType: 0
02-19 18:14:25.340 D/K706RadioManager(14872): IMcuListener.onTransact: code=1 flags=16
02-19 18:14:25.341 D/K706RadioManager(14872): >>> IMcuListener.onMcuInfoChanged received! data=B5 00 0A 
02-19 18:14:25.341 D/K706RadioManager(14872): MCU[0xB5] len=3 : B5 00 0A 
02-19 18:14:25.341 D/K706RadioManager(14872): Unknown MCU packet type: 0xB5
02-19 18:14:27.309 E/mcu_services( 5512): MCU2APP : [ff fe fd 03 01 29 6d 45 ff ]
02-19 18:14:27.314 D/K706RadioManager(14872): IMcuListener.onTransact: code=1 flags=16
02-19 18:14:27.315 D/K706RadioManager(14872): >>> IMcuListener.onMcuInfoChanged received! data=29 6D 
02-19 18:14:27.315 D/K706RadioManager(14872): MCU[0x29] len=2 : 29 6D 
02-19 18:14:27.315 D/K706RadioManager(14872): Unknown MCU packet type: 0x29
02-19 18:14:29.298 E/mcu_services( 5512): MCU2APP : [ff fe fd 03 01 29 6d 45 ff ]
02-19 18:14:29.302 D/K706RadioManager(14872): IMcuListener.onTransact: code=1 flags=16
02-19 18:14:29.303 D/K706RadioManager(14872): >>> IMcuListener.onMcuInfoChanged received! data=29 6D 
02-19 18:14:29.303 D/K706RadioManager(14872): MCU[0x29] len=2 : 29 6D 
02-19 18:14:29.303 D/K706RadioManager(14872): Unknown MCU packet type: 0x29
02-19 18:14:31.287 E/mcu_services( 5512): MCU2APP : [ff fe fd 03 01 29 6d 45 ff ]
02-19 18:14:31.291 D/K706RadioManager(14872): IMcuListener.onTransact: code=1 flags=16
02-19 18:14:31.292 D/K706RadioManager(14872): >>> IMcuListener.onMcuInfoChanged received! data=29 6D 
02-19 18:14:31.292 D/K706RadioManager(14872): MCU[0x29] len=2 : 29 6D 
02-19 18:14:31.292 D/K706RadioManager(14872): Unknown MCU packet type: 0x29
02-19 18:14:33.276 E/mcu_services( 5512): MCU2APP : [ff fe fd 03 01 29 6d 45 ff ]
02-19 18:14:33.280 D/K706RadioManager(14872): IMcuListener.onTransact: code=1 flags=16
02-19 18:14:33.281 D/K706RadioManager(14872): >>> IMcuListener.onMcuInfoChanged received! data=29 6D 
02-19 18:14:33.282 D/K706RadioManager(14872): MCU[0x29] len=2 : 29 6D 
02-19 18:14:33.282 D/K706RadioManager(14872): Unknown MCU packet type: 0x29
02-19 18:14:35.265 E/mcu_services( 5512): MCU2APP : [ff fe fd 03 01 29 6d 45 ff ]
02-19 18:14:35.270 D/K706RadioManager(14872): IMcuListener.onTransact: code=1 flags=16
02-19 18:14:35.270 D/K706RadioManager(14872): >>> IMcuListener.onMcuInfoChanged received! data=29 6D 
02-19 18:14:35.271 D/K706RadioManager(14872): MCU[0x29] len=2 : 29 6D 
02-19 18:14:35.271 D/K706RadioManager(14872): Unknown MCU packet type: 0x29
02-19 18:14:36.402 E/mcu_services( 5512): APP2MCU - writeToUartNormal : [ff fd fe 05 01 a0 02 00 00 a3 ff ]
02-19 18:14:36.403 D/K706RadioManager(14872): CMD Enviado: sub=0x02 p1=0x00 p2=0x00
02-19 18:14:36.403 D/K706RadioManager(14872): Seek DOWN iniciado
02-19 18:14:36.475 E/mcu_services( 5512): MCU2APP : [ff fe fd 12 01 b1 00 00 24 81 22 38 22 ce 23 32 23 aa 24 04 24 36 49 ff ]
02-19 18:14:36.475 E/mcu_services( 5512): MCU2APP : [ff fe fd 03 01 b0 78 c9 ff ]
02-19 18:14:36.478 D/TunerPresenter(15794): handleTunerRawData: b1 0 0 24 81 22 38 22 ce 23 32 23 aa 24 4 24 36 
02-19 18:14:36.479 D/K706RadioManager(14872): IMcuListener.onTransact: code=1 flags=16
02-19 18:14:36.479 D/TunerManagerForExt(15794): FMRadio main (TunerManagerForExt.java:147) onTunerPresetListChanged:  - mBand: 0 - mPresetIndex: 0 - mFrequency: 9345 - index: 0 - preset: 8760 - index: 1 - preset: 8910 - index: 2 - preset: 9010 - index: 3 - preset: 9130 - index: 4 - preset: 9220 - index: 5 - preset: 9270
02-19 18:14:36.481 D/K706RadioManager(14872): >>> IMcuListener.onMcuInfoChanged received! data=B1 00 00 24 81 22 38 22 CE 23 32 23 AA 24 04 24 36 
02-19 18:14:36.483 D/K706RadioManager(14872): MCU[0xB1] len=17 : B1 00 00 24 81 22 38 22 CE 23 32 23 AA 24 04 24 36 
02-19 18:14:36.483 D/K706RadioManager(14872): PresetList: band=0 presetIdx=0 currentFreq=9345 firstFreq=9345 (offset=3)
02-19 18:14:36.484 D/K706RadioManager(14872): >>> FREQ: 93500 -> 93450 (MCU=9345, 93,45 MHz)
02-19 18:14:36.488 D/K706RadioManager(14872): IMcuListener.onTransact: code=1 flags=16
02-19 18:14:36.488 D/K706RadioManager(14872): >>> IMcuListener.onMcuInfoChanged received! data=B0 78 
02-19 18:14:36.489 D/K706RadioManager(14872): MCU[0xB0] len=2 : B0 78 
02-19 18:14:36.489 D/K706RadioManager(14872): TunerInfo: flags=0x78 save=false AS=true finish=true valid=true ST=true LOC=false seek=false scan=false
02-19 18:14:36.505 D/TunerPresenter(15794): handleTunerRawData: b0 78 
02-19 18:14:36.505 D/TunerManagerForExt(15794): FMRadio main (TunerManagerForExt.java:108) onTunerInfoChanged: onTunerInfoChanged - flag: 120 - asFlag: 0 - psFlag: 0 - scanFlag: 0 - seekFlag: 1 - mStFlag: 1 - mLocFlag: 1 - mIsSearching: false - mTempSearching: false
02-19 18:14:36.505 D/TunerManagerForExt(15794): FMRadio main (TunerManagerForExt.java:118) onTunerInfoChanged: mIsSearching: true - mTempSearching: false - asFlag: 0 - seekFlag: 1
02-19 18:14:36.520 E/mcu_services( 5512): MCU2APP : [ff fe fd 12 01 b1 00 00 24 7c 22 38 22 ce 23 32 23 aa 24 04 24 36 b4 ff ]
02-19 18:14:36.524 D/TunerPresenter(15794): handleTunerRawData: b1 0 0 24 7c 22 38 22 ce 23 32 23 aa 24 4 24 36 
02-19 18:14:36.525 D/K706RadioManager(14872): IMcuListener.onTransact: code=1 flags=16
02-19 18:14:36.526 D/TunerManagerForExt(15794): FMRadio main (TunerManagerForExt.java:147) onTunerPresetListChanged:  - mBand: 0 - mPresetIndex: 0 - mFrequency: 9340 - index: 0 - preset: 8760 - index: 1 - preset: 8910 - index: 2 - preset: 9010 - index: 3 - preset: 9130 - index: 4 - preset: 9220 - index: 5 - preset: 9270
02-19 18:14:36.526 D/K706RadioManager(14872): >>> IMcuListener.onMcuInfoChanged received! data=B1 00 00 24 7C 22 38 22 CE 23 32 23 AA 24 04 24 36 
02-19 18:14:36.527 D/K706RadioManager(14872): MCU[0xB1] len=17 : B1 00 00 24 7C 22 38 22 CE 23 32 23 AA 24 04 24 36 
02-19 18:14:36.527 D/K706RadioManager(14872): PresetList: band=0 presetIdx=0 currentFreq=9340 firstFreq=9340 (offset=3)
02-19 18:14:36.528 D/K706RadioManager(14872): >>> FREQ: 93450 -> 93400 (MCU=9340, 93,40 MHz)
02-19 18:14:36.570 E/mcu_services( 5512): MCU2APP : [ff fe fd 12 01 b1 00 00 24 77 22 38 22 ce 23 32 23 aa 24 04 24 36 bf ff ]
02-19 18:14:36.573 D/TunerPresenter(15794): handleTunerRawData: b1 0 0 24 77 22 38 22 ce 23 32 23 aa 24 4 24 36 
02-19 18:14:36.574 D/K706RadioManager(14872): IMcuListener.onTransact: code=1 flags=16
02-19 18:14:36.575 D/K706RadioManager(14872): >>> IMcuListener.onMcuInfoChanged received! data=B1 00 00 24 77 22 38 22 CE 23 32 23 AA 24 04 24 36 
02-19 18:14:36.576 D/K706RadioManager(14872): MCU[0xB1] len=17 : B1 00 00 24 77 22 38 22 CE 23 32 23 AA 24 04 24 36 
02-19 18:14:36.576 D/K706RadioManager(14872): PresetList: band=0 presetIdx=0 currentFreq=9335 firstFreq=9335 (offset=3)
02-19 18:14:36.576 D/TunerManagerForExt(15794): FMRadio main (TunerManagerForExt.java:147) onTunerPresetListChanged:  - mBand: 0 - mPresetIndex: 0 - mFrequency: 9335 - index: 0 - preset: 8760 - index: 1 - preset: 8910 - index: 2 - preset: 9010 - index: 3 - preset: 9130 - index: 4 - preset: 9220 - index: 5 - preset: 9270
02-19 18:14:36.576 D/K706RadioManager(14872): >>> FREQ: 93400 -> 93350 (MCU=9335, 93,35 MHz)
02-19 18:14:36.620 E/mcu_services( 5512): MCU2APP : [ff fe fd 12 01 b1 00 00 24 72 22 38 22 ce 23 32 23 aa 24 04 24 36 ba ff ]
02-19 18:14:36.624 D/TunerPresenter(15794): handleTunerRawData: b1 0 0 24 72 22 38 22 ce 23 32 23 aa 24 4 24 36 
02-19 18:14:36.625 D/K706RadioManager(14872): IMcuListener.onTransact: code=1 flags=16
02-19 18:14:36.626 D/K706RadioManager(14872): >>> IMcuListener.onMcuInfoChanged received! data=B1 00 00 24 72 22 38 22 CE 23 32 23 AA 24 04 24 36 
02-19 18:14:36.627 D/TunerManagerForExt(15794): FMRadio main (TunerManagerForExt.java:147) onTunerPresetListChanged:  - mBand: 0 - mPresetIndex: 0 - mFrequency: 9330 - index: 0 - preset: 8760 - index: 1 - preset: 8910 - index: 2 - preset: 9010 - index: 3 - preset: 9130 - index: 4 - preset: 9220 - index: 5 - preset: 9270
02-19 18:14:36.627 D/K706RadioManager(14872): MCU[0xB1] len=17 : B1 00 00 24 72 22 38 22 CE 23 32 23 AA 24 04 24 36 
02-19 18:14:36.627 D/K706RadioManager(14872): PresetList: band=0 presetIdx=0 currentFreq=9330 firstFreq=9330 (offset=3)
02-19 18:14:36.628 D/K706RadioManager(14872): >>> FREQ: 93350 -> 93300 (MCU=9330, 93,30 MHz)
02-19 18:14:36.669 E/mcu_services( 5512): MCU2APP : [ff fe fd 12 01 b1 00 00 24 6d 22 38 22 ce 23 32 23 aa 24 04 24 36 a5 ff ]
02-19 18:14:36.673 D/TunerPresenter(15794): handleTunerRawData: b1 0 0 24 6d 22 38 22 ce 23 32 23 aa 24 4 24 36 
02-19 18:14:36.673 D/K706RadioManager(14872): IMcuListener.onTransact: code=1 flags=16
02-19 18:14:36.674 D/K706RadioManager(14872): >>> IMcuListener.onMcuInfoChanged received! data=B1 00 00 24 6D 22 38 22 CE 23 32 23 AA 24 04 24 36 
02-19 18:14:36.675 D/K706RadioManager(14872): MCU[0xB1] len=17 : B1 00 00 24 6D 22 38 22 CE 23 32 23 AA 24 04 24 36 
02-19 18:14:36.675 D/TunerManagerForExt(15794): FMRadio main (TunerManagerForExt.java:147) onTunerPresetListChanged:  - mBand: 0 - mPresetIndex: 0 - mFrequency: 9325 - index: 0 - preset: 8760 - index: 1 - preset: 8910 - index: 2 - preset: 9010 - index: 3 - preset: 9130 - index: 4 - preset: 9220 - index: 5 - preset: 9270
02-19 18:14:36.676 D/K706RadioManager(14872): PresetList: band=0 presetIdx=0 currentFreq=9325 firstFreq=9325 (offset=3)
02-19 18:14:36.676 D/K706RadioManager(14872): >>> FREQ: 93300 -> 93250 (MCU=9325, 93,25 MHz)
02-19 18:14:36.719 E/mcu_services( 5512): MCU2APP : [ff fe fd 12 01 b1 00 00 24 68 22 38 22 ce 23 32 23 aa 24 04 24 36 a0 ff ]
02-19 18:14:36.723 D/TunerPresenter(15794): handleTunerRawData: b1 0 0 24 68 22 38 22 ce 23 32 23 aa 24 4 24 36 
02-19 18:14:36.724 D/K706RadioManager(14872): IMcuListener.onTransact: code=1 flags=16
02-19 18:14:36.725 D/K706RadioManager(14872): >>> IMcuListener.onMcuInfoChanged received! data=B1 00 00 24 68 22 38 22 CE 23 32 23 AA 24 04 24 36 
02-19 18:14:36.725 D/TunerManagerForExt(15794): FMRadio main (TunerManagerForExt.java:147) onTunerPresetListChanged:  - mBand: 0 - mPresetIndex: 0 - mFrequency: 9320 - index: 0 - preset: 8760 - index: 1 - preset: 8910 - index: 2 - preset: 9010 - index: 3 - preset: 9130 - index: 4 - preset: 9220 - index: 5 - preset: 9270
02-19 18:14:36.726 D/K706RadioManager(14872): MCU[0xB1] len=17 : B1 00 00 24 68 22 38 22 CE 23 32 23 AA 24 04 24 36 
02-19 18:14:36.726 D/K706RadioManager(14872): PresetList: band=0 presetIdx=0 currentFreq=9320 firstFreq=9320 (offset=3)
02-19 18:14:36.726 D/K706RadioManager(14872): >>> FREQ: 93250 -> 93200 (MCU=9320, 93,20 MHz)
02-19 18:14:36.769 E/mcu_services( 5512): MCU2APP : [ff fe fd 12 01 b1 00 00 24 63 22 38 22 ce 23 32 23 aa 24 04 24 36 ab ff ]
02-19 18:14:36.772 D/TunerPresenter(15794): handleTunerRawData: b1 0 0 24 63 22 38 22 ce 23 32 23 aa 24 4 24 36 
02-19 18:14:36.773 D/K706RadioManager(14872): IMcuListener.onTransact: code=1 flags=16
02-19 18:14:36.774 D/K706RadioManager(14872): >>> IMcuListener.onMcuInfoChanged received! data=B1 00 00 24 63 22 38 22 CE 23 32 23 AA 24 04 24 36 
02-19 18:14:36.775 D/K706RadioManager(14872): MCU[0xB1] len=17 : B1 00 00 24 63 22 38 22 CE 23 32 23 AA 24 04 24 36 
02-19 18:14:36.775 D/TunerManagerForExt(15794): FMRadio main (TunerManagerForExt.java:147) onTunerPresetListChanged:  - mBand: 0 - mPresetIndex: 0 - mFrequency: 9315 - index: 0 - preset: 8760 - index: 1 - preset: 8910 - index: 2 - preset: 9010 - index: 3 - preset: 9130 - index: 4 - preset: 9220 - index: 5 - preset: 9270
02-19 18:14:36.775 D/K706RadioManager(14872): PresetList: band=0 presetIdx=0 currentFreq=9315 firstFreq=9315 (offset=3)
02-19 18:14:36.776 D/K706RadioManager(14872): >>> FREQ: 93200 -> 93150 (MCU=9315, 93,15 MHz)
02-19 18:14:36.818 E/mcu_services( 5512): MCU2APP : [ff fe fd 12 01 b1 00 00 24 5e 22 38 22 ce 23 32 23 aa 24 04 24 36 96 ff ]
02-19 18:14:36.821 D/TunerPresenter(15794): handleTunerRawData: b1 0 0 24 5e 22 38 22 ce 23 32 23 aa 24 4 24 36 
02-19 18:14:36.821 D/K706RadioManager(14872): IMcuListener.onTransact: code=1 flags=16
02-19 18:14:36.822 D/K706RadioManager(14872): >>> IMcuListener.onMcuInfoChanged received! data=B1 00 00 24 5E 22 38 22 CE 23 32 23 AA 24 04 24 36 
02-19 18:14:36.823 D/K706RadioManager(14872): MCU[0xB1] len=17 : B1 00 00 24 5E 22 38 22 CE 23 32 23 AA 24 04 24 36 
02-19 18:14:36.823 D/K706RadioManager(14872): PresetList: band=0 presetIdx=0 currentFreq=9310 firstFreq=9310 (offset=3)
02-19 18:14:36.824 D/K706RadioManager(14872): >>> FREQ: 93150 -> 93100 (MCU=9310, 93,10 MHz)
02-19 18:14:36.824 D/TunerManagerForExt(15794): FMRadio main (TunerManagerForExt.java:147) onTunerPresetListChanged:  - mBand: 0 - mPresetIndex: 0 - mFrequency: 9310 - index: 0 - preset: 8760 - index: 1 - preset: 8910 - index: 2 - preset: 9010 - index: 3 - preset: 9130 - index: 4 - preset: 9220 - index: 5 - preset: 9270
02-19 18:14:36.868 E/mcu_services( 5512): MCU2APP : [ff fe fd 12 01 b1 00 00 24 59 22 38 22 ce 23 32 23 aa 24 04 24 36 91 ff ]
02-19 18:14:36.872 D/TunerPresenter(15794): handleTunerRawData: b1 0 0 24 59 22 38 22 ce 23 32 23 aa 24 4 24 36 
02-19 18:14:36.873 D/K706RadioManager(14872): IMcuListener.onTransact: code=1 flags=16
02-19 18:14:36.874 D/K706RadioManager(14872): >>> IMcuListener.onMcuInfoChanged received! data=B1 00 00 24 59 22 38 22 CE 23 32 23 AA 24 04 24 36 
02-19 18:14:36.875 D/TunerManagerForExt(15794): FMRadio main (TunerManagerForExt.java:147) onTunerPresetListChanged:  - mBand: 0 - mPresetIndex: 0 - mFrequency: 9305 - index: 0 - preset: 8760 - index: 1 - preset: 8910 - index: 2 - preset: 9010 - index: 3 - preset: 9130 - index: 4 - preset: 9220 - index: 5 - preset: 9270
02-19 18:14:36.875 D/K706RadioManager(14872): MCU[0xB1] len=17 : B1 00 00 24 59 22 38 22 CE 23 32 23 AA 24 04 24 36 
02-19 18:14:36.875 D/K706RadioManager(14872): PresetList: band=0 presetIdx=0 currentFreq=9305 firstFreq=9305 (offset=3)
02-19 18:14:36.876 D/K706RadioManager(14872): >>> FREQ: 93100 -> 93050 (MCU=9305, 93,05 MHz)
02-19 18:14:36.918 E/mcu_services( 5512): MCU2APP : [ff fe fd 12 01 b1 00 00 24 54 22 38 22 ce 23 32 23 aa 24 04 24 36 9c ff ]
02-19 18:14:36.920 D/TunerPresenter(15794): handleTunerRawData: b1 0 0 24 54 22 38 22 ce 23 32 23 aa 24 4 24 36 
02-19 18:14:36.920 D/K706RadioManager(14872): IMcuListener.onTransact: code=1 flags=16
02-19 18:14:36.922 D/K706RadioManager(14872): >>> IMcuListener.onMcuInfoChanged received! data=B1 00 00 24 54 22 38 22 CE 23 32 23 AA 24 04 24 36 
02-19 18:14:36.923 D/K706RadioManager(14872): MCU[0xB1] len=17 : B1 00 00 24 54 22 38 22 CE 23 32 23 AA 24 04 24 36 
02-19 18:14:36.923 D/K706RadioManager(14872): PresetList: band=0 presetIdx=0 currentFreq=9300 firstFreq=9300 (offset=3)
02-19 18:14:36.923 D/TunerManagerForExt(15794): FMRadio main (TunerManagerForExt.java:147) onTunerPresetListChanged:  - mBand: 0 - mPresetIndex: 0 - mFrequency: 9300 - index: 0 - preset: 8760 - index: 1 - preset: 8910 - index: 2 - preset: 9010 - index: 3 - preset: 9130 - index: 4 - preset: 9220 - index: 5 - preset: 9270
02-19 18:14:36.923 D/K706RadioManager(14872): >>> FREQ: 93050 -> 93000 (MCU=9300, 93,00 MHz)
02-19 18:14:36.968 E/mcu_services( 5512): MCU2APP : [ff fe fd 12 01 b1 00 00 24 4f 22 38 22 ce 23 32 23 aa 24 04 24 36 87 ff ]
02-19 18:14:36.971 D/TunerPresenter(15794): handleTunerRawData: b1 0 0 24 4f 22 38 22 ce 23 32 23 aa 24 4 24 36 
02-19 18:14:36.971 D/K706RadioManager(14872): IMcuListener.onTransact: code=1 flags=16
02-19 18:14:36.973 D/K706RadioManager(14872): >>> IMcuListener.onMcuInfoChanged received! data=B1 00 00 24 4F 22 38 22 CE 23 32 23 AA 24 04 24 36 
02-19 18:14:36.973 D/TunerManagerForExt(15794): FMRadio main (TunerManagerForExt.java:147) onTunerPresetListChanged:  - mBand: 0 - mPresetIndex: 0 - mFrequency: 9295 - index: 0 - preset: 8760 - index: 1 - preset: 8910 - index: 2 - preset: 9010 - index: 3 - preset: 9130 - index: 4 - preset: 9220 - index: 5 - preset: 9270
02-19 18:14:36.974 D/K706RadioManager(14872): MCU[0xB1] len=17 : B1 00 00 24 4F 22 38 22 CE 23 32 23 AA 24 04 24 36 
02-19 18:14:36.974 D/K706RadioManager(14872): PresetList: band=0 presetIdx=0 currentFreq=9295 firstFreq=9295 (offset=3)
02-19 18:14:36.974 D/K706RadioManager(14872): >>> FREQ: 93000 -> 92950 (MCU=9295, 92,95 MHz)
02-19 18:14:37.017 E/mcu_services( 5512): MCU2APP : [ff fe fd 12 01 b1 00 00 24 4a 22 38 22 ce 23 32 23 aa 24 04 24 36 82 ff ]
02-19 18:14:37.021 D/TunerPresenter(15794): handleTunerRawData: b1 0 0 24 4a 22 38 22 ce 23 32 23 aa 24 4 24 36 
02-19 18:14:37.021 D/K706RadioManager(14872): IMcuListener.onTransact: code=1 flags=16
02-19 18:14:37.022 D/K706RadioManager(14872): >>> IMcuListener.onMcuInfoChanged received! data=B1 00 00 24 4A 22 38 22 CE 23 32 23 AA 24 04 24 36 
02-19 18:14:37.023 D/K706RadioManager(14872): MCU[0xB1] len=17 : B1 00 00 24 4A 22 38 22 CE 23 32 23 AA 24 04 24 36 
02-19 18:14:37.023 D/K706RadioManager(14872): PresetList: band=0 presetIdx=0 currentFreq=9290 firstFreq=9290 (offset=3)
02-19 18:14:37.024 D/K706RadioManager(14872): >>> FREQ: 92950 -> 92900 (MCU=9290, 92,90 MHz)
02-19 18:14:37.024 D/TunerManagerForExt(15794): FMRadio main (TunerManagerForExt.java:147) onTunerPresetListChanged:  - mBand: 0 - mPresetIndex: 0 - mFrequency: 9290 - index: 0 - preset: 8760 - index: 1 - preset: 8910 - index: 2 - preset: 9010 - index: 3 - preset: 9130 - index: 4 - preset: 9220 - index: 5 - preset: 9270
02-19 18:14:37.067 E/mcu_services( 5512): MCU2APP : [ff fe fd 12 01 b1 00 00 24 45 22 38 22 ce 23 32 23 aa 24 04 24 36 8d ff ]
02-19 18:14:37.070 D/TunerPresenter(15794): handleTunerRawData: b1 0 0 24 45 22 38 22 ce 23 32 23 aa 24 4 24 36 
02-19 18:14:37.070 D/K706RadioManager(14872): IMcuListener.onTransact: code=1 flags=16
02-19 18:14:37.071 D/K706RadioManager(14872): >>> IMcuListener.onMcuInfoChanged received! data=B1 00 00 24 45 22 38 22 CE 23 32 23 AA 24 04 24 36 
02-19 18:14:37.072 D/K706RadioManager(14872): MCU[0xB1] len=17 : B1 00 00 24 45 22 38 22 CE 23 32 23 AA 24 04 24 36 
02-19 18:14:37.072 D/K706RadioManager(14872): PresetList: band=0 presetIdx=0 currentFreq=9285 firstFreq=9285 (offset=3)
02-19 18:14:37.073 D/K706RadioManager(14872): >>> FREQ: 92900 -> 92850 (MCU=9285, 92,85 MHz)
02-19 18:14:37.073 D/TunerManagerForExt(15794): FMRadio main (TunerManagerForExt.java:147) onTunerPresetListChanged:  - mBand: 0 - mPresetIndex: 0 - mFrequency: 9285 - index: 0 - preset: 8760 - index: 1 - preset: 8910 - index: 2 - preset: 9010 - index: 3 - preset: 9130 - index: 4 - preset: 9220 - index: 5 - preset: 9270
02-19 18:14:37.117 E/mcu_services( 5512): MCU2APP : [ff fe fd 12 01 b1 00 00 24 40 22 38 22 ce 23 32 23 aa 24 04 24 36 88 ff ]
02-19 18:14:37.120 D/TunerPresenter(15794): handleTunerRawData: b1 0 0 24 40 22 38 22 ce 23 32 23 aa 24 4 24 36 
02-19 18:14:37.120 D/K706RadioManager(14872): IMcuListener.onTransact: code=1 flags=16
02-19 18:14:37.121 D/K706RadioManager(14872): >>> IMcuListener.onMcuInfoChanged received! data=B1 00 00 24 40 22 38 22 CE 23 32 23 AA 24 04 24 36 
02-19 18:14:37.123 D/TunerManagerForExt(15794): FMRadio main (TunerManagerForExt.java:147) onTunerPresetListChanged:  - mBand: 0 - mPresetIndex: 0 - mFrequency: 9280 - index: 0 - preset: 8760 - index: 1 - preset: 8910 - index: 2 - preset: 9010 - index: 3 - preset: 9130 - index: 4 - preset: 9220 - index: 5 - preset: 9270
02-19 18:14:37.123 D/K706RadioManager(14872): MCU[0xB1] len=17 : B1 00 00 24 40 22 38 22 CE 23 32 23 AA 24 04 24 36 
02-19 18:14:37.123 D/K706RadioManager(14872): PresetList: band=0 presetIdx=0 currentFreq=9280 firstFreq=9280 (offset=3)
02-19 18:14:37.123 D/K706RadioManager(14872): >>> FREQ: 92850 -> 92800 (MCU=9280, 92,80 MHz)
02-19 18:14:37.166 E/mcu_services( 5512): MCU2APP : [ff fe fd 12 01 b1 00 00 24 3b 22 38 22 ce 23 32 23 aa 24 04 24 36 f3 ff ]
02-19 18:14:37.169 D/TunerPresenter(15794): handleTunerRawData: b1 0 0 24 3b 22 38 22 ce 23 32 23 aa 24 4 24 36 
02-19 18:14:37.169 D/K706RadioManager(14872): IMcuListener.onTransact: code=1 flags=16
02-19 18:14:37.170 D/K706RadioManager(14872): >>> IMcuListener.onMcuInfoChanged received! data=B1 00 00 24 3B 22 38 22 CE 23 32 23 AA 24 04 24 36 
02-19 18:14:37.171 D/TunerManagerForExt(15794): FMRadio main (TunerManagerForExt.java:147) onTunerPresetListChanged:  - mBand: 0 - mPresetIndex: 0 - mFrequency: 9275 - index: 0 - preset: 8760 - index: 1 - preset: 8910 - index: 2 - preset: 9010 - index: 3 - preset: 9130 - index: 4 - preset: 9220 - index: 5 - preset: 9270
02-19 18:14:37.171 D/K706RadioManager(14872): MCU[0xB1] len=17 : B1 00 00 24 3B 22 38 22 CE 23 32 23 AA 24 04 24 36 
02-19 18:14:37.171 D/K706RadioManager(14872): PresetList: band=0 presetIdx=0 currentFreq=9275 firstFreq=9275 (offset=3)
02-19 18:14:37.172 D/K706RadioManager(14872): >>> FREQ: 92800 -> 92750 (MCU=9275, 92,75 MHz)
02-19 18:14:37.216 E/mcu_services( 5512): MCU2APP : [ff fe fd 12 01 b1 00 00 24 36 22 38 22 ce 23 32 23 aa 24 04 24 36 fe ff ]
02-19 18:14:37.220 D/TunerPresenter(15794): handleTunerRawData: b1 0 0 24 36 22 38 22 ce 23 32 23 aa 24 4 24 36 
02-19 18:14:37.220 D/K706RadioManager(14872): IMcuListener.onTransact: code=1 flags=16
02-19 18:14:37.221 D/K706RadioManager(14872): >>> IMcuListener.onMcuInfoChanged received! data=B1 00 00 24 36 22 38 22 CE 23 32 23 AA 24 04 24 36 
02-19 18:14:37.222 D/K706RadioManager(14872): MCU[0xB1] len=17 : B1 00 00 24 36 22 38 22 CE 23 32 23 AA 24 04 24 36 
02-19 18:14:37.222 D/K706RadioManager(14872): PresetList: band=0 presetIdx=0 currentFreq=9270 firstFreq=9270 (offset=3)
02-19 18:14:37.222 D/K706RadioManager(14872): >>> FREQ: 92750 -> 92700 (MCU=9270, 92,70 MHz)
02-19 18:14:37.222 D/TunerManagerForExt(15794): FMRadio main (TunerManagerForExt.java:147) onTunerPresetListChanged:  - mBand: 0 - mPresetIndex: 0 - mFrequency: 9270 - index: 0 - preset: 8760 - index: 1 - preset: 8910 - index: 2 - preset: 9010 - index: 3 - preset: 9130 - index: 4 - preset: 9220 - index: 5 - preset: 9270
02-19 18:14:37.266 E/mcu_services( 5512): MCU2APP : [ff fe fd 12 01 b1 00 00 24 31 22 38 22 ce 23 32 23 aa 24 04 24 36 f9 ff ]
02-19 18:14:37.270 D/TunerPresenter(15794): handleTunerRawData: b1 0 0 24 31 22 38 22 ce 23 32 23 aa 24 4 24 36 
02-19 18:14:37.271 D/K706RadioManager(14872): IMcuListener.onTransact: code=1 flags=16
02-19 18:14:37.272 D/K706RadioManager(14872): >>> IMcuListener.onMcuInfoChanged received! data=B1 00 00 24 31 22 38 22 CE 23 32 23 AA 24 04 24 36 
02-19 18:14:37.272 D/TunerManagerForExt(15794): FMRadio main (TunerManagerForExt.java:147) onTunerPresetListChanged:  - mBand: 0 - mPresetIndex: 0 - mFrequency: 9265 - index: 0 - preset: 8760 - index: 1 - preset: 8910 - index: 2 - preset: 9010 - index: 3 - preset: 9130 - index: 4 - preset: 9220 - index: 5 - preset: 9270
02-19 18:14:37.273 D/K706RadioManager(14872): MCU[0xB1] len=17 : B1 00 00 24 31 22 38 22 CE 23 32 23 AA 24 04 24 36 
02-19 18:14:37.273 D/K706RadioManager(14872): PresetList: band=0 presetIdx=0 currentFreq=9265 firstFreq=9265 (offset=3)
02-19 18:14:37.273 D/K706RadioManager(14872): >>> FREQ: 92700 -> 92650 (MCU=9265, 92,65 MHz)
02-19 18:14:37.304 E/mcu_services( 5512): MCU2APP : [ff fe fd 03 01 29 6d 45 ff ]
02-19 18:14:37.308 D/K706RadioManager(14872): IMcuListener.onTransact: code=1 flags=16
02-19 18:14:37.309 D/K706RadioManager(14872): >>> IMcuListener.onMcuInfoChanged received! data=29 6D 
02-19 18:14:37.309 D/K706RadioManager(14872): MCU[0x29] len=2 : 29 6D 
02-19 18:14:37.309 D/K706RadioManager(14872): Unknown MCU packet type: 0x29
02-19 18:14:37.316 E/mcu_services( 5512): MCU2APP : [ff fe fd 12 01 b1 00 00 24 2c 22 38 22 ce 23 32 23 aa 24 04 24 36 e4 ff ]
02-19 18:14:37.319 D/TunerPresenter(15794): handleTunerRawData: b1 0 0 24 2c 22 38 22 ce 23 32 23 aa 24 4 24 36 
02-19 18:14:37.320 D/K706RadioManager(14872): IMcuListener.onTransact: code=1 flags=16
02-19 18:14:37.321 D/K706RadioManager(14872): >>> IMcuListener.onMcuInfoChanged received! data=B1 00 00 24 2C 22 38 22 CE 23 32 23 AA 24 04 24 36 
02-19 18:14:37.322 D/TunerManagerForExt(15794): FMRadio main (TunerManagerForExt.java:147) onTunerPresetListChanged:  - mBand: 0 - mPresetIndex: 0 - mFrequency: 9260 - index: 0 - preset: 8760 - index: 1 - preset: 8910 - index: 2 - preset: 9010 - index: 3 - preset: 9130 - index: 4 - preset: 9220 - index: 5 - preset: 9270
02-19 18:14:37.322 D/K706RadioManager(14872): MCU[0xB1] len=17 : B1 00 00 24 2C 22 38 22 CE 23 32 23 AA 24 04 24 36 
02-19 18:14:37.322 D/K706RadioManager(14872): PresetList: band=0 presetIdx=0 currentFreq=9260 firstFreq=9260 (offset=3)
02-19 18:14:37.323 D/K706RadioManager(14872): >>> FREQ: 92650 -> 92600 (MCU=9260, 92,60 MHz)
02-19 18:14:37.365 E/mcu_services( 5512): MCU2APP : [ff fe fd 12 01 b1 00 00 24 27 22 38 22 ce 23 32 23 aa 24 04 24 36 ef ff ]
02-19 18:14:37.369 D/TunerPresenter(15794): handleTunerRawData: b1 0 0 24 27 22 38 22 ce 23 32 23 aa 24 4 24 36 
02-19 18:14:37.369 D/K706RadioManager(14872): IMcuListener.onTransact: code=1 flags=16
02-19 18:14:37.371 D/K706RadioManager(14872): >>> IMcuListener.onMcuInfoChanged received! data=B1 00 00 24 27 22 38 22 CE 23 32 23 AA 24 04 24 36 
02-19 18:14:37.371 D/TunerManagerForExt(15794): FMRadio main (TunerManagerForExt.java:147) onTunerPresetListChanged:  - mBand: 0 - mPresetIndex: 0 - mFrequency: 9255 - index: 0 - preset: 8760 - index: 1 - preset: 8910 - index: 2 - preset: 9010 - index: 3 - preset: 9130 - index: 4 - preset: 9220 - index: 5 - preset: 9270
02-19 18:14:37.372 D/K706RadioManager(14872): MCU[0xB1] len=17 : B1 00 00 24 27 22 38 22 CE 23 32 23 AA 24 04 24 36 
02-19 18:14:37.372 D/K706RadioManager(14872): PresetList: band=0 presetIdx=0 currentFreq=9255 firstFreq=9255 (offset=3)
02-19 18:14:37.372 D/K706RadioManager(14872): >>> FREQ: 92600 -> 92550 (MCU=9255, 92,55 MHz)
02-19 18:14:37.415 E/mcu_services( 5512): MCU2APP : [ff fe fd 12 01 b1 00 00 24 22 22 38 22 ce 23 32 23 aa 24 04 24 36 ea ff ]
02-19 18:14:37.418 D/TunerPresenter(15794): handleTunerRawData: b1 0 0 24 22 22 38 22 ce 23 32 23 aa 24 4 24 36 
02-19 18:14:37.419 D/K706RadioManager(14872): IMcuListener.onTransact: code=1 flags=16
02-19 18:14:37.420 D/K706RadioManager(14872): >>> IMcuListener.onMcuInfoChanged received! data=B1 00 00 24 22 22 38 22 CE 23 32 23 AA 24 04 24 36 
02-19 18:14:37.421 D/TunerManagerForExt(15794): FMRadio main (TunerManagerForExt.java:147) onTunerPresetListChanged:  - mBand: 0 - mPresetIndex: 0 - mFrequency: 9250 - index: 0 - preset: 8760 - index: 1 - preset: 8910 - index: 2 - preset: 9010 - index: 3 - preset: 9130 - index: 4 - preset: 9220 - index: 5 - preset: 9270
02-19 18:14:37.421 D/K706RadioManager(14872): MCU[0xB1] len=17 : B1 00 00 24 22 22 38 22 CE 23 32 23 AA 24 04 24 36 
02-19 18:14:37.421 D/K706RadioManager(14872): PresetList: band=0 presetIdx=0 currentFreq=9250 firstFreq=9250 (offset=3)
02-19 18:14:37.422 D/K706RadioManager(14872): >>> FREQ: 92550 -> 92500 (MCU=9250, 92,50 MHz)
02-19 18:14:37.465 E/mcu_services( 5512): MCU2APP : [ff fe fd 12 01 b1 00 00 24 1d 22 38 22 ce 23 32 23 aa 24 04 24 36 d5 ff ]
02-19 18:14:37.468 D/TunerPresenter(15794): handleTunerRawData: b1 0 0 24 1d 22 38 22 ce 23 32 23 aa 24 4 24 36 
02-19 18:14:37.468 D/K706RadioManager(14872): IMcuListener.onTransact: code=1 flags=16
02-19 18:14:37.470 D/K706RadioManager(14872): >>> IMcuListener.onMcuInfoChanged received! data=B1 00 00 24 1D 22 38 22 CE 23 32 23 AA 24 04 24 36 
02-19 18:14:37.471 D/K706RadioManager(14872): MCU[0xB1] len=17 : B1 00 00 24 1D 22 38 22 CE 23 32 23 AA 24 04 24 36 
02-19 18:14:37.471 D/K706RadioManager(14872): PresetList: band=0 presetIdx=0 currentFreq=9245 firstFreq=9245 (offset=3)
02-19 18:14:37.471 D/TunerManagerForExt(15794): FMRadio main (TunerManagerForExt.java:147) onTunerPresetListChanged:  - mBand: 0 - mPresetIndex: 0 - mFrequency: 9245 - index: 0 - preset: 8760 - index: 1 - preset: 8910 - index: 2 - preset: 9010 - index: 3 - preset: 9130 - index: 4 - preset: 9220 - index: 5 - preset: 9270
02-19 18:14:37.471 D/K706RadioManager(14872): >>> FREQ: 92500 -> 92450 (MCU=9245, 92,45 MHz)
02-19 18:14:37.515 E/mcu_services( 5512): MCU2APP : [ff fe fd 12 01 b1 00 00 24 18 22 38 22 ce 23 32 23 aa 24 04 24 36 d0 ff ]
02-19 18:14:37.520 D/TunerPresenter(15794): handleTunerRawData: b1 0 0 24 18 22 38 22 ce 23 32 23 aa 24 4 24 36 
02-19 18:14:37.522 D/K706RadioManager(14872): IMcuListener.onTransact: code=1 flags=16
02-19 18:14:37.523 D/TunerManagerForExt(15794): FMRadio main (TunerManagerForExt.java:147) onTunerPresetListChanged:  - mBand: 0 - mPresetIndex: 0 - mFrequency: 9240 - index: 0 - preset: 8760 - index: 1 - preset: 8910 - index: 2 - preset: 9010 - index: 3 - preset: 9130 - index: 4 - preset: 9220 - index: 5 - preset: 9270
02-19 18:14:37.524 D/K706RadioManager(14872): >>> IMcuListener.onMcuInfoChanged received! data=B1 00 00 24 18 22 38 22 CE 23 32 23 AA 24 04 24 36 
02-19 18:14:37.529 D/K706RadioManager(14872): MCU[0xB1] len=17 : B1 00 00 24 18 22 38 22 CE 23 32 23 AA 24 04 24 36 
02-19 18:14:37.529 D/K706RadioManager(14872): PresetList: band=0 presetIdx=0 currentFreq=9240 firstFreq=9240 (offset=3)
02-19 18:14:37.529 D/K706RadioManager(14872): >>> FREQ: 92450 -> 92400 (MCU=9240, 92,40 MHz)
02-19 18:14:37.564 E/mcu_services( 5512): MCU2APP : [ff fe fd 12 01 b1 00 00 24 13 22 38 22 ce 23 32 23 aa 24 04 24 36 db ff ]
02-19 18:14:37.566 D/TunerPresenter(15794): handleTunerRawData: b1 0 0 24 13 22 38 22 ce 23 32 23 aa 24 4 24 36 
02-19 18:14:37.567 D/K706RadioManager(14872): IMcuListener.onTransact: code=1 flags=16
02-19 18:14:37.568 D/K706RadioManager(14872): >>> IMcuListener.onMcuInfoChanged received! data=B1 00 00 24 13 22 38 22 CE 23 32 23 AA 24 04 24 36 
02-19 18:14:37.568 D/TunerManagerForExt(15794): FMRadio main (TunerManagerForExt.java:147) onTunerPresetListChanged:  - mBand: 0 - mPresetIndex: 0 - mFrequency: 9235 - index: 0 - preset: 8760 - index: 1 - preset: 8910 - index: 2 - preset: 9010 - index: 3 - preset: 9130 - index: 4 - preset: 9220 - index: 5 - preset: 9270
02-19 18:14:37.568 D/K706RadioManager(14872): MCU[0xB1] len=17 : B1 00 00 24 13 22 38 22 CE 23 32 23 AA 24 04 24 36 
02-19 18:14:37.568 D/K706RadioManager(14872): PresetList: band=0 presetIdx=0 currentFreq=9235 firstFreq=9235 (offset=3)
02-19 18:14:37.569 D/K706RadioManager(14872): >>> FREQ: 92400 -> 92350 (MCU=9235, 92,35 MHz)
02-19 18:14:37.614 E/mcu_services( 5512): MCU2APP : [ff fe fd 12 01 b1 00 00 24 0e 22 38 22 ce 23 32 23 aa 24 04 24 36 c6 ff ]
02-19 18:14:37.617 D/TunerPresenter(15794): handleTunerRawData: b1 0 0 24 e 22 38 22 ce 23 32 23 aa 24 4 24 36 
02-19 18:14:37.617 D/K706RadioManager(14872): IMcuListener.onTransact: code=1 flags=16
02-19 18:14:37.619 D/K706RadioManager(14872): >>> IMcuListener.onMcuInfoChanged received! data=B1 00 00 24 0E 22 38 22 CE 23 32 23 AA 24 04 24 36 
02-19 18:14:37.619 D/TunerManagerForExt(15794): FMRadio main (TunerManagerForExt.java:147) onTunerPresetListChanged:  - mBand: 0 - mPresetIndex: 0 - mFrequency: 9230 - index: 0 - preset: 8760 - index: 1 - preset: 8910 - index: 2 - preset: 9010 - index: 3 - preset: 9130 - index: 4 - preset: 9220 - index: 5 - preset: 9270
02-19 18:14:37.619 D/K706RadioManager(14872): MCU[0xB1] len=17 : B1 00 00 24 0E 22 38 22 CE 23 32 23 AA 24 04 24 36 
02-19 18:14:37.619 D/K706RadioManager(14872): PresetList: band=0 presetIdx=0 currentFreq=9230 firstFreq=9230 (offset=3)
02-19 18:14:37.620 D/K706RadioManager(14872): >>> FREQ: 92350 -> 92300 (MCU=9230, 92,30 MHz)
02-19 18:14:37.664 E/mcu_services( 5512): MCU2APP : [ff fe fd 12 01 b1 00 00 24 09 22 38 22 ce 23 32 23 aa 24 04 24 36 c1 ff ]
02-19 18:14:37.668 D/TunerPresenter(15794): handleTunerRawData: b1 0 0 24 9 22 38 22 ce 23 32 23 aa 24 4 24 36 
02-19 18:14:37.668 D/K706RadioManager(14872): IMcuListener.onTransact: code=1 flags=16
02-19 18:14:37.669 D/K706RadioManager(14872): >>> IMcuListener.onMcuInfoChanged received! data=B1 00 00 24 09 22 38 22 CE 23 32 23 AA 24 04 24 36 
02-19 18:14:37.670 D/K706RadioManager(14872): MCU[0xB1] len=17 : B1 00 00 24 09 22 38 22 CE 23 32 23 AA 24 04 24 36 
02-19 18:14:37.670 D/K706RadioManager(14872): PresetList: band=0 presetIdx=0 currentFreq=9225 firstFreq=9225 (offset=3)
02-19 18:14:37.670 D/TunerManagerForExt(15794): FMRadio main (TunerManagerForExt.java:147) onTunerPresetListChanged:  - mBand: 0 - mPresetIndex: 0 - mFrequency: 9225 - index: 0 - preset: 8760 - index: 1 - preset: 8910 - index: 2 - preset: 9010 - index: 3 - preset: 9130 - index: 4 - preset: 9220 - index: 5 - preset: 9270
02-19 18:14:37.670 D/K706RadioManager(14872): >>> FREQ: 92300 -> 92250 (MCU=9225, 92,25 MHz)
02-19 18:14:37.714 E/mcu_services( 5512): MCU2APP : [ff fe fd 12 01 b1 00 00 24 04 22 38 22 ce 23 32 23 aa 24 04 24 36 cc ff ]
02-19 18:14:37.719 D/TunerPresenter(15794): handleTunerRawData: b1 0 0 24 4 22 38 22 ce 23 32 23 aa 24 4 24 36 
02-19 18:14:37.719 D/K706RadioManager(14872): IMcuListener.onTransact: code=1 flags=16
02-19 18:14:37.721 D/K706RadioManager(14872): >>> IMcuListener.onMcuInfoChanged received! data=B1 00 00 24 04 22 38 22 CE 23 32 23 AA 24 04 24 36 
02-19 18:14:37.722 D/K706RadioManager(14872): MCU[0xB1] len=17 : B1 00 00 24 04 22 38 22 CE 23 32 23 AA 24 04 24 36 
02-19 18:14:37.722 D/K706RadioManager(14872): PresetList: band=0 presetIdx=0 currentFreq=9220 firstFreq=9220 (offset=3)
02-19 18:14:37.723 D/K706RadioManager(14872): >>> FREQ: 92250 -> 92200 (MCU=9220, 92,20 MHz)
02-19 18:14:37.723 D/TunerManagerForExt(15794): FMRadio main (TunerManagerForExt.java:147) onTunerPresetListChanged:  - mBand: 0 - mPresetIndex: 0 - mFrequency: 9220 - index: 0 - preset: 8760 - index: 1 - preset: 8910 - index: 2 - preset: 9010 - index: 3 - preset: 9130 - index: 4 - preset: 9220 - index: 5 - preset: 9270
02-19 18:14:37.763 E/mcu_services( 5512): MCU2APP : [ff fe fd 12 01 b1 00 00 23 ff 22 38 22 ce 23 32 23 aa 24 04 24 36 30 ff ]
02-19 18:14:37.766 D/TunerPresenter(15794): handleTunerRawData: b1 0 0 23 ff 22 38 22 ce 23 32 23 aa 24 4 24 36 
02-19 18:14:37.767 D/K706RadioManager(14872): IMcuListener.onTransact: code=1 flags=16
02-19 18:14:37.768 D/K706RadioManager(14872): >>> IMcuListener.onMcuInfoChanged received! data=B1 00 00 23 FF 22 38 22 CE 23 32 23 AA 24 04 24 36 
02-19 18:14:37.768 D/TunerManagerForExt(15794): FMRadio main (TunerManagerForExt.java:147) onTunerPresetListChanged:  - mBand: 0 - mPresetIndex: 0 - mFrequency: 9215 - index: 0 - preset: 8760 - index: 1 - preset: 8910 - index: 2 - preset: 9010 - index: 3 - preset: 9130 - index: 4 - preset: 9220 - index: 5 - preset: 9270
02-19 18:14:37.769 D/K706RadioManager(14872): MCU[0xB1] len=17 : B1 00 00 23 FF 22 38 22 CE 23 32 23 AA 24 04 24 36 
02-19 18:14:37.769 D/K706RadioManager(14872): PresetList: band=0 presetIdx=0 currentFreq=9215 firstFreq=9215 (offset=3)
02-19 18:14:37.769 D/K706RadioManager(14872): >>> FREQ: 92200 -> 92150 (MCU=9215, 92,15 MHz)
02-19 18:14:37.813 E/mcu_services( 5512): MCU2APP : [ff fe fd 12 01 b1 00 00 23 fa 22 38 22 ce 23 32 23 aa 24 04 24 36 35 ff ]
02-19 18:14:37.816 D/TunerPresenter(15794): handleTunerRawData: b1 0 0 23 fa 22 38 22 ce 23 32 23 aa 24 4 24 36 
02-19 18:14:37.817 D/K706RadioManager(14872): IMcuListener.onTransact: code=1 flags=16
02-19 18:14:37.818 D/K706RadioManager(14872): >>> IMcuListener.onMcuInfoChanged received! data=B1 00 00 23 FA 22 38 22 CE 23 32 23 AA 24 04 24 36 
02-19 18:14:37.819 D/K706RadioManager(14872): MCU[0xB1] len=17 : B1 00 00 23 FA 22 38 22 CE 23 32 23 AA 24 04 24 36 
02-19 18:14:37.819 D/K706RadioManager(14872): PresetList: band=0 presetIdx=0 currentFreq=9210 firstFreq=9210 (offset=3)
02-19 18:14:37.819 D/TunerManagerForExt(15794): FMRadio main (TunerManagerForExt.java:147) onTunerPresetListChanged:  - mBand: 0 - mPresetIndex: 0 - mFrequency: 9210 - index: 0 - preset: 8760 - index: 1 - preset: 8910 - index: 2 - preset: 9010 - index: 3 - preset: 9130 - index: 4 - preset: 9220 - index: 5 - preset: 9270
02-19 18:14:37.819 D/K706RadioManager(14872): >>> FREQ: 92150 -> 92100 (MCU=9210, 92,10 MHz)
02-19 18:14:37.863 E/mcu_services( 5512): MCU2APP : [ff fe fd 12 01 b1 00 00 23 f5 22 38 22 ce 23 32 23 aa 24 04 24 36 3a ff ]
02-19 18:14:37.866 D/TunerPresenter(15794): handleTunerRawData: b1 0 0 23 f5 22 38 22 ce 23 32 23 aa 24 4 24 36 
02-19 18:14:37.867 D/K706RadioManager(14872): IMcuListener.onTransact: code=1 flags=16
02-19 18:14:37.868 D/K706RadioManager(14872): >>> IMcuListener.onMcuInfoChanged received! data=B1 00 00 23 F5 22 38 22 CE 23 32 23 AA 24 04 24 36 
02-19 18:14:37.869 D/TunerManagerForExt(15794): FMRadio main (TunerManagerForExt.java:147) onTunerPresetListChanged:  - mBand: 0 - mPresetIndex: 0 - mFrequency: 9205 - index: 0 - preset: 8760 - index: 1 - preset: 8910 - index: 2 - preset: 9010 - index: 3 - preset: 9130 - index: 4 - preset: 9220 - index: 5 - preset: 9270
02-19 18:14:37.869 D/K706RadioManager(14872): MCU[0xB1] len=17 : B1 00 00 23 F5 22 38 22 CE 23 32 23 AA 24 04 24 36 
02-19 18:14:37.869 D/K706RadioManager(14872): PresetList: band=0 presetIdx=0 currentFreq=9205 firstFreq=9205 (offset=3)
02-19 18:14:37.869 D/K706RadioManager(14872): >>> FREQ: 92100 -> 92050 (MCU=9205, 92,05 MHz)
02-19 18:14:37.912 E/mcu_services( 5512): MCU2APP : [ff fe fd 12 01 b1 00 00 23 f0 22 38 22 ce 23 32 23 aa 24 04 24 36 3f ff ]
02-19 18:14:37.916 D/TunerPresenter(15794): handleTunerRawData: b1 0 0 23 f0 22 38 22 ce 23 32 23 aa 24 4 24 36 
02-19 18:14:37.916 D/K706RadioManager(14872): IMcuListener.onTransact: code=1 flags=16
02-19 18:14:37.917 D/K706RadioManager(14872): >>> IMcuListener.onMcuInfoChanged received! data=B1 00 00 23 F0 22 38 22 CE 23 32 23 AA 24 04 24 36 
02-19 18:14:37.918 D/K706RadioManager(14872): MCU[0xB1] len=17 : B1 00 00 23 F0 22 38 22 CE 23 32 23 AA 24 04 24 36 
02-19 18:14:37.918 D/K706RadioManager(14872): PresetList: band=0 presetIdx=0 currentFreq=9200 firstFreq=9200 (offset=3)
02-19 18:14:37.919 D/K706RadioManager(14872): >>> FREQ: 92050 -> 92000 (MCU=9200, 92,00 MHz)
02-19 18:14:37.919 D/TunerManagerForExt(15794): FMRadio main (TunerManagerForExt.java:147) onTunerPresetListChanged:  - mBand: 0 - mPresetIndex: 0 - mFrequency: 9200 - index: 0 - preset: 8760 - index: 1 - preset: 8910 - index: 2 - preset: 9010 - index: 3 - preset: 9130 - index: 4 - preset: 9220 - index: 5 - preset: 9270
02-19 18:14:37.962 E/mcu_services( 5512): MCU2APP : [ff fe fd 12 01 b1 00 00 23 eb 22 38 22 ce 23 32 23 aa 24 04 24 36 24 ff ]
02-19 18:14:37.966 D/TunerPresenter(15794): handleTunerRawData: b1 0 0 23 eb 22 38 22 ce 23 32 23 aa 24 4 24 36 
02-19 18:14:37.966 D/K706RadioManager(14872): IMcuListener.onTransact: code=1 flags=16
02-19 18:14:37.968 D/K706RadioManager(14872): >>> IMcuListener.onMcuInfoChanged received! data=B1 00 00 23 EB 22 38 22 CE 23 32 23 AA 24 04 24 36 
02-19 18:14:37.968 D/TunerManagerForExt(15794): FMRadio main (TunerManagerForExt.java:147) onTunerPresetListChanged:  - mBand: 0 - mPresetIndex: 0 - mFrequency: 9195 - index: 0 - preset: 8760 - index: 1 - preset: 8910 - index: 2 - preset: 9010 - index: 3 - preset: 9130 - index: 4 - preset: 9220 - index: 5 - preset: 9270
02-19 18:14:37.968 D/K706RadioManager(14872): MCU[0xB1] len=17 : B1 00 00 23 EB 22 38 22 CE 23 32 23 AA 24 04 24 36 
02-19 18:14:37.969 D/K706RadioManager(14872): PresetList: band=0 presetIdx=0 currentFreq=9195 firstFreq=9195 (offset=3)
02-19 18:14:37.969 D/K706RadioManager(14872): >>> FREQ: 92000 -> 91950 (MCU=9195, 91,95 MHz)
02-19 18:14:38.012 E/mcu_services( 5512): MCU2APP : [ff fe fd 12 01 b1 00 00 23 e6 22 38 22 ce 23 32 23 aa 24 04 24 36 29 ff ]
02-19 18:14:38.016 D/TunerPresenter(15794): handleTunerRawData: b1 0 0 23 e6 22 38 22 ce 23 32 23 aa 24 4 24 36 
02-19 18:14:38.016 D/K706RadioManager(14872): IMcuListener.onTransact: code=1 flags=16
02-19 18:14:38.018 D/K706RadioManager(14872): >>> IMcuListener.onMcuInfoChanged received! data=B1 00 00 23 E6 22 38 22 CE 23 32 23 AA 24 04 24 36 
02-19 18:14:38.018 D/TunerManagerForExt(15794): FMRadio main (TunerManagerForExt.java:147) onTunerPresetListChanged:  - mBand: 0 - mPresetIndex: 0 - mFrequency: 9190 - index: 0 - preset: 8760 - index: 1 - preset: 8910 - index: 2 - preset: 9010 - index: 3 - preset: 9130 - index: 4 - preset: 9220 - index: 5 - preset: 9270
02-19 18:14:38.019 D/K706RadioManager(14872): MCU[0xB1] len=17 : B1 00 00 23 E6 22 38 22 CE 23 32 23 AA 24 04 24 36 
02-19 18:14:38.019 D/K706RadioManager(14872): PresetList: band=0 presetIdx=0 currentFreq=9190 firstFreq=9190 (offset=3)
02-19 18:14:38.020 D/K706RadioManager(14872): >>> FREQ: 91950 -> 91900 (MCU=9190, 91,90 MHz)
02-19 18:14:38.062 E/mcu_services( 5512): MCU2APP : [ff fe fd 12 01 b1 00 00 23 e1 22 38 22 ce 23 32 23 aa 24 04 24 36 2e ff ]
02-19 18:14:38.065 D/TunerPresenter(15794): handleTunerRawData: b1 0 0 23 e1 22 38 22 ce 23 32 23 aa 24 4 24 36 
02-19 18:14:38.066 D/K706RadioManager(14872): IMcuListener.onTransact: code=1 flags=16
02-19 18:14:38.067 D/K706RadioManager(14872): >>> IMcuListener.onMcuInfoChanged received! data=B1 00 00 23 E1 22 38 22 CE 23 32 23 AA 24 04 24 36 
02-19 18:14:38.068 D/TunerManagerForExt(15794): FMRadio main (TunerManagerForExt.java:147) onTunerPresetListChanged:  - mBand: 0 - mPresetIndex: 0 - mFrequency: 9185 - index: 0 - preset: 8760 - index: 1 - preset: 8910 - index: 2 - preset: 9010 - index: 3 - preset: 9130 - index: 4 - preset: 9220 - index: 5 - preset: 9270
02-19 18:14:38.069 D/K706RadioManager(14872): MCU[0xB1] len=17 : B1 00 00 23 E1 22 38 22 CE 23 32 23 AA 24 04 24 36 
02-19 18:14:38.069 D/K706RadioManager(14872): PresetList: band=0 presetIdx=0 currentFreq=9185 firstFreq=9185 (offset=3)
02-19 18:14:38.070 D/K706RadioManager(14872): >>> FREQ: 91900 -> 91850 (MCU=9185, 91,85 MHz)
02-19 18:14:38.111 E/mcu_services( 5512): MCU2APP : [ff fe fd 12 01 b1 00 00 23 dc 22 38 22 ce 23 32 23 aa 24 04 24 36 13 ff ]
02-19 18:14:38.113 D/TunerPresenter(15794): handleTunerRawData: b1 0 0 23 dc 22 38 22 ce 23 32 23 aa 24 4 24 36 
02-19 18:14:38.113 D/K706RadioManager(14872): IMcuListener.onTransact: code=1 flags=16
02-19 18:14:38.114 D/K706RadioManager(14872): >>> IMcuListener.onMcuInfoChanged received! data=B1 00 00 23 DC 22 38 22 CE 23 32 23 AA 24 04 24 36 
02-19 18:14:38.115 D/TunerManagerForExt(15794): FMRadio main (TunerManagerForExt.java:147) onTunerPresetListChanged:  - mBand: 0 - mPresetIndex: 0 - mFrequency: 9180 - index: 0 - preset: 8760 - index: 1 - preset: 8910 - index: 2 - preset: 9010 - index: 3 - preset: 9130 - index: 4 - preset: 9220 - index: 5 - preset: 9270
02-19 18:14:38.115 D/K706RadioManager(14872): MCU[0xB1] len=17 : B1 00 00 23 DC 22 38 22 CE 23 32 23 AA 24 04 24 36 
02-19 18:14:38.115 D/K706RadioManager(14872): PresetList: band=0 presetIdx=0 currentFreq=9180 firstFreq=9180 (offset=3)
02-19 18:14:38.116 D/K706RadioManager(14872): >>> FREQ: 91850 -> 91800 (MCU=9180, 91,80 MHz)
02-19 18:14:38.161 E/mcu_services( 5512): MCU2APP : [ff fe fd 12 01 b1 00 00 23 d7 22 38 22 ce 23 32 23 aa 24 04 24 36 18 ff ]
02-19 18:14:38.164 D/TunerPresenter(15794): handleTunerRawData: b1 0 0 23 d7 22 38 22 ce 23 32 23 aa 24 4 24 36 
02-19 18:14:38.164 D/K706RadioManager(14872): IMcuListener.onTransact: code=1 flags=16
02-19 18:14:38.165 D/K706RadioManager(14872): >>> IMcuListener.onMcuInfoChanged received! data=B1 00 00 23 D7 22 38 22 CE 23 32 23 AA 24 04 24 36 
02-19 18:14:38.166 D/K706RadioManager(14872): MCU[0xB1] len=17 : B1 00 00 23 D7 22 38 22 CE 23 32 23 AA 24 04 24 36 
02-19 18:14:38.166 D/K706RadioManager(14872): PresetList: band=0 presetIdx=0 currentFreq=9175 firstFreq=9175 (offset=3)
02-19 18:14:38.167 D/TunerManagerForExt(15794): FMRadio main (TunerManagerForExt.java:147) onTunerPresetListChanged:  - mBand: 0 - mPresetIndex: 0 - mFrequency: 9175 - index: 0 - preset: 8760 - index: 1 - preset: 8910 - index: 2 - preset: 9010 - index: 3 - preset: 9130 - index: 4 - preset: 9220 - index: 5 - preset: 9270
02-19 18:14:38.167 D/K706RadioManager(14872): >>> FREQ: 91800 -> 91750 (MCU=9175, 91,75 MHz)
02-19 18:14:38.211 E/mcu_services( 5512): MCU2APP : [ff fe fd 12 01 b1 00 00 23 d2 22 38 22 ce 23 32 23 aa 24 04 24 36 1d ff ]
02-19 18:14:38.216 D/TunerPresenter(15794): handleTunerRawData: b1 0 0 23 d2 22 38 22 ce 23 32 23 aa 24 4 24 36 
02-19 18:14:38.217 D/K706RadioManager(14872): IMcuListener.onTransact: code=1 flags=16
02-19 18:14:38.218 D/K706RadioManager(14872): >>> IMcuListener.onMcuInfoChanged received! data=B1 00 00 23 D2 22 38 22 CE 23 32 23 AA 24 04 24 36 
02-19 18:14:38.219 D/K706RadioManager(14872): MCU[0xB1] len=17 : B1 00 00 23 D2 22 38 22 CE 23 32 23 AA 24 04 24 36 
02-19 18:14:38.219 D/K706RadioManager(14872): PresetList: band=0 presetIdx=0 currentFreq=9170 firstFreq=9170 (offset=3)
02-19 18:14:38.219 D/K706RadioManager(14872): >>> FREQ: 91750 -> 91700 (MCU=9170, 91,70 MHz)
02-19 18:14:38.219 D/TunerManagerForExt(15794): FMRadio main (TunerManagerForExt.java:147) onTunerPresetListChanged:  - mBand: 0 - mPresetIndex: 0 - mFrequency: 9170 - index: 0 - preset: 8760 - index: 1 - preset: 8910 - index: 2 - preset: 9010 - index: 3 - preset: 9130 - index: 4 - preset: 9220 - index: 5 - preset: 9270
02-19 18:14:38.260 E/mcu_services( 5512): MCU2APP : [ff fe fd 12 01 b1 00 00 23 cd 22 38 22 ce 23 32 23 aa 24 04 24 36 02 ff ]
02-19 18:14:38.264 D/TunerPresenter(15794): handleTunerRawData: b1 0 0 23 cd 22 38 22 ce 23 32 23 aa 24 4 24 36 
02-19 18:14:38.265 D/K706RadioManager(14872): IMcuListener.onTransact: code=1 flags=16
02-19 18:14:38.266 D/K706RadioManager(14872): >>> IMcuListener.onMcuInfoChanged received! data=B1 00 00 23 CD 22 38 22 CE 23 32 23 AA 24 04 24 36 
02-19 18:14:38.267 D/TunerManagerForExt(15794): FMRadio main (TunerManagerForExt.java:147) onTunerPresetListChanged:  - mBand: 0 - mPresetIndex: 0 - mFrequency: 9165 - index: 0 - preset: 8760 - index: 1 - preset: 8910 - index: 2 - preset: 9010 - index: 3 - preset: 9130 - index: 4 - preset: 9220 - index: 5 - preset: 9270
02-19 18:14:38.267 D/K706RadioManager(14872): MCU[0xB1] len=17 : B1 00 00 23 CD 22 38 22 CE 23 32 23 AA 24 04 24 36 
02-19 18:14:38.267 D/K706RadioManager(14872): PresetList: band=0 presetIdx=0 currentFreq=9165 firstFreq=9165 (offset=3)
02-19 18:14:38.267 D/K706RadioManager(14872): >>> FREQ: 91700 -> 91650 (MCU=9165, 91,65 MHz)
02-19 18:14:38.310 E/mcu_services( 5512): MCU2APP : [ff fe fd 12 01 b1 00 00 23 c8 22 38 22 ce 23 32 23 aa 24 04 24 36 07 ff ]
02-19 18:14:38.312 D/TunerPresenter(15794): handleTunerRawData: b1 0 0 23 c8 22 38 22 ce 23 32 23 aa 24 4 24 36 
02-19 18:14:38.313 D/K706RadioManager(14872): IMcuListener.onTransact: code=1 flags=16
02-19 18:14:38.314 D/K706RadioManager(14872): >>> IMcuListener.onMcuInfoChanged received! data=B1 00 00 23 C8 22 38 22 CE 23 32 23 AA 24 04 24 36 
02-19 18:14:38.315 D/K706RadioManager(14872): MCU[0xB1] len=17 : B1 00 00 23 C8 22 38 22 CE 23 32 23 AA 24 04 24 36 
02-19 18:14:38.315 D/K706RadioManager(14872): PresetList: band=0 presetIdx=0 currentFreq=9160 firstFreq=9160 (offset=3)
02-19 18:14:38.315 D/K706RadioManager(14872): >>> FREQ: 91650 -> 91600 (MCU=9160, 91,60 MHz)
02-19 18:14:38.315 D/TunerManagerForExt(15794): FMRadio main (TunerManagerForExt.java:147) onTunerPresetListChanged:  - mBand: 0 - mPresetIndex: 0 - mFrequency: 9160 - index: 0 - preset: 8760 - index: 1 - preset: 8910 - index: 2 - preset: 9010 - index: 3 - preset: 9130 - index: 4 - preset: 9220 - index: 5 - preset: 9270
02-19 18:14:38.360 E/mcu_services( 5512): MCU2APP : [ff fe fd 12 01 b1 00 00 23 c3 22 38 22 ce 23 32 23 aa 24 04 24 36 0c ff ]
02-19 18:14:38.363 D/TunerPresenter(15794): handleTunerRawData: b1 0 0 23 c3 22 38 22 ce 23 32 23 aa 24 4 24 36 
02-19 18:14:38.363 D/K706RadioManager(14872): IMcuListener.onTransact: code=1 flags=16
02-19 18:14:38.365 D/K706RadioManager(14872): >>> IMcuListener.onMcuInfoChanged received! data=B1 00 00 23 C3 22 38 22 CE 23 32 23 AA 24 04 24 36 
02-19 18:14:38.365 D/TunerManagerForExt(15794): FMRadio main (TunerManagerForExt.java:147) onTunerPresetListChanged:  - mBand: 0 - mPresetIndex: 0 - mFrequency: 9155 - index: 0 - preset: 8760 - index: 1 - preset: 8910 - index: 2 - preset: 9010 - index: 3 - preset: 9130 - index: 4 - preset: 9220 - index: 5 - preset: 9270
02-19 18:14:38.366 D/K706RadioManager(14872): MCU[0xB1] len=17 : B1 00 00 23 C3 22 38 22 CE 23 32 23 AA 24 04 24 36 
02-19 18:14:38.366 D/K706RadioManager(14872): PresetList: band=0 presetIdx=0 currentFreq=9155 firstFreq=9155 (offset=3)
02-19 18:14:38.366 D/K706RadioManager(14872): >>> FREQ: 91600 -> 91550 (MCU=9155, 91,55 MHz)
02-19 18:14:38.409 E/mcu_services( 5512): MCU2APP : [ff fe fd 12 01 b1 00 00 23 be 22 38 22 ce 23 32 23 aa 24 04 24 36 71 ff ]
02-19 18:14:38.412 D/TunerPresenter(15794): handleTunerRawData: b1 0 0 23 be 22 38 22 ce 23 32 23 aa 24 4 24 36 
02-19 18:14:38.412 D/K706RadioManager(14872): IMcuListener.onTransact: code=1 flags=16
02-19 18:14:38.413 D/K706RadioManager(14872): >>> IMcuListener.onMcuInfoChanged received! data=B1 00 00 23 BE 22 38 22 CE 23 32 23 AA 24 04 24 36 
02-19 18:14:38.414 D/K706RadioManager(14872): MCU[0xB1] len=17 : B1 00 00 23 BE 22 38 22 CE 23 32 23 AA 24 04 24 36 
02-19 18:14:38.414 D/TunerManagerForExt(15794): FMRadio main (TunerManagerForExt.java:147) onTunerPresetListChanged:  - mBand: 0 - mPresetIndex: 0 - mFrequency: 9150 - index: 0 - preset: 8760 - index: 1 - preset: 8910 - index: 2 - preset: 9010 - index: 3 - preset: 9130 - index: 4 - preset: 9220 - index: 5 - preset: 9270
02-19 18:14:38.414 D/K706RadioManager(14872): PresetList: band=0 presetIdx=0 currentFreq=9150 firstFreq=9150 (offset=3)
02-19 18:14:38.415 D/K706RadioManager(14872): >>> FREQ: 91550 -> 91500 (MCU=9150, 91,50 MHz)
02-19 18:14:38.459 E/mcu_services( 5512): MCU2APP : [ff fe fd 12 01 b1 00 00 23 b9 22 38 22 ce 23 32 23 aa 24 04 24 36 76 ff ]
02-19 18:14:38.463 D/TunerPresenter(15794): handleTunerRawData: b1 0 0 23 b9 22 38 22 ce 23 32 23 aa 24 4 24 36 
02-19 18:14:38.464 D/K706RadioManager(14872): IMcuListener.onTransact: code=1 flags=16
02-19 18:14:38.465 D/K706RadioManager(14872): >>> IMcuListener.onMcuInfoChanged received! data=B1 00 00 23 B9 22 38 22 CE 23 32 23 AA 24 04 24 36 
02-19 18:14:38.466 D/TunerManagerForExt(15794): FMRadio main (TunerManagerForExt.java:147) onTunerPresetListChanged:  - mBand: 0 - mPresetIndex: 0 - mFrequency: 9145 - index: 0 - preset: 8760 - index: 1 - preset: 8910 - index: 2 - preset: 9010 - index: 3 - preset: 9130 - index: 4 - preset: 9220 - index: 5 - preset: 9270
02-19 18:14:38.466 D/K706RadioManager(14872): MCU[0xB1] len=17 : B1 00 00 23 B9 22 38 22 CE 23 32 23 AA 24 04 24 36 
02-19 18:14:38.466 D/K706RadioManager(14872): PresetList: band=0 presetIdx=0 currentFreq=9145 firstFreq=9145 (offset=3)
02-19 18:14:38.466 D/K706RadioManager(14872): >>> FREQ: 91500 -> 91450 (MCU=9145, 91,45 MHz)
02-19 18:14:38.509 E/mcu_services( 5512): MCU2APP : [ff fe fd 12 01 b1 00 00 23 b4 22 38 22 ce 23 32 23 aa 24 04 24 36 7b ff ]
02-19 18:14:38.511 D/TunerPresenter(15794): handleTunerRawData: b1 0 0 23 b4 22 38 22 ce 23 32 23 aa 24 4 24 36 
02-19 18:14:38.511 D/K706RadioManager(14872): IMcuListener.onTransact: code=1 flags=16
02-19 18:14:38.513 D/K706RadioManager(14872): >>> IMcuListener.onMcuInfoChanged received! data=B1 00 00 23 B4 22 38 22 CE 23 32 23 AA 24 04 24 36 
02-19 18:14:38.514 D/TunerManagerForExt(15794): FMRadio main (TunerManagerForExt.java:147) onTunerPresetListChanged:  - mBand: 0 - mPresetIndex: 0 - mFrequency: 9140 - index: 0 - preset: 8760 - index: 1 - preset: 8910 - index: 2 - preset: 9010 - index: 3 - preset: 9130 - index: 4 - preset: 9220 - index: 5 - preset: 9270
02-19 18:14:38.514 D/K706RadioManager(14872): MCU[0xB1] len=17 : B1 00 00 23 B4 22 38 22 CE 23 32 23 AA 24 04 24 36 
02-19 18:14:38.514 D/K706RadioManager(14872): PresetList: band=0 presetIdx=0 currentFreq=9140 firstFreq=9140 (offset=3)
02-19 18:14:38.514 D/K706RadioManager(14872): >>> FREQ: 91450 -> 91400 (MCU=9140, 91,40 MHz)
02-19 18:14:38.559 E/mcu_services( 5512): MCU2APP : [ff fe fd 12 01 b1 00 00 23 af 22 38 22 ce 23 32 23 aa 24 04 24 36 60 ff ]
02-19 18:14:38.562 D/TunerPresenter(15794): handleTunerRawData: b1 0 0 23 af 22 38 22 ce 23 32 23 aa 24 4 24 36 
02-19 18:14:38.563 D/K706RadioManager(14872): IMcuListener.onTransact: code=1 flags=16
02-19 18:14:38.564 D/K706RadioManager(14872): >>> IMcuListener.onMcuInfoChanged received! data=B1 00 00 23 AF 22 38 22 CE 23 32 23 AA 24 04 24 36 
02-19 18:14:38.565 D/K706RadioManager(14872): MCU[0xB1] len=17 : B1 00 00 23 AF 22 38 22 CE 23 32 23 AA 24 04 24 36 
02-19 18:14:38.565 D/TunerManagerForExt(15794): FMRadio main (TunerManagerForExt.java:147) onTunerPresetListChanged:  - mBand: 0 - mPresetIndex: 0 - mFrequency: 9135 - index: 0 - preset: 8760 - index: 1 - preset: 8910 - index: 2 - preset: 9010 - index: 3 - preset: 9130 - index: 4 - preset: 9220 - index: 5 - preset: 9270
02-19 18:14:38.565 D/K706RadioManager(14872): PresetList: band=0 presetIdx=0 currentFreq=9135 firstFreq=9135 (offset=3)
02-19 18:14:38.566 D/K706RadioManager(14872): >>> FREQ: 91400 -> 91350 (MCU=9135, 91,35 MHz)
02-19 18:14:38.608 E/mcu_services( 5512): MCU2APP : [ff fe fd 12 01 b1 00 00 23 aa 22 38 22 ce 23 32 23 aa 24 04 24 36 65 ff ]
02-19 18:14:38.610 D/TunerPresenter(15794): handleTunerRawData: b1 0 0 23 aa 22 38 22 ce 23 32 23 aa 24 4 24 36 
02-19 18:14:38.611 D/K706RadioManager(14872): IMcuListener.onTransact: code=1 flags=16
02-19 18:14:38.612 D/K706RadioManager(14872): >>> IMcuListener.onMcuInfoChanged received! data=B1 00 00 23 AA 22 38 22 CE 23 32 23 AA 24 04 24 36 
02-19 18:14:38.612 D/TunerManagerForExt(15794): FMRadio main (TunerManagerForExt.java:147) onTunerPresetListChanged:  - mBand: 0 - mPresetIndex: 0 - mFrequency: 9130 - index: 0 - preset: 8760 - index: 1 - preset: 8910 - index: 2 - preset: 9010 - index: 3 - preset: 9130 - index: 4 - preset: 9220 - index: 5 - preset: 9270
02-19 18:14:38.612 D/K706RadioManager(14872): MCU[0xB1] len=17 : B1 00 00 23 AA 22 38 22 CE 23 32 23 AA 24 04 24 36 
02-19 18:14:38.612 D/K706RadioManager(14872): PresetList: band=0 presetIdx=0 currentFreq=9130 firstFreq=9130 (offset=3)
02-19 18:14:38.613 D/K706RadioManager(14872): >>> FREQ: 91350 -> 91300 (MCU=9130, 91,30 MHz)
02-19 18:14:38.652 E/mcu_services( 5512): MCU2APP : [ff fe fd 12 01 b1 00 04 23 aa 22 38 22 ce 23 32 23 aa 24 04 24 36 61 ff ]
02-19 18:14:38.654 D/TunerPresenter(15794): handleTunerRawData: b1 0 4 23 aa 22 38 22 ce 23 32 23 aa 24 4 24 36 
02-19 18:14:38.654 D/K706RadioManager(14872): IMcuListener.onTransact: code=1 flags=16
02-19 18:14:38.655 D/K706RadioManager(14872): >>> IMcuListener.onMcuInfoChanged received! data=B1 00 04 23 AA 22 38 22 CE 23 32 23 AA 24 04 24 36 
02-19 18:14:38.656 D/TunerManagerForExt(15794): FMRadio main (TunerManagerForExt.java:147) onTunerPresetListChanged:  - mBand: 0 - mPresetIndex: 4 - mFrequency: 9130 - index: 0 - preset: 8760 - index: 1 - preset: 8910 - index: 2 - preset: 9010 - index: 3 - preset: 9130 - index: 4 - preset: 9220 - index: 5 - preset: 9270
02-19 18:14:38.656 D/K706RadioManager(14872): MCU[0xB1] len=17 : B1 00 04 23 AA 22 38 22 CE 23 32 23 AA 24 04 24 36 
02-19 18:14:38.656 D/K706RadioManager(14872): PresetList: band=0 presetIdx=4 currentFreq=9130 firstFreq=9130 (offset=11)
02-19 18:14:38.724 E/mcu_services( 5512): MCU2APP : [ff fe fd 12 01 b1 00 04 23 aa 22 38 22 ce 23 32 23 aa 24 04 24 36 61 ff ]
02-19 18:14:38.724 E/mcu_services( 5512): MCU2APP : [ff fe fd 03 01 b4 00 b5 ff ]
02-19 18:14:38.724 E/mcu_services( 5512): sendAckSuccess : [ff fd fe 02 02 b4 b6 ff ]
02-19 18:14:38.724 E/mcu_services( 5512): APP2MCU - writeToUart: [ff fd fe 02 02 b4 b6 ff ]
02-19 18:14:38.727 D/TunerPresenter(15794): handleTunerRawData: b1 0 4 23 aa 22 38 22 ce 23 32 23 aa 24 4 24 36 
02-19 18:14:38.728 D/K706RadioManager(14872): IMcuListener.onTransact: code=1 flags=16
02-19 18:14:38.728 D/TunerManagerForExt(15794): FMRadio main (TunerManagerForExt.java:147) onTunerPresetListChanged:  - mBand: 0 - mPresetIndex: 4 - mFrequency: 9130 - index: 0 - preset: 8760 - index: 1 - preset: 8910 - index: 2 - preset: 9010 - index: 3 - preset: 9130 - index: 4 - preset: 9220 - index: 5 - preset: 9270
02-19 18:14:38.729 D/K706RadioManager(14872): >>> IMcuListener.onMcuInfoChanged received! data=B1 00 04 23 AA 22 38 22 CE 23 32 23 AA 24 04 24 36 
02-19 18:14:38.731 D/K706RadioManager(14872): MCU[0xB1] len=17 : B1 00 04 23 AA 22 38 22 CE 23 32 23 AA 24 04 24 36 
02-19 18:14:38.731 D/K706RadioManager(14872): PresetList: band=0 presetIdx=4 currentFreq=9130 firstFreq=9130 (offset=11)
02-19 18:14:38.735 D/K706RadioManager(14872): IMcuListener.onTransact: code=1 flags=16
02-19 18:14:38.735 D/K706RadioManager(14872): >>> IMcuListener.onMcuInfoChanged received! data=B4 00 
02-19 18:14:38.736 D/K706RadioManager(14872): MCU[0xB4] len=2 : B4 00 
02-19 18:14:38.736 D/K706RadioManager(14872): Unknown MCU packet type: 0xB4
02-19 18:14:38.736 D/TunerPresenter(15794): handleTunerRawData: b4 0 
02-19 18:14:38.737 D/TunerManagerForExt(15794): FMRadio main (TunerManagerForExt.java:195) onTuneRdsIndicateInfo: onTuneRdsIndicateInfo - flag: 0 - mRdsSwitch: 0
02-19 18:14:38.758 E/mcu_services( 5512): MCU2APP : [ff fe fd 12 01 b1 00 04 23 aa 22 38 22 ce 23 32 23 aa 24 04 24 36 61 ff ]
02-19 18:14:38.758 E/mcu_services( 5512): MCU2APP : [ff fe fd 03 01 b0 70 c1 ff ]
02-19 18:14:38.762 D/TunerPresenter(15794): handleTunerRawData: b1 0 4 23 aa 22 38 22 ce 23 32 23 aa 24 4 24 36 
02-19 18:14:38.762 D/TunerManagerForExt(15794): FMRadio main (TunerManagerForExt.java:147) onTunerPresetListChanged:  - mBand: 0 - mPresetIndex: 4 - mFrequency: 9130 - index: 0 - preset: 8760 - index: 1 - preset: 8910 - index: 2 - preset: 9010 - index: 3 - preset: 9130 - index: 4 - preset: 9220 - index: 5 - preset: 9270
02-19 18:14:38.764 D/K706RadioManager(14872): IMcuListener.onTransact: code=1 flags=16
02-19 18:14:38.765 D/K706RadioManager(14872): >>> IMcuListener.onMcuInfoChanged received! data=B1 00 04 23 AA 22 38 22 CE 23 32 23 AA 24 04 24 36 
02-19 18:14:38.765 D/K706RadioManager(14872): MCU[0xB1] len=17 : B1 00 04 23 AA 22 38 22 CE 23 32 23 AA 24 04 24 36 
02-19 18:14:38.765 D/K706RadioManager(14872): PresetList: band=0 presetIdx=4 currentFreq=9130 firstFreq=9130 (offset=11)
02-19 18:14:38.768 D/K706RadioManager(14872): IMcuListener.onTransact: code=1 flags=16
02-19 18:14:38.768 D/K706RadioManager(14872): >>> IMcuListener.onMcuInfoChanged received! data=B0 70 
02-19 18:14:38.769 D/K706RadioManager(14872): MCU[0xB0] len=2 : B0 70 
02-19 18:14:38.769 D/K706RadioManager(14872): TunerInfo: flags=0x70 save=false AS=false finish=true valid=true ST=true LOC=false seek=false scan=false
02-19 18:14:38.772 D/TunerPresenter(15794): handleTunerRawData: b0 70 
02-19 18:14:38.772 D/TunerManagerForExt(15794): FMRadio main (TunerManagerForExt.java:108) onTunerInfoChanged: onTunerInfoChanged - flag: 112 - asFlag: 0 - psFlag: 0 - scanFlag: 0 - seekFlag: 0 - mStFlag: 1 - mLocFlag: 1 - mIsSearching: true - mTempSearching: false
02-19 18:14:38.772 D/TunerManagerForExt(15794): FMRadio main (TunerManagerForExt.java:118) onTunerInfoChanged: mIsSearching: false - mTempSearching: false - asFlag: 0 - seekFlag: 0
02-19 18:14:38.958 E/mcu_services( 5512): MCU2APP : [ff fe fd 03 01 b4 04 b1 ff ]
02-19 18:14:38.958 E/mcu_services( 5512): MCU2APP : [ff fe fd 04 01 b5 00 01 b5 ff ]
02-19 18:14:38.959 E/mcu_services( 5512): sendAckSuccess : [ff fd fe 02 02 b4 b6 ff ]
02-19 18:14:38.959 E/mcu_services( 5512): MCU2APP : [ff fe fd 03 01 b0 60 d1 ff ]
02-19 18:14:38.959 E/mcu_services( 5512): APP2MCU - writeToUart: [ff fd fe 02 02 b4 b6 ff ]
02-19 18:14:38.959 E/mcu_services( 5512): sendAckSuccess : [ff fd fe 02 02 b5 b7 ff ]
02-19 18:14:38.959 E/mcu_services( 5512): APP2MCU - writeToUart: [ff fd fe 02 02 b5 b7 ff ]
02-19 18:14:38.963 D/TunerPresenter(15794): handleTunerRawData: b4 4 
02-19 18:14:38.963 D/TunerManagerForExt(15794): FMRadio main (TunerManagerForExt.java:195) onTuneRdsIndicateInfo: onTuneRdsIndicateInfo - flag: 4 - mRdsSwitch: 1
02-19 18:14:38.963 D/K706RadioManager(14872): IMcuListener.onTransact: code=1 flags=16
02-19 18:14:38.964 D/K706RadioManager(14872): >>> IMcuListener.onMcuInfoChanged received! data=B4 04 
02-19 18:14:38.964 D/K706RadioManager(14872): MCU[0xB4] len=2 : B4 04 
02-19 18:14:38.964 D/K706RadioManager(14872): Unknown MCU packet type: 0xB4
02-19 18:14:38.967 D/TunerPresenter(15794): handleTunerRawData: b5 0 1 
02-19 18:14:38.968 D/TunerManagerForExt(15794): FMRadio main (TunerManagerForExt.java:220) onTuneRdsPtyTypeInfo: onTuneRdsPtyTypeInfo - mRdsPtyType: 0
02-19 18:14:38.968 D/K706RadioManager(14872): IMcuListener.onTransact: code=1 flags=16
02-19 18:14:38.968 D/K706RadioManager(14872): >>> IMcuListener.onMcuInfoChanged received! data=B5 00 01 
02-19 18:14:38.969 D/K706RadioManager(14872): MCU[0xB5] len=3 : B5 00 01 
02-19 18:14:38.969 D/K706RadioManager(14872): Unknown MCU packet type: 0xB5
02-19 18:14:38.972 D/TunerPresenter(15794): handleTunerRawData: b0 60 
02-19 18:14:38.972 D/TunerManagerForExt(15794): FMRadio main (TunerManagerForExt.java:108) onTunerInfoChanged: onTunerInfoChanged - flag: 96 - asFlag: 0 - psFlag: 0 - scanFlag: 0 - seekFlag: 0 - mStFlag: 0 - mLocFlag: 1 - mIsSearching: false - mTempSearching: false
02-19 18:14:38.972 D/TunerManagerForExt(15794): FMRadio main (TunerManagerForExt.java:118) onTunerInfoChanged: mIsSearching: false - mTempSearching: false - asFlag: 0 - seekFlag: 0
02-19 18:14:38.972 D/K706RadioManager(14872): IMcuListener.onTransact: code=1 flags=16
02-19 18:14:38.973 D/K706RadioManager(14872): >>> IMcuListener.onMcuInfoChanged received! data=B0 60 
02-19 18:14:38.973 D/K706RadioManager(14872): MCU[0xB0] len=2 : B0 60 
02-19 18:14:38.973 D/K706RadioManager(14872): TunerInfo: flags=0x60 save=false AS=false finish=false valid=true ST=true LOC=false seek=false scan=false
02-19 18:14:39.352 E/mcu_services( 5512): MCU2APP : [ff fe fd 03 01 29 6d 45 ff ]
02-19 18:14:39.357 D/K706RadioManager(14872): IMcuListener.onTransact: code=1 flags=16
02-19 18:14:39.357 D/K706RadioManager(14872): >>> IMcuListener.onMcuInfoChanged received! data=29 6D 
02-19 18:14:39.358 D/K706RadioManager(14872): MCU[0x29] len=2 : 29 6D 
02-19 18:14:39.358 D/K706RadioManager(14872): Unknown MCU packet type: 0x29
02-19 18:14:40.350 E/mcu_services( 5512): MCU2APP : [ff fe fd 0a 01 b6 43 4f 50 45 20 20 20 20 ae ff ]
02-19 18:14:40.351 E/mcu_services( 5512): sendAckSuccess : [ff fd fe 02 02 b6 b4 ff ]
02-19 18:14:40.351 E/mcu_services( 5512): APP2MCU - writeToUart: [ff fd fe 02 02 b6 b4 ff ]
02-19 18:14:40.355 D/TunerPresenter(15794): handleTunerRawData: b6 43 4f 50 45 20 20 20 20 
02-19 18:14:40.355 D/TunerManagerForExt(15794): FMRadio main (TunerManagerForExt.java:234) onTuneRdsPSInfo: onTuneRdsPSInfo - len: 9 - data: b6 43 4f 50 45 20 20 20 20 
02-19 18:14:40.355 D/TunerManagerForExt(15794): FMRadio main (TunerManagerForExt.java:258) onTuneRdsPSInfo: onTuneRdsPSInfo - mRdsPsInfo: COPE    
02-19 18:14:40.358 D/K706RadioManager(14872): IMcuListener.onTransact: code=1 flags=16
02-19 18:14:40.359 D/K706RadioManager(14872): >>> IMcuListener.onMcuInfoChanged received! data=B6 43 4F 50 45 20 20 20 20 
02-19 18:14:40.360 D/K706RadioManager(14872): MCU[0xB6] len=9 : B6 43 4F 50 45 20 20 20 20 
02-19 18:14:40.360 D/K706RadioManager(14872): RDS PS: 'COPE'
02-19 18:14:41.341 E/mcu_services( 5512): MCU2APP : [ff fe fd 03 01 29 6d 45 ff ]
02-19 18:14:41.345 D/K706RadioManager(14872): IMcuListener.onTransact: code=1 flags=16
02-19 18:14:41.346 D/K706RadioManager(14872): >>> IMcuListener.onMcuInfoChanged received! data=29 6D 
02-19 18:14:41.346 D/K706RadioManager(14872): MCU[0x29] len=2 : 29 6D 
02-19 18:14:41.346 D/K706RadioManager(14872): Unknown MCU packet type: 0x29
02-19 18:14:43.330 E/mcu_services( 5512): MCU2APP : [ff fe fd 03 01 29 6d 45 ff ]
02-19 18:14:43.335 D/K706RadioManager(14872): IMcuListener.onTransact: code=1 flags=16
02-19 18:14:43.335 D/K706RadioManager(14872): >>> IMcuListener.onMcuInfoChanged received! data=29 6D 
02-19 18:14:43.335 D/K706RadioManager(14872): MCU[0x29] len=2 : 29 6D 
02-19 18:14:43.335 D/K706RadioManager(14872): Unknown MCU packet type: 0x29
02-19 18:14:45.320 E/mcu_services( 5512): MCU2APP : [ff fe fd 03 01 29 6d 45 ff ]
02-19 18:14:45.325 D/K706RadioManager(14872): IMcuListener.onTransact: code=1 flags=16
02-19 18:14:45.325 D/K706RadioManager(14872): >>> IMcuListener.onMcuInfoChanged received! data=29 6D 
02-19 18:14:45.325 D/K706RadioManager(14872): MCU[0x29] len=2 : 29 6D 
02-19 18:14:45.325 D/K706RadioManager(14872): Unknown MCU packet type: 0x29
02-19 18:14:46.860 E/mcu_services( 5512): APP2MCU - writeToUartNormal : [ff fd fe 05 01 a0 02 00 00 a3 ff ]
02-19 18:14:46.861 D/K706RadioManager(14872): CMD Enviado: sub=0x02 p1=0x00 p2=0x00
02-19 18:14:46.861 D/K706RadioManager(14872): Seek DOWN iniciado
02-19 18:14:46.937 E/mcu_services( 5512): MCU2APP : [ff fe fd 12 01 b1 00 00 23 a5 22 38 22 ce 23 32 23 aa 24 04 24 36 6a ff ]
02-19 18:14:46.938 E/mcu_services( 5512): MCU2APP : [ff fe fd 03 01 b0 68 d9 ff ]
02-19 18:14:46.942 D/TunerPresenter(15794): handleTunerRawData: b1 0 0 23 a5 22 38 22 ce 23 32 23 aa 24 4 24 36 
02-19 18:14:46.942 D/K706RadioManager(14872): IMcuListener.onTransact: code=1 flags=16
02-19 18:14:46.943 D/K706RadioManager(14872): >>> IMcuListener.onMcuInfoChanged received! data=B1 00 00 23 A5 22 38 22 CE 23 32 23 AA 24 04 24 36 
02-19 18:14:46.943 D/TunerManagerForExt(15794): FMRadio main (TunerManagerForExt.java:147) onTunerPresetListChanged:  - mBand: 0 - mPresetIndex: 0 - mFrequency: 9125 - index: 0 - preset: 8760 - index: 1 - preset: 8910 - index: 2 - preset: 9010 - index: 3 - preset: 9130 - index: 4 - preset: 9220 - index: 5 - preset: 9270
02-19 18:14:46.943 D/K706RadioManager(14872): MCU[0xB1] len=17 : B1 00 00 23 A5 22 38 22 CE 23 32 23 AA 24 04 24 36 
02-19 18:14:46.943 D/K706RadioManager(14872): PresetList: band=0 presetIdx=0 currentFreq=9125 firstFreq=9125 (offset=3)
02-19 18:14:46.943 D/K706RadioManager(14872): >>> FREQ: 91300 -> 91250 (MCU=9125, 91,25 MHz)
02-19 18:14:46.946 D/K706RadioManager(14872): IMcuListener.onTransact: code=1 flags=16
02-19 18:14:46.948 D/K706RadioManager(14872): >>> IMcuListener.onMcuInfoChanged received! data=B0 68 
02-19 18:14:46.949 D/K706RadioManager(14872): MCU[0xB0] len=2 : B0 68 
02-19 18:14:46.949 D/K706RadioManager(14872): TunerInfo: flags=0x68 save=false AS=true finish=false valid=true ST=true LOC=false seek=false scan=false
02-19 18:14:46.965 D/TunerPresenter(15794): handleTunerRawData: b0 68 
02-19 18:14:46.966 D/TunerManagerForExt(15794): FMRadio main (TunerManagerForExt.java:108) onTunerInfoChanged: onTunerInfoChanged - flag: 104 - asFlag: 0 - psFlag: 0 - scanFlag: 0 - seekFlag: 1 - mStFlag: 0 - mLocFlag: 1 - mIsSearching: false - mTempSearching: false
02-19 18:14:46.966 D/TunerManagerForExt(15794): FMRadio main (TunerManagerForExt.java:118) onTunerInfoChanged: mIsSearching: true - mTempSearching: false - asFlag: 0 - seekFlag: 1
02-19 18:14:46.981 E/mcu_services( 5512): MCU2APP : [ff fe fd 12 01 b1 00 00 23 a0 22 38 22 ce 23 32 23 aa 24 04 24 36 6f ff ]
02-19 18:14:46.984 D/TunerPresenter(15794): handleTunerRawData: b1 0 0 23 a0 22 38 22 ce 23 32 23 aa 24 4 24 36 
02-19 18:14:46.984 D/K706RadioManager(14872): IMcuListener.onTransact: code=1 flags=16
02-19 18:14:46.985 D/K706RadioManager(14872): >>> IMcuListener.onMcuInfoChanged received! data=B1 00 00 23 A0 22 38 22 CE 23 32 23 AA 24 04 24 36 
02-19 18:14:46.986 D/K706RadioManager(14872): MCU[0xB1] len=17 : B1 00 00 23 A0 22 38 22 CE 23 32 23 AA 24 04 24 36 
02-19 18:14:46.986 D/K706RadioManager(14872): PresetList: band=0 presetIdx=0 currentFreq=9120 firstFreq=9120 (offset=3)
02-19 18:14:46.986 D/TunerManagerForExt(15794): FMRadio main (TunerManagerForExt.java:147) onTunerPresetListChanged:  - mBand: 0 - mPresetIndex: 0 - mFrequency: 9120 - index: 0 - preset: 8760 - index: 1 - preset: 8910 - index: 2 - preset: 9010 - index: 3 - preset: 9130 - index: 4 - preset: 9220 - index: 5 - preset: 9270
02-19 18:14:46.986 D/K706RadioManager(14872): >>> FREQ: 91250 -> 91200 (MCU=9120, 91,20 MHz)
02-19 18:14:47.031 E/mcu_services( 5512): MCU2APP : [ff fe fd 12 01 b1 00 00 23 9b 22 38 22 ce 23 32 23 aa 24 04 24 36 54 ff ]
02-19 18:14:47.035 D/TunerPresenter(15794): handleTunerRawData: b1 0 0 23 9b 22 38 22 ce 23 32 23 aa 24 4 24 36 
02-19 18:14:47.035 D/K706RadioManager(14872): IMcuListener.onTransact: code=1 flags=16
02-19 18:14:47.036 D/K706RadioManager(14872): >>> IMcuListener.onMcuInfoChanged received! data=B1 00 00 23 9B 22 38 22 CE 23 32 23 AA 24 04 24 36 
02-19 18:14:47.037 D/K706RadioManager(14872): MCU[0xB1] len=17 : B1 00 00 23 9B 22 38 22 CE 23 32 23 AA 24 04 24 36 
02-19 18:14:47.037 D/TunerManagerForExt(15794): FMRadio main (TunerManagerForExt.java:147) onTunerPresetListChanged:  - mBand: 0 - mPresetIndex: 0 - mFrequency: 9115 - index: 0 - preset: 8760 - index: 1 - preset: 8910 - index: 2 - preset: 9010 - index: 3 - preset: 9130 - index: 4 - preset: 9220 - index: 5 - preset: 9270
02-19 18:14:47.037 D/K706RadioManager(14872): PresetList: band=0 presetIdx=0 currentFreq=9115 firstFreq=9115 (offset=3)
02-19 18:14:47.037 D/K706RadioManager(14872): >>> FREQ: 91200 -> 91150 (MCU=9115, 91,15 MHz)
02-19 18:14:47.080 E/mcu_services( 5512): MCU2APP : [ff fe fd 12 01 b1 00 00 23 96 22 38 22 ce 23 32 23 aa 24 04 24 36 59 ff ]
02-19 18:14:47.083 D/TunerPresenter(15794): handleTunerRawData: b1 0 0 23 96 22 38 22 ce 23 32 23 aa 24 4 24 36 
02-19 18:14:47.083 D/K706RadioManager(14872): IMcuListener.onTransact: code=1 flags=16
02-19 18:14:47.085 D/K706RadioManager(14872): >>> IMcuListener.onMcuInfoChanged received! data=B1 00 00 23 96 22 38 22 CE 23 32 23 AA 24 04 24 36 
02-19 18:14:47.085 D/K706RadioManager(14872): MCU[0xB1] len=17 : B1 00 00 23 96 22 38 22 CE 23 32 23 AA 24 04 24 36 
02-19 18:14:47.085 D/TunerManagerForExt(15794): FMRadio main (TunerManagerForExt.java:147) onTunerPresetListChanged:  - mBand: 0 - mPresetIndex: 0 - mFrequency: 9110 - index: 0 - preset: 8760 - index: 1 - preset: 8910 - index: 2 - preset: 9010 - index: 3 - preset: 9130 - index: 4 - preset: 9220 - index: 5 - preset: 9270
02-19 18:14:47.086 D/K706RadioManager(14872): PresetList: band=0 presetIdx=0 currentFreq=9110 firstFreq=9110 (offset=3)
02-19 18:14:47.086 D/K706RadioManager(14872): >>> FREQ: 91150 -> 91100 (MCU=9110, 91,10 MHz)
02-19 18:14:47.130 E/mcu_services( 5512): MCU2APP : [ff fe fd 12 01 b1 00 00 23 91 22 38 22 ce 23 32 23 aa 24 04 24 36 5e ff ]
02-19 18:14:47.134 D/TunerPresenter(15794): handleTunerRawData: b1 0 0 23 91 22 38 22 ce 23 32 23 aa 24 4 24 36 
02-19 18:14:47.135 D/K706RadioManager(14872): IMcuListener.onTransact: code=1 flags=16
02-19 18:14:47.137 D/K706RadioManager(14872): >>> IMcuListener.onMcuInfoChanged received! data=B1 00 00 23 91 22 38 22 CE 23 32 23 AA 24 04 24 36 
02-19 18:14:47.137 D/TunerManagerForExt(15794): FMRadio main (TunerManagerForExt.java:147) onTunerPresetListChanged:  - mBand: 0 - mPresetIndex: 0 - mFrequency: 9105 - index: 0 - preset: 8760 - index: 1 - preset: 8910 - index: 2 - preset: 9010 - index: 3 - preset: 9130 - index: 4 - preset: 9220 - index: 5 - preset: 9270
02-19 18:14:47.138 D/K706RadioManager(14872): MCU[0xB1] len=17 : B1 00 00 23 91 22 38 22 CE 23 32 23 AA 24 04 24 36 
02-19 18:14:47.138 D/K706RadioManager(14872): PresetList: band=0 presetIdx=0 currentFreq=9105 firstFreq=9105 (offset=3)
02-19 18:14:47.138 D/K706RadioManager(14872): >>> FREQ: 91100 -> 91050 (MCU=9105, 91,05 MHz)
02-19 18:14:47.180 E/mcu_services( 5512): MCU2APP : [ff fe fd 12 01 b1 00 00 23 8c 22 38 22 ce 23 32 23 aa 24 04 24 36 43 ff ]
02-19 18:14:47.184 D/TunerPresenter(15794): handleTunerRawData: b1 0 0 23 8c 22 38 22 ce 23 32 23 aa 24 4 24 36 
02-19 18:14:47.184 D/K706RadioManager(14872): IMcuListener.onTransact: code=1 flags=16
02-19 18:14:47.186 D/K706RadioManager(14872): >>> IMcuListener.onMcuInfoChanged received! data=B1 00 00 23 8C 22 38 22 CE 23 32 23 AA 24 04 24 36 
02-19 18:14:47.187 D/K706RadioManager(14872): MCU[0xB1] len=17 : B1 00 00 23 8C 22 38 22 CE 23 32 23 AA 24 04 24 36 
02-19 18:14:47.187 D/K706RadioManager(14872): PresetList: band=0 presetIdx=0 currentFreq=9100 firstFreq=9100 (offset=3)
02-19 18:14:47.187 D/K706RadioManager(14872): >>> FREQ: 91050 -> 91000 (MCU=9100, 91,00 MHz)
02-19 18:14:47.187 D/TunerManagerForExt(15794): FMRadio main (TunerManagerForExt.java:147) onTunerPresetListChanged:  - mBand: 0 - mPresetIndex: 0 - mFrequency: 9100 - index: 0 - preset: 8760 - index: 1 - preset: 8910 - index: 2 - preset: 9010 - index: 3 - preset: 9130 - index: 4 - preset: 9220 - index: 5 - preset: 9270
02-19 18:14:47.230 E/mcu_services( 5512): MCU2APP : [ff fe fd 12 01 b1 00 00 23 87 22 38 22 ce 23 32 23 aa 24 04 24 36 48 ff ]
02-19 18:14:47.232 D/TunerPresenter(15794): handleTunerRawData: b1 0 0 23 87 22 38 22 ce 23 32 23 aa 24 4 24 36 
02-19 18:14:47.232 D/K706RadioManager(14872): IMcuListener.onTransact: code=1 flags=16
02-19 18:14:47.234 D/K706RadioManager(14872): >>> IMcuListener.onMcuInfoChanged received! data=B1 00 00 23 87 22 38 22 CE 23 32 23 AA 24 04 24 36 
02-19 18:14:47.235 D/K706RadioManager(14872): MCU[0xB1] len=17 : B1 00 00 23 87 22 38 22 CE 23 32 23 AA 24 04 24 36 
02-19 18:14:47.235 D/TunerManagerForExt(15794): FMRadio main (TunerManagerForExt.java:147) onTunerPresetListChanged:  - mBand: 0 - mPresetIndex: 0 - mFrequency: 9095 - index: 0 - preset: 8760 - index: 1 - preset: 8910 - index: 2 - preset: 9010 - index: 3 - preset: 9130 - index: 4 - preset: 9220 - index: 5 - preset: 9270
02-19 18:14:47.235 D/K706RadioManager(14872): PresetList: band=0 presetIdx=0 currentFreq=9095 firstFreq=9095 (offset=3)
02-19 18:14:47.235 D/K706RadioManager(14872): >>> FREQ: 91000 -> 90950 (MCU=9095, 90,95 MHz)
02-19 18:14:47.279 E/mcu_services( 5512): MCU2APP : [ff fe fd 12 01 b1 00 00 23 82 22 38 22 ce 23 32 23 aa 24 04 24 36 4d ff ]
02-19 18:14:47.284 D/TunerPresenter(15794): handleTunerRawData: b1 0 0 23 82 22 38 22 ce 23 32 23 aa 24 4 24 36 
02-19 18:14:47.284 D/K706RadioManager(14872): IMcuListener.onTransact: code=1 flags=16
02-19 18:14:47.285 D/K706RadioManager(14872): >>> IMcuListener.onMcuInfoChanged received! data=B1 00 00 23 82 22 38 22 CE 23 32 23 AA 24 04 24 36 
02-19 18:14:47.286 D/K706RadioManager(14872): MCU[0xB1] len=17 : B1 00 00 23 82 22 38 22 CE 23 32 23 AA 24 04 24 36 
02-19 18:14:47.286 D/TunerManagerForExt(15794): FMRadio main (TunerManagerForExt.java:147) onTunerPresetListChanged:  - mBand: 0 - mPresetIndex: 0 - mFrequency: 9090 - index: 0 - preset: 8760 - index: 1 - preset: 8910 - index: 2 - preset: 9010 - index: 3 - preset: 9130 - index: 4 - preset: 9220 - index: 5 - preset: 9270
02-19 18:14:47.286 D/K706RadioManager(14872): PresetList: band=0 presetIdx=0 currentFreq=9090 firstFreq=9090 (offset=3)
02-19 18:14:47.286 D/K706RadioManager(14872): >>> FREQ: 90950 -> 90900 (MCU=9090, 90,90 MHz)
02-19 18:14:47.329 E/mcu_services( 5512): MCU2APP : [ff fe fd 12 01 b1 00 00 23 7d 22 38 22 ce 23 32 23 aa 24 04 24 36 b2 ff ]
02-19 18:14:47.332 D/TunerPresenter(15794): handleTunerRawData: b1 0 0 23 7d 22 38 22 ce 23 32 23 aa 24 4 24 36 
02-19 18:14:47.332 D/K706RadioManager(14872): IMcuListener.onTransact: code=1 flags=16
02-19 18:14:47.333 D/K706RadioManager(14872): >>> IMcuListener.onMcuInfoChanged received! data=B1 00 00 23 7D 22 38 22 CE 23 32 23 AA 24 04 24 36 
02-19 18:14:47.334 D/K706RadioManager(14872): MCU[0xB1] len=17 : B1 00 00 23 7D 22 38 22 CE 23 32 23 AA 24 04 24 36 
02-19 18:14:47.334 D/K706RadioManager(14872): PresetList: band=0 presetIdx=0 currentFreq=9085 firstFreq=9085 (offset=3)
02-19 18:14:47.334 D/TunerManagerForExt(15794): FMRadio main (TunerManagerForExt.java:147) onTunerPresetListChanged:  - mBand: 0 - mPresetIndex: 0 - mFrequency: 9085 - index: 0 - preset: 8760 - index: 1 - preset: 8910 - index: 2 - preset: 9010 - index: 3 - preset: 9130 - index: 4 - preset: 9220 - index: 5 - preset: 9270
02-19 18:14:47.334 D/K706RadioManager(14872): >>> FREQ: 90900 -> 90850 (MCU=9085, 90,85 MHz)
02-19 18:14:47.357 E/mcu_services( 5512): MCU2APP : [ff fe fd 03 01 29 6d 45 ff ]
02-19 18:14:47.363 D/K706RadioManager(14872): IMcuListener.onTransact: code=1 flags=16
02-19 18:14:47.364 D/K706RadioManager(14872): >>> IMcuListener.onMcuInfoChanged received! data=29 6D 
02-19 18:14:47.364 D/K706RadioManager(14872): MCU[0x29] len=2 : 29 6D 
02-19 18:14:47.364 D/K706RadioManager(14872): Unknown MCU packet type: 0x29
02-19 18:14:47.379 E/mcu_services( 5512): MCU2APP : [ff fe fd 12 01 b1 00 00 23 78 22 38 22 ce 23 32 23 aa 24 04 24 36 b7 ff ]
02-19 18:14:47.381 D/TunerPresenter(15794): handleTunerRawData: b1 0 0 23 78 22 38 22 ce 23 32 23 aa 24 4 24 36 
02-19 18:14:47.381 D/K706RadioManager(14872): IMcuListener.onTransact: code=1 flags=16
02-19 18:14:47.382 D/K706RadioManager(14872): >>> IMcuListener.onMcuInfoChanged received! data=B1 00 00 23 78 22 38 22 CE 23 32 23 AA 24 04 24 36 
02-19 18:14:47.383 D/K706RadioManager(14872): MCU[0xB1] len=17 : B1 00 00 23 78 22 38 22 CE 23 32 23 AA 24 04 24 36 
02-19 18:14:47.383 D/K706RadioManager(14872): PresetList: band=0 presetIdx=0 currentFreq=9080 firstFreq=9080 (offset=3)
02-19 18:14:47.383 D/TunerManagerForExt(15794): FMRadio main (TunerManagerForExt.java:147) onTunerPresetListChanged:  - mBand: 0 - mPresetIndex: 0 - mFrequency: 9080 - index: 0 - preset: 8760 - index: 1 - preset: 8910 - index: 2 - preset: 9010 - index: 3 - preset: 9130 - index: 4 - preset: 9220 - index: 5 - preset: 9270
02-19 18:14:47.384 D/K706RadioManager(14872): >>> FREQ: 90850 -> 90800 (MCU=9080, 90,80 MHz)
02-19 18:14:47.429 E/mcu_services( 5512): MCU2APP : [ff fe fd 12 01 b1 00 00 23 73 22 38 22 ce 23 32 23 aa 24 04 24 36 bc ff ]
02-19 18:14:47.433 D/TunerPresenter(15794): handleTunerRawData: b1 0 0 23 73 22 38 22 ce 23 32 23 aa 24 4 24 36 
02-19 18:14:47.433 D/K706RadioManager(14872): IMcuListener.onTransact: code=1 flags=16
02-19 18:14:47.434 D/K706RadioManager(14872): >>> IMcuListener.onMcuInfoChanged received! data=B1 00 00 23 73 22 38 22 CE 23 32 23 AA 24 04 24 36 
02-19 18:14:47.435 D/K706RadioManager(14872): MCU[0xB1] len=17 : B1 00 00 23 73 22 38 22 CE 23 32 23 AA 24 04 24 36 
02-19 18:14:47.435 D/TunerManagerForExt(15794): FMRadio main (TunerManagerForExt.java:147) onTunerPresetListChanged:  - mBand: 0 - mPresetIndex: 0 - mFrequency: 9075 - index: 0 - preset: 8760 - index: 1 - preset: 8910 - index: 2 - preset: 9010 - index: 3 - preset: 9130 - index: 4 - preset: 9220 - index: 5 - preset: 9270
02-19 18:14:47.435 D/K706RadioManager(14872): PresetList: band=0 presetIdx=0 currentFreq=9075 firstFreq=9075 (offset=3)
02-19 18:14:47.436 D/K706RadioManager(14872): >>> FREQ: 90800 -> 90750 (MCU=9075, 90,75 MHz)
02-19 18:14:47.478 E/mcu_services( 5512): MCU2APP : [ff fe fd 12 01 b1 00 00 23 6e 22 38 22 ce 23 32 23 aa 24 04 24 36 a1 ff ]
02-19 18:14:47.480 D/TunerPresenter(15794): handleTunerRawData: b1 0 0 23 6e 22 38 22 ce 23 32 23 aa 24 4 24 36 
02-19 18:14:47.481 D/K706RadioManager(14872): IMcuListener.onTransact: code=1 flags=16
02-19 18:14:47.482 D/K706RadioManager(14872): >>> IMcuListener.onMcuInfoChanged received! data=B1 00 00 23 6E 22 38 22 CE 23 32 23 AA 24 04 24 36 
02-19 18:14:47.483 D/K706RadioManager(14872): MCU[0xB1] len=17 : B1 00 00 23 6E 22 38 22 CE 23 32 23 AA 24 04 24 36 
02-19 18:14:47.483 D/K706RadioManager(14872): PresetList: band=0 presetIdx=0 currentFreq=9070 firstFreq=9070 (offset=3)
02-19 18:14:47.483 D/K706RadioManager(14872): >>> FREQ: 90750 -> 90700 (MCU=9070, 90,70 MHz)
02-19 18:14:47.483 D/TunerManagerForExt(15794): FMRadio main (TunerManagerForExt.java:147) onTunerPresetListChanged:  - mBand: 0 - mPresetIndex: 0 - mFrequency: 9070 - index: 0 - preset: 8760 - index: 1 - preset: 8910 - index: 2 - preset: 9010 - index: 3 - preset: 9130 - index: 4 - preset: 9220 - index: 5 - preset: 9270
02-19 18:14:47.528 E/mcu_services( 5512): MCU2APP : [ff fe fd 12 01 b1 00 00 23 69 22 38 22 ce 23 32 23 aa 24 04 24 36 a6 ff ]
02-19 18:14:47.532 D/TunerPresenter(15794): handleTunerRawData: b1 0 0 23 69 22 38 22 ce 23 32 23 aa 24 4 24 36 
02-19 18:14:47.533 D/K706RadioManager(14872): IMcuListener.onTransact: code=1 flags=16
02-19 18:14:47.534 D/K706RadioManager(14872): >>> IMcuListener.onMcuInfoChanged received! data=B1 00 00 23 69 22 38 22 CE 23 32 23 AA 24 04 24 36 
02-19 18:14:47.535 D/TunerManagerForExt(15794): FMRadio main (TunerManagerForExt.java:147) onTunerPresetListChanged:  - mBand: 0 - mPresetIndex: 0 - mFrequency: 9065 - index: 0 - preset: 8760 - index: 1 - preset: 8910 - index: 2 - preset: 9010 - index: 3 - preset: 9130 - index: 4 - preset: 9220 - index: 5 - preset: 9270
02-19 18:14:47.535 D/K706RadioManager(14872): MCU[0xB1] len=17 : B1 00 00 23 69 22 38 22 CE 23 32 23 AA 24 04 24 36 
02-19 18:14:47.535 D/K706RadioManager(14872): PresetList: band=0 presetIdx=0 currentFreq=9065 firstFreq=9065 (offset=3)
02-19 18:14:47.535 D/K706RadioManager(14872): >>> FREQ: 90700 -> 90650 (MCU=9065, 90,65 MHz)
02-19 18:14:47.578 E/mcu_services( 5512): MCU2APP : [ff fe fd 12 01 b1 00 00 23 64 22 38 22 ce 23 32 23 aa 24 04 24 36 ab ff ]
02-19 18:14:47.582 D/TunerPresenter(15794): handleTunerRawData: b1 0 0 23 64 22 38 22 ce 23 32 23 aa 24 4 24 36 
02-19 18:14:47.582 D/K706RadioManager(14872): IMcuListener.onTransact: code=1 flags=16
02-19 18:14:47.584 D/K706RadioManager(14872): >>> IMcuListener.onMcuInfoChanged received! data=B1 00 00 23 64 22 38 22 CE 23 32 23 AA 24 04 24 36 
02-19 18:14:47.585 D/TunerManagerForExt(15794): FMRadio main (TunerManagerForExt.java:147) onTunerPresetListChanged:  - mBand: 0 - mPresetIndex: 0 - mFrequency: 9060 - index: 0 - preset: 8760 - index: 1 - preset: 8910 - index: 2 - preset: 9010 - index: 3 - preset: 9130 - index: 4 - preset: 9220 - index: 5 - preset: 9270
02-19 18:14:47.585 D/K706RadioManager(14872): MCU[0xB1] len=17 : B1 00 00 23 64 22 38 22 CE 23 32 23 AA 24 04 24 36 
02-19 18:14:47.585 D/K706RadioManager(14872): PresetList: band=0 presetIdx=0 currentFreq=9060 firstFreq=9060 (offset=3)
02-19 18:14:47.585 D/K706RadioManager(14872): >>> FREQ: 90650 -> 90600 (MCU=9060, 90,60 MHz)
02-19 18:14:47.627 E/mcu_services( 5512): MCU2APP : [ff fe fd 12 01 b1 00 00 23 5f 22 38 22 ce 23 32 23 aa 24 04 24 36 90 ff ]
02-19 18:14:47.631 D/TunerPresenter(15794): handleTunerRawData: b1 0 0 23 5f 22 38 22 ce 23 32 23 aa 24 4 24 36 
02-19 18:14:47.631 D/K706RadioManager(14872): IMcuListener.onTransact: code=1 flags=16
02-19 18:14:47.632 D/K706RadioManager(14872): >>> IMcuListener.onMcuInfoChanged received! data=B1 00 00 23 5F 22 38 22 CE 23 32 23 AA 24 04 24 36 
02-19 18:14:47.633 D/K706RadioManager(14872): MCU[0xB1] len=17 : B1 00 00 23 5F 22 38 22 CE 23 32 23 AA 24 04 24 36 
02-19 18:14:47.634 D/K706RadioManager(14872): PresetList: band=0 presetIdx=0 currentFreq=9055 firstFreq=9055 (offset=3)
02-19 18:14:47.634 D/K706RadioManager(14872): >>> FREQ: 90600 -> 90550 (MCU=9055, 90,55 MHz)
02-19 18:14:47.634 D/TunerManagerForExt(15794): FMRadio main (TunerManagerForExt.java:147) onTunerPresetListChanged:  - mBand: 0 - mPresetIndex: 0 - mFrequency: 9055 - index: 0 - preset: 8760 - index: 1 - preset: 8910 - index: 2 - preset: 9010 - index: 3 - preset: 9130 - index: 4 - preset: 9220 - index: 5 - preset: 9270
02-19 18:14:47.677 E/mcu_services( 5512): MCU2APP : [ff fe fd 12 01 b1 00 00 23 5a 22 38 22 ce 23 32 23 aa 24 04 24 36 95 ff ]
02-19 18:14:47.681 D/TunerPresenter(15794): handleTunerRawData: b1 0 0 23 5a 22 38 22 ce 23 32 23 aa 24 4 24 36 
02-19 18:14:47.681 D/K706RadioManager(14872): IMcuListener.onTransact: code=1 flags=16
02-19 18:14:47.682 D/K706RadioManager(14872): >>> IMcuListener.onMcuInfoChanged received! data=B1 00 00 23 5A 22 38 22 CE 23 32 23 AA 24 04 24 36 
02-19 18:14:47.683 D/K706RadioManager(14872): MCU[0xB1] len=17 : B1 00 00 23 5A 22 38 22 CE 23 32 23 AA 24 04 24 36 
02-19 18:14:47.683 D/TunerManagerForExt(15794): FMRadio main (TunerManagerForExt.java:147) onTunerPresetListChanged:  - mBand: 0 - mPresetIndex: 0 - mFrequency: 9050 - index: 0 - preset: 8760 - index: 1 - preset: 8910 - index: 2 - preset: 9010 - index: 3 - preset: 9130 - index: 4 - preset: 9220 - index: 5 - preset: 9270
02-19 18:14:47.683 D/K706RadioManager(14872): PresetList: band=0 presetIdx=0 currentFreq=9050 firstFreq=9050 (offset=3)
02-19 18:14:47.683 D/K706RadioManager(14872): >>> FREQ: 90550 -> 90500 (MCU=9050, 90,50 MHz)
02-19 18:14:47.727 E/mcu_services( 5512): MCU2APP : [ff fe fd 12 01 b1 00 00 23 55 22 38 22 ce 23 32 23 aa 24 04 24 36 9a ff ]
02-19 18:14:47.731 D/TunerPresenter(15794): handleTunerRawData: b1 0 0 23 55 22 38 22 ce 23 32 23 aa 24 4 24 36 
02-19 18:14:47.731 D/K706RadioManager(14872): IMcuListener.onTransact: code=1 flags=16
02-19 18:14:47.732 D/K706RadioManager(14872): >>> IMcuListener.onMcuInfoChanged received! data=B1 00 00 23 55 22 38 22 CE 23 32 23 AA 24 04 24 36 
02-19 18:14:47.733 D/K706RadioManager(14872): MCU[0xB1] len=17 : B1 00 00 23 55 22 38 22 CE 23 32 23 AA 24 04 24 36 
02-19 18:14:47.734 D/K706RadioManager(14872): PresetList: band=0 presetIdx=0 currentFreq=9045 firstFreq=9045 (offset=3)
02-19 18:14:47.734 D/TunerManagerForExt(15794): FMRadio main (TunerManagerForExt.java:147) onTunerPresetListChanged:  - mBand: 0 - mPresetIndex: 0 - mFrequency: 9045 - index: 0 - preset: 8760 - index: 1 - preset: 8910 - index: 2 - preset: 9010 - index: 3 - preset: 9130 - index: 4 - preset: 9220 - index: 5 - preset: 9270
02-19 18:14:47.734 D/K706RadioManager(14872): >>> FREQ: 90500 -> 90450 (MCU=9045, 90,45 MHz)
02-19 18:14:47.777 E/mcu_services( 5512): MCU2APP : [ff fe fd 12 01 b1 00 00 23 50 22 38 22 ce 23 32 23 aa 24 04 24 36 9f ff ]
02-19 18:14:47.781 D/TunerPresenter(15794): handleTunerRawData: b1 0 0 23 50 22 38 22 ce 23 32 23 aa 24 4 24 36 
02-19 18:14:47.781 D/K706RadioManager(14872): IMcuListener.onTransact: code=1 flags=16
02-19 18:14:47.782 D/K706RadioManager(14872): >>> IMcuListener.onMcuInfoChanged received! data=B1 00 00 23 50 22 38 22 CE 23 32 23 AA 24 04 24 36 
02-19 18:14:47.783 D/K706RadioManager(14872): MCU[0xB1] len=17 : B1 00 00 23 50 22 38 22 CE 23 32 23 AA 24 04 24 36 
02-19 18:14:47.783 D/TunerManagerForExt(15794): FMRadio main (TunerManagerForExt.java:147) onTunerPresetListChanged:  - mBand: 0 - mPresetIndex: 0 - mFrequency: 9040 - index: 0 - preset: 8760 - index: 1 - preset: 8910 - index: 2 - preset: 9010 - index: 3 - preset: 9130 - index: 4 - preset: 9220 - index: 5 - preset: 9270
02-19 18:14:47.783 D/K706RadioManager(14872): PresetList: band=0 presetIdx=0 currentFreq=9040 firstFreq=9040 (offset=3)
02-19 18:14:47.784 D/K706RadioManager(14872): >>> FREQ: 90450 -> 90400 (MCU=9040, 90,40 MHz)
02-19 18:14:47.826 E/mcu_services( 5512): MCU2APP : [ff fe fd 12 01 b1 00 00 23 4b 22 38 22 ce 23 32 23 aa 24 04 24 36 84 ff ]
02-19 18:14:47.830 D/TunerPresenter(15794): handleTunerRawData: b1 0 0 23 4b 22 38 22 ce 23 32 23 aa 24 4 24 36 
02-19 18:14:47.830 D/K706RadioManager(14872): IMcuListener.onTransact: code=1 flags=16
02-19 18:14:47.832 D/K706RadioManager(14872): >>> IMcuListener.onMcuInfoChanged received! data=B1 00 00 23 4B 22 38 22 CE 23 32 23 AA 24 04 24 36 
02-19 18:14:47.832 D/TunerManagerForExt(15794): FMRadio main (TunerManagerForExt.java:147) onTunerPresetListChanged:  - mBand: 0 - mPresetIndex: 0 - mFrequency: 9035 - index: 0 - preset: 8760 - index: 1 - preset: 8910 - index: 2 - preset: 9010 - index: 3 - preset: 9130 - index: 4 - preset: 9220 - index: 5 - preset: 9270
02-19 18:14:47.832 D/K706RadioManager(14872): MCU[0xB1] len=17 : B1 00 00 23 4B 22 38 22 CE 23 32 23 AA 24 04 24 36 
02-19 18:14:47.832 D/K706RadioManager(14872): PresetList: band=0 presetIdx=0 currentFreq=9035 firstFreq=9035 (offset=3)
02-19 18:14:47.833 D/K706RadioManager(14872): >>> FREQ: 90400 -> 90350 (MCU=9035, 90,35 MHz)
02-19 18:14:47.876 E/mcu_services( 5512): MCU2APP : [ff fe fd 12 01 b1 00 00 23 46 22 38 22 ce 23 32 23 aa 24 04 24 36 89 ff ]
02-19 18:14:47.879 D/TunerPresenter(15794): handleTunerRawData: b1 0 0 23 46 22 38 22 ce 23 32 23 aa 24 4 24 36 
02-19 18:14:47.880 D/K706RadioManager(14872): IMcuListener.onTransact: code=1 flags=16
02-19 18:14:47.881 D/K706RadioManager(14872): >>> IMcuListener.onMcuInfoChanged received! data=B1 00 00 23 46 22 38 22 CE 23 32 23 AA 24 04 24 36 
02-19 18:14:47.882 D/TunerManagerForExt(15794): FMRadio main (TunerManagerForExt.java:147) onTunerPresetListChanged:  - mBand: 0 - mPresetIndex: 0 - mFrequency: 9030 - index: 0 - preset: 8760 - index: 1 - preset: 8910 - index: 2 - preset: 9010 - index: 3 - preset: 9130 - index: 4 - preset: 9220 - index: 5 - preset: 9270
02-19 18:14:47.882 D/K706RadioManager(14872): MCU[0xB1] len=17 : B1 00 00 23 46 22 38 22 CE 23 32 23 AA 24 04 24 36 
02-19 18:14:47.882 D/K706RadioManager(14872): PresetList: band=0 presetIdx=0 currentFreq=9030 firstFreq=9030 (offset=3)
02-19 18:14:47.882 D/K706RadioManager(14872): >>> FREQ: 90350 -> 90300 (MCU=9030, 90,30 MHz)
02-19 18:14:47.926 E/mcu_services( 5512): MCU2APP : [ff fe fd 12 01 b1 00 00 23 41 22 38 22 ce 23 32 23 aa 24 04 24 36 8e ff ]
02-19 18:14:47.930 D/TunerPresenter(15794): handleTunerRawData: b1 0 0 23 41 22 38 22 ce 23 32 23 aa 24 4 24 36 
02-19 18:14:47.930 D/K706RadioManager(14872): IMcuListener.onTransact: code=1 flags=16
02-19 18:14:47.931 D/K706RadioManager(14872): >>> IMcuListener.onMcuInfoChanged received! data=B1 00 00 23 41 22 38 22 CE 23 32 23 AA 24 04 24 36 
02-19 18:14:47.932 D/K706RadioManager(14872): MCU[0xB1] len=17 : B1 00 00 23 41 22 38 22 CE 23 32 23 AA 24 04 24 36 
02-19 18:14:47.932 D/K706RadioManager(14872): PresetList: band=0 presetIdx=0 currentFreq=9025 firstFreq=9025 (offset=3)
02-19 18:14:47.932 D/TunerManagerForExt(15794): FMRadio main (TunerManagerForExt.java:147) onTunerPresetListChanged:  - mBand: 0 - mPresetIndex: 0 - mFrequency: 9025 - index: 0 - preset: 8760 - index: 1 - preset: 8910 - index: 2 - preset: 9010 - index: 3 - preset: 9130 - index: 4 - preset: 9220 - index: 5 - preset: 9270
02-19 18:14:47.933 D/K706RadioManager(14872): >>> FREQ: 90300 -> 90250 (MCU=9025, 90,25 MHz)
02-19 18:14:47.975 E/mcu_services( 5512): MCU2APP : [ff fe fd 12 01 b1 00 00 23 3c 22 38 22 ce 23 32 23 aa 24 04 24 36 f3 ff ]
02-19 18:14:47.979 D/TunerPresenter(15794): handleTunerRawData: b1 0 0 23 3c 22 38 22 ce 23 32 23 aa 24 4 24 36 
02-19 18:14:47.979 D/K706RadioManager(14872): IMcuListener.onTransact: code=1 flags=16
02-19 18:14:47.981 D/K706RadioManager(14872): >>> IMcuListener.onMcuInfoChanged received! data=B1 00 00 23 3C 22 38 22 CE 23 32 23 AA 24 04 24 36 
02-19 18:14:47.982 D/TunerManagerForExt(15794): FMRadio main (TunerManagerForExt.java:147) onTunerPresetListChanged:  - mBand: 0 - mPresetIndex: 0 - mFrequency: 9020 - index: 0 - preset: 8760 - index: 1 - preset: 8910 - index: 2 - preset: 9010 - index: 3 - preset: 9130 - index: 4 - preset: 9220 - index: 5 - preset: 9270
02-19 18:14:47.982 D/K706RadioManager(14872): MCU[0xB1] len=17 : B1 00 00 23 3C 22 38 22 CE 23 32 23 AA 24 04 24 36 
02-19 18:14:47.982 D/K706RadioManager(14872): PresetList: band=0 presetIdx=0 currentFreq=9020 firstFreq=9020 (offset=3)
02-19 18:14:47.982 D/K706RadioManager(14872): >>> FREQ: 90250 -> 90200 (MCU=9020, 90,20 MHz)
02-19 18:14:48.025 E/mcu_services( 5512): MCU2APP : [ff fe fd 12 01 b1 00 00 23 37 22 38 22 ce 23 32 23 aa 24 04 24 36 f8 ff ]
02-19 18:14:48.028 D/TunerPresenter(15794): handleTunerRawData: b1 0 0 23 37 22 38 22 ce 23 32 23 aa 24 4 24 36 
02-19 18:14:48.029 D/K706RadioManager(14872): IMcuListener.onTransact: code=1 flags=16
02-19 18:14:48.030 D/K706RadioManager(14872): >>> IMcuListener.onMcuInfoChanged received! data=B1 00 00 23 37 22 38 22 CE 23 32 23 AA 24 04 24 36 
02-19 18:14:48.031 D/K706RadioManager(14872): MCU[0xB1] len=17 : B1 00 00 23 37 22 38 22 CE 23 32 23 AA 24 04 24 36 
02-19 18:14:48.031 D/K706RadioManager(14872): PresetList: band=0 presetIdx=0 currentFreq=9015 firstFreq=9015 (offset=3)
02-19 18:14:48.031 D/K706RadioManager(14872): >>> FREQ: 90200 -> 90150 (MCU=9015, 90,15 MHz)
02-19 18:14:48.032 D/TunerManagerForExt(15794): FMRadio main (TunerManagerForExt.java:147) onTunerPresetListChanged:  - mBand: 0 - mPresetIndex: 0 - mFrequency: 9015 - index: 0 - preset: 8760 - index: 1 - preset: 8910 - index: 2 - preset: 9010 - index: 3 - preset: 9130 - index: 4 - preset: 9220 - index: 5 - preset: 9270
02-19 18:14:48.075 E/mcu_services( 5512): MCU2APP : [ff fe fd 12 01 b1 00 00 23 32 22 38 22 ce 23 32 23 aa 24 04 24 36 fd ff ]
02-19 18:14:48.077 D/TunerPresenter(15794): handleTunerRawData: b1 0 0 23 32 22 38 22 ce 23 32 23 aa 24 4 24 36 
02-19 18:14:48.078 D/K706RadioManager(14872): IMcuListener.onTransact: code=1 flags=16
02-19 18:14:48.079 D/K706RadioManager(14872): >>> IMcuListener.onMcuInfoChanged received! data=B1 00 00 23 32 22 38 22 CE 23 32 23 AA 24 04 24 36 
02-19 18:14:48.080 D/K706RadioManager(14872): MCU[0xB1] len=17 : B1 00 00 23 32 22 38 22 CE 23 32 23 AA 24 04 24 36 
02-19 18:14:48.080 D/K706RadioManager(14872): PresetList: band=0 presetIdx=0 currentFreq=9010 firstFreq=9010 (offset=3)
02-19 18:14:48.080 D/K706RadioManager(14872): >>> FREQ: 90150 -> 90100 (MCU=9010, 90,10 MHz)
02-19 18:14:48.080 D/TunerManagerForExt(15794): FMRadio main (TunerManagerForExt.java:147) onTunerPresetListChanged:  - mBand: 0 - mPresetIndex: 0 - mFrequency: 9010 - index: 0 - preset: 8760 - index: 1 - preset: 8910 - index: 2 - preset: 9010 - index: 3 - preset: 9130 - index: 4 - preset: 9220 - index: 5 - preset: 9270
02-19 18:14:48.118 E/mcu_services( 5512): MCU2APP : [ff fe fd 12 01 b1 00 03 23 32 22 38 22 ce 23 32 23 aa 24 04 24 36 fe ff ]
02-19 18:14:48.121 D/TunerPresenter(15794): handleTunerRawData: b1 0 3 23 32 22 38 22 ce 23 32 23 aa 24 4 24 36 
02-19 18:14:48.122 D/K706RadioManager(14872): IMcuListener.onTransact: code=1 flags=16
02-19 18:14:48.123 D/K706RadioManager(14872): >>> IMcuListener.onMcuInfoChanged received! data=B1 00 03 23 32 22 38 22 CE 23 32 23 AA 24 04 24 36 
02-19 18:14:48.124 D/K706RadioManager(14872): MCU[0xB1] len=17 : B1 00 03 23 32 22 38 22 CE 23 32 23 AA 24 04 24 36 
02-19 18:14:48.124 D/K706RadioManager(14872): PresetList: band=0 presetIdx=3 currentFreq=9010 firstFreq=9010 (offset=9)
02-19 18:14:48.124 D/TunerManagerForExt(15794): FMRadio main (TunerManagerForExt.java:147) onTunerPresetListChanged:  - mBand: 0 - mPresetIndex: 3 - mFrequency: 9010 - index: 0 - preset: 8760 - index: 1 - preset: 8910 - index: 2 - preset: 9010 - index: 3 - preset: 9130 - index: 4 - preset: 9220 - index: 5 - preset: 9270
02-19 18:14:48.190 E/mcu_services( 5512): MCU2APP : [ff fe fd 12 01 b1 00 03 23 32 22 38 22 ce 23 32 23 aa 24 04 24 36 fe ff ]
02-19 18:14:48.190 E/mcu_services( 5512): MCU2APP : [ff fe fd 03 01 b4 00 b5 ff ]
02-19 18:14:48.190 E/mcu_services( 5512): sendAckSuccess : [ff fd fe 02 02 b4 b6 ff ]
02-19 18:14:48.190 E/mcu_services( 5512): APP2MCU - writeToUart: [ff fd fe 02 02 b4 b6 ff ]
02-19 18:14:48.193 D/TunerPresenter(15794): handleTunerRawData: b1 0 3 23 32 22 38 22 ce 23 32 23 aa 24 4 24 36 
02-19 18:14:48.193 D/K706RadioManager(14872): IMcuListener.onTransact: code=1 flags=16
02-19 18:14:48.193 D/TunerManagerForExt(15794): FMRadio main (TunerManagerForExt.java:147) onTunerPresetListChanged:  - mBand: 0 - mPresetIndex: 3 - mFrequency: 9010 - index: 0 - preset: 8760 - index: 1 - preset: 8910 - index: 2 - preset: 9010 - index: 3 - preset: 9130 - index: 4 - preset: 9220 - index: 5 - preset: 9270
02-19 18:14:48.194 D/K706RadioManager(14872): >>> IMcuListener.onMcuInfoChanged received! data=B1 00 03 23 32 22 38 22 CE 23 32 23 AA 24 04 24 36 
02-19 18:14:48.195 D/K706RadioManager(14872): MCU[0xB1] len=17 : B1 00 03 23 32 22 38 22 CE 23 32 23 AA 24 04 24 36 
02-19 18:14:48.195 D/K706RadioManager(14872): PresetList: band=0 presetIdx=3 currentFreq=9010 firstFreq=9010 (offset=9)
02-19 18:14:48.198 D/K706RadioManager(14872): IMcuListener.onTransact: code=1 flags=16
02-19 18:14:48.199 D/K706RadioManager(14872): >>> IMcuListener.onMcuInfoChanged received! data=B4 00 
02-19 18:14:48.199 D/K706RadioManager(14872): MCU[0xB4] len=2 : B4 00 
02-19 18:14:48.199 D/K706RadioManager(14872): Unknown MCU packet type: 0xB4
02-19 18:14:48.201 D/TunerPresenter(15794): handleTunerRawData: b4 0 
02-19 18:14:48.201 D/TunerManagerForExt(15794): FMRadio main (TunerManagerForExt.java:195) onTuneRdsIndicateInfo: onTuneRdsIndicateInfo - flag: 0 - mRdsSwitch: 0
02-19 18:14:48.214 E/mcu_services( 5512): MCU2APP : [ff fe fd 12 01 b1 00 03 23 32 22 38 22 ce 23 32 23 aa 24 04 24 36 fe ff ]
02-19 18:14:48.214 E/mcu_services( 5512): MCU2APP : [ff fe fd 03 01 b0 60 d1 ff ]
02-19 18:14:48.217 D/TunerPresenter(15794): handleTunerRawData: b1 0 3 23 32 22 38 22 ce 23 32 23 aa 24 4 24 36 
02-19 18:14:48.218 D/K706RadioManager(14872): IMcuListener.onTransact: code=1 flags=16
02-19 18:14:48.220 D/TunerManagerForExt(15794): FMRadio main (TunerManagerForExt.java:147) onTunerPresetListChanged:  - mBand: 0 - mPresetIndex: 3 - mFrequency: 9010 - index: 0 - preset: 8760 - index: 1 - preset: 8910 - index: 2 - preset: 9010 - index: 3 - preset: 9130 - index: 4 - preset: 9220 - index: 5 - preset: 9270
02-19 18:14:48.221 D/K706RadioManager(14872): >>> IMcuListener.onMcuInfoChanged received! data=B1 00 03 23 32 22 38 22 CE 23 32 23 AA 24 04 24 36 
02-19 18:14:48.222 D/K706RadioManager(14872): MCU[0xB1] len=17 : B1 00 03 23 32 22 38 22 CE 23 32 23 AA 24 04 24 36 
02-19 18:14:48.222 D/K706RadioManager(14872): PresetList: band=0 presetIdx=3 currentFreq=9010 firstFreq=9010 (offset=9)
02-19 18:14:48.226 D/K706RadioManager(14872): IMcuListener.onTransact: code=1 flags=16
02-19 18:14:48.226 D/K706RadioManager(14872): >>> IMcuListener.onMcuInfoChanged received! data=B0 60 
02-19 18:14:48.226 D/K706RadioManager(14872): MCU[0xB0] len=2 : B0 60 
02-19 18:14:48.226 D/K706RadioManager(14872): TunerInfo: flags=0x60 save=false AS=false finish=false valid=true ST=true LOC=false seek=false scan=false
02-19 18:14:48.230 D/TunerPresenter(15794): handleTunerRawData: b0 60 
02-19 18:14:48.230 D/TunerManagerForExt(15794): FMRadio main (TunerManagerForExt.java:108) onTunerInfoChanged: onTunerInfoChanged - flag: 96 - asFlag: 0 - psFlag: 0 - scanFlag: 0 - seekFlag: 0 - mStFlag: 0 - mLocFlag: 1 - mIsSearching: true - mTempSearching: false
02-19 18:14:48.230 D/TunerManagerForExt(15794): FMRadio main (TunerManagerForExt.java:118) onTunerInfoChanged: mIsSearching: false - mTempSearching: false - asFlag: 0 - seekFlag: 0
02-19 18:14:48.511 E/mcu_services( 5512): MCU2APP : [ff fe fd 03 01 b0 70 c1 ff ]
02-19 18:14:48.514 D/TunerPresenter(15794): handleTunerRawData: b0 70 
02-19 18:14:48.514 D/TunerManagerForExt(15794): FMRadio main (TunerManagerForExt.java:108) onTunerInfoChanged: onTunerInfoChanged - flag: 112 - asFlag: 0 - psFlag: 0 - scanFlag: 0 - seekFlag: 0 - mStFlag: 1 - mLocFlag: 1 - mIsSearching: false - mTempSearching: false
02-19 18:14:48.514 D/TunerManagerForExt(15794): FMRadio main (TunerManagerForExt.java:118) onTunerInfoChanged: mIsSearching: false - mTempSearching: false - asFlag: 0 - seekFlag: 0
02-19 18:14:48.514 D/K706RadioManager(14872): IMcuListener.onTransact: code=1 flags=16
02-19 18:14:48.515 D/K706RadioManager(14872): >>> IMcuListener.onMcuInfoChanged received! data=B0 70 
02-19 18:14:48.515 D/K706RadioManager(14872): MCU[0xB0] len=2 : B0 70 
02-19 18:14:48.515 D/K706RadioManager(14872): TunerInfo: flags=0x70 save=false AS=false finish=true valid=true ST=true LOC=false seek=false scan=false
02-19 18:14:48.702 E/mcu_services( 5512): MCU2APP : [ff fe fd 03 01 b4 05 b0 ff ]
02-19 18:14:48.703 E/mcu_services( 5512): MCU2APP : [ff fe fd 04 01 b5 00 0e ba ff ]
02-19 18:14:48.703 E/mcu_services( 5512): sendAckSuccess : [ff fd fe 02 02 b4 b6 ff ]
02-19 18:14:48.703 E/mcu_services( 5512): APP2MCU - writeToUart: [ff fd fe 02 02 b4 b6 ff ]
02-19 18:14:48.703 E/mcu_services( 5512): sendAckSuccess : [ff fd fe 02 02 b5 b7 ff ]
02-19 18:14:48.704 E/mcu_services( 5512): APP2MCU - writeToUart: [ff fd fe 02 02 b5 b7 ff ]
02-19 18:14:48.707 D/TunerPresenter(15794): handleTunerRawData: b4 5 
02-19 18:14:48.707 D/TunerManagerForExt(15794): FMRadio main (TunerManagerForExt.java:195) onTuneRdsIndicateInfo: onTuneRdsIndicateInfo - flag: 5 - mRdsSwitch: 1
02-19 18:14:48.708 D/K706RadioManager(14872): IMcuListener.onTransact: code=1 flags=16
02-19 18:14:48.708 D/K706RadioManager(14872): >>> IMcuListener.onMcuInfoChanged received! data=B4 05 
02-19 18:14:48.708 D/K706RadioManager(14872): MCU[0xB4] len=2 : B4 05 
02-19 18:14:48.709 D/K706RadioManager(14872): Unknown MCU packet type: 0xB4
02-19 18:14:48.711 D/TunerPresenter(15794): handleTunerRawData: b5 0 e 
02-19 18:14:48.712 D/TunerManagerForExt(15794): FMRadio main (TunerManagerForExt.java:220) onTuneRdsPtyTypeInfo: onTuneRdsPtyTypeInfo - mRdsPtyType: 0
02-19 18:14:48.712 D/K706RadioManager(14872): IMcuListener.onTransact: code=1 flags=16
02-19 18:14:48.712 D/K706RadioManager(14872): >>> IMcuListener.onMcuInfoChanged received! data=B5 00 0E 
02-19 18:14:48.713 D/K706RadioManager(14872): MCU[0xB5] len=3 : B5 00 0E 
02-19 18:14:48.713 D/K706RadioManager(14872): Unknown MCU packet type: 0xB5
02-19 18:14:49.406 E/mcu_services( 5512): MCU2APP : [ff fe fd 03 01 29 6d 45 ff ]
02-19 18:14:49.410 D/K706RadioManager(14872): IMcuListener.onTransact: code=1 flags=16
02-19 18:14:49.411 D/K706RadioManager(14872): >>> IMcuListener.onMcuInfoChanged received! data=29 6D 
02-19 18:14:49.411 D/K706RadioManager(14872): MCU[0x29] len=2 : 29 6D 
02-19 18:14:49.411 D/K706RadioManager(14872): Unknown MCU packet type: 0x29
02-19 18:14:51.395 E/mcu_services( 5512): MCU2APP : [ff fe fd 03 01 29 6d 45 ff ]
02-19 18:14:51.399 D/K706RadioManager(14872): IMcuListener.onTransact: code=1 flags=16
02-19 18:14:51.400 D/K706RadioManager(14872): >>> IMcuListener.onMcuInfoChanged received! data=29 6D 
02-19 18:14:51.400 D/K706RadioManager(14872): MCU[0x29] len=2 : 29 6D 
02-19 18:14:51.400 D/K706RadioManager(14872): Unknown MCU packet type: 0x29
02-19 18:14:53.384 E/mcu_services( 5512): MCU2APP : [ff fe fd 03 01 29 6d 45 ff ]
02-19 18:14:53.388 D/K706RadioManager(14872): IMcuListener.onTransact: code=1 flags=16
02-19 18:14:53.389 D/K706RadioManager(14872): >>> IMcuListener.onMcuInfoChanged received! data=29 6D 
02-19 18:14:53.389 D/K706RadioManager(14872): MCU[0x29] len=2 : 29 6D 
02-19 18:14:53.389 D/K706RadioManager(14872): Unknown MCU packet type: 0x29
02-19 18:14:55.373 E/mcu_services( 5512): MCU2APP : [ff fe fd 03 01 29 6d 45 ff ]
02-19 18:14:55.377 D/K706RadioManager(14872): IMcuListener.onTransact: code=1 flags=16
02-19 18:14:55.377 D/K706RadioManager(14872): >>> IMcuListener.onMcuInfoChanged received! data=29 6D 
02-19 18:14:55.378 D/K706RadioManager(14872): MCU[0x29] len=2 : 29 6D 
02-19 18:14:55.378 D/K706RadioManager(14872): Unknown MCU packet type: 0x29
02-19 18:14:57.361 E/mcu_services( 5512): MCU2APP : [ff fe fd 03 01 29 6d 45 ff ]
02-19 18:14:57.368 D/K706RadioManager(14872): IMcuListener.onTransact: code=1 flags=16
02-19 18:14:57.369 D/K706RadioManager(14872): >>> IMcuListener.onMcuInfoChanged received! data=29 6D 
02-19 18:14:57.369 D/K706RadioManager(14872): MCU[0x29] len=2 : 29 6D 
02-19 18:14:57.369 D/K706RadioManager(14872): Unknown MCU packet type: 0x29
02-19 18:14:58.985 E/mcu_services( 5512): APP2MCU - writeToUartNormal : [ff fd fe 05 01 a0 00 23 2d af ff ]
02-19 18:14:58.986 D/K706RadioManager(14872): CMD Enviado: sub=0x00 p1=0x23 p2=0x2D
02-19 18:14:58.987 D/K706RadioManager(14872): gotoFreq: input=90050 mcuFreq=9005 (h=0x23 l=0x2D)
02-19 18:14:59.054 E/mcu_services( 5512): MCU2APP : [ff fe fd 03 01 b0 70 c1 ff ]
02-19 18:14:59.058 D/TunerPresenter(15794): handleTunerRawData: b0 70 
02-19 18:14:59.058 D/K706RadioManager(14872): IMcuListener.onTransact: code=1 flags=16
02-19 18:14:59.058 D/TunerManagerForExt(15794): FMRadio main (TunerManagerForExt.java:108) onTunerInfoChanged: onTunerInfoChanged - flag: 112 - asFlag: 0 - psFlag: 0 - scanFlag: 0 - seekFlag: 0 - mStFlag: 1 - mLocFlag: 1 - mIsSearching: false - mTempSearching: false
02-19 18:14:59.059 D/TunerManagerForExt(15794): FMRadio main (TunerManagerForExt.java:118) onTunerInfoChanged: mIsSearching: false - mTempSearching: false - asFlag: 0 - seekFlag: 0
02-19 18:14:59.059 D/K706RadioManager(14872): >>> IMcuListener.onMcuInfoChanged received! data=B0 70 
02-19 18:14:59.060 D/K706RadioManager(14872): MCU[0xB0] len=2 : B0 70 
02-19 18:14:59.060 D/K706RadioManager(14872): TunerInfo: flags=0x70 save=false AS=false finish=true valid=true ST=true LOC=false seek=false scan=false
02-19 18:14:59.124 E/mcu_services( 5512): MCU2APP : [ff fe fd 03 01 b4 00 b5 ff ]
02-19 18:14:59.125 E/mcu_services( 5512): sendAckSuccess : [ff fd fe 02 02 b4 b6 ff ]
02-19 18:14:59.125 E/mcu_services( 5512): APP2MCU - writeToUart: [ff fd fe 02 02 b4 b6 ff ]
02-19 18:14:59.128 D/TunerPresenter(15794): handleTunerRawData: b4 0 
02-19 18:14:59.129 D/TunerManagerForExt(15794): FMRadio main (TunerManagerForExt.java:195) onTuneRdsIndicateInfo: onTuneRdsIndicateInfo - flag: 0 - mRdsSwitch: 0
02-19 18:14:59.129 D/K706RadioManager(14872): IMcuListener.onTransact: code=1 flags=16
02-19 18:14:59.130 D/K706RadioManager(14872): >>> IMcuListener.onMcuInfoChanged received! data=B4 00 
02-19 18:14:59.131 D/K706RadioManager(14872): MCU[0xB4] len=2 : B4 00 
02-19 18:14:59.131 D/K706RadioManager(14872): Unknown MCU packet type: 0xB4
02-19 18:14:59.173 E/mcu_services( 5512): MCU2APP : [ff fe fd 12 01 b1 00 00 23 2d 22 38 22 ce 23 32 23 aa 24 04 24 36 e2 ff ]
02-19 18:14:59.176 D/TunerPresenter(15794): handleTunerRawData: b1 0 0 23 2d 22 38 22 ce 23 32 23 aa 24 4 24 36 
02-19 18:14:59.177 D/K706RadioManager(14872): IMcuListener.onTransact: code=1 flags=16
02-19 18:14:59.177 D/TunerManagerForExt(15794): FMRadio main (TunerManagerForExt.java:147) onTunerPresetListChanged:  - mBand: 0 - mPresetIndex: 0 - mFrequency: 9005 - index: 0 - preset: 8760 - index: 1 - preset: 8910 - index: 2 - preset: 9010 - index: 3 - preset: 9130 - index: 4 - preset: 9220 - index: 5 - preset: 9270
02-19 18:14:59.179 D/K706RadioManager(14872): >>> IMcuListener.onMcuInfoChanged received! data=B1 00 00 23 2D 22 38 22 CE 23 32 23 AA 24 04 24 36 
02-19 18:14:59.181 D/K706RadioManager(14872): MCU[0xB1] len=17 : B1 00 00 23 2D 22 38 22 CE 23 32 23 AA 24 04 24 36 
02-19 18:14:59.181 D/K706RadioManager(14872): PresetList: band=0 presetIdx=0 currentFreq=9005 firstFreq=9005 (offset=3)
02-19 18:14:59.470 E/mcu_services( 5512): MCU2APP : [ff fe fd 03 01 29 6d 45 ff ]
02-19 18:14:59.474 D/K706RadioManager(14872): IMcuListener.onTransact: code=1 flags=16
02-19 18:14:59.474 D/K706RadioManager(14872): >>> IMcuListener.onMcuInfoChanged received! data=29 6D 
02-19 18:14:59.475 D/K706RadioManager(14872): MCU[0x29] len=2 : 29 6D 
02-19 18:14:59.475 D/K706RadioManager(14872): Unknown MCU packet type: 0x29
02-19 18:14:59.569 E/mcu_services( 5512): MCU2APP : [ff fe fd 03 01 b0 60 d1 ff ]
02-19 18:14:59.573 D/TunerPresenter(15794): handleTunerRawData: b0 60 
02-19 18:14:59.574 D/K706RadioManager(14872): IMcuListener.onTransact: code=1 flags=16
02-19 18:14:59.574 D/TunerManagerForExt(15794): FMRadio main (TunerManagerForExt.java:108) onTunerInfoChanged: onTunerInfoChanged - flag: 96 - asFlag: 0 - psFlag: 0 - scanFlag: 0 - seekFlag: 0 - mStFlag: 0 - mLocFlag: 1 - mIsSearching: false - mTempSearching: false
02-19 18:14:59.574 D/TunerManagerForExt(15794): FMRadio main (TunerManagerForExt.java:118) onTunerInfoChanged: mIsSearching: false - mTempSearching: false - asFlag: 0 - seekFlag: 0
02-19 18:14:59.574 D/K706RadioManager(14872): >>> IMcuListener.onMcuInfoChanged received! data=B0 60 
02-19 18:14:59.574 D/K706RadioManager(14872): MCU[0xB0] len=2 : B0 60 
02-19 18:14:59.575 D/K706RadioManager(14872): TunerInfo: flags=0x60 save=false AS=false finish=false valid=true ST=true LOC=false seek=false scan=false
02-19 18:14:59.577 E/mcu_services( 5512): APP2MCU - writeToUartNormal : [ff fd fe 05 01 a0 00 23 28 aa ff ]
02-19 18:14:59.578 D/K706RadioManager(14872): CMD Enviado: sub=0x00 p1=0x23 p2=0x28
02-19 18:14:59.578 D/K706RadioManager(14872): gotoFreq: input=90000 mcuFreq=9000 (h=0x23 l=0x28)
02-19 18:14:59.650 E/mcu_services( 5512): MCU2APP : [ff fe fd 03 01 b0 60 d1 ff ]
02-19 18:14:59.654 D/TunerPresenter(15794): handleTunerRawData: b0 60 
02-19 18:14:59.654 D/K706RadioManager(14872): IMcuListener.onTransact: code=1 flags=16
02-19 18:14:59.654 D/TunerManagerForExt(15794): FMRadio main (TunerManagerForExt.java:108) onTunerInfoChanged: onTunerInfoChanged - flag: 96 - asFlag: 0 - psFlag: 0 - scanFlag: 0 - seekFlag: 0 - mStFlag: 0 - mLocFlag: 1 - mIsSearching: false - mTempSearching: false
02-19 18:14:59.654 D/TunerManagerForExt(15794): FMRadio main (TunerManagerForExt.java:118) onTunerInfoChanged: mIsSearching: false - mTempSearching: false - asFlag: 0 - seekFlag: 0
02-19 18:14:59.654 D/K706RadioManager(14872): >>> IMcuListener.onMcuInfoChanged received! data=B0 60 
02-19 18:14:59.654 D/K706RadioManager(14872): MCU[0xB0] len=2 : B0 60 
02-19 18:14:59.654 D/K706RadioManager(14872): TunerInfo: flags=0x60 save=false AS=false finish=false valid=true ST=true LOC=false seek=false scan=false
02-19 18:14:59.789 E/mcu_services( 5512): MCU2APP : [ff fe fd 12 01 b1 00 00 23 28 22 38 22 ce 23 32 23 aa 24 04 24 36 e7 ff ]
02-19 18:14:59.794 D/TunerPresenter(15794): handleTunerRawData: b1 0 0 23 28 22 38 22 ce 23 32 23 aa 24 4 24 36 
02-19 18:14:59.794 D/K706RadioManager(14872): IMcuListener.onTransact: code=1 flags=16
02-19 18:14:59.795 D/TunerManagerForExt(15794): FMRadio main (TunerManagerForExt.java:147) onTunerPresetListChanged:  - mBand: 0 - mPresetIndex: 0 - mFrequency: 9000 - index: 0 - preset: 8760 - index: 1 - preset: 8910 - index: 2 - preset: 9010 - index: 3 - preset: 9130 - index: 4 - preset: 9220 - index: 5 - preset: 9270
02-19 18:14:59.796 D/K706RadioManager(14872): >>> IMcuListener.onMcuInfoChanged received! data=B1 00 00 23 28 22 38 22 CE 23 32 23 AA 24 04 24 36 
02-19 18:14:59.798 D/K706RadioManager(14872): MCU[0xB1] len=17 : B1 00 00 23 28 22 38 22 CE 23 32 23 AA 24 04 24 36 
02-19 18:14:59.798 D/K706RadioManager(14872): PresetList: band=0 presetIdx=0 currentFreq=9000 firstFreq=9000 (offset=3)
02-19 18:15:00.594 E/mcu_services( 5512): APP2MCU - writeToUartNormal : [ff fd fe 05 01 a0 02 00 00 a3 ff ]
02-19 18:15:00.596 D/K706RadioManager(14872): CMD Enviado: sub=0x02 p1=0x00 p2=0x00
02-19 18:15:00.596 D/K706RadioManager(14872): Seek DOWN iniciado
02-19 18:15:00.670 E/mcu_services( 5512): MCU2APP : [ff fe fd 12 01 b1 00 00 23 23 22 38 22 ce 23 32 23 aa 24 04 24 36 ec ff ]
02-19 18:15:00.670 E/mcu_services( 5512): MCU2APP : [ff fe fd 03 01 b0 68 d9 ff ]
02-19 18:15:00.674 D/TunerPresenter(15794): handleTunerRawData: b1 0 0 23 23 22 38 22 ce 23 32 23 aa 24 4 24 36 
02-19 18:15:00.675 D/K706RadioManager(14872): IMcuListener.onTransact: code=1 flags=16
02-19 18:15:00.675 D/TunerManagerForExt(15794): FMRadio main (TunerManagerForExt.java:147) onTunerPresetListChanged:  - mBand: 0 - mPresetIndex: 0 - mFrequency: 8995 - index: 0 - preset: 8760 - index: 1 - preset: 8910 - index: 2 - preset: 9010 - index: 3 - preset: 9130 - index: 4 - preset: 9220 - index: 5 - preset: 9270
02-19 18:15:00.676 D/K706RadioManager(14872): >>> IMcuListener.onMcuInfoChanged received! data=B1 00 00 23 23 22 38 22 CE 23 32 23 AA 24 04 24 36 
02-19 18:15:00.677 D/K706RadioManager(14872): MCU[0xB1] len=17 : B1 00 00 23 23 22 38 22 CE 23 32 23 AA 24 04 24 36 
02-19 18:15:00.677 D/K706RadioManager(14872): PresetList: band=0 presetIdx=0 currentFreq=8995 firstFreq=8995 (offset=3)
02-19 18:15:00.678 D/K706RadioManager(14872): >>> FREQ: 90000 -> 89950 (MCU=8995, 89,95 MHz)
02-19 18:15:00.680 D/K706RadioManager(14872): IMcuListener.onTransact: code=1 flags=16
02-19 18:15:00.680 D/K706RadioManager(14872): >>> IMcuListener.onMcuInfoChanged received! data=B0 68 
02-19 18:15:00.681 D/K706RadioManager(14872): MCU[0xB0] len=2 : B0 68 
02-19 18:15:00.681 D/K706RadioManager(14872): TunerInfo: flags=0x68 save=false AS=true finish=false valid=true ST=true LOC=false seek=false scan=false
02-19 18:15:00.696 D/TunerPresenter(15794): handleTunerRawData: b0 68 
02-19 18:15:00.696 D/TunerManagerForExt(15794): FMRadio main (TunerManagerForExt.java:108) onTunerInfoChanged: onTunerInfoChanged - flag: 104 - asFlag: 0 - psFlag: 0 - scanFlag: 0 - seekFlag: 1 - mStFlag: 0 - mLocFlag: 1 - mIsSearching: false - mTempSearching: false
02-19 18:15:00.696 D/TunerManagerForExt(15794): FMRadio main (TunerManagerForExt.java:118) onTunerInfoChanged: mIsSearching: true - mTempSearching: false - asFlag: 0 - seekFlag: 1
02-19 18:15:00.715 E/mcu_services( 5512): MCU2APP : [ff fe fd 12 01 b1 00 00 23 1e 22 38 22 ce 23 32 23 aa 24 04 24 36 d1 ff ]
02-19 18:15:00.719 D/TunerPresenter(15794): handleTunerRawData: b1 0 0 23 1e 22 38 22 ce 23 32 23 aa 24 4 24 36 
02-19 18:15:00.719 D/K706RadioManager(14872): IMcuListener.onTransact: code=1 flags=16
02-19 18:15:00.721 D/K706RadioManager(14872): >>> IMcuListener.onMcuInfoChanged received! data=B1 00 00 23 1E 22 38 22 CE 23 32 23 AA 24 04 24 36 
02-19 18:15:00.722 D/TunerManagerForExt(15794): FMRadio main (TunerManagerForExt.java:147) onTunerPresetListChanged:  - mBand: 0 - mPresetIndex: 0 - mFrequency: 8990 - index: 0 - preset: 8760 - index: 1 - preset: 8910 - index: 2 - preset: 9010 - index: 3 - preset: 9130 - index: 4 - preset: 9220 - index: 5 - preset: 9270
02-19 18:15:00.722 D/K706RadioManager(14872): MCU[0xB1] len=17 : B1 00 00 23 1E 22 38 22 CE 23 32 23 AA 24 04 24 36 
02-19 18:15:00.722 D/K706RadioManager(14872): PresetList: band=0 presetIdx=0 currentFreq=8990 firstFreq=8990 (offset=3)
02-19 18:15:00.722 D/K706RadioManager(14872): >>> FREQ: 89950 -> 89900 (MCU=8990, 89,90 MHz)
02-19 18:15:00.764 E/mcu_services( 5512): MCU2APP : [ff fe fd 12 01 b1 00 00 23 19 22 38 22 ce 23 32 23 aa 24 04 24 36 d6 ff ]
02-19 18:15:00.767 D/TunerPresenter(15794): handleTunerRawData: b1 0 0 23 19 22 38 22 ce 23 32 23 aa 24 4 24 36 
02-19 18:15:00.767 D/K706RadioManager(14872): IMcuListener.onTransact: code=1 flags=16
02-19 18:15:00.769 D/K706RadioManager(14872): >>> IMcuListener.onMcuInfoChanged received! data=B1 00 00 23 19 22 38 22 CE 23 32 23 AA 24 04 24 36 
02-19 18:15:00.770 D/K706RadioManager(14872): MCU[0xB1] len=17 : B1 00 00 23 19 22 38 22 CE 23 32 23 AA 24 04 24 36 
02-19 18:15:00.770 D/K706RadioManager(14872): PresetList: band=0 presetIdx=0 currentFreq=8985 firstFreq=8985 (offset=3)
02-19 18:15:00.770 D/TunerManagerForExt(15794): FMRadio main (TunerManagerForExt.java:147) onTunerPresetListChanged:  - mBand: 0 - mPresetIndex: 0 - mFrequency: 8985 - index: 0 - preset: 8760 - index: 1 - preset: 8910 - index: 2 - preset: 9010 - index: 3 - preset: 9130 - index: 4 - preset: 9220 - index: 5 - preset: 9270
02-19 18:15:00.770 D/K706RadioManager(14872): >>> FREQ: 89900 -> 89850 (MCU=8985, 89,85 MHz)
02-19 18:15:00.814 E/mcu_services( 5512): MCU2APP : [ff fe fd 12 01 b1 00 00 23 14 22 38 22 ce 23 32 23 aa 24 04 24 36 db ff ]
02-19 18:15:00.816 D/TunerPresenter(15794): handleTunerRawData: b1 0 0 23 14 22 38 22 ce 23 32 23 aa 24 4 24 36 
02-19 18:15:00.816 D/K706RadioManager(14872): IMcuListener.onTransact: code=1 flags=16
02-19 18:15:00.818 D/K706RadioManager(14872): >>> IMcuListener.onMcuInfoChanged received! data=B1 00 00 23 14 22 38 22 CE 23 32 23 AA 24 04 24 36 
02-19 18:15:00.819 D/TunerManagerForExt(15794): FMRadio main (TunerManagerForExt.java:147) onTunerPresetListChanged:  - mBand: 0 - mPresetIndex: 0 - mFrequency: 8980 - index: 0 - preset: 8760 - index: 1 - preset: 8910 - index: 2 - preset: 9010 - index: 3 - preset: 9130 - index: 4 - preset: 9220 - index: 5 - preset: 9270
02-19 18:15:00.819 D/K706RadioManager(14872): MCU[0xB1] len=17 : B1 00 00 23 14 22 38 22 CE 23 32 23 AA 24 04 24 36 
02-19 18:15:00.819 D/K706RadioManager(14872): PresetList: band=0 presetIdx=0 currentFreq=8980 firstFreq=8980 (offset=3)
02-19 18:15:00.819 D/K706RadioManager(14872): >>> FREQ: 89850 -> 89800 (MCU=8980, 89,80 MHz)
02-19 18:15:00.864 E/mcu_services( 5512): MCU2APP : [ff fe fd 12 01 b1 00 00 23 0f 22 38 22 ce 23 32 23 aa 24 04 24 36 c0 ff ]
02-19 18:15:00.867 D/TunerPresenter(15794): handleTunerRawData: b1 0 0 23 f 22 38 22 ce 23 32 23 aa 24 4 24 36 
02-19 18:15:00.868 D/K706RadioManager(14872): IMcuListener.onTransact: code=1 flags=16
02-19 18:15:00.869 D/K706RadioManager(14872): >>> IMcuListener.onMcuInfoChanged received! data=B1 00 00 23 0F 22 38 22 CE 23 32 23 AA 24 04 24 36 
02-19 18:15:00.870 D/K706RadioManager(14872): MCU[0xB1] len=17 : B1 00 00 23 0F 22 38 22 CE 23 32 23 AA 24 04 24 36 
02-19 18:15:00.870 D/K706RadioManager(14872): PresetList: band=0 presetIdx=0 currentFreq=8975 firstFreq=8975 (offset=3)
02-19 18:15:00.870 D/K706RadioManager(14872): >>> FREQ: 89800 -> 89750 (MCU=8975, 89,75 MHz)
02-19 18:15:00.871 D/TunerManagerForExt(15794): FMRadio main (TunerManagerForExt.java:147) onTunerPresetListChanged:  - mBand: 0 - mPresetIndex: 0 - mFrequency: 8975 - index: 0 - preset: 8760 - index: 1 - preset: 8910 - index: 2 - preset: 9010 - index: 3 - preset: 9130 - index: 4 - preset: 9220 - index: 5 - preset: 9270
02-19 18:15:00.914 E/mcu_services( 5512): MCU2APP : [ff fe fd 12 01 b1 00 00 23 0a 22 38 22 ce 23 32 23 aa 24 04 24 36 c5 ff ]
02-19 18:15:00.918 D/TunerPresenter(15794): handleTunerRawData: b1 0 0 23 a 22 38 22 ce 23 32 23 aa 24 4 24 36 
02-19 18:15:00.918 D/K706RadioManager(14872): IMcuListener.onTransact: code=1 flags=16
02-19 18:15:00.919 D/K706RadioManager(14872): >>> IMcuListener.onMcuInfoChanged received! data=B1 00 00 23 0A 22 38 22 CE 23 32 23 AA 24 04 24 36 
02-19 18:15:00.920 D/TunerManagerForExt(15794): FMRadio main (TunerManagerForExt.java:147) onTunerPresetListChanged:  - mBand: 0 - mPresetIndex: 0 - mFrequency: 8970 - index: 0 - preset: 8760 - index: 1 - preset: 8910 - index: 2 - preset: 9010 - index: 3 - preset: 9130 - index: 4 - preset: 9220 - index: 5 - preset: 9270
02-19 18:15:00.920 D/K706RadioManager(14872): MCU[0xB1] len=17 : B1 00 00 23 0A 22 38 22 CE 23 32 23 AA 24 04 24 36 
02-19 18:15:00.921 D/K706RadioManager(14872): PresetList: band=0 presetIdx=0 currentFreq=8970 firstFreq=8970 (offset=3)
02-19 18:15:00.921 D/K706RadioManager(14872): >>> FREQ: 89750 -> 89700 (MCU=8970, 89,70 MHz)
02-19 18:15:00.964 E/mcu_services( 5512): MCU2APP : [ff fe fd 12 01 b1 00 00 23 05 22 38 22 ce 23 32 23 aa 24 04 24 36 ca ff ]
02-19 18:15:00.967 D/TunerPresenter(15794): handleTunerRawData: b1 0 0 23 5 22 38 22 ce 23 32 23 aa 24 4 24 36 
02-19 18:15:00.968 D/K706RadioManager(14872): IMcuListener.onTransact: code=1 flags=16
02-19 18:15:00.969 D/K706RadioManager(14872): >>> IMcuListener.onMcuInfoChanged received! data=B1 00 00 23 05 22 38 22 CE 23 32 23 AA 24 04 24 36 
02-19 18:15:00.970 D/TunerManagerForExt(15794): FMRadio main (TunerManagerForExt.java:147) onTunerPresetListChanged:  - mBand: 0 - mPresetIndex: 0 - mFrequency: 8965 - index: 0 - preset: 8760 - index: 1 - preset: 8910 - index: 2 - preset: 9010 - index: 3 - preset: 9130 - index: 4 - preset: 9220 - index: 5 - preset: 9270
02-19 18:15:00.970 D/K706RadioManager(14872): MCU[0xB1] len=17 : B1 00 00 23 05 22 38 22 CE 23 32 23 AA 24 04 24 36 
02-19 18:15:00.970 D/K706RadioManager(14872): PresetList: band=0 presetIdx=0 currentFreq=8965 firstFreq=8965 (offset=3)
02-19 18:15:00.971 D/K706RadioManager(14872): >>> FREQ: 89700 -> 89650 (MCU=8965, 89,65 MHz)
02-19 18:15:01.013 E/mcu_services( 5512): MCU2APP : [ff fe fd 12 01 b1 00 00 23 00 22 38 22 ce 23 32 23 aa 24 04 24 36 cf ff ]
02-19 18:15:01.016 D/TunerPresenter(15794): handleTunerRawData: b1 0 0 23 0 22 38 22 ce 23 32 23 aa 24 4 24 36 
02-19 18:15:01.017 D/K706RadioManager(14872): IMcuListener.onTransact: code=1 flags=16
02-19 18:15:01.018 D/K706RadioManager(14872): >>> IMcuListener.onMcuInfoChanged received! data=B1 00 00 23 00 22 38 22 CE 23 32 23 AA 24 04 24 36 
02-19 18:15:01.019 D/K706RadioManager(14872): MCU[0xB1] len=17 : B1 00 00 23 00 22 38 22 CE 23 32 23 AA 24 04 24 36 
02-19 18:15:01.019 D/TunerManagerForExt(15794): FMRadio main (TunerManagerForExt.java:147) onTunerPresetListChanged:  - mBand: 0 - mPresetIndex: 0 - mFrequency: 8960 - index: 0 - preset: 8760 - index: 1 - preset: 8910 - index: 2 - preset: 9010 - index: 3 - preset: 9130 - index: 4 - preset: 9220 - index: 5 - preset: 9270
02-19 18:15:01.019 D/K706RadioManager(14872): PresetList: band=0 presetIdx=0 currentFreq=8960 firstFreq=8960 (offset=3)
02-19 18:15:01.019 D/K706RadioManager(14872): >>> FREQ: 89650 -> 89600 (MCU=8960, 89,60 MHz)
02-19 18:15:01.063 E/mcu_services( 5512): MCU2APP : [ff fe fd 12 01 b1 00 00 22 fb 22 38 22 ce 23 32 23 aa 24 04 24 36 35 ff ]
02-19 18:15:01.067 D/TunerPresenter(15794): handleTunerRawData: b1 0 0 22 fb 22 38 22 ce 23 32 23 aa 24 4 24 36 
02-19 18:15:01.067 D/K706RadioManager(14872): IMcuListener.onTransact: code=1 flags=16
02-19 18:15:01.068 D/K706RadioManager(14872): >>> IMcuListener.onMcuInfoChanged received! data=B1 00 00 22 FB 22 38 22 CE 23 32 23 AA 24 04 24 36 
02-19 18:15:01.069 D/K706RadioManager(14872): MCU[0xB1] len=17 : B1 00 00 22 FB 22 38 22 CE 23 32 23 AA 24 04 24 36 
02-19 18:15:01.069 D/K706RadioManager(14872): PresetList: band=0 presetIdx=0 currentFreq=8955 firstFreq=8955 (offset=3)
02-19 18:15:01.070 D/K706RadioManager(14872): >>> FREQ: 89600 -> 89550 (MCU=8955, 89,55 MHz)
02-19 18:15:01.070 D/TunerManagerForExt(15794): FMRadio main (TunerManagerForExt.java:147) onTunerPresetListChanged:  - mBand: 0 - mPresetIndex: 0 - mFrequency: 8955 - index: 0 - preset: 8760 - index: 1 - preset: 8910 - index: 2 - preset: 9010 - index: 3 - preset: 9130 - index: 4 - preset: 9220 - index: 5 - preset: 9270
02-19 18:15:01.112 E/mcu_services( 5512): MCU2APP : [ff fe fd 12 01 b1 00 00 22 f6 22 38 22 ce 23 32 23 aa 24 04 24 36 38 ff ]
02-19 18:15:01.115 D/TunerPresenter(15794): handleTunerRawData: b1 0 0 22 f6 22 38 22 ce 23 32 23 aa 24 4 24 36 
02-19 18:15:01.115 D/K706RadioManager(14872): IMcuListener.onTransact: code=1 flags=16
02-19 18:15:01.116 D/K706RadioManager(14872): >>> IMcuListener.onMcuInfoChanged received! data=B1 00 00 22 F6 22 38 22 CE 23 32 23 AA 24 04 24 36 
02-19 18:15:01.118 D/K706RadioManager(14872): MCU[0xB1] len=17 : B1 00 00 22 F6 22 38 22 CE 23 32 23 AA 24 04 24 36 
02-19 18:15:01.118 D/K706RadioManager(14872): PresetList: band=0 presetIdx=0 currentFreq=8950 firstFreq=8950 (offset=3)
02-19 18:15:01.118 D/TunerManagerForExt(15794): FMRadio main (TunerManagerForExt.java:147) onTunerPresetListChanged:  - mBand: 0 - mPresetIndex: 0 - mFrequency: 8950 - index: 0 - preset: 8760 - index: 1 - preset: 8910 - index: 2 - preset: 9010 - index: 3 - preset: 9130 - index: 4 - preset: 9220 - index: 5 - preset: 9270
02-19 18:15:01.118 D/K706RadioManager(14872): >>> FREQ: 89550 -> 89500 (MCU=8950, 89,50 MHz)
02-19 18:15:01.162 E/mcu_services( 5512): MCU2APP : [ff fe fd 12 01 b1 00 00 22 f1 22 38 22 ce 23 32 23 aa 24 04 24 36 3f ff ]
02-19 18:15:01.166 D/TunerPresenter(15794): handleTunerRawData: b1 0 0 22 f1 22 38 22 ce 23 32 23 aa 24 4 24 36 
02-19 18:15:01.166 D/K706RadioManager(14872): IMcuListener.onTransact: code=1 flags=16
02-19 18:15:01.168 D/K706RadioManager(14872): >>> IMcuListener.onMcuInfoChanged received! data=B1 00 00 22 F1 22 38 22 CE 23 32 23 AA 24 04 24 36 
02-19 18:15:01.168 D/K706RadioManager(14872): MCU[0xB1] len=17 : B1 00 00 22 F1 22 38 22 CE 23 32 23 AA 24 04 24 36 
02-19 18:15:01.169 D/K706RadioManager(14872): PresetList: band=0 presetIdx=0 currentFreq=8945 firstFreq=8945 (offset=3)
02-19 18:15:01.169 D/TunerManagerForExt(15794): FMRadio main (TunerManagerForExt.java:147) onTunerPresetListChanged:  - mBand: 0 - mPresetIndex: 0 - mFrequency: 8945 - index: 0 - preset: 8760 - index: 1 - preset: 8910 - index: 2 - preset: 9010 - index: 3 - preset: 9130 - index: 4 - preset: 9220 - index: 5 - preset: 9270
02-19 18:15:01.169 D/K706RadioManager(14872): >>> FREQ: 89500 -> 89450 (MCU=8945, 89,45 MHz)
02-19 18:15:01.212 E/mcu_services( 5512): MCU2APP : [ff fe fd 12 01 b1 00 00 22 ec 22 38 22 ce 23 32 23 aa 24 04 24 36 22 ff ]
02-19 18:15:01.216 D/TunerPresenter(15794): handleTunerRawData: b1 0 0 22 ec 22 38 22 ce 23 32 23 aa 24 4 24 36 
02-19 18:15:01.217 D/K706RadioManager(14872): IMcuListener.onTransact: code=1 flags=16
02-19 18:15:01.218 D/K706RadioManager(14872): >>> IMcuListener.onMcuInfoChanged received! data=B1 00 00 22 EC 22 38 22 CE 23 32 23 AA 24 04 24 36 
02-19 18:15:01.219 D/TunerManagerForExt(15794): FMRadio main (TunerManagerForExt.java:147) onTunerPresetListChanged:  - mBand: 0 - mPresetIndex: 0 - mFrequency: 8940 - index: 0 - preset: 8760 - index: 1 - preset: 8910 - index: 2 - preset: 9010 - index: 3 - preset: 9130 - index: 4 - preset: 9220 - index: 5 - preset: 9270
02-19 18:15:01.219 D/K706RadioManager(14872): MCU[0xB1] len=17 : B1 00 00 22 EC 22 38 22 CE 23 32 23 AA 24 04 24 36 
02-19 18:15:01.219 D/K706RadioManager(14872): PresetList: band=0 presetIdx=0 currentFreq=8940 firstFreq=8940 (offset=3)
02-19 18:15:01.220 D/K706RadioManager(14872): >>> FREQ: 89450 -> 89400 (MCU=8940, 89,40 MHz)
02-19 18:15:01.262 E/mcu_services( 5512): MCU2APP : [ff fe fd 12 01 b1 00 00 22 e7 22 38 22 ce 23 32 23 aa 24 04 24 36 29 ff ]
02-19 18:15:01.266 D/TunerPresenter(15794): handleTunerRawData: b1 0 0 22 e7 22 38 22 ce 23 32 23 aa 24 4 24 36 
02-19 18:15:01.267 D/K706RadioManager(14872): IMcuListener.onTransact: code=1 flags=16
02-19 18:15:01.268 D/K706RadioManager(14872): >>> IMcuListener.onMcuInfoChanged received! data=B1 00 00 22 E7 22 38 22 CE 23 32 23 AA 24 04 24 36 
02-19 18:15:01.269 D/TunerManagerForExt(15794): FMRadio main (TunerManagerForExt.java:147) onTunerPresetListChanged:  - mBand: 0 - mPresetIndex: 0 - mFrequency: 8935 - index: 0 - preset: 8760 - index: 1 - preset: 8910 - index: 2 - preset: 9010 - index: 3 - preset: 9130 - index: 4 - preset: 9220 - index: 5 - preset: 9270
02-19 18:15:01.269 D/K706RadioManager(14872): MCU[0xB1] len=17 : B1 00 00 22 E7 22 38 22 CE 23 32 23 AA 24 04 24 36 
02-19 18:15:01.269 D/K706RadioManager(14872): PresetList: band=0 presetIdx=0 currentFreq=8935 firstFreq=8935 (offset=3)
02-19 18:15:01.269 D/K706RadioManager(14872): >>> FREQ: 89400 -> 89350 (MCU=8935, 89,35 MHz)
02-19 18:15:01.312 E/mcu_services( 5512): MCU2APP : [ff fe fd 12 01 b1 00 00 22 e2 22 38 22 ce 23 32 23 aa 24 04 24 36 2c ff ]
02-19 18:15:01.315 D/TunerPresenter(15794): handleTunerRawData: b1 0 0 22 e2 22 38 22 ce 23 32 23 aa 24 4 24 36 
02-19 18:15:01.315 D/K706RadioManager(14872): IMcuListener.onTransact: code=1 flags=16
02-19 18:15:01.317 D/K706RadioManager(14872): >>> IMcuListener.onMcuInfoChanged received! data=B1 00 00 22 E2 22 38 22 CE 23 32 23 AA 24 04 24 36 
02-19 18:15:01.318 D/TunerManagerForExt(15794): FMRadio main (TunerManagerForExt.java:147) onTunerPresetListChanged:  - mBand: 0 - mPresetIndex: 0 - mFrequency: 8930 - index: 0 - preset: 8760 - index: 1 - preset: 8910 - index: 2 - preset: 9010 - index: 3 - preset: 9130 - index: 4 - preset: 9220 - index: 5 - preset: 9270
02-19 18:15:01.318 D/K706RadioManager(14872): MCU[0xB1] len=17 : B1 00 00 22 E2 22 38 22 CE 23 32 23 AA 24 04 24 36 
02-19 18:15:01.318 D/K706RadioManager(14872): PresetList: band=0 presetIdx=0 currentFreq=8930 firstFreq=8930 (offset=3)
02-19 18:15:01.318 D/K706RadioManager(14872): >>> FREQ: 89350 -> 89300 (MCU=8930, 89,30 MHz)
02-19 18:15:01.361 E/mcu_services( 5512): MCU2APP : [ff fe fd 12 01 b1 00 00 22 dd 22 38 22 ce 23 32 23 aa 24 04 24 36 13 ff ]
02-19 18:15:01.365 D/TunerPresenter(15794): handleTunerRawData: b1 0 0 22 dd 22 38 22 ce 23 32 23 aa 24 4 24 36 
02-19 18:15:01.365 D/K706RadioManager(14872): IMcuListener.onTransact: code=1 flags=16
02-19 18:15:01.366 D/K706RadioManager(14872): >>> IMcuListener.onMcuInfoChanged received! data=B1 00 00 22 DD 22 38 22 CE 23 32 23 AA 24 04 24 36 
02-19 18:15:01.367 D/TunerManagerForExt(15794): FMRadio main (TunerManagerForExt.java:147) onTunerPresetListChanged:  - mBand: 0 - mPresetIndex: 0 - mFrequency: 8925 - index: 0 - preset: 8760 - index: 1 - preset: 8910 - index: 2 - preset: 9010 - index: 3 - preset: 9130 - index: 4 - preset: 9220 - index: 5 - preset: 9270
02-19 18:15:01.367 D/K706RadioManager(14872): MCU[0xB1] len=17 : B1 00 00 22 DD 22 38 22 CE 23 32 23 AA 24 04 24 36 
02-19 18:15:01.367 D/K706RadioManager(14872): PresetList: band=0 presetIdx=0 currentFreq=8925 firstFreq=8925 (offset=3)
02-19 18:15:01.367 D/K706RadioManager(14872): >>> FREQ: 89300 -> 89250 (MCU=8925, 89,25 MHz)
02-19 18:15:01.411 E/mcu_services( 5512): MCU2APP : [ff fe fd 12 01 b1 00 00 22 d8 22 38 22 ce 23 32 23 aa 24 04 24 36 16 ff ]
02-19 18:15:01.416 D/TunerPresenter(15794): handleTunerRawData: b1 0 0 22 d8 22 38 22 ce 23 32 23 aa 24 4 24 36 
02-19 18:15:01.416 D/K706RadioManager(14872): IMcuListener.onTransact: code=1 flags=16
02-19 18:15:01.418 D/K706RadioManager(14872): >>> IMcuListener.onMcuInfoChanged received! data=B1 00 00 22 D8 22 38 22 CE 23 32 23 AA 24 04 24 36 
02-19 18:15:01.418 D/TunerManagerForExt(15794): FMRadio main (TunerManagerForExt.java:147) onTunerPresetListChanged:  - mBand: 0 - mPresetIndex: 0 - mFrequency: 8920 - index: 0 - preset: 8760 - index: 1 - preset: 8910 - index: 2 - preset: 9010 - index: 3 - preset: 9130 - index: 4 - preset: 9220 - index: 5 - preset: 9270
02-19 18:15:01.418 D/K706RadioManager(14872): MCU[0xB1] len=17 : B1 00 00 22 D8 22 38 22 CE 23 32 23 AA 24 04 24 36 
02-19 18:15:01.419 D/K706RadioManager(14872): PresetList: band=0 presetIdx=0 currentFreq=8920 firstFreq=8920 (offset=3)
02-19 18:15:01.419 D/K706RadioManager(14872): >>> FREQ: 89250 -> 89200 (MCU=8920, 89,20 MHz)
02-19 18:15:01.461 E/mcu_services( 5512): MCU2APP : [ff fe fd 12 01 b1 00 00 22 d3 22 38 22 ce 23 32 23 aa 24 04 24 36 1d ff ]
02-19 18:15:01.464 D/TunerPresenter(15794): handleTunerRawData: b1 0 0 22 d3 22 38 22 ce 23 32 23 aa 24 4 24 36 
02-19 18:15:01.465 D/K706RadioManager(14872): IMcuListener.onTransact: code=1 flags=16
02-19 18:15:01.466 D/K706RadioManager(14872): >>> IMcuListener.onMcuInfoChanged received! data=B1 00 00 22 D3 22 38 22 CE 23 32 23 AA 24 04 24 36 
02-19 18:15:01.467 D/TunerManagerForExt(15794): FMRadio main (TunerManagerForExt.java:147) onTunerPresetListChanged:  - mBand: 0 - mPresetIndex: 0 - mFrequency: 8915 - index: 0 - preset: 8760 - index: 1 - preset: 8910 - index: 2 - preset: 9010 - index: 3 - preset: 9130 - index: 4 - preset: 9220 - index: 5 - preset: 9270
02-19 18:15:01.467 D/K706RadioManager(14872): MCU[0xB1] len=17 : B1 00 00 22 D3 22 38 22 CE 23 32 23 AA 24 04 24 36 
02-19 18:15:01.467 D/K706RadioManager(14872): PresetList: band=0 presetIdx=0 currentFreq=8915 firstFreq=8915 (offset=3)
02-19 18:15:01.468 D/K706RadioManager(14872): >>> FREQ: 89200 -> 89150 (MCU=8915, 89,15 MHz)
02-19 18:15:01.510 E/mcu_services( 5512): MCU2APP : [ff fe fd 12 01 b1 00 00 22 ce 22 38 22 ce 23 32 23 aa 24 04 24 36 00 ff ]
02-19 18:15:01.512 D/TunerPresenter(15794): handleTunerRawData: b1 0 0 22 ce 22 38 22 ce 23 32 23 aa 24 4 24 36 
02-19 18:15:01.513 D/K706RadioManager(14872): IMcuListener.onTransact: code=1 flags=16
02-19 18:15:01.514 D/K706RadioManager(14872): >>> IMcuListener.onMcuInfoChanged received! data=B1 00 00 22 CE 22 38 22 CE 23 32 23 AA 24 04 24 36 
02-19 18:15:01.515 D/TunerManagerForExt(15794): FMRadio main (TunerManagerForExt.java:147) onTunerPresetListChanged:  - mBand: 0 - mPresetIndex: 0 - mFrequency: 8910 - index: 0 - preset: 8760 - index: 1 - preset: 8910 - index: 2 - preset: 9010 - index: 3 - preset: 9130 - index: 4 - preset: 9220 - index: 5 - preset: 9270
02-19 18:15:01.515 D/K706RadioManager(14872): MCU[0xB1] len=17 : B1 00 00 22 CE 22 38 22 CE 23 32 23 AA 24 04 24 36 
02-19 18:15:01.515 D/K706RadioManager(14872): PresetList: band=0 presetIdx=0 currentFreq=8910 firstFreq=8910 (offset=3)
02-19 18:15:01.515 D/K706RadioManager(14872): >>> FREQ: 89150 -> 89100 (MCU=8910, 89,10 MHz)
02-19 18:15:01.554 E/mcu_services( 5512): MCU2APP : [ff fe fd 12 01 b1 00 02 22 ce 22 38 22 ce 23 32 23 aa 24 04 24 36 02 ff ]
02-19 18:15:01.556 D/TunerPresenter(15794): handleTunerRawData: b1 0 2 22 ce 22 38 22 ce 23 32 23 aa 24 4 24 36 
02-19 18:15:01.557 D/K706RadioManager(14872): IMcuListener.onTransact: code=1 flags=16
02-19 18:15:01.558 D/K706RadioManager(14872): >>> IMcuListener.onMcuInfoChanged received! data=B1 00 02 22 CE 22 38 22 CE 23 32 23 AA 24 04 24 36 
02-19 18:15:01.559 D/K706RadioManager(14872): MCU[0xB1] len=17 : B1 00 02 22 CE 22 38 22 CE 23 32 23 AA 24 04 24 36 
02-19 18:15:01.559 D/K706RadioManager(14872): PresetList: band=0 presetIdx=2 currentFreq=8910 firstFreq=8910 (offset=7)
02-19 18:15:01.559 D/TunerManagerForExt(15794): FMRadio main (TunerManagerForExt.java:147) onTunerPresetListChanged:  - mBand: 0 - mPresetIndex: 2 - mFrequency: 8910 - index: 0 - preset: 8760 - index: 1 - preset: 8910 - index: 2 - preset: 9010 - index: 3 - preset: 9130 - index: 4 - preset: 9220 - index: 5 - preset: 9270
02-19 18:15:01.624 E/mcu_services( 5512): MCU2APP : [ff fe fd 12 01 b1 00 02 22 ce 22 38 22 ce 23 32 23 aa 24 04 24 36 02 ff ]
02-19 18:15:01.628 D/TunerPresenter(15794): handleTunerRawData: b1 0 2 22 ce 22 38 22 ce 23 32 23 aa 24 4 24 36 
02-19 18:15:01.628 D/K706RadioManager(14872): IMcuListener.onTransact: code=1 flags=16
02-19 18:15:01.629 D/TunerManagerForExt(15794): FMRadio main (TunerManagerForExt.java:147) onTunerPresetListChanged:  - mBand: 0 - mPresetIndex: 2 - mFrequency: 8910 - index: 0 - preset: 8760 - index: 1 - preset: 8910 - index: 2 - preset: 9010 - index: 3 - preset: 9130 - index: 4 - preset: 9220 - index: 5 - preset: 9270
02-19 18:15:01.630 D/K706RadioManager(14872): >>> IMcuListener.onMcuInfoChanged received! data=B1 00 02 22 CE 22 38 22 CE 23 32 23 AA 24 04 24 36 
02-19 18:15:01.630 D/K706RadioManager(14872): MCU[0xB1] len=17 : B1 00 02 22 CE 22 38 22 CE 23 32 23 AA 24 04 24 36 
02-19 18:15:01.631 D/K706RadioManager(14872): PresetList: band=0 presetIdx=2 currentFreq=8910 firstFreq=8910 (offset=7)
02-19 18:15:01.690 E/mcu_services( 5512): MCU2APP : [ff fe fd 03 01 29 6d 45 ff ]
02-19 18:15:01.691 E/mcu_services( 5512): MCU2APP : [ff fe fd 12 01 b1 00 02 22 ce 22 38 22 ce 23 32 23 aa 24 04 24 36 02 ff ]
02-19 18:15:01.691 E/mcu_services( 5512): MCU2APP : [ff fe fd 03 01 b0 60 d1 ff ]
02-19 18:15:01.696 D/K706RadioManager(14872): IMcuListener.onTransact: code=1 flags=16
02-19 18:15:01.696 D/K706RadioManager(14872): >>> IMcuListener.onMcuInfoChanged received! data=29 6D 
02-19 18:15:01.696 D/K706RadioManager(14872): MCU[0x29] len=2 : 29 6D 
02-19 18:15:01.697 D/K706RadioManager(14872): Unknown MCU packet type: 0x29
02-19 18:15:01.699 D/TunerPresenter(15794): handleTunerRawData: b1 0 2 22 ce 22 38 22 ce 23 32 23 aa 24 4 24 36 
02-19 18:15:01.700 D/K706RadioManager(14872): IMcuListener.onTransact: code=1 flags=16
02-19 18:15:01.700 D/TunerManagerForExt(15794): FMRadio main (TunerManagerForExt.java:147) onTunerPresetListChanged:  - mBand: 0 - mPresetIndex: 2 - mFrequency: 8910 - index: 0 - preset: 8760 - index: 1 - preset: 8910 - index: 2 - preset: 9010 - index: 3 - preset: 9130 - index: 4 - preset: 9220 - index: 5 - preset: 9270
02-19 18:15:01.701 D/K706RadioManager(14872): >>> IMcuListener.onMcuInfoChanged received! data=B1 00 02 22 CE 22 38 22 CE 23 32 23 AA 24 04 24 36 
02-19 18:15:01.702 D/K706RadioManager(14872): MCU[0xB1] len=17 : B1 00 02 22 CE 22 38 22 CE 23 32 23 AA 24 04 24 36 
02-19 18:15:01.702 D/K706RadioManager(14872): PresetList: band=0 presetIdx=2 currentFreq=8910 firstFreq=8910 (offset=7)
02-19 18:15:01.704 D/K706RadioManager(14872): IMcuListener.onTransact: code=1 flags=16
02-19 18:15:01.704 D/K706RadioManager(14872): >>> IMcuListener.onMcuInfoChanged received! data=B0 60 
02-19 18:15:01.704 D/K706RadioManager(14872): MCU[0xB0] len=2 : B0 60 
02-19 18:15:01.705 D/K706RadioManager(14872): TunerInfo: flags=0x60 save=false AS=false finish=false valid=true ST=true LOC=false seek=false scan=false
02-19 18:15:01.716 D/TunerPresenter(15794): handleTunerRawData: b0 60 
02-19 18:15:01.717 D/TunerManagerForExt(15794): FMRadio main (TunerManagerForExt.java:108) onTunerInfoChanged: onTunerInfoChanged - flag: 96 - asFlag: 0 - psFlag: 0 - scanFlag: 0 - seekFlag: 0 - mStFlag: 0 - mLocFlag: 1 - mIsSearching: true - mTempSearching: false
02-19 18:15:01.717 D/TunerManagerForExt(15794): FMRadio main (TunerManagerForExt.java:118) onTunerInfoChanged: mIsSearching: false - mTempSearching: false - asFlag: 0 - seekFlag: 0
02-19 18:15:01.787 E/mcu_services( 5512): MCU2APP : [ff fe fd 03 01 b0 70 c1 ff ]
02-19 18:15:01.791 D/TunerPresenter(15794): handleTunerRawData: b0 70 
02-19 18:15:01.791 D/TunerManagerForExt(15794): FMRadio main (TunerManagerForExt.java:108) onTunerInfoChanged: onTunerInfoChanged - flag: 112 - asFlag: 0 - psFlag: 0 - scanFlag: 0 - seekFlag: 0 - mStFlag: 1 - mLocFlag: 1 - mIsSearching: false - mTempSearching: false
02-19 18:15:01.791 D/TunerManagerForExt(15794): FMRadio main (TunerManagerForExt.java:118) onTunerInfoChanged: mIsSearching: false - mTempSearching: false - asFlag: 0 - seekFlag: 0
02-19 18:15:01.791 D/K706RadioManager(14872): IMcuListener.onTransact: code=1 flags=16
02-19 18:15:01.792 D/K706RadioManager(14872): >>> IMcuListener.onMcuInfoChanged received! data=B0 70 
02-19 18:15:01.792 D/K706RadioManager(14872): MCU[0xB0] len=2 : B0 70 
02-19 18:15:01.792 D/K706RadioManager(14872): TunerInfo: flags=0x70 save=false AS=false finish=true valid=true ST=true LOC=false seek=false scan=false
02-19 18:15:01.830 E/mcu_services( 5512): MCU2APP : [ff fe fd 03 01 b4 04 b1 ff ]
02-19 18:15:01.830 E/mcu_services( 5512): MCU2APP : [ff fe fd 04 01 b5 00 0a be ff ]
02-19 18:15:01.830 E/mcu_services( 5512): sendAckSuccess : [ff fd fe 02 02 b4 b6 ff ]
02-19 18:15:01.830 E/mcu_services( 5512): APP2MCU - writeToUart: [ff fd fe 02 02 b4 b6 ff ]
02-19 18:15:01.830 E/mcu_services( 5512): sendAckSuccess : [ff fd fe 02 02 b5 b7 ff ]
02-19 18:15:01.831 E/mcu_services( 5512): APP2MCU - writeToUart: [ff fd fe 02 02 b5 b7 ff ]
02-19 18:15:01.833 D/TunerPresenter(15794): handleTunerRawData: b4 4 
02-19 18:15:01.833 D/TunerManagerForExt(15794): FMRadio main (TunerManagerForExt.java:195) onTuneRdsIndicateInfo: onTuneRdsIndicateInfo - flag: 4 - mRdsSwitch: 1
02-19 18:15:01.833 D/K706RadioManager(14872): IMcuListener.onTransact: code=1 flags=16
02-19 18:15:01.834 D/K706RadioManager(14872): >>> IMcuListener.onMcuInfoChanged received! data=B4 04 
02-19 18:15:01.834 D/K706RadioManager(14872): MCU[0xB4] len=2 : B4 04 
02-19 18:15:01.834 D/K706RadioManager(14872): Unknown MCU packet type: 0xB4
02-19 18:15:01.837 D/TunerPresenter(15794): handleTunerRawData: b5 0 a 
02-19 18:15:01.837 D/TunerManagerForExt(15794): FMRadio main (TunerManagerForExt.java:220) onTuneRdsPtyTypeInfo: onTuneRdsPtyTypeInfo - mRdsPtyType: 0
02-19 18:15:01.837 D/K706RadioManager(14872): IMcuListener.onTransact: code=1 flags=16
02-19 18:15:01.838 D/K706RadioManager(14872): >>> IMcuListener.onMcuInfoChanged received! data=B5 00 0A 
02-19 18:15:01.838 D/K706RadioManager(14872): MCU[0xB5] len=3 : B5 00 0A 
02-19 18:15:01.838 D/K706RadioManager(14872): Unknown MCU packet type: 0xB5
02-19 18:15:03.676 E/mcu_services( 5512): MCU2APP : [ff fe fd 03 01 29 6d 45 ff ]
02-19 18:15:03.680 D/K706RadioManager(14872): IMcuListener.onTransact: code=1 flags=16
02-19 18:15:03.681 D/K706RadioManager(14872): >>> IMcuListener.onMcuInfoChanged received! data=29 6D 
02-19 18:15:03.681 D/K706RadioManager(14872): MCU[0x29] len=2 : 29 6D 
02-19 18:15:03.681 D/K706RadioManager(14872): Unknown MCU packet type: 0x29
02-19 18:15:03.818 E/mcu_services( 5512): MCU2APP : [ff fe fd 0a 01 b6 43 41 44 2d 31 30 30 20 cd ff ]
02-19 18:15:03.819 E/mcu_services( 5512): sendAckSuccess : [ff fd fe 02 02 b6 b4 ff ]
02-19 18:15:03.819 E/mcu_services( 5512): APP2MCU - writeToUart: [ff fd fe 02 02 b6 b4 ff ]
02-19 18:15:03.823 D/TunerPresenter(15794): handleTunerRawData: b6 43 41 44 2d 31 30 30 20 
02-19 18:15:03.823 D/TunerManagerForExt(15794): FMRadio main (TunerManagerForExt.java:234) onTuneRdsPSInfo: onTuneRdsPSInfo - len: 9 - data: b6 43 41 44 2d 31 30 30 20 
02-19 18:15:03.823 D/TunerManagerForExt(15794): FMRadio main (TunerManagerForExt.java:258) onTuneRdsPSInfo: onTuneRdsPSInfo - mRdsPsInfo: CAD-100 
02-19 18:15:03.823 D/K706RadioManager(14872): IMcuListener.onTransact: code=1 flags=16
02-19 18:15:03.824 D/K706RadioManager(14872): >>> IMcuListener.onMcuInfoChanged received! data=B6 43 41 44 2D 31 30 30 20 
02-19 18:15:03.825 D/K706RadioManager(14872): MCU[0xB6] len=9 : B6 43 41 44 2D 31 30 30 20 
02-19 18:15:03.825 D/K706RadioManager(14872): RDS PS: 'CAD-100'
02-19 18:15:05.665 E/mcu_services( 5512): MCU2APP : [ff fe fd 03 01 29 6d 45 ff ]
02-19 18:15:05.669 D/K706RadioManager(14872): IMcuListener.onTransact: code=1 flags=16
02-19 18:15:05.669 D/K706RadioManager(14872): >>> IMcuListener.onMcuInfoChanged received! data=29 6D 
02-19 18:15:05.670 D/K706RadioManager(14872): MCU[0x29] len=2 : 29 6D 
02-19 18:15:05.670 D/K706RadioManager(14872): Unknown MCU packet type: 0x29
02-19 18:15:06.889 E/mcu_services( 5512): APP2MCU - writeToUartNormal : [ff fd fe 05 01 a0 02 00 00 a3 ff ]
02-19 18:15:06.890 D/K706RadioManager(14872): CMD Enviado: sub=0x02 p1=0x00 p2=0x00
02-19 18:15:06.891 D/K706RadioManager(14872): Seek DOWN iniciado
02-19 18:15:06.964 E/mcu_services( 5512): MCU2APP : [ff fe fd 12 01 b1 00 00 22 c9 22 38 22 ce 23 32 23 aa 24 04 24 36 07 ff ]
02-19 18:15:06.964 E/mcu_services( 5512): MCU2APP : [ff fe fd 03 01 b0 78 c9 ff ]
02-19 18:15:06.969 D/TunerPresenter(15794): handleTunerRawData: b1 0 0 22 c9 22 38 22 ce 23 32 23 aa 24 4 24 36 
02-19 18:15:06.969 D/K706RadioManager(14872): IMcuListener.onTransact: code=1 flags=16
02-19 18:15:06.970 D/TunerManagerForExt(15794): FMRadio main (TunerManagerForExt.java:147) onTunerPresetListChanged:  - mBand: 0 - mPresetIndex: 0 - mFrequency: 8905 - index: 0 - preset: 8760 - index: 1 - preset: 8910 - index: 2 - preset: 9010 - index: 3 - preset: 9130 - index: 4 - preset: 9220 - index: 5 - preset: 9270
02-19 18:15:06.971 D/K706RadioManager(14872): >>> IMcuListener.onMcuInfoChanged received! data=B1 00 00 22 C9 22 38 22 CE 23 32 23 AA 24 04 24 36 
02-19 18:15:06.973 D/K706RadioManager(14872): MCU[0xB1] len=17 : B1 00 00 22 C9 22 38 22 CE 23 32 23 AA 24 04 24 36 
02-19 18:15:06.973 D/K706RadioManager(14872): PresetList: band=0 presetIdx=0 currentFreq=8905 firstFreq=8905 (offset=3)
02-19 18:15:06.973 D/K706RadioManager(14872): >>> FREQ: 89100 -> 89050 (MCU=8905, 89,05 MHz)
02-19 18:15:06.976 D/K706RadioManager(14872): IMcuListener.onTransact: code=1 flags=16
02-19 18:15:06.976 D/K706RadioManager(14872): >>> IMcuListener.onMcuInfoChanged received! data=B0 78 
02-19 18:15:06.976 D/K706RadioManager(14872): MCU[0xB0] len=2 : B0 78 
02-19 18:15:06.976 D/K706RadioManager(14872): TunerInfo: flags=0x78 save=false AS=true finish=true valid=true ST=true LOC=false seek=false scan=false
02-19 18:15:06.993 D/TunerPresenter(15794): handleTunerRawData: b0 78 
02-19 18:15:06.993 D/TunerManagerForExt(15794): FMRadio main (TunerManagerForExt.java:108) onTunerInfoChanged: onTunerInfoChanged - flag: 120 - asFlag: 0 - psFlag: 0 - scanFlag: 0 - seekFlag: 1 - mStFlag: 1 - mLocFlag: 1 - mIsSearching: false - mTempSearching: false
02-19 18:15:06.993 D/TunerManagerForExt(15794): FMRadio main (TunerManagerForExt.java:118) onTunerInfoChanged: mIsSearching: true - mTempSearching: false - asFlag: 0 - seekFlag: 1
02-19 18:15:07.010 E/mcu_services( 5512): MCU2APP : [ff fe fd 12 01 b1 00 00 22 c4 22 38 22 ce 23 32 23 aa 24 04 24 36 0a ff ]
02-19 18:15:07.012 D/TunerPresenter(15794): handleTunerRawData: b1 0 0 22 c4 22 38 22 ce 23 32 23 aa 24 4 24 36 
02-19 18:15:07.012 D/K706RadioManager(14872): IMcuListener.onTransact: code=1 flags=16
02-19 18:15:07.014 D/K706RadioManager(14872): >>> IMcuListener.onMcuInfoChanged received! data=B1 00 00 22 C4 22 38 22 CE 23 32 23 AA 24 04 24 36 
02-19 18:15:07.014 D/K706RadioManager(14872): MCU[0xB1] len=17 : B1 00 00 22 C4 22 38 22 CE 23 32 23 AA 24 04 24 36 
02-19 18:15:07.015 D/K706RadioManager(14872): PresetList: band=0 presetIdx=0 currentFreq=8900 firstFreq=8900 (offset=3)
02-19 18:15:07.015 D/TunerManagerForExt(15794): FMRadio main (TunerManagerForExt.java:147) onTunerPresetListChanged:  - mBand: 0 - mPresetIndex: 0 - mFrequency: 8900 - index: 0 - preset: 8760 - index: 1 - preset: 8910 - index: 2 - preset: 9010 - index: 3 - preset: 9130 - index: 4 - preset: 9220 - index: 5 - preset: 9270
02-19 18:15:07.015 D/K706RadioManager(14872): >>> FREQ: 89050 -> 89000 (MCU=8900, 89,00 MHz)
02-19 18:15:07.059 E/mcu_services( 5512): MCU2APP : [ff fe fd 12 01 b1 00 00 22 bf 22 38 22 ce 23 32 23 aa 24 04 24 36 71 ff ]
02-19 18:15:07.063 D/TunerPresenter(15794): handleTunerRawData: b1 0 0 22 bf 22 38 22 ce 23 32 23 aa 24 4 24 36 
02-19 18:15:07.063 D/K706RadioManager(14872): IMcuListener.onTransact: code=1 flags=16
02-19 18:15:07.064 D/K706RadioManager(14872): >>> IMcuListener.onMcuInfoChanged received! data=B1 00 00 22 BF 22 38 22 CE 23 32 23 AA 24 04 24 36 
02-19 18:15:07.065 D/TunerManagerForExt(15794): FMRadio main (TunerManagerForExt.java:147) onTunerPresetListChanged:  - mBand: 0 - mPresetIndex: 0 - mFrequency: 8895 - index: 0 - preset: 8760 - index: 1 - preset: 8910 - index: 2 - preset: 9010 - index: 3 - preset: 9130 - index: 4 - preset: 9220 - index: 5 - preset: 9270
02-19 18:15:07.065 D/K706RadioManager(14872): MCU[0xB1] len=17 : B1 00 00 22 BF 22 38 22 CE 23 32 23 AA 24 04 24 36 
02-19 18:15:07.066 D/K706RadioManager(14872): PresetList: band=0 presetIdx=0 currentFreq=8895 firstFreq=8895 (offset=3)
02-19 18:15:07.066 D/K706RadioManager(14872): >>> FREQ: 89000 -> 88950 (MCU=8895, 88,95 MHz)
02-19 18:15:07.109 E/mcu_services( 5512): MCU2APP : [ff fe fd 12 01 b1 00 00 22 ba 22 38 22 ce 23 32 23 aa 24 04 24 36 74 ff ]
02-19 18:15:07.114 D/TunerPresenter(15794): handleTunerRawData: b1 0 0 22 ba 22 38 22 ce 23 32 23 aa 24 4 24 36 
02-19 18:15:07.114 D/K706RadioManager(14872): IMcuListener.onTransact: code=1 flags=16
02-19 18:15:07.116 D/K706RadioManager(14872): >>> IMcuListener.onMcuInfoChanged received! data=B1 00 00 22 BA 22 38 22 CE 23 32 23 AA 24 04 24 36 
02-19 18:15:07.117 D/TunerManagerForExt(15794): FMRadio main (TunerManagerForExt.java:147) onTunerPresetListChanged:  - mBand: 0 - mPresetIndex: 0 - mFrequency: 8890 - index: 0 - preset: 8760 - index: 1 - preset: 8910 - index: 2 - preset: 9010 - index: 3 - preset: 9130 - index: 4 - preset: 9220 - index: 5 - preset: 9270
02-19 18:15:07.119 D/K706RadioManager(14872): MCU[0xB1] len=17 : B1 00 00 22 BA 22 38 22 CE 23 32 23 AA 24 04 24 36 
02-19 18:15:07.120 D/K706RadioManager(14872): PresetList: band=0 presetIdx=0 currentFreq=8890 firstFreq=8890 (offset=3)
02-19 18:15:07.120 D/K706RadioManager(14872): >>> FREQ: 88950 -> 88900 (MCU=8890, 88,90 MHz)
02-19 18:15:07.159 E/mcu_services( 5512): MCU2APP : [ff fe fd 12 01 b1 00 00 22 b5 22 38 22 ce 23 32 23 aa 24 04 24 36 7b ff ]
02-19 18:15:07.162 D/TunerPresenter(15794): handleTunerRawData: b1 0 0 22 b5 22 38 22 ce 23 32 23 aa 24 4 24 36 
02-19 18:15:07.163 D/K706RadioManager(14872): IMcuListener.onTransact: code=1 flags=16
02-19 18:15:07.164 D/K706RadioManager(14872): >>> IMcuListener.onMcuInfoChanged received! data=B1 00 00 22 B5 22 38 22 CE 23 32 23 AA 24 04 24 36 
02-19 18:15:07.165 D/K706RadioManager(14872): MCU[0xB1] len=17 : B1 00 00 22 B5 22 38 22 CE 23 32 23 AA 24 04 24 36 
02-19 18:15:07.165 D/K706RadioManager(14872): PresetList: band=0 presetIdx=0 currentFreq=8885 firstFreq=8885 (offset=3)
02-19 18:15:07.165 D/K706RadioManager(14872): >>> FREQ: 88900 -> 88850 (MCU=8885, 88,85 MHz)
02-19 18:15:07.165 D/TunerManagerForExt(15794): FMRadio main (TunerManagerForExt.java:147) onTunerPresetListChanged:  - mBand: 0 - mPresetIndex: 0 - mFrequency: 8885 - index: 0 - preset: 8760 - index: 1 - preset: 8910 - index: 2 - preset: 9010 - index: 3 - preset: 9130 - index: 4 - preset: 9220 - index: 5 - preset: 9270
02-19 18:15:07.209 E/mcu_services( 5512): MCU2APP : [ff fe fd 12 01 b1 00 00 22 b0 22 38 22 ce 23 32 23 aa 24 04 24 36 7e ff ]
02-19 18:15:07.212 D/TunerPresenter(15794): handleTunerRawData: b1 0 0 22 b0 22 38 22 ce 23 32 23 aa 24 4 24 36 
02-19 18:15:07.212 D/K706RadioManager(14872): IMcuListener.onTransact: code=1 flags=16
02-19 18:15:07.213 D/K706RadioManager(14872): >>> IMcuListener.onMcuInfoChanged received! data=B1 00 00 22 B0 22 38 22 CE 23 32 23 AA 24 04 24 36 
02-19 18:15:07.214 D/K706RadioManager(14872): MCU[0xB1] len=17 : B1 00 00 22 B0 22 38 22 CE 23 32 23 AA 24 04 24 36 
02-19 18:15:07.214 D/K706RadioManager(14872): PresetList: band=0 presetIdx=0 currentFreq=8880 firstFreq=8880 (offset=3)
02-19 18:15:07.214 D/K706RadioManager(14872): >>> FREQ: 88850 -> 88800 (MCU=8880, 88,80 MHz)
02-19 18:15:07.215 D/TunerManagerForExt(15794): FMRadio main (TunerManagerForExt.java:147) onTunerPresetListChanged:  - mBand: 0 - mPresetIndex: 0 - mFrequency: 8880 - index: 0 - preset: 8760 - index: 1 - preset: 8910 - index: 2 - preset: 9010 - index: 3 - preset: 9130 - index: 4 - preset: 9220 - index: 5 - preset: 9270
02-19 18:15:07.258 E/mcu_services( 5512): MCU2APP : [ff fe fd 12 01 b1 00 00 22 ab 22 38 22 ce 23 32 23 aa 24 04 24 36 65 ff ]
02-19 18:15:07.262 D/TunerPresenter(15794): handleTunerRawData: b1 0 0 22 ab 22 38 22 ce 23 32 23 aa 24 4 24 36 
02-19 18:15:07.262 D/K706RadioManager(14872): IMcuListener.onTransact: code=1 flags=16
02-19 18:15:07.264 D/K706RadioManager(14872): >>> IMcuListener.onMcuInfoChanged received! data=B1 00 00 22 AB 22 38 22 CE 23 32 23 AA 24 04 24 36 
02-19 18:15:07.264 D/TunerManagerForExt(15794): FMRadio main (TunerManagerForExt.java:147) onTunerPresetListChanged:  - mBand: 0 - mPresetIndex: 0 - mFrequency: 8875 - index: 0 - preset: 8760 - index: 1 - preset: 8910 - index: 2 - preset: 9010 - index: 3 - preset: 9130 - index: 4 - preset: 9220 - index: 5 - preset: 9270
02-19 18:15:07.264 D/K706RadioManager(14872): MCU[0xB1] len=17 : B1 00 00 22 AB 22 38 22 CE 23 32 23 AA 24 04 24 36 
02-19 18:15:07.265 D/K706RadioManager(14872): PresetList: band=0 presetIdx=0 currentFreq=8875 firstFreq=8875 (offset=3)
02-19 18:15:07.265 D/K706RadioManager(14872): >>> FREQ: 88800 -> 88750 (MCU=8875, 88,75 MHz)
02-19 18:15:07.308 E/mcu_services( 5512): MCU2APP : [ff fe fd 12 01 b1 00 00 22 a6 22 38 22 ce 23 32 23 aa 24 04 24 36 68 ff ]
02-19 18:15:07.312 D/TunerPresenter(15794): handleTunerRawData: b1 0 0 22 a6 22 38 22 ce 23 32 23 aa 24 4 24 36 
02-19 18:15:07.312 D/K706RadioManager(14872): IMcuListener.onTransact: code=1 flags=16
02-19 18:15:07.313 D/K706RadioManager(14872): >>> IMcuListener.onMcuInfoChanged received! data=B1 00 00 22 A6 22 38 22 CE 23 32 23 AA 24 04 24 36 
02-19 18:15:07.314 D/K706RadioManager(14872): MCU[0xB1] len=17 : B1 00 00 22 A6 22 38 22 CE 23 32 23 AA 24 04 24 36 
02-19 18:15:07.314 D/K706RadioManager(14872): PresetList: band=0 presetIdx=0 currentFreq=8870 firstFreq=8870 (offset=3)
02-19 18:15:07.314 D/K706RadioManager(14872): >>> FREQ: 88750 -> 88700 (MCU=8870, 88,70 MHz)
02-19 18:15:07.314 D/TunerManagerForExt(15794): FMRadio main (TunerManagerForExt.java:147) onTunerPresetListChanged:  - mBand: 0 - mPresetIndex: 0 - mFrequency: 8870 - index: 0 - preset: 8760 - index: 1 - preset: 8910 - index: 2 - preset: 9010 - index: 3 - preset: 9130 - index: 4 - preset: 9220 - index: 5 - preset: 9270
02-19 18:15:07.358 E/mcu_services( 5512): MCU2APP : [ff fe fd 12 01 b1 00 00 22 a1 22 38 22 ce 23 32 23 aa 24 04 24 36 6f ff ]
02-19 18:15:07.361 D/TunerPresenter(15794): handleTunerRawData: b1 0 0 22 a1 22 38 22 ce 23 32 23 aa 24 4 24 36 
02-19 18:15:07.362 D/K706RadioManager(14872): IMcuListener.onTransact: code=1 flags=16
02-19 18:15:07.364 D/K706RadioManager(14872): >>> IMcuListener.onMcuInfoChanged received! data=B1 00 00 22 A1 22 38 22 CE 23 32 23 AA 24 04 24 36 
02-19 18:15:07.365 D/TunerManagerForExt(15794): FMRadio main (TunerManagerForExt.java:147) onTunerPresetListChanged:  - mBand: 0 - mPresetIndex: 0 - mFrequency: 8865 - index: 0 - preset: 8760 - index: 1 - preset: 8910 - index: 2 - preset: 9010 - index: 3 - preset: 9130 - index: 4 - preset: 9220 - index: 5 - preset: 9270
02-19 18:15:07.365 D/K706RadioManager(14872): MCU[0xB1] len=17 : B1 00 00 22 A1 22 38 22 CE 23 32 23 AA 24 04 24 36 
02-19 18:15:07.365 D/K706RadioManager(14872): PresetList: band=0 presetIdx=0 currentFreq=8865 firstFreq=8865 (offset=3)
02-19 18:15:07.365 D/K706RadioManager(14872): >>> FREQ: 88700 -> 88650 (MCU=8865, 88,65 MHz)
02-19 18:15:07.407 E/mcu_services( 5512): MCU2APP : [ff fe fd 12 01 b1 00 00 22 9c 22 38 22 ce 23 32 23 aa 24 04 24 36 52 ff ]
02-19 18:15:07.411 D/TunerPresenter(15794): handleTunerRawData: b1 0 0 22 9c 22 38 22 ce 23 32 23 aa 24 4 24 36 
02-19 18:15:07.411 D/K706RadioManager(14872): IMcuListener.onTransact: code=1 flags=16
02-19 18:15:07.413 D/K706RadioManager(14872): >>> IMcuListener.onMcuInfoChanged received! data=B1 00 00 22 9C 22 38 22 CE 23 32 23 AA 24 04 24 36 
02-19 18:15:07.414 D/K706RadioManager(14872): MCU[0xB1] len=17 : B1 00 00 22 9C 22 38 22 CE 23 32 23 AA 24 04 24 36 
02-19 18:15:07.414 D/K706RadioManager(14872): PresetList: band=0 presetIdx=0 currentFreq=8860 firstFreq=8860 (offset=3)
02-19 18:15:07.414 D/TunerManagerForExt(15794): FMRadio main (TunerManagerForExt.java:147) onTunerPresetListChanged:  - mBand: 0 - mPresetIndex: 0 - mFrequency: 8860 - index: 0 - preset: 8760 - index: 1 - preset: 8910 - index: 2 - preset: 9010 - index: 3 - preset: 9130 - index: 4 - preset: 9220 - index: 5 - preset: 9270
02-19 18:15:07.414 D/K706RadioManager(14872): >>> FREQ: 88650 -> 88600 (MCU=8860, 88,60 MHz)
02-19 18:15:07.457 E/mcu_services( 5512): MCU2APP : [ff fe fd 12 01 b1 00 00 22 97 22 38 22 ce 23 32 23 aa 24 04 24 36 59 ff ]
02-19 18:15:07.461 D/TunerPresenter(15794): handleTunerRawData: b1 0 0 22 97 22 38 22 ce 23 32 23 aa 24 4 24 36 
02-19 18:15:07.461 D/K706RadioManager(14872): IMcuListener.onTransact: code=1 flags=16
02-19 18:15:07.462 D/K706RadioManager(14872): >>> IMcuListener.onMcuInfoChanged received! data=B1 00 00 22 97 22 38 22 CE 23 32 23 AA 24 04 24 36 
02-19 18:15:07.463 D/TunerManagerForExt(15794): FMRadio main (TunerManagerForExt.java:147) onTunerPresetListChanged:  - mBand: 0 - mPresetIndex: 0 - mFrequency: 8855 - index: 0 - preset: 8760 - index: 1 - preset: 8910 - index: 2 - preset: 9010 - index: 3 - preset: 9130 - index: 4 - preset: 9220 - index: 5 - preset: 9270
02-19 18:15:07.463 D/K706RadioManager(14872): MCU[0xB1] len=17 : B1 00 00 22 97 22 38 22 CE 23 32 23 AA 24 04 24 36 
02-19 18:15:07.463 D/K706RadioManager(14872): PresetList: band=0 presetIdx=0 currentFreq=8855 firstFreq=8855 (offset=3)
02-19 18:15:07.464 D/K706RadioManager(14872): >>> FREQ: 88600 -> 88550 (MCU=8855, 88,55 MHz)
02-19 18:15:07.507 E/mcu_services( 5512): MCU2APP : [ff fe fd 12 01 b1 00 00 22 92 22 38 22 ce 23 32 23 aa 24 04 24 36 5c ff ]
02-19 18:15:07.511 D/TunerPresenter(15794): handleTunerRawData: b1 0 0 22 92 22 38 22 ce 23 32 23 aa 24 4 24 36 
02-19 18:15:07.511 D/K706RadioManager(14872): IMcuListener.onTransact: code=1 flags=16
02-19 18:15:07.513 D/K706RadioManager(14872): >>> IMcuListener.onMcuInfoChanged received! data=B1 00 00 22 92 22 38 22 CE 23 32 23 AA 24 04 24 36 
02-19 18:15:07.514 D/TunerManagerForExt(15794): FMRadio main (TunerManagerForExt.java:147) onTunerPresetListChanged:  - mBand: 0 - mPresetIndex: 0 - mFrequency: 8850 - index: 0 - preset: 8760 - index: 1 - preset: 8910 - index: 2 - preset: 9010 - index: 3 - preset: 9130 - index: 4 - preset: 9220 - index: 5 - preset: 9270
02-19 18:15:07.514 D/K706RadioManager(14872): MCU[0xB1] len=17 : B1 00 00 22 92 22 38 22 CE 23 32 23 AA 24 04 24 36 
02-19 18:15:07.514 D/K706RadioManager(14872): PresetList: band=0 presetIdx=0 currentFreq=8850 firstFreq=8850 (offset=3)
02-19 18:15:07.514 D/K706RadioManager(14872): >>> FREQ: 88550 -> 88500 (MCU=8850, 88,50 MHz)
02-19 18:15:07.557 E/mcu_services( 5512): MCU2APP : [ff fe fd 12 01 b1 00 00 22 8d 22 38 22 ce 23 32 23 aa 24 04 24 36 43 ff ]
02-19 18:15:07.560 D/TunerPresenter(15794): handleTunerRawData: b1 0 0 22 8d 22 38 22 ce 23 32 23 aa 24 4 24 36 
02-19 18:15:07.561 D/K706RadioManager(14872): IMcuListener.onTransact: code=1 flags=16
02-19 18:15:07.562 D/K706RadioManager(14872): >>> IMcuListener.onMcuInfoChanged received! data=B1 00 00 22 8D 22 38 22 CE 23 32 23 AA 24 04 24 36 
02-19 18:15:07.563 D/K706RadioManager(14872): MCU[0xB1] len=17 : B1 00 00 22 8D 22 38 22 CE 23 32 23 AA 24 04 24 36 
02-19 18:15:07.563 D/K706RadioManager(14872): PresetList: band=0 presetIdx=0 currentFreq=8845 firstFreq=8845 (offset=3)
02-19 18:15:07.563 D/K706RadioManager(14872): >>> FREQ: 88500 -> 88450 (MCU=8845, 88,45 MHz)
02-19 18:15:07.563 D/TunerManagerForExt(15794): FMRadio main (TunerManagerForExt.java:147) onTunerPresetListChanged:  - mBand: 0 - mPresetIndex: 0 - mFrequency: 8845 - index: 0 - preset: 8760 - index: 1 - preset: 8910 - index: 2 - preset: 9010 - index: 3 - preset: 9130 - index: 4 - preset: 9220 - index: 5 - preset: 9270
02-19 18:15:07.606 E/mcu_services( 5512): MCU2APP : [ff fe fd 12 01 b1 00 00 22 88 22 38 22 ce 23 32 23 aa 24 04 24 36 46 ff ]
02-19 18:15:07.610 D/TunerPresenter(15794): handleTunerRawData: b1 0 0 22 88 22 38 22 ce 23 32 23 aa 24 4 24 36 
02-19 18:15:07.610 D/K706RadioManager(14872): IMcuListener.onTransact: code=1 flags=16
02-19 18:15:07.611 D/K706RadioManager(14872): >>> IMcuListener.onMcuInfoChanged received! data=B1 00 00 22 88 22 38 22 CE 23 32 23 AA 24 04 24 36 
02-19 18:15:07.612 D/TunerManagerForExt(15794): FMRadio main (TunerManagerForExt.java:147) onTunerPresetListChanged:  - mBand: 0 - mPresetIndex: 0 - mFrequency: 8840 - index: 0 - preset: 8760 - index: 1 - preset: 8910 - index: 2 - preset: 9010 - index: 3 - preset: 9130 - index: 4 - preset: 9220 - index: 5 - preset: 9270
02-19 18:15:07.612 D/K706RadioManager(14872): MCU[0xB1] len=17 : B1 00 00 22 88 22 38 22 CE 23 32 23 AA 24 04 24 36 
02-19 18:15:07.612 D/K706RadioManager(14872): PresetList: band=0 presetIdx=0 currentFreq=8840 firstFreq=8840 (offset=3)
02-19 18:15:07.612 D/K706RadioManager(14872): >>> FREQ: 88450 -> 88400 (MCU=8840, 88,40 MHz)
02-19 18:15:07.656 E/mcu_services( 5512): MCU2APP : [ff fe fd 12 01 b1 00 00 22 83 22 38 22 ce 23 32 23 aa 24 04 24 36 4d ff ]
02-19 18:15:07.659 D/TunerPresenter(15794): handleTunerRawData: b1 0 0 22 83 22 38 22 ce 23 32 23 aa 24 4 24 36 
02-19 18:15:07.659 D/K706RadioManager(14872): IMcuListener.onTransact: code=1 flags=16
02-19 18:15:07.660 D/K706RadioManager(14872): >>> IMcuListener.onMcuInfoChanged received! data=B1 00 00 22 83 22 38 22 CE 23 32 23 AA 24 04 24 36 
02-19 18:15:07.661 D/K706RadioManager(14872): MCU[0xB1] len=17 : B1 00 00 22 83 22 38 22 CE 23 32 23 AA 24 04 24 36 
02-19 18:15:07.661 D/K706RadioManager(14872): PresetList: band=0 presetIdx=0 currentFreq=8835 firstFreq=8835 (offset=3)
02-19 18:15:07.661 D/K706RadioManager(14872): >>> FREQ: 88400 -> 88350 (MCU=8835, 88,35 MHz)
02-19 18:15:07.661 D/TunerManagerForExt(15794): FMRadio main (TunerManagerForExt.java:147) onTunerPresetListChanged:  - mBand: 0 - mPresetIndex: 0 - mFrequency: 8835 - index: 0 - preset: 8760 - index: 1 - preset: 8910 - index: 2 - preset: 9010 - index: 3 - preset: 9130 - index: 4 - preset: 9220 - index: 5 - preset: 9270
02-19 18:15:07.706 E/mcu_services( 5512): MCU2APP : [ff fe fd 03 01 29 6d 45 ff ]
02-19 18:15:07.706 E/mcu_services( 5512): MCU2APP : [ff fe fd 12 01 b1 00 00 22 7e 22 38 22 ce 23 32 23 aa 24 04 24 36 b0 ff ]
02-19 18:15:07.710 D/K706RadioManager(14872): IMcuListener.onTransact: code=1 flags=16
02-19 18:15:07.710 D/K706RadioManager(14872): >>> IMcuListener.onMcuInfoChanged received! data=29 6D 
02-19 18:15:07.711 D/K706RadioManager(14872): MCU[0x29] len=2 : 29 6D 
02-19 18:15:07.712 D/K706RadioManager(14872): Unknown MCU packet type: 0x29
02-19 18:15:07.714 D/TunerPresenter(15794): handleTunerRawData: b1 0 0 22 7e 22 38 22 ce 23 32 23 aa 24 4 24 36 
02-19 18:15:07.714 D/K706RadioManager(14872): IMcuListener.onTransact: code=1 flags=16
02-19 18:15:07.716 D/K706RadioManager(14872): >>> IMcuListener.onMcuInfoChanged received! data=B1 00 00 22 7E 22 38 22 CE 23 32 23 AA 24 04 24 36 
02-19 18:15:07.718 D/TunerManagerForExt(15794): FMRadio main (TunerManagerForExt.java:147) onTunerPresetListChanged:  - mBand: 0 - mPresetIndex: 0 - mFrequency: 8830 - index: 0 - preset: 8760 - index: 1 - preset: 8910 - index: 2 - preset: 9010 - index: 3 - preset: 9130 - index: 4 - preset: 9220 - index: 5 - preset: 9270
02-19 18:15:07.720 D/K706RadioManager(14872): MCU[0xB1] len=17 : B1 00 00 22 7E 22 38 22 CE 23 32 23 AA 24 04 24 36 
02-19 18:15:07.720 D/K706RadioManager(14872): PresetList: band=0 presetIdx=0 currentFreq=8830 firstFreq=8830 (offset=3)
02-19 18:15:07.720 D/K706RadioManager(14872): >>> FREQ: 88350 -> 88300 (MCU=8830, 88,30 MHz)
02-19 18:15:07.755 E/mcu_services( 5512): MCU2APP : [ff fe fd 12 01 b1 00 00 22 79 22 38 22 ce 23 32 23 aa 24 04 24 36 b7 ff ]
02-19 18:15:07.757 D/TunerPresenter(15794): handleTunerRawData: b1 0 0 22 79 22 38 22 ce 23 32 23 aa 24 4 24 36 
02-19 18:15:07.757 D/K706RadioManager(14872): IMcuListener.onTransact: code=1 flags=16
02-19 18:15:07.758 D/K706RadioManager(14872): >>> IMcuListener.onMcuInfoChanged received! data=B1 00 00 22 79 22 38 22 CE 23 32 23 AA 24 04 24 36 
02-19 18:15:07.759 D/K706RadioManager(14872): MCU[0xB1] len=17 : B1 00 00 22 79 22 38 22 CE 23 32 23 AA 24 04 24 36 
02-19 18:15:07.759 D/K706RadioManager(14872): PresetList: band=0 presetIdx=0 currentFreq=8825 firstFreq=8825 (offset=3)
02-19 18:15:07.759 D/K706RadioManager(14872): >>> FREQ: 88300 -> 88250 (MCU=8825, 88,25 MHz)
02-19 18:15:07.761 D/TunerManagerForExt(15794): FMRadio main (TunerManagerForExt.java:147) onTunerPresetListChanged:  - mBand: 0 - mPresetIndex: 0 - mFrequency: 8825 - index: 0 - preset: 8760 - index: 1 - preset: 8910 - index: 2 - preset: 9010 - index: 3 - preset: 9130 - index: 4 - preset: 9220 - index: 5 - preset: 9270
02-19 18:15:07.805 E/mcu_services( 5512): MCU2APP : [ff fe fd 12 01 b1 00 00 22 74 22 38 22 ce 23 32 23 aa 24 04 24 36 ba ff ]
02-19 18:15:07.810 D/TunerPresenter(15794): handleTunerRawData: b1 0 0 22 74 22 38 22 ce 23 32 23 aa 24 4 24 36 
02-19 18:15:07.810 D/K706RadioManager(14872): IMcuListener.onTransact: code=1 flags=16
02-19 18:15:07.811 D/K706RadioManager(14872): >>> IMcuListener.onMcuInfoChanged received! data=B1 00 00 22 74 22 38 22 CE 23 32 23 AA 24 04 24 36 
02-19 18:15:07.812 D/K706RadioManager(14872): MCU[0xB1] len=17 : B1 00 00 22 74 22 38 22 CE 23 32 23 AA 24 04 24 36 
02-19 18:15:07.812 D/K706RadioManager(14872): PresetList: band=0 presetIdx=0 currentFreq=8820 firstFreq=8820 (offset=3)
02-19 18:15:07.812 D/K706RadioManager(14872): >>> FREQ: 88250 -> 88200 (MCU=8820, 88,20 MHz)
02-19 18:15:07.812 D/TunerManagerForExt(15794): FMRadio main (TunerManagerForExt.java:147) onTunerPresetListChanged:  - mBand: 0 - mPresetIndex: 0 - mFrequency: 8820 - index: 0 - preset: 8760 - index: 1 - preset: 8910 - index: 2 - preset: 9010 - index: 3 - preset: 9130 - index: 4 - preset: 9220 - index: 5 - preset: 9270
02-19 18:15:07.855 E/mcu_services( 5512): MCU2APP : [ff fe fd 12 01 b1 00 00 22 6f 22 38 22 ce 23 32 23 aa 24 04 24 36 a1 ff ]
02-19 18:15:07.858 D/TunerPresenter(15794): handleTunerRawData: b1 0 0 22 6f 22 38 22 ce 23 32 23 aa 24 4 24 36 
02-19 18:15:07.859 D/K706RadioManager(14872): IMcuListener.onTransact: code=1 flags=16
02-19 18:15:07.860 D/K706RadioManager(14872): >>> IMcuListener.onMcuInfoChanged received! data=B1 00 00 22 6F 22 38 22 CE 23 32 23 AA 24 04 24 36 
02-19 18:15:07.861 D/TunerManagerForExt(15794): FMRadio main (TunerManagerForExt.java:147) onTunerPresetListChanged:  - mBand: 0 - mPresetIndex: 0 - mFrequency: 8815 - index: 0 - preset: 8760 - index: 1 - preset: 8910 - index: 2 - preset: 9010 - index: 3 - preset: 9130 - index: 4 - preset: 9220 - index: 5 - preset: 9270
02-19 18:15:07.861 D/K706RadioManager(14872): MCU[0xB1] len=17 : B1 00 00 22 6F 22 38 22 CE 23 32 23 AA 24 04 24 36 
02-19 18:15:07.861 D/K706RadioManager(14872): PresetList: band=0 presetIdx=0 currentFreq=8815 firstFreq=8815 (offset=3)
02-19 18:15:07.861 D/K706RadioManager(14872): >>> FREQ: 88200 -> 88150 (MCU=8815, 88,15 MHz)
02-19 18:15:07.905 E/mcu_services( 5512): MCU2APP : [ff fe fd 12 01 b1 00 00 22 6a 22 38 22 ce 23 32 23 aa 24 04 24 36 a4 ff ]
02-19 18:15:07.910 D/TunerPresenter(15794): handleTunerRawData: b1 0 0 22 6a 22 38 22 ce 23 32 23 aa 24 4 24 36 
02-19 18:15:07.910 D/K706RadioManager(14872): IMcuListener.onTransact: code=1 flags=16
02-19 18:15:07.911 D/K706RadioManager(14872): >>> IMcuListener.onMcuInfoChanged received! data=B1 00 00 22 6A 22 38 22 CE 23 32 23 AA 24 04 24 36 
02-19 18:15:07.911 D/K706RadioManager(14872): MCU[0xB1] len=17 : B1 00 00 22 6A 22 38 22 CE 23 32 23 AA 24 04 24 36 
02-19 18:15:07.912 D/K706RadioManager(14872): PresetList: band=0 presetIdx=0 currentFreq=8810 firstFreq=8810 (offset=3)
02-19 18:15:07.912 D/K706RadioManager(14872): >>> FREQ: 88150 -> 88100 (MCU=8810, 88,10 MHz)
02-19 18:15:07.912 D/TunerManagerForExt(15794): FMRadio main (TunerManagerForExt.java:147) onTunerPresetListChanged:  - mBand: 0 - mPresetIndex: 0 - mFrequency: 8810 - index: 0 - preset: 8760 - index: 1 - preset: 8910 - index: 2 - preset: 9010 - index: 3 - preset: 9130 - index: 4 - preset: 9220 - index: 5 - preset: 9270
02-19 18:15:07.954 E/mcu_services( 5512): MCU2APP : [ff fe fd 12 01 b1 00 00 22 65 22 38 22 ce 23 32 23 aa 24 04 24 36 ab ff ]
02-19 18:15:07.957 D/TunerPresenter(15794): handleTunerRawData: b1 0 0 22 65 22 38 22 ce 23 32 23 aa 24 4 24 36 
02-19 18:15:07.958 D/K706RadioManager(14872): IMcuListener.onTransact: code=1 flags=16
02-19 18:15:07.959 D/K706RadioManager(14872): >>> IMcuListener.onMcuInfoChanged received! data=B1 00 00 22 65 22 38 22 CE 23 32 23 AA 24 04 24 36 
02-19 18:15:07.960 D/TunerManagerForExt(15794): FMRadio main (TunerManagerForExt.java:147) onTunerPresetListChanged:  - mBand: 0 - mPresetIndex: 0 - mFrequency: 8805 - index: 0 - preset: 8760 - index: 1 - preset: 8910 - index: 2 - preset: 9010 - index: 3 - preset: 9130 - index: 4 - preset: 9220 - index: 5 - preset: 9270
02-19 18:15:07.960 D/K706RadioManager(14872): MCU[0xB1] len=17 : B1 00 00 22 65 22 38 22 CE 23 32 23 AA 24 04 24 36 
02-19 18:15:07.960 D/K706RadioManager(14872): PresetList: band=0 presetIdx=0 currentFreq=8805 firstFreq=8805 (offset=3)
02-19 18:15:07.960 D/K706RadioManager(14872): >>> FREQ: 88100 -> 88050 (MCU=8805, 88,05 MHz)
02-19 18:15:08.004 E/mcu_services( 5512): MCU2APP : [ff fe fd 12 01 b1 00 00 22 60 22 38 22 ce 23 32 23 aa 24 04 24 36 ae ff ]
02-19 18:15:08.008 D/TunerPresenter(15794): handleTunerRawData: b1 0 0 22 60 22 38 22 ce 23 32 23 aa 24 4 24 36 
02-19 18:15:08.008 D/K706RadioManager(14872): IMcuListener.onTransact: code=1 flags=16
02-19 18:15:08.009 D/K706RadioManager(14872): >>> IMcuListener.onMcuInfoChanged received! data=B1 00 00 22 60 22 38 22 CE 23 32 23 AA 24 04 24 36 
02-19 18:15:08.010 D/K706RadioManager(14872): MCU[0xB1] len=17 : B1 00 00 22 60 22 38 22 CE 23 32 23 AA 24 04 24 36 
02-19 18:15:08.010 D/K706RadioManager(14872): PresetList: band=0 presetIdx=0 currentFreq=8800 firstFreq=8800 (offset=3)
02-19 18:15:08.010 D/TunerManagerForExt(15794): FMRadio main (TunerManagerForExt.java:147) onTunerPresetListChanged:  - mBand: 0 - mPresetIndex: 0 - mFrequency: 8800 - index: 0 - preset: 8760 - index: 1 - preset: 8910 - index: 2 - preset: 9010 - index: 3 - preset: 9130 - index: 4 - preset: 9220 - index: 5 - preset: 9270
02-19 18:15:08.010 D/K706RadioManager(14872): >>> FREQ: 88050 -> 88000 (MCU=8800, 88,00 MHz)
02-19 18:15:08.054 E/mcu_services( 5512): MCU2APP : [ff fe fd 12 01 b1 00 00 22 5b 22 38 22 ce 23 32 23 aa 24 04 24 36 95 ff ]
02-19 18:15:08.058 D/TunerPresenter(15794): handleTunerRawData: b1 0 0 22 5b 22 38 22 ce 23 32 23 aa 24 4 24 36 
02-19 18:15:08.058 D/K706RadioManager(14872): IMcuListener.onTransact: code=1 flags=16
02-19 18:15:08.059 D/K706RadioManager(14872): >>> IMcuListener.onMcuInfoChanged received! data=B1 00 00 22 5B 22 38 22 CE 23 32 23 AA 24 04 24 36 
02-19 18:15:08.060 D/K706RadioManager(14872): MCU[0xB1] len=17 : B1 00 00 22 5B 22 38 22 CE 23 32 23 AA 24 04 24 36 
02-19 18:15:08.060 D/TunerManagerForExt(15794): FMRadio main (TunerManagerForExt.java:147) onTunerPresetListChanged:  - mBand: 0 - mPresetIndex: 0 - mFrequency: 8795 - index: 0 - preset: 8760 - index: 1 - preset: 8910 - index: 2 - preset: 9010 - index: 3 - preset: 9130 - index: 4 - preset: 9220 - index: 5 - preset: 9270
02-19 18:15:08.060 D/K706RadioManager(14872): PresetList: band=0 presetIdx=0 currentFreq=8795 firstFreq=8795 (offset=3)
02-19 18:15:08.060 D/K706RadioManager(14872): >>> FREQ: 88000 -> 87950 (MCU=8795, 87,95 MHz)
02-19 18:15:08.104 E/mcu_services( 5512): MCU2APP : [ff fe fd 12 01 b1 00 00 22 56 22 38 22 ce 23 32 23 aa 24 04 24 36 98 ff ]
02-19 18:15:08.108 D/TunerPresenter(15794): handleTunerRawData: b1 0 0 22 56 22 38 22 ce 23 32 23 aa 24 4 24 36 
02-19 18:15:08.108 D/K706RadioManager(14872): IMcuListener.onTransact: code=1 flags=16
02-19 18:15:08.109 D/K706RadioManager(14872): >>> IMcuListener.onMcuInfoChanged received! data=B1 00 00 22 56 22 38 22 CE 23 32 23 AA 24 04 24 36 
02-19 18:15:08.110 D/K706RadioManager(14872): MCU[0xB1] len=17 : B1 00 00 22 56 22 38 22 CE 23 32 23 AA 24 04 24 36 
02-19 18:15:08.110 D/K706RadioManager(14872): PresetList: band=0 presetIdx=0 currentFreq=8790 firstFreq=8790 (offset=3)
02-19 18:15:08.111 D/TunerManagerForExt(15794): FMRadio main (TunerManagerForExt.java:147) onTunerPresetListChanged:  - mBand: 0 - mPresetIndex: 0 - mFrequency: 8790 - index: 0 - preset: 8760 - index: 1 - preset: 8910 - index: 2 - preset: 9010 - index: 3 - preset: 9130 - index: 4 - preset: 9220 - index: 5 - preset: 9270
02-19 18:15:08.111 D/K706RadioManager(14872): >>> FREQ: 87950 -> 87900 (MCU=8790, 87,90 MHz)
02-19 18:15:08.153 E/mcu_services( 5512): MCU2APP : [ff fe fd 12 01 b1 00 00 22 51 22 38 22 ce 23 32 23 aa 24 04 24 36 9f ff ]
02-19 18:15:08.156 D/TunerPresenter(15794): handleTunerRawData: b1 0 0 22 51 22 38 22 ce 23 32 23 aa 24 4 24 36 
02-19 18:15:08.156 D/K706RadioManager(14872): IMcuListener.onTransact: code=1 flags=16
02-19 18:15:08.157 D/K706RadioManager(14872): >>> IMcuListener.onMcuInfoChanged received! data=B1 00 00 22 51 22 38 22 CE 23 32 23 AA 24 04 24 36 
02-19 18:15:08.158 D/K706RadioManager(14872): MCU[0xB1] len=17 : B1 00 00 22 51 22 38 22 CE 23 32 23 AA 24 04 24 36 
02-19 18:15:08.158 D/K706RadioManager(14872): PresetList: band=0 presetIdx=0 currentFreq=8785 firstFreq=8785 (offset=3)
02-19 18:15:08.158 D/K706RadioManager(14872): >>> FREQ: 87900 -> 87850 (MCU=8785, 87,85 MHz)
02-19 18:15:08.158 D/TunerManagerForExt(15794): FMRadio main (TunerManagerForExt.java:147) onTunerPresetListChanged:  - mBand: 0 - mPresetIndex: 0 - mFrequency: 8785 - index: 0 - preset: 8760 - index: 1 - preset: 8910 - index: 2 - preset: 9010 - index: 3 - preset: 9130 - index: 4 - preset: 9220 - index: 5 - preset: 9270
02-19 18:15:08.203 E/mcu_services( 5512): MCU2APP : [ff fe fd 12 01 b1 00 00 22 4c 22 38 22 ce 23 32 23 aa 24 04 24 36 82 ff ]
02-19 18:15:08.207 D/TunerPresenter(15794): handleTunerRawData: b1 0 0 22 4c 22 38 22 ce 23 32 23 aa 24 4 24 36 
02-19 18:15:08.207 D/K706RadioManager(14872): IMcuListener.onTransact: code=1 flags=16
02-19 18:15:08.208 D/K706RadioManager(14872): >>> IMcuListener.onMcuInfoChanged received! data=B1 00 00 22 4C 22 38 22 CE 23 32 23 AA 24 04 24 36 
02-19 18:15:08.209 D/K706RadioManager(14872): MCU[0xB1] len=17 : B1 00 00 22 4C 22 38 22 CE 23 32 23 AA 24 04 24 36 
02-19 18:15:08.210 D/K706RadioManager(14872): PresetList: band=0 presetIdx=0 currentFreq=8780 firstFreq=8780 (offset=3)
02-19 18:15:08.210 D/K706RadioManager(14872): >>> FREQ: 87850 -> 87800 (MCU=8780, 87,80 MHz)
02-19 18:15:08.210 D/TunerManagerForExt(15794): FMRadio main (TunerManagerForExt.java:147) onTunerPresetListChanged:  - mBand: 0 - mPresetIndex: 0 - mFrequency: 8780 - index: 0 - preset: 8760 - index: 1 - preset: 8910 - index: 2 - preset: 9010 - index: 3 - preset: 9130 - index: 4 - preset: 9220 - index: 5 - preset: 9270
02-19 18:15:08.253 E/mcu_services( 5512): MCU2APP : [ff fe fd 12 01 b1 00 00 22 47 22 38 22 ce 23 32 23 aa 24 04 24 36 89 ff ]
02-19 18:15:08.258 D/TunerPresenter(15794): handleTunerRawData: b1 0 0 22 47 22 38 22 ce 23 32 23 aa 24 4 24 36 
02-19 18:15:08.258 D/K706RadioManager(14872): IMcuListener.onTransact: code=1 flags=16
02-19 18:15:08.259 D/K706RadioManager(14872): >>> IMcuListener.onMcuInfoChanged received! data=B1 00 00 22 47 22 38 22 CE 23 32 23 AA 24 04 24 36 
02-19 18:15:08.260 D/K706RadioManager(14872): MCU[0xB1] len=17 : B1 00 00 22 47 22 38 22 CE 23 32 23 AA 24 04 24 36 
02-19 18:15:08.260 D/K706RadioManager(14872): PresetList: band=0 presetIdx=0 currentFreq=8775 firstFreq=8775 (offset=3)
02-19 18:15:08.261 D/K706RadioManager(14872): >>> FREQ: 87800 -> 87750 (MCU=8775, 87,75 MHz)
02-19 18:15:08.261 D/TunerManagerForExt(15794): FMRadio main (TunerManagerForExt.java:147) onTunerPresetListChanged:  - mBand: 0 - mPresetIndex: 0 - mFrequency: 8775 - index: 0 - preset: 8760 - index: 1 - preset: 8910 - index: 2 - preset: 9010 - index: 3 - preset: 9130 - index: 4 - preset: 9220 - index: 5 - preset: 9270
02-19 18:15:08.302 E/mcu_services( 5512): MCU2APP : [ff fe fd 12 01 b1 00 00 22 42 22 38 22 ce 23 32 23 aa 24 04 24 36 8c ff ]
02-19 18:15:08.306 D/TunerPresenter(15794): handleTunerRawData: b1 0 0 22 42 22 38 22 ce 23 32 23 aa 24 4 24 36 
02-19 18:15:08.306 D/K706RadioManager(14872): IMcuListener.onTransact: code=1 flags=16
02-19 18:15:08.308 D/K706RadioManager(14872): >>> IMcuListener.onMcuInfoChanged received! data=B1 00 00 22 42 22 38 22 CE 23 32 23 AA 24 04 24 36 
02-19 18:15:08.308 D/TunerManagerForExt(15794): FMRadio main (TunerManagerForExt.java:147) onTunerPresetListChanged:  - mBand: 0 - mPresetIndex: 0 - mFrequency: 8770 - index: 0 - preset: 8760 - index: 1 - preset: 8910 - index: 2 - preset: 9010 - index: 3 - preset: 9130 - index: 4 - preset: 9220 - index: 5 - preset: 9270
02-19 18:15:08.309 D/K706RadioManager(14872): MCU[0xB1] len=17 : B1 00 00 22 42 22 38 22 CE 23 32 23 AA 24 04 24 36 
02-19 18:15:08.309 D/K706RadioManager(14872): PresetList: band=0 presetIdx=0 currentFreq=8770 firstFreq=8770 (offset=3)
02-19 18:15:08.309 D/K706RadioManager(14872): >>> FREQ: 87750 -> 87700 (MCU=8770, 87,70 MHz)
02-19 18:15:08.352 E/mcu_services( 5512): MCU2APP : [ff fe fd 12 01 b1 00 00 22 3d 22 38 22 ce 23 32 23 aa 24 04 24 36 f3 ff ]
02-19 18:15:08.357 D/TunerPresenter(15794): handleTunerRawData: b1 0 0 22 3d 22 38 22 ce 23 32 23 aa 24 4 24 36 
02-19 18:15:08.358 D/K706RadioManager(14872): IMcuListener.onTransact: code=1 flags=16
02-19 18:15:08.359 D/K706RadioManager(14872): >>> IMcuListener.onMcuInfoChanged received! data=B1 00 00 22 3D 22 38 22 CE 23 32 23 AA 24 04 24 36 
02-19 18:15:08.360 D/TunerManagerForExt(15794): FMRadio main (TunerManagerForExt.java:147) onTunerPresetListChanged:  - mBand: 0 - mPresetIndex: 0 - mFrequency: 8765 - index: 0 - preset: 8760 - index: 1 - preset: 8910 - index: 2 - preset: 9010 - index: 3 - preset: 9130 - index: 4 - preset: 9220 - index: 5 - preset: 9270
02-19 18:15:08.360 D/K706RadioManager(14872): MCU[0xB1] len=17 : B1 00 00 22 3D 22 38 22 CE 23 32 23 AA 24 04 24 36 
02-19 18:15:08.360 D/K706RadioManager(14872): PresetList: band=0 presetIdx=0 currentFreq=8765 firstFreq=8765 (offset=3)
02-19 18:15:08.360 D/K706RadioManager(14872): >>> FREQ: 87700 -> 87650 (MCU=8765, 87,65 MHz)
02-19 18:15:08.402 E/mcu_services( 5512): MCU2APP : [ff fe fd 12 01 b1 00 00 22 38 22 38 22 ce 23 32 23 aa 24 04 24 36 f6 ff ]
02-19 18:15:08.406 D/TunerPresenter(15794): handleTunerRawData: b1 0 0 22 38 22 38 22 ce 23 32 23 aa 24 4 24 36 
02-19 18:15:08.406 D/K706RadioManager(14872): IMcuListener.onTransact: code=1 flags=16
02-19 18:15:08.408 D/K706RadioManager(14872): >>> IMcuListener.onMcuInfoChanged received! data=B1 00 00 22 38 22 38 22 CE 23 32 23 AA 24 04 24 36 
02-19 18:15:08.409 D/K706RadioManager(14872): MCU[0xB1] len=17 : B1 00 00 22 38 22 38 22 CE 23 32 23 AA 24 04 24 36 
02-19 18:15:08.409 D/K706RadioManager(14872): PresetList: band=0 presetIdx=0 currentFreq=8760 firstFreq=8760 (offset=3)
02-19 18:15:08.409 D/K706RadioManager(14872): >>> FREQ: 87650 -> 87600 (MCU=8760, 87,60 MHz)
02-19 18:15:08.410 D/TunerManagerForExt(15794): FMRadio main (TunerManagerForExt.java:147) onTunerPresetListChanged:  - mBand: 0 - mPresetIndex: 0 - mFrequency: 8760 - index: 0 - preset: 8760 - index: 1 - preset: 8910 - index: 2 - preset: 9010 - index: 3 - preset: 9130 - index: 4 - preset: 9220 - index: 5 - preset: 9270
02-19 18:15:08.446 E/mcu_services( 5512): MCU2APP : [ff fe fd 12 01 b1 00 01 22 38 22 38 22 ce 23 32 23 aa 24 04 24 36 f7 ff ]
02-19 18:15:08.450 D/TunerPresenter(15794): handleTunerRawData: b1 0 1 22 38 22 38 22 ce 23 32 23 aa 24 4 24 36 
02-19 18:15:08.450 D/K706RadioManager(14872): IMcuListener.onTransact: code=1 flags=16
02-19 18:15:08.452 D/K706RadioManager(14872): >>> IMcuListener.onMcuInfoChanged received! data=B1 00 01 22 38 22 38 22 CE 23 32 23 AA 24 04 24 36 
02-19 18:15:08.453 D/K706RadioManager(14872): MCU[0xB1] len=17 : B1 00 01 22 38 22 38 22 CE 23 32 23 AA 24 04 24 36 
02-19 18:15:08.453 D/K706RadioManager(14872): PresetList: band=0 presetIdx=1 currentFreq=8760 firstFreq=8760 (offset=5)
02-19 18:15:08.454 D/TunerManagerForExt(15794): FMRadio main (TunerManagerForExt.java:147) onTunerPresetListChanged:  - mBand: 0 - mPresetIndex: 1 - mFrequency: 8760 - index: 0 - preset: 8760 - index: 1 - preset: 8910 - index: 2 - preset: 9010 - index: 3 - preset: 9130 - index: 4 - preset: 9220 - index: 5 - preset: 9270
02-19 18:15:08.517 E/mcu_services( 5512): MCU2APP : [ff fe fd 12 01 b1 00 01 22 38 22 38 22 ce 23 32 23 aa 24 04 24 36 f7 ff ]
02-19 18:15:08.517 E/mcu_services( 5512): MCU2APP : [ff fe fd 03 01 b4 00 b5 ff ]
02-19 18:15:08.518 E/mcu_services( 5512): sendAckSuccess : [ff fd fe 02 02 b4 b6 ff ]
02-19 18:15:08.518 E/mcu_services( 5512): APP2MCU - writeToUart: [ff fd fe 02 02 b4 b6 ff ]
02-19 18:15:08.522 D/TunerPresenter(15794): handleTunerRawData: b1 0 1 22 38 22 38 22 ce 23 32 23 aa 24 4 24 36 
02-19 18:15:08.522 D/K706RadioManager(14872): IMcuListener.onTransact: code=1 flags=16
02-19 18:15:08.522 D/TunerManagerForExt(15794): FMRadio main (TunerManagerForExt.java:147) onTunerPresetListChanged:  - mBand: 0 - mPresetIndex: 1 - mFrequency: 8760 - index: 0 - preset: 8760 - index: 1 - preset: 8910 - index: 2 - preset: 9010 - index: 3 - preset: 9130 - index: 4 - preset: 9220 - index: 5 - preset: 9270
02-19 18:15:08.523 D/K706RadioManager(14872): >>> IMcuListener.onMcuInfoChanged received! data=B1 00 01 22 38 22 38 22 CE 23 32 23 AA 24 04 24 36 
02-19 18:15:08.524 D/K706RadioManager(14872): MCU[0xB1] len=17 : B1 00 01 22 38 22 38 22 CE 23 32 23 AA 24 04 24 36 
02-19 18:15:08.524 D/K706RadioManager(14872): PresetList: band=0 presetIdx=1 currentFreq=8760 firstFreq=8760 (offset=5)
02-19 18:15:08.526 D/K706RadioManager(14872): IMcuListener.onTransact: code=1 flags=16
02-19 18:15:08.526 D/K706RadioManager(14872): >>> IMcuListener.onMcuInfoChanged received! data=B4 00 
02-19 18:15:08.526 D/K706RadioManager(14872): MCU[0xB4] len=2 : B4 00 
02-19 18:15:08.527 D/K706RadioManager(14872): Unknown MCU packet type: 0xB4
02-19 18:15:08.532 D/TunerPresenter(15794): handleTunerRawData: b4 0 
02-19 18:15:08.533 D/TunerManagerForExt(15794): FMRadio main (TunerManagerForExt.java:195) onTuneRdsIndicateInfo: onTuneRdsIndicateInfo - flag: 0 - mRdsSwitch: 0
02-19 18:15:08.561 E/mcu_services( 5512): MCU2APP : [ff fe fd 12 01 b1 00 01 22 38 22 38 22 ce 23 32 23 aa 24 04 24 36 f7 ff ]
02-19 18:15:08.561 E/mcu_services( 5512): MCU2APP : [ff fe fd 03 01 b0 70 c1 ff ]
02-19 18:15:08.566 D/TunerPresenter(15794): handleTunerRawData: b1 0 1 22 38 22 38 22 ce 23 32 23 aa 24 4 24 36 
02-19 18:15:08.566 D/K706RadioManager(14872): IMcuListener.onTransact: code=1 flags=16
02-19 18:15:08.567 D/TunerManagerForExt(15794): FMRadio main (TunerManagerForExt.java:147) onTunerPresetListChanged:  - mBand: 0 - mPresetIndex: 1 - mFrequency: 8760 - index: 0 - preset: 8760 - index: 1 - preset: 8910 - index: 2 - preset: 9010 - index: 3 - preset: 9130 - index: 4 - preset: 9220 - index: 5 - preset: 9270
02-19 18:15:08.567 D/K706RadioManager(14872): >>> IMcuListener.onMcuInfoChanged received! data=B1 00 01 22 38 22 38 22 CE 23 32 23 AA 24 04 24 36 
02-19 18:15:08.568 D/K706RadioManager(14872): MCU[0xB1] len=17 : B1 00 01 22 38 22 38 22 CE 23 32 23 AA 24 04 24 36 
02-19 18:15:08.568 D/K706RadioManager(14872): PresetList: band=0 presetIdx=1 currentFreq=8760 firstFreq=8760 (offset=5)
02-19 18:15:08.570 D/K706RadioManager(14872): IMcuListener.onTransact: code=1 flags=16
02-19 18:15:08.571 D/K706RadioManager(14872): >>> IMcuListener.onMcuInfoChanged received! data=B0 70 
02-19 18:15:08.571 D/K706RadioManager(14872): MCU[0xB0] len=2 : B0 70 
02-19 18:15:08.571 D/K706RadioManager(14872): TunerInfo: flags=0x70 save=false AS=false finish=true valid=true ST=true LOC=false seek=false scan=false
02-19 18:15:08.578 D/TunerPresenter(15794): handleTunerRawData: b0 70 
02-19 18:15:08.578 D/TunerManagerForExt(15794): FMRadio main (TunerManagerForExt.java:108) onTunerInfoChanged: onTunerInfoChanged - flag: 112 - asFlag: 0 - psFlag: 0 - scanFlag: 0 - seekFlag: 0 - mStFlag: 1 - mLocFlag: 1 - mIsSearching: true - mTempSearching: false
02-19 18:15:08.578 D/TunerManagerForExt(15794): FMRadio main (TunerManagerForExt.java:118) onTunerInfoChanged: mIsSearching: false - mTempSearching: false - asFlag: 0 - seekFlag: 0
02-19 18:15:08.641 E/mcu_services( 5512): MCU2APP : [ff fe fd 03 01 b4 05 b0 ff ]
02-19 18:15:08.641 E/mcu_services( 5512): MCU2APP : [ff fe fd 04 01 b5 00 0b bf ff ]
02-19 18:15:08.642 E/mcu_services( 5512): sendAckSuccess : [ff fd fe 02 02 b4 b6 ff ]
02-19 18:15:08.642 E/mcu_services( 5512): APP2MCU - writeToUart: [ff fd fe 02 02 b4 b6 ff ]
02-19 18:15:08.642 E/mcu_services( 5512): sendAckSuccess : [ff fd fe 02 02 b5 b7 ff ]
02-19 18:15:08.642 E/mcu_services( 5512): APP2MCU - writeToUart: [ff fd fe 02 02 b5 b7 ff ]
02-19 18:15:08.645 D/TunerPresenter(15794): handleTunerRawData: b4 5 
02-19 18:15:08.645 D/K706RadioManager(14872): IMcuListener.onTransact: code=1 flags=16
02-19 18:15:08.645 D/TunerManagerForExt(15794): FMRadio main (TunerManagerForExt.java:195) onTuneRdsIndicateInfo: onTuneRdsIndicateInfo - flag: 5 - mRdsSwitch: 1
02-19 18:15:08.646 D/K706RadioManager(14872): >>> IMcuListener.onMcuInfoChanged received! data=B4 05 
02-19 18:15:08.646 D/K706RadioManager(14872): MCU[0xB4] len=2 : B4 05 
02-19 18:15:08.646 D/K706RadioManager(14872): Unknown MCU packet type: 0xB4
02-19 18:15:08.648 D/TunerPresenter(15794): handleTunerRawData: b5 0 b 
02-19 18:15:08.648 D/K706RadioManager(14872): IMcuListener.onTransact: code=1 flags=16
02-19 18:15:08.648 D/TunerManagerForExt(15794): FMRadio main (TunerManagerForExt.java:220) onTuneRdsPtyTypeInfo: onTuneRdsPtyTypeInfo - mRdsPtyType: 0
02-19 18:15:08.649 D/K706RadioManager(14872): >>> IMcuListener.onMcuInfoChanged received! data=B5 00 0B 
02-19 18:15:08.649 D/K706RadioManager(14872): MCU[0xB5] len=3 : B5 00 0B 
02-19 18:15:08.649 D/K706RadioManager(14872): Unknown MCU packet type: 0xB5
02-19 18:15:09.752 E/mcu_services( 5512): MCU2APP : [ff fe fd 03 01 29 6d 45 ff ]
02-19 18:15:09.756 D/K706RadioManager(14872): IMcuListener.onTransact: code=1 flags=16
02-19 18:15:09.757 D/K706RadioManager(14872): >>> IMcuListener.onMcuInfoChanged received! data=29 6D 
02-19 18:15:09.757 D/K706RadioManager(14872): MCU[0x29] len=2 : 29 6D 
02-19 18:15:09.757 D/K706RadioManager(14872): Unknown MCU packet type: 0x29
02-19 18:15:10.432 E/mcu_services( 5512): MCU2APP : [ff fe fd 0a 01 b6 20 52 4f 43 4b 20 46 4d a9 ff ]
02-19 18:15:10.432 E/mcu_services( 5512): sendAckSuccess : [ff fd fe 02 02 b6 b4 ff ]
02-19 18:15:10.432 E/mcu_services( 5512): APP2MCU - writeToUart: [ff fd fe 02 02 b6 b4 ff ]
02-19 18:15:10.436 D/TunerPresenter(15794): handleTunerRawData: b6 20 52 4f 43 4b 20 46 4d 
02-19 18:15:10.436 D/K706RadioManager(14872): IMcuListener.onTransact: code=1 flags=16
02-19 18:15:10.436 D/TunerManagerForExt(15794): FMRadio main (TunerManagerForExt.java:234) onTuneRdsPSInfo: onTuneRdsPSInfo - len: 9 - data: b6 20 52 4f 43 4b 20 46 4d 
02-19 18:15:10.437 D/TunerManagerForExt(15794): FMRadio main (TunerManagerForExt.java:258) onTuneRdsPSInfo: onTuneRdsPSInfo - mRdsPsInfo:  ROCK FM
02-19 18:15:10.437 D/K706RadioManager(14872): >>> IMcuListener.onMcuInfoChanged received! data=B6 20 52 4F 43 4B 20 46 4D 
02-19 18:15:10.438 D/K706RadioManager(14872): MCU[0xB6] len=9 : B6 20 52 4F 43 4B 20 46 4D 
02-19 18:15:10.438 D/K706RadioManager(14872): RDS PS: 'ROCK FM'
02-19 18:15:11.741 E/mcu_services( 5512): MCU2APP : [ff fe fd 03 01 29 6d 45 ff ]
02-19 18:15:11.746 D/K706RadioManager(14872): IMcuListener.onTransact: code=1 flags=16
02-19 18:15:11.746 D/K706RadioManager(14872): >>> IMcuListener.onMcuInfoChanged received! data=29 6D 
02-19 18:15:11.746 D/K706RadioManager(14872): MCU[0x29] len=2 : 29 6D 
02-19 18:15:11.747 D/K706RadioManager(14872): Unknown MCU packet type: 0x29
02-19 18:15:13.730 E/mcu_services( 5512): MCU2APP : [ff fe fd 03 01 29 6d 45 ff ]
02-19 18:15:13.734 D/K706RadioManager(14872): IMcuListener.onTransact: code=1 flags=16
02-19 18:15:13.735 D/K706RadioManager(14872): >>> IMcuListener.onMcuInfoChanged received! data=29 6D 
02-19 18:15:13.735 D/K706RadioManager(14872): MCU[0x29] len=2 : 29 6D 
02-19 18:15:13.735 D/K706RadioManager(14872): Unknown MCU packet type: 0x29
02-19 18:15:15.719 E/mcu_services( 5512): MCU2APP : [ff fe fd 03 01 29 6d 45 ff ]
02-19 18:15:15.723 D/K706RadioManager(14872): IMcuListener.onTransact: code=1 flags=16
02-19 18:15:15.724 D/K706RadioManager(14872): >>> IMcuListener.onMcuInfoChanged received! data=29 6D 
02-19 18:15:15.724 D/K706RadioManager(14872): MCU[0x29] len=2 : 29 6D 
02-19 18:15:15.724 D/K706RadioManager(14872): Unknown MCU packet type: 0x29
02-19 18:15:17.708 E/mcu_services( 5512): MCU2APP : [ff fe fd 03 01 29 6d 45 ff ]
02-19 18:15:17.716 D/K706RadioManager(14872): IMcuListener.onTransact: code=1 flags=16
02-19 18:15:17.717 D/K706RadioManager(14872): >>> IMcuListener.onMcuInfoChanged received! data=29 6D 
02-19 18:15:17.717 D/K706RadioManager(14872): MCU[0x29] len=2 : 29 6D 
02-19 18:15:17.717 D/K706RadioManager(14872): Unknown MCU packet type: 0x29
02-19 18:15:19.696 E/mcu_services( 5512): MCU2APP : [ff fe fd 03 01 29 6d 45 ff ]
02-19 18:15:19.700 D/K706RadioManager(14872): IMcuListener.onTransact: code=1 flags=16
02-19 18:15:19.701 D/K706RadioManager(14872): >>> IMcuListener.onMcuInfoChanged received! data=29 6D 
02-19 18:15:19.702 D/K706RadioManager(14872): MCU[0x29] len=2 : 29 6D 
02-19 18:15:19.702 D/K706RadioManager(14872): Unknown MCU packet type: 0x29
02-19 18:15:21.685 E/mcu_services( 5512): MCU2APP : [ff fe fd 03 01 29 6d 45 ff ]
02-19 18:15:21.689 D/K706RadioManager(14872): IMcuListener.onTransact: code=1 flags=16
02-19 18:15:21.689 D/K706RadioManager(14872): >>> IMcuListener.onMcuInfoChanged received! data=29 6D 
02-19 18:15:21.690 D/K706RadioManager(14872): MCU[0x29] len=2 : 29 6D 
02-19 18:15:21.690 D/K706RadioManager(14872): Unknown MCU packet type: 0x29
02-19 18:15:22.588 D/K706RadioManager(14872): Callback desregistrado
02-19 18:15:22.815 D/K706RadioManager(14872): Got IMcuManager instance: android.qf.mcu.IMcuManager$Stub$Proxy@6a9bf09
02-19 18:15:22.815 D/K706RadioManager(14872): Permissions requested successfully (Transact 1001)
02-19 18:15:22.815 D/K706RadioManager(14872): IMcuListener.Stub class found: android.qf.mcu.IMcuListener$Stub
02-19 18:15:22.815 D/K706RadioManager(14872):   Stub method: asInterface modifiers=9
02-19 18:15:22.815 D/K706RadioManager(14872):   Stub method: getDefaultImpl modifiers=9
02-19 18:15:22.816 D/K706RadioManager(14872):   Stub method: setDefaultImpl modifiers=9
02-19 18:15:22.816 D/K706RadioManager(14872):   Stub method: asBinder modifiers=1
02-19 18:15:22.816 D/K706RadioManager(14872):   Stub method: onTransact modifiers=1
02-19 18:15:22.816 D/K706RadioManager(14872): IMcuListener proxy created via Stub.asInterface: android.qf.mcu.IMcuListener$Stub$Proxy
02-19 18:15:22.816 E/mcu_services( 5512): RPC_RequestMcuInfoChangedListener - packageName: com.example.openradiofm
02-19 18:15:22.816 E/mcu_services( 5512): getReceiver - start - mReceivers.size: 5
02-19 18:15:22.816 E/mcu_services( 5512): create Receiver obj - mUid: 10131 - mPid: 14872 - mPackageName: com.example.openradiofm - mListener: android.qf.mcu.IMcuListener$Stub$Proxy@1c2a914 - mKey: android.os.BinderProxy@6edb767
02-19 18:15:22.817 E/mcu_services( 5512): Receiver - create obj: com.qf.framework.mcu.McuManagerService$Receiver@6edb767
02-19 18:15:22.817 E/mcu_services( 5512): getReceiver - end - mReceivers.size: 6
02-19 18:15:22.817 D/K706RadioManager(14872): ✓ Registered IMcuListener (AIDL Binder) successfully!
02-19 18:15:22.817 D/K706RadioManager(14872): RPC_SendMcuMsgData: OK
02-19 18:15:22.817 D/K706RadioManager(14872): RPC_SetVolumeMute(boolean): OK
02-19 18:15:22.817 D/K706RadioManager(14872): RPC_GetChannel: OK
02-19 18:15:22.817 D/K706RadioManager(14872): RPC_SetChannel(byte): OK
02-19 18:15:22.817 D/K706RadioManager(14872): === Métodos disponibles en IMcuManager ===
02-19 18:15:22.818 D/K706RadioManager(14872):   RPC_GetAmpSwitch() -> boolean
02-19 18:15:22.818 D/K706RadioManager(14872):   RPC_GetChannel() -> byte
02-19 18:15:22.818 D/K706RadioManager(14872):   RPC_GetEQData() -> byte[]
02-19 18:15:22.818 D/K706RadioManager(14872):   RPC_GetGisVoiceState() -> byte
02-19 18:15:22.818 D/K706RadioManager(14872):   RPC_GetMcuVer() -> byte[]
02-19 18:15:22.818 D/K706RadioManager(14872):   RPC_GetVolume() -> byte
02-19 18:15:22.818 D/K706RadioManager(14872):   RPC_GetVolumeMute() -> boolean
02-19 18:15:22.819 D/K706RadioManager(14872):   RPC_KeyCommand(byte, byte[]) -> void
02-19 18:15:22.819 D/K706RadioManager(14872):   RPC_McuCallbackFinished(IMcuListener) -> void
02-19 18:15:22.819 D/K706RadioManager(14872):   RPC_RemoveMcuInfoChangedListener(IMcuListener, String) -> void
02-19 18:15:22.819 D/K706RadioManager(14872):   RPC_RequestMcuInfoChangedListener(IMcuListener, String) -> void
02-19 18:15:22.819 D/K706RadioManager(14872):   RPC_SendAndroidStatus(int) -> void
02-19 18:15:22.819 D/K706RadioManager(14872):   RPC_SendCANInfo(byte[], int) -> void
02-19 18:15:22.819 D/K706RadioManager(14872):   RPC_SendHeadLightState(boolean) -> void
02-19 18:15:22.819 D/K706RadioManager(14872):   RPC_SendMCUData(byte[], int) -> void
02-19 18:15:22.819 D/K706RadioManager(14872):   RPC_SendMcuCmdData(byte, byte[], int) -> void
02-19 18:15:22.819 D/K706RadioManager(14872):   RPC_SendMcuMsgData(byte, byte[], int) -> void
02-19 18:15:22.819 D/K706RadioManager(14872):   RPC_SendSetQicaideng(byte[], int) -> void
02-19 18:15:22.819 D/K706RadioManager(14872):   RPC_SetAmpSwitch(boolean) -> void
02-19 18:15:22.819 D/K706RadioManager(14872):   RPC_SetChannel(byte) -> void
02-19 18:15:22.819 D/K706RadioManager(14872):   RPC_SetChannelGain(byte) -> void
02-19 18:15:22.819 D/K706RadioManager(14872):   RPC_SetCodecStatus(boolean) -> void
02-19 18:15:22.819 D/K706RadioManager(14872):   RPC_SetEQData(byte[]) -> void
02-19 18:15:22.819 D/K706RadioManager(14872):   RPC_SetGisVoice(byte) -> void
02-19 18:15:22.819 D/K706RadioManager(14872):   RPC_SetVolume(byte) -> void
02-19 18:15:22.819 D/K706RadioManager(14872):   RPC_SetVolumeMute(boolean) -> void
02-19 18:15:22.820 D/K706RadioManager(14872):   RPC_SetVolumeMuteEx(boolean, byte) -> void
02-19 18:15:22.820 D/K706RadioManager(14872):   RPC_SetVolumeMuteNoBroadcast(boolean) -> void
02-19 18:15:22.820 D/K706RadioManager(14872):   RPC_UpdateMCU(byte) -> void
02-19 18:15:22.820 D/K706RadioManager(14872):   RPC_UsbUpgrade(byte) -> void
02-19 18:15:22.820 D/K706RadioManager(14872): === INICIO SECUENCIA AUDIO FM V7.2d ===
02-19 18:15:22.820 E/mcu_services( 5512): RPC_SetVolumeMute - isMute: true
02-19 18:15:22.820 E/mcu_services( 5512): requestMute - isMute: true - time: 0 fromWhatPid=14872
02-19 18:15:22.821 E/mcu_services( 5512): APP2MCU - writeToUartNormal : [ff fd fe 04 01 82 01 00 82 ff ]
02-19 18:15:22.822 D/K706RadioManager(14872): Mute set to: true
02-19 18:15:22.822 D/K706RadioManager(14872): [1/7] setMute(true) OK
02-19 18:15:22.823 D/K706RadioManager(14872): [2/7] Radio Area notification sent (0xA0 0x0A 0x01 0x00)
02-19 18:15:22.828 E/mcu_services( 5512): MCU2APP : [ff fe fd 03 02 82 01 81 ff ]
02-19 18:15:22.828 E/mcu_services( 5512): APP2MCU - writeToUart: [ff fd fe 04 01 0a 01 00 0a ff ]
02-19 18:15:22.829 E/mcu_services( 5512): ---发送队列剩余数据 --0 [ff fd fe 04 01 0a 01 00 0a ff ]
02-19 18:15:22.830 E/McuManager( 4140): call RPC_SetChannel(4) from 4140
02-19 18:15:22.830 E/mcu_services( 5512): RPC_SetChannel - mode: 4 fromWhatpid=4140
02-19 18:15:22.831 E/mcu_services( 5512): audio channel change to MPU, current_audio_source=com.example.openradiofm
02-19 18:15:22.831 E/mcu_services( 5512): setVolType - oldVolType: radio_type - newVolType: media_type - mode: 4 isCallStart=false
02-19 18:15:22.832 E/mcu_services( 5512): RPC_SetChannel - type: media_type - volume: 17
02-19 18:15:22.833 E/mcu_services( 5512): APP2MCU - writeToUartNormal : [ff fd fe 04 01 84 04 11 90 ff ]
02-19 18:15:22.839 D/K706RadioManager(14872): Audio Focus Granted
02-19 18:15:22.839 D/K706RadioManager(14872): [3/7] requestAudioFocus - PID 4140 debería responder con SetChannel(2)
02-19 18:15:22.845 E/mcu_services( 5512): APP2MCU - writeToUart: [ff fd fe 07 01 40 2e c4 01 86 b4 98 ff ]
02-19 18:15:22.876 E/mcu_services( 5512): APP2MCU - writeToUart: [ff fd fe 07 01 40 2e c4 01 8f ab 8e ff ]
02-19 18:15:22.898 E/mcu_services( 5512): MCU2APP : [ff fe fd 03 02 84 04 82 ff ]
02-19 18:15:22.898 E/mcu_services( 5512): ---发送队列剩余数据 --0 [ff fd fe 04 01 0a 01 00 0a ff ]
02-19 18:15:22.929 E/mcu_services( 5512): APP2MCU - writeToUart: [ff fd fe 04 01 0a 01 00 0a ff ]
02-19 18:15:22.940 D/K706RadioManager(14872): [5/7] Canal actual: 4
02-19 18:15:22.940 D/K706RadioManager(14872): [5/7] Canal NO es FM, forzando SetChannel(2)...
02-19 18:15:22.941 E/mcu_services( 5512): RPC_SetChannel - mode: 2 fromWhatpid=14872
02-19 18:15:22.941 E/mcu_services( 5512): audio channel change to MPU, current_audio_source=com.example.openradiofm
02-19 18:15:22.941 E/mcu_services( 5512): setVolType - oldVolType: media_type - newVolType: radio_type - mode: 2 isCallStart=false
02-19 18:15:22.943 E/mcu_services( 5512): RPC_SetChannel - type: radio_type - volume: 7
02-19 18:15:22.944 E/mcu_services( 5512): APP2MCU - writeToUartNormal : [ff fd fe 04 01 84 02 07 80 ff ]
02-19 18:15:22.946 D/K706RadioManager(14872): [5/7] RPC_SetChannel(2) forzado OK
02-19 18:15:22.949 D/K706RadioManager(14872): Set Audio Params: fm_radio_on=1;fm_mute=0
02-19 18:15:22.949 D/K706RadioManager(14872): [6/7] setAudioParams(on)
02-19 18:15:22.949 E/mcu_services( 5512): RPC_SetVolumeMute - isMute: false
02-19 18:15:22.949 E/mcu_services( 5512): requestMute - isMute: false - time: 0 fromWhatPid=14872
02-19 18:15:22.950 E/mcu_services( 5512): APP2MCU - writeToUartNormal : [ff fd fe 04 01 82 00 00 83 ff ]
02-19 18:15:22.951 D/K706RadioManager(14872): Mute set to: false
02-19 18:15:22.951 D/K706RadioManager(14872): [7/7] setMute(false) OK
02-19 18:15:22.951 D/K706RadioManager(14872): === FIN SECUENCIA AUDIO FM V7.2d ===
02-19 18:15:22.951 D/K706RadioManager(14872): K706RadioManager initialized and connected.
02-19 18:15:22.951 D/K706RadioManager(14872): Callback registrado
02-19 18:15:22.960 E/mcu_services( 5512): MCU2APP : [ff fe fd 12 01 b1 00 01 22 38 22 38 22 ce 23 32 23 aa 24 04 24 36 f7 ff ]
02-19 18:15:22.961 E/mcu_services( 5512): MCU2APP : [ff fe fd 03 01 b0 70 c1 ff ]
02-19 18:15:22.961 E/mcu_services( 5512): MCU2APP : [ff fe fd 03 01 b3 0c be ff ]
02-19 18:15:22.961 E/mcu_services( 5512): MCU2APP : [ff fe fd 03 02 84 02 84 ff ]
02-19 18:15:22.962 D/K706RadioManager(14872): Estado sincronizado manual: 87600 / B0
02-19 18:15:22.962 E/mcu_services( 5512): sendAckSuccess : [ff fd fe 02 02 b3 b1 ff ]
02-19 18:15:22.962 E/mcu_services( 5512): MCU2APP : [ff fe fd 03 02 82 00 80 ff ]
02-19 18:15:22.962 E/mcu_services( 5512): APP2MCU - writeToUart: [ff fd fe 02 02 b3 b1 ff ]
02-19 18:15:22.962 E/mcu_services( 5512): ---发送队列剩余数据 --0 [ff fd fe 04 01 0a 01 00 0a ff ]
02-19 18:15:22.962 E/mcu_services( 5512): ---发送队列剩余数据 --0 [ff fd fe 04 01 0a 01 00 0a ff ]
02-19 18:15:22.963 D/K706RadioManager(14872): IMcuListener.onTransact: code=1 flags=16
02-19 18:15:22.964 D/K706RadioManager(14872): >>> IMcuListener.onMcuInfoChanged received! data=B1 00 01 22 38 22 38 22 CE 23 32 23 AA 24 04 24 36 
02-19 18:15:22.965 D/K706RadioManager(14872): MCU[0xB1] len=17 : B1 00 01 22 38 22 38 22 CE 23 32 23 AA 24 04 24 36 
02-19 18:15:22.965 D/K706RadioManager(14872): PresetList: band=0 presetIdx=1 currentFreq=8760 firstFreq=8760 (offset=5)
02-19 18:15:22.967 D/TunerPresenter(15794): handleTunerRawData: b1 0 1 22 38 22 38 22 ce 23 32 23 aa 24 4 24 36 
02-19 18:15:22.967 D/K706RadioManager(14872): IMcuListener.onTransact: code=1 flags=16
02-19 18:15:22.968 E/mcu_services( 5512): APP2MCU - writeToUart: [ff fd fe 07 01 40 2e c4 01 86 b4 98 ff ]
02-19 18:15:22.968 D/TunerManagerForExt(15794): FMRadio main (TunerManagerForExt.java:147) onTunerPresetListChanged:  - mBand: 0 - mPresetIndex: 1 - mFrequency: 8760 - index: 0 - preset: 8760 - index: 1 - preset: 8910 - index: 2 - preset: 9010 - index: 3 - preset: 9130 - index: 4 - preset: 9220 - index: 5 - preset: 9270
02-19 18:15:22.970 D/K706RadioManager(14872): >>> IMcuListener.onMcuInfoChanged received! data=B1 00 01 22 38 22 38 22 CE 23 32 23 AA 24 04 24 36 
02-19 18:15:22.971 D/K706RadioManager(14872): MCU[0xB1] len=17 : B1 00 01 22 38 22 38 22 CE 23 32 23 AA 24 04 24 36 
02-19 18:15:22.971 D/K706RadioManager(14872): PresetList: band=0 presetIdx=1 currentFreq=8760 firstFreq=8760 (offset=5)
02-19 18:15:22.985 D/K706RadioManager(14872): IMcuListener.onTransact: code=1 flags=16
02-19 18:15:22.986 D/K706RadioManager(14872): >>> IMcuListener.onMcuInfoChanged received! data=B0 70 
02-19 18:15:22.986 D/K706RadioManager(14872): MCU[0xB0] len=2 : B0 70 
02-19 18:15:22.986 D/K706RadioManager(14872): TunerInfo: flags=0x70 save=false AS=false finish=true valid=true ST=true LOC=false seek=false scan=false
02-19 18:15:22.989 D/TunerPresenter(15794): handleTunerRawData: b0 70 
02-19 18:15:22.990 D/K706RadioManager(14872): IMcuListener.onTransact: code=1 flags=16
02-19 18:15:22.990 D/TunerManagerForExt(15794): FMRadio main (TunerManagerForExt.java:108) onTunerInfoChanged: onTunerInfoChanged - flag: 112 - asFlag: 0 - psFlag: 0 - scanFlag: 0 - seekFlag: 0 - mStFlag: 1 - mLocFlag: 1 - mIsSearching: false - mTempSearching: false
02-19 18:15:22.990 D/TunerManagerForExt(15794): FMRadio main (TunerManagerForExt.java:118) onTunerInfoChanged: mIsSearching: false - mTempSearching: false - asFlag: 0 - seekFlag: 0
02-19 18:15:22.990 D/K706RadioManager(14872): >>> IMcuListener.onMcuInfoChanged received! data=B0 70 
02-19 18:15:22.990 D/K706RadioManager(14872): MCU[0xB0] len=2 : B0 70 
02-19 18:15:22.991 D/K706RadioManager(14872): TunerInfo: flags=0x70 save=false AS=false finish=true valid=true ST=true LOC=false seek=false scan=false
02-19 18:15:22.993 D/K706RadioManager(14872): IMcuListener.onTransact: code=1 flags=16
02-19 18:15:22.993 D/K706RadioManager(14872): >>> IMcuListener.onMcuInfoChanged received! data=B3 0C 
02-19 18:15:22.993 D/K706RadioManager(14872): MCU[0xB3] len=2 : B3 0C 
02-19 18:15:22.994 D/K706RadioManager(14872): Unknown MCU packet type: 0xB3
02-19 18:15:22.995 D/TunerPresenter(15794): handleTunerRawData: b3 c 
02-19 18:15:22.995 D/K706RadioManager(14872): IMcuListener.onTransact: code=1 flags=16
02-19 18:15:22.996 D/K706RadioManager(14872): >>> IMcuListener.onMcuInfoChanged received! data=B3 0C 
02-19 18:15:22.996 D/K706RadioManager(14872): MCU[0xB3] len=2 : B3 0C 
02-19 18:15:22.996 D/K706RadioManager(14872): Unknown MCU packet type: 0xB3
02-19 18:15:22.999 E/mcu_services( 5512): APP2MCU - writeToUart: [ff fd fe 07 01 40 2e c4 01 06 34 98 ff ]
02-19 18:15:23.005 D/TunerManagerForExt(15794): FMRadio main (TunerManagerForExt.java:174) onTuneRdsInfo: onTuneRdsInfo - flag: 12 - mRdsAFSwitch: 0 - mRdsTASwitch: 0
02-19 18:15:23.029 E/mcu_services( 5512): APP2MCU - writeToUart: [ff fd fe 04 01 0a 01 00 0a ff ]
02-19 18:15:23.092 E/mcu_services( 5512): MCU2APP : [ff fe fd 12 01 b1 00 01 22 38 22 38 22 ce 23 32 23 aa 24 04 24 36 f7 ff ]
02-19 18:15:23.092 E/mcu_services( 5512): MCU2APP : [ff fe fd 03 01 b0 70 c1 ff ]
02-19 18:15:23.092 E/mcu_services( 5512): MCU2APP : [ff fe fd 03 01 b3 0c be ff ]
02-19 18:15:23.093 E/mcu_services( 5512): sendAckSuccess : [ff fd fe 02 02 b3 b1 ff ]
02-19 18:15:23.093 E/mcu_services( 5512): APP2MCU - writeToUart: [ff fd fe 02 02 b3 b1 ff ]
02-19 18:15:23.094 D/K706RadioManager(14872): IMcuListener.onTransact: code=1 flags=16
02-19 18:15:23.095 D/K706RadioManager(14872): >>> IMcuListener.onMcuInfoChanged received! data=B1 00 01 22 38 22 38 22 CE 23 32 23 AA 24 04 24 36 
02-19 18:15:23.096 D/K706RadioManager(14872): MCU[0xB1] len=17 : B1 00 01 22 38 22 38 22 CE 23 32 23 AA 24 04 24 36 
02-19 18:15:23.096 D/K706RadioManager(14872): PresetList: band=0 presetIdx=1 currentFreq=8760 firstFreq=8760 (offset=5)
02-19 18:15:23.098 D/TunerPresenter(15794): handleTunerRawData: b1 0 1 22 38 22 38 22 ce 23 32 23 aa 24 4 24 36 
02-19 18:15:23.098 D/TunerManagerForExt(15794): FMRadio main (TunerManagerForExt.java:147) onTunerPresetListChanged:  - mBand: 0 - mPresetIndex: 1 - mFrequency: 8760 - index: 0 - preset: 8760 - index: 1 - preset: 8910 - index: 2 - preset: 9010 - index: 3 - preset: 9130 - index: 4 - preset: 9220 - index: 5 - preset: 9270
02-19 18:15:23.099 D/K706RadioManager(14872): IMcuListener.onTransact: code=1 flags=16
02-19 18:15:23.100 D/K706RadioManager(14872): >>> IMcuListener.onMcuInfoChanged received! data=B1 00 01 22 38 22 38 22 CE 23 32 23 AA 24 04 24 36 
02-19 18:15:23.101 D/K706RadioManager(14872): MCU[0xB1] len=17 : B1 00 01 22 38 22 38 22 CE 23 32 23 AA 24 04 24 36 
02-19 18:15:23.101 D/K706RadioManager(14872): PresetList: band=0 presetIdx=1 currentFreq=8760 firstFreq=8760 (offset=5)
02-19 18:15:23.103 D/K706RadioManager(14872): IMcuListener.onTransact: code=1 flags=16
02-19 18:15:23.103 D/K706RadioManager(14872): >>> IMcuListener.onMcuInfoChanged received! data=B0 70 
02-19 18:15:23.103 D/K706RadioManager(14872): MCU[0xB0] len=2 : B0 70 
02-19 18:15:23.104 D/K706RadioManager(14872): TunerInfo: flags=0x70 save=false AS=false finish=true valid=true ST=true LOC=false seek=false scan=false
02-19 18:15:23.106 D/K706RadioManager(14872): IMcuListener.onTransact: code=1 flags=16
02-19 18:15:23.106 D/K706RadioManager(14872): >>> IMcuListener.onMcuInfoChanged received! data=B0 70 
02-19 18:15:23.107 D/K706RadioManager(14872): MCU[0xB0] len=2 : B0 70 
02-19 18:15:23.107 D/K706RadioManager(14872): TunerInfo: flags=0x70 save=false AS=false finish=true valid=true ST=true LOC=false seek=false scan=false
02-19 18:15:23.110 D/K706RadioManager(14872): IMcuListener.onTransact: code=1 flags=16
02-19 18:15:23.111 D/K706RadioManager(14872): >>> IMcuListener.onMcuInfoChanged received! data=B3 0C 
02-19 18:15:23.111 D/K706RadioManager(14872): MCU[0xB3] len=2 : B3 0C 
02-19 18:15:23.111 D/K706RadioManager(14872): Unknown MCU packet type: 0xB3
02-19 18:15:23.112 D/TunerPresenter(15794): handleTunerRawData: b0 70 
02-19 18:15:23.113 D/TunerManagerForExt(15794): FMRadio main (TunerManagerForExt.java:108) onTunerInfoChanged: onTunerInfoChanged - flag: 112 - asFlag: 0 - psFlag: 0 - scanFlag: 0 - seekFlag: 0 - mStFlag: 1 - mLocFlag: 1 - mIsSearching: false - mTempSearching: false
02-19 18:15:23.113 D/TunerManagerForExt(15794): FMRadio main (TunerManagerForExt.java:118) onTunerInfoChanged: mIsSearching: false - mTempSearching: false - asFlag: 0 - seekFlag: 0
02-19 18:15:23.113 D/TunerPresenter(15794): handleTunerRawData: b3 c 
02-19 18:15:23.113 D/K706RadioManager(14872): IMcuListener.onTransact: code=1 flags=16
02-19 18:15:23.118 D/K706RadioManager(14872): >>> IMcuListener.onMcuInfoChanged received! data=B3 0C 
02-19 18:15:23.118 D/TunerManagerForExt(15794): FMRadio main (TunerManagerForExt.java:174) onTuneRdsInfo: onTuneRdsInfo - flag: 12 - mRdsAFSwitch: 0 - mRdsTASwitch: 0
02-19 18:15:23.118 D/K706RadioManager(14872): MCU[0xB3] len=2 : B3 0C 
02-19 18:15:23.118 D/K706RadioManager(14872): Unknown MCU packet type: 0xB3
02-19 18:15:23.130 E/mcu_services( 5512): APP2MCU - writeToUart: [ff fd fe 04 01 0a 01 00 0a ff ]
02-19 18:15:23.168 D/K706RadioManager(14872): onAudioFocusChange: -1
02-19 18:15:23.219 E/mcu_services( 5512): MCU2APP : [ff fe fd 12 01 b1 00 01 22 38 22 38 22 ce 23 32 23 aa 24 04 24 36 f7 ff ]
02-19 18:15:23.219 E/mcu_services( 5512): MCU2APP : [ff fe fd 03 01 b0 70 c1 ff ]
02-19 18:15:23.221 D/K706RadioManager(14872): IMcuListener.onTransact: code=1 flags=16
02-19 18:15:23.222 D/K706RadioManager(14872): >>> IMcuListener.onMcuInfoChanged received! data=B1 00 01 22 38 22 38 22 CE 23 32 23 AA 24 04 24 36 
02-19 18:15:23.223 D/K706RadioManager(14872): MCU[0xB1] len=17 : B1 00 01 22 38 22 38 22 CE 23 32 23 AA 24 04 24 36 
02-19 18:15:23.223 D/K706RadioManager(14872): PresetList: band=0 presetIdx=1 currentFreq=8760 firstFreq=8760 (offset=5)
02-19 18:15:23.225 D/TunerPresenter(15794): handleTunerRawData: b1 0 1 22 38 22 38 22 ce 23 32 23 aa 24 4 24 36 
02-19 18:15:23.225 D/K706RadioManager(14872): IMcuListener.onTransact: code=1 flags=16
02-19 18:15:23.225 D/TunerManagerForExt(15794): FMRadio main (TunerManagerForExt.java:147) onTunerPresetListChanged:  - mBand: 0 - mPresetIndex: 1 - mFrequency: 8760 - index: 0 - preset: 8760 - index: 1 - preset: 8910 - index: 2 - preset: 9010 - index: 3 - preset: 9130 - index: 4 - preset: 9220 - index: 5 - preset: 9270
02-19 18:15:23.226 D/K706RadioManager(14872): >>> IMcuListener.onMcuInfoChanged received! data=B1 00 01 22 38 22 38 22 CE 23 32 23 AA 24 04 24 36 
02-19 18:15:23.227 D/K706RadioManager(14872): MCU[0xB1] len=17 : B1 00 01 22 38 22 38 22 CE 23 32 23 AA 24 04 24 36 
02-19 18:15:23.227 D/K706RadioManager(14872): PresetList: band=0 presetIdx=1 currentFreq=8760 firstFreq=8760 (offset=5)
02-19 18:15:23.228 D/K706RadioManager(14872): IMcuListener.onTransact: code=1 flags=16
02-19 18:15:23.229 D/K706RadioManager(14872): >>> IMcuListener.onMcuInfoChanged received! data=B0 70 
02-19 18:15:23.229 D/K706RadioManager(14872): MCU[0xB0] len=2 : B0 70 
02-19 18:15:23.230 D/K706RadioManager(14872): TunerInfo: flags=0x70 save=false AS=false finish=true valid=true ST=true LOC=false seek=false scan=false
02-19 18:15:23.231 E/mcu_services( 5512): may be clear send failed data: [ff fd fe 04 01 0a 01 00 0a ff ]
02-19 18:15:23.231 D/K706RadioManager(14872): IMcuListener.onTransact: code=1 flags=16
02-19 18:15:23.232 D/K706RadioManager(14872): >>> IMcuListener.onMcuInfoChanged received! data=B0 70 
02-19 18:15:23.232 D/K706RadioManager(14872): MCU[0xB0] len=2 : B0 70 
02-19 18:15:23.232 D/K706RadioManager(14872): TunerInfo: flags=0x70 save=false AS=false finish=true valid=true ST=true LOC=false seek=false scan=false
02-19 18:15:23.240 D/TunerPresenter(15794): handleTunerRawData: b0 70 
02-19 18:15:23.240 D/TunerManagerForExt(15794): FMRadio main (TunerManagerForExt.java:108) onTunerInfoChanged: onTunerInfoChanged - flag: 112 - asFlag: 0 - psFlag: 0 - scanFlag: 0 - seekFlag: 0 - mStFlag: 1 - mLocFlag: 1 - mIsSearching: false - mTempSearching: false
02-19 18:15:23.240 D/TunerManagerForExt(15794): FMRadio main (TunerManagerForExt.java:118) onTunerInfoChanged: mIsSearching: false - mTempSearching: false - asFlag: 0 - seekFlag: 0
02-19 18:15:23.913 E/mcu_services( 5512): MCU2APP : [ff fe fd 03 01 29 6d 45 ff ]
02-19 18:15:23.915 D/K706RadioManager(14872): IMcuListener.onTransact: code=1 flags=16
02-19 18:15:23.916 D/K706RadioManager(14872): >>> IMcuListener.onMcuInfoChanged received! data=29 6D 
02-19 18:15:23.916 D/K706RadioManager(14872): MCU[0x29] len=2 : 29 6D 
02-19 18:15:23.916 D/K706RadioManager(14872): Unknown MCU packet type: 0x29
02-19 18:15:23.918 D/K706RadioManager(14872): IMcuListener.onTransact: code=1 flags=16
02-19 18:15:23.919 D/K706RadioManager(14872): >>> IMcuListener.onMcuInfoChanged received! data=29 6D 
02-19 18:15:23.919 D/K706RadioManager(14872): MCU[0x29] len=2 : 29 6D 
02-19 18:15:23.919 D/K706RadioManager(14872): Unknown MCU packet type: 0x29
02-19 18:15:25.198 E/mcu_services( 5512): MCU2APP : [ff fe fd 03 01 b4 05 b0 ff ]
02-19 18:15:25.198 E/mcu_services( 5512): MCU2APP : [ff fe fd 04 01 b5 00 0b bf ff ]
02-19 18:15:25.199 E/mcu_services( 5512): sendAckSuccess : [ff fd fe 02 02 b4 b6 ff ]
02-19 18:15:25.199 E/mcu_services( 5512): APP2MCU - writeToUart: [ff fd fe 02 02 b4 b6 ff ]
02-19 18:15:25.199 E/mcu_services( 5512): sendAckSuccess : [ff fd fe 02 02 b5 b7 ff ]
02-19 18:15:25.199 E/mcu_services( 5512): APP2MCU - writeToUart: [ff fd fe 02 02 b5 b7 ff ]
02-19 18:15:25.201 D/K706RadioManager(14872): IMcuListener.onTransact: code=1 flags=16
02-19 18:15:25.202 D/K706RadioManager(14872): >>> IMcuListener.onMcuInfoChanged received! data=B4 05 
02-19 18:15:25.202 D/K706RadioManager(14872): MCU[0xB4] len=2 : B4 05 
02-19 18:15:25.203 D/K706RadioManager(14872): Unknown MCU packet type: 0xB4
02-19 18:15:25.205 D/TunerPresenter(15794): handleTunerRawData: b4 5 
02-19 18:15:25.205 D/K706RadioManager(14872): IMcuListener.onTransact: code=1 flags=16
02-19 18:15:25.205 D/TunerManagerForExt(15794): FMRadio main (TunerManagerForExt.java:195) onTuneRdsIndicateInfo: onTuneRdsIndicateInfo - flag: 5 - mRdsSwitch: 1
02-19 18:15:25.206 D/K706RadioManager(14872): >>> IMcuListener.onMcuInfoChanged received! data=B4 05 
02-19 18:15:25.206 D/K706RadioManager(14872): MCU[0xB4] len=2 : B4 05 
02-19 18:15:25.206 D/K706RadioManager(14872): Unknown MCU packet type: 0xB4
02-19 18:15:25.209 D/K706RadioManager(14872): IMcuListener.onTransact: code=1 flags=16
02-19 18:15:25.210 D/K706RadioManager(14872): >>> IMcuListener.onMcuInfoChanged received! data=B5 00 0B 
02-19 18:15:25.210 D/K706RadioManager(14872): MCU[0xB5] len=3 : B5 00 0B 
02-19 18:15:25.210 D/K706RadioManager(14872): Unknown MCU packet type: 0xB5
02-19 18:15:25.212 D/TunerPresenter(15794): handleTunerRawData: b5 0 b 
02-19 18:15:25.212 D/K706RadioManager(14872): IMcuListener.onTransact: code=1 flags=16
02-19 18:15:25.212 D/TunerManagerForExt(15794): FMRadio main (TunerManagerForExt.java:220) onTuneRdsPtyTypeInfo: onTuneRdsPtyTypeInfo - mRdsPtyType: 0
02-19 18:15:25.213 D/K706RadioManager(14872): >>> IMcuListener.onMcuInfoChanged received! data=B5 00 0B 
02-19 18:15:25.213 D/K706RadioManager(14872): MCU[0xB5] len=3 : B5 00 0B 
02-19 18:15:25.213 D/K706RadioManager(14872): Unknown MCU packet type: 0xB5
02-19 18:15:25.901 E/mcu_services( 5512): MCU2APP : [ff fe fd 03 01 29 6d 45 ff ]
02-19 18:15:25.905 D/K706RadioManager(14872): IMcuListener.onTransact: code=1 flags=16
02-19 18:15:25.905 D/K706RadioManager(14872): >>> IMcuListener.onMcuInfoChanged received! data=29 6D 
02-19 18:15:25.905 D/K706RadioManager(14872): MCU[0x29] len=2 : 29 6D 
02-19 18:15:25.905 D/K706RadioManager(14872): Unknown MCU packet type: 0x29
02-19 18:15:25.907 D/K706RadioManager(14872): IMcuListener.onTransact: code=1 flags=16
02-19 18:15:25.908 D/K706RadioManager(14872): >>> IMcuListener.onMcuInfoChanged received! data=29 6D 
02-19 18:15:25.908 D/K706RadioManager(14872): MCU[0x29] len=2 : 29 6D 
02-19 18:15:25.908 D/K706RadioManager(14872): Unknown MCU packet type: 0x29
02-19 18:15:27.890 E/mcu_services( 5512): MCU2APP : [ff fe fd 03 01 29 6d 45 ff ]
02-19 18:15:27.893 D/K706RadioManager(14872): IMcuListener.onTransact: code=1 flags=16
02-19 18:15:27.894 D/K706RadioManager(14872): >>> IMcuListener.onMcuInfoChanged received! data=29 6D 
02-19 18:15:27.894 D/K706RadioManager(14872): MCU[0x29] len=2 : 29 6D 
02-19 18:15:27.894 D/K706RadioManager(14872): Unknown MCU packet type: 0x29
02-19 18:15:27.895 D/K706RadioManager(14872): IMcuListener.onTransact: code=1 flags=16
02-19 18:15:27.896 D/K706RadioManager(14872): >>> IMcuListener.onMcuInfoChanged received! data=29 6D 
02-19 18:15:27.896 D/K706RadioManager(14872): MCU[0x29] len=2 : 29 6D 
02-19 18:15:27.896 D/K706RadioManager(14872): Unknown MCU packet type: 0x29
02-19 18:15:27.906 E/mcu_services( 5512): APP2MCU - writeToUartNormal : [ff fd fe 05 01 a0 06 01 00 a6 ff ]
02-19 18:15:27.907 D/K706RadioManager(14872): CMD Enviado: sub=0x06 p1=0x01 p2=0x00
02-19 18:15:27.907 D/K706RadioManager(14872): Band -> 1
02-19 18:15:28.052 E/mcu_services( 5512): MCU2APP : [ff fe fd 03 01 b4 00 b5 ff ]
02-19 18:15:28.053 E/mcu_services( 5512): sendAckSuccess : [ff fd fe 02 02 b4 b6 ff ]
02-19 18:15:28.053 E/mcu_services( 5512): APP2MCU - writeToUart: [ff fd fe 02 02 b4 b6 ff ]
02-19 18:15:28.055 D/K706RadioManager(14872): IMcuListener.onTransact: code=1 flags=16
02-19 18:15:28.055 D/K706RadioManager(14872): >>> IMcuListener.onMcuInfoChanged received! data=B4 00 
02-19 18:15:28.056 D/K706RadioManager(14872): MCU[0xB4] len=2 : B4 00 
02-19 18:15:28.056 D/K706RadioManager(14872): Unknown MCU packet type: 0xB4
02-19 18:15:28.058 D/TunerPresenter(15794): handleTunerRawData: b4 0 
02-19 18:15:28.058 D/K706RadioManager(14872): IMcuListener.onTransact: code=1 flags=16
02-19 18:15:28.058 D/TunerManagerForExt(15794): FMRadio main (TunerManagerForExt.java:195) onTuneRdsIndicateInfo: onTuneRdsIndicateInfo - flag: 0 - mRdsSwitch: 0
02-19 18:15:28.058 D/K706RadioManager(14872): >>> IMcuListener.onMcuInfoChanged received! data=B4 00 
02-19 18:15:28.059 D/K706RadioManager(14872): MCU[0xB4] len=2 : B4 00 
02-19 18:15:28.059 D/K706RadioManager(14872): Unknown MCU packet type: 0xB4
02-19 18:15:28.111 E/mcu_services( 5512): MCU2APP : [ff fe fd 12 01 b1 01 00 22 2e 24 68 24 86 24 cc 25 12 00 00 00 00 8c ff ]
02-19 18:15:28.112 E/mcu_services( 5512): MCU2APP : [ff fe fd 03 01 b0 70 c1 ff ]
02-19 18:15:28.114 D/K706RadioManager(14872): IMcuListener.onTransact: code=1 flags=16
02-19 18:15:28.116 D/K706RadioManager(14872): >>> IMcuListener.onMcuInfoChanged received! data=B1 01 00 22 2E 24 68 24 86 24 CC 25 12 00 00 00 00 
02-19 18:15:28.118 D/K706RadioManager(14872): MCU[0xB1] len=17 : B1 01 00 22 2E 24 68 24 86 24 CC 25 12 00 00 00 00 
02-19 18:15:28.118 D/K706RadioManager(14872): PresetList: band=1 presetIdx=0 currentFreq=8750 firstFreq=8750 (offset=3)
02-19 18:15:28.119 D/K706RadioManager(14872): >>> FREQ: 87600 -> 87500 (MCU=8750, 87,50 MHz)
02-19 18:15:28.121 D/TunerPresenter(15794): handleTunerRawData: b1 1 0 22 2e 24 68 24 86 24 cc 25 12 0 0 0 0 
02-19 18:15:28.122 D/K706RadioManager(14872): IMcuListener.onTransact: code=1 flags=16
02-19 18:15:28.123 D/K706RadioManager(14872): >>> IMcuListener.onMcuInfoChanged received! data=B1 01 00 22 2E 24 68 24 86 24 CC 25 12 00 00 00 00 
02-19 18:15:28.124 D/K706RadioManager(14872): MCU[0xB1] len=17 : B1 01 00 22 2E 24 68 24 86 24 CC 25 12 00 00 00 00 
02-19 18:15:28.124 D/K706RadioManager(14872): PresetList: band=1 presetIdx=0 currentFreq=8750 firstFreq=8750 (offset=3)
02-19 18:15:28.124 D/K706RadioManager(14872): >>> FREQ: 87600 -> 87500 (MCU=8750, 87,50 MHz)
02-19 18:15:28.126 D/K706RadioManager(14872): IMcuListener.onTransact: code=1 flags=16
02-19 18:15:28.127 D/K706RadioManager(14872): >>> IMcuListener.onMcuInfoChanged received! data=B0 70 
02-19 18:15:28.127 D/K706RadioManager(14872): MCU[0xB0] len=2 : B0 70 
02-19 18:15:28.127 D/K706RadioManager(14872): TunerInfo: flags=0x70 save=false AS=false finish=true valid=true ST=true LOC=false seek=false scan=false
02-19 18:15:28.128 D/TunerManagerForExt(15794): FMRadio main (TunerManagerForExt.java:147) onTunerPresetListChanged:  - mBand: 1 - mPresetIndex: 0 - mFrequency: 8750 - index: 0 - preset: 9320 - index: 1 - preset: 9350 - index: 2 - preset: 9420 - index: 3 - preset: 9490 - index: 4 - preset: 0 - index: 5 - preset: 0
02-19 18:15:28.129 D/K706RadioManager(14872): IMcuListener.onTransact: code=1 flags=16
02-19 18:15:28.130 D/K706RadioManager(14872): >>> IMcuListener.onMcuInfoChanged received! data=B0 70 
02-19 18:15:28.130 D/K706RadioManager(14872): MCU[0xB0] len=2 : B0 70 
02-19 18:15:28.130 D/K706RadioManager(14872): TunerInfo: flags=0x70 save=false AS=false finish=true valid=true ST=true LOC=false seek=false scan=false
02-19 18:15:28.143 D/TunerPresenter(15794): handleTunerRawData: b0 70 
02-19 18:15:28.144 D/TunerManagerForExt(15794): FMRadio main (TunerManagerForExt.java:108) onTunerInfoChanged: onTunerInfoChanged - flag: 112 - asFlag: 0 - psFlag: 0 - scanFlag: 0 - seekFlag: 0 - mStFlag: 1 - mLocFlag: 1 - mIsSearching: false - mTempSearching: false
02-19 18:15:28.144 D/TunerManagerForExt(15794): FMRadio main (TunerManagerForExt.java:118) onTunerInfoChanged: mIsSearching: false - mTempSearching: false - asFlag: 0 - seekFlag: 0
02-19 18:15:28.606 E/mcu_services( 5512): MCU2APP : [ff fe fd 03 01 b0 60 d1 ff ]
02-19 18:15:28.608 D/K706RadioManager(14872): IMcuListener.onTransact: code=1 flags=16
02-19 18:15:28.609 D/K706RadioManager(14872): >>> IMcuListener.onMcuInfoChanged received! data=B0 60 
02-19 18:15:28.609 D/K706RadioManager(14872): MCU[0xB0] len=2 : B0 60 
02-19 18:15:28.609 D/K706RadioManager(14872): TunerInfo: flags=0x60 save=false AS=false finish=false valid=true ST=true LOC=false seek=false scan=false
02-19 18:15:28.611 D/TunerPresenter(15794): handleTunerRawData: b0 60 
02-19 18:15:28.611 D/TunerManagerForExt(15794): FMRadio main (TunerManagerForExt.java:108) onTunerInfoChanged: onTunerInfoChanged - flag: 96 - asFlag: 0 - psFlag: 0 - scanFlag: 0 - seekFlag: 0 - mStFlag: 0 - mLocFlag: 1 - mIsSearching: false - mTempSearching: false
02-19 18:15:28.611 D/K706RadioManager(14872): IMcuListener.onTransact: code=1 flags=16
02-19 18:15:28.611 D/TunerManagerForExt(15794): FMRadio main (TunerManagerForExt.java:118) onTunerInfoChanged: mIsSearching: false - mTempSearching: false - asFlag: 0 - seekFlag: 0
02-19 18:15:28.612 D/K706RadioManager(14872): >>> IMcuListener.onMcuInfoChanged received! data=B0 60 
02-19 18:15:28.612 D/K706RadioManager(14872): MCU[0xB0] len=2 : B0 60 
02-19 18:15:28.612 D/K706RadioManager(14872): TunerInfo: flags=0x60 save=false AS=false finish=false valid=true ST=true LOC=false seek=false scan=false
02-19 18:15:29.075 E/mcu_services( 5512): APP2MCU - writeToUartNormal : [ff fd fe 05 01 a0 06 02 00 a5 ff ]
02-19 18:15:29.076 D/K706RadioManager(14872): CMD Enviado: sub=0x06 p1=0x02 p2=0x00
02-19 18:15:29.076 D/K706RadioManager(14872): Band -> 2
02-19 18:15:29.225 E/mcu_services( 5512): MCU2APP : [ff fe fd 12 01 b1 02 00 22 2e 00 00 00 00 00 00 00 00 00 00 00 00 be ff ]
02-19 18:15:29.225 E/mcu_services( 5512): MCU2APP : [ff fe fd 03 01 b0 60 d1 ff ]
02-19 18:15:29.229 D/K706RadioManager(14872): IMcuListener.onTransact: code=1 flags=16
02-19 18:15:29.230 D/K706RadioManager(14872): >>> IMcuListener.onMcuInfoChanged received! data=B1 02 00 22 2E 00 00 00 00 00 00 00 00 00 00 00 00 
02-19 18:15:29.231 D/K706RadioManager(14872): MCU[0xB1] len=17 : B1 02 00 22 2E 00 00 00 00 00 00 00 00 00 00 00 00 
02-19 18:15:29.231 D/K706RadioManager(14872): PresetList: band=2 presetIdx=0 currentFreq=8750 firstFreq=8750 (offset=3)
02-19 18:15:29.233 D/TunerPresenter(15794): handleTunerRawData: b1 2 0 22 2e 0 0 0 0 0 0 0 0 0 0 0 0 
02-19 18:15:29.233 D/K706RadioManager(14872): IMcuListener.onTransact: code=1 flags=16
02-19 18:15:29.234 D/K706RadioManager(14872): >>> IMcuListener.onMcuInfoChanged received! data=B1 02 00 22 2E 00 00 00 00 00 00 00 00 00 00 00 00 
02-19 18:15:29.235 D/K706RadioManager(14872): MCU[0xB1] len=17 : B1 02 00 22 2E 00 00 00 00 00 00 00 00 00 00 00 00 
02-19 18:15:29.235 D/K706RadioManager(14872): PresetList: band=2 presetIdx=0 currentFreq=8750 firstFreq=8750 (offset=3)
02-19 18:15:29.237 D/K706RadioManager(14872): IMcuListener.onTransact: code=1 flags=16
02-19 18:15:29.238 D/K706RadioManager(14872): >>> IMcuListener.onMcuInfoChanged received! data=B0 60 
02-19 18:15:29.238 D/K706RadioManager(14872): MCU[0xB0] len=2 : B0 60 
02-19 18:15:29.238 D/K706RadioManager(14872): TunerInfo: flags=0x60 save=false AS=false finish=false valid=true ST=true LOC=false seek=false scan=false
02-19 18:15:29.240 D/K706RadioManager(14872): IMcuListener.onTransact: code=1 flags=16
02-19 18:15:29.241 D/K706RadioManager(14872): >>> IMcuListener.onMcuInfoChanged received! data=B0 60 
02-19 18:15:29.241 D/K706RadioManager(14872): MCU[0xB0] len=2 : B0 60 
02-19 18:15:29.241 D/K706RadioManager(14872): TunerInfo: flags=0x60 save=false AS=false finish=false valid=true ST=true LOC=false seek=false scan=false
02-19 18:15:29.263 D/TunerManagerForExt(15794): FMRadio main (TunerManagerForExt.java:147) onTunerPresetListChanged:  - mBand: 2 - mPresetIndex: 0 - mFrequency: 8750 - index: 0 - preset: 0 - index: 1 - preset: 0 - index: 2 - preset: 0 - index: 3 - preset: 0 - index: 4 - preset: 0 - index: 5 - preset: 0
02-19 18:15:29.263 D/TunerPresenter(15794): handleTunerRawData: b0 60 
02-19 18:15:29.264 D/TunerManagerForExt(15794): FMRadio main (TunerManagerForExt.java:108) onTunerInfoChanged: onTunerInfoChanged - flag: 96 - asFlag: 0 - psFlag: 0 - scanFlag: 0 - seekFlag: 0 - mStFlag: 0 - mLocFlag: 1 - mIsSearching: false - mTempSearching: false
02-19 18:15:29.264 D/TunerManagerForExt(15794): FMRadio main (TunerManagerForExt.java:118) onTunerInfoChanged: mIsSearching: false - mTempSearching: false - asFlag: 0 - seekFlag: 0
02-19 18:15:29.680 E/mcu_services( 5512): APP2MCU - writeToUartNormal : [ff fd fe 05 01 a0 06 03 00 a4 ff ]
02-19 18:15:29.681 D/K706RadioManager(14872): CMD Enviado: sub=0x06 p1=0x03 p2=0x00
02-19 18:15:29.681 D/K706RadioManager(14872): Band -> 3
02-19 18:15:29.842 E/mcu_services( 5512): MCU2APP : [ff fe fd 12 01 b1 03 01 02 0a 02 0a 02 5b 03 e7 05 7c 06 54 02 0a 2c ff ]
02-19 18:15:29.842 E/mcu_services( 5512): MCU2APP : [ff fe fd 03 01 b0 60 d1 ff ]
02-19 18:15:29.846 D/K706RadioManager(14872): IMcuListener.onTransact: code=1 flags=16
02-19 18:15:29.847 D/K706RadioManager(14872): >>> IMcuListener.onMcuInfoChanged received! data=B1 03 01 02 0A 02 0A 02 5B 03 E7 05 7C 06 54 02 0A 
02-19 18:15:29.848 D/K706RadioManager(14872): MCU[0xB1] len=17 : B1 03 01 02 0A 02 0A 02 5B 03 E7 05 7C 06 54 02 0A 
02-19 18:15:29.848 D/K706RadioManager(14872): PresetList: band=3 presetIdx=1 currentFreq=522 firstFreq=522 (offset=5)
02-19 18:15:29.848 D/K706RadioManager(14872): >>> FREQ: 87500 -> 522 (MCU=522, 5,22 MHz)
02-19 18:15:29.850 D/TunerPresenter(15794): handleTunerRawData: b1 3 1 2 a 2 a 2 5b 3 e7 5 7c 6 54 2 a 
02-19 18:15:29.851 D/K706RadioManager(14872): IMcuListener.onTransact: code=1 flags=16
02-19 18:15:29.852 D/K706RadioManager(14872): >>> IMcuListener.onMcuInfoChanged received! data=B1 03 01 02 0A 02 0A 02 5B 03 E7 05 7C 06 54 02 0A 
02-19 18:15:29.853 D/K706RadioManager(14872): MCU[0xB1] len=17 : B1 03 01 02 0A 02 0A 02 5B 03 E7 05 7C 06 54 02 0A 
02-19 18:15:29.853 D/K706RadioManager(14872): PresetList: band=3 presetIdx=1 currentFreq=522 firstFreq=522 (offset=5)
02-19 18:15:29.853 D/K706RadioManager(14872): >>> FREQ: 87500 -> 522 (MCU=522, 5,22 MHz)
02-19 18:15:29.856 D/K706RadioManager(14872): IMcuListener.onTransact: code=1 flags=16
02-19 18:15:29.856 D/K706RadioManager(14872): >>> IMcuListener.onMcuInfoChanged received! data=B0 60 
02-19 18:15:29.857 D/K706RadioManager(14872): MCU[0xB0] len=2 : B0 60 
02-19 18:15:29.857 D/K706RadioManager(14872): TunerInfo: flags=0x60 save=false AS=false finish=false valid=true ST=true LOC=false seek=false scan=false
02-19 18:15:29.857 D/TunerManagerForExt(15794): FMRadio main (TunerManagerForExt.java:147) onTunerPresetListChanged:  - mBand: 3 - mPresetIndex: 1 - mFrequency: 522 - index: 0 - preset: 522 - index: 1 - preset: 603 - index: 2 - preset: 999 - index: 3 - preset: 1404 - index: 4 - preset: 1620 - index: 5 - preset: 522
02-19 18:15:29.858 D/K706RadioManager(14872): IMcuListener.onTransact: code=1 flags=16
02-19 18:15:29.858 D/K706RadioManager(14872): >>> IMcuListener.onMcuInfoChanged received! data=B0 60 
02-19 18:15:29.859 D/K706RadioManager(14872): MCU[0xB0] len=2 : B0 60 
02-19 18:15:29.859 D/K706RadioManager(14872): TunerInfo: flags=0x60 save=false AS=false finish=false valid=true ST=true LOC=false seek=false scan=false
02-19 18:15:29.867 D/TunerPresenter(15794): handleTunerRawData: b0 60 
02-19 18:15:29.868 D/TunerManagerForExt(15794): FMRadio main (TunerManagerForExt.java:108) onTunerInfoChanged: onTunerInfoChanged - flag: 96 - asFlag: 0 - psFlag: 0 - scanFlag: 0 - seekFlag: 0 - mStFlag: 0 - mLocFlag: 1 - mIsSearching: false - mTempSearching: false
02-19 18:15:29.868 D/TunerManagerForExt(15794): FMRadio main (TunerManagerForExt.java:118) onTunerInfoChanged: mIsSearching: false - mTempSearching: false - asFlag: 0 - seekFlag: 0
02-19 18:15:30.237 E/mcu_services( 5512): MCU2APP : [ff fe fd 03 01 29 6d 45 ff ]
02-19 18:15:30.240 D/K706RadioManager(14872): IMcuListener.onTransact: code=1 flags=16
02-19 18:15:30.240 D/K706RadioManager(14872): >>> IMcuListener.onMcuInfoChanged received! data=29 6D 
02-19 18:15:30.241 D/K706RadioManager(14872): MCU[0x29] len=2 : 29 6D 
02-19 18:15:30.241 D/K706RadioManager(14872): Unknown MCU packet type: 0x29
02-19 18:15:30.242 D/K706RadioManager(14872): IMcuListener.onTransact: code=1 flags=16
02-19 18:15:30.243 D/K706RadioManager(14872): >>> IMcuListener.onMcuInfoChanged received! data=29 6D 
02-19 18:15:30.243 D/K706RadioManager(14872): MCU[0x29] len=2 : 29 6D 
02-19 18:15:30.243 D/K706RadioManager(14872): Unknown MCU packet type: 0x29
02-19 18:15:30.848 E/mcu_services( 5512): APP2MCU - writeToUartNormal : [ff fd fe 05 01 a0 06 04 00 a3 ff ]
02-19 18:15:30.849 D/K706RadioManager(14872): CMD Enviado: sub=0x06 p1=0x04 p2=0x00
02-19 18:15:30.849 D/K706RadioManager(14872): Band -> 4
02-19 18:15:31.055 E/mcu_services( 5512): MCU2APP : [ff fe fd 12 01 b1 04 01 02 0a 02 0a 02 5b 03 e7 05 7c 06 54 02 0a 2b ff ]
02-19 18:15:31.055 E/mcu_services( 5512): MCU2APP : [ff fe fd 03 01 b0 60 d1 ff ]
02-19 18:15:31.058 D/K706RadioManager(14872): IMcuListener.onTransact: code=1 flags=16
02-19 18:15:31.059 D/K706RadioManager(14872): >>> IMcuListener.onMcuInfoChanged received! data=B1 04 01 02 0A 02 0A 02 5B 03 E7 05 7C 06 54 02 0A 
02-19 18:15:31.060 D/K706RadioManager(14872): MCU[0xB1] len=17 : B1 04 01 02 0A 02 0A 02 5B 03 E7 05 7C 06 54 02 0A 
02-19 18:15:31.060 D/K706RadioManager(14872): PresetList: band=4 presetIdx=1 currentFreq=522 firstFreq=522 (offset=5)
02-19 18:15:31.062 D/TunerPresenter(15794): handleTunerRawData: b1 4 1 2 a 2 a 2 5b 3 e7 5 7c 6 54 2 a 
02-19 18:15:31.063 D/K706RadioManager(14872): IMcuListener.onTransact: code=1 flags=16
02-19 18:15:31.064 D/K706RadioManager(14872): >>> IMcuListener.onMcuInfoChanged received! data=B1 04 01 02 0A 02 0A 02 5B 03 E7 05 7C 06 54 02 0A 
02-19 18:15:31.065 D/K706RadioManager(14872): MCU[0xB1] len=17 : B1 04 01 02 0A 02 0A 02 5B 03 E7 05 7C 06 54 02 0A 
02-19 18:15:31.065 D/K706RadioManager(14872): PresetList: band=4 presetIdx=1 currentFreq=522 firstFreq=522 (offset=5)
02-19 18:15:31.068 D/K706RadioManager(14872): IMcuListener.onTransact: code=1 flags=16
02-19 18:15:31.068 D/K706RadioManager(14872): >>> IMcuListener.onMcuInfoChanged received! data=B0 60 
02-19 18:15:31.068 D/K706RadioManager(14872): MCU[0xB0] len=2 : B0 60 
02-19 18:15:31.069 D/K706RadioManager(14872): TunerInfo: flags=0x60 save=false AS=false finish=false valid=true ST=true LOC=false seek=false scan=false
02-19 18:15:31.069 D/TunerManagerForExt(15794): FMRadio main (TunerManagerForExt.java:147) onTunerPresetListChanged:  - mBand: 4 - mPresetIndex: 1 - mFrequency: 522 - index: 0 - preset: 522 - index: 1 - preset: 603 - index: 2 - preset: 999 - index: 3 - preset: 1404 - index: 4 - preset: 1620 - index: 5 - preset: 522
02-19 18:15:31.070 D/K706RadioManager(14872): IMcuListener.onTransact: code=1 flags=16
02-19 18:15:31.070 D/K706RadioManager(14872): >>> IMcuListener.onMcuInfoChanged received! data=B0 60 
02-19 18:15:31.070 D/K706RadioManager(14872): MCU[0xB0] len=2 : B0 60 
02-19 18:15:31.071 D/K706RadioManager(14872): TunerInfo: flags=0x60 save=false AS=false finish=false valid=true ST=true LOC=false seek=false scan=false
02-19 18:15:31.076 D/TunerPresenter(15794): handleTunerRawData: b0 60 
02-19 18:15:31.076 D/TunerManagerForExt(15794): FMRadio main (TunerManagerForExt.java:108) onTunerInfoChanged: onTunerInfoChanged - flag: 96 - asFlag: 0 - psFlag: 0 - scanFlag: 0 - seekFlag: 0 - mStFlag: 0 - mLocFlag: 1 - mIsSearching: false - mTempSearching: false
02-19 18:15:31.077 D/TunerManagerForExt(15794): FMRadio main (TunerManagerForExt.java:118) onTunerInfoChanged: mIsSearching: false - mTempSearching: false - asFlag: 0 - seekFlag: 0
02-19 18:15:31.440 E/mcu_services( 5512): APP2MCU - writeToUartNormal : [ff fd fe 05 01 a0 06 00 00 a7 ff ]
02-19 18:15:31.440 D/K706RadioManager(14872): CMD Enviado: sub=0x06 p1=0x00 p2=0x00
02-19 18:15:31.440 D/K706RadioManager(14872): Band -> 0
02-19 18:15:31.585 E/mcu_services( 5512): MCU2APP : [ff fe fd 12 01 b1 00 01 22 38 22 38 22 ce 23 32 23 aa 24 04 24 36 f7 ff ]
02-19 18:15:31.585 E/mcu_services( 5512): MCU2APP : [ff fe fd 03 01 b0 60 d1 ff ]
02-19 18:15:31.589 D/K706RadioManager(14872): IMcuListener.onTransact: code=1 flags=16
02-19 18:15:31.590 D/K706RadioManager(14872): >>> IMcuListener.onMcuInfoChanged received! data=B1 00 01 22 38 22 38 22 CE 23 32 23 AA 24 04 24 36 
02-19 18:15:31.590 D/K706RadioManager(14872): MCU[0xB1] len=17 : B1 00 01 22 38 22 38 22 CE 23 32 23 AA 24 04 24 36 
02-19 18:15:31.591 D/K706RadioManager(14872): PresetList: band=0 presetIdx=1 currentFreq=8760 firstFreq=8760 (offset=5)
02-19 18:15:31.591 D/K706RadioManager(14872): >>> FREQ: 522 -> 87600 (MCU=8760, 87,60 MHz)
02-19 18:15:31.593 D/TunerPresenter(15794): handleTunerRawData: b1 0 1 22 38 22 38 22 ce 23 32 23 aa 24 4 24 36 
02-19 18:15:31.593 D/K706RadioManager(14872): IMcuListener.onTransact: code=1 flags=16
02-19 18:15:31.595 D/K706RadioManager(14872): >>> IMcuListener.onMcuInfoChanged received! data=B1 00 01 22 38 22 38 22 CE 23 32 23 AA 24 04 24 36 
02-19 18:15:31.595 D/K706RadioManager(14872): MCU[0xB1] len=17 : B1 00 01 22 38 22 38 22 CE 23 32 23 AA 24 04 24 36 
02-19 18:15:31.596 D/K706RadioManager(14872): PresetList: band=0 presetIdx=1 currentFreq=8760 firstFreq=8760 (offset=5)
02-19 18:15:31.596 D/K706RadioManager(14872): >>> FREQ: 522 -> 87600 (MCU=8760, 87,60 MHz)
02-19 18:15:31.597 D/K706RadioManager(14872): IMcuListener.onTransact: code=1 flags=16
02-19 18:15:31.598 D/K706RadioManager(14872): >>> IMcuListener.onMcuInfoChanged received! data=B0 60 
02-19 18:15:31.598 D/K706RadioManager(14872): MCU[0xB0] len=2 : B0 60 
02-19 18:15:31.598 D/K706RadioManager(14872): TunerInfo: flags=0x60 save=false AS=false finish=false valid=true ST=true LOC=false seek=false scan=false
02-19 18:15:31.600 D/K706RadioManager(14872): IMcuListener.onTransact: code=1 flags=16
02-19 18:15:31.600 D/TunerManagerForExt(15794): FMRadio main (TunerManagerForExt.java:147) onTunerPresetListChanged:  - mBand: 0 - mPresetIndex: 1 - mFrequency: 8760 - index: 0 - preset: 8760 - index: 1 - preset: 8910 - index: 2 - preset: 9010 - index: 3 - preset: 9130 - index: 4 - preset: 9220 - index: 5 - preset: 9270
02-19 18:15:31.600 D/K706RadioManager(14872): >>> IMcuListener.onMcuInfoChanged received! data=B0 60 
02-19 18:15:31.600 D/K706RadioManager(14872): MCU[0xB0] len=2 : B0 60 
02-19 18:15:31.601 D/TunerPresenter(15794): handleTunerRawData: b0 60 
02-19 18:15:31.601 D/K706RadioManager(14872): TunerInfo: flags=0x60 save=false AS=false finish=false valid=true ST=true LOC=false seek=false scan=false
02-19 18:15:31.601 D/TunerManagerForExt(15794): FMRadio main (TunerManagerForExt.java:108) onTunerInfoChanged: onTunerInfoChanged - flag: 96 - asFlag: 0 - psFlag: 0 - scanFlag: 0 - seekFlag: 0 - mStFlag: 0 - mLocFlag: 1 - mIsSearching: false - mTempSearching: false
02-19 18:15:31.601 D/TunerManagerForExt(15794): FMRadio main (TunerManagerForExt.java:118) onTunerInfoChanged: mIsSearching: false - mTempSearching: false - asFlag: 0 - seekFlag: 0
02-19 18:15:31.762 E/mcu_services( 5512): MCU2APP : [ff fe fd 03 01 b4 05 b0 ff ]
02-19 18:15:31.762 E/mcu_services( 5512): MCU2APP : [ff fe fd 04 01 b5 00 0b bf ff ]
02-19 18:15:31.762 E/mcu_services( 5512): sendAckSuccess : [ff fd fe 02 02 b4 b6 ff ]
02-19 18:15:31.762 E/mcu_services( 5512): APP2MCU - writeToUart: [ff fd fe 02 02 b4 b6 ff ]
02-19 18:15:31.762 E/mcu_services( 5512): sendAckSuccess : [ff fd fe 02 02 b5 b7 ff ]
02-19 18:15:31.763 E/mcu_services( 5512): APP2MCU - writeToUart: [ff fd fe 02 02 b5 b7 ff ]
02-19 18:15:31.765 D/K706RadioManager(14872): IMcuListener.onTransact: code=1 flags=16
02-19 18:15:31.766 D/K706RadioManager(14872): >>> IMcuListener.onMcuInfoChanged received! data=B4 05 
02-19 18:15:31.766 D/K706RadioManager(14872): MCU[0xB4] len=2 : B4 05 
02-19 18:15:31.766 D/K706RadioManager(14872): Unknown MCU packet type: 0xB4
02-19 18:15:31.767 D/TunerPresenter(15794): handleTunerRawData: b4 5 
02-19 18:15:31.767 D/K706RadioManager(14872): IMcuListener.onTransact: code=1 flags=16
02-19 18:15:31.768 D/TunerManagerForExt(15794): FMRadio main (TunerManagerForExt.java:195) onTuneRdsIndicateInfo: onTuneRdsIndicateInfo - flag: 5 - mRdsSwitch: 1
02-19 18:15:31.768 D/K706RadioManager(14872): >>> IMcuListener.onMcuInfoChanged received! data=B4 05 
02-19 18:15:31.768 D/K706RadioManager(14872): MCU[0xB4] len=2 : B4 05 
02-19 18:15:31.768 D/K706RadioManager(14872): Unknown MCU packet type: 0xB4
02-19 18:15:31.770 D/K706RadioManager(14872): IMcuListener.onTransact: code=1 flags=16
02-19 18:15:31.770 D/K706RadioManager(14872): >>> IMcuListener.onMcuInfoChanged received! data=B5 00 0B 
02-19 18:15:31.770 D/K706RadioManager(14872): MCU[0xB5] len=3 : B5 00 0B 
02-19 18:15:31.770 D/K706RadioManager(14872): Unknown MCU packet type: 0xB5
02-19 18:15:31.772 D/TunerPresenter(15794): handleTunerRawData: b5 0 b 
02-19 18:15:31.772 D/K706RadioManager(14872): IMcuListener.onTransact: code=1 flags=16
02-19 18:15:31.772 D/TunerManagerForExt(15794): FMRadio main (TunerManagerForExt.java:220) onTuneRdsPtyTypeInfo: onTuneRdsPtyTypeInfo - mRdsPtyType: 0
02-19 18:15:31.773 D/K706RadioManager(14872): >>> IMcuListener.onMcuInfoChanged received! data=B5 00 0B 
02-19 18:15:31.773 D/K706RadioManager(14872): MCU[0xB5] len=3 : B5 00 0B 
02-19 18:15:31.773 D/K706RadioManager(14872): Unknown MCU packet type: 0xB5
02-19 18:15:32.067 E/mcu_services( 5512): MCU2APP : [ff fe fd 03 01 b0 70 c1 ff ]
02-19 18:15:32.070 D/K706RadioManager(14872): IMcuListener.onTransact: code=1 flags=16
02-19 18:15:32.071 D/K706RadioManager(14872): >>> IMcuListener.onMcuInfoChanged received! data=B0 70 
02-19 18:15:32.071 D/K706RadioManager(14872): MCU[0xB0] len=2 : B0 70 
02-19 18:15:32.071 D/K706RadioManager(14872): TunerInfo: flags=0x70 save=false AS=false finish=true valid=true ST=true LOC=false seek=false scan=false
02-19 18:15:32.073 D/TunerPresenter(15794): handleTunerRawData: b0 70 
02-19 18:15:32.073 D/K706RadioManager(14872): IMcuListener.onTransact: code=1 flags=16
02-19 18:15:32.073 D/TunerManagerForExt(15794): FMRadio main (TunerManagerForExt.java:108) onTunerInfoChanged: onTunerInfoChanged - flag: 112 - asFlag: 0 - psFlag: 0 - scanFlag: 0 - seekFlag: 0 - mStFlag: 1 - mLocFlag: 1 - mIsSearching: false - mTempSearching: false
02-19 18:15:32.074 D/TunerManagerForExt(15794): FMRadio main (TunerManagerForExt.java:118) onTunerInfoChanged: mIsSearching: false - mTempSearching: false - asFlag: 0 - seekFlag: 0
02-19 18:15:32.074 D/K706RadioManager(14872): >>> IMcuListener.onMcuInfoChanged received! data=B0 70 
02-19 18:15:32.074 D/K706RadioManager(14872): MCU[0xB0] len=2 : B0 70 
02-19 18:15:32.074 D/K706RadioManager(14872): TunerInfo: flags=0x70 save=false AS=false finish=true valid=true ST=true LOC=false seek=false scan=false
02-19 18:15:32.465 E/mcu_services( 5512): MCU2APP : [ff fe fd 03 01 29 6d 45 ff ]
02-19 18:15:32.468 D/K706RadioManager(14872): IMcuListener.onTransact: code=1 flags=16
02-19 18:15:32.468 D/K706RadioManager(14872): >>> IMcuListener.onMcuInfoChanged received! data=29 6D 
02-19 18:15:32.468 D/K706RadioManager(14872): MCU[0x29] len=2 : 29 6D 
02-19 18:15:32.469 D/K706RadioManager(14872): Unknown MCU packet type: 0x29
02-19 18:15:32.471 D/K706RadioManager(14872): IMcuListener.onTransact: code=1 flags=16
02-19 18:15:32.472 D/K706RadioManager(14872): >>> IMcuListener.onMcuInfoChanged received! data=29 6D 
02-19 18:15:32.472 D/K706RadioManager(14872): MCU[0x29] len=2 : 29 6D 
02-19 18:15:32.472 D/K706RadioManager(14872): Unknown MCU packet type: 0x29
02-19 18:15:33.552 E/mcu_services( 5512): MCU2APP : [ff fe fd 0a 01 b6 20 52 4f 43 4b 20 46 4d a9 ff ]
02-19 18:15:33.552 E/mcu_services( 5512): sendAckSuccess : [ff fd fe 02 02 b6 b4 ff ]
02-19 18:15:33.552 E/mcu_services( 5512): APP2MCU - writeToUart: [ff fd fe 02 02 b6 b4 ff ]
02-19 18:15:33.555 D/K706RadioManager(14872): IMcuListener.onTransact: code=1 flags=16
02-19 18:15:33.555 D/K706RadioManager(14872): >>> IMcuListener.onMcuInfoChanged received! data=B6 20 52 4F 43 4B 20 46 4D 
02-19 18:15:33.556 D/K706RadioManager(14872): MCU[0xB6] len=9 : B6 20 52 4F 43 4B 20 46 4D 
02-19 18:15:33.556 D/K706RadioManager(14872): RDS PS: 'ROCK FM'
02-19 18:15:33.558 D/TunerPresenter(15794): handleTunerRawData: b6 20 52 4f 43 4b 20 46 4d 
02-19 18:15:33.558 D/K706RadioManager(14872): IMcuListener.onTransact: code=1 flags=16
02-19 18:15:33.558 D/TunerManagerForExt(15794): FMRadio main (TunerManagerForExt.java:234) onTuneRdsPSInfo: onTuneRdsPSInfo - len: 9 - data: b6 20 52 4f 43 4b 20 46 4d 
02-19 18:15:33.558 D/TunerManagerForExt(15794): FMRadio main (TunerManagerForExt.java:258) onTuneRdsPSInfo: onTuneRdsPSInfo - mRdsPsInfo:  ROCK FM
02-19 18:15:33.559 D/K706RadioManager(14872): >>> IMcuListener.onMcuInfoChanged received! data=B6 20 52 4F 43 4B 20 46 4D 
02-19 18:15:33.559 D/K706RadioManager(14872): MCU[0xB6] len=9 : B6 20 52 4F 43 4B 20 46 4D 
02-19 18:15:33.559 D/K706RadioManager(14872): RDS PS: 'ROCK FM'
02-19 18:15:34.454 E/mcu_services( 5512): MCU2APP : [ff fe fd 03 01 29 6d 45 ff ]
02-19 18:15:34.456 D/K706RadioManager(14872): IMcuListener.onTransact: code=1 flags=16
02-19 18:15:34.457 D/K706RadioManager(14872): >>> IMcuListener.onMcuInfoChanged received! data=29 6D 
02-19 18:15:34.457 D/K706RadioManager(14872): MCU[0x29] len=2 : 29 6D 
02-19 18:15:34.457 D/K706RadioManager(14872): Unknown MCU packet type: 0x29
02-19 18:15:34.459 D/K706RadioManager(14872): IMcuListener.onTransact: code=1 flags=16
02-19 18:15:34.460 D/K706RadioManager(14872): >>> IMcuListener.onMcuInfoChanged received! data=29 6D 
02-19 18:15:34.460 D/K706RadioManager(14872): MCU[0x29] len=2 : 29 6D 
02-19 18:15:34.460 D/K706RadioManager(14872): Unknown MCU packet type: 0x29
02-19 18:15:36.443 E/mcu_services( 5512): MCU2APP : [ff fe fd 03 01 29 6d 45 ff ]
02-19 18:15:36.446 D/K706RadioManager(14872): IMcuListener.onTransact: code=1 flags=16
02-19 18:15:36.447 D/K706RadioManager(14872): >>> IMcuListener.onMcuInfoChanged received! data=29 6D 
02-19 18:15:36.447 D/K706RadioManager(14872): MCU[0x29] len=2 : 29 6D 
02-19 18:15:36.447 D/K706RadioManager(14872): Unknown MCU packet type: 0x29
02-19 18:15:36.449 D/K706RadioManager(14872): IMcuListener.onTransact: code=1 flags=16
02-19 18:15:36.450 D/K706RadioManager(14872): >>> IMcuListener.onMcuInfoChanged received! data=29 6D 
02-19 18:15:36.450 D/K706RadioManager(14872): MCU[0x29] len=2 : 29 6D 
02-19 18:15:36.450 D/K706RadioManager(14872): Unknown MCU packet type: 0x29
02-19 18:15:38.432 E/mcu_services( 5512): MCU2APP : [ff fe fd 03 01 29 6d 45 ff ]
02-19 18:15:38.435 D/K706RadioManager(14872): IMcuListener.onTransact: code=1 flags=16
02-19 18:15:38.435 D/K706RadioManager(14872): >>> IMcuListener.onMcuInfoChanged received! data=29 6D 
02-19 18:15:38.435 D/K706RadioManager(14872): MCU[0x29] len=2 : 29 6D 
02-19 18:15:38.436 D/K706RadioManager(14872): Unknown MCU packet type: 0x29
02-19 18:15:38.438 D/K706RadioManager(14872): IMcuListener.onTransact: code=1 flags=16
02-19 18:15:38.438 D/K706RadioManager(14872): >>> IMcuListener.onMcuInfoChanged received! data=29 6D 
02-19 18:15:38.438 D/K706RadioManager(14872): MCU[0x29] len=2 : 29 6D 
02-19 18:15:38.439 D/K706RadioManager(14872): Unknown MCU packet type: 0x29
02-19 18:15:40.421 E/mcu_services( 5512): MCU2APP : [ff fe fd 03 01 29 6d 45 ff ]
02-19 18:15:40.424 D/K706RadioManager(14872): IMcuListener.onTransact: code=1 flags=16
02-19 18:15:40.424 D/K706RadioManager(14872): >>> IMcuListener.onMcuInfoChanged received! data=29 6D 
02-19 18:15:40.425 D/K706RadioManager(14872): MCU[0x29] len=2 : 29 6D 
02-19 18:15:40.425 D/K706RadioManager(14872): Unknown MCU packet type: 0x29
02-19 18:15:40.427 D/K706RadioManager(14872): IMcuListener.onTransact: code=1 flags=16
02-19 18:15:40.428 D/K706RadioManager(14872): >>> IMcuListener.onMcuInfoChanged received! data=29 6D 
02-19 18:15:40.428 D/K706RadioManager(14872): MCU[0x29] len=2 : 29 6D 
02-19 18:15:40.428 D/K706RadioManager(14872): Unknown MCU packet type: 0x29
02-19 18:15:42.410 E/mcu_services( 5512): MCU2APP : [ff fe fd 03 01 29 6d 45 ff ]
02-19 18:15:42.413 D/K706RadioManager(14872): IMcuListener.onTransact: code=1 flags=16
02-19 18:15:42.414 D/K706RadioManager(14872): >>> IMcuListener.onMcuInfoChanged received! data=29 6D 
02-19 18:15:42.414 D/K706RadioManager(14872): MCU[0x29] len=2 : 29 6D 
02-19 18:15:42.414 D/K706RadioManager(14872): Unknown MCU packet type: 0x29
02-19 18:15:42.416 D/K706RadioManager(14872): IMcuListener.onTransact: code=1 flags=16
02-19 18:15:42.417 D/K706RadioManager(14872): >>> IMcuListener.onMcuInfoChanged received! data=29 6D 
02-19 18:15:42.417 D/K706RadioManager(14872): MCU[0x29] len=2 : 29 6D 
02-19 18:15:42.417 D/K706RadioManager(14872): Unknown MCU packet type: 0x29
02-19 18:15:42.432 E/mcu_services( 5512): APP2MCU - writeToUartNormal : [ff fd fe 05 01 a0 00 23 aa 28 ff ]
02-19 18:15:42.432 D/K706RadioManager(14872): CMD Enviado: sub=0x00 p1=0x23 p2=0xAA
02-19 18:15:42.433 D/K706RadioManager(14872): gotoFreq: input=91300 mcuFreq=9130 (h=0x23 l=0xAA)
02-19 18:15:42.501 E/mcu_services( 5512): MCU2APP : [ff fe fd 03 01 b0 70 c1 ff ]
02-19 18:15:42.503 D/K706RadioManager(14872): IMcuListener.onTransact: code=1 flags=16
02-19 18:15:42.504 D/K706RadioManager(14872): >>> IMcuListener.onMcuInfoChanged received! data=B0 70 
02-19 18:15:42.504 D/K706RadioManager(14872): MCU[0xB0] len=2 : B0 70 
02-19 18:15:42.504 D/K706RadioManager(14872): TunerInfo: flags=0x70 save=false AS=false finish=true valid=true ST=true LOC=false seek=false scan=false
02-19 18:15:42.506 D/TunerPresenter(15794): handleTunerRawData: b0 70 
02-19 18:15:42.506 D/K706RadioManager(14872): IMcuListener.onTransact: code=1 flags=16
02-19 18:15:42.506 D/TunerManagerForExt(15794): FMRadio main (TunerManagerForExt.java:108) onTunerInfoChanged: onTunerInfoChanged - flag: 112 - asFlag: 0 - psFlag: 0 - scanFlag: 0 - seekFlag: 0 - mStFlag: 1 - mLocFlag: 1 - mIsSearching: false - mTempSearching: false
02-19 18:15:42.506 D/TunerManagerForExt(15794): FMRadio main (TunerManagerForExt.java:118) onTunerInfoChanged: mIsSearching: false - mTempSearching: false - asFlag: 0 - seekFlag: 0
02-19 18:15:42.506 D/K706RadioManager(14872): >>> IMcuListener.onMcuInfoChanged received! data=B0 70 
02-19 18:15:42.507 D/K706RadioManager(14872): MCU[0xB0] len=2 : B0 70 
02-19 18:15:42.507 D/K706RadioManager(14872): TunerInfo: flags=0x70 save=false AS=false finish=true valid=true ST=true LOC=false seek=false scan=false
02-19 18:15:42.572 E/mcu_services( 5512): MCU2APP : [ff fe fd 03 01 b4 00 b5 ff ]
02-19 18:15:42.572 E/mcu_services( 5512): sendAckSuccess : [ff fd fe 02 02 b4 b6 ff ]
02-19 18:15:42.572 E/mcu_services( 5512): APP2MCU - writeToUart: [ff fd fe 02 02 b4 b6 ff ]
02-19 18:15:42.575 D/K706RadioManager(14872): IMcuListener.onTransact: code=1 flags=16
02-19 18:15:42.575 D/K706RadioManager(14872): >>> IMcuListener.onMcuInfoChanged received! data=B4 00 
02-19 18:15:42.576 D/K706RadioManager(14872): MCU[0xB4] len=2 : B4 00 
02-19 18:15:42.576 D/K706RadioManager(14872): Unknown MCU packet type: 0xB4
02-19 18:15:42.578 D/TunerPresenter(15794): handleTunerRawData: b4 0 
02-19 18:15:42.578 D/TunerManagerForExt(15794): FMRadio main (TunerManagerForExt.java:195) onTuneRdsIndicateInfo: onTuneRdsIndicateInfo - flag: 0 - mRdsSwitch: 0
02-19 18:15:42.578 D/K706RadioManager(14872): IMcuListener.onTransact: code=1 flags=16
02-19 18:15:42.579 D/K706RadioManager(14872): >>> IMcuListener.onMcuInfoChanged received! data=B4 00 
02-19 18:15:42.579 D/K706RadioManager(14872): MCU[0xB4] len=2 : B4 00 
02-19 18:15:42.579 D/K706RadioManager(14872): Unknown MCU packet type: 0xB4
02-19 18:15:42.630 E/mcu_services( 5512): MCU2APP : [ff fe fd 12 01 b1 00 04 23 aa 22 38 22 ce 23 32 23 aa 24 04 24 36 61 ff ]
02-19 18:15:42.634 D/K706RadioManager(14872): IMcuListener.onTransact: code=1 flags=16
02-19 18:15:42.636 D/K706RadioManager(14872): >>> IMcuListener.onMcuInfoChanged received! data=B1 00 04 23 AA 22 38 22 CE 23 32 23 AA 24 04 24 36 
02-19 18:15:42.638 D/K706RadioManager(14872): MCU[0xB1] len=17 : B1 00 04 23 AA 22 38 22 CE 23 32 23 AA 24 04 24 36 
02-19 18:15:42.638 D/K706RadioManager(14872): PresetList: band=0 presetIdx=4 currentFreq=9130 firstFreq=9130 (offset=11)
02-19 18:15:42.640 D/TunerPresenter(15794): handleTunerRawData: b1 0 4 23 aa 22 38 22 ce 23 32 23 aa 24 4 24 36 
02-19 18:15:42.641 D/TunerManagerForExt(15794): FMRadio main (TunerManagerForExt.java:147) onTunerPresetListChanged:  - mBand: 0 - mPresetIndex: 4 - mFrequency: 9130 - index: 0 - preset: 8760 - index: 1 - preset: 8910 - index: 2 - preset: 9010 - index: 3 - preset: 9130 - index: 4 - preset: 9220 - index: 5 - preset: 9270
02-19 18:15:42.642 D/K706RadioManager(14872): IMcuListener.onTransact: code=1 flags=16
02-19 18:15:42.643 D/K706RadioManager(14872): >>> IMcuListener.onMcuInfoChanged received! data=B1 00 04 23 AA 22 38 22 CE 23 32 23 AA 24 04 24 36 
02-19 18:15:42.644 D/K706RadioManager(14872): MCU[0xB1] len=17 : B1 00 04 23 AA 22 38 22 CE 23 32 23 AA 24 04 24 36 
02-19 18:15:42.644 D/K706RadioManager(14872): PresetList: band=0 presetIdx=4 currentFreq=9130 firstFreq=9130 (offset=11)
02-19 18:15:42.644 D/K706RadioManager(14872): >>> FREQ: 87600 -> 91300 (MCU=9130, 91,30 MHz)
02-19 18:15:42.801 E/mcu_services( 5512): MCU2APP : [ff fe fd 03 01 b4 04 b1 ff ]
02-19 18:15:42.801 E/mcu_services( 5512): MCU2APP : [ff fe fd 04 01 b5 00 01 b5 ff ]
02-19 18:15:42.801 E/mcu_services( 5512): sendAckSuccess : [ff fd fe 02 02 b4 b6 ff ]
02-19 18:15:42.801 E/mcu_services( 5512): APP2MCU - writeToUart: [ff fd fe 02 02 b4 b6 ff ]
02-19 18:15:42.801 E/mcu_services( 5512): sendAckSuccess : [ff fd fe 02 02 b5 b7 ff ]
02-19 18:15:42.801 E/mcu_services( 5512): APP2MCU - writeToUart: [ff fd fe 02 02 b5 b7 ff ]
02-19 18:15:42.803 D/K706RadioManager(14872): IMcuListener.onTransact: code=1 flags=16
02-19 18:15:42.804 D/K706RadioManager(14872): >>> IMcuListener.onMcuInfoChanged received! data=B4 04 
02-19 18:15:42.805 D/K706RadioManager(14872): MCU[0xB4] len=2 : B4 04 
02-19 18:15:42.805 D/K706RadioManager(14872): Unknown MCU packet type: 0xB4
02-19 18:15:42.807 D/TunerPresenter(15794): handleTunerRawData: b4 4 
02-19 18:15:42.807 D/K706RadioManager(14872): IMcuListener.onTransact: code=1 flags=16
02-19 18:15:42.807 D/TunerManagerForExt(15794): FMRadio main (TunerManagerForExt.java:195) onTuneRdsIndicateInfo: onTuneRdsIndicateInfo - flag: 4 - mRdsSwitch: 1
02-19 18:15:42.807 D/K706RadioManager(14872): >>> IMcuListener.onMcuInfoChanged received! data=B4 04 
02-19 18:15:42.807 D/K706RadioManager(14872): MCU[0xB4] len=2 : B4 04 
02-19 18:15:42.808 D/K706RadioManager(14872): Unknown MCU packet type: 0xB4
02-19 18:15:42.809 D/K706RadioManager(14872): IMcuListener.onTransact: code=1 flags=16
02-19 18:15:42.810 D/K706RadioManager(14872): >>> IMcuListener.onMcuInfoChanged received! data=B5 00 01 
02-19 18:15:42.811 D/K706RadioManager(14872): MCU[0xB5] len=3 : B5 00 01 
02-19 18:15:42.811 D/K706RadioManager(14872): Unknown MCU packet type: 0xB5
02-19 18:15:42.813 D/TunerPresenter(15794): handleTunerRawData: b5 0 1 
02-19 18:15:42.813 D/K706RadioManager(14872): IMcuListener.onTransact: code=1 flags=16
02-19 18:15:42.813 D/TunerManagerForExt(15794): FMRadio main (TunerManagerForExt.java:220) onTuneRdsPtyTypeInfo: onTuneRdsPtyTypeInfo - mRdsPtyType: 0
02-19 18:15:42.814 D/K706RadioManager(14872): >>> IMcuListener.onMcuInfoChanged received! data=B5 00 01 
02-19 18:15:42.814 D/K706RadioManager(14872): MCU[0xB5] len=3 : B5 00 01 
02-19 18:15:42.814 D/K706RadioManager(14872): Unknown MCU packet type: 0xB5
02-19 18:15:43.126 E/mcu_services( 5512): MCU2APP : [ff fe fd 03 01 b0 60 d1 ff ]
02-19 18:15:43.130 D/K706RadioManager(14872): IMcuListener.onTransact: code=1 flags=16
02-19 18:15:43.130 D/K706RadioManager(14872): >>> IMcuListener.onMcuInfoChanged received! data=B0 60 
02-19 18:15:43.131 D/K706RadioManager(14872): MCU[0xB0] len=2 : B0 60 
02-19 18:15:43.131 D/K706RadioManager(14872): TunerInfo: flags=0x60 save=false AS=false finish=false valid=true ST=true LOC=false seek=false scan=false
02-19 18:15:43.132 D/TunerPresenter(15794): handleTunerRawData: b0 60 
02-19 18:15:43.132 D/K706RadioManager(14872): IMcuListener.onTransact: code=1 flags=16
02-19 18:15:43.132 D/TunerManagerForExt(15794): FMRadio main (TunerManagerForExt.java:108) onTunerInfoChanged: onTunerInfoChanged - flag: 96 - asFlag: 0 - psFlag: 0 - scanFlag: 0 - seekFlag: 0 - mStFlag: 0 - mLocFlag: 1 - mIsSearching: false - mTempSearching: false
02-19 18:15:43.132 D/TunerManagerForExt(15794): FMRadio main (TunerManagerForExt.java:118) onTunerInfoChanged: mIsSearching: false - mTempSearching: false - asFlag: 0 - seekFlag: 0
02-19 18:15:43.132 D/K706RadioManager(14872): >>> IMcuListener.onMcuInfoChanged received! data=B0 60 
02-19 18:15:43.133 D/K706RadioManager(14872): MCU[0xB0] len=2 : B0 60 
02-19 18:15:43.133 D/K706RadioManager(14872): TunerInfo: flags=0x60 save=false AS=false finish=false valid=true ST=true LOC=false seek=false scan=false
02-19 18:15:44.519 E/mcu_services( 5512): MCU2APP : [ff fe fd 03 01 29 6d 45 ff ]
02-19 18:15:44.522 D/K706RadioManager(14872): IMcuListener.onTransact: code=1 flags=16
02-19 18:15:44.522 D/K706RadioManager(14872): >>> IMcuListener.onMcuInfoChanged received! data=29 6D 
02-19 18:15:44.523 D/K706RadioManager(14872): MCU[0x29] len=2 : 29 6D 
02-19 18:15:44.523 D/K706RadioManager(14872): Unknown MCU packet type: 0x29
02-19 18:15:44.525 D/K706RadioManager(14872): IMcuListener.onTransact: code=1 flags=16
02-19 18:15:44.525 D/K706RadioManager(14872): >>> IMcuListener.onMcuInfoChanged received! data=29 6D 
02-19 18:15:44.526 D/K706RadioManager(14872): MCU[0x29] len=2 : 29 6D 
02-19 18:15:44.526 D/K706RadioManager(14872): Unknown MCU packet type: 0x29
02-19 18:15:44.591 E/mcu_services( 5512): MCU2APP : [ff fe fd 0a 01 b6 43 4f 50 45 20 20 20 20 ae ff ]
02-19 18:15:44.592 E/mcu_services( 5512): sendAckSuccess : [ff fd fe 02 02 b6 b4 ff ]
02-19 18:15:44.592 E/mcu_services( 5512): APP2MCU - writeToUart: [ff fd fe 02 02 b6 b4 ff ]
02-19 18:15:44.595 D/K706RadioManager(14872): IMcuListener.onTransact: code=1 flags=16
02-19 18:15:44.595 D/K706RadioManager(14872): >>> IMcuListener.onMcuInfoChanged received! data=B6 43 4F 50 45 20 20 20 20 
02-19 18:15:44.596 D/K706RadioManager(14872): MCU[0xB6] len=9 : B6 43 4F 50 45 20 20 20 20 
02-19 18:15:44.596 D/K706RadioManager(14872): RDS PS: 'COPE'
02-19 18:15:44.598 D/TunerPresenter(15794): handleTunerRawData: b6 43 4f 50 45 20 20 20 20 
02-19 18:15:44.598 D/K706RadioManager(14872): IMcuListener.onTransact: code=1 flags=16
02-19 18:15:44.598 D/TunerManagerForExt(15794): FMRadio main (TunerManagerForExt.java:234) onTuneRdsPSInfo: onTuneRdsPSInfo - len: 9 - data: b6 43 4f 50 45 20 20 20 20 
02-19 18:15:44.599 D/TunerManagerForExt(15794): FMRadio main (TunerManagerForExt.java:258) onTuneRdsPSInfo: onTuneRdsPSInfo - mRdsPsInfo: COPE    
02-19 18:15:44.599 D/K706RadioManager(14872): >>> IMcuListener.onMcuInfoChanged received! data=B6 43 4F 50 45 20 20 20 20 
02-19 18:15:44.599 D/K706RadioManager(14872): MCU[0xB6] len=9 : B6 43 4F 50 45 20 20 20 20 
02-19 18:15:44.600 D/K706RadioManager(14872): RDS PS: 'COPE'
02-19 18:15:46.508 E/mcu_services( 5512): MCU2APP : [ff fe fd 03 01 29 6d 45 ff ]
02-19 18:15:46.511 D/K706RadioManager(14872): IMcuListener.onTransact: code=1 flags=16
02-19 18:15:46.512 D/K706RadioManager(14872): >>> IMcuListener.onMcuInfoChanged received! data=29 6D 
02-19 18:15:46.512 D/K706RadioManager(14872): MCU[0x29] len=2 : 29 6D 
02-19 18:15:46.512 D/K706RadioManager(14872): Unknown MCU packet type: 0x29
02-19 18:15:46.514 D/K706RadioManager(14872): IMcuListener.onTransact: code=1 flags=16
02-19 18:15:46.514 D/K706RadioManager(14872): >>> IMcuListener.onMcuInfoChanged received! data=29 6D 
02-19 18:15:46.515 D/K706RadioManager(14872): MCU[0x29] len=2 : 29 6D 
02-19 18:15:46.515 D/K706RadioManager(14872): Unknown MCU packet type: 0x29
02-19 18:15:48.497 E/mcu_services( 5512): MCU2APP : [ff fe fd 03 01 29 6d 45 ff ]
02-19 18:15:48.499 D/K706RadioManager(14872): IMcuListener.onTransact: code=1 flags=16
02-19 18:15:48.500 D/K706RadioManager(14872): >>> IMcuListener.onMcuInfoChanged received! data=29 6D 
02-19 18:15:48.500 D/K706RadioManager(14872): MCU[0x29] len=2 : 29 6D 
02-19 18:15:48.500 D/K706RadioManager(14872): Unknown MCU packet type: 0x29
02-19 18:15:48.502 D/K706RadioManager(14872): IMcuListener.onTransact: code=1 flags=16
02-19 18:15:48.503 D/K706RadioManager(14872): >>> IMcuListener.onMcuInfoChanged received! data=29 6D 
02-19 18:15:48.503 D/K706RadioManager(14872): MCU[0x29] len=2 : 29 6D 
02-19 18:15:48.503 D/K706RadioManager(14872): Unknown MCU packet type: 0x29
02-19 18:15:50.485 E/mcu_services( 5512): MCU2APP : [ff fe fd 03 01 29 6d 45 ff ]
02-19 18:15:50.488 D/K706RadioManager(14872): IMcuListener.onTransact: code=1 flags=16
02-19 18:15:50.488 D/K706RadioManager(14872): >>> IMcuListener.onMcuInfoChanged received! data=29 6D 
02-19 18:15:50.489 D/K706RadioManager(14872): MCU[0x29] len=2 : 29 6D 
02-19 18:15:50.489 D/K706RadioManager(14872): Unknown MCU packet type: 0x29
02-19 18:15:50.491 D/K706RadioManager(14872): IMcuListener.onTransact: code=1 flags=16
02-19 18:15:50.492 D/K706RadioManager(14872): >>> IMcuListener.onMcuInfoChanged received! data=29 6D 
02-19 18:15:50.492 D/K706RadioManager(14872): MCU[0x29] len=2 : 29 6D 
02-19 18:15:50.492 D/K706RadioManager(14872): Unknown MCU packet type: 0x29
02-19 18:15:52.276 E/mcu_services( 5512): APP2MCU - writeToUartNormal : [ff fd fe 05 01 a0 00 22 ce 4d ff ]
02-19 18:15:52.276 D/K706RadioManager(14872): CMD Enviado: sub=0x00 p1=0x22 p2=0xCE
02-19 18:15:52.276 D/K706RadioManager(14872): gotoFreq: input=89100 mcuFreq=8910 (h=0x22 l=0xCE)
02-19 18:15:52.346 E/mcu_services( 5512): MCU2APP : [ff fe fd 03 01 b0 60 d1 ff ]
02-19 18:15:52.349 D/K706RadioManager(14872): IMcuListener.onTransact: code=1 flags=16
02-19 18:15:52.350 D/K706RadioManager(14872): >>> IMcuListener.onMcuInfoChanged received! data=B0 60 
02-19 18:15:52.350 D/K706RadioManager(14872): MCU[0xB0] len=2 : B0 60 
02-19 18:15:52.350 D/K706RadioManager(14872): TunerInfo: flags=0x60 save=false AS=false finish=false valid=true ST=true LOC=false seek=false scan=false
02-19 18:15:52.352 D/TunerPresenter(15794): handleTunerRawData: b0 60 
02-19 18:15:52.353 D/TunerManagerForExt(15794): FMRadio main (TunerManagerForExt.java:108) onTunerInfoChanged: onTunerInfoChanged - flag: 96 - asFlag: 0 - psFlag: 0 - scanFlag: 0 - seekFlag: 0 - mStFlag: 0 - mLocFlag: 1 - mIsSearching: false - mTempSearching: false
02-19 18:15:52.353 D/TunerManagerForExt(15794): FMRadio main (TunerManagerForExt.java:118) onTunerInfoChanged: mIsSearching: false - mTempSearching: false - asFlag: 0 - seekFlag: 0
02-19 18:15:52.354 D/K706RadioManager(14872): IMcuListener.onTransact: code=1 flags=16
02-19 18:15:52.354 D/K706RadioManager(14872): >>> IMcuListener.onMcuInfoChanged received! data=B0 60 
02-19 18:15:52.354 D/K706RadioManager(14872): MCU[0xB0] len=2 : B0 60 
02-19 18:15:52.354 D/K706RadioManager(14872): TunerInfo: flags=0x60 save=false AS=false finish=false valid=true ST=true LOC=false seek=false scan=false
02-19 18:15:52.417 E/mcu_services( 5512): MCU2APP : [ff fe fd 03 01 b4 00 b5 ff ]
02-19 18:15:52.418 E/mcu_services( 5512): sendAckSuccess : [ff fd fe 02 02 b4 b6 ff ]
02-19 18:15:52.418 E/mcu_services( 5512): APP2MCU - writeToUart: [ff fd fe 02 02 b4 b6 ff ]
02-19 18:15:52.420 D/K706RadioManager(14872): IMcuListener.onTransact: code=1 flags=16
02-19 18:15:52.421 D/K706RadioManager(14872): >>> IMcuListener.onMcuInfoChanged received! data=B4 00 
02-19 18:15:52.421 D/K706RadioManager(14872): MCU[0xB4] len=2 : B4 00 
02-19 18:15:52.421 D/K706RadioManager(14872): Unknown MCU packet type: 0xB4
02-19 18:15:52.423 D/TunerPresenter(15794): handleTunerRawData: b4 0 
02-19 18:15:52.423 D/K706RadioManager(14872): IMcuListener.onTransact: code=1 flags=16
02-19 18:15:52.423 D/TunerManagerForExt(15794): FMRadio main (TunerManagerForExt.java:195) onTuneRdsIndicateInfo: onTuneRdsIndicateInfo - flag: 0 - mRdsSwitch: 0
02-19 18:15:52.423 D/K706RadioManager(14872): >>> IMcuListener.onMcuInfoChanged received! data=B4 00 
02-19 18:15:52.424 D/K706RadioManager(14872): MCU[0xB4] len=2 : B4 00 
02-19 18:15:52.424 D/K706RadioManager(14872): Unknown MCU packet type: 0xB4
02-19 18:15:52.495 E/mcu_services( 5512): MCU2APP : [ff fe fd 12 01 b1 00 02 22 ce 22 38 22 ce 23 32 23 aa 24 04 24 36 02 ff ]
02-19 18:15:52.497 D/K706RadioManager(14872): IMcuListener.onTransact: code=1 flags=16
02-19 18:15:52.498 D/K706RadioManager(14872): >>> IMcuListener.onMcuInfoChanged received! data=B1 00 02 22 CE 22 38 22 CE 23 32 23 AA 24 04 24 36 
02-19 18:15:52.499 D/K706RadioManager(14872): MCU[0xB1] len=17 : B1 00 02 22 CE 22 38 22 CE 23 32 23 AA 24 04 24 36 
02-19 18:15:52.499 D/K706RadioManager(14872): PresetList: band=0 presetIdx=2 currentFreq=8910 firstFreq=8910 (offset=7)
02-19 18:15:52.500 D/TunerPresenter(15794): handleTunerRawData: b1 0 2 22 ce 22 38 22 ce 23 32 23 aa 24 4 24 36 
02-19 18:15:52.500 D/K706RadioManager(14872): IMcuListener.onTransact: code=1 flags=16
02-19 18:15:52.501 D/TunerManagerForExt(15794): FMRadio main (TunerManagerForExt.java:147) onTunerPresetListChanged:  - mBand: 0 - mPresetIndex: 2 - mFrequency: 8910 - index: 0 - preset: 8760 - index: 1 - preset: 8910 - index: 2 - preset: 9010 - index: 3 - preset: 9130 - index: 4 - preset: 9220 - index: 5 - preset: 9270
02-19 18:15:52.502 D/K706RadioManager(14872): >>> IMcuListener.onMcuInfoChanged received! data=B1 00 02 22 CE 22 38 22 CE 23 32 23 AA 24 04 24 36 
02-19 18:15:52.503 D/K706RadioManager(14872): MCU[0xB1] len=17 : B1 00 02 22 CE 22 38 22 CE 23 32 23 AA 24 04 24 36 
02-19 18:15:52.503 D/K706RadioManager(14872): PresetList: band=0 presetIdx=2 currentFreq=8910 firstFreq=8910 (offset=7)
02-19 18:15:52.503 D/K706RadioManager(14872): >>> FREQ: 91300 -> 89100 (MCU=8910, 89,10 MHz)
02-19 18:15:52.594 E/mcu_services( 5512): MCU2APP : [ff fe fd 03 01 29 6d 45 ff ]
02-19 18:15:52.597 D/K706RadioManager(14872): IMcuListener.onTransact: code=1 flags=16
02-19 18:15:52.597 D/K706RadioManager(14872): >>> IMcuListener.onMcuInfoChanged received! data=29 6D 
02-19 18:15:52.598 D/K706RadioManager(14872): MCU[0x29] len=2 : 29 6D 
02-19 18:15:52.598 D/K706RadioManager(14872): Unknown MCU packet type: 0x29
02-19 18:15:52.600 D/K706RadioManager(14872): IMcuListener.onTransact: code=1 flags=16
02-19 18:15:52.600 D/K706RadioManager(14872): >>> IMcuListener.onMcuInfoChanged received! data=29 6D 
02-19 18:15:52.601 D/K706RadioManager(14872): MCU[0x29] len=2 : 29 6D 
02-19 18:15:52.601 D/K706RadioManager(14872): Unknown MCU packet type: 0x29
02-19 18:15:52.646 E/mcu_services( 5512): MCU2APP : [ff fe fd 03 01 b4 04 b1 ff ]
02-19 18:15:52.647 E/mcu_services( 5512): MCU2APP : [ff fe fd 04 01 b5 00 0a be ff ]
02-19 18:15:52.647 E/mcu_services( 5512): sendAckSuccess : [ff fd fe 02 02 b4 b6 ff ]
02-19 18:15:52.647 E/mcu_services( 5512): APP2MCU - writeToUart: [ff fd fe 02 02 b4 b6 ff ]
02-19 18:15:52.647 E/mcu_services( 5512): sendAckSuccess : [ff fd fe 02 02 b5 b7 ff ]
02-19 18:15:52.647 E/mcu_services( 5512): APP2MCU - writeToUart: [ff fd fe 02 02 b5 b7 ff ]
02-19 18:15:52.649 D/K706RadioManager(14872): IMcuListener.onTransact: code=1 flags=16
02-19 18:15:52.650 D/K706RadioManager(14872): >>> IMcuListener.onMcuInfoChanged received! data=B4 04 
02-19 18:15:52.650 D/K706RadioManager(14872): MCU[0xB4] len=2 : B4 04 
02-19 18:15:52.650 D/K706RadioManager(14872): Unknown MCU packet type: 0xB4
02-19 18:15:52.651 D/TunerPresenter(15794): handleTunerRawData: b4 4 
02-19 18:15:52.652 D/K706RadioManager(14872): IMcuListener.onTransact: code=1 flags=16
02-19 18:15:52.652 D/TunerManagerForExt(15794): FMRadio main (TunerManagerForExt.java:195) onTuneRdsIndicateInfo: onTuneRdsIndicateInfo - flag: 4 - mRdsSwitch: 1
02-19 18:15:52.652 D/K706RadioManager(14872): >>> IMcuListener.onMcuInfoChanged received! data=B4 04 
02-19 18:15:52.652 D/K706RadioManager(14872): MCU[0xB4] len=2 : B4 04 
02-19 18:15:52.653 D/K706RadioManager(14872): Unknown MCU packet type: 0xB4
02-19 18:15:52.654 D/K706RadioManager(14872): IMcuListener.onTransact: code=1 flags=16
02-19 18:15:52.655 D/K706RadioManager(14872): >>> IMcuListener.onMcuInfoChanged received! data=B5 00 0A 
02-19 18:15:52.655 D/K706RadioManager(14872): MCU[0xB5] len=3 : B5 00 0A 
02-19 18:15:52.655 D/K706RadioManager(14872): Unknown MCU packet type: 0xB5
02-19 18:15:52.656 D/TunerPresenter(15794): handleTunerRawData: b5 0 a 
02-19 18:15:52.657 D/K706RadioManager(14872): IMcuListener.onTransact: code=1 flags=16
02-19 18:15:52.657 D/TunerManagerForExt(15794): FMRadio main (TunerManagerForExt.java:220) onTuneRdsPtyTypeInfo: onTuneRdsPtyTypeInfo - mRdsPtyType: 0
02-19 18:15:52.657 D/K706RadioManager(14872): >>> IMcuListener.onMcuInfoChanged received! data=B5 00 0A 
02-19 18:15:52.657 D/K706RadioManager(14872): MCU[0xB5] len=3 : B5 00 0A 
02-19 18:15:52.657 D/K706RadioManager(14872): Unknown MCU packet type: 0xB5
02-19 18:15:52.693 E/mcu_services( 5512): MCU2APP : [ff fe fd 03 01 b0 70 c1 ff ]
02-19 18:15:52.695 D/K706RadioManager(14872): IMcuListener.onTransact: code=1 flags=16
02-19 18:15:52.696 D/K706RadioManager(14872): >>> IMcuListener.onMcuInfoChanged received! data=B0 70 
02-19 18:15:52.696 D/K706RadioManager(14872): MCU[0xB0] len=2 : B0 70 
02-19 18:15:52.696 D/K706RadioManager(14872): TunerInfo: flags=0x70 save=false AS=false finish=true valid=true ST=true LOC=false seek=false scan=false
02-19 18:15:52.698 D/TunerPresenter(15794): handleTunerRawData: b0 70 
02-19 18:15:52.698 D/TunerManagerForExt(15794): FMRadio main (TunerManagerForExt.java:108) onTunerInfoChanged: onTunerInfoChanged - flag: 112 - asFlag: 0 - psFlag: 0 - scanFlag: 0 - seekFlag: 0 - mStFlag: 1 - mLocFlag: 1 - mIsSearching: false - mTempSearching: false
02-19 18:15:52.698 D/TunerManagerForExt(15794): FMRadio main (TunerManagerForExt.java:118) onTunerInfoChanged: mIsSearching: false - mTempSearching: false - asFlag: 0 - seekFlag: 0
02-19 18:15:52.699 D/K706RadioManager(14872): IMcuListener.onTransact: code=1 flags=16
02-19 18:15:52.700 D/K706RadioManager(14872): >>> IMcuListener.onMcuInfoChanged received! data=B0 70 
02-19 18:15:52.700 D/K706RadioManager(14872): MCU[0xB0] len=2 : B0 70 
02-19 18:15:52.700 D/K706RadioManager(14872): TunerInfo: flags=0x70 save=false AS=false finish=true valid=true ST=true LOC=false seek=false scan=false
02-19 18:15:54.582 E/mcu_services( 5512): MCU2APP : [ff fe fd 03 01 29 6d 45 ff ]
02-19 18:15:54.585 D/K706RadioManager(14872): IMcuListener.onTransact: code=1 flags=16
02-19 18:15:54.586 D/K706RadioManager(14872): >>> IMcuListener.onMcuInfoChanged received! data=29 6D 
02-19 18:15:54.587 D/K706RadioManager(14872): MCU[0x29] len=2 : 29 6D 
02-19 18:15:54.587 D/K706RadioManager(14872): Unknown MCU packet type: 0x29
02-19 18:15:54.589 D/K706RadioManager(14872): IMcuListener.onTransact: code=1 flags=16
02-19 18:15:54.589 D/K706RadioManager(14872): >>> IMcuListener.onMcuInfoChanged received! data=29 6D 
02-19 18:15:54.590 D/K706RadioManager(14872): MCU[0x29] len=2 : 29 6D 
02-19 18:15:54.590 D/K706RadioManager(14872): Unknown MCU packet type: 0x29
02-19 18:15:54.635 E/mcu_services( 5512): MCU2APP : [ff fe fd 0a 01 b6 43 41 44 2d 31 30 30 20 cd ff ]
02-19 18:15:54.635 E/mcu_services( 5512): sendAckSuccess : [ff fd fe 02 02 b6 b4 ff ]
02-19 18:15:54.635 E/mcu_services( 5512): APP2MCU - writeToUart: [ff fd fe 02 02 b6 b4 ff ]
02-19 18:15:54.636 D/K706RadioManager(14872): IMcuListener.onTransact: code=1 flags=16
02-19 18:15:54.637 D/K706RadioManager(14872): >>> IMcuListener.onMcuInfoChanged received! data=B6 43 41 44 2D 31 30 30 20 
02-19 18:15:54.638 D/K706RadioManager(14872): MCU[0xB6] len=9 : B6 43 41 44 2D 31 30 30 20 
02-19 18:15:54.638 D/K706RadioManager(14872): RDS PS: 'CAD-100'
02-19 18:15:54.639 D/TunerPresenter(15794): handleTunerRawData: b6 43 41 44 2d 31 30 30 20 
02-19 18:15:54.639 D/K706RadioManager(14872): IMcuListener.onTransact: code=1 flags=16
02-19 18:15:54.640 D/TunerManagerForExt(15794): FMRadio main (TunerManagerForExt.java:234) onTuneRdsPSInfo: onTuneRdsPSInfo - len: 9 - data: b6 43 41 44 2d 31 30 30 20 
02-19 18:15:54.640 D/TunerManagerForExt(15794): FMRadio main (TunerManagerForExt.java:258) onTuneRdsPSInfo: onTuneRdsPSInfo - mRdsPsInfo: CAD-100 
02-19 18:15:54.640 D/K706RadioManager(14872): >>> IMcuListener.onMcuInfoChanged received! data=B6 43 41 44 2D 31 30 30 20 
02-19 18:15:54.641 D/K706RadioManager(14872): MCU[0xB6] len=9 : B6 43 41 44 2D 31 30 30 20 
02-19 18:15:54.641 D/K706RadioManager(14872): RDS PS: 'CAD-100'
02-19 18:15:56.571 E/mcu_services( 5512): MCU2APP : [ff fe fd 03 01 29 6d 45 ff ]
02-19 18:15:56.575 D/K706RadioManager(14872): IMcuListener.onTransact: code=1 flags=16
02-19 18:15:56.575 D/K706RadioManager(14872): >>> IMcuListener.onMcuInfoChanged received! data=29 6D 
02-19 18:15:56.576 D/K706RadioManager(14872): MCU[0x29] len=2 : 29 6D 
02-19 18:15:56.576 D/K706RadioManager(14872): Unknown MCU packet type: 0x29
02-19 18:15:56.578 D/K706RadioManager(14872): IMcuListener.onTransact: code=1 flags=16
02-19 18:15:56.578 D/K706RadioManager(14872): >>> IMcuListener.onMcuInfoChanged received! data=29 6D 
02-19 18:15:56.578 D/K706RadioManager(14872): MCU[0x29] len=2 : 29 6D 
02-19 18:15:56.579 D/K706RadioManager(14872): Unknown MCU packet type: 0x29
02-19 18:15:58.560 E/mcu_services( 5512): MCU2APP : [ff fe fd 03 01 29 6d 45 ff ]
02-19 18:15:58.563 D/K706RadioManager(14872): IMcuListener.onTransact: code=1 flags=16
02-19 18:15:58.564 D/K706RadioManager(14872): >>> IMcuListener.onMcuInfoChanged received! data=29 6D 
02-19 18:15:58.564 D/K706RadioManager(14872): MCU[0x29] len=2 : 29 6D 
02-19 18:15:58.564 D/K706RadioManager(14872): Unknown MCU packet type: 0x29
02-19 18:15:58.566 D/K706RadioManager(14872): IMcuListener.onTransact: code=1 flags=16
02-19 18:15:58.567 D/K706RadioManager(14872): >>> IMcuListener.onMcuInfoChanged received! data=29 6D 
02-19 18:15:58.567 D/K706RadioManager(14872): MCU[0x29] len=2 : 29 6D 
02-19 18:15:58.567 D/K706RadioManager(14872): Unknown MCU packet type: 0x29
02-19 18:16:00.549 E/mcu_services( 5512): MCU2APP : [ff fe fd 03 01 29 6d 45 ff ]
02-19 18:16:00.552 D/K706RadioManager(14872): IMcuListener.onTransact: code=1 flags=16
02-19 18:16:00.553 D/K706RadioManager(14872): >>> IMcuListener.onMcuInfoChanged received! data=29 6D 
02-19 18:16:00.553 D/K706RadioManager(14872): MCU[0x29] len=2 : 29 6D 
02-19 18:16:00.553 D/K706RadioManager(14872): Unknown MCU packet type: 0x29
02-19 18:16:00.555 D/K706RadioManager(14872): IMcuListener.onTransact: code=1 flags=16
02-19 18:16:00.556 D/K706RadioManager(14872): >>> IMcuListener.onMcuInfoChanged received! data=29 6D 
02-19 18:16:00.556 D/K706RadioManager(14872): MCU[0x29] len=2 : 29 6D 
02-19 18:16:00.556 D/K706RadioManager(14872): Unknown MCU packet type: 0x29
02-19 18:16:01.301 E/mcu_services( 5512): APP2MCU - writeToUartNormal : [ff fd fe 05 01 a0 07 01 00 a7 ff ]
02-19 18:16:01.302 D/K706RadioManager(14872): CMD Enviado: sub=0x07 p1=0x01 p2=0x00
02-19 18:16:01.302 D/K706RadioManager(14872): DX/Local toggle -> LOCAL
02-19 18:16:01.344 E/mcu_services( 5512): MCU2APP : [ff fe fd 03 01 b0 50 e1 ff ]
02-19 18:16:01.347 D/K706RadioManager(14872): IMcuListener.onTransact: code=1 flags=16
02-19 18:16:01.348 D/K706RadioManager(14872): >>> IMcuListener.onMcuInfoChanged received! data=B0 50 
02-19 18:16:01.348 D/K706RadioManager(14872): MCU[0xB0] len=2 : B0 50 
02-19 18:16:01.348 D/K706RadioManager(14872): TunerInfo: flags=0x50 save=false AS=false finish=true valid=false ST=true LOC=false seek=false scan=false
02-19 18:16:01.350 D/TunerPresenter(15794): handleTunerRawData: b0 50 
02-19 18:16:01.351 D/TunerManagerForExt(15794): FMRadio main (TunerManagerForExt.java:108) onTunerInfoChanged: onTunerInfoChanged - flag: 80 - asFlag: 0 - psFlag: 0 - scanFlag: 0 - seekFlag: 0 - mStFlag: 1 - mLocFlag: 0 - mIsSearching: false - mTempSearching: false
02-19 18:16:01.351 D/K706RadioManager(14872): IMcuListener.onTransact: code=1 flags=16
02-19 18:16:01.351 D/TunerManagerForExt(15794): FMRadio main (TunerManagerForExt.java:118) onTunerInfoChanged: mIsSearching: false - mTempSearching: false - asFlag: 0 - seekFlag: 0
02-19 18:16:01.351 D/K706RadioManager(14872): >>> IMcuListener.onMcuInfoChanged received! data=B0 50 
02-19 18:16:01.351 D/K706RadioManager(14872): MCU[0xB0] len=2 : B0 50 
02-19 18:16:01.352 D/K706RadioManager(14872): TunerInfo: flags=0x50 save=false AS=false finish=true valid=false ST=true LOC=false seek=false scan=false
02-19 18:16:02.400 E/mcu_services( 5512): APP2MCU - writeToUartNormal : [ff fd fe 05 01 a0 07 01 00 a7 ff ]
02-19 18:16:02.401 D/K706RadioManager(14872): CMD Enviado: sub=0x07 p1=0x01 p2=0x00
02-19 18:16:02.401 D/K706RadioManager(14872): DX/Local toggle -> LOCAL
02-19 18:16:02.438 E/mcu_services( 5512): MCU2APP : [ff fe fd 03 01 b0 70 c1 ff ]
02-19 18:16:02.440 D/K706RadioManager(14872): IMcuListener.onTransact: code=1 flags=16
02-19 18:16:02.441 D/K706RadioManager(14872): >>> IMcuListener.onMcuInfoChanged received! data=B0 70 
02-19 18:16:02.442 D/K706RadioManager(14872): MCU[0xB0] len=2 : B0 70 
02-19 18:16:02.442 D/K706RadioManager(14872): TunerInfo: flags=0x70 save=false AS=false finish=true valid=true ST=true LOC=false seek=false scan=false
02-19 18:16:02.443 D/TunerPresenter(15794): handleTunerRawData: b0 70 
02-19 18:16:02.444 D/TunerManagerForExt(15794): FMRadio main (TunerManagerForExt.java:108) onTunerInfoChanged: onTunerInfoChanged - flag: 112 - asFlag: 0 - psFlag: 0 - scanFlag: 0 - seekFlag: 0 - mStFlag: 1 - mLocFlag: 1 - mIsSearching: false - mTempSearching: false
02-19 18:16:02.444 D/K706RadioManager(14872): IMcuListener.onTransact: code=1 flags=16
02-19 18:16:02.444 D/TunerManagerForExt(15794): FMRadio main (TunerManagerForExt.java:118) onTunerInfoChanged: mIsSearching: false - mTempSearching: false - asFlag: 0 - seekFlag: 0
02-19 18:16:02.445 D/K706RadioManager(14872): >>> IMcuListener.onMcuInfoChanged received! data=B0 70 
02-19 18:16:02.445 D/K706RadioManager(14872): MCU[0xB0] len=2 : B0 70 
02-19 18:16:02.445 D/K706RadioManager(14872): TunerInfo: flags=0x70 save=false AS=false finish=true valid=true ST=true LOC=false seek=false scan=false
02-19 18:16:02.537 E/mcu_services( 5512): MCU2APP : [ff fe fd 03 01 29 6d 45 ff ]
02-19 18:16:02.540 D/K706RadioManager(14872): IMcuListener.onTransact: code=1 flags=16
02-19 18:16:02.540 D/K706RadioManager(14872): >>> IMcuListener.onMcuInfoChanged received! data=29 6D 
02-19 18:16:02.541 D/K706RadioManager(14872): MCU[0x29] len=2 : 29 6D 
02-19 18:16:02.541 D/K706RadioManager(14872): Unknown MCU packet type: 0x29
02-19 18:16:02.543 D/K706RadioManager(14872): IMcuListener.onTransact: code=1 flags=16
02-19 18:16:02.544 D/K706RadioManager(14872): >>> IMcuListener.onMcuInfoChanged received! data=29 6D 
02-19 18:16:02.544 D/K706RadioManager(14872): MCU[0x29] len=2 : 29 6D 
02-19 18:16:02.544 D/K706RadioManager(14872): Unknown MCU packet type: 0x29
02-19 18:16:03.473 E/mcu_services( 5512): APP2MCU - writeToUartNormal : [ff fd fe 05 01 a0 07 01 00 a7 ff ]
02-19 18:16:03.474 D/K706RadioManager(14872): CMD Enviado: sub=0x07 p1=0x01 p2=0x00
02-19 18:16:03.474 D/K706RadioManager(14872): DX/Local toggle -> LOCAL
02-19 18:16:03.532 E/mcu_services( 5512): MCU2APP : [ff fe fd 03 01 b0 50 e1 ff ]
02-19 18:16:03.535 D/K706RadioManager(14872): IMcuListener.onTransact: code=1 flags=16
02-19 18:16:03.536 D/K706RadioManager(14872): >>> IMcuListener.onMcuInfoChanged received! data=B0 50 
02-19 18:16:03.536 D/K706RadioManager(14872): MCU[0xB0] len=2 : B0 50 
02-19 18:16:03.536 D/K706RadioManager(14872): TunerInfo: flags=0x50 save=false AS=false finish=true valid=false ST=true LOC=false seek=false scan=false
02-19 18:16:03.538 D/TunerPresenter(15794): handleTunerRawData: b0 50 
02-19 18:16:03.539 D/TunerManagerForExt(15794): FMRadio main (TunerManagerForExt.java:108) onTunerInfoChanged: onTunerInfoChanged - flag: 80 - asFlag: 0 - psFlag: 0 - scanFlag: 0 - seekFlag: 0 - mStFlag: 1 - mLocFlag: 0 - mIsSearching: false - mTempSearching: false
02-19 18:16:03.539 D/K706RadioManager(14872): IMcuListener.onTransact: code=1 flags=16
02-19 18:16:03.539 D/TunerManagerForExt(15794): FMRadio main (TunerManagerForExt.java:118) onTunerInfoChanged: mIsSearching: false - mTempSearching: false - asFlag: 0 - seekFlag: 0
02-19 18:16:03.539 D/K706RadioManager(14872): >>> IMcuListener.onMcuInfoChanged received! data=B0 50 
02-19 18:16:03.540 D/K706RadioManager(14872): MCU[0xB0] len=2 : B0 50 
02-19 18:16:03.540 D/K706RadioManager(14872): TunerInfo: flags=0x50 save=false AS=false finish=true valid=false ST=true LOC=false seek=false scan=false
02-19 18:16:04.526 E/mcu_services( 5512): MCU2APP : [ff fe fd 03 01 29 6d 45 ff ]
02-19 18:16:04.530 D/K706RadioManager(14872): IMcuListener.onTransact: code=1 flags=16
02-19 18:16:04.531 D/K706RadioManager(14872): >>> IMcuListener.onMcuInfoChanged received! data=29 6D 
02-19 18:16:04.532 D/K706RadioManager(14872): MCU[0x29] len=2 : 29 6D 
02-19 18:16:04.532 D/K706RadioManager(14872): Unknown MCU packet type: 0x29
02-19 18:16:04.534 D/K706RadioManager(14872): IMcuListener.onTransact: code=1 flags=16
02-19 18:16:04.534 D/K706RadioManager(14872): >>> IMcuListener.onMcuInfoChanged received! data=29 6D 
02-19 18:16:04.535 D/K706RadioManager(14872): MCU[0x29] len=2 : 29 6D 
02-19 18:16:04.535 D/K706RadioManager(14872): Unknown MCU packet type: 0x29
02-19 18:16:05.273 E/mcu_services( 5512): APP2MCU - writeToUartNormal : [ff fd fe 05 01 a0 07 01 00 a7 ff ]
02-19 18:16:05.274 D/K706RadioManager(14872): CMD Enviado: sub=0x07 p1=0x01 p2=0x00
02-19 18:16:05.274 D/K706RadioManager(14872): DX/Local toggle -> LOCAL
02-19 18:16:05.322 E/mcu_services( 5512): MCU2APP : [ff fe fd 03 01 b0 70 c1 ff ]
02-19 18:16:05.324 D/K706RadioManager(14872): IMcuListener.onTransact: code=1 flags=16
02-19 18:16:05.325 D/K706RadioManager(14872): >>> IMcuListener.onMcuInfoChanged received! data=B0 70 
02-19 18:16:05.325 D/K706RadioManager(14872): MCU[0xB0] len=2 : B0 70 
02-19 18:16:05.325 D/K706RadioManager(14872): TunerInfo: flags=0x70 save=false AS=false finish=true valid=true ST=true LOC=false seek=false scan=false
02-19 18:16:05.326 D/TunerPresenter(15794): handleTunerRawData: b0 70 
02-19 18:16:05.326 D/K706RadioManager(14872): IMcuListener.onTransact: code=1 flags=16
02-19 18:16:05.327 D/TunerManagerForExt(15794): FMRadio main (TunerManagerForExt.java:108) onTunerInfoChanged: onTunerInfoChanged - flag: 112 - asFlag: 0 - psFlag: 0 - scanFlag: 0 - seekFlag: 0 - mStFlag: 1 - mLocFlag: 1 - mIsSearching: false - mTempSearching: false
02-19 18:16:05.327 D/TunerManagerForExt(15794): FMRadio main (TunerManagerForExt.java:118) onTunerInfoChanged: mIsSearching: false - mTempSearching: false - asFlag: 0 - seekFlag: 0
02-19 18:16:05.327 D/K706RadioManager(14872): >>> IMcuListener.onMcuInfoChanged received! data=B0 70 
02-19 18:16:05.327 D/K706RadioManager(14872): MCU[0xB0] len=2 : B0 70 
02-19 18:16:05.327 D/K706RadioManager(14872): TunerInfo: flags=0x70 save=false AS=false finish=true valid=true ST=true LOC=false seek=false scan=false
02-19 18:16:05.847 E/mcu_services( 5512): APP2MCU - writeToUartNormal : [ff fd fe 05 01 a0 07 01 00 a7 ff ]
02-19 18:16:05.848 D/K706RadioManager(14872): CMD Enviado: sub=0x07 p1=0x01 p2=0x00
02-19 18:16:05.848 D/K706RadioManager(14872): DX/Local toggle -> LOCAL
02-19 18:16:05.919 E/mcu_services( 5512): MCU2APP : [ff fe fd 03 01 b0 50 e1 ff ]
02-19 18:16:05.922 D/K706RadioManager(14872): IMcuListener.onTransact: code=1 flags=16
02-19 18:16:05.922 D/K706RadioManager(14872): >>> IMcuListener.onMcuInfoChanged received! data=B0 50 
02-19 18:16:05.922 D/K706RadioManager(14872): MCU[0xB0] len=2 : B0 50 
02-19 18:16:05.923 D/K706RadioManager(14872): TunerInfo: flags=0x50 save=false AS=false finish=true valid=false ST=true LOC=false seek=false scan=false
02-19 18:16:05.924 D/K706RadioManager(14872): IMcuListener.onTransact: code=1 flags=16
02-19 18:16:05.924 D/TunerPresenter(15794): handleTunerRawData: b0 50 
02-19 18:16:05.925 D/TunerManagerForExt(15794): FMRadio main (TunerManagerForExt.java:108) onTunerInfoChanged: onTunerInfoChanged - flag: 80 - asFlag: 0 - psFlag: 0 - scanFlag: 0 - seekFlag: 0 - mStFlag: 1 - mLocFlag: 0 - mIsSearching: false - mTempSearching: false
02-19 18:16:05.925 D/TunerManagerForExt(15794): FMRadio main (TunerManagerForExt.java:118) onTunerInfoChanged: mIsSearching: false - mTempSearching: false - asFlag: 0 - seekFlag: 0
02-19 18:16:05.925 D/K706RadioManager(14872): >>> IMcuListener.onMcuInfoChanged received! data=B0 50 
02-19 18:16:05.925 D/K706RadioManager(14872): MCU[0xB0] len=2 : B0 50 
02-19 18:16:05.925 D/K706RadioManager(14872): TunerInfo: flags=0x50 save=false AS=false finish=true valid=false ST=true LOC=false seek=false scan=false
02-19 18:16:06.515 E/mcu_services( 5512): MCU2APP : [ff fe fd 03 01 29 6d 45 ff ]
02-19 18:16:06.518 D/K706RadioManager(14872): IMcuListener.onTransact: code=1 flags=16
02-19 18:16:06.518 D/K706RadioManager(14872): >>> IMcuListener.onMcuInfoChanged received! data=29 6D 
02-19 18:16:06.519 D/K706RadioManager(14872): MCU[0x29] len=2 : 29 6D 
02-19 18:16:06.519 D/K706RadioManager(14872): Unknown MCU packet type: 0x29
02-19 18:16:06.521 D/K706RadioManager(14872): IMcuListener.onTransact: code=1 flags=16
02-19 18:16:06.521 D/K706RadioManager(14872): >>> IMcuListener.onMcuInfoChanged received! data=29 6D 
02-19 18:16:06.522 D/K706RadioManager(14872): MCU[0x29] len=2 : 29 6D 
02-19 18:16:06.522 D/K706RadioManager(14872): Unknown MCU packet type: 0x29
02-19 18:16:08.504 E/mcu_services( 5512): MCU2APP : [ff fe fd 03 01 29 6d 45 ff ]
02-19 18:16:08.508 D/K706RadioManager(14872): IMcuListener.onTransact: code=1 flags=16
02-19 18:16:08.509 D/K706RadioManager(14872): >>> IMcuListener.onMcuInfoChanged received! data=29 6D 
02-19 18:16:08.509 D/K706RadioManager(14872): MCU[0x29] len=2 : 29 6D 
02-19 18:16:08.510 D/K706RadioManager(14872): Unknown MCU packet type: 0x29
02-19 18:16:08.511 D/K706RadioManager(14872): IMcuListener.onTransact: code=1 flags=16
02-19 18:16:08.512 D/K706RadioManager(14872): >>> IMcuListener.onMcuInfoChanged received! data=29 6D 
02-19 18:16:08.512 D/K706RadioManager(14872): MCU[0x29] len=2 : 29 6D 
02-19 18:16:08.512 D/K706RadioManager(14872): Unknown MCU packet type: 0x29
02-19 18:16:10.493 E/mcu_services( 5512): MCU2APP : [ff fe fd 03 01 29 6d 45 ff ]
02-19 18:16:10.494 D/K706RadioManager(14872): IMcuListener.onTransact: code=1 flags=16
02-19 18:16:10.495 D/K706RadioManager(14872): >>> IMcuListener.onMcuInfoChanged received! data=29 6D 
02-19 18:16:10.495 D/K706RadioManager(14872): MCU[0x29] len=2 : 29 6D 
02-19 18:16:10.495 D/K706RadioManager(14872): Unknown MCU packet type: 0x29
02-19 18:16:10.496 D/K706RadioManager(14872): IMcuListener.onTransact: code=1 flags=16
02-19 18:16:10.497 D/K706RadioManager(14872): >>> IMcuListener.onMcuInfoChanged received! data=29 6D 
02-19 18:16:10.497 D/K706RadioManager(14872): MCU[0x29] len=2 : 29 6D 
02-19 18:16:10.497 D/K706RadioManager(14872): Unknown MCU packet type: 0x29
02-19 18:16:12.482 E/mcu_services( 5512): MCU2APP : [ff fe fd 03 01 29 6d 45 ff ]
02-19 18:16:12.484 D/K706RadioManager(14872): IMcuListener.onTransact: code=1 flags=16
02-19 18:16:12.484 D/K706RadioManager(14872): >>> IMcuListener.onMcuInfoChanged received! data=29 6D 
02-19 18:16:12.484 D/K706RadioManager(14872): MCU[0x29] len=2 : 29 6D 
02-19 18:16:12.484 D/K706RadioManager(14872): Unknown MCU packet type: 0x29
02-19 18:16:12.486 D/K706RadioManager(14872): IMcuListener.onTransact: code=1 flags=16
02-19 18:16:12.486 D/K706RadioManager(14872): >>> IMcuListener.onMcuInfoChanged received! data=29 6D 
02-19 18:16:12.487 D/K706RadioManager(14872): MCU[0x29] len=2 : 29 6D 
02-19 18:16:12.487 D/K706RadioManager(14872): Unknown MCU packet type: 0x29
02-19 18:16:14.471 E/mcu_services( 5512): MCU2APP : [ff fe fd 03 01 29 6d 45 ff ]
02-19 18:16:14.472 D/K706RadioManager(14872): IMcuListener.onTransact: code=1 flags=16
02-19 18:16:14.472 D/K706RadioManager(14872): >>> IMcuListener.onMcuInfoChanged received! data=29 6D 
02-19 18:16:14.473 D/K706RadioManager(14872): MCU[0x29] len=2 : 29 6D 
02-19 18:16:14.473 D/K706RadioManager(14872): Unknown MCU packet type: 0x29
02-19 18:16:14.474 D/K706RadioManager(14872): IMcuListener.onTransact: code=1 flags=16
02-19 18:16:14.474 D/K706RadioManager(14872): >>> IMcuListener.onMcuInfoChanged received! data=29 6D 
02-19 18:16:14.475 D/K706RadioManager(14872): MCU[0x29] len=2 : 29 6D 
02-19 18:16:14.475 D/K706RadioManager(14872): Unknown MCU packet type: 0x29
02-19 18:16:16.460 E/mcu_services( 5512): MCU2APP : [ff fe fd 03 01 29 6d 45 ff ]
02-19 18:16:16.461 D/K706RadioManager(14872): IMcuListener.onTransact: code=1 flags=16
02-19 18:16:16.462 D/K706RadioManager(14872): >>> IMcuListener.onMcuInfoChanged received! data=29 6D 
02-19 18:16:16.462 D/K706RadioManager(14872): MCU[0x29] len=2 : 29 6D 
02-19 18:16:16.462 D/K706RadioManager(14872): Unknown MCU packet type: 0x29
02-19 18:16:16.463 D/K706RadioManager(14872): IMcuListener.onTransact: code=1 flags=16
02-19 18:16:16.463 D/K706RadioManager(14872): >>> IMcuListener.onMcuInfoChanged received! data=29 6D 
02-19 18:16:16.464 D/K706RadioManager(14872): MCU[0x29] len=2 : 29 6D 
02-19 18:16:16.464 D/K706RadioManager(14872): Unknown MCU packet type: 0x29
02-19 18:16:18.449 E/mcu_services( 5512): MCU2APP : [ff fe fd 03 01 29 6d 45 ff ]
02-19 18:16:18.451 D/K706RadioManager(14872): IMcuListener.onTransact: code=1 flags=16
02-19 18:16:18.452 D/K706RadioManager(14872): >>> IMcuListener.onMcuInfoChanged received! data=29 6D 
02-19 18:16:18.452 D/K706RadioManager(14872): MCU[0x29] len=2 : 29 6D 
02-19 18:16:18.453 D/K706RadioManager(14872): Unknown MCU packet type: 0x29
02-19 18:16:18.455 D/K706RadioManager(14872): IMcuListener.onTransact: code=1 flags=16
02-19 18:16:18.456 D/K706RadioManager(14872): >>> IMcuListener.onMcuInfoChanged received! data=29 6D 
02-19 18:16:18.456 D/K706RadioManager(14872): MCU[0x29] len=2 : 29 6D 
02-19 18:16:18.456 D/K706RadioManager(14872): Unknown MCU packet type: 0x29
02-19 18:16:20.438 E/mcu_services( 5512): MCU2APP : [ff fe fd 03 01 29 6d 45 ff ]
02-19 18:16:20.440 D/K706RadioManager(14872): IMcuListener.onTransact: code=1 flags=16
02-19 18:16:20.441 D/K706RadioManager(14872): >>> IMcuListener.onMcuInfoChanged received! data=29 6D 
02-19 18:16:20.441 D/K706RadioManager(14872): MCU[0x29] len=2 : 29 6D 
02-19 18:16:20.441 D/K706RadioManager(14872): Unknown MCU packet type: 0x29
02-19 18:16:20.444 D/K706RadioManager(14872): IMcuListener.onTransact: code=1 flags=16
02-19 18:16:20.446 D/K706RadioManager(14872): >>> IMcuListener.onMcuInfoChanged received! data=29 6D 
02-19 18:16:20.446 D/K706RadioManager(14872): MCU[0x29] len=2 : 29 6D 
02-19 18:16:20.446 D/K706RadioManager(14872): Unknown MCU packet type: 0x29
02-19 18:16:22.427 E/mcu_services( 5512): MCU2APP : [ff fe fd 03 01 29 6d 45 ff ]
02-19 18:16:22.429 D/K706RadioManager(14872): IMcuListener.onTransact: code=1 flags=16
02-19 18:16:22.430 D/K706RadioManager(14872): >>> IMcuListener.onMcuInfoChanged received! data=29 6D 
02-19 18:16:22.430 D/K706RadioManager(14872): MCU[0x29] len=2 : 29 6D 
02-19 18:16:22.430 D/K706RadioManager(14872): Unknown MCU packet type: 0x29
02-19 18:16:22.432 D/K706RadioManager(14872): IMcuListener.onTransact: code=1 flags=16
02-19 18:16:22.433 D/K706RadioManager(14872): >>> IMcuListener.onMcuInfoChanged received! data=29 6D 
02-19 18:16:22.433 D/K706RadioManager(14872): MCU[0x29] len=2 : 29 6D 
02-19 18:16:22.434 D/K706RadioManager(14872): Unknown MCU packet type: 0x29
02-19 18:16:24.416 E/mcu_services( 5512): MCU2APP : [ff fe fd 03 01 29 6d 45 ff ]
02-19 18:16:24.419 D/K706RadioManager(14872): IMcuListener.onTransact: code=1 flags=16
02-19 18:16:24.419 D/K706RadioManager(14872): >>> IMcuListener.onMcuInfoChanged received! data=29 6D 
02-19 18:16:24.419 D/K706RadioManager(14872): MCU[0x29] len=2 : 29 6D 
02-19 18:16:24.420 D/K706RadioManager(14872): Unknown MCU packet type: 0x29
02-19 18:16:24.422 D/K706RadioManager(14872): IMcuListener.onTransact: code=1 flags=16
02-19 18:16:24.423 D/K706RadioManager(14872): >>> IMcuListener.onMcuInfoChanged received! data=29 6D 
02-19 18:16:24.423 D/K706RadioManager(14872): MCU[0x29] len=2 : 29 6D 
02-19 18:16:24.423 D/K706RadioManager(14872): Unknown MCU packet type: 0x29
02-19 18:16:26.405 E/mcu_services( 5512): MCU2APP : [ff fe fd 03 01 29 6d 45 ff ]
02-19 18:16:26.408 D/K706RadioManager(14872): IMcuListener.onTransact: code=1 flags=16
02-19 18:16:26.409 D/K706RadioManager(14872): >>> IMcuListener.onMcuInfoChanged received! data=29 6D 
02-19 18:16:26.409 D/K706RadioManager(14872): MCU[0x29] len=2 : 29 6D 
02-19 18:16:26.410 D/K706RadioManager(14872): Unknown MCU packet type: 0x29
02-19 18:16:26.412 D/K706RadioManager(14872): IMcuListener.onTransact: code=1 flags=16
02-19 18:16:26.412 D/K706RadioManager(14872): >>> IMcuListener.onMcuInfoChanged received! data=29 6D 
02-19 18:16:26.412 D/K706RadioManager(14872): MCU[0x29] len=2 : 29 6D 
02-19 18:16:26.412 D/K706RadioManager(14872): Unknown MCU packet type: 0x29
02-19 18:16:28.394 E/mcu_services( 5512): MCU2APP : [ff fe fd 03 01 29 6d 45 ff ]
02-19 18:16:28.398 D/K706RadioManager(14872): IMcuListener.onTransact: code=1 flags=16
02-19 18:16:28.399 D/K706RadioManager(14872): >>> IMcuListener.onMcuInfoChanged received! data=29 6D 
02-19 18:16:28.399 D/K706RadioManager(14872): MCU[0x29] len=2 : 29 6D 
02-19 18:16:28.399 D/K706RadioManager(14872): Unknown MCU packet type: 0x29
02-19 18:16:28.402 D/K706RadioManager(14872): IMcuListener.onTransact: code=1 flags=16
02-19 18:16:28.402 D/K706RadioManager(14872): >>> IMcuListener.onMcuInfoChanged received! data=29 6D 
02-19 18:16:28.402 D/K706RadioManager(14872): MCU[0x29] len=2 : 29 6D 
02-19 18:16:28.403 D/K706RadioManager(14872): Unknown MCU packet type: 0x29
02-19 18:16:30.383 E/mcu_services( 5512): MCU2APP : [ff fe fd 03 01 29 6d 45 ff ]
02-19 18:16:30.386 D/K706RadioManager(14872): IMcuListener.onTransact: code=1 flags=16
02-19 18:16:30.386 D/K706RadioManager(14872): >>> IMcuListener.onMcuInfoChanged received! data=29 6D 
02-19 18:16:30.387 D/K706RadioManager(14872): MCU[0x29] len=2 : 29 6D 
02-19 18:16:30.387 D/K706RadioManager(14872): Unknown MCU packet type: 0x29
02-19 18:16:30.389 D/K706RadioManager(14872): IMcuListener.onTransact: code=1 flags=16
02-19 18:16:30.390 D/K706RadioManager(14872): >>> IMcuListener.onMcuInfoChanged received! data=29 6D 
02-19 18:16:30.390 D/K706RadioManager(14872): MCU[0x29] len=2 : 29 6D 
02-19 18:16:30.390 D/K706RadioManager(14872): Unknown MCU packet type: 0x29
02-19 18:16:32.372 E/mcu_services( 5512): MCU2APP : [ff fe fd 03 01 29 6d 45 ff ]
02-19 18:16:32.375 D/K706RadioManager(14872): IMcuListener.onTransact: code=1 flags=16
02-19 18:16:32.375 D/K706RadioManager(14872): >>> IMcuListener.onMcuInfoChanged received! data=29 6D 
02-19 18:16:32.376 D/K706RadioManager(14872): MCU[0x29] len=2 : 29 6D 
02-19 18:16:32.376 D/K706RadioManager(14872): Unknown MCU packet type: 0x29
02-19 18:16:32.379 D/K706RadioManager(14872): IMcuListener.onTransact: code=1 flags=16
02-19 18:16:32.380 D/K706RadioManager(14872): >>> IMcuListener.onMcuInfoChanged received! data=29 6D 
02-19 18:16:32.380 D/K706RadioManager(14872): MCU[0x29] len=2 : 29 6D 
02-19 18:16:32.381 D/K706RadioManager(14872): Unknown MCU packet type: 0x29
02-19 18:16:34.361 E/mcu_services( 5512): MCU2APP : [ff fe fd 03 01 29 6d 45 ff ]
02-19 18:16:34.364 D/K706RadioManager(14872): IMcuListener.onTransact: code=1 flags=16
02-19 18:16:34.365 D/K706RadioManager(14872): >>> IMcuListener.onMcuInfoChanged received! data=29 6D 
02-19 18:16:34.365 D/K706RadioManager(14872): MCU[0x29] len=2 : 29 6D 
02-19 18:16:34.365 D/K706RadioManager(14872): Unknown MCU packet type: 0x29
02-19 18:16:34.368 D/K706RadioManager(14872): IMcuListener.onTransact: code=1 flags=16
02-19 18:16:34.369 D/K706RadioManager(14872): >>> IMcuListener.onMcuInfoChanged received! data=29 6D 
02-19 18:16:34.369 D/K706RadioManager(14872): MCU[0x29] len=2 : 29 6D 
02-19 18:16:34.370 D/K706RadioManager(14872): Unknown MCU packet type: 0x29
02-19 18:16:36.349 E/mcu_services( 5512): MCU2APP : [ff fe fd 03 01 29 6d 45 ff ]
02-19 18:16:36.351 D/K706RadioManager(14872): IMcuListener.onTransact: code=1 flags=16
02-19 18:16:36.351 D/K706RadioManager(14872): >>> IMcuListener.onMcuInfoChanged received! data=29 6D 
02-19 18:16:36.351 D/K706RadioManager(14872): MCU[0x29] len=2 : 29 6D 
02-19 18:16:36.351 D/K706RadioManager(14872): Unknown MCU packet type: 0x29
02-19 18:16:36.353 D/K706RadioManager(14872): IMcuListener.onTransact: code=1 flags=16
02-19 18:16:36.353 D/K706RadioManager(14872): >>> IMcuListener.onMcuInfoChanged received! data=29 6D 
02-19 18:16:36.353 D/K706RadioManager(14872): MCU[0x29] len=2 : 29 6D 
02-19 18:16:36.353 D/K706RadioManager(14872): Unknown MCU packet type: 0x29
02-19 18:16:38.339 E/mcu_services( 5512): MCU2APP : [ff fe fd 03 01 29 6d 45 ff ]
02-19 18:16:38.342 D/K706RadioManager(14872): IMcuListener.onTransact: code=1 flags=16
02-19 18:16:38.343 D/K706RadioManager(14872): >>> IMcuListener.onMcuInfoChanged received! data=29 6D 
02-19 18:16:38.343 D/K706RadioManager(14872): MCU[0x29] len=2 : 29 6D 
02-19 18:16:38.344 D/K706RadioManager(14872): Unknown MCU packet type: 0x29
02-19 18:16:38.347 D/K706RadioManager(14872): IMcuListener.onTransact: code=1 flags=16
02-19 18:16:38.348 D/K706RadioManager(14872): >>> IMcuListener.onMcuInfoChanged received! data=29 6D 
02-19 18:16:38.348 D/K706RadioManager(14872): MCU[0x29] len=2 : 29 6D 
02-19 18:16:38.348 D/K706RadioManager(14872): Unknown MCU packet type: 0x29
