--------- beginning of main
--------- beginning of system
02-19 17:44:35.931 E/mcu_services( 5512): MCU2APP : [ff fe fd 03 01 29 6d 45 ff ]
02-19 17:44:37.920 E/mcu_services( 5512): MCU2APP : [ff fe fd 03 01 29 6d 45 ff ]
02-19 17:44:38.247 D/K706RadioManager( 2129): Got IMcuManager instance: android.qf.mcu.IMcuManager$Stub$Proxy@f4eb712
02-19 17:44:38.247 D/K706RadioManager( 2129): Permissions requested successfully (Transact 1001)
02-19 17:44:38.248 D/K706RadioManager( 2129): IMcuListener.asBinder() called
02-19 17:44:38.248 E/mcu_services( 5512): RPC_RequestMcuInfoChangedListener - packageName: com.example.openradiofm
02-19 17:44:38.249 E/K706RadioManager( 2129): Error registering McuListener (IMcuListener attempt)
02-19 17:44:38.249 E/K706RadioManager( 2129): java.lang.reflect.InvocationTargetException
02-19 17:44:38.249 E/K706RadioManager( 2129): 	at java.lang.reflect.Method.invoke(Native Method)
02-19 17:44:38.249 E/K706RadioManager( 2129): 	at com.example.openradiofm.data.source.K706RadioManager.registerMcuListener(K706RadioManager.java:225)
02-19 17:44:38.249 E/K706RadioManager( 2129): 	at com.example.openradiofm.data.source.K706RadioManager.initMcuConnection(K706RadioManager.java:127)
02-19 17:44:38.249 E/K706RadioManager( 2129): 	at com.example.openradiofm.data.source.K706RadioManager.<init>(K706RadioManager.java:89)
02-19 17:44:38.249 E/K706RadioManager( 2129): 	at com.example.openradiofm.ui.main.MainActivity.conectarRadio(MainActivity.java:1309)
02-19 17:44:38.249 E/K706RadioManager( 2129): 	at com.example.openradiofm.ui.main.MainActivity.onCreate(MainActivity.java:526)
02-19 17:44:38.249 E/K706RadioManager( 2129): 	at android.app.Activity.performCreate(Activity.java:8037)
02-19 17:44:38.249 E/K706RadioManager( 2129): 	at android.app.Activity.performCreate(Activity.java:8025)
02-19 17:44:38.249 E/K706RadioManager( 2129): 	at android.app.Instrumentation.callActivityOnCreate(Instrumentation.java:1315)
02-19 17:44:38.249 E/K706RadioManager( 2129): 	at android.app.ActivityThread.performLaunchActivity(ActivityThread.java:3312)
02-19 17:44:38.249 E/K706RadioManager( 2129): 	at android.app.ActivityThread.handleLaunchActivity(ActivityThread.java:3493)
02-19 17:44:38.249 E/K706RadioManager( 2129): 	at android.app.servertransaction.LaunchActivityItem.execute(LaunchActivityItem.java:83)
02-19 17:44:38.249 E/K706RadioManager( 2129): 	at android.app.servertransaction.TransactionExecutor.executeCallbacks(TransactionExecutor.java:135)
02-19 17:44:38.249 E/K706RadioManager( 2129): 	at android.app.servertransaction.TransactionExecutor.execute(TransactionExecutor.java:95)
02-19 17:44:38.249 E/K706RadioManager( 2129): 	at android.app.ActivityThread$H.handleMessage(ActivityThread.java:2057)
02-19 17:44:38.249 E/K706RadioManager( 2129): 	at android.os.Handler.dispatchMessage(Handler.java:107)
02-19 17:44:38.249 E/K706RadioManager( 2129): 	at android.os.Looper.loop(Looper.java:214)
02-19 17:44:38.249 E/K706RadioManager( 2129): 	at android.app.ActivityThread.main(ActivityThread.java:7660)
02-19 17:44:38.249 E/K706RadioManager( 2129): 	at java.lang.reflect.Method.invoke(Native Method)
02-19 17:44:38.249 E/K706RadioManager( 2129): 	at com.android.internal.os.RuntimeInit$MethodAndArgsCaller.run(RuntimeInit.java:503)
02-19 17:44:38.249 E/K706RadioManager( 2129): 	at com.android.internal.os.ZygoteInit.main(ZygoteInit.java:936)
02-19 17:44:38.249 E/K706RadioManager( 2129): Caused by: java.lang.IllegalArgumentException: need eiter listener
02-19 17:44:38.249 E/K706RadioManager( 2129): 	at android.os.Parcel.createException(Parcel.java:2075)
02-19 17:44:38.249 E/K706RadioManager( 2129): 	at android.os.Parcel.readException(Parcel.java:2039)
02-19 17:44:38.249 E/K706RadioManager( 2129): 	at android.os.Parcel.readException(Parcel.java:1987)
02-19 17:44:38.249 E/K706RadioManager( 2129): 	at android.qf.mcu.IMcuManager$Stub$Proxy.RPC_RequestMcuInfoChangedListener(IMcuManager.java:642)
02-19 17:44:38.249 E/K706RadioManager( 2129): 	... 21 more
02-19 17:44:38.251 E/K706RadioManager( 2129): Fallback McuListener also failed
02-19 17:44:38.251 E/K706RadioManager( 2129): java.lang.NoSuchMethodException: android.qf.mcu.IMcuManager$Stub$Proxy.RPC_RequestMcuInfoChangedListener [interface android.qf.mcu.McuListener]
02-19 17:44:38.251 E/K706RadioManager( 2129): 	at java.lang.Class.getMethod(Class.java:2072)
02-19 17:44:38.251 E/K706RadioManager( 2129): 	at java.lang.Class.getMethod(Class.java:1693)
02-19 17:44:38.251 E/K706RadioManager( 2129): 	at com.example.openradiofm.data.source.K706RadioManager.registerMcuListenerFallback(K706RadioManager.java:264)
02-19 17:44:38.251 E/K706RadioManager( 2129): 	at com.example.openradiofm.data.source.K706RadioManager.registerMcuListener(K706RadioManager.java:232)
02-19 17:44:38.251 E/K706RadioManager( 2129): 	at com.example.openradiofm.data.source.K706RadioManager.initMcuConnection(K706RadioManager.java:127)
02-19 17:44:38.251 E/K706RadioManager( 2129): 	at com.example.openradiofm.data.source.K706RadioManager.<init>(K706RadioManager.java:89)
02-19 17:44:38.251 E/K706RadioManager( 2129): 	at com.example.openradiofm.ui.main.MainActivity.conectarRadio(MainActivity.java:1309)
02-19 17:44:38.251 E/K706RadioManager( 2129): 	at com.example.openradiofm.ui.main.MainActivity.onCreate(MainActivity.java:526)
02-19 17:44:38.251 E/K706RadioManager( 2129): 	at android.app.Activity.performCreate(Activity.java:8037)
02-19 17:44:38.251 E/K706RadioManager( 2129): 	at android.app.Activity.performCreate(Activity.java:8025)
02-19 17:44:38.251 E/K706RadioManager( 2129): 	at android.app.Instrumentation.callActivityOnCreate(Instrumentation.java:1315)
02-19 17:44:38.251 E/K706RadioManager( 2129): 	at android.app.ActivityThread.performLaunchActivity(ActivityThread.java:3312)
02-19 17:44:38.251 E/K706RadioManager( 2129): 	at android.app.ActivityThread.handleLaunchActivity(ActivityThread.java:3493)
02-19 17:44:38.251 E/K706RadioManager( 2129): 	at android.app.servertransaction.LaunchActivityItem.execute(LaunchActivityItem.java:83)
02-19 17:44:38.251 E/K706RadioManager( 2129): 	at android.app.servertransaction.TransactionExecutor.executeCallbacks(TransactionExecutor.java:135)
02-19 17:44:38.251 E/K706RadioManager( 2129): 	at android.app.servertransaction.TransactionExecutor.execute(TransactionExecutor.java:95)
02-19 17:44:38.251 E/K706RadioManager( 2129): 	at android.app.ActivityThread$H.handleMessage(ActivityThread.java:2057)
02-19 17:44:38.251 E/K706RadioManager( 2129): 	at android.os.Handler.dispatchMessage(Handler.java:107)
02-19 17:44:38.251 E/K706RadioManager( 2129): 	at android.os.Looper.loop(Looper.java:214)
02-19 17:44:38.251 E/K706RadioManager( 2129): 	at android.app.ActivityThread.main(ActivityThread.java:7660)
02-19 17:44:38.251 E/K706RadioManager( 2129): 	at java.lang.reflect.Method.invoke(Native Method)
02-19 17:44:38.251 E/K706RadioManager( 2129): 	at com.android.internal.os.RuntimeInit$MethodAndArgsCaller.run(RuntimeInit.java:503)
02-19 17:44:38.251 E/K706RadioManager( 2129): 	at com.android.internal.os.ZygoteInit.main(ZygoteInit.java:936)
02-19 17:44:38.251 D/K706RadioManager( 2129): RPC_SendMcuMsgData: OK
02-19 17:44:38.251 D/K706RadioManager( 2129): RPC_SetVolumeMute(boolean): OK
02-19 17:44:38.251 D/K706RadioManager( 2129): RPC_GetChannel: OK
02-19 17:44:38.251 D/K706RadioManager( 2129): RPC_SetChannel(byte): OK
02-19 17:44:38.251 D/K706RadioManager( 2129): === Métodos disponibles en IMcuManager ===
02-19 17:44:38.252 D/K706RadioManager( 2129):   RPC_GetAmpSwitch() -> boolean
02-19 17:44:38.252 D/K706RadioManager( 2129):   RPC_GetChannel() -> byte
02-19 17:44:38.252 D/K706RadioManager( 2129):   RPC_GetEQData() -> byte[]
02-19 17:44:38.252 D/K706RadioManager( 2129):   RPC_GetGisVoiceState() -> byte
02-19 17:44:38.252 D/K706RadioManager( 2129):   RPC_GetMcuVer() -> byte[]
02-19 17:44:38.252 D/K706RadioManager( 2129):   RPC_GetVolume() -> byte
02-19 17:44:38.252 D/K706RadioManager( 2129):   RPC_GetVolumeMute() -> boolean
02-19 17:44:38.252 D/K706RadioManager( 2129):   RPC_KeyCommand(byte, byte[]) -> void
02-19 17:44:38.252 D/K706RadioManager( 2129):   RPC_McuCallbackFinished(IMcuListener) -> void
02-19 17:44:38.252 D/K706RadioManager( 2129):   RPC_RemoveMcuInfoChangedListener(IMcuListener, String) -> void
02-19 17:44:38.253 D/K706RadioManager( 2129):   RPC_RequestMcuInfoChangedListener(IMcuListener, String) -> void
02-19 17:44:38.253 D/K706RadioManager( 2129):   RPC_SendAndroidStatus(int) -> void
02-19 17:44:38.253 D/K706RadioManager( 2129):   RPC_SendCANInfo(byte[], int) -> void
02-19 17:44:38.253 D/K706RadioManager( 2129):   RPC_SendHeadLightState(boolean) -> void
02-19 17:44:38.253 D/K706RadioManager( 2129):   RPC_SendMCUData(byte[], int) -> void
02-19 17:44:38.253 D/K706RadioManager( 2129):   RPC_SendMcuCmdData(byte, byte[], int) -> void
02-19 17:44:38.253 D/K706RadioManager( 2129):   RPC_SendMcuMsgData(byte, byte[], int) -> void
02-19 17:44:38.253 D/K706RadioManager( 2129):   RPC_SendSetQicaideng(byte[], int) -> void
02-19 17:44:38.253 D/K706RadioManager( 2129):   RPC_SetAmpSwitch(boolean) -> void
02-19 17:44:38.253 D/K706RadioManager( 2129):   RPC_SetChannel(byte) -> void
02-19 17:44:38.253 D/K706RadioManager( 2129):   RPC_SetChannelGain(byte) -> void
02-19 17:44:38.253 D/K706RadioManager( 2129):   RPC_SetCodecStatus(boolean) -> void
02-19 17:44:38.253 D/K706RadioManager( 2129):   RPC_SetEQData(byte[]) -> void
02-19 17:44:38.253 D/K706RadioManager( 2129):   RPC_SetGisVoice(byte) -> void
02-19 17:44:38.253 D/K706RadioManager( 2129):   RPC_SetVolume(byte) -> void
02-19 17:44:38.253 D/K706RadioManager( 2129):   RPC_SetVolumeMute(boolean) -> void
02-19 17:44:38.253 D/K706RadioManager( 2129):   RPC_SetVolumeMuteEx(boolean, byte) -> void
02-19 17:44:38.253 D/K706RadioManager( 2129):   RPC_SetVolumeMuteNoBroadcast(boolean) -> void
02-19 17:44:38.253 D/K706RadioManager( 2129):   RPC_UpdateMCU(byte) -> void
02-19 17:44:38.253 D/K706RadioManager( 2129):   RPC_UsbUpgrade(byte) -> void
02-19 17:44:38.253 D/K706RadioManager( 2129): === INICIO SECUENCIA AUDIO FM ===
02-19 17:44:38.254 E/mcu_services( 5512): RPC_SetVolumeMute - isMute: true
02-19 17:44:38.254 E/mcu_services( 5512): requestMute - isMute: true - time: 0 fromWhatPid=2129
02-19 17:44:38.254 E/mcu_services( 5512): APP2MCU - writeToUartNormal : [ff fd fe 04 01 82 01 00 82 ff ]
02-19 17:44:38.254 D/K706RadioManager( 2129): Mute set to: true
02-19 17:44:38.254 D/K706RadioManager( 2129): [1/6] setMute(true) OK
02-19 17:44:38.255 E/mcu_services( 5512): RPC_SetChannel - mode: 2 fromWhatpid=2129
02-19 17:44:38.255 E/mcu_services( 5512): audio channel change to MPU, current_audio_source=nothing
02-19 17:44:38.255 E/mcu_services( 5512): setVolType - oldVolType: media_type - newVolType: radio_type - mode: 2 isCallStart=false
02-19 17:44:38.256 E/mcu_services( 5512): RPC_SetChannel - type: radio_type - volume: 6
02-19 17:44:38.256 E/mcu_services( 5512): APP2MCU - writeToUartNormal : [ff fd fe 04 01 84 02 06 81 ff ]
02-19 17:44:38.257 D/K706RadioManager( 2129): [2/6] RPC_SetChannel(2) OK - Canal FM activado
02-19 17:44:38.270 E/McuManager( 4140): call RPC_SetChannel(4) from 4140
02-19 17:44:38.270 E/mcu_services( 5512): RPC_SetChannel - mode: 4 fromWhatpid=4140
02-19 17:44:38.270 E/mcu_services( 5512): audio channel change to MPU, current_audio_source=nothing
02-19 17:44:38.270 E/mcu_services( 5512): setVolType - oldVolType: radio_type - newVolType: media_type - mode: 4 isCallStart=false
02-19 17:44:38.271 E/mcu_services( 5512): RPC_SetChannel - type: media_type - volume: 17
02-19 17:44:38.271 E/mcu_services( 5512): APP2MCU - writeToUartNormal : [ff fd fe 04 01 84 04 11 90 ff ]
02-19 17:44:38.273 D/K706RadioManager( 2129): Audio Focus Granted
02-19 17:44:38.273 D/K706RadioManager( 2129): [3/6] requestAudioFocus
02-19 17:44:38.275 D/K706RadioManager( 2129): AudioSystem.setForceUse(1, 1)
02-19 17:44:38.275 D/K706RadioManager( 2129): [4/6] setForceUse(true)
02-19 17:44:38.275 E/mcu_services( 5512): APP2MCU - writeToUart: [ff fd fe 07 01 40 2e c4 01 85 b5 9a ff ]
02-19 17:44:38.277 D/K706RadioManager( 2129): Set Audio Params: fm_radio_on=1;fm_mute=0
02-19 17:44:38.277 D/K706RadioManager( 2129): [5/6] setAudioParams(on)
02-19 17:44:38.277 E/mcu_services( 5512): RPC_SetVolumeMute - isMute: false
02-19 17:44:38.277 E/mcu_services( 5512): requestMute - isMute: false - time: 0 fromWhatPid=2129
02-19 17:44:38.277 E/mcu_services( 5512): APP2MCU - writeToUartNormal : [ff fd fe 04 01 82 00 00 83 ff ]
02-19 17:44:38.278 D/K706RadioManager( 2129): Mute set to: false
02-19 17:44:38.278 D/K706RadioManager( 2129): [6/6] setMute(false) OK
02-19 17:44:38.278 D/K706RadioManager( 2129): === FIN SECUENCIA AUDIO FM ===
02-19 17:44:38.278 D/K706RadioManager( 2129): K706RadioManager initialized and connected.
02-19 17:44:38.278 D/K706RadioManager( 2129): Callback registrado
02-19 17:44:38.278 E/mcu_services( 5512): MCU2APP : [ff fe fd 12 01 b1 00 00 24 36 22 ce 23 32 23 aa 23 aa 24 04 24 68 33 ff ]
02-19 17:44:38.278 E/mcu_services( 5512): MCU2APP : [ff fe fd 03 01 b0 50 e1 ff ]
02-19 17:44:38.279 E/mcu_services( 5512): MCU2APP : [ff fe fd 03 01 b3 0c be ff ]
02-19 17:44:38.279 E/mcu_services( 5512): MCU2APP : [ff fe fd 03 02 82 01 81 ff ]
02-19 17:44:38.279 E/mcu_services( 5512): MCU2APP : [ff fe fd 03 02 84 02 84 ff ]
02-19 17:44:38.279 E/mcu_services( 5512): MCU2APP : [ff fe fd 12 01 b1 00 00 24 36 22 ce 23 32 23 aa 23 aa 24 04 24 68 33 ff ]
02-19 17:44:38.280 E/mcu_services( 5512): MCU2APP : [ff fe fd 03 01 b0 50 e1 ff ]
02-19 17:44:38.280 E/mcu_services( 5512): MCU2APP : [ff fe fd 03 01 b3 0c be ff ]
02-19 17:44:38.280 E/mcu_services( 5512): MCU2APP : [ff fe fd 03 02 84 04 82 ff ]
02-19 17:44:38.281 E/mcu_services( 5512): sendAckSuccess : [ff fd fe 02 02 b3 b1 ff ]
02-19 17:44:38.281 E/mcu_services( 5512): APP2MCU - writeToUart: [ff fd fe 02 02 b3 b1 ff ]
02-19 17:44:38.282 E/mcu_services( 5512): sendAckSuccess : [ff fd fe 02 02 b3 b1 ff ]
02-19 17:44:38.282 E/mcu_services( 5512): APP2MCU - writeToUart: [ff fd fe 02 02 b3 b1 ff ]
02-19 17:44:38.283 D/TunerPresenter(15794): handleTunerRawData: b1 0 0 24 36 22 ce 23 32 23 aa 23 aa 24 4 24 68 
02-19 17:44:38.283 D/TunerManagerForExt(15794): FMRadio main (TunerManagerForExt.java:147) onTunerPresetListChanged:  - mBand: 0 - mPresetIndex: 0 - mFrequency: 9270 - index: 0 - preset: 8910 - index: 1 - preset: 9010 - index: 2 - preset: 9130 - index: 3 - preset: 9130 - index: 4 - preset: 9220 - index: 5 - preset: 9320
02-19 17:44:38.287 D/K706RadioManager( 2129): Estado sincronizado manual: 87500 / B0
02-19 17:44:38.287 E/mcu_services( 5512): MCU2APP : [ff fe fd 03 02 82 00 80 ff ]
02-19 17:44:38.296 D/TunerPresenter(15794): handleTunerRawData: b0 50 
02-19 17:44:38.297 D/TunerManagerForExt(15794): FMRadio main (TunerManagerForExt.java:108) onTunerInfoChanged: onTunerInfoChanged - flag: 80 - asFlag: 0 - psFlag: 0 - scanFlag: 0 - seekFlag: 0 - mStFlag: 1 - mLocFlag: 0 - mIsSearching: false - mTempSearching: false
02-19 17:44:38.297 D/TunerManagerForExt(15794): FMRadio main (TunerManagerForExt.java:118) onTunerInfoChanged: mIsSearching: false - mTempSearching: false - asFlag: 0 - seekFlag: 0
02-19 17:44:38.298 D/TunerPresenter(15794): handleTunerRawData: b3 c 
02-19 17:44:38.305 D/TunerManagerForExt(15794): FMRadio main (TunerManagerForExt.java:174) onTuneRdsInfo: onTuneRdsInfo - flag: 12 - mRdsAFSwitch: 0 - mRdsTASwitch: 0
02-19 17:44:38.305 D/TunerPresenter(15794): handleTunerRawData: b1 0 0 24 36 22 ce 23 32 23 aa 23 aa 24 4 24 68 
02-19 17:44:38.306 D/TunerManagerForExt(15794): FMRadio main (TunerManagerForExt.java:147) onTunerPresetListChanged:  - mBand: 0 - mPresetIndex: 0 - mFrequency: 9270 - index: 0 - preset: 8910 - index: 1 - preset: 9010 - index: 2 - preset: 9130 - index: 3 - preset: 9130 - index: 4 - preset: 9220 - index: 5 - preset: 9320
02-19 17:44:38.306 E/mcu_services( 5512): APP2MCU - writeToUart: [ff fd fe 07 01 40 2e c4 01 85 b5 9a ff ]
02-19 17:44:38.306 D/TunerPresenter(15794): handleTunerRawData: b0 50 
02-19 17:44:38.307 D/TunerManagerForExt(15794): FMRadio main (TunerManagerForExt.java:108) onTunerInfoChanged: onTunerInfoChanged - flag: 80 - asFlag: 0 - psFlag: 0 - scanFlag: 0 - seekFlag: 0 - mStFlag: 1 - mLocFlag: 0 - mIsSearching: false - mTempSearching: false
02-19 17:44:38.307 D/TunerManagerForExt(15794): FMRadio main (TunerManagerForExt.java:118) onTunerInfoChanged: mIsSearching: false - mTempSearching: false - asFlag: 0 - seekFlag: 0
02-19 17:44:38.307 D/TunerPresenter(15794): handleTunerRawData: b3 c 
02-19 17:44:38.312 D/TunerManagerForExt(15794): FMRadio main (TunerManagerForExt.java:174) onTuneRdsInfo: onTuneRdsInfo - flag: 12 - mRdsAFSwitch: 0 - mRdsTASwitch: 0
02-19 17:44:38.319 E/mcu_services( 5512): MCU2APP : [ff fe fd 12 01 b1 00 00 24 36 22 ce 23 32 23 aa 23 aa 24 04 24 68 33 ff ]
02-19 17:44:38.320 E/mcu_services( 5512): MCU2APP : [ff fe fd 03 01 b0 50 e1 ff ]
02-19 17:44:38.325 D/TunerPresenter(15794): handleTunerRawData: b1 0 0 24 36 22 ce 23 32 23 aa 23 aa 24 4 24 68 
02-19 17:44:38.326 D/TunerManagerForExt(15794): FMRadio main (TunerManagerForExt.java:147) onTunerPresetListChanged:  - mBand: 0 - mPresetIndex: 0 - mFrequency: 9270 - index: 0 - preset: 8910 - index: 1 - preset: 9010 - index: 2 - preset: 9130 - index: 3 - preset: 9130 - index: 4 - preset: 9220 - index: 5 - preset: 9320
02-19 17:44:38.326 D/TunerPresenter(15794): handleTunerRawData: b0 50 
02-19 17:44:38.327 D/TunerManagerForExt(15794): FMRadio main (TunerManagerForExt.java:108) onTunerInfoChanged: onTunerInfoChanged - flag: 80 - asFlag: 0 - psFlag: 0 - scanFlag: 0 - seekFlag: 0 - mStFlag: 1 - mLocFlag: 0 - mIsSearching: false - mTempSearching: false
02-19 17:44:38.327 D/TunerManagerForExt(15794): FMRadio main (TunerManagerForExt.java:118) onTunerInfoChanged: mIsSearching: false - mTempSearching: false - asFlag: 0 - seekFlag: 0
02-19 17:44:38.337 E/mcu_services( 5512): APP2MCU - writeToUart: [ff fd fe 07 01 40 2e c4 01 8f ab 8e ff ]
02-19 17:44:38.368 E/mcu_services( 5512): APP2MCU - writeToUart: [ff fd fe 07 01 40 2e c4 01 0f 2b 8e ff ]
02-19 17:44:38.489 E/mcu_services( 5512): APP2MCU - writeToUart: [ff fd fe 08 01 40 2e c0 02 0c 30 01 90 ff ]
02-19 17:44:39.908 E/mcu_services( 5512): MCU2APP : [ff fe fd 03 01 29 6d 45 ff ]
02-19 17:44:41.897 E/mcu_services( 5512): MCU2APP : [ff fe fd 03 01 29 6d 45 ff ]
02-19 17:44:43.572 E/mcu_services( 5512): APP2MCU - writeToUartNormal : [ff fd fe 05 01 a0 01 00 00 a0 ff ]
02-19 17:44:43.574 D/K706RadioManager( 2129): CMD Enviado: sub=0x01 p1=0x00 p2=0x00
02-19 17:44:43.574 D/K706RadioManager( 2129): Seek UP iniciado
02-19 17:44:43.591 E/mcu_services( 5512): MCU2APP : [ff fe fd 12 01 b1 00 00 24 3b 22 ce 23 32 23 aa 23 aa 24 04 24 68 3e ff ]
02-19 17:44:43.591 E/mcu_services( 5512): MCU2APP : [ff fe fd 03 01 b0 58 e9 ff ]
02-19 17:44:43.595 D/TunerPresenter(15794): handleTunerRawData: b1 0 0 24 3b 22 ce 23 32 23 aa 23 aa 24 4 24 68 
02-19 17:44:43.595 D/TunerManagerForExt(15794): FMRadio main (TunerManagerForExt.java:147) onTunerPresetListChanged:  - mBand: 0 - mPresetIndex: 0 - mFrequency: 9275 - index: 0 - preset: 8910 - index: 1 - preset: 9010 - index: 2 - preset: 9130 - index: 3 - preset: 9130 - index: 4 - preset: 9220 - index: 5 - preset: 9320
02-19 17:44:43.610 D/TunerPresenter(15794): handleTunerRawData: b0 58 
02-19 17:44:43.610 D/TunerManagerForExt(15794): FMRadio main (TunerManagerForExt.java:108) onTunerInfoChanged: onTunerInfoChanged - flag: 88 - asFlag: 0 - psFlag: 0 - scanFlag: 0 - seekFlag: 1 - mStFlag: 1 - mLocFlag: 0 - mIsSearching: false - mTempSearching: false
02-19 17:44:43.610 D/TunerManagerForExt(15794): FMRadio main (TunerManagerForExt.java:118) onTunerInfoChanged: mIsSearching: true - mTempSearching: false - asFlag: 0 - seekFlag: 1
02-19 17:44:43.640 E/mcu_services( 5512): MCU2APP : [ff fe fd 12 01 b1 00 00 24 40 22 ce 23 32 23 aa 23 aa 24 04 24 68 45 ff ]
02-19 17:44:43.644 D/TunerPresenter(15794): handleTunerRawData: b1 0 0 24 40 22 ce 23 32 23 aa 23 aa 24 4 24 68 
02-19 17:44:43.647 D/TunerManagerForExt(15794): FMRadio main (TunerManagerForExt.java:147) onTunerPresetListChanged:  - mBand: 0 - mPresetIndex: 0 - mFrequency: 9280 - index: 0 - preset: 8910 - index: 1 - preset: 9010 - index: 2 - preset: 9130 - index: 3 - preset: 9130 - index: 4 - preset: 9220 - index: 5 - preset: 9320
02-19 17:44:43.690 E/mcu_services( 5512): MCU2APP : [ff fe fd 12 01 b1 00 00 24 45 22 ce 23 32 23 aa 23 aa 24 04 24 68 40 ff ]
02-19 17:44:43.693 D/TunerPresenter(15794): handleTunerRawData: b1 0 0 24 45 22 ce 23 32 23 aa 23 aa 24 4 24 68 
02-19 17:44:43.697 D/TunerManagerForExt(15794): FMRadio main (TunerManagerForExt.java:147) onTunerPresetListChanged:  - mBand: 0 - mPresetIndex: 0 - mFrequency: 9285 - index: 0 - preset: 8910 - index: 1 - preset: 9010 - index: 2 - preset: 9130 - index: 3 - preset: 9130 - index: 4 - preset: 9220 - index: 5 - preset: 9320
02-19 17:44:43.739 E/mcu_services( 5512): MCU2APP : [ff fe fd 12 01 b1 00 00 24 4a 22 ce 23 32 23 aa 23 aa 24 04 24 68 4f ff ]
02-19 17:44:43.744 D/TunerPresenter(15794): handleTunerRawData: b1 0 0 24 4a 22 ce 23 32 23 aa 23 aa 24 4 24 68 
02-19 17:44:43.748 D/TunerManagerForExt(15794): FMRadio main (TunerManagerForExt.java:147) onTunerPresetListChanged:  - mBand: 0 - mPresetIndex: 0 - mFrequency: 9290 - index: 0 - preset: 8910 - index: 1 - preset: 9010 - index: 2 - preset: 9130 - index: 3 - preset: 9130 - index: 4 - preset: 9220 - index: 5 - preset: 9320
02-19 17:44:43.789 E/mcu_services( 5512): MCU2APP : [ff fe fd 12 01 b1 00 00 24 4f 22 ce 23 32 23 aa 23 aa 24 04 24 68 4a ff ]
02-19 17:44:43.793 D/TunerPresenter(15794): handleTunerRawData: b1 0 0 24 4f 22 ce 23 32 23 aa 23 aa 24 4 24 68 
02-19 17:44:43.796 D/TunerManagerForExt(15794): FMRadio main (TunerManagerForExt.java:147) onTunerPresetListChanged:  - mBand: 0 - mPresetIndex: 0 - mFrequency: 9295 - index: 0 - preset: 8910 - index: 1 - preset: 9010 - index: 2 - preset: 9130 - index: 3 - preset: 9130 - index: 4 - preset: 9220 - index: 5 - preset: 9320
02-19 17:44:43.839 E/mcu_services( 5512): MCU2APP : [ff fe fd 12 01 b1 00 00 24 54 22 ce 23 32 23 aa 23 aa 24 04 24 68 51 ff ]
02-19 17:44:43.843 D/TunerPresenter(15794): handleTunerRawData: b1 0 0 24 54 22 ce 23 32 23 aa 23 aa 24 4 24 68 
02-19 17:44:43.846 D/TunerManagerForExt(15794): FMRadio main (TunerManagerForExt.java:147) onTunerPresetListChanged:  - mBand: 0 - mPresetIndex: 0 - mFrequency: 9300 - index: 0 - preset: 8910 - index: 1 - preset: 9010 - index: 2 - preset: 9130 - index: 3 - preset: 9130 - index: 4 - preset: 9220 - index: 5 - preset: 9320
02-19 17:44:43.889 E/mcu_services( 5512): MCU2APP : [ff fe fd 03 01 29 6d 45 ff ]
02-19 17:44:43.889 E/mcu_services( 5512): MCU2APP : [ff fe fd 12 01 b1 00 00 24 59 22 ce 23 32 23 aa 23 aa 24 04 24 68 5c ff ]
02-19 17:44:43.896 D/TunerPresenter(15794): handleTunerRawData: b1 0 0 24 59 22 ce 23 32 23 aa 23 aa 24 4 24 68 
02-19 17:44:43.900 D/TunerManagerForExt(15794): FMRadio main (TunerManagerForExt.java:147) onTunerPresetListChanged:  - mBand: 0 - mPresetIndex: 0 - mFrequency: 9305 - index: 0 - preset: 8910 - index: 1 - preset: 9010 - index: 2 - preset: 9130 - index: 3 - preset: 9130 - index: 4 - preset: 9220 - index: 5 - preset: 9320
02-19 17:44:43.938 E/mcu_services( 5512): MCU2APP : [ff fe fd 12 01 b1 00 00 24 5e 22 ce 23 32 23 aa 23 aa 24 04 24 68 5b ff ]
02-19 17:44:43.942 D/TunerPresenter(15794): handleTunerRawData: b1 0 0 24 5e 22 ce 23 32 23 aa 23 aa 24 4 24 68 
02-19 17:44:43.946 D/TunerManagerForExt(15794): FMRadio main (TunerManagerForExt.java:147) onTunerPresetListChanged:  - mBand: 0 - mPresetIndex: 0 - mFrequency: 9310 - index: 0 - preset: 8910 - index: 1 - preset: 9010 - index: 2 - preset: 9130 - index: 3 - preset: 9130 - index: 4 - preset: 9220 - index: 5 - preset: 9320
02-19 17:44:43.987 E/mcu_services( 5512): MCU2APP : [ff fe fd 12 01 b1 00 00 24 63 22 ce 23 32 23 aa 23 aa 24 04 24 68 66 ff ]
02-19 17:44:43.990 D/TunerPresenter(15794): handleTunerRawData: b1 0 0 24 63 22 ce 23 32 23 aa 23 aa 24 4 24 68 
02-19 17:44:43.992 D/TunerManagerForExt(15794): FMRadio main (TunerManagerForExt.java:147) onTunerPresetListChanged:  - mBand: 0 - mPresetIndex: 0 - mFrequency: 9315 - index: 0 - preset: 8910 - index: 1 - preset: 9010 - index: 2 - preset: 9130 - index: 3 - preset: 9130 - index: 4 - preset: 9220 - index: 5 - preset: 9320
02-19 17:44:44.037 E/mcu_services( 5512): MCU2APP : [ff fe fd 12 01 b1 00 00 24 68 22 ce 23 32 23 aa 23 aa 24 04 24 68 6d ff ]
02-19 17:44:44.041 D/TunerPresenter(15794): handleTunerRawData: b1 0 0 24 68 22 ce 23 32 23 aa 23 aa 24 4 24 68 
02-19 17:44:44.044 D/TunerManagerForExt(15794): FMRadio main (TunerManagerForExt.java:147) onTunerPresetListChanged:  - mBand: 0 - mPresetIndex: 0 - mFrequency: 9320 - index: 0 - preset: 8910 - index: 1 - preset: 9010 - index: 2 - preset: 9130 - index: 3 - preset: 9130 - index: 4 - preset: 9220 - index: 5 - preset: 9320
02-19 17:44:44.082 E/mcu_services( 5512): MCU2APP : [ff fe fd 12 01 b1 00 06 24 68 22 ce 23 32 23 aa 23 aa 24 04 24 68 6b ff ]
02-19 17:44:44.083 E/mcu_services( 5512): MCU2APP : [ff fe fd 12 01 b1 00 06 24 68 22 ce 23 32 23 aa 23 aa 24 04 24 68 6b ff ]
02-19 17:44:44.085 D/TunerPresenter(15794): handleTunerRawData: b1 0 6 24 68 22 ce 23 32 23 aa 23 aa 24 4 24 68 
02-19 17:44:44.087 E/mcu_services( 5512): MCU2APP : [ff fe fd 12 01 b1 00 06 24 68 22 ce 23 32 23 aa 23 aa 24 04 24 68 6b ff ]
02-19 17:44:44.087 E/mcu_services( 5512): MCU2APP : [ff fe fd 03 01 b0 50 e1 ff ]
02-19 17:44:44.089 D/TunerManagerForExt(15794): FMRadio main (TunerManagerForExt.java:147) onTunerPresetListChanged:  - mBand: 0 - mPresetIndex: 6 - mFrequency: 9320 - index: 0 - preset: 8910 - index: 1 - preset: 9010 - index: 2 - preset: 9130 - index: 3 - preset: 9130 - index: 4 - preset: 9220 - index: 5 - preset: 9320
02-19 17:44:44.089 D/TunerPresenter(15794): handleTunerRawData: b1 0 6 24 68 22 ce 23 32 23 aa 23 aa 24 4 24 68 
02-19 17:44:44.090 D/TunerManagerForExt(15794): FMRadio main (TunerManagerForExt.java:147) onTunerPresetListChanged:  - mBand: 0 - mPresetIndex: 6 - mFrequency: 9320 - index: 0 - preset: 8910 - index: 1 - preset: 9010 - index: 2 - preset: 9130 - index: 3 - preset: 9130 - index: 4 - preset: 9220 - index: 5 - preset: 9320
02-19 17:44:44.091 D/TunerPresenter(15794): handleTunerRawData: b1 0 6 24 68 22 ce 23 32 23 aa 23 aa 24 4 24 68 
02-19 17:44:44.092 D/TunerManagerForExt(15794): FMRadio main (TunerManagerForExt.java:147) onTunerPresetListChanged:  - mBand: 0 - mPresetIndex: 6 - mFrequency: 9320 - index: 0 - preset: 8910 - index: 1 - preset: 9010 - index: 2 - preset: 9130 - index: 3 - preset: 9130 - index: 4 - preset: 9220 - index: 5 - preset: 9320
02-19 17:44:44.092 D/TunerPresenter(15794): handleTunerRawData: b0 50 
02-19 17:44:44.092 D/TunerManagerForExt(15794): FMRadio main (TunerManagerForExt.java:108) onTunerInfoChanged: onTunerInfoChanged - flag: 80 - asFlag: 0 - psFlag: 0 - scanFlag: 0 - seekFlag: 0 - mStFlag: 1 - mLocFlag: 0 - mIsSearching: true - mTempSearching: false
02-19 17:44:44.092 D/TunerManagerForExt(15794): FMRadio main (TunerManagerForExt.java:118) onTunerInfoChanged: mIsSearching: false - mTempSearching: false - asFlag: 0 - seekFlag: 0
02-19 17:44:44.691 E/mcu_services( 5512): APP2MCU - writeToUartNormal : [ff fd fe 05 01 a0 00 22 33 b0 ff ]
02-19 17:44:44.692 D/K706RadioManager( 2129): CMD Enviado: sub=0x00 p1=0x22 p2=0x33
02-19 17:44:44.692 D/K706RadioManager( 2129): gotoFreq: input=87550 mcuFreq=8755 (h=0x22 l=0x33)
02-19 17:44:44.702 E/mcu_services( 5512): MCU2APP : [ff fe fd 03 01 b0 50 e1 ff ]
02-19 17:44:44.706 D/TunerPresenter(15794): handleTunerRawData: b0 50 
02-19 17:44:44.706 D/TunerManagerForExt(15794): FMRadio main (TunerManagerForExt.java:108) onTunerInfoChanged: onTunerInfoChanged - flag: 80 - asFlag: 0 - psFlag: 0 - scanFlag: 0 - seekFlag: 0 - mStFlag: 1 - mLocFlag: 0 - mIsSearching: false - mTempSearching: false
02-19 17:44:44.707 D/TunerManagerForExt(15794): FMRadio main (TunerManagerForExt.java:118) onTunerInfoChanged: mIsSearching: false - mTempSearching: false - asFlag: 0 - seekFlag: 0
02-19 17:44:44.782 E/mcu_services( 5512): MCU2APP : [ff fe fd 12 01 b1 00 00 22 33 22 ce 23 32 23 aa 23 aa 24 04 24 68 30 ff ]
02-19 17:44:44.787 D/TunerPresenter(15794): handleTunerRawData: b1 0 0 22 33 22 ce 23 32 23 aa 23 aa 24 4 24 68 
02-19 17:44:44.787 D/TunerManagerForExt(15794): FMRadio main (TunerManagerForExt.java:147) onTunerPresetListChanged:  - mBand: 0 - mPresetIndex: 0 - mFrequency: 8755 - index: 0 - preset: 8910 - index: 1 - preset: 9010 - index: 2 - preset: 9130 - index: 3 - preset: 9130 - index: 4 - preset: 9220 - index: 5 - preset: 9320
02-19 17:44:45.519 E/mcu_services( 5512): APP2MCU - writeToUartNormal : [ff fd fe 05 01 a0 00 22 38 bb ff ]
02-19 17:44:45.520 D/K706RadioManager( 2129): CMD Enviado: sub=0x00 p1=0x22 p2=0x38
02-19 17:44:45.520 D/K706RadioManager( 2129): gotoFreq: input=87600 mcuFreq=8760 (h=0x22 l=0x38)
02-19 17:44:45.528 E/mcu_services( 5512): MCU2APP : [ff fe fd 03 01 b0 50 e1 ff ]
02-19 17:44:45.531 D/TunerPresenter(15794): handleTunerRawData: b0 50 
02-19 17:44:45.531 D/TunerManagerForExt(15794): FMRadio main (TunerManagerForExt.java:108) onTunerInfoChanged: onTunerInfoChanged - flag: 80 - asFlag: 0 - psFlag: 0 - scanFlag: 0 - seekFlag: 0 - mStFlag: 1 - mLocFlag: 0 - mIsSearching: false - mTempSearching: false
02-19 17:44:45.531 D/TunerManagerForExt(15794): FMRadio main (TunerManagerForExt.java:118) onTunerInfoChanged: mIsSearching: false - mTempSearching: false - asFlag: 0 - seekFlag: 0
02-19 17:44:45.578 E/mcu_services( 5512): MCU2APP : [ff fe fd 12 01 b1 00 00 22 38 22 ce 23 32 23 aa 23 aa 24 04 24 68 3b ff ]
02-19 17:44:45.583 D/TunerPresenter(15794): handleTunerRawData: b1 0 0 22 38 22 ce 23 32 23 aa 23 aa 24 4 24 68 
02-19 17:44:45.583 D/TunerManagerForExt(15794): FMRadio main (TunerManagerForExt.java:147) onTunerPresetListChanged:  - mBand: 0 - mPresetIndex: 0 - mFrequency: 8760 - index: 0 - preset: 8910 - index: 1 - preset: 9010 - index: 2 - preset: 9130 - index: 3 - preset: 9130 - index: 4 - preset: 9220 - index: 5 - preset: 9320
02-19 17:44:45.875 E/mcu_services( 5512): MCU2APP : [ff fe fd 03 01 29 6d 45 ff ]
02-19 17:44:47.864 E/mcu_services( 5512): MCU2APP : [ff fe fd 03 01 29 6d 45 ff ]
02-19 17:44:49.482 E/mcu_services( 5512): APP2MCU - writeToUartNormal : [ff fd fe 05 01 a0 01 00 00 a0 ff ]
02-19 17:44:49.483 D/K706RadioManager( 2129): CMD Enviado: sub=0x01 p1=0x00 p2=0x00
02-19 17:44:49.483 D/K706RadioManager( 2129): Seek UP iniciado
02-19 17:44:49.508 E/mcu_services( 5512): MCU2APP : [ff fe fd 12 01 b1 00 00 22 3d 22 ce 23 32 23 aa 23 aa 24 04 24 68 3e ff ]
02-19 17:44:49.508 E/mcu_services( 5512): MCU2APP : [ff fe fd 03 01 b0 58 e9 ff ]
02-19 17:44:49.512 D/TunerPresenter(15794): handleTunerRawData: b1 0 0 22 3d 22 ce 23 32 23 aa 23 aa 24 4 24 68 
02-19 17:44:49.512 D/TunerManagerForExt(15794): FMRadio main (TunerManagerForExt.java:147) onTunerPresetListChanged:  - mBand: 0 - mPresetIndex: 0 - mFrequency: 8765 - index: 0 - preset: 8910 - index: 1 - preset: 9010 - index: 2 - preset: 9130 - index: 3 - preset: 9130 - index: 4 - preset: 9220 - index: 5 - preset: 9320
02-19 17:44:49.528 D/TunerPresenter(15794): handleTunerRawData: b0 58 
02-19 17:44:49.528 D/TunerManagerForExt(15794): FMRadio main (TunerManagerForExt.java:108) onTunerInfoChanged: onTunerInfoChanged - flag: 88 - asFlag: 0 - psFlag: 0 - scanFlag: 0 - seekFlag: 1 - mStFlag: 1 - mLocFlag: 0 - mIsSearching: false - mTempSearching: false
02-19 17:44:49.529 D/TunerManagerForExt(15794): FMRadio main (TunerManagerForExt.java:118) onTunerInfoChanged: mIsSearching: true - mTempSearching: false - asFlag: 0 - seekFlag: 1
02-19 17:44:49.557 E/mcu_services( 5512): MCU2APP : [ff fe fd 12 01 b1 00 00 22 42 22 ce 23 32 23 aa 23 aa 24 04 24 68 41 ff ]
02-19 17:44:49.561 D/TunerPresenter(15794): handleTunerRawData: b1 0 0 22 42 22 ce 23 32 23 aa 23 aa 24 4 24 68 
02-19 17:44:49.563 D/TunerManagerForExt(15794): FMRadio main (TunerManagerForExt.java:147) onTunerPresetListChanged:  - mBand: 0 - mPresetIndex: 0 - mFrequency: 8770 - index: 0 - preset: 8910 - index: 1 - preset: 9010 - index: 2 - preset: 9130 - index: 3 - preset: 9130 - index: 4 - preset: 9220 - index: 5 - preset: 9320
02-19 17:44:49.606 E/mcu_services( 5512): MCU2APP : [ff fe fd 12 01 b1 00 00 22 47 22 ce 23 32 23 aa 23 aa 24 04 24 68 44 ff ]
02-19 17:44:49.610 D/TunerPresenter(15794): handleTunerRawData: b1 0 0 22 47 22 ce 23 32 23 aa 23 aa 24 4 24 68 
02-19 17:44:49.613 D/TunerManagerForExt(15794): FMRadio main (TunerManagerForExt.java:147) onTunerPresetListChanged:  - mBand: 0 - mPresetIndex: 0 - mFrequency: 8775 - index: 0 - preset: 8910 - index: 1 - preset: 9010 - index: 2 - preset: 9130 - index: 3 - preset: 9130 - index: 4 - preset: 9220 - index: 5 - preset: 9320
02-19 17:44:49.656 E/mcu_services( 5512): MCU2APP : [ff fe fd 12 01 b1 00 00 22 4c 22 ce 23 32 23 aa 23 aa 24 04 24 68 4f ff ]
02-19 17:44:49.659 D/TunerPresenter(15794): handleTunerRawData: b1 0 0 22 4c 22 ce 23 32 23 aa 23 aa 24 4 24 68 
02-19 17:44:49.662 D/TunerManagerForExt(15794): FMRadio main (TunerManagerForExt.java:147) onTunerPresetListChanged:  - mBand: 0 - mPresetIndex: 0 - mFrequency: 8780 - index: 0 - preset: 8910 - index: 1 - preset: 9010 - index: 2 - preset: 9130 - index: 3 - preset: 9130 - index: 4 - preset: 9220 - index: 5 - preset: 9320
02-19 17:44:49.706 E/mcu_services( 5512): MCU2APP : [ff fe fd 12 01 b1 00 00 22 51 22 ce 23 32 23 aa 23 aa 24 04 24 68 52 ff ]
02-19 17:44:49.710 D/TunerPresenter(15794): handleTunerRawData: b1 0 0 22 51 22 ce 23 32 23 aa 23 aa 24 4 24 68 
02-19 17:44:49.714 D/TunerManagerForExt(15794): FMRadio main (TunerManagerForExt.java:147) onTunerPresetListChanged:  - mBand: 0 - mPresetIndex: 0 - mFrequency: 8785 - index: 0 - preset: 8910 - index: 1 - preset: 9010 - index: 2 - preset: 9130 - index: 3 - preset: 9130 - index: 4 - preset: 9220 - index: 5 - preset: 9320
02-19 17:44:49.755 E/mcu_services( 5512): MCU2APP : [ff fe fd 12 01 b1 00 00 22 56 22 ce 23 32 23 aa 23 aa 24 04 24 68 55 ff ]
02-19 17:44:49.760 D/TunerPresenter(15794): handleTunerRawData: b1 0 0 22 56 22 ce 23 32 23 aa 23 aa 24 4 24 68 
02-19 17:44:49.763 D/TunerManagerForExt(15794): FMRadio main (TunerManagerForExt.java:147) onTunerPresetListChanged:  - mBand: 0 - mPresetIndex: 0 - mFrequency: 8790 - index: 0 - preset: 8910 - index: 1 - preset: 9010 - index: 2 - preset: 9130 - index: 3 - preset: 9130 - index: 4 - preset: 9220 - index: 5 - preset: 9320
02-19 17:44:49.805 E/mcu_services( 5512): MCU2APP : [ff fe fd 12 01 b1 00 00 22 5b 22 ce 23 32 23 aa 23 aa 24 04 24 68 58 ff ]
02-19 17:44:49.811 D/TunerPresenter(15794): handleTunerRawData: b1 0 0 22 5b 22 ce 23 32 23 aa 23 aa 24 4 24 68 
02-19 17:44:49.814 D/TunerManagerForExt(15794): FMRadio main (TunerManagerForExt.java:147) onTunerPresetListChanged:  - mBand: 0 - mPresetIndex: 0 - mFrequency: 8795 - index: 0 - preset: 8910 - index: 1 - preset: 9010 - index: 2 - preset: 9130 - index: 3 - preset: 9130 - index: 4 - preset: 9220 - index: 5 - preset: 9320
02-19 17:44:49.855 E/mcu_services( 5512): MCU2APP : [ff fe fd 03 01 29 6d 45 ff ]
02-19 17:44:49.855 E/mcu_services( 5512): MCU2APP : [ff fe fd 12 01 b1 00 00 22 60 22 ce 23 32 23 aa 23 aa 24 04 24 68 63 ff ]
02-19 17:44:49.860 D/TunerPresenter(15794): handleTunerRawData: b1 0 0 22 60 22 ce 23 32 23 aa 23 aa 24 4 24 68 
02-19 17:44:49.863 D/TunerManagerForExt(15794): FMRadio main (TunerManagerForExt.java:147) onTunerPresetListChanged:  - mBand: 0 - mPresetIndex: 0 - mFrequency: 8800 - index: 0 - preset: 8910 - index: 1 - preset: 9010 - index: 2 - preset: 9130 - index: 3 - preset: 9130 - index: 4 - preset: 9220 - index: 5 - preset: 9320
02-19 17:44:49.904 E/mcu_services( 5512): MCU2APP : [ff fe fd 12 01 b1 00 00 22 65 22 ce 23 32 23 aa 23 aa 24 04 24 68 66 ff ]
02-19 17:44:49.909 D/TunerPresenter(15794): handleTunerRawData: b1 0 0 22 65 22 ce 23 32 23 aa 23 aa 24 4 24 68 
02-19 17:44:49.911 D/TunerManagerForExt(15794): FMRadio main (TunerManagerForExt.java:147) onTunerPresetListChanged:  - mBand: 0 - mPresetIndex: 0 - mFrequency: 8805 - index: 0 - preset: 8910 - index: 1 - preset: 9010 - index: 2 - preset: 9130 - index: 3 - preset: 9130 - index: 4 - preset: 9220 - index: 5 - preset: 9320
02-19 17:44:49.954 E/mcu_services( 5512): MCU2APP : [ff fe fd 12 01 b1 00 00 22 6a 22 ce 23 32 23 aa 23 aa 24 04 24 68 69 ff ]
02-19 17:44:49.958 D/TunerPresenter(15794): handleTunerRawData: b1 0 0 22 6a 22 ce 23 32 23 aa 23 aa 24 4 24 68 
02-19 17:44:49.961 D/TunerManagerForExt(15794): FMRadio main (TunerManagerForExt.java:147) onTunerPresetListChanged:  - mBand: 0 - mPresetIndex: 0 - mFrequency: 8810 - index: 0 - preset: 8910 - index: 1 - preset: 9010 - index: 2 - preset: 9130 - index: 3 - preset: 9130 - index: 4 - preset: 9220 - index: 5 - preset: 9320
02-19 17:44:50.004 E/mcu_services( 5512): MCU2APP : [ff fe fd 12 01 b1 00 00 22 6f 22 ce 23 32 23 aa 23 aa 24 04 24 68 6c ff ]
02-19 17:44:50.008 D/TunerPresenter(15794): handleTunerRawData: b1 0 0 22 6f 22 ce 23 32 23 aa 23 aa 24 4 24 68 
02-19 17:44:50.010 D/TunerManagerForExt(15794): FMRadio main (TunerManagerForExt.java:147) onTunerPresetListChanged:  - mBand: 0 - mPresetIndex: 0 - mFrequency: 8815 - index: 0 - preset: 8910 - index: 1 - preset: 9010 - index: 2 - preset: 9130 - index: 3 - preset: 9130 - index: 4 - preset: 9220 - index: 5 - preset: 9320
02-19 17:44:50.054 E/mcu_services( 5512): MCU2APP : [ff fe fd 12 01 b1 00 00 22 74 22 ce 23 32 23 aa 23 aa 24 04 24 68 77 ff ]
02-19 17:44:50.059 D/TunerPresenter(15794): handleTunerRawData: b1 0 0 22 74 22 ce 23 32 23 aa 23 aa 24 4 24 68 
02-19 17:44:50.062 D/TunerManagerForExt(15794): FMRadio main (TunerManagerForExt.java:147) onTunerPresetListChanged:  - mBand: 0 - mPresetIndex: 0 - mFrequency: 8820 - index: 0 - preset: 8910 - index: 1 - preset: 9010 - index: 2 - preset: 9130 - index: 3 - preset: 9130 - index: 4 - preset: 9220 - index: 5 - preset: 9320
02-19 17:44:50.104 E/mcu_services( 5512): MCU2APP : [ff fe fd 12 01 b1 00 00 22 79 22 ce 23 32 23 aa 23 aa 24 04 24 68 7a ff ]
02-19 17:44:50.108 D/TunerPresenter(15794): handleTunerRawData: b1 0 0 22 79 22 ce 23 32 23 aa 23 aa 24 4 24 68 
02-19 17:44:50.111 D/TunerManagerForExt(15794): FMRadio main (TunerManagerForExt.java:147) onTunerPresetListChanged:  - mBand: 0 - mPresetIndex: 0 - mFrequency: 8825 - index: 0 - preset: 8910 - index: 1 - preset: 9010 - index: 2 - preset: 9130 - index: 3 - preset: 9130 - index: 4 - preset: 9220 - index: 5 - preset: 9320
02-19 17:44:50.153 E/mcu_services( 5512): MCU2APP : [ff fe fd 12 01 b1 00 00 22 7e 22 ce 23 32 23 aa 23 aa 24 04 24 68 7d ff ]
02-19 17:44:50.157 D/TunerPresenter(15794): handleTunerRawData: b1 0 0 22 7e 22 ce 23 32 23 aa 23 aa 24 4 24 68 
02-19 17:44:50.160 D/TunerManagerForExt(15794): FMRadio main (TunerManagerForExt.java:147) onTunerPresetListChanged:  - mBand: 0 - mPresetIndex: 0 - mFrequency: 8830 - index: 0 - preset: 8910 - index: 1 - preset: 9010 - index: 2 - preset: 9130 - index: 3 - preset: 9130 - index: 4 - preset: 9220 - index: 5 - preset: 9320
02-19 17:44:50.203 E/mcu_services( 5512): MCU2APP : [ff fe fd 12 01 b1 00 00 22 83 22 ce 23 32 23 aa 23 aa 24 04 24 68 80 ff ]
02-19 17:44:50.207 D/TunerPresenter(15794): handleTunerRawData: b1 0 0 22 83 22 ce 23 32 23 aa 23 aa 24 4 24 68 
02-19 17:44:50.211 D/TunerManagerForExt(15794): FMRadio main (TunerManagerForExt.java:147) onTunerPresetListChanged:  - mBand: 0 - mPresetIndex: 0 - mFrequency: 8835 - index: 0 - preset: 8910 - index: 1 - preset: 9010 - index: 2 - preset: 9130 - index: 3 - preset: 9130 - index: 4 - preset: 9220 - index: 5 - preset: 9320
02-19 17:44:50.253 E/mcu_services( 5512): MCU2APP : [ff fe fd 12 01 b1 00 00 22 88 22 ce 23 32 23 aa 23 aa 24 04 24 68 8b ff ]
02-19 17:44:50.257 D/TunerPresenter(15794): handleTunerRawData: b1 0 0 22 88 22 ce 23 32 23 aa 23 aa 24 4 24 68 
02-19 17:44:50.260 D/TunerManagerForExt(15794): FMRadio main (TunerManagerForExt.java:147) onTunerPresetListChanged:  - mBand: 0 - mPresetIndex: 0 - mFrequency: 8840 - index: 0 - preset: 8910 - index: 1 - preset: 9010 - index: 2 - preset: 9130 - index: 3 - preset: 9130 - index: 4 - preset: 9220 - index: 5 - preset: 9320
02-19 17:44:50.302 E/mcu_services( 5512): MCU2APP : [ff fe fd 12 01 b1 00 00 22 8d 22 ce 23 32 23 aa 23 aa 24 04 24 68 8e ff ]
02-19 17:44:50.305 D/TunerPresenter(15794): handleTunerRawData: b1 0 0 22 8d 22 ce 23 32 23 aa 23 aa 24 4 24 68 
02-19 17:44:50.309 D/TunerManagerForExt(15794): FMRadio main (TunerManagerForExt.java:147) onTunerPresetListChanged:  - mBand: 0 - mPresetIndex: 0 - mFrequency: 8845 - index: 0 - preset: 8910 - index: 1 - preset: 9010 - index: 2 - preset: 9130 - index: 3 - preset: 9130 - index: 4 - preset: 9220 - index: 5 - preset: 9320
02-19 17:44:50.352 E/mcu_services( 5512): MCU2APP : [ff fe fd 12 01 b1 00 00 22 92 22 ce 23 32 23 aa 23 aa 24 04 24 68 91 ff ]
02-19 17:44:50.356 D/TunerPresenter(15794): handleTunerRawData: b1 0 0 22 92 22 ce 23 32 23 aa 23 aa 24 4 24 68 
02-19 17:44:50.359 D/TunerManagerForExt(15794): FMRadio main (TunerManagerForExt.java:147) onTunerPresetListChanged:  - mBand: 0 - mPresetIndex: 0 - mFrequency: 8850 - index: 0 - preset: 8910 - index: 1 - preset: 9010 - index: 2 - preset: 9130 - index: 3 - preset: 9130 - index: 4 - preset: 9220 - index: 5 - preset: 9320
02-19 17:44:50.402 E/mcu_services( 5512): MCU2APP : [ff fe fd 12 01 b1 00 00 22 97 22 ce 23 32 23 aa 23 aa 24 04 24 68 94 ff ]
02-19 17:44:50.406 D/TunerPresenter(15794): handleTunerRawData: b1 0 0 22 97 22 ce 23 32 23 aa 23 aa 24 4 24 68 
02-19 17:44:50.409 D/TunerManagerForExt(15794): FMRadio main (TunerManagerForExt.java:147) onTunerPresetListChanged:  - mBand: 0 - mPresetIndex: 0 - mFrequency: 8855 - index: 0 - preset: 8910 - index: 1 - preset: 9010 - index: 2 - preset: 9130 - index: 3 - preset: 9130 - index: 4 - preset: 9220 - index: 5 - preset: 9320
02-19 17:44:50.452 E/mcu_services( 5512): MCU2APP : [ff fe fd 12 01 b1 00 00 22 9c 22 ce 23 32 23 aa 23 aa 24 04 24 68 9f ff ]
02-19 17:44:50.455 D/TunerPresenter(15794): handleTunerRawData: b1 0 0 22 9c 22 ce 23 32 23 aa 23 aa 24 4 24 68 
02-19 17:44:50.459 D/TunerManagerForExt(15794): FMRadio main (TunerManagerForExt.java:147) onTunerPresetListChanged:  - mBand: 0 - mPresetIndex: 0 - mFrequency: 8860 - index: 0 - preset: 8910 - index: 1 - preset: 9010 - index: 2 - preset: 9130 - index: 3 - preset: 9130 - index: 4 - preset: 9220 - index: 5 - preset: 9320
02-19 17:44:50.501 E/mcu_services( 5512): MCU2APP : [ff fe fd 12 01 b1 00 00 22 a1 22 ce 23 32 23 aa 23 aa 24 04 24 68 a2 ff ]
02-19 17:44:50.506 D/TunerPresenter(15794): handleTunerRawData: b1 0 0 22 a1 22 ce 23 32 23 aa 23 aa 24 4 24 68 
02-19 17:44:50.508 D/TunerManagerForExt(15794): FMRadio main (TunerManagerForExt.java:147) onTunerPresetListChanged:  - mBand: 0 - mPresetIndex: 0 - mFrequency: 8865 - index: 0 - preset: 8910 - index: 1 - preset: 9010 - index: 2 - preset: 9130 - index: 3 - preset: 9130 - index: 4 - preset: 9220 - index: 5 - preset: 9320
02-19 17:44:50.551 E/mcu_services( 5512): MCU2APP : [ff fe fd 12 01 b1 00 00 22 a6 22 ce 23 32 23 aa 23 aa 24 04 24 68 a5 ff ]
02-19 17:44:50.554 D/TunerPresenter(15794): handleTunerRawData: b1 0 0 22 a6 22 ce 23 32 23 aa 23 aa 24 4 24 68 
02-19 17:44:50.556 D/TunerManagerForExt(15794): FMRadio main (TunerManagerForExt.java:147) onTunerPresetListChanged:  - mBand: 0 - mPresetIndex: 0 - mFrequency: 8870 - index: 0 - preset: 8910 - index: 1 - preset: 9010 - index: 2 - preset: 9130 - index: 3 - preset: 9130 - index: 4 - preset: 9220 - index: 5 - preset: 9320
02-19 17:44:50.600 E/mcu_services( 5512): MCU2APP : [ff fe fd 12 01 b1 00 00 22 ab 22 ce 23 32 23 aa 23 aa 24 04 24 68 a8 ff ]
02-19 17:44:50.604 D/TunerPresenter(15794): handleTunerRawData: b1 0 0 22 ab 22 ce 23 32 23 aa 23 aa 24 4 24 68 
02-19 17:44:50.607 D/TunerManagerForExt(15794): FMRadio main (TunerManagerForExt.java:147) onTunerPresetListChanged:  - mBand: 0 - mPresetIndex: 0 - mFrequency: 8875 - index: 0 - preset: 8910 - index: 1 - preset: 9010 - index: 2 - preset: 9130 - index: 3 - preset: 9130 - index: 4 - preset: 9220 - index: 5 - preset: 9320
02-19 17:44:50.650 E/mcu_services( 5512): MCU2APP : [ff fe fd 12 01 b1 00 00 22 b0 22 ce 23 32 23 aa 23 aa 24 04 24 68 b3 ff ]
02-19 17:44:50.655 D/TunerPresenter(15794): handleTunerRawData: b1 0 0 22 b0 22 ce 23 32 23 aa 23 aa 24 4 24 68 
02-19 17:44:50.658 D/TunerManagerForExt(15794): FMRadio main (TunerManagerForExt.java:147) onTunerPresetListChanged:  - mBand: 0 - mPresetIndex: 0 - mFrequency: 8880 - index: 0 - preset: 8910 - index: 1 - preset: 9010 - index: 2 - preset: 9130 - index: 3 - preset: 9130 - index: 4 - preset: 9220 - index: 5 - preset: 9320
02-19 17:44:50.700 E/mcu_services( 5512): MCU2APP : [ff fe fd 12 01 b1 00 00 22 b5 22 ce 23 32 23 aa 23 aa 24 04 24 68 b6 ff ]
02-19 17:44:50.704 D/TunerPresenter(15794): handleTunerRawData: b1 0 0 22 b5 22 ce 23 32 23 aa 23 aa 24 4 24 68 
02-19 17:44:50.707 D/TunerManagerForExt(15794): FMRadio main (TunerManagerForExt.java:147) onTunerPresetListChanged:  - mBand: 0 - mPresetIndex: 0 - mFrequency: 8885 - index: 0 - preset: 8910 - index: 1 - preset: 9010 - index: 2 - preset: 9130 - index: 3 - preset: 9130 - index: 4 - preset: 9220 - index: 5 - preset: 9320
02-19 17:44:50.750 E/mcu_services( 5512): MCU2APP : [ff fe fd 12 01 b1 00 00 22 ba 22 ce 23 32 23 aa 23 aa 24 04 24 68 b9 ff ]
02-19 17:44:50.754 D/TunerPresenter(15794): handleTunerRawData: b1 0 0 22 ba 22 ce 23 32 23 aa 23 aa 24 4 24 68 
02-19 17:44:50.757 D/TunerManagerForExt(15794): FMRadio main (TunerManagerForExt.java:147) onTunerPresetListChanged:  - mBand: 0 - mPresetIndex: 0 - mFrequency: 8890 - index: 0 - preset: 8910 - index: 1 - preset: 9010 - index: 2 - preset: 9130 - index: 3 - preset: 9130 - index: 4 - preset: 9220 - index: 5 - preset: 9320
02-19 17:44:50.799 E/mcu_services( 5512): MCU2APP : [ff fe fd 12 01 b1 00 00 22 bf 22 ce 23 32 23 aa 23 aa 24 04 24 68 bc ff ]
02-19 17:44:50.803 D/TunerPresenter(15794): handleTunerRawData: b1 0 0 22 bf 22 ce 23 32 23 aa 23 aa 24 4 24 68 
02-19 17:44:50.806 D/TunerManagerForExt(15794): FMRadio main (TunerManagerForExt.java:147) onTunerPresetListChanged:  - mBand: 0 - mPresetIndex: 0 - mFrequency: 8895 - index: 0 - preset: 8910 - index: 1 - preset: 9010 - index: 2 - preset: 9130 - index: 3 - preset: 9130 - index: 4 - preset: 9220 - index: 5 - preset: 9320
02-19 17:44:50.849 E/mcu_services( 5512): MCU2APP : [ff fe fd 12 01 b1 00 00 22 c4 22 ce 23 32 23 aa 23 aa 24 04 24 68 c7 ff ]
02-19 17:44:50.853 D/TunerPresenter(15794): handleTunerRawData: b1 0 0 22 c4 22 ce 23 32 23 aa 23 aa 24 4 24 68 
02-19 17:44:50.856 D/TunerManagerForExt(15794): FMRadio main (TunerManagerForExt.java:147) onTunerPresetListChanged:  - mBand: 0 - mPresetIndex: 0 - mFrequency: 8900 - index: 0 - preset: 8910 - index: 1 - preset: 9010 - index: 2 - preset: 9130 - index: 3 - preset: 9130 - index: 4 - preset: 9220 - index: 5 - preset: 9320
02-19 17:44:50.899 E/mcu_services( 5512): MCU2APP : [ff fe fd 12 01 b1 00 00 22 c9 22 ce 23 32 23 aa 23 aa 24 04 24 68 ca ff ]
02-19 17:44:50.903 D/TunerPresenter(15794): handleTunerRawData: b1 0 0 22 c9 22 ce 23 32 23 aa 23 aa 24 4 24 68 
02-19 17:44:50.906 D/TunerManagerForExt(15794): FMRadio main (TunerManagerForExt.java:147) onTunerPresetListChanged:  - mBand: 0 - mPresetIndex: 0 - mFrequency: 8905 - index: 0 - preset: 8910 - index: 1 - preset: 9010 - index: 2 - preset: 9130 - index: 3 - preset: 9130 - index: 4 - preset: 9220 - index: 5 - preset: 9320
02-19 17:44:50.949 E/mcu_services( 5512): MCU2APP : [ff fe fd 12 01 b1 00 00 22 ce 22 ce 23 32 23 aa 23 aa 24 04 24 68 cd ff ]
02-19 17:44:50.952 D/TunerPresenter(15794): handleTunerRawData: b1 0 0 22 ce 22 ce 23 32 23 aa 23 aa 24 4 24 68 
02-19 17:44:50.955 D/TunerManagerForExt(15794): FMRadio main (TunerManagerForExt.java:147) onTunerPresetListChanged:  - mBand: 0 - mPresetIndex: 0 - mFrequency: 8910 - index: 0 - preset: 8910 - index: 1 - preset: 9010 - index: 2 - preset: 9130 - index: 3 - preset: 9130 - index: 4 - preset: 9220 - index: 5 - preset: 9320
02-19 17:44:50.998 E/mcu_services( 5512): MCU2APP : [ff fe fd 12 01 b1 00 00 22 d3 22 ce 23 32 23 aa 23 aa 24 04 24 68 d0 ff ]
02-19 17:44:51.002 D/TunerPresenter(15794): handleTunerRawData: b1 0 0 22 d3 22 ce 23 32 23 aa 23 aa 24 4 24 68 
02-19 17:44:51.006 D/TunerManagerForExt(15794): FMRadio main (TunerManagerForExt.java:147) onTunerPresetListChanged:  - mBand: 0 - mPresetIndex: 0 - mFrequency: 8915 - index: 0 - preset: 8910 - index: 1 - preset: 9010 - index: 2 - preset: 9130 - index: 3 - preset: 9130 - index: 4 - preset: 9220 - index: 5 - preset: 9320
02-19 17:44:51.048 E/mcu_services( 5512): MCU2APP : [ff fe fd 12 01 b1 00 00 22 d8 22 ce 23 32 23 aa 23 aa 24 04 24 68 db ff ]
02-19 17:44:51.053 D/TunerPresenter(15794): handleTunerRawData: b1 0 0 22 d8 22 ce 23 32 23 aa 23 aa 24 4 24 68 
02-19 17:44:51.055 D/TunerManagerForExt(15794): FMRadio main (TunerManagerForExt.java:147) onTunerPresetListChanged:  - mBand: 0 - mPresetIndex: 0 - mFrequency: 8920 - index: 0 - preset: 8910 - index: 1 - preset: 9010 - index: 2 - preset: 9130 - index: 3 - preset: 9130 - index: 4 - preset: 9220 - index: 5 - preset: 9320
02-19 17:44:51.098 E/mcu_services( 5512): MCU2APP : [ff fe fd 12 01 b1 00 00 22 dd 22 ce 23 32 23 aa 23 aa 24 04 24 68 de ff ]
02-19 17:44:51.102 D/TunerPresenter(15794): handleTunerRawData: b1 0 0 22 dd 22 ce 23 32 23 aa 23 aa 24 4 24 68 
02-19 17:44:51.105 D/TunerManagerForExt(15794): FMRadio main (TunerManagerForExt.java:147) onTunerPresetListChanged:  - mBand: 0 - mPresetIndex: 0 - mFrequency: 8925 - index: 0 - preset: 8910 - index: 1 - preset: 9010 - index: 2 - preset: 9130 - index: 3 - preset: 9130 - index: 4 - preset: 9220 - index: 5 - preset: 9320
02-19 17:44:51.147 E/mcu_services( 5512): MCU2APP : [ff fe fd 12 01 b1 00 00 22 e2 22 ce 23 32 23 aa 23 aa 24 04 24 68 e1 ff ]
02-19 17:44:51.151 D/TunerPresenter(15794): handleTunerRawData: b1 0 0 22 e2 22 ce 23 32 23 aa 23 aa 24 4 24 68 
02-19 17:44:51.154 D/TunerManagerForExt(15794): FMRadio main (TunerManagerForExt.java:147) onTunerPresetListChanged:  - mBand: 0 - mPresetIndex: 0 - mFrequency: 8930 - index: 0 - preset: 8910 - index: 1 - preset: 9010 - index: 2 - preset: 9130 - index: 3 - preset: 9130 - index: 4 - preset: 9220 - index: 5 - preset: 9320
02-19 17:44:51.197 E/mcu_services( 5512): MCU2APP : [ff fe fd 12 01 b1 00 00 22 e7 22 ce 23 32 23 aa 23 aa 24 04 24 68 e4 ff ]
02-19 17:44:51.202 D/TunerPresenter(15794): handleTunerRawData: b1 0 0 22 e7 22 ce 23 32 23 aa 23 aa 24 4 24 68 
02-19 17:44:51.204 D/TunerManagerForExt(15794): FMRadio main (TunerManagerForExt.java:147) onTunerPresetListChanged:  - mBand: 0 - mPresetIndex: 0 - mFrequency: 8935 - index: 0 - preset: 8910 - index: 1 - preset: 9010 - index: 2 - preset: 9130 - index: 3 - preset: 9130 - index: 4 - preset: 9220 - index: 5 - preset: 9320
02-19 17:44:51.247 E/mcu_services( 5512): MCU2APP : [ff fe fd 12 01 b1 00 00 22 ec 22 ce 23 32 23 aa 23 aa 24 04 24 68 ef ff ]
02-19 17:44:51.251 D/TunerPresenter(15794): handleTunerRawData: b1 0 0 22 ec 22 ce 23 32 23 aa 23 aa 24 4 24 68 
02-19 17:44:51.254 D/TunerManagerForExt(15794): FMRadio main (TunerManagerForExt.java:147) onTunerPresetListChanged:  - mBand: 0 - mPresetIndex: 0 - mFrequency: 8940 - index: 0 - preset: 8910 - index: 1 - preset: 9010 - index: 2 - preset: 9130 - index: 3 - preset: 9130 - index: 4 - preset: 9220 - index: 5 - preset: 9320
02-19 17:44:51.297 E/mcu_services( 5512): MCU2APP : [ff fe fd 12 01 b1 00 00 22 f1 22 ce 23 32 23 aa 23 aa 24 04 24 68 f2 ff ]
02-19 17:44:51.300 D/TunerPresenter(15794): handleTunerRawData: b1 0 0 22 f1 22 ce 23 32 23 aa 23 aa 24 4 24 68 
02-19 17:44:51.303 D/TunerManagerForExt(15794): FMRadio main (TunerManagerForExt.java:147) onTunerPresetListChanged:  - mBand: 0 - mPresetIndex: 0 - mFrequency: 8945 - index: 0 - preset: 8910 - index: 1 - preset: 9010 - index: 2 - preset: 9130 - index: 3 - preset: 9130 - index: 4 - preset: 9220 - index: 5 - preset: 9320
02-19 17:44:51.346 E/mcu_services( 5512): MCU2APP : [ff fe fd 12 01 b1 00 00 22 f6 22 ce 23 32 23 aa 23 aa 24 04 24 68 f5 ff ]
02-19 17:44:51.351 D/TunerPresenter(15794): handleTunerRawData: b1 0 0 22 f6 22 ce 23 32 23 aa 23 aa 24 4 24 68 
02-19 17:44:51.354 D/TunerManagerForExt(15794): FMRadio main (TunerManagerForExt.java:147) onTunerPresetListChanged:  - mBand: 0 - mPresetIndex: 0 - mFrequency: 8950 - index: 0 - preset: 8910 - index: 1 - preset: 9010 - index: 2 - preset: 9130 - index: 3 - preset: 9130 - index: 4 - preset: 9220 - index: 5 - preset: 9320
02-19 17:44:51.396 E/mcu_services( 5512): MCU2APP : [ff fe fd 12 01 b1 00 00 22 fb 22 ce 23 32 23 aa 23 aa 24 04 24 68 f8 ff ]
02-19 17:44:51.400 D/TunerPresenter(15794): handleTunerRawData: b1 0 0 22 fb 22 ce 23 32 23 aa 23 aa 24 4 24 68 
02-19 17:44:51.403 D/TunerManagerForExt(15794): FMRadio main (TunerManagerForExt.java:147) onTunerPresetListChanged:  - mBand: 0 - mPresetIndex: 0 - mFrequency: 8955 - index: 0 - preset: 8910 - index: 1 - preset: 9010 - index: 2 - preset: 9130 - index: 3 - preset: 9130 - index: 4 - preset: 9220 - index: 5 - preset: 9320
02-19 17:44:51.446 E/mcu_services( 5512): MCU2APP : [ff fe fd 12 01 b1 00 00 23 00 22 ce 23 32 23 aa 23 aa 24 04 24 68 02 ff ]
02-19 17:44:51.449 D/TunerPresenter(15794): handleTunerRawData: b1 0 0 23 0 22 ce 23 32 23 aa 23 aa 24 4 24 68 
02-19 17:44:51.452 D/TunerManagerForExt(15794): FMRadio main (TunerManagerForExt.java:147) onTunerPresetListChanged:  - mBand: 0 - mPresetIndex: 0 - mFrequency: 8960 - index: 0 - preset: 8910 - index: 1 - preset: 9010 - index: 2 - preset: 9130 - index: 3 - preset: 9130 - index: 4 - preset: 9220 - index: 5 - preset: 9320
02-19 17:44:51.495 E/mcu_services( 5512): MCU2APP : [ff fe fd 12 01 b1 00 00 23 05 22 ce 23 32 23 aa 23 aa 24 04 24 68 07 ff ]
02-19 17:44:51.499 D/TunerPresenter(15794): handleTunerRawData: b1 0 0 23 5 22 ce 23 32 23 aa 23 aa 24 4 24 68 
02-19 17:44:51.502 D/TunerManagerForExt(15794): FMRadio main (TunerManagerForExt.java:147) onTunerPresetListChanged:  - mBand: 0 - mPresetIndex: 0 - mFrequency: 8965 - index: 0 - preset: 8910 - index: 1 - preset: 9010 - index: 2 - preset: 9130 - index: 3 - preset: 9130 - index: 4 - preset: 9220 - index: 5 - preset: 9320
02-19 17:44:51.545 E/mcu_services( 5512): MCU2APP : [ff fe fd 12 01 b1 00 00 23 0a 22 ce 23 32 23 aa 23 aa 24 04 24 68 08 ff ]
02-19 17:44:51.549 D/TunerPresenter(15794): handleTunerRawData: b1 0 0 23 a 22 ce 23 32 23 aa 23 aa 24 4 24 68 
02-19 17:44:51.552 D/TunerManagerForExt(15794): FMRadio main (TunerManagerForExt.java:147) onTunerPresetListChanged:  - mBand: 0 - mPresetIndex: 0 - mFrequency: 8970 - index: 0 - preset: 8910 - index: 1 - preset: 9010 - index: 2 - preset: 9130 - index: 3 - preset: 9130 - index: 4 - preset: 9220 - index: 5 - preset: 9320
02-19 17:44:51.595 E/mcu_services( 5512): MCU2APP : [ff fe fd 12 01 b1 00 00 23 0f 22 ce 23 32 23 aa 23 aa 24 04 24 68 0d ff ]
02-19 17:44:51.599 D/TunerPresenter(15794): handleTunerRawData: b1 0 0 23 f 22 ce 23 32 23 aa 23 aa 24 4 24 68 
02-19 17:44:51.602 D/TunerManagerForExt(15794): FMRadio main (TunerManagerForExt.java:147) onTunerPresetListChanged:  - mBand: 0 - mPresetIndex: 0 - mFrequency: 8975 - index: 0 - preset: 8910 - index: 1 - preset: 9010 - index: 2 - preset: 9130 - index: 3 - preset: 9130 - index: 4 - preset: 9220 - index: 5 - preset: 9320
02-19 17:44:51.645 E/mcu_services( 5512): MCU2APP : [ff fe fd 12 01 b1 00 00 23 14 22 ce 23 32 23 aa 23 aa 24 04 24 68 16 ff ]
02-19 17:44:51.647 D/TunerPresenter(15794): handleTunerRawData: b1 0 0 23 14 22 ce 23 32 23 aa 23 aa 24 4 24 68 
02-19 17:44:51.650 D/TunerManagerForExt(15794): FMRadio main (TunerManagerForExt.java:147) onTunerPresetListChanged:  - mBand: 0 - mPresetIndex: 0 - mFrequency: 8980 - index: 0 - preset: 8910 - index: 1 - preset: 9010 - index: 2 - preset: 9130 - index: 3 - preset: 9130 - index: 4 - preset: 9220 - index: 5 - preset: 9320
02-19 17:44:51.695 E/mcu_services( 5512): MCU2APP : [ff fe fd 12 01 b1 00 00 23 19 22 ce 23 32 23 aa 23 aa 24 04 24 68 1b ff ]
02-19 17:44:51.698 D/TunerPresenter(15794): handleTunerRawData: b1 0 0 23 19 22 ce 23 32 23 aa 23 aa 24 4 24 68 
02-19 17:44:51.702 D/TunerManagerForExt(15794): FMRadio main (TunerManagerForExt.java:147) onTunerPresetListChanged:  - mBand: 0 - mPresetIndex: 0 - mFrequency: 8985 - index: 0 - preset: 8910 - index: 1 - preset: 9010 - index: 2 - preset: 9130 - index: 3 - preset: 9130 - index: 4 - preset: 9220 - index: 5 - preset: 9320
02-19 17:44:51.744 E/mcu_services( 5512): MCU2APP : [ff fe fd 12 01 b1 00 00 23 1e 22 ce 23 32 23 aa 23 aa 24 04 24 68 1c ff ]
02-19 17:44:51.748 D/TunerPresenter(15794): handleTunerRawData: b1 0 0 23 1e 22 ce 23 32 23 aa 23 aa 24 4 24 68 
02-19 17:44:51.751 D/TunerManagerForExt(15794): FMRadio main (TunerManagerForExt.java:147) onTunerPresetListChanged:  - mBand: 0 - mPresetIndex: 0 - mFrequency: 8990 - index: 0 - preset: 8910 - index: 1 - preset: 9010 - index: 2 - preset: 9130 - index: 3 - preset: 9130 - index: 4 - preset: 9220 - index: 5 - preset: 9320
02-19 17:44:51.794 E/mcu_services( 5512): MCU2APP : [ff fe fd 12 01 b1 00 00 23 23 22 ce 23 32 23 aa 23 aa 24 04 24 68 21 ff ]
02-19 17:44:51.798 D/TunerPresenter(15794): handleTunerRawData: b1 0 0 23 23 22 ce 23 32 23 aa 23 aa 24 4 24 68 
02-19 17:44:51.802 D/TunerManagerForExt(15794): FMRadio main (TunerManagerForExt.java:147) onTunerPresetListChanged:  - mBand: 0 - mPresetIndex: 0 - mFrequency: 8995 - index: 0 - preset: 8910 - index: 1 - preset: 9010 - index: 2 - preset: 9130 - index: 3 - preset: 9130 - index: 4 - preset: 9220 - index: 5 - preset: 9320
02-19 17:44:51.844 E/mcu_services( 5512): MCU2APP : [ff fe fd 03 01 29 6d 45 ff ]
02-19 17:44:51.844 E/mcu_services( 5512): MCU2APP : [ff fe fd 12 01 b1 00 00 23 28 22 ce 23 32 23 aa 23 aa 24 04 24 68 2a ff ]
02-19 17:44:51.849 D/TunerPresenter(15794): handleTunerRawData: b1 0 0 23 28 22 ce 23 32 23 aa 23 aa 24 4 24 68 
02-19 17:44:51.852 D/TunerManagerForExt(15794): FMRadio main (TunerManagerForExt.java:147) onTunerPresetListChanged:  - mBand: 0 - mPresetIndex: 0 - mFrequency: 9000 - index: 0 - preset: 8910 - index: 1 - preset: 9010 - index: 2 - preset: 9130 - index: 3 - preset: 9130 - index: 4 - preset: 9220 - index: 5 - preset: 9320
02-19 17:44:51.893 E/mcu_services( 5512): MCU2APP : [ff fe fd 12 01 b1 00 00 23 2d 22 ce 23 32 23 aa 23 aa 24 04 24 68 2f ff ]
02-19 17:44:51.897 D/TunerPresenter(15794): handleTunerRawData: b1 0 0 23 2d 22 ce 23 32 23 aa 23 aa 24 4 24 68 
02-19 17:44:51.900 D/TunerManagerForExt(15794): FMRadio main (TunerManagerForExt.java:147) onTunerPresetListChanged:  - mBand: 0 - mPresetIndex: 0 - mFrequency: 9005 - index: 0 - preset: 8910 - index: 1 - preset: 9010 - index: 2 - preset: 9130 - index: 3 - preset: 9130 - index: 4 - preset: 9220 - index: 5 - preset: 9320
02-19 17:44:51.943 E/mcu_services( 5512): MCU2APP : [ff fe fd 12 01 b1 00 00 23 32 22 ce 23 32 23 aa 23 aa 24 04 24 68 30 ff ]
02-19 17:44:51.947 D/TunerPresenter(15794): handleTunerRawData: b1 0 0 23 32 22 ce 23 32 23 aa 23 aa 24 4 24 68 
02-19 17:44:51.950 D/TunerManagerForExt(15794): FMRadio main (TunerManagerForExt.java:147) onTunerPresetListChanged:  - mBand: 0 - mPresetIndex: 0 - mFrequency: 9010 - index: 0 - preset: 8910 - index: 1 - preset: 9010 - index: 2 - preset: 9130 - index: 3 - preset: 9130 - index: 4 - preset: 9220 - index: 5 - preset: 9320
02-19 17:44:51.988 E/mcu_services( 5512): MCU2APP : [ff fe fd 12 01 b1 00 02 23 32 22 ce 23 32 23 aa 23 aa 24 04 24 68 32 ff ]
02-19 17:44:51.988 E/mcu_services( 5512): MCU2APP : [ff fe fd 12 01 b1 00 02 23 32 22 ce 23 32 23 aa 23 aa 24 04 24 68 32 ff ]
02-19 17:44:51.992 D/TunerPresenter(15794): handleTunerRawData: b1 0 2 23 32 22 ce 23 32 23 aa 23 aa 24 4 24 68 
02-19 17:44:51.996 D/TunerManagerForExt(15794): FMRadio main (TunerManagerForExt.java:147) onTunerPresetListChanged:  - mBand: 0 - mPresetIndex: 2 - mFrequency: 9010 - index: 0 - preset: 8910 - index: 1 - preset: 9010 - index: 2 - preset: 9130 - index: 3 - preset: 9130 - index: 4 - preset: 9220 - index: 5 - preset: 9320
02-19 17:44:51.996 D/TunerPresenter(15794): handleTunerRawData: b1 0 2 23 32 22 ce 23 32 23 aa 23 aa 24 4 24 68 
02-19 17:44:51.997 D/TunerManagerForExt(15794): FMRadio main (TunerManagerForExt.java:147) onTunerPresetListChanged:  - mBand: 0 - mPresetIndex: 2 - mFrequency: 9010 - index: 0 - preset: 8910 - index: 1 - preset: 9010 - index: 2 - preset: 9130 - index: 3 - preset: 9130 - index: 4 - preset: 9220 - index: 5 - preset: 9320
02-19 17:44:52.042 E/mcu_services( 5512): MCU2APP : [ff fe fd 12 01 b1 00 02 23 32 22 ce 23 32 23 aa 23 aa 24 04 24 68 32 ff ]
02-19 17:44:52.043 E/mcu_services( 5512): MCU2APP : [ff fe fd 03 01 b0 50 e1 ff ]
02-19 17:44:52.047 D/TunerPresenter(15794): handleTunerRawData: b1 0 2 23 32 22 ce 23 32 23 aa 23 aa 24 4 24 68 
02-19 17:44:52.047 D/TunerManagerForExt(15794): FMRadio main (TunerManagerForExt.java:147) onTunerPresetListChanged:  - mBand: 0 - mPresetIndex: 2 - mFrequency: 9010 - index: 0 - preset: 8910 - index: 1 - preset: 9010 - index: 2 - preset: 9130 - index: 3 - preset: 9130 - index: 4 - preset: 9220 - index: 5 - preset: 9320
02-19 17:44:52.058 D/TunerPresenter(15794): handleTunerRawData: b0 50 
02-19 17:44:52.058 D/TunerManagerForExt(15794): FMRadio main (TunerManagerForExt.java:108) onTunerInfoChanged: onTunerInfoChanged - flag: 80 - asFlag: 0 - psFlag: 0 - scanFlag: 0 - seekFlag: 0 - mStFlag: 1 - mLocFlag: 0 - mIsSearching: true - mTempSearching: false
02-19 17:44:52.058 D/TunerManagerForExt(15794): FMRadio main (TunerManagerForExt.java:118) onTunerInfoChanged: mIsSearching: false - mTempSearching: false - asFlag: 0 - seekFlag: 0
02-19 17:44:52.650 E/mcu_services( 5512): APP2MCU - writeToUartNormal : [ff fd fe 05 01 a0 01 00 00 a0 ff ]
02-19 17:44:52.651 D/K706RadioManager( 2129): CMD Enviado: sub=0x01 p1=0x00 p2=0x00
02-19 17:44:52.651 D/K706RadioManager( 2129): Seek UP iniciado
02-19 17:44:52.669 E/mcu_services( 5512): MCU2APP : [ff fe fd 12 01 b1 00 00 23 37 22 ce 23 32 23 aa 23 aa 24 04 24 68 35 ff ]
02-19 17:44:52.670 E/mcu_services( 5512): MCU2APP : [ff fe fd 03 01 b0 58 e9 ff ]
02-19 17:44:52.673 D/TunerPresenter(15794): handleTunerRawData: b1 0 0 23 37 22 ce 23 32 23 aa 23 aa 24 4 24 68 
02-19 17:44:52.673 D/TunerManagerForExt(15794): FMRadio main (TunerManagerForExt.java:147) onTunerPresetListChanged:  - mBand: 0 - mPresetIndex: 0 - mFrequency: 9015 - index: 0 - preset: 8910 - index: 1 - preset: 9010 - index: 2 - preset: 9130 - index: 3 - preset: 9130 - index: 4 - preset: 9220 - index: 5 - preset: 9320
02-19 17:44:52.692 D/TunerPresenter(15794): handleTunerRawData: b0 58 
02-19 17:44:52.692 D/TunerManagerForExt(15794): FMRadio main (TunerManagerForExt.java:108) onTunerInfoChanged: onTunerInfoChanged - flag: 88 - asFlag: 0 - psFlag: 0 - scanFlag: 0 - seekFlag: 1 - mStFlag: 1 - mLocFlag: 0 - mIsSearching: false - mTempSearching: false
02-19 17:44:52.692 D/TunerManagerForExt(15794): FMRadio main (TunerManagerForExt.java:118) onTunerInfoChanged: mIsSearching: true - mTempSearching: false - asFlag: 0 - seekFlag: 1
02-19 17:44:52.718 E/mcu_services( 5512): MCU2APP : [ff fe fd 12 01 b1 00 00 23 3c 22 ce 23 32 23 aa 23 aa 24 04 24 68 3e ff ]
02-19 17:44:52.722 D/TunerPresenter(15794): handleTunerRawData: b1 0 0 23 3c 22 ce 23 32 23 aa 23 aa 24 4 24 68 
02-19 17:44:52.726 D/TunerManagerForExt(15794): FMRadio main (TunerManagerForExt.java:147) onTunerPresetListChanged:  - mBand: 0 - mPresetIndex: 0 - mFrequency: 9020 - index: 0 - preset: 8910 - index: 1 - preset: 9010 - index: 2 - preset: 9130 - index: 3 - preset: 9130 - index: 4 - preset: 9220 - index: 5 - preset: 9320
02-19 17:44:52.768 E/mcu_services( 5512): MCU2APP : [ff fe fd 12 01 b1 00 00 23 41 22 ce 23 32 23 aa 23 aa 24 04 24 68 43 ff ]
02-19 17:44:52.772 D/TunerPresenter(15794): handleTunerRawData: b1 0 0 23 41 22 ce 23 32 23 aa 23 aa 24 4 24 68 
02-19 17:44:52.776 D/TunerManagerForExt(15794): FMRadio main (TunerManagerForExt.java:147) onTunerPresetListChanged:  - mBand: 0 - mPresetIndex: 0 - mFrequency: 9025 - index: 0 - preset: 8910 - index: 1 - preset: 9010 - index: 2 - preset: 9130 - index: 3 - preset: 9130 - index: 4 - preset: 9220 - index: 5 - preset: 9320
02-19 17:44:52.818 E/mcu_services( 5512): MCU2APP : [ff fe fd 12 01 b1 00 00 23 46 22 ce 23 32 23 aa 23 aa 24 04 24 68 44 ff ]
02-19 17:44:52.822 D/TunerPresenter(15794): handleTunerRawData: b1 0 0 23 46 22 ce 23 32 23 aa 23 aa 24 4 24 68 
02-19 17:44:52.825 D/TunerManagerForExt(15794): FMRadio main (TunerManagerForExt.java:147) onTunerPresetListChanged:  - mBand: 0 - mPresetIndex: 0 - mFrequency: 9030 - index: 0 - preset: 8910 - index: 1 - preset: 9010 - index: 2 - preset: 9130 - index: 3 - preset: 9130 - index: 4 - preset: 9220 - index: 5 - preset: 9320
02-19 17:44:52.867 E/mcu_services( 5512): MCU2APP : [ff fe fd 12 01 b1 00 00 23 4b 22 ce 23 32 23 aa 23 aa 24 04 24 68 49 ff ]
02-19 17:44:52.871 D/TunerPresenter(15794): handleTunerRawData: b1 0 0 23 4b 22 ce 23 32 23 aa 23 aa 24 4 24 68 
02-19 17:44:52.874 D/TunerManagerForExt(15794): FMRadio main (TunerManagerForExt.java:147) onTunerPresetListChanged:  - mBand: 0 - mPresetIndex: 0 - mFrequency: 9035 - index: 0 - preset: 8910 - index: 1 - preset: 9010 - index: 2 - preset: 9130 - index: 3 - preset: 9130 - index: 4 - preset: 9220 - index: 5 - preset: 9320
02-19 17:44:52.917 E/mcu_services( 5512): MCU2APP : [ff fe fd 12 01 b1 00 00 23 50 22 ce 23 32 23 aa 23 aa 24 04 24 68 52 ff ]
02-19 17:44:52.921 D/TunerPresenter(15794): handleTunerRawData: b1 0 0 23 50 22 ce 23 32 23 aa 23 aa 24 4 24 68 
02-19 17:44:52.924 D/TunerManagerForExt(15794): FMRadio main (TunerManagerForExt.java:147) onTunerPresetListChanged:  - mBand: 0 - mPresetIndex: 0 - mFrequency: 9040 - index: 0 - preset: 8910 - index: 1 - preset: 9010 - index: 2 - preset: 9130 - index: 3 - preset: 9130 - index: 4 - preset: 9220 - index: 5 - preset: 9320
02-19 17:44:52.967 E/mcu_services( 5512): MCU2APP : [ff fe fd 12 01 b1 00 00 23 55 22 ce 23 32 23 aa 23 aa 24 04 24 68 57 ff ]
02-19 17:44:52.971 D/TunerPresenter(15794): handleTunerRawData: b1 0 0 23 55 22 ce 23 32 23 aa 23 aa 24 4 24 68 
02-19 17:44:52.974 D/TunerManagerForExt(15794): FMRadio main (TunerManagerForExt.java:147) onTunerPresetListChanged:  - mBand: 0 - mPresetIndex: 0 - mFrequency: 9045 - index: 0 - preset: 8910 - index: 1 - preset: 9010 - index: 2 - preset: 9130 - index: 3 - preset: 9130 - index: 4 - preset: 9220 - index: 5 - preset: 9320
02-19 17:44:53.017 E/mcu_services( 5512): MCU2APP : [ff fe fd 12 01 b1 00 00 23 5a 22 ce 23 32 23 aa 23 aa 24 04 24 68 58 ff ]
02-19 17:44:53.020 D/TunerPresenter(15794): handleTunerRawData: b1 0 0 23 5a 22 ce 23 32 23 aa 23 aa 24 4 24 68 
02-19 17:44:53.023 D/TunerManagerForExt(15794): FMRadio main (TunerManagerForExt.java:147) onTunerPresetListChanged:  - mBand: 0 - mPresetIndex: 0 - mFrequency: 9050 - index: 0 - preset: 8910 - index: 1 - preset: 9010 - index: 2 - preset: 9130 - index: 3 - preset: 9130 - index: 4 - preset: 9220 - index: 5 - preset: 9320
02-19 17:44:53.067 E/mcu_services( 5512): MCU2APP : [ff fe fd 12 01 b1 00 00 23 5f 22 ce 23 32 23 aa 23 aa 24 04 24 68 5d ff ]
02-19 17:44:53.071 D/TunerPresenter(15794): handleTunerRawData: b1 0 0 23 5f 22 ce 23 32 23 aa 23 aa 24 4 24 68 
02-19 17:44:53.074 D/TunerManagerForExt(15794): FMRadio main (TunerManagerForExt.java:147) onTunerPresetListChanged:  - mBand: 0 - mPresetIndex: 0 - mFrequency: 9055 - index: 0 - preset: 8910 - index: 1 - preset: 9010 - index: 2 - preset: 9130 - index: 3 - preset: 9130 - index: 4 - preset: 9220 - index: 5 - preset: 9320
02-19 17:44:53.116 E/mcu_services( 5512): MCU2APP : [ff fe fd 12 01 b1 00 00 23 64 22 ce 23 32 23 aa 23 aa 24 04 24 68 66 ff ]
02-19 17:44:53.121 D/TunerPresenter(15794): handleTunerRawData: b1 0 0 23 64 22 ce 23 32 23 aa 23 aa 24 4 24 68 
02-19 17:44:53.124 D/TunerManagerForExt(15794): FMRadio main (TunerManagerForExt.java:147) onTunerPresetListChanged:  - mBand: 0 - mPresetIndex: 0 - mFrequency: 9060 - index: 0 - preset: 8910 - index: 1 - preset: 9010 - index: 2 - preset: 9130 - index: 3 - preset: 9130 - index: 4 - preset: 9220 - index: 5 - preset: 9320
02-19 17:44:53.166 E/mcu_services( 5512): MCU2APP : [ff fe fd 12 01 b1 00 00 23 69 22 ce 23 32 23 aa 23 aa 24 04 24 68 6b ff ]
02-19 17:44:53.170 D/TunerPresenter(15794): handleTunerRawData: b1 0 0 23 69 22 ce 23 32 23 aa 23 aa 24 4 24 68 
02-19 17:44:53.173 D/TunerManagerForExt(15794): FMRadio main (TunerManagerForExt.java:147) onTunerPresetListChanged:  - mBand: 0 - mPresetIndex: 0 - mFrequency: 9065 - index: 0 - preset: 8910 - index: 1 - preset: 9010 - index: 2 - preset: 9130 - index: 3 - preset: 9130 - index: 4 - preset: 9220 - index: 5 - preset: 9320
02-19 17:44:53.216 E/mcu_services( 5512): MCU2APP : [ff fe fd 12 01 b1 00 00 23 6e 22 ce 23 32 23 aa 23 aa 24 04 24 68 6c ff ]
02-19 17:44:53.219 D/TunerPresenter(15794): handleTunerRawData: b1 0 0 23 6e 22 ce 23 32 23 aa 23 aa 24 4 24 68 
02-19 17:44:53.222 D/TunerManagerForExt(15794): FMRadio main (TunerManagerForExt.java:147) onTunerPresetListChanged:  - mBand: 0 - mPresetIndex: 0 - mFrequency: 9070 - index: 0 - preset: 8910 - index: 1 - preset: 9010 - index: 2 - preset: 9130 - index: 3 - preset: 9130 - index: 4 - preset: 9220 - index: 5 - preset: 9320
02-19 17:44:53.265 E/mcu_services( 5512): MCU2APP : [ff fe fd 12 01 b1 00 00 23 73 22 ce 23 32 23 aa 23 aa 24 04 24 68 71 ff ]
02-19 17:44:53.270 D/TunerPresenter(15794): handleTunerRawData: b1 0 0 23 73 22 ce 23 32 23 aa 23 aa 24 4 24 68 
02-19 17:44:53.273 D/TunerManagerForExt(15794): FMRadio main (TunerManagerForExt.java:147) onTunerPresetListChanged:  - mBand: 0 - mPresetIndex: 0 - mFrequency: 9075 - index: 0 - preset: 8910 - index: 1 - preset: 9010 - index: 2 - preset: 9130 - index: 3 - preset: 9130 - index: 4 - preset: 9220 - index: 5 - preset: 9320
02-19 17:44:53.315 E/mcu_services( 5512): MCU2APP : [ff fe fd 12 01 b1 00 00 23 78 22 ce 23 32 23 aa 23 aa 24 04 24 68 7a ff ]
02-19 17:44:53.319 D/TunerPresenter(15794): handleTunerRawData: b1 0 0 23 78 22 ce 23 32 23 aa 23 aa 24 4 24 68 
02-19 17:44:53.322 D/TunerManagerForExt(15794): FMRadio main (TunerManagerForExt.java:147) onTunerPresetListChanged:  - mBand: 0 - mPresetIndex: 0 - mFrequency: 9080 - index: 0 - preset: 8910 - index: 1 - preset: 9010 - index: 2 - preset: 9130 - index: 3 - preset: 9130 - index: 4 - preset: 9220 - index: 5 - preset: 9320
02-19 17:44:53.365 E/mcu_services( 5512): MCU2APP : [ff fe fd 12 01 b1 00 00 23 7d 22 ce 23 32 23 aa 23 aa 24 04 24 68 7f ff ]
02-19 17:44:53.369 D/TunerPresenter(15794): handleTunerRawData: b1 0 0 23 7d 22 ce 23 32 23 aa 23 aa 24 4 24 68 
02-19 17:44:53.372 D/TunerManagerForExt(15794): FMRadio main (TunerManagerForExt.java:147) onTunerPresetListChanged:  - mBand: 0 - mPresetIndex: 0 - mFrequency: 9085 - index: 0 - preset: 8910 - index: 1 - preset: 9010 - index: 2 - preset: 9130 - index: 3 - preset: 9130 - index: 4 - preset: 9220 - index: 5 - preset: 9320
02-19 17:44:53.414 E/mcu_services( 5512): MCU2APP : [ff fe fd 12 01 b1 00 00 23 82 22 ce 23 32 23 aa 23 aa 24 04 24 68 80 ff ]
02-19 17:44:53.419 D/TunerPresenter(15794): handleTunerRawData: b1 0 0 23 82 22 ce 23 32 23 aa 23 aa 24 4 24 68 
02-19 17:44:53.421 D/TunerManagerForExt(15794): FMRadio main (TunerManagerForExt.java:147) onTunerPresetListChanged:  - mBand: 0 - mPresetIndex: 0 - mFrequency: 9090 - index: 0 - preset: 8910 - index: 1 - preset: 9010 - index: 2 - preset: 9130 - index: 3 - preset: 9130 - index: 4 - preset: 9220 - index: 5 - preset: 9320
02-19 17:44:53.464 E/mcu_services( 5512): MCU2APP : [ff fe fd 12 01 b1 00 00 23 87 22 ce 23 32 23 aa 23 aa 24 04 24 68 85 ff ]
02-19 17:44:53.468 D/TunerPresenter(15794): handleTunerRawData: b1 0 0 23 87 22 ce 23 32 23 aa 23 aa 24 4 24 68 
02-19 17:44:53.471 D/TunerManagerForExt(15794): FMRadio main (TunerManagerForExt.java:147) onTunerPresetListChanged:  - mBand: 0 - mPresetIndex: 0 - mFrequency: 9095 - index: 0 - preset: 8910 - index: 1 - preset: 9010 - index: 2 - preset: 9130 - index: 3 - preset: 9130 - index: 4 - preset: 9220 - index: 5 - preset: 9320
02-19 17:44:53.514 E/mcu_services( 5512): MCU2APP : [ff fe fd 12 01 b1 00 00 23 8c 22 ce 23 32 23 aa 23 aa 24 04 24 68 8e ff ]
02-19 17:44:53.517 D/TunerPresenter(15794): handleTunerRawData: b1 0 0 23 8c 22 ce 23 32 23 aa 23 aa 24 4 24 68 
02-19 17:44:53.520 D/TunerManagerForExt(15794): FMRadio main (TunerManagerForExt.java:147) onTunerPresetListChanged:  - mBand: 0 - mPresetIndex: 0 - mFrequency: 9100 - index: 0 - preset: 8910 - index: 1 - preset: 9010 - index: 2 - preset: 9130 - index: 3 - preset: 9130 - index: 4 - preset: 9220 - index: 5 - preset: 9320
02-19 17:44:53.563 E/mcu_services( 5512): MCU2APP : [ff fe fd 12 01 b1 00 00 23 91 22 ce 23 32 23 aa 23 aa 24 04 24 68 93 ff ]
02-19 17:44:53.568 D/TunerPresenter(15794): handleTunerRawData: b1 0 0 23 91 22 ce 23 32 23 aa 23 aa 24 4 24 68 
02-19 17:44:53.571 D/TunerManagerForExt(15794): FMRadio main (TunerManagerForExt.java:147) onTunerPresetListChanged:  - mBand: 0 - mPresetIndex: 0 - mFrequency: 9105 - index: 0 - preset: 8910 - index: 1 - preset: 9010 - index: 2 - preset: 9130 - index: 3 - preset: 9130 - index: 4 - preset: 9220 - index: 5 - preset: 9320
02-19 17:44:53.613 E/mcu_services( 5512): MCU2APP : [ff fe fd 12 01 b1 00 00 23 96 22 ce 23 32 23 aa 23 aa 24 04 24 68 94 ff ]
02-19 17:44:53.617 D/TunerPresenter(15794): handleTunerRawData: b1 0 0 23 96 22 ce 23 32 23 aa 23 aa 24 4 24 68 
02-19 17:44:53.620 D/TunerManagerForExt(15794): FMRadio main (TunerManagerForExt.java:147) onTunerPresetListChanged:  - mBand: 0 - mPresetIndex: 0 - mFrequency: 9110 - index: 0 - preset: 8910 - index: 1 - preset: 9010 - index: 2 - preset: 9130 - index: 3 - preset: 9130 - index: 4 - preset: 9220 - index: 5 - preset: 9320
02-19 17:44:53.663 E/mcu_services( 5512): MCU2APP : [ff fe fd 12 01 b1 00 00 23 9b 22 ce 23 32 23 aa 23 aa 24 04 24 68 99 ff ]
02-19 17:44:53.667 D/TunerPresenter(15794): handleTunerRawData: b1 0 0 23 9b 22 ce 23 32 23 aa 23 aa 24 4 24 68 
02-19 17:44:53.669 D/TunerManagerForExt(15794): FMRadio main (TunerManagerForExt.java:147) onTunerPresetListChanged:  - mBand: 0 - mPresetIndex: 0 - mFrequency: 9115 - index: 0 - preset: 8910 - index: 1 - preset: 9010 - index: 2 - preset: 9130 - index: 3 - preset: 9130 - index: 4 - preset: 9220 - index: 5 - preset: 9320
02-19 17:44:53.713 E/mcu_services( 5512): MCU2APP : [ff fe fd 12 01 b1 00 00 23 a0 22 ce 23 32 23 aa 23 aa 24 04 24 68 a2 ff ]
02-19 17:44:53.717 D/TunerPresenter(15794): handleTunerRawData: b1 0 0 23 a0 22 ce 23 32 23 aa 23 aa 24 4 24 68 
02-19 17:44:53.719 D/TunerManagerForExt(15794): FMRadio main (TunerManagerForExt.java:147) onTunerPresetListChanged:  - mBand: 0 - mPresetIndex: 0 - mFrequency: 9120 - index: 0 - preset: 8910 - index: 1 - preset: 9010 - index: 2 - preset: 9130 - index: 3 - preset: 9130 - index: 4 - preset: 9220 - index: 5 - preset: 9320
02-19 17:44:53.762 E/mcu_services( 5512): MCU2APP : [ff fe fd 12 01 b1 00 00 23 a5 22 ce 23 32 23 aa 23 aa 24 04 24 68 a7 ff ]
02-19 17:44:53.764 D/TunerPresenter(15794): handleTunerRawData: b1 0 0 23 a5 22 ce 23 32 23 aa 23 aa 24 4 24 68 
02-19 17:44:53.766 D/TunerManagerForExt(15794): FMRadio main (TunerManagerForExt.java:147) onTunerPresetListChanged:  - mBand: 0 - mPresetIndex: 0 - mFrequency: 9125 - index: 0 - preset: 8910 - index: 1 - preset: 9010 - index: 2 - preset: 9130 - index: 3 - preset: 9130 - index: 4 - preset: 9220 - index: 5 - preset: 9320
02-19 17:44:53.812 E/mcu_services( 5512): MCU2APP : [ff fe fd 12 01 b1 00 00 23 aa 22 ce 23 32 23 aa 23 aa 24 04 24 68 a8 ff ]
02-19 17:44:53.815 D/TunerPresenter(15794): handleTunerRawData: b1 0 0 23 aa 22 ce 23 32 23 aa 23 aa 24 4 24 68 
02-19 17:44:53.819 D/TunerManagerForExt(15794): FMRadio main (TunerManagerForExt.java:147) onTunerPresetListChanged:  - mBand: 0 - mPresetIndex: 0 - mFrequency: 9130 - index: 0 - preset: 8910 - index: 1 - preset: 9010 - index: 2 - preset: 9130 - index: 3 - preset: 9130 - index: 4 - preset: 9220 - index: 5 - preset: 9320
02-19 17:44:53.829 E/mcu_services( 5512): MCU2APP : [ff fe fd 03 01 29 6d 45 ff ]
02-19 17:44:53.858 E/mcu_services( 5512): MCU2APP : [ff fe fd 12 01 b1 00 03 23 aa 22 ce 23 32 23 aa 23 aa 24 04 24 68 ab ff ]
02-19 17:44:53.858 E/mcu_services( 5512): MCU2APP : [ff fe fd 12 01 b1 00 03 23 aa 22 ce 23 32 23 aa 23 aa 24 04 24 68 ab ff ]
02-19 17:44:53.861 D/TunerPresenter(15794): handleTunerRawData: b1 0 3 23 aa 22 ce 23 32 23 aa 23 aa 24 4 24 68 
02-19 17:44:53.864 D/TunerManagerForExt(15794): FMRadio main (TunerManagerForExt.java:147) onTunerPresetListChanged:  - mBand: 0 - mPresetIndex: 3 - mFrequency: 9130 - index: 0 - preset: 8910 - index: 1 - preset: 9010 - index: 2 - preset: 9130 - index: 3 - preset: 9130 - index: 4 - preset: 9220 - index: 5 - preset: 9320
02-19 17:44:53.880 D/TunerPresenter(15794): handleTunerRawData: b1 0 3 23 aa 22 ce 23 32 23 aa 23 aa 24 4 24 68 
02-19 17:44:53.881 D/TunerManagerForExt(15794): FMRadio main (TunerManagerForExt.java:147) onTunerPresetListChanged:  - mBand: 0 - mPresetIndex: 3 - mFrequency: 9130 - index: 0 - preset: 8910 - index: 1 - preset: 9010 - index: 2 - preset: 9130 - index: 3 - preset: 9130 - index: 4 - preset: 9220 - index: 5 - preset: 9320
02-19 17:44:53.931 E/mcu_services( 5512): MCU2APP : [ff fe fd 12 01 b1 00 03 23 aa 22 ce 23 32 23 aa 23 aa 24 04 24 68 ab ff ]
02-19 17:44:53.932 E/mcu_services( 5512): MCU2APP : [ff fe fd 03 01 b0 50 e1 ff ]
02-19 17:44:53.936 D/TunerPresenter(15794): handleTunerRawData: b1 0 3 23 aa 22 ce 23 32 23 aa 23 aa 24 4 24 68 
02-19 17:44:53.937 D/TunerManagerForExt(15794): FMRadio main (TunerManagerForExt.java:147) onTunerPresetListChanged:  - mBand: 0 - mPresetIndex: 3 - mFrequency: 9130 - index: 0 - preset: 8910 - index: 1 - preset: 9010 - index: 2 - preset: 9130 - index: 3 - preset: 9130 - index: 4 - preset: 9220 - index: 5 - preset: 9320
02-19 17:44:53.947 D/TunerPresenter(15794): handleTunerRawData: b0 50 
02-19 17:44:53.947 D/TunerManagerForExt(15794): FMRadio main (TunerManagerForExt.java:108) onTunerInfoChanged: onTunerInfoChanged - flag: 80 - asFlag: 0 - psFlag: 0 - scanFlag: 0 - seekFlag: 0 - mStFlag: 1 - mLocFlag: 0 - mIsSearching: true - mTempSearching: false
02-19 17:44:53.947 D/TunerManagerForExt(15794): FMRadio main (TunerManagerForExt.java:118) onTunerInfoChanged: mIsSearching: false - mTempSearching: false - asFlag: 0 - seekFlag: 0
02-19 17:44:55.818 E/mcu_services( 5512): MCU2APP : [ff fe fd 03 01 29 6d 45 ff ]
02-19 17:44:56.470 E/mcu_services( 5512): RPC_SetVolumeMute - isMute: true
02-19 17:44:56.470 E/mcu_services( 5512): requestMute - isMute: true - time: 0 fromWhatPid=2129
02-19 17:44:56.471 E/mcu_services( 5512): APP2MCU - writeToUartNormal : [ff fd fe 04 01 82 01 00 82 ff ]
02-19 17:44:56.472 D/K706RadioManager( 2129): Mute set to: true
02-19 17:44:56.485 E/mcu_services( 5512): MCU2APP : [ff fe fd 03 02 82 01 81 ff ]
02-19 17:44:56.499 E/mcu_services( 5512): APP2MCU - writeToUart: [ff fd fe 07 01 40 2e c4 01 8f ab 8e ff ]
02-19 17:44:57.074 E/mcu_services( 5512): RPC_SetVolumeMute - isMute: false
02-19 17:44:57.075 E/mcu_services( 5512): requestMute - isMute: false - time: 0 fromWhatPid=2129
02-19 17:44:57.075 E/mcu_services( 5512): APP2MCU - writeToUartNormal : [ff fd fe 04 01 82 00 00 83 ff ]
02-19 17:44:57.076 D/K706RadioManager( 2129): Mute set to: false
02-19 17:44:57.081 E/mcu_services( 5512): MCU2APP : [ff fe fd 03 02 82 00 80 ff ]
02-19 17:44:57.105 E/mcu_services( 5512): APP2MCU - writeToUart: [ff fd fe 07 01 40 2e c4 01 0f 2b 8e ff ]
02-19 17:44:57.807 E/mcu_services( 5512): MCU2APP : [ff fe fd 03 01 29 6d 45 ff ]
02-19 17:44:58.422 E/mcu_services( 5512): APP2MCU - writeToUartNormal : [ff fd fe 05 01 a0 02 00 00 a3 ff ]
02-19 17:44:58.424 D/K706RadioManager( 2129): CMD Enviado: sub=0x02 p1=0x00 p2=0x00
02-19 17:44:58.424 D/K706RadioManager( 2129): Seek DOWN iniciado
02-19 17:44:58.447 E/mcu_services( 5512): MCU2APP : [ff fe fd 12 01 b1 00 00 23 a5 22 ce 23 32 23 aa 23 aa 24 04 24 68 a7 ff ]
02-19 17:44:58.447 E/mcu_services( 5512): MCU2APP : [ff fe fd 03 01 b0 58 e9 ff ]
02-19 17:44:58.451 D/TunerPresenter(15794): handleTunerRawData: b1 0 0 23 a5 22 ce 23 32 23 aa 23 aa 24 4 24 68 
02-19 17:44:58.451 D/TunerManagerForExt(15794): FMRadio main (TunerManagerForExt.java:147) onTunerPresetListChanged:  - mBand: 0 - mPresetIndex: 0 - mFrequency: 9125 - index: 0 - preset: 8910 - index: 1 - preset: 9010 - index: 2 - preset: 9130 - index: 3 - preset: 9130 - index: 4 - preset: 9220 - index: 5 - preset: 9320
02-19 17:44:58.468 D/TunerPresenter(15794): handleTunerRawData: b0 58 
02-19 17:44:58.468 D/TunerManagerForExt(15794): FMRadio main (TunerManagerForExt.java:108) onTunerInfoChanged: onTunerInfoChanged - flag: 88 - asFlag: 0 - psFlag: 0 - scanFlag: 0 - seekFlag: 1 - mStFlag: 1 - mLocFlag: 0 - mIsSearching: false - mTempSearching: false
02-19 17:44:58.468 D/TunerManagerForExt(15794): FMRadio main (TunerManagerForExt.java:118) onTunerInfoChanged: mIsSearching: true - mTempSearching: false - asFlag: 0 - seekFlag: 1
02-19 17:44:58.496 E/mcu_services( 5512): MCU2APP : [ff fe fd 12 01 b1 00 00 23 a0 22 ce 23 32 23 aa 23 aa 24 04 24 68 a2 ff ]
02-19 17:44:58.500 D/TunerPresenter(15794): handleTunerRawData: b1 0 0 23 a0 22 ce 23 32 23 aa 23 aa 24 4 24 68 
02-19 17:44:58.503 D/TunerManagerForExt(15794): FMRadio main (TunerManagerForExt.java:147) onTunerPresetListChanged:  - mBand: 0 - mPresetIndex: 0 - mFrequency: 9120 - index: 0 - preset: 8910 - index: 1 - preset: 9010 - index: 2 - preset: 9130 - index: 3 - preset: 9130 - index: 4 - preset: 9220 - index: 5 - preset: 9320
02-19 17:44:58.545 E/mcu_services( 5512): MCU2APP : [ff fe fd 12 01 b1 00 00 23 9b 22 ce 23 32 23 aa 23 aa 24 04 24 68 99 ff ]
02-19 17:44:58.549 D/TunerPresenter(15794): handleTunerRawData: b1 0 0 23 9b 22 ce 23 32 23 aa 23 aa 24 4 24 68 
02-19 17:44:58.552 D/TunerManagerForExt(15794): FMRadio main (TunerManagerForExt.java:147) onTunerPresetListChanged:  - mBand: 0 - mPresetIndex: 0 - mFrequency: 9115 - index: 0 - preset: 8910 - index: 1 - preset: 9010 - index: 2 - preset: 9130 - index: 3 - preset: 9130 - index: 4 - preset: 9220 - index: 5 - preset: 9320
02-19 17:44:58.595 E/mcu_services( 5512): MCU2APP : [ff fe fd 12 01 b1 00 00 23 96 22 ce 23 32 23 aa 23 aa 24 04 24 68 94 ff ]
02-19 17:44:58.599 D/TunerPresenter(15794): handleTunerRawData: b1 0 0 23 96 22 ce 23 32 23 aa 23 aa 24 4 24 68 
02-19 17:44:58.601 D/TunerManagerForExt(15794): FMRadio main (TunerManagerForExt.java:147) onTunerPresetListChanged:  - mBand: 0 - mPresetIndex: 0 - mFrequency: 9110 - index: 0 - preset: 8910 - index: 1 - preset: 9010 - index: 2 - preset: 9130 - index: 3 - preset: 9130 - index: 4 - preset: 9220 - index: 5 - preset: 9320
02-19 17:44:58.645 E/mcu_services( 5512): MCU2APP : [ff fe fd 12 01 b1 00 00 23 91 22 ce 23 32 23 aa 23 aa 24 04 24 68 93 ff ]
02-19 17:44:58.649 D/TunerPresenter(15794): handleTunerRawData: b1 0 0 23 91 22 ce 23 32 23 aa 23 aa 24 4 24 68 
02-19 17:44:58.652 D/TunerManagerForExt(15794): FMRadio main (TunerManagerForExt.java:147) onTunerPresetListChanged:  - mBand: 0 - mPresetIndex: 0 - mFrequency: 9105 - index: 0 - preset: 8910 - index: 1 - preset: 9010 - index: 2 - preset: 9130 - index: 3 - preset: 9130 - index: 4 - preset: 9220 - index: 5 - preset: 9320
02-19 17:44:58.694 E/mcu_services( 5512): MCU2APP : [ff fe fd 12 01 b1 00 00 23 8c 22 ce 23 32 23 aa 23 aa 24 04 24 68 8e ff ]
02-19 17:44:58.699 D/TunerPresenter(15794): handleTunerRawData: b1 0 0 23 8c 22 ce 23 32 23 aa 23 aa 24 4 24 68 
02-19 17:44:58.702 D/TunerManagerForExt(15794): FMRadio main (TunerManagerForExt.java:147) onTunerPresetListChanged:  - mBand: 0 - mPresetIndex: 0 - mFrequency: 9100 - index: 0 - preset: 8910 - index: 1 - preset: 9010 - index: 2 - preset: 9130 - index: 3 - preset: 9130 - index: 4 - preset: 9220 - index: 5 - preset: 9320
02-19 17:44:58.744 E/mcu_services( 5512): MCU2APP : [ff fe fd 12 01 b1 00 00 23 87 22 ce 23 32 23 aa 23 aa 24 04 24 68 85 ff ]
02-19 17:44:58.748 D/TunerPresenter(15794): handleTunerRawData: b1 0 0 23 87 22 ce 23 32 23 aa 23 aa 24 4 24 68 
02-19 17:44:58.750 D/TunerManagerForExt(15794): FMRadio main (TunerManagerForExt.java:147) onTunerPresetListChanged:  - mBand: 0 - mPresetIndex: 0 - mFrequency: 9095 - index: 0 - preset: 8910 - index: 1 - preset: 9010 - index: 2 - preset: 9130 - index: 3 - preset: 9130 - index: 4 - preset: 9220 - index: 5 - preset: 9320
02-19 17:44:58.794 E/mcu_services( 5512): MCU2APP : [ff fe fd 12 01 b1 00 00 23 82 22 ce 23 32 23 aa 23 aa 24 04 24 68 80 ff ]
02-19 17:44:58.796 D/TunerPresenter(15794): handleTunerRawData: b1 0 0 23 82 22 ce 23 32 23 aa 23 aa 24 4 24 68 
02-19 17:44:58.799 D/TunerManagerForExt(15794): FMRadio main (TunerManagerForExt.java:147) onTunerPresetListChanged:  - mBand: 0 - mPresetIndex: 0 - mFrequency: 9090 - index: 0 - preset: 8910 - index: 1 - preset: 9010 - index: 2 - preset: 9130 - index: 3 - preset: 9130 - index: 4 - preset: 9220 - index: 5 - preset: 9320
02-19 17:44:58.844 E/mcu_services( 5512): MCU2APP : [ff fe fd 12 01 b1 00 00 23 7d 22 ce 23 32 23 aa 23 aa 24 04 24 68 7f ff ]
02-19 17:44:58.848 D/TunerPresenter(15794): handleTunerRawData: b1 0 0 23 7d 22 ce 23 32 23 aa 23 aa 24 4 24 68 
02-19 17:44:58.851 D/TunerManagerForExt(15794): FMRadio main (TunerManagerForExt.java:147) onTunerPresetListChanged:  - mBand: 0 - mPresetIndex: 0 - mFrequency: 9085 - index: 0 - preset: 8910 - index: 1 - preset: 9010 - index: 2 - preset: 9130 - index: 3 - preset: 9130 - index: 4 - preset: 9220 - index: 5 - preset: 9320
02-19 17:44:58.893 E/mcu_services( 5512): MCU2APP : [ff fe fd 12 01 b1 00 00 23 78 22 ce 23 32 23 aa 23 aa 24 04 24 68 7a ff ]
02-19 17:44:58.898 D/TunerPresenter(15794): handleTunerRawData: b1 0 0 23 78 22 ce 23 32 23 aa 23 aa 24 4 24 68 
02-19 17:44:58.900 D/TunerManagerForExt(15794): FMRadio main (TunerManagerForExt.java:147) onTunerPresetListChanged:  - mBand: 0 - mPresetIndex: 0 - mFrequency: 9080 - index: 0 - preset: 8910 - index: 1 - preset: 9010 - index: 2 - preset: 9130 - index: 3 - preset: 9130 - index: 4 - preset: 9220 - index: 5 - preset: 9320
02-19 17:44:58.943 E/mcu_services( 5512): MCU2APP : [ff fe fd 12 01 b1 00 00 23 73 22 ce 23 32 23 aa 23 aa 24 04 24 68 71 ff ]
02-19 17:44:58.947 D/TunerPresenter(15794): handleTunerRawData: b1 0 0 23 73 22 ce 23 32 23 aa 23 aa 24 4 24 68 
02-19 17:44:58.949 D/TunerManagerForExt(15794): FMRadio main (TunerManagerForExt.java:147) onTunerPresetListChanged:  - mBand: 0 - mPresetIndex: 0 - mFrequency: 9075 - index: 0 - preset: 8910 - index: 1 - preset: 9010 - index: 2 - preset: 9130 - index: 3 - preset: 9130 - index: 4 - preset: 9220 - index: 5 - preset: 9320
02-19 17:44:58.993 E/mcu_services( 5512): MCU2APP : [ff fe fd 12 01 b1 00 00 23 6e 22 ce 23 32 23 aa 23 aa 24 04 24 68 6c ff ]
02-19 17:44:58.997 D/TunerPresenter(15794): handleTunerRawData: b1 0 0 23 6e 22 ce 23 32 23 aa 23 aa 24 4 24 68 
02-19 17:44:59.000 D/TunerManagerForExt(15794): FMRadio main (TunerManagerForExt.java:147) onTunerPresetListChanged:  - mBand: 0 - mPresetIndex: 0 - mFrequency: 9070 - index: 0 - preset: 8910 - index: 1 - preset: 9010 - index: 2 - preset: 9130 - index: 3 - preset: 9130 - index: 4 - preset: 9220 - index: 5 - preset: 9320
02-19 17:44:59.042 E/mcu_services( 5512): MCU2APP : [ff fe fd 12 01 b1 00 00 23 69 22 ce 23 32 23 aa 23 aa 24 04 24 68 6b ff ]
02-19 17:44:59.047 D/TunerPresenter(15794): handleTunerRawData: b1 0 0 23 69 22 ce 23 32 23 aa 23 aa 24 4 24 68 
02-19 17:44:59.049 D/TunerManagerForExt(15794): FMRadio main (TunerManagerForExt.java:147) onTunerPresetListChanged:  - mBand: 0 - mPresetIndex: 0 - mFrequency: 9065 - index: 0 - preset: 8910 - index: 1 - preset: 9010 - index: 2 - preset: 9130 - index: 3 - preset: 9130 - index: 4 - preset: 9220 - index: 5 - preset: 9320
02-19 17:44:59.092 E/mcu_services( 5512): MCU2APP : [ff fe fd 12 01 b1 00 00 23 64 22 ce 23 32 23 aa 23 aa 24 04 24 68 66 ff ]
02-19 17:44:59.096 D/TunerPresenter(15794): handleTunerRawData: b1 0 0 23 64 22 ce 23 32 23 aa 23 aa 24 4 24 68 
02-19 17:44:59.099 D/TunerManagerForExt(15794): FMRadio main (TunerManagerForExt.java:147) onTunerPresetListChanged:  - mBand: 0 - mPresetIndex: 0 - mFrequency: 9060 - index: 0 - preset: 8910 - index: 1 - preset: 9010 - index: 2 - preset: 9130 - index: 3 - preset: 9130 - index: 4 - preset: 9220 - index: 5 - preset: 9320
02-19 17:44:59.142 E/mcu_services( 5512): MCU2APP : [ff fe fd 12 01 b1 00 00 23 5f 22 ce 23 32 23 aa 23 aa 24 04 24 68 5d ff ]
02-19 17:44:59.146 D/TunerPresenter(15794): handleTunerRawData: b1 0 0 23 5f 22 ce 23 32 23 aa 23 aa 24 4 24 68 
02-19 17:44:59.149 D/TunerManagerForExt(15794): FMRadio main (TunerManagerForExt.java:147) onTunerPresetListChanged:  - mBand: 0 - mPresetIndex: 0 - mFrequency: 9055 - index: 0 - preset: 8910 - index: 1 - preset: 9010 - index: 2 - preset: 9130 - index: 3 - preset: 9130 - index: 4 - preset: 9220 - index: 5 - preset: 9320
02-19 17:44:59.191 E/mcu_services( 5512): MCU2APP : [ff fe fd 12 01 b1 00 00 23 5a 22 ce 23 32 23 aa 23 aa 24 04 24 68 58 ff ]
02-19 17:44:59.196 D/TunerPresenter(15794): handleTunerRawData: b1 0 0 23 5a 22 ce 23 32 23 aa 23 aa 24 4 24 68 
02-19 17:44:59.199 D/TunerManagerForExt(15794): FMRadio main (TunerManagerForExt.java:147) onTunerPresetListChanged:  - mBand: 0 - mPresetIndex: 0 - mFrequency: 9050 - index: 0 - preset: 8910 - index: 1 - preset: 9010 - index: 2 - preset: 9130 - index: 3 - preset: 9130 - index: 4 - preset: 9220 - index: 5 - preset: 9320
02-19 17:44:59.241 E/mcu_services( 5512): MCU2APP : [ff fe fd 12 01 b1 00 00 23 55 22 ce 23 32 23 aa 23 aa 24 04 24 68 57 ff ]
02-19 17:44:59.245 D/TunerPresenter(15794): handleTunerRawData: b1 0 0 23 55 22 ce 23 32 23 aa 23 aa 24 4 24 68 
02-19 17:44:59.248 D/TunerManagerForExt(15794): FMRadio main (TunerManagerForExt.java:147) onTunerPresetListChanged:  - mBand: 0 - mPresetIndex: 0 - mFrequency: 9045 - index: 0 - preset: 8910 - index: 1 - preset: 9010 - index: 2 - preset: 9130 - index: 3 - preset: 9130 - index: 4 - preset: 9220 - index: 5 - preset: 9320
02-19 17:44:59.291 E/mcu_services( 5512): MCU2APP : [ff fe fd 12 01 b1 00 00 23 50 22 ce 23 32 23 aa 23 aa 24 04 24 68 52 ff ]
02-19 17:44:59.295 D/TunerPresenter(15794): handleTunerRawData: b1 0 0 23 50 22 ce 23 32 23 aa 23 aa 24 4 24 68 
02-19 17:44:59.298 D/TunerManagerForExt(15794): FMRadio main (TunerManagerForExt.java:147) onTunerPresetListChanged:  - mBand: 0 - mPresetIndex: 0 - mFrequency: 9040 - index: 0 - preset: 8910 - index: 1 - preset: 9010 - index: 2 - preset: 9130 - index: 3 - preset: 9130 - index: 4 - preset: 9220 - index: 5 - preset: 9320
02-19 17:44:59.341 E/mcu_services( 5512): MCU2APP : [ff fe fd 12 01 b1 00 00 23 4b 22 ce 23 32 23 aa 23 aa 24 04 24 68 49 ff ]
02-19 17:44:59.345 D/TunerPresenter(15794): handleTunerRawData: b1 0 0 23 4b 22 ce 23 32 23 aa 23 aa 24 4 24 68 
02-19 17:44:59.347 D/TunerManagerForExt(15794): FMRadio main (TunerManagerForExt.java:147) onTunerPresetListChanged:  - mBand: 0 - mPresetIndex: 0 - mFrequency: 9035 - index: 0 - preset: 8910 - index: 1 - preset: 9010 - index: 2 - preset: 9130 - index: 3 - preset: 9130 - index: 4 - preset: 9220 - index: 5 - preset: 9320
02-19 17:44:59.390 E/mcu_services( 5512): MCU2APP : [ff fe fd 12 01 b1 00 00 23 46 22 ce 23 32 23 aa 23 aa 24 04 24 68 44 ff ]
02-19 17:44:59.395 D/TunerPresenter(15794): handleTunerRawData: b1 0 0 23 46 22 ce 23 32 23 aa 23 aa 24 4 24 68 
02-19 17:44:59.398 D/TunerManagerForExt(15794): FMRadio main (TunerManagerForExt.java:147) onTunerPresetListChanged:  - mBand: 0 - mPresetIndex: 0 - mFrequency: 9030 - index: 0 - preset: 8910 - index: 1 - preset: 9010 - index: 2 - preset: 9130 - index: 3 - preset: 9130 - index: 4 - preset: 9220 - index: 5 - preset: 9320
02-19 17:44:59.440 E/mcu_services( 5512): MCU2APP : [ff fe fd 12 01 b1 00 00 23 41 22 ce 23 32 23 aa 23 aa 24 04 24 68 43 ff ]
02-19 17:44:59.444 D/TunerPresenter(15794): handleTunerRawData: b1 0 0 23 41 22 ce 23 32 23 aa 23 aa 24 4 24 68 
02-19 17:44:59.447 D/TunerManagerForExt(15794): FMRadio main (TunerManagerForExt.java:147) onTunerPresetListChanged:  - mBand: 0 - mPresetIndex: 0 - mFrequency: 9025 - index: 0 - preset: 8910 - index: 1 - preset: 9010 - index: 2 - preset: 9130 - index: 3 - preset: 9130 - index: 4 - preset: 9220 - index: 5 - preset: 9320
02-19 17:44:59.490 E/mcu_services( 5512): MCU2APP : [ff fe fd 12 01 b1 00 00 23 3c 22 ce 23 32 23 aa 23 aa 24 04 24 68 3e ff ]
02-19 17:44:59.494 D/TunerPresenter(15794): handleTunerRawData: b1 0 0 23 3c 22 ce 23 32 23 aa 23 aa 24 4 24 68 
02-19 17:44:59.497 D/TunerManagerForExt(15794): FMRadio main (TunerManagerForExt.java:147) onTunerPresetListChanged:  - mBand: 0 - mPresetIndex: 0 - mFrequency: 9020 - index: 0 - preset: 8910 - index: 1 - preset: 9010 - index: 2 - preset: 9130 - index: 3 - preset: 9130 - index: 4 - preset: 9220 - index: 5 - preset: 9320
02-19 17:44:59.539 E/mcu_services( 5512): MCU2APP : [ff fe fd 12 01 b1 00 00 23 37 22 ce 23 32 23 aa 23 aa 24 04 24 68 35 ff ]
02-19 17:44:59.544 D/TunerPresenter(15794): handleTunerRawData: b1 0 0 23 37 22 ce 23 32 23 aa 23 aa 24 4 24 68 
02-19 17:44:59.548 D/TunerManagerForExt(15794): FMRadio main (TunerManagerForExt.java:147) onTunerPresetListChanged:  - mBand: 0 - mPresetIndex: 0 - mFrequency: 9015 - index: 0 - preset: 8910 - index: 1 - preset: 9010 - index: 2 - preset: 9130 - index: 3 - preset: 9130 - index: 4 - preset: 9220 - index: 5 - preset: 9320
02-19 17:44:59.589 E/mcu_services( 5512): MCU2APP : [ff fe fd 12 01 b1 00 00 23 32 22 ce 23 32 23 aa 23 aa 24 04 24 68 30 ff ]
02-19 17:44:59.594 D/TunerPresenter(15794): handleTunerRawData: b1 0 0 23 32 22 ce 23 32 23 aa 23 aa 24 4 24 68 
02-19 17:44:59.597 D/TunerManagerForExt(15794): FMRadio main (TunerManagerForExt.java:147) onTunerPresetListChanged:  - mBand: 0 - mPresetIndex: 0 - mFrequency: 9010 - index: 0 - preset: 8910 - index: 1 - preset: 9010 - index: 2 - preset: 9130 - index: 3 - preset: 9130 - index: 4 - preset: 9220 - index: 5 - preset: 9320
02-19 17:44:59.634 E/mcu_services( 5512): MCU2APP : [ff fe fd 12 01 b1 00 02 23 32 22 ce 23 32 23 aa 23 aa 24 04 24 68 32 ff ]
02-19 17:44:59.635 E/mcu_services( 5512): MCU2APP : [ff fe fd 12 01 b1 00 02 23 32 22 ce 23 32 23 aa 23 aa 24 04 24 68 32 ff ]
02-19 17:44:59.639 D/TunerPresenter(15794): handleTunerRawData: b1 0 2 23 32 22 ce 23 32 23 aa 23 aa 24 4 24 68 
02-19 17:44:59.642 D/TunerManagerForExt(15794): FMRadio main (TunerManagerForExt.java:147) onTunerPresetListChanged:  - mBand: 0 - mPresetIndex: 2 - mFrequency: 9010 - index: 0 - preset: 8910 - index: 1 - preset: 9010 - index: 2 - preset: 9130 - index: 3 - preset: 9130 - index: 4 - preset: 9220 - index: 5 - preset: 9320
02-19 17:44:59.642 D/TunerPresenter(15794): handleTunerRawData: b1 0 2 23 32 22 ce 23 32 23 aa 23 aa 24 4 24 68 
02-19 17:44:59.643 D/TunerManagerForExt(15794): FMRadio main (TunerManagerForExt.java:147) onTunerPresetListChanged:  - mBand: 0 - mPresetIndex: 2 - mFrequency: 9010 - index: 0 - preset: 8910 - index: 1 - preset: 9010 - index: 2 - preset: 9130 - index: 3 - preset: 9130 - index: 4 - preset: 9220 - index: 5 - preset: 9320
02-19 17:44:59.699 E/mcu_services( 5512): MCU2APP : [ff fe fd 12 01 b1 00 02 23 32 22 ce 23 32 23 aa 23 aa 24 04 24 68 32 ff ]
02-19 17:44:59.699 E/mcu_services( 5512): MCU2APP : [ff fe fd 03 01 b0 50 e1 ff ]
02-19 17:44:59.703 D/TunerPresenter(15794): handleTunerRawData: b1 0 2 23 32 22 ce 23 32 23 aa 23 aa 24 4 24 68 
02-19 17:44:59.704 D/TunerManagerForExt(15794): FMRadio main (TunerManagerForExt.java:147) onTunerPresetListChanged:  - mBand: 0 - mPresetIndex: 2 - mFrequency: 9010 - index: 0 - preset: 8910 - index: 1 - preset: 9010 - index: 2 - preset: 9130 - index: 3 - preset: 9130 - index: 4 - preset: 9220 - index: 5 - preset: 9320
02-19 17:44:59.716 D/TunerPresenter(15794): handleTunerRawData: b0 50 
02-19 17:44:59.717 D/TunerManagerForExt(15794): FMRadio main (TunerManagerForExt.java:108) onTunerInfoChanged: onTunerInfoChanged - flag: 80 - asFlag: 0 - psFlag: 0 - scanFlag: 0 - seekFlag: 0 - mStFlag: 1 - mLocFlag: 0 - mIsSearching: true - mTempSearching: false
02-19 17:44:59.717 D/TunerManagerForExt(15794): FMRadio main (TunerManagerForExt.java:118) onTunerInfoChanged: mIsSearching: false - mTempSearching: false - asFlag: 0 - seekFlag: 0
02-19 17:44:59.796 E/mcu_services( 5512): MCU2APP : [ff fe fd 03 01 29 6d 45 ff ]
02-19 17:45:01.785 E/mcu_services( 5512): MCU2APP : [ff fe fd 03 01 29 6d 45 ff ]
02-19 17:45:03.773 E/mcu_services( 5512): MCU2APP : [ff fe fd 03 01 29 6d 45 ff ]
02-19 17:45:05.762 E/mcu_services( 5512): MCU2APP : [ff fe fd 03 01 29 6d 45 ff ]
02-19 17:45:07.750 E/mcu_services( 5512): MCU2APP : [ff fe fd 03 01 29 6d 45 ff ]
02-19 17:45:08.770 D/K706RadioManager( 2129): Callback desregistrado
02-19 17:45:09.004 D/K706RadioManager( 2129): Got IMcuManager instance: android.qf.mcu.IMcuManager$Stub$Proxy@f1f7fef
02-19 17:45:09.005 D/K706RadioManager( 2129): Permissions requested successfully (Transact 1001)
02-19 17:45:09.005 D/K706RadioManager( 2129): IMcuListener.asBinder() called
02-19 17:45:09.005 E/mcu_services( 5512): RPC_RequestMcuInfoChangedListener - packageName: com.example.openradiofm
02-19 17:45:09.007 E/K706RadioManager( 2129): Error registering McuListener (IMcuListener attempt)
02-19 17:45:09.007 E/K706RadioManager( 2129): java.lang.reflect.InvocationTargetException
02-19 17:45:09.007 E/K706RadioManager( 2129): 	at java.lang.reflect.Method.invoke(Native Method)
02-19 17:45:09.007 E/K706RadioManager( 2129): 	at com.example.openradiofm.data.source.K706RadioManager.registerMcuListener(K706RadioManager.java:225)
02-19 17:45:09.007 E/K706RadioManager( 2129): 	at com.example.openradiofm.data.source.K706RadioManager.initMcuConnection(K706RadioManager.java:127)
02-19 17:45:09.007 E/K706RadioManager( 2129): 	at com.example.openradiofm.data.source.K706RadioManager.<init>(K706RadioManager.java:89)
02-19 17:45:09.007 E/K706RadioManager( 2129): 	at com.example.openradiofm.ui.main.MainActivity.conectarRadio(MainActivity.java:1309)
02-19 17:45:09.007 E/K706RadioManager( 2129): 	at com.example.openradiofm.ui.main.MainActivity.onCreate(MainActivity.java:526)
02-19 17:45:09.007 E/K706RadioManager( 2129): 	at android.app.Activity.performCreate(Activity.java:8037)
02-19 17:45:09.007 E/K706RadioManager( 2129): 	at android.app.Activity.performCreate(Activity.java:8025)
02-19 17:45:09.007 E/K706RadioManager( 2129): 	at android.app.Instrumentation.callActivityOnCreate(Instrumentation.java:1315)
02-19 17:45:09.007 E/K706RadioManager( 2129): 	at android.app.ActivityThread.performLaunchActivity(ActivityThread.java:3312)
02-19 17:45:09.007 E/K706RadioManager( 2129): 	at android.app.ActivityThread.handleLaunchActivity(ActivityThread.java:3493)
02-19 17:45:09.007 E/K706RadioManager( 2129): 	at android.app.ActivityThread.handleRelaunchActivityInner(ActivityThread.java:5460)
02-19 17:45:09.007 E/K706RadioManager( 2129): 	at android.app.ActivityThread.handleRelaunchActivity(ActivityThread.java:5325)
02-19 17:45:09.007 E/K706RadioManager( 2129): 	at android.app.servertransaction.ActivityRelaunchItem.execute(ActivityRelaunchItem.java:69)
02-19 17:45:09.007 E/K706RadioManager( 2129): 	at android.app.servertransaction.TransactionExecutor.executeCallbacks(TransactionExecutor.java:135)
02-19 17:45:09.007 E/K706RadioManager( 2129): 	at android.app.servertransaction.TransactionExecutor.execute(TransactionExecutor.java:95)
02-19 17:45:09.007 E/K706RadioManager( 2129): 	at android.app.ClientTransactionHandler.executeTransaction(ClientTransactionHandler.java:57)
02-19 17:45:09.007 E/K706RadioManager( 2129): 	at android.app.ActivityThread.handleRelaunchActivityLocally(ActivityThread.java:5377)
02-19 17:45:09.007 E/K706RadioManager( 2129): 	at android.app.ActivityThread.access$3400(ActivityThread.java:241)
02-19 17:45:09.007 E/K706RadioManager( 2129): 	at android.app.ActivityThread$H.handleMessage(ActivityThread.java:2067)
02-19 17:45:09.007 E/K706RadioManager( 2129): 	at android.os.Handler.dispatchMessage(Handler.java:107)
02-19 17:45:09.007 E/K706RadioManager( 2129): 	at android.os.Looper.loop(Looper.java:214)
02-19 17:45:09.007 E/K706RadioManager( 2129): 	at android.app.ActivityThread.main(ActivityThread.java:7660)
02-19 17:45:09.007 E/K706RadioManager( 2129): 	at java.lang.reflect.Method.invoke(Native Method)
02-19 17:45:09.007 E/K706RadioManager( 2129): 	at com.android.internal.os.RuntimeInit$MethodAndArgsCaller.run(RuntimeInit.java:503)
02-19 17:45:09.007 E/K706RadioManager( 2129): 	at com.android.internal.os.ZygoteInit.main(ZygoteInit.java:936)
02-19 17:45:09.007 E/K706RadioManager( 2129): Caused by: java.lang.IllegalArgumentException: need eiter listener
02-19 17:45:09.007 E/K706RadioManager( 2129): 	at android.os.Parcel.createException(Parcel.java:2075)
02-19 17:45:09.007 E/K706RadioManager( 2129): 	at android.os.Parcel.readException(Parcel.java:2039)
02-19 17:45:09.007 E/K706RadioManager( 2129): 	at android.os.Parcel.readException(Parcel.java:1987)
02-19 17:45:09.007 E/K706RadioManager( 2129): 	at android.qf.mcu.IMcuManager$Stub$Proxy.RPC_RequestMcuInfoChangedListener(IMcuManager.java:642)
02-19 17:45:09.007 E/K706RadioManager( 2129): 	... 26 more
02-19 17:45:09.008 E/K706RadioManager( 2129): Fallback McuListener also failed
02-19 17:45:09.008 E/K706RadioManager( 2129): java.lang.NoSuchMethodException: android.qf.mcu.IMcuManager$Stub$Proxy.RPC_RequestMcuInfoChangedListener [interface android.qf.mcu.McuListener]
02-19 17:45:09.008 E/K706RadioManager( 2129): 	at java.lang.Class.getMethod(Class.java:2072)
02-19 17:45:09.008 E/K706RadioManager( 2129): 	at java.lang.Class.getMethod(Class.java:1693)
02-19 17:45:09.008 E/K706RadioManager( 2129): 	at com.example.openradiofm.data.source.K706RadioManager.registerMcuListenerFallback(K706RadioManager.java:264)
02-19 17:45:09.008 E/K706RadioManager( 2129): 	at com.example.openradiofm.data.source.K706RadioManager.registerMcuListener(K706RadioManager.java:232)
02-19 17:45:09.008 E/K706RadioManager( 2129): 	at com.example.openradiofm.data.source.K706RadioManager.initMcuConnection(K706RadioManager.java:127)
02-19 17:45:09.008 E/K706RadioManager( 2129): 	at com.example.openradiofm.data.source.K706RadioManager.<init>(K706RadioManager.java:89)
02-19 17:45:09.008 E/K706RadioManager( 2129): 	at com.example.openradiofm.ui.main.MainActivity.conectarRadio(MainActivity.java:1309)
02-19 17:45:09.008 E/K706RadioManager( 2129): 	at com.example.openradiofm.ui.main.MainActivity.onCreate(MainActivity.java:526)
02-19 17:45:09.008 E/K706RadioManager( 2129): 	at android.app.Activity.performCreate(Activity.java:8037)
02-19 17:45:09.008 E/K706RadioManager( 2129): 	at android.app.Activity.performCreate(Activity.java:8025)
02-19 17:45:09.008 E/K706RadioManager( 2129): 	at android.app.Instrumentation.callActivityOnCreate(Instrumentation.java:1315)
02-19 17:45:09.008 E/K706RadioManager( 2129): 	at android.app.ActivityThread.performLaunchActivity(ActivityThread.java:3312)
02-19 17:45:09.008 E/K706RadioManager( 2129): 	at android.app.ActivityThread.handleLaunchActivity(ActivityThread.java:3493)
02-19 17:45:09.008 E/K706RadioManager( 2129): 	at android.app.ActivityThread.handleRelaunchActivityInner(ActivityThread.java:5460)
02-19 17:45:09.008 E/K706RadioManager( 2129): 	at android.app.ActivityThread.handleRelaunchActivity(ActivityThread.java:5325)
02-19 17:45:09.008 E/K706RadioManager( 2129): 	at android.app.servertransaction.ActivityRelaunchItem.execute(ActivityRelaunchItem.java:69)
02-19 17:45:09.008 E/K706RadioManager( 2129): 	at android.app.servertransaction.TransactionExecutor.executeCallbacks(TransactionExecutor.java:135)
02-19 17:45:09.008 E/K706RadioManager( 2129): 	at android.app.servertransaction.TransactionExecutor.execute(TransactionExecutor.java:95)
02-19 17:45:09.008 E/K706RadioManager( 2129): 	at android.app.ClientTransactionHandler.executeTransaction(ClientTransactionHandler.java:57)
02-19 17:45:09.008 E/K706RadioManager( 2129): 	at android.app.ActivityThread.handleRelaunchActivityLocally(ActivityThread.java:5377)
02-19 17:45:09.008 E/K706RadioManager( 2129): 	at android.app.ActivityThread.access$3400(ActivityThread.java:241)
02-19 17:45:09.008 E/K706RadioManager( 2129): 	at android.app.ActivityThread$H.handleMessage(ActivityThread.java:2067)
02-19 17:45:09.008 E/K706RadioManager( 2129): 	at android.os.Handler.dispatchMessage(Handler.java:107)
02-19 17:45:09.008 E/K706RadioManager( 2129): 	at android.os.Looper.loop(Looper.java:214)
02-19 17:45:09.008 E/K706RadioManager( 2129): 	at android.app.ActivityThread.main(ActivityThread.java:7660)
02-19 17:45:09.008 E/K706RadioManager( 2129): 	at java.lang.reflect.Method.invoke(Native Method)
02-19 17:45:09.008 E/K706RadioManager( 2129): 	at com.android.internal.os.RuntimeInit$MethodAndArgsCaller.run(RuntimeInit.java:503)
02-19 17:45:09.008 E/K706RadioManager( 2129): 	at com.android.internal.os.ZygoteInit.main(ZygoteInit.java:936)
02-19 17:45:09.008 D/K706RadioManager( 2129): RPC_SendMcuMsgData: OK
02-19 17:45:09.008 D/K706RadioManager( 2129): RPC_SetVolumeMute(boolean): OK
02-19 17:45:09.008 D/K706RadioManager( 2129): RPC_GetChannel: OK
02-19 17:45:09.008 D/K706RadioManager( 2129): RPC_SetChannel(byte): OK
02-19 17:45:09.008 D/K706RadioManager( 2129): === Métodos disponibles en IMcuManager ===
02-19 17:45:09.009 D/K706RadioManager( 2129):   RPC_GetAmpSwitch() -> boolean
02-19 17:45:09.009 D/K706RadioManager( 2129):   RPC_GetChannel() -> byte
02-19 17:45:09.009 D/K706RadioManager( 2129):   RPC_GetEQData() -> byte[]
02-19 17:45:09.009 D/K706RadioManager( 2129):   RPC_GetGisVoiceState() -> byte
02-19 17:45:09.009 D/K706RadioManager( 2129):   RPC_GetMcuVer() -> byte[]
02-19 17:45:09.010 D/K706RadioManager( 2129):   RPC_GetVolume() -> byte
02-19 17:45:09.010 D/K706RadioManager( 2129):   RPC_GetVolumeMute() -> boolean
02-19 17:45:09.010 D/K706RadioManager( 2129):   RPC_KeyCommand(byte, byte[]) -> void
02-19 17:45:09.010 D/K706RadioManager( 2129):   RPC_McuCallbackFinished(IMcuListener) -> void
02-19 17:45:09.010 D/K706RadioManager( 2129):   RPC_RemoveMcuInfoChangedListener(IMcuListener, String) -> void
02-19 17:45:09.010 D/K706RadioManager( 2129):   RPC_RequestMcuInfoChangedListener(IMcuListener, String) -> void
02-19 17:45:09.010 D/K706RadioManager( 2129):   RPC_SendAndroidStatus(int) -> void
02-19 17:45:09.010 D/K706RadioManager( 2129):   RPC_SendCANInfo(byte[], int) -> void
02-19 17:45:09.010 D/K706RadioManager( 2129):   RPC_SendHeadLightState(boolean) -> void
02-19 17:45:09.010 D/K706RadioManager( 2129):   RPC_SendMCUData(byte[], int) -> void
02-19 17:45:09.010 D/K706RadioManager( 2129):   RPC_SendMcuCmdData(byte, byte[], int) -> void
02-19 17:45:09.010 D/K706RadioManager( 2129):   RPC_SendMcuMsgData(byte, byte[], int) -> void
02-19 17:45:09.010 D/K706RadioManager( 2129):   RPC_SendSetQicaideng(byte[], int) -> void
02-19 17:45:09.010 D/K706RadioManager( 2129):   RPC_SetAmpSwitch(boolean) -> void
02-19 17:45:09.010 D/K706RadioManager( 2129):   RPC_SetChannel(byte) -> void
02-19 17:45:09.010 D/K706RadioManager( 2129):   RPC_SetChannelGain(byte) -> void
02-19 17:45:09.010 D/K706RadioManager( 2129):   RPC_SetCodecStatus(boolean) -> void
02-19 17:45:09.010 D/K706RadioManager( 2129):   RPC_SetEQData(byte[]) -> void
02-19 17:45:09.010 D/K706RadioManager( 2129):   RPC_SetGisVoice(byte) -> void
02-19 17:45:09.011 D/K706RadioManager( 2129):   RPC_SetVolume(byte) -> void
02-19 17:45:09.011 D/K706RadioManager( 2129):   RPC_SetVolumeMute(boolean) -> void
02-19 17:45:09.011 D/K706RadioManager( 2129):   RPC_SetVolumeMuteEx(boolean, byte) -> void
02-19 17:45:09.011 D/K706RadioManager( 2129):   RPC_SetVolumeMuteNoBroadcast(boolean) -> void
02-19 17:45:09.011 D/K706RadioManager( 2129):   RPC_UpdateMCU(byte) -> void
02-19 17:45:09.011 D/K706RadioManager( 2129):   RPC_UsbUpgrade(byte) -> void
02-19 17:45:09.011 D/K706RadioManager( 2129): === INICIO SECUENCIA AUDIO FM ===
02-19 17:45:09.011 E/mcu_services( 5512): RPC_SetVolumeMute - isMute: true
02-19 17:45:09.011 E/mcu_services( 5512): requestMute - isMute: true - time: 0 fromWhatPid=2129
02-19 17:45:09.012 E/mcu_services( 5512): APP2MCU - writeToUartNormal : [ff fd fe 04 01 82 01 00 82 ff ]
02-19 17:45:09.012 D/K706RadioManager( 2129): Mute set to: true
02-19 17:45:09.012 D/K706RadioManager( 2129): [1/6] setMute(true) OK
02-19 17:45:09.012 E/mcu_services( 5512): RPC_SetChannel - mode: 2 fromWhatpid=2129
02-19 17:45:09.012 E/mcu_services( 5512): audio channel change to MPU, current_audio_source=com.example.openradiofm
02-19 17:45:09.012 E/mcu_services( 5512): setVolType - oldVolType: media_type - newVolType: radio_type - mode: 2 isCallStart=false
02-19 17:45:09.014 E/mcu_services( 5512): RPC_SetChannel - type: radio_type - volume: 6
02-19 17:45:09.015 E/mcu_services( 5512): APP2MCU - writeToUartNormal : [ff fd fe 04 01 84 02 06 81 ff ]
02-19 17:45:09.017 D/K706RadioManager( 2129): [2/6] RPC_SetChannel(2) OK - Canal FM activado
02-19 17:45:09.021 E/mcu_services( 5512): APP2MCU - writeToUart: [ff fd fe 07 01 40 2e c4 01 85 b5 9a ff ]
02-19 17:45:09.024 E/McuManager( 4140): call RPC_SetChannel(4) from 4140
02-19 17:45:09.024 E/mcu_services( 5512): RPC_SetChannel - mode: 4 fromWhatpid=4140
02-19 17:45:09.024 E/mcu_services( 5512): audio channel change to MPU, current_audio_source=com.example.openradiofm
02-19 17:45:09.025 E/mcu_services( 5512): setVolType - oldVolType: radio_type - newVolType: media_type - mode: 4 isCallStart=false
02-19 17:45:09.025 E/mcu_services( 5512): RPC_SetChannel - type: media_type - volume: 17
02-19 17:45:09.026 E/mcu_services( 5512): APP2MCU - writeToUartNormal : [ff fd fe 04 01 84 04 11 90 ff ]
02-19 17:45:09.029 D/K706RadioManager( 2129): Audio Focus Granted
02-19 17:45:09.029 D/K706RadioManager( 2129): [3/6] requestAudioFocus
02-19 17:45:09.030 D/K706RadioManager( 2129): AudioSystem.setForceUse(1, 1)
02-19 17:45:09.030 D/K706RadioManager( 2129): [4/6] setForceUse(true)
02-19 17:45:09.031 D/K706RadioManager( 2129): Set Audio Params: fm_radio_on=1;fm_mute=0
02-19 17:45:09.031 D/K706RadioManager( 2129): [5/6] setAudioParams(on)
02-19 17:45:09.032 E/mcu_services( 5512): RPC_SetVolumeMute - isMute: false
02-19 17:45:09.032 E/mcu_services( 5512): requestMute - isMute: false - time: 0 fromWhatPid=2129
02-19 17:45:09.032 E/mcu_services( 5512): APP2MCU - writeToUartNormal : [ff fd fe 04 01 82 00 00 83 ff ]
02-19 17:45:09.035 E/mcu_services( 5512): MCU2APP : [ff fe fd 12 01 b1 00 02 23 32 22 ce 23 32 23 aa 23 aa 24 04 24 68 32 ff ]
02-19 17:45:09.037 D/K706RadioManager( 2129): Mute set to: false
02-19 17:45:09.037 D/K706RadioManager( 2129): [6/6] setMute(false) OK
02-19 17:45:09.037 D/K706RadioManager( 2129): === FIN SECUENCIA AUDIO FM ===
02-19 17:45:09.037 D/K706RadioManager( 2129): K706RadioManager initialized and connected.
02-19 17:45:09.037 D/K706RadioManager( 2129): Callback registrado
02-19 17:45:09.037 E/mcu_services( 5512): MCU2APP : [ff fe fd 03 01 b0 50 e1 ff ]
02-19 17:45:09.038 E/mcu_services( 5512): MCU2APP : [ff fe fd 03 01 b3 0c be ff ]
02-19 17:45:09.038 E/mcu_services( 5512): MCU2APP : [ff fe fd 03 02 82 01 81 ff ]
02-19 17:45:09.038 E/mcu_services( 5512): MCU2APP : [ff fe fd 03 02 84 02 84 ff ]
02-19 17:45:09.038 E/mcu_services( 5512): MCU2APP : [ff fe fd 12 01 b1 00 02 23 32 22 ce 23 32 23 aa 23 aa 24 04 24 68 32 ff ]
02-19 17:45:09.038 E/mcu_services( 5512): MCU2APP : [ff fe fd 03 01 b0 50 e1 ff ]
02-19 17:45:09.039 E/mcu_services( 5512): MCU2APP : [ff fe fd 03 01 b3 0c be ff ]
02-19 17:45:09.039 E/mcu_services( 5512): MCU2APP : [ff fe fd 03 02 84 04 82 ff ]
02-19 17:45:09.045 E/mcu_services( 5512): sendAckSuccess : [ff fd fe 02 02 b3 b1 ff ]
02-19 17:45:09.045 E/mcu_services( 5512): APP2MCU - writeToUart: [ff fd fe 02 02 b3 b1 ff ]
02-19 17:45:09.046 E/mcu_services( 5512): sendAckSuccess : [ff fd fe 02 02 b3 b1 ff ]
02-19 17:45:09.046 D/K706RadioManager( 2129): Estado sincronizado manual: 87600 / B0
02-19 17:45:09.046 E/mcu_services( 5512): APP2MCU - writeToUart: [ff fd fe 02 02 b3 b1 ff ]
02-19 17:45:09.046 E/mcu_services( 5512): MCU2APP : [ff fe fd 03 02 82 00 80 ff ]
02-19 17:45:09.046 E/mcu_services( 5512): MCU2APP : [ff fe fd 12 01 b1 00 02 23 32 22 ce 23 32 23 aa 23 aa 24 04 24 68 32 ff ]
02-19 17:45:09.046 E/mcu_services( 5512): MCU2APP : [ff fe fd 03 01 b0 50 e1 ff ]
02-19 17:45:09.048 D/TunerPresenter(15794): handleTunerRawData: b1 0 2 23 32 22 ce 23 32 23 aa 23 aa 24 4 24 68 
02-19 17:45:09.048 D/TunerManagerForExt(15794): FMRadio main (TunerManagerForExt.java:147) onTunerPresetListChanged:  - mBand: 0 - mPresetIndex: 2 - mFrequency: 9010 - index: 0 - preset: 8910 - index: 1 - preset: 9010 - index: 2 - preset: 9130 - index: 3 - preset: 9130 - index: 4 - preset: 9220 - index: 5 - preset: 9320
02-19 17:45:09.052 E/mcu_services( 5512): APP2MCU - writeToUart: [ff fd fe 07 01 40 2e c4 01 85 b5 9a ff ]
02-19 17:45:09.064 D/TunerPresenter(15794): handleTunerRawData: b0 50 
02-19 17:45:09.064 D/TunerManagerForExt(15794): FMRadio main (TunerManagerForExt.java:108) onTunerInfoChanged: onTunerInfoChanged - flag: 80 - asFlag: 0 - psFlag: 0 - scanFlag: 0 - seekFlag: 0 - mStFlag: 1 - mLocFlag: 0 - mIsSearching: false - mTempSearching: false
02-19 17:45:09.064 D/TunerManagerForExt(15794): FMRadio main (TunerManagerForExt.java:118) onTunerInfoChanged: mIsSearching: false - mTempSearching: false - asFlag: 0 - seekFlag: 0
02-19 17:45:09.066 D/TunerPresenter(15794): handleTunerRawData: b3 c 
02-19 17:45:09.074 D/TunerManagerForExt(15794): FMRadio main (TunerManagerForExt.java:174) onTuneRdsInfo: onTuneRdsInfo - flag: 12 - mRdsAFSwitch: 0 - mRdsTASwitch: 0
02-19 17:45:09.076 D/TunerPresenter(15794): handleTunerRawData: b1 0 2 23 32 22 ce 23 32 23 aa 23 aa 24 4 24 68 
02-19 17:45:09.076 D/TunerManagerForExt(15794): FMRadio main (TunerManagerForExt.java:147) onTunerPresetListChanged:  - mBand: 0 - mPresetIndex: 2 - mFrequency: 9010 - index: 0 - preset: 8910 - index: 1 - preset: 9010 - index: 2 - preset: 9130 - index: 3 - preset: 9130 - index: 4 - preset: 9220 - index: 5 - preset: 9320
02-19 17:45:09.077 D/TunerPresenter(15794): handleTunerRawData: b0 50 
02-19 17:45:09.077 D/TunerManagerForExt(15794): FMRadio main (TunerManagerForExt.java:108) onTunerInfoChanged: onTunerInfoChanged - flag: 80 - asFlag: 0 - psFlag: 0 - scanFlag: 0 - seekFlag: 0 - mStFlag: 1 - mLocFlag: 0 - mIsSearching: false - mTempSearching: false
02-19 17:45:09.077 D/TunerManagerForExt(15794): FMRadio main (TunerManagerForExt.java:118) onTunerInfoChanged: mIsSearching: false - mTempSearching: false - asFlag: 0 - seekFlag: 0
02-19 17:45:09.087 E/mcu_services( 5512): APP2MCU - writeToUart: [ff fd fe 07 01 40 2e c4 01 8f ab 8e ff ]
02-19 17:45:09.093 D/TunerPresenter(15794): handleTunerRawData: b3 c 
02-19 17:45:09.098 D/TunerManagerForExt(15794): FMRadio main (TunerManagerForExt.java:174) onTuneRdsInfo: onTuneRdsInfo - flag: 12 - mRdsAFSwitch: 0 - mRdsTASwitch: 0
02-19 17:45:09.099 D/TunerPresenter(15794): handleTunerRawData: b1 0 2 23 32 22 ce 23 32 23 aa 23 aa 24 4 24 68 
02-19 17:45:09.099 D/TunerManagerForExt(15794): FMRadio main (TunerManagerForExt.java:147) onTunerPresetListChanged:  - mBand: 0 - mPresetIndex: 2 - mFrequency: 9010 - index: 0 - preset: 8910 - index: 1 - preset: 9010 - index: 2 - preset: 9130 - index: 3 - preset: 9130 - index: 4 - preset: 9220 - index: 5 - preset: 9320
02-19 17:45:09.100 D/TunerPresenter(15794): handleTunerRawData: b0 50 
02-19 17:45:09.100 D/TunerManagerForExt(15794): FMRadio main (TunerManagerForExt.java:108) onTunerInfoChanged: onTunerInfoChanged - flag: 80 - asFlag: 0 - psFlag: 0 - scanFlag: 0 - seekFlag: 0 - mStFlag: 1 - mLocFlag: 0 - mIsSearching: false - mTempSearching: false
02-19 17:45:09.100 D/TunerManagerForExt(15794): FMRadio main (TunerManagerForExt.java:118) onTunerInfoChanged: mIsSearching: false - mTempSearching: false - asFlag: 0 - seekFlag: 0
02-19 17:45:09.118 E/mcu_services( 5512): APP2MCU - writeToUart: [ff fd fe 07 01 40 2e c4 01 0f 2b 8e ff ]
02-19 17:45:09.268 D/K706RadioManager( 2129): onAudioFocusChange: -1
02-19 17:45:09.739 E/mcu_services( 5512): MCU2APP : [ff fe fd 03 01 29 6d 45 ff ]
02-19 17:45:11.080 E/mcu_services( 5512): APP2MCU - writeToUartNormal : [ff fd fe 05 01 a0 00 22 3d be ff ]
02-19 17:45:11.081 D/K706RadioManager( 2129): CMD Enviado: sub=0x00 p1=0x22 p2=0x3D
02-19 17:45:11.082 D/K706RadioManager( 2129): gotoFreq: input=87650 mcuFreq=8765 (h=0x22 l=0x3D)
02-19 17:45:11.092 E/mcu_services( 5512): MCU2APP : [ff fe fd 03 01 b0 50 e1 ff ]
02-19 17:45:11.094 D/TunerPresenter(15794): handleTunerRawData: b0 50 
02-19 17:45:11.094 D/TunerManagerForExt(15794): FMRadio main (TunerManagerForExt.java:108) onTunerInfoChanged: onTunerInfoChanged - flag: 80 - asFlag: 0 - psFlag: 0 - scanFlag: 0 - seekFlag: 0 - mStFlag: 1 - mLocFlag: 0 - mIsSearching: false - mTempSearching: false
02-19 17:45:11.094 D/TunerManagerForExt(15794): FMRadio main (TunerManagerForExt.java:118) onTunerInfoChanged: mIsSearching: false - mTempSearching: false - asFlag: 0 - seekFlag: 0
02-19 17:45:11.132 E/mcu_services( 5512): MCU2APP : [ff fe fd 12 01 b1 00 00 22 3d 22 ce 23 32 23 aa 23 aa 24 04 24 68 3e ff ]
02-19 17:45:11.134 D/TunerPresenter(15794): handleTunerRawData: b1 0 0 22 3d 22 ce 23 32 23 aa 23 aa 24 4 24 68 
02-19 17:45:11.135 D/TunerManagerForExt(15794): FMRadio main (TunerManagerForExt.java:147) onTunerPresetListChanged:  - mBand: 0 - mPresetIndex: 0 - mFrequency: 8765 - index: 0 - preset: 8910 - index: 1 - preset: 9010 - index: 2 - preset: 9130 - index: 3 - preset: 9130 - index: 4 - preset: 9220 - index: 5 - preset: 9320
02-19 17:45:11.728 E/mcu_services( 5512): MCU2APP : [ff fe fd 03 01 29 6d 45 ff ]
02-19 17:45:12.715 E/mcu_services( 5512): APP2MCU - writeToUartNormal : [ff fd fe 05 01 a0 00 22 38 bb ff ]
02-19 17:45:12.717 D/K706RadioManager( 2129): CMD Enviado: sub=0x00 p1=0x22 p2=0x38
02-19 17:45:12.718 D/K706RadioManager( 2129): gotoFreq: input=87600 mcuFreq=8760 (h=0x22 l=0x38)
02-19 17:45:12.725 E/mcu_services( 5512): MCU2APP : [ff fe fd 03 01 b0 50 e1 ff ]
02-19 17:45:12.725 E/mcu_services( 5512): MCU2APP : [ff fe fd 12 01 b1 00 00 22 38 22 ce 23 32 23 aa 23 aa 24 04 24 68 3b ff ]
02-19 17:45:12.728 D/TunerPresenter(15794): handleTunerRawData: b0 50 
02-19 17:45:12.728 D/TunerManagerForExt(15794): FMRadio main (TunerManagerForExt.java:108) onTunerInfoChanged: onTunerInfoChanged - flag: 80 - asFlag: 0 - psFlag: 0 - scanFlag: 0 - seekFlag: 0 - mStFlag: 1 - mLocFlag: 0 - mIsSearching: false - mTempSearching: false
02-19 17:45:12.728 D/TunerManagerForExt(15794): FMRadio main (TunerManagerForExt.java:118) onTunerInfoChanged: mIsSearching: false - mTempSearching: false - asFlag: 0 - seekFlag: 0
02-19 17:45:12.730 D/TunerPresenter(15794): handleTunerRawData: b1 0 0 22 38 22 ce 23 32 23 aa 23 aa 24 4 24 68 
02-19 17:45:12.731 D/TunerManagerForExt(15794): FMRadio main (TunerManagerForExt.java:147) onTunerPresetListChanged:  - mBand: 0 - mPresetIndex: 0 - mFrequency: 8760 - index: 0 - preset: 8910 - index: 1 - preset: 9010 - index: 2 - preset: 9130 - index: 3 - preset: 9130 - index: 4 - preset: 9220 - index: 5 - preset: 9320
02-19 17:45:13.717 E/mcu_services( 5512): MCU2APP : [ff fe fd 03 01 29 6d 45 ff ]
02-19 17:45:15.413 E/mcu_services( 5512): APP2MCU - writeToUartNormal : [ff fd fe 05 01 a0 01 00 00 a0 ff ]
02-19 17:45:15.416 D/K706RadioManager( 2129): CMD Enviado: sub=0x01 p1=0x00 p2=0x00
02-19 17:45:15.416 D/K706RadioManager( 2129): Seek UP iniciado
02-19 17:45:15.440 E/mcu_services( 5512): MCU2APP : [ff fe fd 12 01 b1 00 00 22 3d 22 ce 23 32 23 aa 23 aa 24 04 24 68 3e ff ]
02-19 17:45:15.440 E/mcu_services( 5512): MCU2APP : [ff fe fd 03 01 b0 58 e9 ff ]
02-19 17:45:15.444 D/TunerPresenter(15794): handleTunerRawData: b1 0 0 22 3d 22 ce 23 32 23 aa 23 aa 24 4 24 68 
02-19 17:45:15.444 D/TunerManagerForExt(15794): FMRadio main (TunerManagerForExt.java:147) onTunerPresetListChanged:  - mBand: 0 - mPresetIndex: 0 - mFrequency: 8765 - index: 0 - preset: 8910 - index: 1 - preset: 9010 - index: 2 - preset: 9130 - index: 3 - preset: 9130 - index: 4 - preset: 9220 - index: 5 - preset: 9320
02-19 17:45:15.459 D/TunerPresenter(15794): handleTunerRawData: b0 58 
02-19 17:45:15.459 D/TunerManagerForExt(15794): FMRadio main (TunerManagerForExt.java:108) onTunerInfoChanged: onTunerInfoChanged - flag: 88 - asFlag: 0 - psFlag: 0 - scanFlag: 0 - seekFlag: 1 - mStFlag: 1 - mLocFlag: 0 - mIsSearching: false - mTempSearching: false
02-19 17:45:15.459 D/TunerManagerForExt(15794): FMRadio main (TunerManagerForExt.java:118) onTunerInfoChanged: mIsSearching: true - mTempSearching: false - asFlag: 0 - seekFlag: 1
02-19 17:45:15.489 E/mcu_services( 5512): MCU2APP : [ff fe fd 12 01 b1 00 00 22 42 22 ce 23 32 23 aa 23 aa 24 04 24 68 41 ff ]
02-19 17:45:15.493 D/TunerPresenter(15794): handleTunerRawData: b1 0 0 22 42 22 ce 23 32 23 aa 23 aa 24 4 24 68 
02-19 17:45:15.496 D/TunerManagerForExt(15794): FMRadio main (TunerManagerForExt.java:147) onTunerPresetListChanged:  - mBand: 0 - mPresetIndex: 0 - mFrequency: 8770 - index: 0 - preset: 8910 - index: 1 - preset: 9010 - index: 2 - preset: 9130 - index: 3 - preset: 9130 - index: 4 - preset: 9220 - index: 5 - preset: 9320
02-19 17:45:15.538 E/mcu_services( 5512): MCU2APP : [ff fe fd 12 01 b1 00 00 22 47 22 ce 23 32 23 aa 23 aa 24 04 24 68 44 ff ]
02-19 17:45:15.540 D/TunerPresenter(15794): handleTunerRawData: b1 0 0 22 47 22 ce 23 32 23 aa 23 aa 24 4 24 68 
02-19 17:45:15.543 D/TunerManagerForExt(15794): FMRadio main (TunerManagerForExt.java:147) onTunerPresetListChanged:  - mBand: 0 - mPresetIndex: 0 - mFrequency: 8775 - index: 0 - preset: 8910 - index: 1 - preset: 9010 - index: 2 - preset: 9130 - index: 3 - preset: 9130 - index: 4 - preset: 9220 - index: 5 - preset: 9320
02-19 17:45:15.588 E/mcu_services( 5512): MCU2APP : [ff fe fd 12 01 b1 00 00 22 4c 22 ce 23 32 23 aa 23 aa 24 04 24 68 4f ff ]
02-19 17:45:15.591 D/TunerPresenter(15794): handleTunerRawData: b1 0 0 22 4c 22 ce 23 32 23 aa 23 aa 24 4 24 68 
02-19 17:45:15.594 D/TunerManagerForExt(15794): FMRadio main (TunerManagerForExt.java:147) onTunerPresetListChanged:  - mBand: 0 - mPresetIndex: 0 - mFrequency: 8780 - index: 0 - preset: 8910 - index: 1 - preset: 9010 - index: 2 - preset: 9130 - index: 3 - preset: 9130 - index: 4 - preset: 9220 - index: 5 - preset: 9320
02-19 17:45:15.638 E/mcu_services( 5512): MCU2APP : [ff fe fd 12 01 b1 00 00 22 51 22 ce 23 32 23 aa 23 aa 24 04 24 68 52 ff ]
02-19 17:45:15.640 D/TunerPresenter(15794): handleTunerRawData: b1 0 0 22 51 22 ce 23 32 23 aa 23 aa 24 4 24 68 
02-19 17:45:15.643 D/TunerManagerForExt(15794): FMRadio main (TunerManagerForExt.java:147) onTunerPresetListChanged:  - mBand: 0 - mPresetIndex: 0 - mFrequency: 8785 - index: 0 - preset: 8910 - index: 1 - preset: 9010 - index: 2 - preset: 9130 - index: 3 - preset: 9130 - index: 4 - preset: 9220 - index: 5 - preset: 9320
02-19 17:45:15.687 E/mcu_services( 5512): MCU2APP : [ff fe fd 12 01 b1 00 00 22 56 22 ce 23 32 23 aa 23 aa 24 04 24 68 55 ff ]
02-19 17:45:15.692 D/TunerPresenter(15794): handleTunerRawData: b1 0 0 22 56 22 ce 23 32 23 aa 23 aa 24 4 24 68 
02-19 17:45:15.696 D/TunerManagerForExt(15794): FMRadio main (TunerManagerForExt.java:147) onTunerPresetListChanged:  - mBand: 0 - mPresetIndex: 0 - mFrequency: 8790 - index: 0 - preset: 8910 - index: 1 - preset: 9010 - index: 2 - preset: 9130 - index: 3 - preset: 9130 - index: 4 - preset: 9220 - index: 5 - preset: 9320
02-19 17:45:15.705 E/mcu_services( 5512): MCU2APP : [ff fe fd 03 01 29 6d 45 ff ]
02-19 17:45:15.737 E/mcu_services( 5512): MCU2APP : [ff fe fd 12 01 b1 00 00 22 5b 22 ce 23 32 23 aa 23 aa 24 04 24 68 58 ff ]
02-19 17:45:15.741 D/TunerPresenter(15794): handleTunerRawData: b1 0 0 22 5b 22 ce 23 32 23 aa 23 aa 24 4 24 68 
02-19 17:45:15.745 D/TunerManagerForExt(15794): FMRadio main (TunerManagerForExt.java:147) onTunerPresetListChanged:  - mBand: 0 - mPresetIndex: 0 - mFrequency: 8795 - index: 0 - preset: 8910 - index: 1 - preset: 9010 - index: 2 - preset: 9130 - index: 3 - preset: 9130 - index: 4 - preset: 9220 - index: 5 - preset: 9320
02-19 17:45:15.787 E/mcu_services( 5512): MCU2APP : [ff fe fd 12 01 b1 00 00 22 60 22 ce 23 32 23 aa 23 aa 24 04 24 68 63 ff ]
02-19 17:45:15.791 D/TunerPresenter(15794): handleTunerRawData: b1 0 0 22 60 22 ce 23 32 23 aa 23 aa 24 4 24 68 
02-19 17:45:15.794 D/TunerManagerForExt(15794): FMRadio main (TunerManagerForExt.java:147) onTunerPresetListChanged:  - mBand: 0 - mPresetIndex: 0 - mFrequency: 8800 - index: 0 - preset: 8910 - index: 1 - preset: 9010 - index: 2 - preset: 9130 - index: 3 - preset: 9130 - index: 4 - preset: 9220 - index: 5 - preset: 9320
02-19 17:45:15.836 E/mcu_services( 5512): MCU2APP : [ff fe fd 12 01 b1 00 00 22 65 22 ce 23 32 23 aa 23 aa 24 04 24 68 66 ff ]
02-19 17:45:15.841 D/TunerPresenter(15794): handleTunerRawData: b1 0 0 22 65 22 ce 23 32 23 aa 23 aa 24 4 24 68 
02-19 17:45:15.843 D/TunerManagerForExt(15794): FMRadio main (TunerManagerForExt.java:147) onTunerPresetListChanged:  - mBand: 0 - mPresetIndex: 0 - mFrequency: 8805 - index: 0 - preset: 8910 - index: 1 - preset: 9010 - index: 2 - preset: 9130 - index: 3 - preset: 9130 - index: 4 - preset: 9220 - index: 5 - preset: 9320
02-19 17:45:15.886 E/mcu_services( 5512): MCU2APP : [ff fe fd 12 01 b1 00 00 22 6a 22 ce 23 32 23 aa 23 aa 24 04 24 68 69 ff ]
02-19 17:45:15.890 D/TunerPresenter(15794): handleTunerRawData: b1 0 0 22 6a 22 ce 23 32 23 aa 23 aa 24 4 24 68 
02-19 17:45:15.893 D/TunerManagerForExt(15794): FMRadio main (TunerManagerForExt.java:147) onTunerPresetListChanged:  - mBand: 0 - mPresetIndex: 0 - mFrequency: 8810 - index: 0 - preset: 8910 - index: 1 - preset: 9010 - index: 2 - preset: 9130 - index: 3 - preset: 9130 - index: 4 - preset: 9220 - index: 5 - preset: 9320
02-19 17:45:15.936 E/mcu_services( 5512): MCU2APP : [ff fe fd 12 01 b1 00 00 22 6f 22 ce 23 32 23 aa 23 aa 24 04 24 68 6c ff ]
02-19 17:45:15.940 D/TunerPresenter(15794): handleTunerRawData: b1 0 0 22 6f 22 ce 23 32 23 aa 23 aa 24 4 24 68 
02-19 17:45:15.943 D/TunerManagerForExt(15794): FMRadio main (TunerManagerForExt.java:147) onTunerPresetListChanged:  - mBand: 0 - mPresetIndex: 0 - mFrequency: 8815 - index: 0 - preset: 8910 - index: 1 - preset: 9010 - index: 2 - preset: 9130 - index: 3 - preset: 9130 - index: 4 - preset: 9220 - index: 5 - preset: 9320
02-19 17:45:15.986 E/mcu_services( 5512): MCU2APP : [ff fe fd 12 01 b1 00 00 22 74 22 ce 23 32 23 aa 23 aa 24 04 24 68 77 ff ]
02-19 17:45:15.989 D/TunerPresenter(15794): handleTunerRawData: b1 0 0 22 74 22 ce 23 32 23 aa 23 aa 24 4 24 68 
02-19 17:45:15.992 D/TunerManagerForExt(15794): FMRadio main (TunerManagerForExt.java:147) onTunerPresetListChanged:  - mBand: 0 - mPresetIndex: 0 - mFrequency: 8820 - index: 0 - preset: 8910 - index: 1 - preset: 9010 - index: 2 - preset: 9130 - index: 3 - preset: 9130 - index: 4 - preset: 9220 - index: 5 - preset: 9320
02-19 17:45:16.036 E/mcu_services( 5512): MCU2APP : [ff fe fd 12 01 b1 00 00 22 79 22 ce 23 32 23 aa 23 aa 24 04 24 68 7a ff ]
02-19 17:45:16.039 D/TunerPresenter(15794): handleTunerRawData: b1 0 0 22 79 22 ce 23 32 23 aa 23 aa 24 4 24 68 
02-19 17:45:16.041 D/TunerManagerForExt(15794): FMRadio main (TunerManagerForExt.java:147) onTunerPresetListChanged:  - mBand: 0 - mPresetIndex: 0 - mFrequency: 8825 - index: 0 - preset: 8910 - index: 1 - preset: 9010 - index: 2 - preset: 9130 - index: 3 - preset: 9130 - index: 4 - preset: 9220 - index: 5 - preset: 9320
02-19 17:45:16.085 E/mcu_services( 5512): MCU2APP : [ff fe fd 12 01 b1 00 00 22 7e 22 ce 23 32 23 aa 23 aa 24 04 24 68 7d ff ]
02-19 17:45:16.089 D/TunerPresenter(15794): handleTunerRawData: b1 0 0 22 7e 22 ce 23 32 23 aa 23 aa 24 4 24 68 
02-19 17:45:16.092 D/TunerManagerForExt(15794): FMRadio main (TunerManagerForExt.java:147) onTunerPresetListChanged:  - mBand: 0 - mPresetIndex: 0 - mFrequency: 8830 - index: 0 - preset: 8910 - index: 1 - preset: 9010 - index: 2 - preset: 9130 - index: 3 - preset: 9130 - index: 4 - preset: 9220 - index: 5 - preset: 9320
02-19 17:45:16.135 E/mcu_services( 5512): MCU2APP : [ff fe fd 12 01 b1 00 00 22 83 22 ce 23 32 23 aa 23 aa 24 04 24 68 80 ff ]
02-19 17:45:16.139 D/TunerPresenter(15794): handleTunerRawData: b1 0 0 22 83 22 ce 23 32 23 aa 23 aa 24 4 24 68 
02-19 17:45:16.142 D/TunerManagerForExt(15794): FMRadio main (TunerManagerForExt.java:147) onTunerPresetListChanged:  - mBand: 0 - mPresetIndex: 0 - mFrequency: 8835 - index: 0 - preset: 8910 - index: 1 - preset: 9010 - index: 2 - preset: 9130 - index: 3 - preset: 9130 - index: 4 - preset: 9220 - index: 5 - preset: 9320
02-19 17:45:16.185 E/mcu_services( 5512): MCU2APP : [ff fe fd 12 01 b1 00 00 22 88 22 ce 23 32 23 aa 23 aa 24 04 24 68 8b ff ]
02-19 17:45:16.189 D/TunerPresenter(15794): handleTunerRawData: b1 0 0 22 88 22 ce 23 32 23 aa 23 aa 24 4 24 68 
02-19 17:45:16.192 D/TunerManagerForExt(15794): FMRadio main (TunerManagerForExt.java:147) onTunerPresetListChanged:  - mBand: 0 - mPresetIndex: 0 - mFrequency: 8840 - index: 0 - preset: 8910 - index: 1 - preset: 9010 - index: 2 - preset: 9130 - index: 3 - preset: 9130 - index: 4 - preset: 9220 - index: 5 - preset: 9320
02-19 17:45:16.234 E/mcu_services( 5512): MCU2APP : [ff fe fd 12 01 b1 00 00 22 8d 22 ce 23 32 23 aa 23 aa 24 04 24 68 8e ff ]
02-19 17:45:16.238 D/TunerPresenter(15794): handleTunerRawData: b1 0 0 22 8d 22 ce 23 32 23 aa 23 aa 24 4 24 68 
02-19 17:45:16.241 D/TunerManagerForExt(15794): FMRadio main (TunerManagerForExt.java:147) onTunerPresetListChanged:  - mBand: 0 - mPresetIndex: 0 - mFrequency: 8845 - index: 0 - preset: 8910 - index: 1 - preset: 9010 - index: 2 - preset: 9130 - index: 3 - preset: 9130 - index: 4 - preset: 9220 - index: 5 - preset: 9320
02-19 17:45:16.284 E/mcu_services( 5512): MCU2APP : [ff fe fd 12 01 b1 00 00 22 92 22 ce 23 32 23 aa 23 aa 24 04 24 68 91 ff ]
02-19 17:45:16.288 D/TunerPresenter(15794): handleTunerRawData: b1 0 0 22 92 22 ce 23 32 23 aa 23 aa 24 4 24 68 
02-19 17:45:16.291 D/TunerManagerForExt(15794): FMRadio main (TunerManagerForExt.java:147) onTunerPresetListChanged:  - mBand: 0 - mPresetIndex: 0 - mFrequency: 8850 - index: 0 - preset: 8910 - index: 1 - preset: 9010 - index: 2 - preset: 9130 - index: 3 - preset: 9130 - index: 4 - preset: 9220 - index: 5 - preset: 9320
02-19 17:45:16.334 E/mcu_services( 5512): MCU2APP : [ff fe fd 12 01 b1 00 00 22 97 22 ce 23 32 23 aa 23 aa 24 04 24 68 94 ff ]
02-19 17:45:16.338 D/TunerPresenter(15794): handleTunerRawData: b1 0 0 22 97 22 ce 23 32 23 aa 23 aa 24 4 24 68 
02-19 17:45:16.341 D/TunerManagerForExt(15794): FMRadio main (TunerManagerForExt.java:147) onTunerPresetListChanged:  - mBand: 0 - mPresetIndex: 0 - mFrequency: 8855 - index: 0 - preset: 8910 - index: 1 - preset: 9010 - index: 2 - preset: 9130 - index: 3 - preset: 9130 - index: 4 - preset: 9220 - index: 5 - preset: 9320
02-19 17:45:16.384 E/mcu_services( 5512): MCU2APP : [ff fe fd 12 01 b1 00 00 22 9c 22 ce 23 32 23 aa 23 aa 24 04 24 68 9f ff ]
02-19 17:45:16.388 D/TunerPresenter(15794): handleTunerRawData: b1 0 0 22 9c 22 ce 23 32 23 aa 23 aa 24 4 24 68 
02-19 17:45:16.390 D/TunerManagerForExt(15794): FMRadio main (TunerManagerForExt.java:147) onTunerPresetListChanged:  - mBand: 0 - mPresetIndex: 0 - mFrequency: 8860 - index: 0 - preset: 8910 - index: 1 - preset: 9010 - index: 2 - preset: 9130 - index: 3 - preset: 9130 - index: 4 - preset: 9220 - index: 5 - preset: 9320
02-19 17:45:16.433 E/mcu_services( 5512): MCU2APP : [ff fe fd 12 01 b1 00 00 22 a1 22 ce 23 32 23 aa 23 aa 24 04 24 68 a2 ff ]
02-19 17:45:16.437 D/TunerPresenter(15794): handleTunerRawData: b1 0 0 22 a1 22 ce 23 32 23 aa 23 aa 24 4 24 68 
02-19 17:45:16.440 D/TunerManagerForExt(15794): FMRadio main (TunerManagerForExt.java:147) onTunerPresetListChanged:  - mBand: 0 - mPresetIndex: 0 - mFrequency: 8865 - index: 0 - preset: 8910 - index: 1 - preset: 9010 - index: 2 - preset: 9130 - index: 3 - preset: 9130 - index: 4 - preset: 9220 - index: 5 - preset: 9320
02-19 17:45:16.483 E/mcu_services( 5512): MCU2APP : [ff fe fd 12 01 b1 00 00 22 a6 22 ce 23 32 23 aa 23 aa 24 04 24 68 a5 ff ]
02-19 17:45:16.487 D/TunerPresenter(15794): handleTunerRawData: b1 0 0 22 a6 22 ce 23 32 23 aa 23 aa 24 4 24 68 
02-19 17:45:16.490 D/TunerManagerForExt(15794): FMRadio main (TunerManagerForExt.java:147) onTunerPresetListChanged:  - mBand: 0 - mPresetIndex: 0 - mFrequency: 8870 - index: 0 - preset: 8910 - index: 1 - preset: 9010 - index: 2 - preset: 9130 - index: 3 - preset: 9130 - index: 4 - preset: 9220 - index: 5 - preset: 9320
02-19 17:45:16.533 E/mcu_services( 5512): MCU2APP : [ff fe fd 12 01 b1 00 00 22 ab 22 ce 23 32 23 aa 23 aa 24 04 24 68 a8 ff ]
02-19 17:45:16.536 D/TunerPresenter(15794): handleTunerRawData: b1 0 0 22 ab 22 ce 23 32 23 aa 23 aa 24 4 24 68 
02-19 17:45:16.540 D/TunerManagerForExt(15794): FMRadio main (TunerManagerForExt.java:147) onTunerPresetListChanged:  - mBand: 0 - mPresetIndex: 0 - mFrequency: 8875 - index: 0 - preset: 8910 - index: 1 - preset: 9010 - index: 2 - preset: 9130 - index: 3 - preset: 9130 - index: 4 - preset: 9220 - index: 5 - preset: 9320
02-19 17:45:16.582 E/mcu_services( 5512): MCU2APP : [ff fe fd 12 01 b1 00 00 22 b0 22 ce 23 32 23 aa 23 aa 24 04 24 68 b3 ff ]
02-19 17:45:16.586 D/TunerPresenter(15794): handleTunerRawData: b1 0 0 22 b0 22 ce 23 32 23 aa 23 aa 24 4 24 68 
02-19 17:45:16.590 D/TunerManagerForExt(15794): FMRadio main (TunerManagerForExt.java:147) onTunerPresetListChanged:  - mBand: 0 - mPresetIndex: 0 - mFrequency: 8880 - index: 0 - preset: 8910 - index: 1 - preset: 9010 - index: 2 - preset: 9130 - index: 3 - preset: 9130 - index: 4 - preset: 9220 - index: 5 - preset: 9320
02-19 17:45:16.632 E/mcu_services( 5512): MCU2APP : [ff fe fd 12 01 b1 00 00 22 b5 22 ce 23 32 23 aa 23 aa 24 04 24 68 b6 ff ]
02-19 17:45:16.634 D/TunerPresenter(15794): handleTunerRawData: b1 0 0 22 b5 22 ce 23 32 23 aa 23 aa 24 4 24 68 
02-19 17:45:16.637 D/TunerManagerForExt(15794): FMRadio main (TunerManagerForExt.java:147) onTunerPresetListChanged:  - mBand: 0 - mPresetIndex: 0 - mFrequency: 8885 - index: 0 - preset: 8910 - index: 1 - preset: 9010 - index: 2 - preset: 9130 - index: 3 - preset: 9130 - index: 4 - preset: 9220 - index: 5 - preset: 9320
02-19 17:45:16.682 E/mcu_services( 5512): MCU2APP : [ff fe fd 12 01 b1 00 00 22 ba 22 ce 23 32 23 aa 23 aa 24 04 24 68 b9 ff ]
02-19 17:45:16.684 D/TunerPresenter(15794): handleTunerRawData: b1 0 0 22 ba 22 ce 23 32 23 aa 23 aa 24 4 24 68 
02-19 17:45:16.687 D/TunerManagerForExt(15794): FMRadio main (TunerManagerForExt.java:147) onTunerPresetListChanged:  - mBand: 0 - mPresetIndex: 0 - mFrequency: 8890 - index: 0 - preset: 8910 - index: 1 - preset: 9010 - index: 2 - preset: 9130 - index: 3 - preset: 9130 - index: 4 - preset: 9220 - index: 5 - preset: 9320
02-19 17:45:16.732 E/mcu_services( 5512): MCU2APP : [ff fe fd 12 01 b1 00 00 22 bf 22 ce 23 32 23 aa 23 aa 24 04 24 68 bc ff ]
02-19 17:45:16.736 D/TunerPresenter(15794): handleTunerRawData: b1 0 0 22 bf 22 ce 23 32 23 aa 23 aa 24 4 24 68 
02-19 17:45:16.738 D/TunerManagerForExt(15794): FMRadio main (TunerManagerForExt.java:147) onTunerPresetListChanged:  - mBand: 0 - mPresetIndex: 0 - mFrequency: 8895 - index: 0 - preset: 8910 - index: 1 - preset: 9010 - index: 2 - preset: 9130 - index: 3 - preset: 9130 - index: 4 - preset: 9220 - index: 5 - preset: 9320
02-19 17:45:16.781 E/mcu_services( 5512): MCU2APP : [ff fe fd 12 01 b1 00 00 22 c4 22 ce 23 32 23 aa 23 aa 24 04 24 68 c7 ff ]
02-19 17:45:16.786 D/TunerPresenter(15794): handleTunerRawData: b1 0 0 22 c4 22 ce 23 32 23 aa 23 aa 24 4 24 68 
02-19 17:45:16.789 D/TunerManagerForExt(15794): FMRadio main (TunerManagerForExt.java:147) onTunerPresetListChanged:  - mBand: 0 - mPresetIndex: 0 - mFrequency: 8900 - index: 0 - preset: 8910 - index: 1 - preset: 9010 - index: 2 - preset: 9130 - index: 3 - preset: 9130 - index: 4 - preset: 9220 - index: 5 - preset: 9320
02-19 17:45:16.831 E/mcu_services( 5512): MCU2APP : [ff fe fd 12 01 b1 00 00 22 c9 22 ce 23 32 23 aa 23 aa 24 04 24 68 ca ff ]
02-19 17:45:16.835 D/TunerPresenter(15794): handleTunerRawData: b1 0 0 22 c9 22 ce 23 32 23 aa 23 aa 24 4 24 68 
02-19 17:45:16.837 D/TunerManagerForExt(15794): FMRadio main (TunerManagerForExt.java:147) onTunerPresetListChanged:  - mBand: 0 - mPresetIndex: 0 - mFrequency: 8905 - index: 0 - preset: 8910 - index: 1 - preset: 9010 - index: 2 - preset: 9130 - index: 3 - preset: 9130 - index: 4 - preset: 9220 - index: 5 - preset: 9320
02-19 17:45:16.881 E/mcu_services( 5512): MCU2APP : [ff fe fd 12 01 b1 00 00 22 ce 22 ce 23 32 23 aa 23 aa 24 04 24 68 cd ff ]
02-19 17:45:16.884 D/TunerPresenter(15794): handleTunerRawData: b1 0 0 22 ce 22 ce 23 32 23 aa 23 aa 24 4 24 68 
02-19 17:45:16.887 D/TunerManagerForExt(15794): FMRadio main (TunerManagerForExt.java:147) onTunerPresetListChanged:  - mBand: 0 - mPresetIndex: 0 - mFrequency: 8910 - index: 0 - preset: 8910 - index: 1 - preset: 9010 - index: 2 - preset: 9130 - index: 3 - preset: 9130 - index: 4 - preset: 9220 - index: 5 - preset: 9320
02-19 17:45:16.926 E/mcu_services( 5512): MCU2APP : [ff fe fd 12 01 b1 00 01 22 ce 22 ce 23 32 23 aa 23 aa 24 04 24 68 cc ff ]
02-19 17:45:16.926 E/mcu_services( 5512): MCU2APP : [ff fe fd 12 01 b1 00 01 22 ce 22 ce 23 32 23 aa 23 aa 24 04 24 68 cc ff ]
02-19 17:45:16.930 D/TunerPresenter(15794): handleTunerRawData: b1 0 1 22 ce 22 ce 23 32 23 aa 23 aa 24 4 24 68 
02-19 17:45:16.933 D/TunerManagerForExt(15794): FMRadio main (TunerManagerForExt.java:147) onTunerPresetListChanged:  - mBand: 0 - mPresetIndex: 1 - mFrequency: 8910 - index: 0 - preset: 8910 - index: 1 - preset: 9010 - index: 2 - preset: 9130 - index: 3 - preset: 9130 - index: 4 - preset: 9220 - index: 5 - preset: 9320
02-19 17:45:16.934 D/TunerPresenter(15794): handleTunerRawData: b1 0 1 22 ce 22 ce 23 32 23 aa 23 aa 24 4 24 68 
02-19 17:45:16.935 D/TunerManagerForExt(15794): FMRadio main (TunerManagerForExt.java:147) onTunerPresetListChanged:  - mBand: 0 - mPresetIndex: 1 - mFrequency: 8910 - index: 0 - preset: 8910 - index: 1 - preset: 9010 - index: 2 - preset: 9130 - index: 3 - preset: 9130 - index: 4 - preset: 9220 - index: 5 - preset: 9320
02-19 17:45:17.000 E/mcu_services( 5512): MCU2APP : [ff fe fd 12 01 b1 00 01 22 ce 22 ce 23 32 23 aa 23 aa 24 04 24 68 cc ff ]
02-19 17:45:17.001 E/mcu_services( 5512): MCU2APP : [ff fe fd 03 01 b0 50 e1 ff ]
02-19 17:45:17.005 D/TunerPresenter(15794): handleTunerRawData: b1 0 1 22 ce 22 ce 23 32 23 aa 23 aa 24 4 24 68 
02-19 17:45:17.005 D/TunerManagerForExt(15794): FMRadio main (TunerManagerForExt.java:147) onTunerPresetListChanged:  - mBand: 0 - mPresetIndex: 1 - mFrequency: 8910 - index: 0 - preset: 8910 - index: 1 - preset: 9010 - index: 2 - preset: 9130 - index: 3 - preset: 9130 - index: 4 - preset: 9220 - index: 5 - preset: 9320
02-19 17:45:17.016 D/TunerPresenter(15794): handleTunerRawData: b0 50 
02-19 17:45:17.016 D/TunerManagerForExt(15794): FMRadio main (TunerManagerForExt.java:108) onTunerInfoChanged: onTunerInfoChanged - flag: 80 - asFlag: 0 - psFlag: 0 - scanFlag: 0 - seekFlag: 0 - mStFlag: 1 - mLocFlag: 0 - mIsSearching: true - mTempSearching: false
02-19 17:45:17.016 D/TunerManagerForExt(15794): FMRadio main (TunerManagerForExt.java:118) onTunerInfoChanged: mIsSearching: false - mTempSearching: false - asFlag: 0 - seekFlag: 0
02-19 17:45:17.694 E/mcu_services( 5512): MCU2APP : [ff fe fd 03 01 29 6d 45 ff ]
02-19 17:45:19.683 E/mcu_services( 5512): MCU2APP : [ff fe fd 03 01 29 6d 45 ff ]
02-19 17:45:19.866 E/mcu_services( 5512): APP2MCU - writeToUartNormal : [ff fd fe 05 01 a0 00 22 33 b0 ff ]
02-19 17:45:19.867 D/K706RadioManager( 2129): CMD Enviado: sub=0x00 p1=0x22 p2=0x33
02-19 17:45:19.868 D/K706RadioManager( 2129): gotoFreq: input=87550 mcuFreq=8755 (h=0x22 l=0x33)
02-19 17:45:19.872 E/mcu_services( 5512): MCU2APP : [ff fe fd 03 01 b0 50 e1 ff ]
02-19 17:45:19.877 D/TunerPresenter(15794): handleTunerRawData: b0 50 
02-19 17:45:19.877 D/TunerManagerForExt(15794): FMRadio main (TunerManagerForExt.java:108) onTunerInfoChanged: onTunerInfoChanged - flag: 80 - asFlag: 0 - psFlag: 0 - scanFlag: 0 - seekFlag: 0 - mStFlag: 1 - mLocFlag: 0 - mIsSearching: false - mTempSearching: false
02-19 17:45:19.878 D/TunerManagerForExt(15794): FMRadio main (TunerManagerForExt.java:118) onTunerInfoChanged: mIsSearching: false - mTempSearching: false - asFlag: 0 - seekFlag: 0
02-19 17:45:19.883 E/mcu_services( 5512): MCU2APP : [ff fe fd 12 01 b1 00 00 22 33 22 ce 23 32 23 aa 23 aa 24 04 24 68 30 ff ]
02-19 17:45:19.885 D/TunerPresenter(15794): handleTunerRawData: b1 0 0 22 33 22 ce 23 32 23 aa 23 aa 24 4 24 68 
02-19 17:45:19.885 D/TunerManagerForExt(15794): FMRadio main (TunerManagerForExt.java:147) onTunerPresetListChanged:  - mBand: 0 - mPresetIndex: 0 - mFrequency: 8755 - index: 0 - preset: 8910 - index: 1 - preset: 9010 - index: 2 - preset: 9130 - index: 3 - preset: 9130 - index: 4 - preset: 9220 - index: 5 - preset: 9320
02-19 17:45:21.441 E/mcu_services( 5512): APP2MCU - writeToUartNormal : [ff fd fe 05 01 a0 00 22 38 bb ff ]
02-19 17:45:21.442 D/K706RadioManager( 2129): CMD Enviado: sub=0x00 p1=0x22 p2=0x38
02-19 17:45:21.443 D/K706RadioManager( 2129): gotoFreq: input=87600 mcuFreq=8760 (h=0x22 l=0x38)
02-19 17:45:21.453 E/mcu_services( 5512): MCU2APP : [ff fe fd 03 01 b0 50 e1 ff ]
02-19 17:45:21.457 D/TunerPresenter(15794): handleTunerRawData: b0 50 
02-19 17:45:21.457 D/TunerManagerForExt(15794): FMRadio main (TunerManagerForExt.java:108) onTunerInfoChanged: onTunerInfoChanged - flag: 80 - asFlag: 0 - psFlag: 0 - scanFlag: 0 - seekFlag: 0 - mStFlag: 1 - mLocFlag: 0 - mIsSearching: false - mTempSearching: false
02-19 17:45:21.457 D/TunerManagerForExt(15794): FMRadio main (TunerManagerForExt.java:118) onTunerInfoChanged: mIsSearching: false - mTempSearching: false - asFlag: 0 - seekFlag: 0
02-19 17:45:21.474 E/mcu_services( 5512): MCU2APP : [ff fe fd 12 01 b1 00 00 22 38 22 ce 23 32 23 aa 23 aa 24 04 24 68 3b ff ]
02-19 17:45:21.477 D/TunerPresenter(15794): handleTunerRawData: b1 0 0 22 38 22 ce 23 32 23 aa 23 aa 24 4 24 68 
02-19 17:45:21.477 D/TunerManagerForExt(15794): FMRadio main (TunerManagerForExt.java:147) onTunerPresetListChanged:  - mBand: 0 - mPresetIndex: 0 - mFrequency: 8760 - index: 0 - preset: 8910 - index: 1 - preset: 9010 - index: 2 - preset: 9130 - index: 3 - preset: 9130 - index: 4 - preset: 9220 - index: 5 - preset: 9320
02-19 17:45:21.671 E/mcu_services( 5512): MCU2APP : [ff fe fd 03 01 29 6d 45 ff ]
02-19 17:45:23.660 E/mcu_services( 5512): MCU2APP : [ff fe fd 03 01 29 6d 45 ff ]
02-19 17:45:25.648 E/mcu_services( 5512): MCU2APP : [ff fe fd 03 01 29 6d 45 ff ]
02-19 17:45:26.344 D/TunerManagerForExt(15794): FMRadio main (TunerManagerForExt.java:367) onRadioArea: radioArea: 1
02-19 17:45:26.344 E/mcu_services( 5512): APP2MCU - writeToUartNormal : [ff fd fe 05 01 a0 0a 01 00 aa ff ]
02-19 17:45:26.351 E/mcu_services( 5512): APP2MCU - writeToUartNormal : [ff fd fe 30 01 a1 00 22 38 22 2e 22 2e 00 00 00 22 ce 23 32 23 aa 23 aa 24 04 24 68 00 00 00 00 00 00 00 00 00 00 00 00 00 00 00 00 00 00 00 00 00 00 00 00 2b ff ]
02-19 17:45:26.356 E/mcu_services( 5512): APP2MCU - writeToUartNormal : [ff fd fe 30 01 a1 08 02 0a 02 0a 00 00 01 01 00 02 0a 02 5b 03 e7 05 7c 06 54 02 0a 02 0a 02 5b 03 e7 05 7c 06 54 02 0a 00 00 00 00 00 00 00 00 00 00 00 00 a8 ff ]
02-19 17:45:26.365 E/mcu_services( 5512): MCU2APP : [ff fe fd 03 02 a1 00 a3 ff ]
02-19 17:45:26.365 E/mcu_services( 5512): MCU2APP : [ff fe fd 03 02 a1 08 ab ff ]
02-19 17:45:26.367 D/TunerManagerForExt(15794): FMRadio main (TunerManagerForExt.java:367) onRadioArea: radioArea: 1
02-19 17:45:26.368 E/mcu_services( 5512): APP2MCU - writeToUartNormal : [ff fd fe 05 01 a0 0a 01 00 aa ff ]
02-19 17:45:26.376 D/FmService(15794): FMRadio main (FmService.java:777) onCreate: ---->>onCreate() 
02-19 17:45:26.377 D/FmService(15794): FMRadio main (FmService.java:842) onStartCommand: ---->>onStartCommand() action: fmradio.enter
02-19 17:45:26.378 D/FmService(15794): FMRadio main (FmService.java:225) setForceUse: --->>setForceUseSpeaker() isSpeaker: false
02-19 17:45:26.417 D/FmService(15794): FMRadio main (FmService.java:303) powerUpAsync: ---->>powerUpAsync() frequency: 87.6
02-19 17:45:26.417 D/FmService(15794): FMRadio main (FmService.java:1049) requestAudioFocus: ---->>requestAudioFocus() mIsAudioFocusHeld: false
02-19 17:45:26.417 D/FmService(15794): FMRadio FmRadioServiceThread (FmService.java:1711) handlePowerUp: ----->>handlePowerUp() 
02-19 17:45:26.417 D/FmService(15794): FMRadio FmRadioServiceThread (FmService.java:317) powerUp: ---->>powerUp() frequency: 87.6 mPowerStatus: 2
02-19 17:45:26.417 D/FmService(15794): FMRadio FmRadioServiceThread (FmService.java:612) setMute: --->>setMute() mute: true
02-19 17:45:26.417 D/FmService(15794): FMRadio FmRadioServiceThread (FmService.java:1813) setVolume: setVolume(0), new volume=0, max_fm_volume=9, mIsDeviceOpen=true
02-19 17:45:26.418 D/FmService(15794): FMRadio FmRadioServiceThread (FmService.java:1766) firstPlaying: ---->>firstPlaying()  firstPlaying: 87.6
02-19 17:45:26.418 D/TunerManagerForExt(15794): FMRadio FmRadioServiceThread (TunerManagerForExt.java:385) onTune: mBand: 0 - freq: 8760
02-19 17:45:26.418 E/mcu_services( 5512): APP2MCU - writeToUartNormal : [ff fd fe 05 01 a0 00 22 38 bb ff ]
02-19 17:45:26.419 D/FmService(15794): FMRadio FmRadioServiceThread (FmService.java:344) playFrequency: ---->>playFrequency() frequency: 87.6
02-19 17:45:26.419 D/FmService(15794): FMRadio FmRadioServiceThread (FmService.java:901) enableFmAudio: --->>enableFmAudio() enable: true mAudioPatch: null
02-19 17:45:26.419 D/FmService(15794): FMRadio FmRadioServiceThread (FmService.java:904) enableFmAudio: enableFmAudio, current not available return.mIsAudioFocusHeld:false
02-19 17:45:26.419 D/FmService(15794): FMRadio FmRadioServiceThread (FmService.java:612) setMute: --->>setMute() mute: false
02-19 17:45:26.420 E/McuManager( 4140): call RPC_SetChannel(2) from 4140
02-19 17:45:26.420 D/FmService(15794): FMRadio FmRadioServiceThread (FmService.java:617) setMute: ---->>setMute()  volume: 9
02-19 17:45:26.420 D/FmService(15794): FMRadio FmRadioServiceThread (FmService.java:1813) setVolume: setVolume(9), new volume=9, max_fm_volume=9, mIsDeviceOpen=true
02-19 17:45:26.420 E/mcu_services( 5512): RPC_SetChannel - mode: 2 fromWhatpid=4140
02-19 17:45:26.420 E/mcu_services( 5512): audio channel change to MPU, current_audio_source=com.example.openradiofm
02-19 17:45:26.420 E/mcu_services( 5512): setVolType - oldVolType: media_type - newVolType: radio_type - mode: 2 isCallStart=false
02-19 17:45:26.422 E/mcu_services( 5512): RPC_SetChannel - type: radio_type - volume: 6
02-19 17:45:26.425 E/mcu_services( 5512): APP2MCU - writeToUartNormal : [ff fd fe 04 01 84 02 06 81 ff ]
02-19 17:45:26.427 D/K706RadioManager( 2129): onAudioFocusChange: -1
02-19 17:45:26.430 D/FmService(15794): FMRadio main (FmService.java:1067) requestAudioFocus: ---->>requestAudioFocus() audioFocus: 1
02-19 17:45:26.430 D/FmService(15794): FMRadio main (FmService.java:1015) headSetActive: ---->>onMediaButtonEvent()
02-19 17:45:26.431 D/FmService(15794): FMRadio main (FmService.java:978) headSetImplApi23: ---->>onMediaButtonEvent()  headSetImplApi23 - mMediaSession: android.media.session.MediaSession@cd3c74e
02-19 17:45:26.432 D/FmService(15794): FMRadio main (FmService.java:971) setMediaButtonListener: headsetListen: com.android.fmradio.FmMainActivity$6@7f9c17c
02-19 17:45:26.440 E/mcu_services( 5512): MCU2APP : [ff fe fd 12 01 b1 00 00 22 38 22 ce 23 32 23 aa 23 aa 24 04 24 68 3b ff ]
02-19 17:45:26.440 E/mcu_services( 5512): MCU2APP : [ff fe fd 03 01 b0 50 e1 ff ]
02-19 17:45:26.440 E/mcu_services( 5512): MCU2APP : [ff fe fd 03 01 b3 0c be ff ]
02-19 17:45:26.440 E/mcu_services( 5512): sendAckSuccess : [ff fd fe 02 02 b3 b1 ff ]
02-19 17:45:26.440 E/mcu_services( 5512): MCU2APP : [ff fe fd 03 02 84 02 84 ff ]
02-19 17:45:26.440 E/mcu_services( 5512): APP2MCU - writeToUart: [ff fd fe 02 02 b3 b1 ff ]
02-19 17:45:26.442 D/TunerPresenter(15794): handleTunerRawData: b1 0 0 22 38 22 ce 23 32 23 aa 23 aa 24 4 24 68 
02-19 17:45:26.442 D/TunerManagerForExt(15794): FMRadio main (TunerManagerForExt.java:147) onTunerPresetListChanged:  - mBand: 0 - mPresetIndex: 0 - mFrequency: 8760 - index: 0 - preset: 8910 - index: 1 - preset: 9010 - index: 2 - preset: 9130 - index: 3 - preset: 9130 - index: 4 - preset: 9220 - index: 5 - preset: 9320
02-19 17:45:26.449 D/TunerPresenter(15794): handleTunerRawData: b0 50 
02-19 17:45:26.449 D/TunerManagerForExt(15794): FMRadio main (TunerManagerForExt.java:108) onTunerInfoChanged: onTunerInfoChanged - flag: 80 - asFlag: 0 - psFlag: 0 - scanFlag: 0 - seekFlag: 0 - mStFlag: 1 - mLocFlag: 0 - mIsSearching: false - mTempSearching: false
02-19 17:45:26.449 D/TunerManagerForExt(15794): FMRadio main (TunerManagerForExt.java:118) onTunerInfoChanged: mIsSearching: false - mTempSearching: false - asFlag: 0 - seekFlag: 0
02-19 17:45:26.458 E/mcu_services( 5512): APP2MCU - writeToUart: [ff fd fe 07 01 40 2e c4 01 05 35 9a ff ]
02-19 17:45:26.459 D/TunerPresenter(15794): handleTunerRawData: b3 c 
02-19 17:45:26.464 D/TunerManagerForExt(15794): FMRadio main (TunerManagerForExt.java:174) onTuneRdsInfo: onTuneRdsInfo - flag: 12 - mRdsAFSwitch: 0 - mRdsTASwitch: 0
02-19 17:45:26.519 E/mcu_services( 5512): APP2MCU - writeToUart: [ff fd fe 08 01 40 2e c0 02 01 01 3b 96 ff ]
02-19 17:45:26.647 E/mcu_services( 5512): MCU2APP : [ff fe fd 12 01 b1 00 00 22 38 22 ce 23 32 23 aa 23 aa 24 04 24 68 3b ff ]
02-19 17:45:26.647 E/mcu_services( 5512): MCU2APP : [ff fe fd 03 01 b0 50 e1 ff ]
02-19 17:45:26.647 E/mcu_services( 5512): MCU2APP : [ff fe fd 03 01 b3 0c be ff ]
02-19 17:45:26.648 E/mcu_services( 5512): sendAckSuccess : [ff fd fe 02 02 b3 b1 ff ]
02-19 17:45:26.648 E/mcu_services( 5512): APP2MCU - writeToUart: [ff fd fe 02 02 b3 b1 ff ]
02-19 17:45:26.649 D/TunerPresenter(15794): handleTunerRawData: b1 0 0 22 38 22 ce 23 32 23 aa 23 aa 24 4 24 68 
02-19 17:45:26.650 D/TunerManagerForExt(15794): FMRadio main (TunerManagerForExt.java:147) onTunerPresetListChanged:  - mBand: 0 - mPresetIndex: 0 - mFrequency: 8760 - index: 0 - preset: 8910 - index: 1 - preset: 9010 - index: 2 - preset: 9130 - index: 3 - preset: 9130 - index: 4 - preset: 9220 - index: 5 - preset: 9320
02-19 17:45:26.655 D/TunerPresenter(15794): handleTunerRawData: b0 50 
02-19 17:45:26.655 D/TunerManagerForExt(15794): FMRadio main (TunerManagerForExt.java:108) onTunerInfoChanged: onTunerInfoChanged - flag: 80 - asFlag: 0 - psFlag: 0 - scanFlag: 0 - seekFlag: 0 - mStFlag: 1 - mLocFlag: 0 - mIsSearching: false - mTempSearching: false
02-19 17:45:26.656 D/TunerManagerForExt(15794): FMRadio main (TunerManagerForExt.java:118) onTunerInfoChanged: mIsSearching: false - mTempSearching: false - asFlag: 0 - seekFlag: 0
02-19 17:45:26.666 D/TunerPresenter(15794): handleTunerRawData: b3 c 
02-19 17:45:26.670 D/TunerManagerForExt(15794): FMRadio main (TunerManagerForExt.java:174) onTuneRdsInfo: onTuneRdsInfo - flag: 12 - mRdsAFSwitch: 0 - mRdsTASwitch: 0
02-19 17:45:26.761 E/mcu_services( 5512): MCU2APP : [ff fe fd 12 01 b1 00 00 22 38 22 ce 23 32 23 aa 23 aa 24 04 24 68 3b ff ]
02-19 17:45:26.761 E/mcu_services( 5512): MCU2APP : [ff fe fd 03 01 b0 50 e1 ff ]
02-19 17:45:26.763 D/TunerPresenter(15794): handleTunerRawData: b1 0 0 22 38 22 ce 23 32 23 aa 23 aa 24 4 24 68 
02-19 17:45:26.763 D/TunerManagerForExt(15794): FMRadio main (TunerManagerForExt.java:147) onTunerPresetListChanged:  - mBand: 0 - mPresetIndex: 0 - mFrequency: 8760 - index: 0 - preset: 8910 - index: 1 - preset: 9010 - index: 2 - preset: 9130 - index: 3 - preset: 9130 - index: 4 - preset: 9220 - index: 5 - preset: 9320
02-19 17:45:26.768 D/TunerPresenter(15794): handleTunerRawData: b0 50 
02-19 17:45:26.768 D/TunerManagerForExt(15794): FMRadio main (TunerManagerForExt.java:108) onTunerInfoChanged: onTunerInfoChanged - flag: 80 - asFlag: 0 - psFlag: 0 - scanFlag: 0 - seekFlag: 0 - mStFlag: 1 - mLocFlag: 0 - mIsSearching: false - mTempSearching: false
02-19 17:45:26.768 D/TunerManagerForExt(15794): FMRadio main (TunerManagerForExt.java:118) onTunerInfoChanged: mIsSearching: false - mTempSearching: false - asFlag: 0 - seekFlag: 0
02-19 17:45:26.785 E/mcu_services( 5512): MCU2APP : [ff fe fd 03 01 b4 05 b0 ff ]
02-19 17:45:26.785 E/mcu_services( 5512): MCU2APP : [ff fe fd 04 01 b5 00 0b bf ff ]
02-19 17:45:26.785 E/mcu_services( 5512): sendAckSuccess : [ff fd fe 02 02 b4 b6 ff ]
02-19 17:45:26.785 E/mcu_services( 5512): APP2MCU - writeToUart: [ff fd fe 02 02 b4 b6 ff ]
02-19 17:45:26.785 E/mcu_services( 5512): sendAckSuccess : [ff fd fe 02 02 b5 b7 ff ]
02-19 17:45:26.785 E/mcu_services( 5512): APP2MCU - writeToUart: [ff fd fe 02 02 b5 b7 ff ]
02-19 17:45:26.787 D/TunerPresenter(15794): handleTunerRawData: b4 5 
02-19 17:45:26.787 D/TunerManagerForExt(15794): FMRadio main (TunerManagerForExt.java:195) onTuneRdsIndicateInfo: onTuneRdsIndicateInfo - flag: 5 - mRdsSwitch: 1
02-19 17:45:26.788 D/TunerPresenter(15794): handleTunerRawData: b5 0 b 
02-19 17:45:26.788 D/TunerManagerForExt(15794): FMRadio main (TunerManagerForExt.java:220) onTuneRdsPtyTypeInfo: onTuneRdsPtyTypeInfo - mRdsPtyType: 0
02-19 17:45:27.302 E/mcu_services( 5512): APP2MCU - writeToUart: [ff fd fe 0a 01 40 2e c2 04 01 38 22 00 de 6c ff ]
02-19 17:45:27.945 E/mcu_services( 5512): MCU2APP : [ff fe fd 03 01 29 6d 45 ff ]
02-19 17:45:28.774 E/mcu_services( 5512): MCU2APP : [ff fe fd 0a 01 b6 20 52 4f 43 4b 20 46 4d a9 ff ]
02-19 17:45:28.774 E/mcu_services( 5512): sendAckSuccess : [ff fd fe 02 02 b6 b4 ff ]
02-19 17:45:28.774 E/mcu_services( 5512): APP2MCU - writeToUart: [ff fd fe 02 02 b6 b4 ff ]
02-19 17:45:28.778 D/TunerPresenter(15794): handleTunerRawData: b6 20 52 4f 43 4b 20 46 4d 
02-19 17:45:28.779 D/TunerManagerForExt(15794): FMRadio main (TunerManagerForExt.java:234) onTuneRdsPSInfo: onTuneRdsPSInfo - len: 9 - data: b6 20 52 4f 43 4b 20 46 4d 
02-19 17:45:28.779 D/TunerManagerForExt(15794): FMRadio main (TunerManagerForExt.java:258) onTuneRdsPSInfo: onTuneRdsPSInfo - mRdsPsInfo:  ROCK FM
02-19 17:45:29.934 E/mcu_services( 5512): MCU2APP : [ff fe fd 03 01 29 6d 45 ff ]
02-19 17:45:31.161 E/mcu_services( 5512): APP2MCU - writeToUart: [ff fd fe 0a 01 40 2e c2 04 01 38 22 00 de 6c ff ]
02-19 17:45:31.922 E/mcu_services( 5512): MCU2APP : [ff fe fd 03 01 29 6d 45 ff ]
02-19 17:45:33.912 E/mcu_services( 5512): MCU2APP : [ff fe fd 03 01 29 6d 45 ff ]
02-19 17:45:34.247 E/mcu_services( 5512): APP2MCU - writeToUartNormal : [ff fd fe 05 01 a0 01 00 00 a0 ff ]
02-19 17:45:34.249 D/K706RadioManager( 2129): CMD Enviado: sub=0x01 p1=0x00 p2=0x00
02-19 17:45:34.249 D/K706RadioManager( 2129): Seek UP iniciado
02-19 17:45:34.320 E/mcu_services( 5512): MCU2APP : [ff fe fd 12 01 b1 00 00 22 3d 22 ce 23 32 23 aa 23 aa 24 04 24 68 3e ff ]
02-19 17:45:34.320 E/mcu_services( 5512): MCU2APP : [ff fe fd 03 01 b0 58 e9 ff ]
02-19 17:45:34.325 D/TunerPresenter(15794): handleTunerRawData: b1 0 0 22 3d 22 ce 23 32 23 aa 23 aa 24 4 24 68 
02-19 17:45:34.326 D/TunerManagerForExt(15794): FMRadio main (TunerManagerForExt.java:147) onTunerPresetListChanged:  - mBand: 0 - mPresetIndex: 0 - mFrequency: 8765 - index: 0 - preset: 8910 - index: 1 - preset: 9010 - index: 2 - preset: 9130 - index: 3 - preset: 9130 - index: 4 - preset: 9220 - index: 5 - preset: 9320
02-19 17:45:34.350 D/TunerPresenter(15794): handleTunerRawData: b0 58 
02-19 17:45:34.350 D/TunerManagerForExt(15794): FMRadio main (TunerManagerForExt.java:108) onTunerInfoChanged: onTunerInfoChanged - flag: 88 - asFlag: 0 - psFlag: 0 - scanFlag: 0 - seekFlag: 1 - mStFlag: 1 - mLocFlag: 0 - mIsSearching: false - mTempSearching: false
02-19 17:45:34.350 D/TunerManagerForExt(15794): FMRadio main (TunerManagerForExt.java:118) onTunerInfoChanged: mIsSearching: true - mTempSearching: false - asFlag: 0 - seekFlag: 1
02-19 17:45:34.361 E/mcu_services( 5512): MCU2APP : [ff fe fd 12 01 b1 00 00 22 42 22 ce 23 32 23 aa 23 aa 24 04 24 68 41 ff ]
02-19 17:45:34.365 D/TunerPresenter(15794): handleTunerRawData: b1 0 0 22 42 22 ce 23 32 23 aa 23 aa 24 4 24 68 
02-19 17:45:34.367 D/TunerManagerForExt(15794): FMRadio main (TunerManagerForExt.java:147) onTunerPresetListChanged:  - mBand: 0 - mPresetIndex: 0 - mFrequency: 8770 - index: 0 - preset: 8910 - index: 1 - preset: 9010 - index: 2 - preset: 9130 - index: 3 - preset: 9130 - index: 4 - preset: 9220 - index: 5 - preset: 9320
02-19 17:45:34.411 E/mcu_services( 5512): MCU2APP : [ff fe fd 12 01 b1 00 00 22 47 22 ce 23 32 23 aa 23 aa 24 04 24 68 44 ff ]
02-19 17:45:34.415 D/TunerPresenter(15794): handleTunerRawData: b1 0 0 22 47 22 ce 23 32 23 aa 23 aa 24 4 24 68 
02-19 17:45:34.419 D/TunerManagerForExt(15794): FMRadio main (TunerManagerForExt.java:147) onTunerPresetListChanged:  - mBand: 0 - mPresetIndex: 0 - mFrequency: 8775 - index: 0 - preset: 8910 - index: 1 - preset: 9010 - index: 2 - preset: 9130 - index: 3 - preset: 9130 - index: 4 - preset: 9220 - index: 5 - preset: 9320
02-19 17:45:34.461 E/mcu_services( 5512): MCU2APP : [ff fe fd 12 01 b1 00 00 22 4c 22 ce 23 32 23 aa 23 aa 24 04 24 68 4f ff ]
02-19 17:45:34.464 D/TunerPresenter(15794): handleTunerRawData: b1 0 0 22 4c 22 ce 23 32 23 aa 23 aa 24 4 24 68 
02-19 17:45:34.467 D/TunerManagerForExt(15794): FMRadio main (TunerManagerForExt.java:147) onTunerPresetListChanged:  - mBand: 0 - mPresetIndex: 0 - mFrequency: 8780 - index: 0 - preset: 8910 - index: 1 - preset: 9010 - index: 2 - preset: 9130 - index: 3 - preset: 9130 - index: 4 - preset: 9220 - index: 5 - preset: 9320
02-19 17:45:34.511 E/mcu_services( 5512): MCU2APP : [ff fe fd 12 01 b1 00 00 22 51 22 ce 23 32 23 aa 23 aa 24 04 24 68 52 ff ]
02-19 17:45:34.515 D/TunerPresenter(15794): handleTunerRawData: b1 0 0 22 51 22 ce 23 32 23 aa 23 aa 24 4 24 68 
02-19 17:45:34.518 D/TunerManagerForExt(15794): FMRadio main (TunerManagerForExt.java:147) onTunerPresetListChanged:  - mBand: 0 - mPresetIndex: 0 - mFrequency: 8785 - index: 0 - preset: 8910 - index: 1 - preset: 9010 - index: 2 - preset: 9130 - index: 3 - preset: 9130 - index: 4 - preset: 9220 - index: 5 - preset: 9320
02-19 17:45:34.560 E/mcu_services( 5512): MCU2APP : [ff fe fd 12 01 b1 00 00 22 56 22 ce 23 32 23 aa 23 aa 24 04 24 68 55 ff ]
02-19 17:45:34.567 D/TunerPresenter(15794): handleTunerRawData: b1 0 0 22 56 22 ce 23 32 23 aa 23 aa 24 4 24 68 
02-19 17:45:34.570 D/TunerManagerForExt(15794): FMRadio main (TunerManagerForExt.java:147) onTunerPresetListChanged:  - mBand: 0 - mPresetIndex: 0 - mFrequency: 8790 - index: 0 - preset: 8910 - index: 1 - preset: 9010 - index: 2 - preset: 9130 - index: 3 - preset: 9130 - index: 4 - preset: 9220 - index: 5 - preset: 9320
02-19 17:45:34.610 E/mcu_services( 5512): MCU2APP : [ff fe fd 12 01 b1 00 00 22 5b 22 ce 23 32 23 aa 23 aa 24 04 24 68 58 ff ]
02-19 17:45:34.614 D/TunerPresenter(15794): handleTunerRawData: b1 0 0 22 5b 22 ce 23 32 23 aa 23 aa 24 4 24 68 
02-19 17:45:34.617 D/TunerManagerForExt(15794): FMRadio main (TunerManagerForExt.java:147) onTunerPresetListChanged:  - mBand: 0 - mPresetIndex: 0 - mFrequency: 8795 - index: 0 - preset: 8910 - index: 1 - preset: 9010 - index: 2 - preset: 9130 - index: 3 - preset: 9130 - index: 4 - preset: 9220 - index: 5 - preset: 9320
02-19 17:45:34.660 E/mcu_services( 5512): MCU2APP : [ff fe fd 12 01 b1 00 00 22 60 22 ce 23 32 23 aa 23 aa 24 04 24 68 63 ff ]
02-19 17:45:34.664 D/TunerPresenter(15794): handleTunerRawData: b1 0 0 22 60 22 ce 23 32 23 aa 23 aa 24 4 24 68 
02-19 17:45:34.667 D/TunerManagerForExt(15794): FMRadio main (TunerManagerForExt.java:147) onTunerPresetListChanged:  - mBand: 0 - mPresetIndex: 0 - mFrequency: 8800 - index: 0 - preset: 8910 - index: 1 - preset: 9010 - index: 2 - preset: 9130 - index: 3 - preset: 9130 - index: 4 - preset: 9220 - index: 5 - preset: 9320
02-19 17:45:34.710 E/mcu_services( 5512): MCU2APP : [ff fe fd 12 01 b1 00 00 22 65 22 ce 23 32 23 aa 23 aa 24 04 24 68 66 ff ]
02-19 17:45:34.714 D/TunerPresenter(15794): handleTunerRawData: b1 0 0 22 65 22 ce 23 32 23 aa 23 aa 24 4 24 68 
02-19 17:45:34.718 D/TunerManagerForExt(15794): FMRadio main (TunerManagerForExt.java:147) onTunerPresetListChanged:  - mBand: 0 - mPresetIndex: 0 - mFrequency: 8805 - index: 0 - preset: 8910 - index: 1 - preset: 9010 - index: 2 - preset: 9130 - index: 3 - preset: 9130 - index: 4 - preset: 9220 - index: 5 - preset: 9320
02-19 17:45:34.759 E/mcu_services( 5512): MCU2APP : [ff fe fd 12 01 b1 00 00 22 6a 22 ce 23 32 23 aa 23 aa 24 04 24 68 69 ff ]
02-19 17:45:34.763 D/TunerPresenter(15794): handleTunerRawData: b1 0 0 22 6a 22 ce 23 32 23 aa 23 aa 24 4 24 68 
02-19 17:45:34.766 D/TunerManagerForExt(15794): FMRadio main (TunerManagerForExt.java:147) onTunerPresetListChanged:  - mBand: 0 - mPresetIndex: 0 - mFrequency: 8810 - index: 0 - preset: 8910 - index: 1 - preset: 9010 - index: 2 - preset: 9130 - index: 3 - preset: 9130 - index: 4 - preset: 9220 - index: 5 - preset: 9320
02-19 17:45:34.809 E/mcu_services( 5512): MCU2APP : [ff fe fd 12 01 b1 00 00 22 6f 22 ce 23 32 23 aa 23 aa 24 04 24 68 6c ff ]
02-19 17:45:34.813 D/TunerPresenter(15794): handleTunerRawData: b1 0 0 22 6f 22 ce 23 32 23 aa 23 aa 24 4 24 68 
02-19 17:45:34.816 D/TunerManagerForExt(15794): FMRadio main (TunerManagerForExt.java:147) onTunerPresetListChanged:  - mBand: 0 - mPresetIndex: 0 - mFrequency: 8815 - index: 0 - preset: 8910 - index: 1 - preset: 9010 - index: 2 - preset: 9130 - index: 3 - preset: 9130 - index: 4 - preset: 9220 - index: 5 - preset: 9320
02-19 17:45:34.859 E/mcu_services( 5512): MCU2APP : [ff fe fd 12 01 b1 00 00 22 74 22 ce 23 32 23 aa 23 aa 24 04 24 68 77 ff ]
02-19 17:45:34.862 D/TunerPresenter(15794): handleTunerRawData: b1 0 0 22 74 22 ce 23 32 23 aa 23 aa 24 4 24 68 
02-19 17:45:34.865 D/TunerManagerForExt(15794): FMRadio main (TunerManagerForExt.java:147) onTunerPresetListChanged:  - mBand: 0 - mPresetIndex: 0 - mFrequency: 8820 - index: 0 - preset: 8910 - index: 1 - preset: 9010 - index: 2 - preset: 9130 - index: 3 - preset: 9130 - index: 4 - preset: 9220 - index: 5 - preset: 9320
02-19 17:45:34.908 E/mcu_services( 5512): MCU2APP : [ff fe fd 12 01 b1 00 00 22 79 22 ce 23 32 23 aa 23 aa 24 04 24 68 7a ff ]
02-19 17:45:34.912 D/TunerPresenter(15794): handleTunerRawData: b1 0 0 22 79 22 ce 23 32 23 aa 23 aa 24 4 24 68 
02-19 17:45:34.916 D/TunerManagerForExt(15794): FMRadio main (TunerManagerForExt.java:147) onTunerPresetListChanged:  - mBand: 0 - mPresetIndex: 0 - mFrequency: 8825 - index: 0 - preset: 8910 - index: 1 - preset: 9010 - index: 2 - preset: 9130 - index: 3 - preset: 9130 - index: 4 - preset: 9220 - index: 5 - preset: 9320
02-19 17:45:34.958 E/mcu_services( 5512): MCU2APP : [ff fe fd 12 01 b1 00 00 22 7e 22 ce 23 32 23 aa 23 aa 24 04 24 68 7d ff ]
02-19 17:45:34.961 D/TunerPresenter(15794): handleTunerRawData: b1 0 0 22 7e 22 ce 23 32 23 aa 23 aa 24 4 24 68 
02-19 17:45:34.963 D/TunerManagerForExt(15794): FMRadio main (TunerManagerForExt.java:147) onTunerPresetListChanged:  - mBand: 0 - mPresetIndex: 0 - mFrequency: 8830 - index: 0 - preset: 8910 - index: 1 - preset: 9010 - index: 2 - preset: 9130 - index: 3 - preset: 9130 - index: 4 - preset: 9220 - index: 5 - preset: 9320
02-19 17:45:35.007 E/mcu_services( 5512): MCU2APP : [ff fe fd 12 01 b1 00 00 22 83 22 ce 23 32 23 aa 23 aa 24 04 24 68 80 ff ]
02-19 17:45:35.010 D/TunerPresenter(15794): handleTunerRawData: b1 0 0 22 83 22 ce 23 32 23 aa 23 aa 24 4 24 68 
02-19 17:45:35.012 D/TunerManagerForExt(15794): FMRadio main (TunerManagerForExt.java:147) onTunerPresetListChanged:  - mBand: 0 - mPresetIndex: 0 - mFrequency: 8835 - index: 0 - preset: 8910 - index: 1 - preset: 9010 - index: 2 - preset: 9130 - index: 3 - preset: 9130 - index: 4 - preset: 9220 - index: 5 - preset: 9320
02-19 17:45:35.057 E/mcu_services( 5512): MCU2APP : [ff fe fd 12 01 b1 00 00 22 88 22 ce 23 32 23 aa 23 aa 24 04 24 68 8b ff ]
02-19 17:45:35.061 D/TunerPresenter(15794): handleTunerRawData: b1 0 0 22 88 22 ce 23 32 23 aa 23 aa 24 4 24 68 
02-19 17:45:35.065 D/TunerManagerForExt(15794): FMRadio main (TunerManagerForExt.java:147) onTunerPresetListChanged:  - mBand: 0 - mPresetIndex: 0 - mFrequency: 8840 - index: 0 - preset: 8910 - index: 1 - preset: 9010 - index: 2 - preset: 9130 - index: 3 - preset: 9130 - index: 4 - preset: 9220 - index: 5 - preset: 9320
02-19 17:45:35.107 E/mcu_services( 5512): MCU2APP : [ff fe fd 12 01 b1 00 00 22 8d 22 ce 23 32 23 aa 23 aa 24 04 24 68 8e ff ]
02-19 17:45:35.111 D/TunerPresenter(15794): handleTunerRawData: b1 0 0 22 8d 22 ce 23 32 23 aa 23 aa 24 4 24 68 
02-19 17:45:35.115 D/TunerManagerForExt(15794): FMRadio main (TunerManagerForExt.java:147) onTunerPresetListChanged:  - mBand: 0 - mPresetIndex: 0 - mFrequency: 8845 - index: 0 - preset: 8910 - index: 1 - preset: 9010 - index: 2 - preset: 9130 - index: 3 - preset: 9130 - index: 4 - preset: 9220 - index: 5 - preset: 9320
02-19 17:45:35.157 E/mcu_services( 5512): MCU2APP : [ff fe fd 12 01 b1 00 00 22 92 22 ce 23 32 23 aa 23 aa 24 04 24 68 91 ff ]
02-19 17:45:35.161 D/TunerPresenter(15794): handleTunerRawData: b1 0 0 22 92 22 ce 23 32 23 aa 23 aa 24 4 24 68 
02-19 17:45:35.164 D/TunerManagerForExt(15794): FMRadio main (TunerManagerForExt.java:147) onTunerPresetListChanged:  - mBand: 0 - mPresetIndex: 0 - mFrequency: 8850 - index: 0 - preset: 8910 - index: 1 - preset: 9010 - index: 2 - preset: 9130 - index: 3 - preset: 9130 - index: 4 - preset: 9220 - index: 5 - preset: 9320
02-19 17:45:35.207 E/mcu_services( 5512): MCU2APP : [ff fe fd 12 01 b1 00 00 22 97 22 ce 23 32 23 aa 23 aa 24 04 24 68 94 ff ]
02-19 17:45:35.211 D/TunerPresenter(15794): handleTunerRawData: b1 0 0 22 97 22 ce 23 32 23 aa 23 aa 24 4 24 68 
02-19 17:45:35.214 D/TunerManagerForExt(15794): FMRadio main (TunerManagerForExt.java:147) onTunerPresetListChanged:  - mBand: 0 - mPresetIndex: 0 - mFrequency: 8855 - index: 0 - preset: 8910 - index: 1 - preset: 9010 - index: 2 - preset: 9130 - index: 3 - preset: 9130 - index: 4 - preset: 9220 - index: 5 - preset: 9320
02-19 17:45:35.256 E/mcu_services( 5512): MCU2APP : [ff fe fd 12 01 b1 00 00 22 9c 22 ce 23 32 23 aa 23 aa 24 04 24 68 9f ff ]
02-19 17:45:35.261 D/TunerPresenter(15794): handleTunerRawData: b1 0 0 22 9c 22 ce 23 32 23 aa 23 aa 24 4 24 68 
02-19 17:45:35.264 D/TunerManagerForExt(15794): FMRadio main (TunerManagerForExt.java:147) onTunerPresetListChanged:  - mBand: 0 - mPresetIndex: 0 - mFrequency: 8860 - index: 0 - preset: 8910 - index: 1 - preset: 9010 - index: 2 - preset: 9130 - index: 3 - preset: 9130 - index: 4 - preset: 9220 - index: 5 - preset: 9320
02-19 17:45:35.306 E/mcu_services( 5512): MCU2APP : [ff fe fd 12 01 b1 00 00 22 a1 22 ce 23 32 23 aa 23 aa 24 04 24 68 a2 ff ]
02-19 17:45:35.309 D/TunerPresenter(15794): handleTunerRawData: b1 0 0 22 a1 22 ce 23 32 23 aa 23 aa 24 4 24 68 
02-19 17:45:35.312 D/TunerManagerForExt(15794): FMRadio main (TunerManagerForExt.java:147) onTunerPresetListChanged:  - mBand: 0 - mPresetIndex: 0 - mFrequency: 8865 - index: 0 - preset: 8910 - index: 1 - preset: 9010 - index: 2 - preset: 9130 - index: 3 - preset: 9130 - index: 4 - preset: 9220 - index: 5 - preset: 9320
02-19 17:45:35.356 E/mcu_services( 5512): MCU2APP : [ff fe fd 12 01 b1 00 00 22 a6 22 ce 23 32 23 aa 23 aa 24 04 24 68 a5 ff ]
02-19 17:45:35.360 D/TunerPresenter(15794): handleTunerRawData: b1 0 0 22 a6 22 ce 23 32 23 aa 23 aa 24 4 24 68 
02-19 17:45:35.363 D/TunerManagerForExt(15794): FMRadio main (TunerManagerForExt.java:147) onTunerPresetListChanged:  - mBand: 0 - mPresetIndex: 0 - mFrequency: 8870 - index: 0 - preset: 8910 - index: 1 - preset: 9010 - index: 2 - preset: 9130 - index: 3 - preset: 9130 - index: 4 - preset: 9220 - index: 5 - preset: 9320
02-19 17:45:35.406 E/mcu_services( 5512): MCU2APP : [ff fe fd 12 01 b1 00 00 22 ab 22 ce 23 32 23 aa 23 aa 24 04 24 68 a8 ff ]
02-19 17:45:35.410 D/TunerPresenter(15794): handleTunerRawData: b1 0 0 22 ab 22 ce 23 32 23 aa 23 aa 24 4 24 68 
02-19 17:45:35.413 D/TunerManagerForExt(15794): FMRadio main (TunerManagerForExt.java:147) onTunerPresetListChanged:  - mBand: 0 - mPresetIndex: 0 - mFrequency: 8875 - index: 0 - preset: 8910 - index: 1 - preset: 9010 - index: 2 - preset: 9130 - index: 3 - preset: 9130 - index: 4 - preset: 9220 - index: 5 - preset: 9320
02-19 17:45:35.455 E/mcu_services( 5512): MCU2APP : [ff fe fd 12 01 b1 00 00 22 b0 22 ce 23 32 23 aa 23 aa 24 04 24 68 b3 ff ]
02-19 17:45:35.459 D/TunerPresenter(15794): handleTunerRawData: b1 0 0 22 b0 22 ce 23 32 23 aa 23 aa 24 4 24 68 
02-19 17:45:35.462 D/TunerManagerForExt(15794): FMRadio main (TunerManagerForExt.java:147) onTunerPresetListChanged:  - mBand: 0 - mPresetIndex: 0 - mFrequency: 8880 - index: 0 - preset: 8910 - index: 1 - preset: 9010 - index: 2 - preset: 9130 - index: 3 - preset: 9130 - index: 4 - preset: 9220 - index: 5 - preset: 9320
02-19 17:45:35.505 E/mcu_services( 5512): MCU2APP : [ff fe fd 12 01 b1 00 00 22 b5 22 ce 23 32 23 aa 23 aa 24 04 24 68 b6 ff ]
02-19 17:45:35.509 D/TunerPresenter(15794): handleTunerRawData: b1 0 0 22 b5 22 ce 23 32 23 aa 23 aa 24 4 24 68 
02-19 17:45:35.512 D/TunerManagerForExt(15794): FMRadio main (TunerManagerForExt.java:147) onTunerPresetListChanged:  - mBand: 0 - mPresetIndex: 0 - mFrequency: 8885 - index: 0 - preset: 8910 - index: 1 - preset: 9010 - index: 2 - preset: 9130 - index: 3 - preset: 9130 - index: 4 - preset: 9220 - index: 5 - preset: 9320
02-19 17:45:35.555 E/mcu_services( 5512): MCU2APP : [ff fe fd 12 01 b1 00 00 22 ba 22 ce 23 32 23 aa 23 aa 24 04 24 68 b9 ff ]
02-19 17:45:35.558 D/TunerPresenter(15794): handleTunerRawData: b1 0 0 22 ba 22 ce 23 32 23 aa 23 aa 24 4 24 68 
02-19 17:45:35.561 D/TunerManagerForExt(15794): FMRadio main (TunerManagerForExt.java:147) onTunerPresetListChanged:  - mBand: 0 - mPresetIndex: 0 - mFrequency: 8890 - index: 0 - preset: 8910 - index: 1 - preset: 9010 - index: 2 - preset: 9130 - index: 3 - preset: 9130 - index: 4 - preset: 9220 - index: 5 - preset: 9320
02-19 17:45:35.604 E/mcu_services( 5512): MCU2APP : [ff fe fd 12 01 b1 00 00 22 bf 22 ce 23 32 23 aa 23 aa 24 04 24 68 bc ff ]
02-19 17:45:35.608 D/TunerPresenter(15794): handleTunerRawData: b1 0 0 22 bf 22 ce 23 32 23 aa 23 aa 24 4 24 68 
02-19 17:45:35.612 D/TunerManagerForExt(15794): FMRadio main (TunerManagerForExt.java:147) onTunerPresetListChanged:  - mBand: 0 - mPresetIndex: 0 - mFrequency: 8895 - index: 0 - preset: 8910 - index: 1 - preset: 9010 - index: 2 - preset: 9130 - index: 3 - preset: 9130 - index: 4 - preset: 9220 - index: 5 - preset: 9320
02-19 17:45:35.654 E/mcu_services( 5512): MCU2APP : [ff fe fd 12 01 b1 00 00 22 c4 22 ce 23 32 23 aa 23 aa 24 04 24 68 c7 ff ]
02-19 17:45:35.658 D/TunerPresenter(15794): handleTunerRawData: b1 0 0 22 c4 22 ce 23 32 23 aa 23 aa 24 4 24 68 
02-19 17:45:35.661 D/TunerManagerForExt(15794): FMRadio main (TunerManagerForExt.java:147) onTunerPresetListChanged:  - mBand: 0 - mPresetIndex: 0 - mFrequency: 8900 - index: 0 - preset: 8910 - index: 1 - preset: 9010 - index: 2 - preset: 9130 - index: 3 - preset: 9130 - index: 4 - preset: 9220 - index: 5 - preset: 9320
02-19 17:45:35.704 E/mcu_services( 5512): MCU2APP : [ff fe fd 12 01 b1 00 00 22 c9 22 ce 23 32 23 aa 23 aa 24 04 24 68 ca ff ]
02-19 17:45:35.707 D/TunerPresenter(15794): handleTunerRawData: b1 0 0 22 c9 22 ce 23 32 23 aa 23 aa 24 4 24 68 
02-19 17:45:35.711 D/TunerManagerForExt(15794): FMRadio main (TunerManagerForExt.java:147) onTunerPresetListChanged:  - mBand: 0 - mPresetIndex: 0 - mFrequency: 8905 - index: 0 - preset: 8910 - index: 1 - preset: 9010 - index: 2 - preset: 9130 - index: 3 - preset: 9130 - index: 4 - preset: 9220 - index: 5 - preset: 9320
02-19 17:45:35.753 E/mcu_services( 5512): MCU2APP : [ff fe fd 12 01 b1 00 00 22 ce 22 ce 23 32 23 aa 23 aa 24 04 24 68 cd ff ]
02-19 17:45:35.758 D/TunerPresenter(15794): handleTunerRawData: b1 0 0 22 ce 22 ce 23 32 23 aa 23 aa 24 4 24 68 
02-19 17:45:35.761 D/TunerManagerForExt(15794): FMRadio main (TunerManagerForExt.java:147) onTunerPresetListChanged:  - mBand: 0 - mPresetIndex: 0 - mFrequency: 8910 - index: 0 - preset: 8910 - index: 1 - preset: 9010 - index: 2 - preset: 9130 - index: 3 - preset: 9130 - index: 4 - preset: 9220 - index: 5 - preset: 9320
02-19 17:45:35.796 E/mcu_services( 5512): MCU2APP : [ff fe fd 12 01 b1 00 01 22 ce 22 ce 23 32 23 aa 23 aa 24 04 24 68 cc ff ]
02-19 17:45:35.800 D/TunerPresenter(15794): handleTunerRawData: b1 0 1 22 ce 22 ce 23 32 23 aa 23 aa 24 4 24 68 
02-19 17:45:35.803 D/TunerManagerForExt(15794): FMRadio main (TunerManagerForExt.java:147) onTunerPresetListChanged:  - mBand: 0 - mPresetIndex: 1 - mFrequency: 8910 - index: 0 - preset: 8910 - index: 1 - preset: 9010 - index: 2 - preset: 9130 - index: 3 - preset: 9130 - index: 4 - preset: 9220 - index: 5 - preset: 9320
02-19 17:45:35.862 E/mcu_services( 5512): MCU2APP : [ff fe fd 12 01 b1 00 01 22 ce 22 ce 23 32 23 aa 23 aa 24 04 24 68 cc ff ]
02-19 17:45:35.863 E/mcu_services( 5512): MCU2APP : [ff fe fd 03 01 b4 00 b5 ff ]
02-19 17:45:35.863 E/mcu_services( 5512): sendAckSuccess : [ff fd fe 02 02 b4 b6 ff ]
02-19 17:45:35.863 E/mcu_services( 5512): APP2MCU - writeToUart: [ff fd fe 02 02 b4 b6 ff ]
02-19 17:45:35.866 D/TunerPresenter(15794): handleTunerRawData: b1 0 1 22 ce 22 ce 23 32 23 aa 23 aa 24 4 24 68 
02-19 17:45:35.868 D/TunerManagerForExt(15794): FMRadio main (TunerManagerForExt.java:147) onTunerPresetListChanged:  - mBand: 0 - mPresetIndex: 1 - mFrequency: 8910 - index: 0 - preset: 8910 - index: 1 - preset: 9010 - index: 2 - preset: 9130 - index: 3 - preset: 9130 - index: 4 - preset: 9220 - index: 5 - preset: 9320
02-19 17:45:35.877 D/TunerPresenter(15794): handleTunerRawData: b4 0 
02-19 17:45:35.878 D/TunerManagerForExt(15794): FMRadio main (TunerManagerForExt.java:195) onTuneRdsIndicateInfo: onTuneRdsIndicateInfo - flag: 0 - mRdsSwitch: 0
02-19 17:45:35.903 E/mcu_services( 5512): MCU2APP : [ff fe fd 12 01 b1 00 01 22 ce 22 ce 23 32 23 aa 23 aa 24 04 24 68 cc ff ]
02-19 17:45:35.903 E/mcu_services( 5512): MCU2APP : [ff fe fd 03 01 b0 50 e1 ff ]
02-19 17:45:35.908 D/TunerPresenter(15794): handleTunerRawData: b1 0 1 22 ce 22 ce 23 32 23 aa 23 aa 24 4 24 68 
02-19 17:45:35.909 D/TunerManagerForExt(15794): FMRadio main (TunerManagerForExt.java:147) onTunerPresetListChanged:  - mBand: 0 - mPresetIndex: 1 - mFrequency: 8910 - index: 0 - preset: 8910 - index: 1 - preset: 9010 - index: 2 - preset: 9130 - index: 3 - preset: 9130 - index: 4 - preset: 9220 - index: 5 - preset: 9320
02-19 17:45:35.920 D/TunerPresenter(15794): handleTunerRawData: b0 50 
02-19 17:45:35.920 D/TunerManagerForExt(15794): FMRadio main (TunerManagerForExt.java:108) onTunerInfoChanged: onTunerInfoChanged - flag: 80 - asFlag: 0 - psFlag: 0 - scanFlag: 0 - seekFlag: 0 - mStFlag: 1 - mLocFlag: 0 - mIsSearching: true - mTempSearching: false
02-19 17:45:35.920 D/TunerManagerForExt(15794): FMRadio main (TunerManagerForExt.java:118) onTunerInfoChanged: mIsSearching: false - mTempSearching: false - asFlag: 0 - seekFlag: 0
02-19 17:45:35.933 E/mcu_services( 5512): MCU2APP : [ff fe fd 03 01 b4 04 b1 ff ]
02-19 17:45:35.934 E/mcu_services( 5512): MCU2APP : [ff fe fd 04 01 b5 00 0a be ff ]
02-19 17:45:35.934 E/mcu_services( 5512): sendAckSuccess : [ff fd fe 02 02 b4 b6 ff ]
02-19 17:45:35.934 E/mcu_services( 5512): APP2MCU - writeToUart: [ff fd fe 02 02 b4 b6 ff ]
02-19 17:45:35.934 E/mcu_services( 5512): sendAckSuccess : [ff fd fe 02 02 b5 b7 ff ]
02-19 17:45:35.934 E/mcu_services( 5512): APP2MCU - writeToUart: [ff fd fe 02 02 b5 b7 ff ]
02-19 17:45:35.937 D/TunerPresenter(15794): handleTunerRawData: b4 4 
02-19 17:45:35.937 D/TunerManagerForExt(15794): FMRadio main (TunerManagerForExt.java:195) onTuneRdsIndicateInfo: onTuneRdsIndicateInfo - flag: 4 - mRdsSwitch: 1
02-19 17:45:35.939 D/TunerPresenter(15794): handleTunerRawData: b5 0 a 
02-19 17:45:35.939 D/TunerManagerForExt(15794): FMRadio main (TunerManagerForExt.java:220) onTuneRdsPtyTypeInfo: onTuneRdsPtyTypeInfo - mRdsPtyType: 0
02-19 17:45:36.000 E/mcu_services( 5512): MCU2APP : [ff fe fd 03 01 29 6d 45 ff ]
02-19 17:45:36.438 E/mcu_services( 5512): APP2MCU - writeToUart: [ff fd fe 0a 01 40 2e c2 04 01 ce 22 01 47 02 ff ]
02-19 17:45:37.723 E/mcu_services( 5512): MCU2APP : [ff fe fd 0a 01 b6 43 41 44 2d 31 30 30 20 cd ff ]
02-19 17:45:37.724 E/mcu_services( 5512): sendAckSuccess : [ff fd fe 02 02 b6 b4 ff ]
02-19 17:45:37.724 E/mcu_services( 5512): APP2MCU - writeToUart: [ff fd fe 02 02 b6 b4 ff ]
02-19 17:45:37.728 D/TunerPresenter(15794): handleTunerRawData: b6 43 41 44 2d 31 30 30 20 
02-19 17:45:37.729 D/TunerManagerForExt(15794): FMRadio main (TunerManagerForExt.java:234) onTuneRdsPSInfo: onTuneRdsPSInfo - len: 9 - data: b6 43 41 44 2d 31 30 30 20 
02-19 17:45:37.729 D/TunerManagerForExt(15794): FMRadio main (TunerManagerForExt.java:258) onTuneRdsPSInfo: onTuneRdsPSInfo - mRdsPsInfo: CAD-100 
02-19 17:45:37.989 E/mcu_services( 5512): MCU2APP : [ff fe fd 03 01 29 6d 45 ff ]
02-19 17:45:38.249 E/mcu_services( 5512): APP2MCU - writeToUart: [ff fd fe 0a 01 40 2e c2 04 01 ce 22 01 47 02 ff ]
02-19 17:45:39.003 E/mcu_services( 5512): APP2MCU - writeToUartNormal : [ff fd fe 05 01 a0 01 00 00 a0 ff ]
02-19 17:45:39.005 D/K706RadioManager( 2129): CMD Enviado: sub=0x01 p1=0x00 p2=0x00
02-19 17:45:39.005 D/K706RadioManager( 2129): Seek UP iniciado
02-19 17:45:39.073 E/mcu_services( 5512): MCU2APP : [ff fe fd 12 01 b1 00 00 22 d3 22 ce 23 32 23 aa 23 aa 24 04 24 68 d0 ff ]
02-19 17:45:39.074 E/mcu_services( 5512): MCU2APP : [ff fe fd 03 01 b0 58 e9 ff ]
02-19 17:45:39.078 D/TunerPresenter(15794): handleTunerRawData: b1 0 0 22 d3 22 ce 23 32 23 aa 23 aa 24 4 24 68 
02-19 17:45:39.078 D/TunerManagerForExt(15794): FMRadio main (TunerManagerForExt.java:147) onTunerPresetListChanged:  - mBand: 0 - mPresetIndex: 0 - mFrequency: 8915 - index: 0 - preset: 8910 - index: 1 - preset: 9010 - index: 2 - preset: 9130 - index: 3 - preset: 9130 - index: 4 - preset: 9220 - index: 5 - preset: 9320
02-19 17:45:39.103 D/TunerPresenter(15794): handleTunerRawData: b0 58 
02-19 17:45:39.103 D/TunerManagerForExt(15794): FMRadio main (TunerManagerForExt.java:108) onTunerInfoChanged: onTunerInfoChanged - flag: 88 - asFlag: 0 - psFlag: 0 - scanFlag: 0 - seekFlag: 1 - mStFlag: 1 - mLocFlag: 0 - mIsSearching: false - mTempSearching: false
02-19 17:45:39.104 D/TunerManagerForExt(15794): FMRadio main (TunerManagerForExt.java:118) onTunerInfoChanged: mIsSearching: true - mTempSearching: false - asFlag: 0 - seekFlag: 1
02-19 17:45:39.115 E/mcu_services( 5512): MCU2APP : [ff fe fd 12 01 b1 00 00 22 d8 22 ce 23 32 23 aa 23 aa 24 04 24 68 db ff ]
02-19 17:45:39.118 D/TunerPresenter(15794): handleTunerRawData: b1 0 0 22 d8 22 ce 23 32 23 aa 23 aa 24 4 24 68 
02-19 17:45:39.121 D/TunerManagerForExt(15794): FMRadio main (TunerManagerForExt.java:147) onTunerPresetListChanged:  - mBand: 0 - mPresetIndex: 0 - mFrequency: 8920 - index: 0 - preset: 8910 - index: 1 - preset: 9010 - index: 2 - preset: 9130 - index: 3 - preset: 9130 - index: 4 - preset: 9220 - index: 5 - preset: 9320
02-19 17:45:39.164 E/mcu_services( 5512): MCU2APP : [ff fe fd 12 01 b1 00 00 22 dd 22 ce 23 32 23 aa 23 aa 24 04 24 68 de ff ]
02-19 17:45:39.169 D/TunerPresenter(15794): handleTunerRawData: b1 0 0 22 dd 22 ce 23 32 23 aa 23 aa 24 4 24 68 
02-19 17:45:39.173 D/TunerManagerForExt(15794): FMRadio main (TunerManagerForExt.java:147) onTunerPresetListChanged:  - mBand: 0 - mPresetIndex: 0 - mFrequency: 8925 - index: 0 - preset: 8910 - index: 1 - preset: 9010 - index: 2 - preset: 9130 - index: 3 - preset: 9130 - index: 4 - preset: 9220 - index: 5 - preset: 9320
02-19 17:45:39.214 E/mcu_services( 5512): MCU2APP : [ff fe fd 12 01 b1 00 00 22 e2 22 ce 23 32 23 aa 23 aa 24 04 24 68 e1 ff ]
02-19 17:45:39.217 D/TunerPresenter(15794): handleTunerRawData: b1 0 0 22 e2 22 ce 23 32 23 aa 23 aa 24 4 24 68 
02-19 17:45:39.221 D/TunerManagerForExt(15794): FMRadio main (TunerManagerForExt.java:147) onTunerPresetListChanged:  - mBand: 0 - mPresetIndex: 0 - mFrequency: 8930 - index: 0 - preset: 8910 - index: 1 - preset: 9010 - index: 2 - preset: 9130 - index: 3 - preset: 9130 - index: 4 - preset: 9220 - index: 5 - preset: 9320
02-19 17:45:39.264 E/mcu_services( 5512): MCU2APP : [ff fe fd 12 01 b1 00 00 22 e7 22 ce 23 32 23 aa 23 aa 24 04 24 68 e4 ff ]
02-19 17:45:39.268 D/TunerPresenter(15794): handleTunerRawData: b1 0 0 22 e7 22 ce 23 32 23 aa 23 aa 24 4 24 68 
02-19 17:45:39.272 D/TunerManagerForExt(15794): FMRadio main (TunerManagerForExt.java:147) onTunerPresetListChanged:  - mBand: 0 - mPresetIndex: 0 - mFrequency: 8935 - index: 0 - preset: 8910 - index: 1 - preset: 9010 - index: 2 - preset: 9130 - index: 3 - preset: 9130 - index: 4 - preset: 9220 - index: 5 - preset: 9320
02-19 17:45:39.314 E/mcu_services( 5512): MCU2APP : [ff fe fd 12 01 b1 00 00 22 ec 22 ce 23 32 23 aa 23 aa 24 04 24 68 ef ff ]
02-19 17:45:39.316 D/TunerPresenter(15794): handleTunerRawData: b1 0 0 22 ec 22 ce 23 32 23 aa 23 aa 24 4 24 68 
02-19 17:45:39.319 D/TunerManagerForExt(15794): FMRadio main (TunerManagerForExt.java:147) onTunerPresetListChanged:  - mBand: 0 - mPresetIndex: 0 - mFrequency: 8940 - index: 0 - preset: 8910 - index: 1 - preset: 9010 - index: 2 - preset: 9130 - index: 3 - preset: 9130 - index: 4 - preset: 9220 - index: 5 - preset: 9320
02-19 17:45:39.363 E/mcu_services( 5512): MCU2APP : [ff fe fd 12 01 b1 00 00 22 f1 22 ce 23 32 23 aa 23 aa 24 04 24 68 f2 ff ]
02-19 17:45:39.367 D/TunerPresenter(15794): handleTunerRawData: b1 0 0 22 f1 22 ce 23 32 23 aa 23 aa 24 4 24 68 
02-19 17:45:39.370 D/TunerManagerForExt(15794): FMRadio main (TunerManagerForExt.java:147) onTunerPresetListChanged:  - mBand: 0 - mPresetIndex: 0 - mFrequency: 8945 - index: 0 - preset: 8910 - index: 1 - preset: 9010 - index: 2 - preset: 9130 - index: 3 - preset: 9130 - index: 4 - preset: 9220 - index: 5 - preset: 9320
02-19 17:45:39.413 E/mcu_services( 5512): MCU2APP : [ff fe fd 12 01 b1 00 00 22 f6 22 ce 23 32 23 aa 23 aa 24 04 24 68 f5 ff ]
02-19 17:45:39.417 D/TunerPresenter(15794): handleTunerRawData: b1 0 0 22 f6 22 ce 23 32 23 aa 23 aa 24 4 24 68 
02-19 17:45:39.420 D/TunerManagerForExt(15794): FMRadio main (TunerManagerForExt.java:147) onTunerPresetListChanged:  - mBand: 0 - mPresetIndex: 0 - mFrequency: 8950 - index: 0 - preset: 8910 - index: 1 - preset: 9010 - index: 2 - preset: 9130 - index: 3 - preset: 9130 - index: 4 - preset: 9220 - index: 5 - preset: 9320
02-19 17:45:39.463 E/mcu_services( 5512): MCU2APP : [ff fe fd 12 01 b1 00 00 22 fb 22 ce 23 32 23 aa 23 aa 24 04 24 68 f8 ff ]
02-19 17:45:39.467 D/TunerPresenter(15794): handleTunerRawData: b1 0 0 22 fb 22 ce 23 32 23 aa 23 aa 24 4 24 68 
02-19 17:45:39.470 D/TunerManagerForExt(15794): FMRadio main (TunerManagerForExt.java:147) onTunerPresetListChanged:  - mBand: 0 - mPresetIndex: 0 - mFrequency: 8955 - index: 0 - preset: 8910 - index: 1 - preset: 9010 - index: 2 - preset: 9130 - index: 3 - preset: 9130 - index: 4 - preset: 9220 - index: 5 - preset: 9320
02-19 17:45:39.512 E/mcu_services( 5512): MCU2APP : [ff fe fd 12 01 b1 00 00 23 00 22 ce 23 32 23 aa 23 aa 24 04 24 68 02 ff ]
02-19 17:45:39.517 D/TunerPresenter(15794): handleTunerRawData: b1 0 0 23 0 22 ce 23 32 23 aa 23 aa 24 4 24 68 
02-19 17:45:39.520 D/TunerManagerForExt(15794): FMRadio main (TunerManagerForExt.java:147) onTunerPresetListChanged:  - mBand: 0 - mPresetIndex: 0 - mFrequency: 8960 - index: 0 - preset: 8910 - index: 1 - preset: 9010 - index: 2 - preset: 9130 - index: 3 - preset: 9130 - index: 4 - preset: 9220 - index: 5 - preset: 9320
02-19 17:45:39.562 E/mcu_services( 5512): MCU2APP : [ff fe fd 12 01 b1 00 00 23 05 22 ce 23 32 23 aa 23 aa 24 04 24 68 07 ff ]
02-19 17:45:39.568 D/TunerPresenter(15794): handleTunerRawData: b1 0 0 23 5 22 ce 23 32 23 aa 23 aa 24 4 24 68 
02-19 17:45:39.571 D/TunerManagerForExt(15794): FMRadio main (TunerManagerForExt.java:147) onTunerPresetListChanged:  - mBand: 0 - mPresetIndex: 0 - mFrequency: 8965 - index: 0 - preset: 8910 - index: 1 - preset: 9010 - index: 2 - preset: 9130 - index: 3 - preset: 9130 - index: 4 - preset: 9220 - index: 5 - preset: 9320
02-19 17:45:39.612 E/mcu_services( 5512): MCU2APP : [ff fe fd 12 01 b1 00 00 23 0a 22 ce 23 32 23 aa 23 aa 24 04 24 68 08 ff ]
02-19 17:45:39.616 D/TunerPresenter(15794): handleTunerRawData: b1 0 0 23 a 22 ce 23 32 23 aa 23 aa 24 4 24 68 
02-19 17:45:39.619 D/TunerManagerForExt(15794): FMRadio main (TunerManagerForExt.java:147) onTunerPresetListChanged:  - mBand: 0 - mPresetIndex: 0 - mFrequency: 8970 - index: 0 - preset: 8910 - index: 1 - preset: 9010 - index: 2 - preset: 9130 - index: 3 - preset: 9130 - index: 4 - preset: 9220 - index: 5 - preset: 9320
02-19 17:45:39.662 E/mcu_services( 5512): MCU2APP : [ff fe fd 12 01 b1 00 00 23 0f 22 ce 23 32 23 aa 23 aa 24 04 24 68 0d ff ]
02-19 17:45:39.666 D/TunerPresenter(15794): handleTunerRawData: b1 0 0 23 f 22 ce 23 32 23 aa 23 aa 24 4 24 68 
02-19 17:45:39.669 D/TunerManagerForExt(15794): FMRadio main (TunerManagerForExt.java:147) onTunerPresetListChanged:  - mBand: 0 - mPresetIndex: 0 - mFrequency: 8975 - index: 0 - preset: 8910 - index: 1 - preset: 9010 - index: 2 - preset: 9130 - index: 3 - preset: 9130 - index: 4 - preset: 9220 - index: 5 - preset: 9320
02-19 17:45:39.712 E/mcu_services( 5512): MCU2APP : [ff fe fd 12 01 b1 00 00 23 14 22 ce 23 32 23 aa 23 aa 24 04 24 68 16 ff ]
02-19 17:45:39.716 D/TunerPresenter(15794): handleTunerRawData: b1 0 0 23 14 22 ce 23 32 23 aa 23 aa 24 4 24 68 
02-19 17:45:39.719 D/TunerManagerForExt(15794): FMRadio main (TunerManagerForExt.java:147) onTunerPresetListChanged:  - mBand: 0 - mPresetIndex: 0 - mFrequency: 8980 - index: 0 - preset: 8910 - index: 1 - preset: 9010 - index: 2 - preset: 9130 - index: 3 - preset: 9130 - index: 4 - preset: 9220 - index: 5 - preset: 9320
02-19 17:45:39.761 E/mcu_services( 5512): MCU2APP : [ff fe fd 12 01 b1 00 00 23 19 22 ce 23 32 23 aa 23 aa 24 04 24 68 1b ff ]
02-19 17:45:39.766 D/TunerPresenter(15794): handleTunerRawData: b1 0 0 23 19 22 ce 23 32 23 aa 23 aa 24 4 24 68 
02-19 17:45:39.769 D/TunerManagerForExt(15794): FMRadio main (TunerManagerForExt.java:147) onTunerPresetListChanged:  - mBand: 0 - mPresetIndex: 0 - mFrequency: 8985 - index: 0 - preset: 8910 - index: 1 - preset: 9010 - index: 2 - preset: 9130 - index: 3 - preset: 9130 - index: 4 - preset: 9220 - index: 5 - preset: 9320
02-19 17:45:39.811 E/mcu_services( 5512): MCU2APP : [ff fe fd 12 01 b1 00 00 23 1e 22 ce 23 32 23 aa 23 aa 24 04 24 68 1c ff ]
02-19 17:45:39.815 D/TunerPresenter(15794): handleTunerRawData: b1 0 0 23 1e 22 ce 23 32 23 aa 23 aa 24 4 24 68 
02-19 17:45:39.818 D/TunerManagerForExt(15794): FMRadio main (TunerManagerForExt.java:147) onTunerPresetListChanged:  - mBand: 0 - mPresetIndex: 0 - mFrequency: 8990 - index: 0 - preset: 8910 - index: 1 - preset: 9010 - index: 2 - preset: 9130 - index: 3 - preset: 9130 - index: 4 - preset: 9220 - index: 5 - preset: 9320
02-19 17:45:39.861 E/mcu_services( 5512): MCU2APP : [ff fe fd 12 01 b1 00 00 23 23 22 ce 23 32 23 aa 23 aa 24 04 24 68 21 ff ]
02-19 17:45:39.865 D/TunerPresenter(15794): handleTunerRawData: b1 0 0 23 23 22 ce 23 32 23 aa 23 aa 24 4 24 68 
02-19 17:45:39.869 D/TunerManagerForExt(15794): FMRadio main (TunerManagerForExt.java:147) onTunerPresetListChanged:  - mBand: 0 - mPresetIndex: 0 - mFrequency: 8995 - index: 0 - preset: 8910 - index: 1 - preset: 9010 - index: 2 - preset: 9130 - index: 3 - preset: 9130 - index: 4 - preset: 9220 - index: 5 - preset: 9320
02-19 17:45:39.910 E/mcu_services( 5512): MCU2APP : [ff fe fd 12 01 b1 00 00 23 28 22 ce 23 32 23 aa 23 aa 24 04 24 68 2a ff ]
02-19 17:45:39.914 D/TunerPresenter(15794): handleTunerRawData: b1 0 0 23 28 22 ce 23 32 23 aa 23 aa 24 4 24 68 
02-19 17:45:39.916 D/TunerManagerForExt(15794): FMRadio main (TunerManagerForExt.java:147) onTunerPresetListChanged:  - mBand: 0 - mPresetIndex: 0 - mFrequency: 9000 - index: 0 - preset: 8910 - index: 1 - preset: 9010 - index: 2 - preset: 9130 - index: 3 - preset: 9130 - index: 4 - preset: 9220 - index: 5 - preset: 9320
02-19 17:45:39.960 E/mcu_services( 5512): MCU2APP : [ff fe fd 12 01 b1 00 00 23 2d 22 ce 23 32 23 aa 23 aa 24 04 24 68 2f ff ]
02-19 17:45:39.964 D/TunerPresenter(15794): handleTunerRawData: b1 0 0 23 2d 22 ce 23 32 23 aa 23 aa 24 4 24 68 
02-19 17:45:39.967 D/TunerManagerForExt(15794): FMRadio main (TunerManagerForExt.java:147) onTunerPresetListChanged:  - mBand: 0 - mPresetIndex: 0 - mFrequency: 9005 - index: 0 - preset: 8910 - index: 1 - preset: 9010 - index: 2 - preset: 9130 - index: 3 - preset: 9130 - index: 4 - preset: 9220 - index: 5 - preset: 9320
02-19 17:45:40.010 E/mcu_services( 5512): MCU2APP : [ff fe fd 12 01 b1 00 00 23 32 22 ce 23 32 23 aa 23 aa 24 04 24 68 30 ff ]
02-19 17:45:40.014 D/TunerPresenter(15794): handleTunerRawData: b1 0 0 23 32 22 ce 23 32 23 aa 23 aa 24 4 24 68 
02-19 17:45:40.017 D/TunerManagerForExt(15794): FMRadio main (TunerManagerForExt.java:147) onTunerPresetListChanged:  - mBand: 0 - mPresetIndex: 0 - mFrequency: 9010 - index: 0 - preset: 8910 - index: 1 - preset: 9010 - index: 2 - preset: 9130 - index: 3 - preset: 9130 - index: 4 - preset: 9220 - index: 5 - preset: 9320
02-19 17:45:40.017 E/mcu_services( 5512): MCU2APP : [ff fe fd 03 01 29 6d 45 ff ]
02-19 17:45:40.052 E/mcu_services( 5512): MCU2APP : [ff fe fd 12 01 b1 00 02 23 32 22 ce 23 32 23 aa 23 aa 24 04 24 68 32 ff ]
02-19 17:45:40.054 D/TunerPresenter(15794): handleTunerRawData: b1 0 2 23 32 22 ce 23 32 23 aa 23 aa 24 4 24 68 
02-19 17:45:40.058 D/TunerManagerForExt(15794): FMRadio main (TunerManagerForExt.java:147) onTunerPresetListChanged:  - mBand: 0 - mPresetIndex: 2 - mFrequency: 9010 - index: 0 - preset: 8910 - index: 1 - preset: 9010 - index: 2 - preset: 9130 - index: 3 - preset: 9130 - index: 4 - preset: 9220 - index: 5 - preset: 9320
02-19 17:45:40.119 E/mcu_services( 5512): MCU2APP : [ff fe fd 12 01 b1 00 02 23 32 22 ce 23 32 23 aa 23 aa 24 04 24 68 32 ff ]
02-19 17:45:40.119 E/mcu_services( 5512): MCU2APP : [ff fe fd 03 01 b4 00 b5 ff ]
02-19 17:45:40.120 E/mcu_services( 5512): sendAckSuccess : [ff fd fe 02 02 b4 b6 ff ]
02-19 17:45:40.120 E/mcu_services( 5512): APP2MCU - writeToUart: [ff fd fe 02 02 b4 b6 ff ]
02-19 17:45:40.123 D/TunerPresenter(15794): handleTunerRawData: b1 0 2 23 32 22 ce 23 32 23 aa 23 aa 24 4 24 68 
02-19 17:45:40.124 D/TunerManagerForExt(15794): FMRadio main (TunerManagerForExt.java:147) onTunerPresetListChanged:  - mBand: 0 - mPresetIndex: 2 - mFrequency: 9010 - index: 0 - preset: 8910 - index: 1 - preset: 9010 - index: 2 - preset: 9130 - index: 3 - preset: 9130 - index: 4 - preset: 9220 - index: 5 - preset: 9320
02-19 17:45:40.137 D/TunerPresenter(15794): handleTunerRawData: b4 0 
02-19 17:45:40.137 D/TunerManagerForExt(15794): FMRadio main (TunerManagerForExt.java:195) onTuneRdsIndicateInfo: onTuneRdsIndicateInfo - flag: 0 - mRdsSwitch: 0
02-19 17:45:40.179 E/mcu_services( 5512): MCU2APP : [ff fe fd 12 01 b1 00 02 23 32 22 ce 23 32 23 aa 23 aa 24 04 24 68 32 ff ]
02-19 17:45:40.179 E/mcu_services( 5512): MCU2APP : [ff fe fd 03 01 b0 50 e1 ff ]
02-19 17:45:40.183 D/TunerPresenter(15794): handleTunerRawData: b1 0 2 23 32 22 ce 23 32 23 aa 23 aa 24 4 24 68 
02-19 17:45:40.183 D/TunerManagerForExt(15794): FMRadio main (TunerManagerForExt.java:147) onTunerPresetListChanged:  - mBand: 0 - mPresetIndex: 2 - mFrequency: 9010 - index: 0 - preset: 8910 - index: 1 - preset: 9010 - index: 2 - preset: 9130 - index: 3 - preset: 9130 - index: 4 - preset: 9220 - index: 5 - preset: 9320
02-19 17:45:40.195 D/TunerPresenter(15794): handleTunerRawData: b0 50 
02-19 17:45:40.195 D/TunerManagerForExt(15794): FMRadio main (TunerManagerForExt.java:108) onTunerInfoChanged: onTunerInfoChanged - flag: 80 - asFlag: 0 - psFlag: 0 - scanFlag: 0 - seekFlag: 0 - mStFlag: 1 - mLocFlag: 0 - mIsSearching: true - mTempSearching: false
02-19 17:45:40.195 D/TunerManagerForExt(15794): FMRadio main (TunerManagerForExt.java:118) onTunerInfoChanged: mIsSearching: false - mTempSearching: false - asFlag: 0 - seekFlag: 0
02-19 17:45:40.209 E/mcu_services( 5512): MCU2APP : [ff fe fd 03 01 b4 05 b0 ff ]
02-19 17:45:40.210 E/mcu_services( 5512): MCU2APP : [ff fe fd 04 01 b5 00 0e ba ff ]
02-19 17:45:40.210 E/mcu_services( 5512): sendAckSuccess : [ff fd fe 02 02 b4 b6 ff ]
02-19 17:45:40.210 E/mcu_services( 5512): APP2MCU - writeToUart: [ff fd fe 02 02 b4 b6 ff ]
02-19 17:45:40.210 E/mcu_services( 5512): sendAckSuccess : [ff fd fe 02 02 b5 b7 ff ]
02-19 17:45:40.211 E/mcu_services( 5512): APP2MCU - writeToUart: [ff fd fe 02 02 b5 b7 ff ]
02-19 17:45:40.213 D/TunerPresenter(15794): handleTunerRawData: b4 5 
02-19 17:45:40.214 D/TunerManagerForExt(15794): FMRadio main (TunerManagerForExt.java:195) onTuneRdsIndicateInfo: onTuneRdsIndicateInfo - flag: 5 - mRdsSwitch: 1
02-19 17:45:40.216 D/TunerPresenter(15794): handleTunerRawData: b5 0 e 
02-19 17:45:40.216 D/TunerManagerForExt(15794): FMRadio main (TunerManagerForExt.java:220) onTuneRdsPtyTypeInfo: onTuneRdsPtyTypeInfo - mRdsPtyType: 0
02-19 17:45:40.724 E/mcu_services( 5512): APP2MCU - writeToUart: [ff fd fe 0a 01 40 2e c2 04 01 32 23 02 e1 5a ff ]
02-19 17:45:42.066 E/mcu_services( 5512): MCU2APP : [ff fe fd 03 01 29 6d 45 ff ]
02-19 17:45:44.055 E/mcu_services( 5512): MCU2APP : [ff fe fd 03 01 29 6d 45 ff ]
02-19 17:45:44.170 E/mcu_services( 5512): APP2MCU - writeToUartNormal : [ff fd fe 05 01 a0 01 00 00 a0 ff ]
02-19 17:45:44.172 D/K706RadioManager( 2129): CMD Enviado: sub=0x01 p1=0x00 p2=0x00
02-19 17:45:44.172 D/K706RadioManager( 2129): Seek UP iniciado
02-19 17:45:44.247 E/mcu_services( 5512): MCU2APP : [ff fe fd 12 01 b1 00 00 23 37 22 ce 23 32 23 aa 23 aa 24 04 24 68 35 ff ]
02-19 17:45:44.247 E/mcu_services( 5512): MCU2APP : [ff fe fd 03 01 b0 58 e9 ff ]
02-19 17:45:44.250 D/TunerPresenter(15794): handleTunerRawData: b1 0 0 23 37 22 ce 23 32 23 aa 23 aa 24 4 24 68 
02-19 17:45:44.251 D/TunerManagerForExt(15794): FMRadio main (TunerManagerForExt.java:147) onTunerPresetListChanged:  - mBand: 0 - mPresetIndex: 0 - mFrequency: 9015 - index: 0 - preset: 8910 - index: 1 - preset: 9010 - index: 2 - preset: 9130 - index: 3 - preset: 9130 - index: 4 - preset: 9220 - index: 5 - preset: 9320
02-19 17:45:44.271 D/TunerPresenter(15794): handleTunerRawData: b0 58 
02-19 17:45:44.271 D/TunerManagerForExt(15794): FMRadio main (TunerManagerForExt.java:108) onTunerInfoChanged: onTunerInfoChanged - flag: 88 - asFlag: 0 - psFlag: 0 - scanFlag: 0 - seekFlag: 1 - mStFlag: 1 - mLocFlag: 0 - mIsSearching: false - mTempSearching: false
02-19 17:45:44.272 D/TunerManagerForExt(15794): FMRadio main (TunerManagerForExt.java:118) onTunerInfoChanged: mIsSearching: true - mTempSearching: false - asFlag: 0 - seekFlag: 1
02-19 17:45:44.286 E/mcu_services( 5512): MCU2APP : [ff fe fd 12 01 b1 00 00 23 3c 22 ce 23 32 23 aa 23 aa 24 04 24 68 3e ff ]
02-19 17:45:44.289 D/TunerPresenter(15794): handleTunerRawData: b1 0 0 23 3c 22 ce 23 32 23 aa 23 aa 24 4 24 68 
02-19 17:45:44.293 D/TunerManagerForExt(15794): FMRadio main (TunerManagerForExt.java:147) onTunerPresetListChanged:  - mBand: 0 - mPresetIndex: 0 - mFrequency: 9020 - index: 0 - preset: 8910 - index: 1 - preset: 9010 - index: 2 - preset: 9130 - index: 3 - preset: 9130 - index: 4 - preset: 9220 - index: 5 - preset: 9320
02-19 17:45:44.336 E/mcu_services( 5512): MCU2APP : [ff fe fd 12 01 b1 00 00 23 41 22 ce 23 32 23 aa 23 aa 24 04 24 68 43 ff ]
02-19 17:45:44.339 D/TunerPresenter(15794): handleTunerRawData: b1 0 0 23 41 22 ce 23 32 23 aa 23 aa 24 4 24 68 
02-19 17:45:44.342 D/TunerManagerForExt(15794): FMRadio main (TunerManagerForExt.java:147) onTunerPresetListChanged:  - mBand: 0 - mPresetIndex: 0 - mFrequency: 9025 - index: 0 - preset: 8910 - index: 1 - preset: 9010 - index: 2 - preset: 9130 - index: 3 - preset: 9130 - index: 4 - preset: 9220 - index: 5 - preset: 9320
02-19 17:45:44.385 E/mcu_services( 5512): MCU2APP : [ff fe fd 12 01 b1 00 00 23 46 22 ce 23 32 23 aa 23 aa 24 04 24 68 44 ff ]
02-19 17:45:44.389 D/TunerPresenter(15794): handleTunerRawData: b1 0 0 23 46 22 ce 23 32 23 aa 23 aa 24 4 24 68 
02-19 17:45:44.392 D/TunerManagerForExt(15794): FMRadio main (TunerManagerForExt.java:147) onTunerPresetListChanged:  - mBand: 0 - mPresetIndex: 0 - mFrequency: 9030 - index: 0 - preset: 8910 - index: 1 - preset: 9010 - index: 2 - preset: 9130 - index: 3 - preset: 9130 - index: 4 - preset: 9220 - index: 5 - preset: 9320
02-19 17:45:44.435 E/mcu_services( 5512): MCU2APP : [ff fe fd 12 01 b1 00 00 23 4b 22 ce 23 32 23 aa 23 aa 24 04 24 68 49 ff ]
02-19 17:45:44.437 D/TunerPresenter(15794): handleTunerRawData: b1 0 0 23 4b 22 ce 23 32 23 aa 23 aa 24 4 24 68 
02-19 17:45:44.440 D/TunerManagerForExt(15794): FMRadio main (TunerManagerForExt.java:147) onTunerPresetListChanged:  - mBand: 0 - mPresetIndex: 0 - mFrequency: 9035 - index: 0 - preset: 8910 - index: 1 - preset: 9010 - index: 2 - preset: 9130 - index: 3 - preset: 9130 - index: 4 - preset: 9220 - index: 5 - preset: 9320
02-19 17:45:44.485 E/mcu_services( 5512): MCU2APP : [ff fe fd 12 01 b1 00 00 23 50 22 ce 23 32 23 aa 23 aa 24 04 24 68 52 ff ]
02-19 17:45:44.489 D/TunerPresenter(15794): handleTunerRawData: b1 0 0 23 50 22 ce 23 32 23 aa 23 aa 24 4 24 68 
02-19 17:45:44.492 D/TunerManagerForExt(15794): FMRadio main (TunerManagerForExt.java:147) onTunerPresetListChanged:  - mBand: 0 - mPresetIndex: 0 - mFrequency: 9040 - index: 0 - preset: 8910 - index: 1 - preset: 9010 - index: 2 - preset: 9130 - index: 3 - preset: 9130 - index: 4 - preset: 9220 - index: 5 - preset: 9320
02-19 17:45:44.535 E/mcu_services( 5512): MCU2APP : [ff fe fd 12 01 b1 00 00 23 55 22 ce 23 32 23 aa 23 aa 24 04 24 68 57 ff ]
02-19 17:45:44.539 D/TunerPresenter(15794): handleTunerRawData: b1 0 0 23 55 22 ce 23 32 23 aa 23 aa 24 4 24 68 
02-19 17:45:44.542 D/TunerManagerForExt(15794): FMRadio main (TunerManagerForExt.java:147) onTunerPresetListChanged:  - mBand: 0 - mPresetIndex: 0 - mFrequency: 9045 - index: 0 - preset: 8910 - index: 1 - preset: 9010 - index: 2 - preset: 9130 - index: 3 - preset: 9130 - index: 4 - preset: 9220 - index: 5 - preset: 9320
02-19 17:45:44.584 E/mcu_services( 5512): MCU2APP : [ff fe fd 12 01 b1 00 00 23 5a 22 ce 23 32 23 aa 23 aa 24 04 24 68 58 ff ]
02-19 17:45:44.588 D/TunerPresenter(15794): handleTunerRawData: b1 0 0 23 5a 22 ce 23 32 23 aa 23 aa 24 4 24 68 
02-19 17:45:44.591 D/TunerManagerForExt(15794): FMRadio main (TunerManagerForExt.java:147) onTunerPresetListChanged:  - mBand: 0 - mPresetIndex: 0 - mFrequency: 9050 - index: 0 - preset: 8910 - index: 1 - preset: 9010 - index: 2 - preset: 9130 - index: 3 - preset: 9130 - index: 4 - preset: 9220 - index: 5 - preset: 9320
02-19 17:45:44.634 E/mcu_services( 5512): MCU2APP : [ff fe fd 12 01 b1 00 00 23 5f 22 ce 23 32 23 aa 23 aa 24 04 24 68 5d ff ]
02-19 17:45:44.638 D/TunerPresenter(15794): handleTunerRawData: b1 0 0 23 5f 22 ce 23 32 23 aa 23 aa 24 4 24 68 
02-19 17:45:44.642 D/TunerManagerForExt(15794): FMRadio main (TunerManagerForExt.java:147) onTunerPresetListChanged:  - mBand: 0 - mPresetIndex: 0 - mFrequency: 9055 - index: 0 - preset: 8910 - index: 1 - preset: 9010 - index: 2 - preset: 9130 - index: 3 - preset: 9130 - index: 4 - preset: 9220 - index: 5 - preset: 9320
02-19 17:45:44.684 E/mcu_services( 5512): MCU2APP : [ff fe fd 12 01 b1 00 00 23 64 22 ce 23 32 23 aa 23 aa 24 04 24 68 66 ff ]
02-19 17:45:44.688 D/TunerPresenter(15794): handleTunerRawData: b1 0 0 23 64 22 ce 23 32 23 aa 23 aa 24 4 24 68 
02-19 17:45:44.691 D/TunerManagerForExt(15794): FMRadio main (TunerManagerForExt.java:147) onTunerPresetListChanged:  - mBand: 0 - mPresetIndex: 0 - mFrequency: 9060 - index: 0 - preset: 8910 - index: 1 - preset: 9010 - index: 2 - preset: 9130 - index: 3 - preset: 9130 - index: 4 - preset: 9220 - index: 5 - preset: 9320
02-19 17:45:44.733 E/mcu_services( 5512): MCU2APP : [ff fe fd 12 01 b1 00 00 23 69 22 ce 23 32 23 aa 23 aa 24 04 24 68 6b ff ]
02-19 17:45:44.736 D/TunerPresenter(15794): handleTunerRawData: b1 0 0 23 69 22 ce 23 32 23 aa 23 aa 24 4 24 68 
02-19 17:45:44.739 D/TunerManagerForExt(15794): FMRadio main (TunerManagerForExt.java:147) onTunerPresetListChanged:  - mBand: 0 - mPresetIndex: 0 - mFrequency: 9065 - index: 0 - preset: 8910 - index: 1 - preset: 9010 - index: 2 - preset: 9130 - index: 3 - preset: 9130 - index: 4 - preset: 9220 - index: 5 - preset: 9320
02-19 17:45:44.783 E/mcu_services( 5512): MCU2APP : [ff fe fd 12 01 b1 00 00 23 6e 22 ce 23 32 23 aa 23 aa 24 04 24 68 6c ff ]
02-19 17:45:44.786 D/TunerPresenter(15794): handleTunerRawData: b1 0 0 23 6e 22 ce 23 32 23 aa 23 aa 24 4 24 68 
02-19 17:45:44.789 D/TunerManagerForExt(15794): FMRadio main (TunerManagerForExt.java:147) onTunerPresetListChanged:  - mBand: 0 - mPresetIndex: 0 - mFrequency: 9070 - index: 0 - preset: 8910 - index: 1 - preset: 9010 - index: 2 - preset: 9130 - index: 3 - preset: 9130 - index: 4 - preset: 9220 - index: 5 - preset: 9320
02-19 17:45:44.833 E/mcu_services( 5512): MCU2APP : [ff fe fd 12 01 b1 00 00 23 73 22 ce 23 32 23 aa 23 aa 24 04 24 68 71 ff ]
02-19 17:45:44.837 D/TunerPresenter(15794): handleTunerRawData: b1 0 0 23 73 22 ce 23 32 23 aa 23 aa 24 4 24 68 
02-19 17:45:44.840 D/TunerManagerForExt(15794): FMRadio main (TunerManagerForExt.java:147) onTunerPresetListChanged:  - mBand: 0 - mPresetIndex: 0 - mFrequency: 9075 - index: 0 - preset: 8910 - index: 1 - preset: 9010 - index: 2 - preset: 9130 - index: 3 - preset: 9130 - index: 4 - preset: 9220 - index: 5 - preset: 9320
02-19 17:45:44.883 E/mcu_services( 5512): MCU2APP : [ff fe fd 12 01 b1 00 00 23 78 22 ce 23 32 23 aa 23 aa 24 04 24 68 7a ff ]
02-19 17:45:44.887 D/TunerPresenter(15794): handleTunerRawData: b1 0 0 23 78 22 ce 23 32 23 aa 23 aa 24 4 24 68 
02-19 17:45:44.890 D/TunerManagerForExt(15794): FMRadio main (TunerManagerForExt.java:147) onTunerPresetListChanged:  - mBand: 0 - mPresetIndex: 0 - mFrequency: 9080 - index: 0 - preset: 8910 - index: 1 - preset: 9010 - index: 2 - preset: 9130 - index: 3 - preset: 9130 - index: 4 - preset: 9220 - index: 5 - preset: 9320
02-19 17:45:44.932 E/mcu_services( 5512): MCU2APP : [ff fe fd 12 01 b1 00 00 23 7d 22 ce 23 32 23 aa 23 aa 24 04 24 68 7f ff ]
02-19 17:45:44.936 D/TunerPresenter(15794): handleTunerRawData: b1 0 0 23 7d 22 ce 23 32 23 aa 23 aa 24 4 24 68 
02-19 17:45:44.939 D/TunerManagerForExt(15794): FMRadio main (TunerManagerForExt.java:147) onTunerPresetListChanged:  - mBand: 0 - mPresetIndex: 0 - mFrequency: 9085 - index: 0 - preset: 8910 - index: 1 - preset: 9010 - index: 2 - preset: 9130 - index: 3 - preset: 9130 - index: 4 - preset: 9220 - index: 5 - preset: 9320
02-19 17:45:44.982 E/mcu_services( 5512): MCU2APP : [ff fe fd 12 01 b1 00 00 23 82 22 ce 23 32 23 aa 23 aa 24 04 24 68 80 ff ]
02-19 17:45:44.986 D/TunerPresenter(15794): handleTunerRawData: b1 0 0 23 82 22 ce 23 32 23 aa 23 aa 24 4 24 68 
02-19 17:45:44.988 D/TunerManagerForExt(15794): FMRadio main (TunerManagerForExt.java:147) onTunerPresetListChanged:  - mBand: 0 - mPresetIndex: 0 - mFrequency: 9090 - index: 0 - preset: 8910 - index: 1 - preset: 9010 - index: 2 - preset: 9130 - index: 3 - preset: 9130 - index: 4 - preset: 9220 - index: 5 - preset: 9320
02-19 17:45:45.032 E/mcu_services( 5512): MCU2APP : [ff fe fd 12 01 b1 00 00 23 87 22 ce 23 32 23 aa 23 aa 24 04 24 68 85 ff ]
02-19 17:45:45.035 D/TunerPresenter(15794): handleTunerRawData: b1 0 0 23 87 22 ce 23 32 23 aa 23 aa 24 4 24 68 
02-19 17:45:45.038 D/TunerManagerForExt(15794): FMRadio main (TunerManagerForExt.java:147) onTunerPresetListChanged:  - mBand: 0 - mPresetIndex: 0 - mFrequency: 9095 - index: 0 - preset: 8910 - index: 1 - preset: 9010 - index: 2 - preset: 9130 - index: 3 - preset: 9130 - index: 4 - preset: 9220 - index: 5 - preset: 9320
02-19 17:45:45.081 E/mcu_services( 5512): MCU2APP : [ff fe fd 12 01 b1 00 00 23 8c 22 ce 23 32 23 aa 23 aa 24 04 24 68 8e ff ]
02-19 17:45:45.084 D/TunerPresenter(15794): handleTunerRawData: b1 0 0 23 8c 22 ce 23 32 23 aa 23 aa 24 4 24 68 
02-19 17:45:45.087 D/TunerManagerForExt(15794): FMRadio main (TunerManagerForExt.java:147) onTunerPresetListChanged:  - mBand: 0 - mPresetIndex: 0 - mFrequency: 9100 - index: 0 - preset: 8910 - index: 1 - preset: 9010 - index: 2 - preset: 9130 - index: 3 - preset: 9130 - index: 4 - preset: 9220 - index: 5 - preset: 9320
02-19 17:45:45.131 E/mcu_services( 5512): MCU2APP : [ff fe fd 12 01 b1 00 00 23 91 22 ce 23 32 23 aa 23 aa 24 04 24 68 93 ff ]
02-19 17:45:45.135 D/TunerPresenter(15794): handleTunerRawData: b1 0 0 23 91 22 ce 23 32 23 aa 23 aa 24 4 24 68 
02-19 17:45:45.138 D/TunerManagerForExt(15794): FMRadio main (TunerManagerForExt.java:147) onTunerPresetListChanged:  - mBand: 0 - mPresetIndex: 0 - mFrequency: 9105 - index: 0 - preset: 8910 - index: 1 - preset: 9010 - index: 2 - preset: 9130 - index: 3 - preset: 9130 - index: 4 - preset: 9220 - index: 5 - preset: 9320
02-19 17:45:45.181 E/mcu_services( 5512): MCU2APP : [ff fe fd 12 01 b1 00 00 23 96 22 ce 23 32 23 aa 23 aa 24 04 24 68 94 ff ]
02-19 17:45:45.184 D/TunerPresenter(15794): handleTunerRawData: b1 0 0 23 96 22 ce 23 32 23 aa 23 aa 24 4 24 68 
02-19 17:45:45.188 D/TunerManagerForExt(15794): FMRadio main (TunerManagerForExt.java:147) onTunerPresetListChanged:  - mBand: 0 - mPresetIndex: 0 - mFrequency: 9110 - index: 0 - preset: 8910 - index: 1 - preset: 9010 - index: 2 - preset: 9130 - index: 3 - preset: 9130 - index: 4 - preset: 9220 - index: 5 - preset: 9320
02-19 17:45:45.231 E/mcu_services( 5512): MCU2APP : [ff fe fd 12 01 b1 00 00 23 9b 22 ce 23 32 23 aa 23 aa 24 04 24 68 99 ff ]
02-19 17:45:45.236 D/TunerPresenter(15794): handleTunerRawData: b1 0 0 23 9b 22 ce 23 32 23 aa 23 aa 24 4 24 68 
02-19 17:45:45.239 D/TunerManagerForExt(15794): FMRadio main (TunerManagerForExt.java:147) onTunerPresetListChanged:  - mBand: 0 - mPresetIndex: 0 - mFrequency: 9115 - index: 0 - preset: 8910 - index: 1 - preset: 9010 - index: 2 - preset: 9130 - index: 3 - preset: 9130 - index: 4 - preset: 9220 - index: 5 - preset: 9320
02-19 17:45:45.280 E/mcu_services( 5512): MCU2APP : [ff fe fd 12 01 b1 00 00 23 a0 22 ce 23 32 23 aa 23 aa 24 04 24 68 a2 ff ]
02-19 17:45:45.284 D/TunerPresenter(15794): handleTunerRawData: b1 0 0 23 a0 22 ce 23 32 23 aa 23 aa 24 4 24 68 
02-19 17:45:45.287 D/TunerManagerForExt(15794): FMRadio main (TunerManagerForExt.java:147) onTunerPresetListChanged:  - mBand: 0 - mPresetIndex: 0 - mFrequency: 9120 - index: 0 - preset: 8910 - index: 1 - preset: 9010 - index: 2 - preset: 9130 - index: 3 - preset: 9130 - index: 4 - preset: 9220 - index: 5 - preset: 9320
02-19 17:45:45.330 E/mcu_services( 5512): MCU2APP : [ff fe fd 12 01 b1 00 00 23 a5 22 ce 23 32 23 aa 23 aa 24 04 24 68 a7 ff ]
02-19 17:45:45.334 D/TunerPresenter(15794): handleTunerRawData: b1 0 0 23 a5 22 ce 23 32 23 aa 23 aa 24 4 24 68 
02-19 17:45:45.337 D/TunerManagerForExt(15794): FMRadio main (TunerManagerForExt.java:147) onTunerPresetListChanged:  - mBand: 0 - mPresetIndex: 0 - mFrequency: 9125 - index: 0 - preset: 8910 - index: 1 - preset: 9010 - index: 2 - preset: 9130 - index: 3 - preset: 9130 - index: 4 - preset: 9220 - index: 5 - preset: 9320
02-19 17:45:45.380 E/mcu_services( 5512): MCU2APP : [ff fe fd 12 01 b1 00 00 23 aa 22 ce 23 32 23 aa 23 aa 24 04 24 68 a8 ff ]
02-19 17:45:45.384 D/TunerPresenter(15794): handleTunerRawData: b1 0 0 23 aa 22 ce 23 32 23 aa 23 aa 24 4 24 68 
02-19 17:45:45.387 D/TunerManagerForExt(15794): FMRadio main (TunerManagerForExt.java:147) onTunerPresetListChanged:  - mBand: 0 - mPresetIndex: 0 - mFrequency: 9130 - index: 0 - preset: 8910 - index: 1 - preset: 9010 - index: 2 - preset: 9130 - index: 3 - preset: 9130 - index: 4 - preset: 9220 - index: 5 - preset: 9320
02-19 17:45:45.422 E/mcu_services( 5512): MCU2APP : [ff fe fd 12 01 b1 00 03 23 aa 22 ce 23 32 23 aa 23 aa 24 04 24 68 ab ff ]
02-19 17:45:45.427 D/TunerPresenter(15794): handleTunerRawData: b1 0 3 23 aa 22 ce 23 32 23 aa 23 aa 24 4 24 68 
02-19 17:45:45.431 D/TunerManagerForExt(15794): FMRadio main (TunerManagerForExt.java:147) onTunerPresetListChanged:  - mBand: 0 - mPresetIndex: 3 - mFrequency: 9130 - index: 0 - preset: 8910 - index: 1 - preset: 9010 - index: 2 - preset: 9130 - index: 3 - preset: 9130 - index: 4 - preset: 9220 - index: 5 - preset: 9320
02-19 17:45:45.489 E/mcu_services( 5512): MCU2APP : [ff fe fd 12 01 b1 00 03 23 aa 22 ce 23 32 23 aa 23 aa 24 04 24 68 ab ff ]
02-19 17:45:45.490 E/mcu_services( 5512): MCU2APP : [ff fe fd 03 01 b4 00 b5 ff ]
02-19 17:45:45.490 E/mcu_services( 5512): sendAckSuccess : [ff fd fe 02 02 b4 b6 ff ]
02-19 17:45:45.490 E/mcu_services( 5512): APP2MCU - writeToUart: [ff fd fe 02 02 b4 b6 ff ]
02-19 17:45:45.493 D/TunerPresenter(15794): handleTunerRawData: b1 0 3 23 aa 22 ce 23 32 23 aa 23 aa 24 4 24 68 
02-19 17:45:45.494 D/TunerManagerForExt(15794): FMRadio main (TunerManagerForExt.java:147) onTunerPresetListChanged:  - mBand: 0 - mPresetIndex: 3 - mFrequency: 9130 - index: 0 - preset: 8910 - index: 1 - preset: 9010 - index: 2 - preset: 9130 - index: 3 - preset: 9130 - index: 4 - preset: 9220 - index: 5 - preset: 9320
02-19 17:45:45.505 D/TunerPresenter(15794): handleTunerRawData: b4 0 
02-19 17:45:45.505 D/TunerManagerForExt(15794): FMRadio main (TunerManagerForExt.java:195) onTuneRdsIndicateInfo: onTuneRdsIndicateInfo - flag: 0 - mRdsSwitch: 0
02-19 17:45:45.549 E/mcu_services( 5512): MCU2APP : [ff fe fd 12 01 b1 00 03 23 aa 22 ce 23 32 23 aa 23 aa 24 04 24 68 ab ff ]
02-19 17:45:45.549 E/mcu_services( 5512): MCU2APP : [ff fe fd 03 01 b0 50 e1 ff ]
02-19 17:45:45.553 D/TunerPresenter(15794): handleTunerRawData: b1 0 3 23 aa 22 ce 23 32 23 aa 23 aa 24 4 24 68 
02-19 17:45:45.554 D/TunerManagerForExt(15794): FMRadio main (TunerManagerForExt.java:147) onTunerPresetListChanged:  - mBand: 0 - mPresetIndex: 3 - mFrequency: 9130 - index: 0 - preset: 8910 - index: 1 - preset: 9010 - index: 2 - preset: 9130 - index: 3 - preset: 9130 - index: 4 - preset: 9220 - index: 5 - preset: 9320
02-19 17:45:45.565 D/TunerPresenter(15794): handleTunerRawData: b0 50 
02-19 17:45:45.565 D/TunerManagerForExt(15794): FMRadio main (TunerManagerForExt.java:108) onTunerInfoChanged: onTunerInfoChanged - flag: 80 - asFlag: 0 - psFlag: 0 - scanFlag: 0 - seekFlag: 0 - mStFlag: 1 - mLocFlag: 0 - mIsSearching: true - mTempSearching: false
02-19 17:45:45.565 D/TunerManagerForExt(15794): FMRadio main (TunerManagerForExt.java:118) onTunerInfoChanged: mIsSearching: false - mTempSearching: false - asFlag: 0 - seekFlag: 0
02-19 17:45:45.746 E/mcu_services( 5512): MCU2APP : [ff fe fd 03 01 b0 40 f1 ff ]
02-19 17:45:45.750 D/TunerPresenter(15794): handleTunerRawData: b0 40 
02-19 17:45:45.750 D/TunerManagerForExt(15794): FMRadio main (TunerManagerForExt.java:108) onTunerInfoChanged: onTunerInfoChanged - flag: 64 - asFlag: 0 - psFlag: 0 - scanFlag: 0 - seekFlag: 0 - mStFlag: 0 - mLocFlag: 0 - mIsSearching: false - mTempSearching: false
02-19 17:45:45.750 D/TunerManagerForExt(15794): FMRadio main (TunerManagerForExt.java:118) onTunerInfoChanged: mIsSearching: false - mTempSearching: false - asFlag: 0 - seekFlag: 0
02-19 17:45:46.076 E/mcu_services( 5512): MCU2APP : [ff fe fd 03 01 b4 04 b1 ff ]
02-19 17:45:46.077 E/mcu_services( 5512): MCU2APP : [ff fe fd 04 01 b5 00 01 b5 ff ]
02-19 17:45:46.077 E/mcu_services( 5512): sendAckSuccess : [ff fd fe 02 02 b4 b6 ff ]
02-19 17:45:46.077 E/mcu_services( 5512): APP2MCU - writeToUart: [ff fd fe 02 02 b4 b6 ff ]
02-19 17:45:46.078 E/mcu_services( 5512): sendAckSuccess : [ff fd fe 02 02 b5 b7 ff ]
02-19 17:45:46.078 E/mcu_services( 5512): APP2MCU - writeToUart: [ff fd fe 02 02 b5 b7 ff ]
02-19 17:45:46.080 D/TunerPresenter(15794): handleTunerRawData: b4 4 
02-19 17:45:46.081 D/TunerManagerForExt(15794): FMRadio main (TunerManagerForExt.java:195) onTuneRdsIndicateInfo: onTuneRdsIndicateInfo - flag: 4 - mRdsSwitch: 1
02-19 17:45:46.082 D/TunerPresenter(15794): handleTunerRawData: b5 0 1 
02-19 17:45:46.083 D/TunerManagerForExt(15794): FMRadio main (TunerManagerForExt.java:220) onTuneRdsPtyTypeInfo: onTuneRdsPtyTypeInfo - mRdsPtyType: 0
02-19 17:45:46.096 E/mcu_services( 5512): APP2MCU - writeToUart: [ff fd fe 0a 01 40 2e c2 04 01 aa 23 03 68 4a ff ]
02-19 17:45:46.143 E/mcu_services( 5512): MCU2APP : [ff fe fd 03 01 29 6d 45 ff ]
02-19 17:45:48.132 E/mcu_services( 5512): MCU2APP : [ff fe fd 03 01 29 6d 45 ff ]
02-19 17:45:50.121 E/mcu_services( 5512): MCU2APP : [ff fe fd 03 01 29 6d 45 ff ]
02-19 17:45:52.110 E/mcu_services( 5512): MCU2APP : [ff fe fd 03 01 29 6d 45 ff ]
02-19 17:45:54.099 E/mcu_services( 5512): MCU2APP : [ff fe fd 03 01 29 6d 45 ff ]
02-19 17:45:55.054 E/mcu_services( 5512): APP2MCU - writeToUartNormal : [ff fd fe 05 01 a0 07 01 00 a7 ff ]
02-19 17:45:55.055 D/K706RadioManager( 2129): CMD Enviado: sub=0x07 p1=0x01 p2=0x00
02-19 17:45:55.055 D/K706RadioManager( 2129): DX/Local toggle -> LOCAL
02-19 17:45:55.093 E/mcu_services( 5512): MCU2APP : [ff fe fd 03 01 b0 60 d1 ff ]
02-19 17:45:55.096 D/TunerPresenter(15794): handleTunerRawData: b0 60 
02-19 17:45:55.097 D/TunerManagerForExt(15794): FMRadio main (TunerManagerForExt.java:108) onTunerInfoChanged: onTunerInfoChanged - flag: 96 - asFlag: 0 - psFlag: 0 - scanFlag: 0 - seekFlag: 0 - mStFlag: 0 - mLocFlag: 1 - mIsSearching: false - mTempSearching: false
02-19 17:45:55.097 D/TunerManagerForExt(15794): FMRadio main (TunerManagerForExt.java:118) onTunerInfoChanged: mIsSearching: false - mTempSearching: false - asFlag: 0 - seekFlag: 0
02-19 17:45:55.823 E/mcu_services( 5512): MCU2APP : [ff fe fd 0a 01 b6 43 4f 50 45 20 20 20 20 ae ff ]
02-19 17:45:55.823 E/mcu_services( 5512): sendAckSuccess : [ff fd fe 02 02 b6 b4 ff ]
02-19 17:45:55.823 E/mcu_services( 5512): APP2MCU - writeToUart: [ff fd fe 02 02 b6 b4 ff ]
02-19 17:45:55.827 D/TunerPresenter(15794): handleTunerRawData: b6 43 4f 50 45 20 20 20 20 
02-19 17:45:55.828 D/TunerManagerForExt(15794): FMRadio main (TunerManagerForExt.java:234) onTuneRdsPSInfo: onTuneRdsPSInfo - len: 9 - data: b6 43 4f 50 45 20 20 20 20 
02-19 17:45:55.828 D/TunerManagerForExt(15794): FMRadio main (TunerManagerForExt.java:258) onTuneRdsPSInfo: onTuneRdsPSInfo - mRdsPsInfo: COPE    
02-19 17:45:55.990 E/mcu_services( 5512): APP2MCU - writeToUartNormal : [ff fd fe 05 01 a0 07 00 00 a6 ff ]
02-19 17:45:55.992 D/K706RadioManager( 2129): CMD Enviado: sub=0x07 p1=0x00 p2=0x00
02-19 17:45:55.992 D/K706RadioManager( 2129): DX/Local toggle -> DX
02-19 17:45:56.089 E/mcu_services( 5512): MCU2APP : [ff fe fd 03 01 29 6d 45 ff ]
02-19 17:45:56.089 E/mcu_services( 5512): MCU2APP : [ff fe fd 03 01 b0 40 f1 ff ]
02-19 17:45:56.094 D/TunerPresenter(15794): handleTunerRawData: b0 40 
02-19 17:45:56.095 D/TunerManagerForExt(15794): FMRadio main (TunerManagerForExt.java:108) onTunerInfoChanged: onTunerInfoChanged - flag: 64 - asFlag: 0 - psFlag: 0 - scanFlag: 0 - seekFlag: 0 - mStFlag: 0 - mLocFlag: 0 - mIsSearching: false - mTempSearching: false
02-19 17:45:56.095 D/TunerManagerForExt(15794): FMRadio main (TunerManagerForExt.java:118) onTunerInfoChanged: mIsSearching: false - mTempSearching: false - asFlag: 0 - seekFlag: 0
02-19 17:45:56.381 E/mcu_services( 5512): APP2MCU - writeToUart: [ff fd fe 0a 01 40 2e c2 04 01 aa 23 03 68 4a ff ]
02-19 17:45:57.034 E/mcu_services( 5512): APP2MCU - writeToUartNormal : [ff fd fe 05 01 a0 08 00 00 a9 ff ]
02-19 17:45:57.036 D/K706RadioManager( 2129): CMD Enviado: sub=0x08 p1=0x00 p2=0x00
02-19 17:45:57.036 D/K706RadioManager( 2129): AutoScan iniciado (SUB=0x08)
02-19 17:45:57.103 E/mcu_services( 5512): MCU2APP : [ff fe fd 12 01 b1 00 00 22 2e 00 00 00 00 00 00 00 00 00 00 00 00 bc ff ]
02-19 17:45:57.103 E/mcu_services( 5512): MCU2APP : [ff fe fd 03 01 b0 41 f0 ff ]
02-19 17:45:57.107 D/TunerPresenter(15794): handleTunerRawData: b1 0 0 22 2e 0 0 0 0 0 0 0 0 0 0 0 0 
02-19 17:45:57.108 D/TunerManagerForExt(15794): FMRadio main (TunerManagerForExt.java:147) onTunerPresetListChanged:  - mBand: 0 - mPresetIndex: 0 - mFrequency: 8750 - index: 0 - preset: 0 - index: 1 - preset: 0 - index: 2 - preset: 0 - index: 3 - preset: 0 - index: 4 - preset: 0 - index: 5 - preset: 0
02-19 17:45:57.125 D/TunerPresenter(15794): handleTunerRawData: b0 41 
02-19 17:45:57.125 D/TunerManagerForExt(15794): FMRadio main (TunerManagerForExt.java:108) onTunerInfoChanged: onTunerInfoChanged - flag: 65 - asFlag: 1 - psFlag: 0 - scanFlag: 0 - seekFlag: 0 - mStFlag: 0 - mLocFlag: 0 - mIsSearching: false - mTempSearching: false
02-19 17:45:57.125 D/TunerManagerForExt(15794): FMRadio main (TunerManagerForExt.java:118) onTunerInfoChanged: mIsSearching: true - mTempSearching: true - asFlag: 1 - seekFlag: 0
02-19 17:45:57.144 E/mcu_services( 5512): MCU2APP : [ff fe fd 12 01 b1 00 00 22 33 00 00 00 00 00 00 00 00 00 00 00 00 a1 ff ]
02-19 17:45:57.147 D/TunerPresenter(15794): handleTunerRawData: b1 0 0 22 33 0 0 0 0 0 0 0 0 0 0 0 0 
02-19 17:45:57.150 D/TunerManagerForExt(15794): FMRadio main (TunerManagerForExt.java:147) onTunerPresetListChanged:  - mBand: 0 - mPresetIndex: 0 - mFrequency: 8755 - index: 0 - preset: 0 - index: 1 - preset: 0 - index: 2 - preset: 0 - index: 3 - preset: 0 - index: 4 - preset: 0 - index: 5 - preset: 0
02-19 17:45:57.194 E/mcu_services( 5512): MCU2APP : [ff fe fd 12 01 b1 00 00 22 38 00 00 00 00 00 00 00 00 00 00 00 00 aa ff ]
02-19 17:45:57.196 D/TunerPresenter(15794): handleTunerRawData: b1 0 0 22 38 0 0 0 0 0 0 0 0 0 0 0 0 
02-19 17:45:57.199 D/TunerManagerForExt(15794): FMRadio main (TunerManagerForExt.java:147) onTunerPresetListChanged:  - mBand: 0 - mPresetIndex: 0 - mFrequency: 8760 - index: 0 - preset: 0 - index: 1 - preset: 0 - index: 2 - preset: 0 - index: 3 - preset: 0 - index: 4 - preset: 0 - index: 5 - preset: 0
02-19 17:45:57.243 E/mcu_services( 5512): MCU2APP : [ff fe fd 12 01 b1 00 00 22 3d 22 38 00 00 00 00 00 00 00 00 00 00 b5 ff ]
02-19 17:45:57.246 D/TunerPresenter(15794): handleTunerRawData: b1 0 0 22 3d 22 38 0 0 0 0 0 0 0 0 0 0 
02-19 17:45:57.249 D/TunerManagerForExt(15794): FMRadio main (TunerManagerForExt.java:147) onTunerPresetListChanged:  - mBand: 0 - mPresetIndex: 0 - mFrequency: 8765 - index: 0 - preset: 8760 - index: 1 - preset: 0 - index: 2 - preset: 0 - index: 3 - preset: 0 - index: 4 - preset: 0 - index: 5 - preset: 0
02-19 17:45:57.293 E/mcu_services( 5512): MCU2APP : [ff fe fd 12 01 b1 00 00 22 42 22 38 00 00 00 00 00 00 00 00 00 00 ca ff ]
02-19 17:45:57.297 D/TunerPresenter(15794): handleTunerRawData: b1 0 0 22 42 22 38 0 0 0 0 0 0 0 0 0 0 
02-19 17:45:57.299 D/TunerManagerForExt(15794): FMRadio main (TunerManagerForExt.java:147) onTunerPresetListChanged:  - mBand: 0 - mPresetIndex: 0 - mFrequency: 8770 - index: 0 - preset: 8760 - index: 1 - preset: 0 - index: 2 - preset: 0 - index: 3 - preset: 0 - index: 4 - preset: 0 - index: 5 - preset: 0
02-19 17:45:57.343 E/mcu_services( 5512): MCU2APP : [ff fe fd 12 01 b1 00 00 22 47 22 38 00 00 00 00 00 00 00 00 00 00 cf ff ]
02-19 17:45:57.347 D/TunerPresenter(15794): handleTunerRawData: b1 0 0 22 47 22 38 0 0 0 0 0 0 0 0 0 0 
02-19 17:45:57.350 D/TunerManagerForExt(15794): FMRadio main (TunerManagerForExt.java:147) onTunerPresetListChanged:  - mBand: 0 - mPresetIndex: 0 - mFrequency: 8775 - index: 0 - preset: 8760 - index: 1 - preset: 0 - index: 2 - preset: 0 - index: 3 - preset: 0 - index: 4 - preset: 0 - index: 5 - preset: 0
02-19 17:45:57.393 E/mcu_services( 5512): MCU2APP : [ff fe fd 12 01 b1 00 00 22 4c 22 38 00 00 00 00 00 00 00 00 00 00 c4 ff ]
02-19 17:45:57.396 D/TunerPresenter(15794): handleTunerRawData: b1 0 0 22 4c 22 38 0 0 0 0 0 0 0 0 0 0 
02-19 17:45:57.399 D/TunerManagerForExt(15794): FMRadio main (TunerManagerForExt.java:147) onTunerPresetListChanged:  - mBand: 0 - mPresetIndex: 0 - mFrequency: 8780 - index: 0 - preset: 8760 - index: 1 - preset: 0 - index: 2 - preset: 0 - index: 3 - preset: 0 - index: 4 - preset: 0 - index: 5 - preset: 0
02-19 17:45:57.442 E/mcu_services( 5512): MCU2APP : [ff fe fd 12 01 b1 00 00 22 51 22 38 00 00 00 00 00 00 00 00 00 00 d9 ff ]
02-19 17:45:57.446 D/TunerPresenter(15794): handleTunerRawData: b1 0 0 22 51 22 38 0 0 0 0 0 0 0 0 0 0 
02-19 17:45:57.448 D/TunerManagerForExt(15794): FMRadio main (TunerManagerForExt.java:147) onTunerPresetListChanged:  - mBand: 0 - mPresetIndex: 0 - mFrequency: 8785 - index: 0 - preset: 8760 - index: 1 - preset: 0 - index: 2 - preset: 0 - index: 3 - preset: 0 - index: 4 - preset: 0 - index: 5 - preset: 0
02-19 17:45:57.492 E/mcu_services( 5512): MCU2APP : [ff fe fd 12 01 b1 00 00 22 56 22 38 00 00 00 00 00 00 00 00 00 00 de ff ]
02-19 17:45:57.496 D/TunerPresenter(15794): handleTunerRawData: b1 0 0 22 56 22 38 0 0 0 0 0 0 0 0 0 0 
02-19 17:45:57.501 D/TunerManagerForExt(15794): FMRadio main (TunerManagerForExt.java:147) onTunerPresetListChanged:  - mBand: 0 - mPresetIndex: 0 - mFrequency: 8790 - index: 0 - preset: 8760 - index: 1 - preset: 0 - index: 2 - preset: 0 - index: 3 - preset: 0 - index: 4 - preset: 0 - index: 5 - preset: 0
02-19 17:45:57.542 E/mcu_services( 5512): MCU2APP : [ff fe fd 12 01 b1 00 00 22 5b 22 38 00 00 00 00 00 00 00 00 00 00 d3 ff ]
02-19 17:45:57.546 D/TunerPresenter(15794): handleTunerRawData: b1 0 0 22 5b 22 38 0 0 0 0 0 0 0 0 0 0 
02-19 17:45:57.548 D/TunerManagerForExt(15794): FMRadio main (TunerManagerForExt.java:147) onTunerPresetListChanged:  - mBand: 0 - mPresetIndex: 0 - mFrequency: 8795 - index: 0 - preset: 8760 - index: 1 - preset: 0 - index: 2 - preset: 0 - index: 3 - preset: 0 - index: 4 - preset: 0 - index: 5 - preset: 0
02-19 17:45:57.592 E/mcu_services( 5512): MCU2APP : [ff fe fd 12 01 b1 00 00 22 60 22 38 00 00 00 00 00 00 00 00 00 00 e8 ff ]
02-19 17:45:57.596 D/TunerPresenter(15794): handleTunerRawData: b1 0 0 22 60 22 38 0 0 0 0 0 0 0 0 0 0 
02-19 17:45:57.599 D/TunerManagerForExt(15794): FMRadio main (TunerManagerForExt.java:147) onTunerPresetListChanged:  - mBand: 0 - mPresetIndex: 0 - mFrequency: 8800 - index: 0 - preset: 8760 - index: 1 - preset: 0 - index: 2 - preset: 0 - index: 3 - preset: 0 - index: 4 - preset: 0 - index: 5 - preset: 0
02-19 17:45:57.642 E/mcu_services( 5512): MCU2APP : [ff fe fd 12 01 b1 00 00 22 65 22 38 00 00 00 00 00 00 00 00 00 00 ed ff ]
02-19 17:45:57.645 D/TunerPresenter(15794): handleTunerRawData: b1 0 0 22 65 22 38 0 0 0 0 0 0 0 0 0 0 
02-19 17:45:57.647 D/TunerManagerForExt(15794): FMRadio main (TunerManagerForExt.java:147) onTunerPresetListChanged:  - mBand: 0 - mPresetIndex: 0 - mFrequency: 8805 - index: 0 - preset: 8760 - index: 1 - preset: 0 - index: 2 - preset: 0 - index: 3 - preset: 0 - index: 4 - preset: 0 - index: 5 - preset: 0
02-19 17:45:57.691 E/mcu_services( 5512): MCU2APP : [ff fe fd 12 01 b1 00 00 22 6a 22 38 00 00 00 00 00 00 00 00 00 00 e2 ff ]
02-19 17:45:57.695 D/TunerPresenter(15794): handleTunerRawData: b1 0 0 22 6a 22 38 0 0 0 0 0 0 0 0 0 0 
02-19 17:45:57.697 D/TunerManagerForExt(15794): FMRadio main (TunerManagerForExt.java:147) onTunerPresetListChanged:  - mBand: 0 - mPresetIndex: 0 - mFrequency: 8810 - index: 0 - preset: 8760 - index: 1 - preset: 0 - index: 2 - preset: 0 - index: 3 - preset: 0 - index: 4 - preset: 0 - index: 5 - preset: 0
02-19 17:45:57.741 E/mcu_services( 5512): MCU2APP : [ff fe fd 12 01 b1 00 00 22 6f 22 38 00 00 00 00 00 00 00 00 00 00 e7 ff ]
02-19 17:45:57.745 D/TunerPresenter(15794): handleTunerRawData: b1 0 0 22 6f 22 38 0 0 0 0 0 0 0 0 0 0 
02-19 17:45:57.748 D/TunerManagerForExt(15794): FMRadio main (TunerManagerForExt.java:147) onTunerPresetListChanged:  - mBand: 0 - mPresetIndex: 0 - mFrequency: 8815 - index: 0 - preset: 8760 - index: 1 - preset: 0 - index: 2 - preset: 0 - index: 3 - preset: 0 - index: 4 - preset: 0 - index: 5 - preset: 0
02-19 17:45:57.791 E/mcu_services( 5512): MCU2APP : [ff fe fd 12 01 b1 00 00 22 74 22 38 00 00 00 00 00 00 00 00 00 00 fc ff ]
02-19 17:45:57.793 D/TunerPresenter(15794): handleTunerRawData: b1 0 0 22 74 22 38 0 0 0 0 0 0 0 0 0 0 
02-19 17:45:57.796 D/TunerManagerForExt(15794): FMRadio main (TunerManagerForExt.java:147) onTunerPresetListChanged:  - mBand: 0 - mPresetIndex: 0 - mFrequency: 8820 - index: 0 - preset: 8760 - index: 1 - preset: 0 - index: 2 - preset: 0 - index: 3 - preset: 0 - index: 4 - preset: 0 - index: 5 - preset: 0
02-19 17:45:57.840 E/mcu_services( 5512): MCU2APP : [ff fe fd 12 01 b1 00 00 22 79 22 38 00 00 00 00 00 00 00 00 00 00 f1 ff ]
02-19 17:45:57.843 D/TunerPresenter(15794): handleTunerRawData: b1 0 0 22 79 22 38 0 0 0 0 0 0 0 0 0 0 
02-19 17:45:57.846 D/TunerManagerForExt(15794): FMRadio main (TunerManagerForExt.java:147) onTunerPresetListChanged:  - mBand: 0 - mPresetIndex: 0 - mFrequency: 8825 - index: 0 - preset: 8760 - index: 1 - preset: 0 - index: 2 - preset: 0 - index: 3 - preset: 0 - index: 4 - preset: 0 - index: 5 - preset: 0
02-19 17:45:57.890 E/mcu_services( 5512): MCU2APP : [ff fe fd 12 01 b1 00 00 22 7e 22 38 00 00 00 00 00 00 00 00 00 00 f6 ff ]
02-19 17:45:57.894 D/TunerPresenter(15794): handleTunerRawData: b1 0 0 22 7e 22 38 0 0 0 0 0 0 0 0 0 0 
02-19 17:45:57.897 D/TunerManagerForExt(15794): FMRadio main (TunerManagerForExt.java:147) onTunerPresetListChanged:  - mBand: 0 - mPresetIndex: 0 - mFrequency: 8830 - index: 0 - preset: 8760 - index: 1 - preset: 0 - index: 2 - preset: 0 - index: 3 - preset: 0 - index: 4 - preset: 0 - index: 5 - preset: 0
02-19 17:45:57.940 E/mcu_services( 5512): MCU2APP : [ff fe fd 12 01 b1 00 00 22 83 22 38 00 00 00 00 00 00 00 00 00 00 0b ff ]
02-19 17:45:57.944 D/TunerPresenter(15794): handleTunerRawData: b1 0 0 22 83 22 38 0 0 0 0 0 0 0 0 0 0 
02-19 17:45:57.947 D/TunerManagerForExt(15794): FMRadio main (TunerManagerForExt.java:147) onTunerPresetListChanged:  - mBand: 0 - mPresetIndex: 0 - mFrequency: 8835 - index: 0 - preset: 8760 - index: 1 - preset: 0 - index: 2 - preset: 0 - index: 3 - preset: 0 - index: 4 - preset: 0 - index: 5 - preset: 0
02-19 17:45:57.990 E/mcu_services( 5512): MCU2APP : [ff fe fd 12 01 b1 00 00 22 88 22 38 00 00 00 00 00 00 00 00 00 00 00 ff ]
02-19 17:45:57.994 D/TunerPresenter(15794): handleTunerRawData: b1 0 0 22 88 22 38 0 0 0 0 0 0 0 0 0 0 
02-19 17:45:57.997 D/TunerManagerForExt(15794): FMRadio main (TunerManagerForExt.java:147) onTunerPresetListChanged:  - mBand: 0 - mPresetIndex: 0 - mFrequency: 8840 - index: 0 - preset: 8760 - index: 1 - preset: 0 - index: 2 - preset: 0 - index: 3 - preset: 0 - index: 4 - preset: 0 - index: 5 - preset: 0
02-19 17:45:58.039 E/mcu_services( 5512): MCU2APP : [ff fe fd 12 01 b1 00 00 22 8d 22 38 00 00 00 00 00 00 00 00 00 00 05 ff ]
02-19 17:45:58.041 D/TunerPresenter(15794): handleTunerRawData: b1 0 0 22 8d 22 38 0 0 0 0 0 0 0 0 0 0 
02-19 17:45:58.044 D/TunerManagerForExt(15794): FMRadio main (TunerManagerForExt.java:147) onTunerPresetListChanged:  - mBand: 0 - mPresetIndex: 0 - mFrequency: 8845 - index: 0 - preset: 8760 - index: 1 - preset: 0 - index: 2 - preset: 0 - index: 3 - preset: 0 - index: 4 - preset: 0 - index: 5 - preset: 0
02-19 17:45:58.089 E/mcu_services( 5512): MCU2APP : [ff fe fd 12 01 b1 00 00 22 92 22 38 00 00 00 00 00 00 00 00 00 00 1a ff ]
02-19 17:45:58.092 D/TunerPresenter(15794): handleTunerRawData: b1 0 0 22 92 22 38 0 0 0 0 0 0 0 0 0 0 
02-19 17:45:58.095 D/TunerManagerForExt(15794): FMRadio main (TunerManagerForExt.java:147) onTunerPresetListChanged:  - mBand: 0 - mPresetIndex: 0 - mFrequency: 8850 - index: 0 - preset: 8760 - index: 1 - preset: 0 - index: 2 - preset: 0 - index: 3 - preset: 0 - index: 4 - preset: 0 - index: 5 - preset: 0
02-19 17:45:58.116 E/mcu_services( 5512): MCU2APP : [ff fe fd 03 01 29 6d 45 ff ]
02-19 17:45:58.139 E/mcu_services( 5512): MCU2APP : [ff fe fd 12 01 b1 00 00 22 97 22 38 00 00 00 00 00 00 00 00 00 00 1f ff ]
02-19 17:45:58.142 D/TunerPresenter(15794): handleTunerRawData: b1 0 0 22 97 22 38 0 0 0 0 0 0 0 0 0 0 
02-19 17:45:58.146 D/TunerManagerForExt(15794): FMRadio main (TunerManagerForExt.java:147) onTunerPresetListChanged:  - mBand: 0 - mPresetIndex: 0 - mFrequency: 8855 - index: 0 - preset: 8760 - index: 1 - preset: 0 - index: 2 - preset: 0 - index: 3 - preset: 0 - index: 4 - preset: 0 - index: 5 - preset: 0
02-19 17:45:58.188 E/mcu_services( 5512): MCU2APP : [ff fe fd 12 01 b1 00 00 22 9c 22 38 00 00 00 00 00 00 00 00 00 00 14 ff ]
02-19 17:45:58.192 D/TunerPresenter(15794): handleTunerRawData: b1 0 0 22 9c 22 38 0 0 0 0 0 0 0 0 0 0 
02-19 17:45:58.195 D/TunerManagerForExt(15794): FMRadio main (TunerManagerForExt.java:147) onTunerPresetListChanged:  - mBand: 0 - mPresetIndex: 0 - mFrequency: 8860 - index: 0 - preset: 8760 - index: 1 - preset: 0 - index: 2 - preset: 0 - index: 3 - preset: 0 - index: 4 - preset: 0 - index: 5 - preset: 0
02-19 17:45:58.238 E/mcu_services( 5512): MCU2APP : [ff fe fd 12 01 b1 00 00 22 a1 22 38 00 00 00 00 00 00 00 00 00 00 29 ff ]
02-19 17:45:58.243 D/TunerPresenter(15794): handleTunerRawData: b1 0 0 22 a1 22 38 0 0 0 0 0 0 0 0 0 0 
02-19 17:45:58.247 D/TunerManagerForExt(15794): FMRadio main (TunerManagerForExt.java:147) onTunerPresetListChanged:  - mBand: 0 - mPresetIndex: 0 - mFrequency: 8865 - index: 0 - preset: 8760 - index: 1 - preset: 0 - index: 2 - preset: 0 - index: 3 - preset: 0 - index: 4 - preset: 0 - index: 5 - preset: 0
02-19 17:45:58.288 E/mcu_services( 5512): MCU2APP : [ff fe fd 12 01 b1 00 00 22 a6 22 38 00 00 00 00 00 00 00 00 00 00 2e ff ]
02-19 17:45:58.292 D/TunerPresenter(15794): handleTunerRawData: b1 0 0 22 a6 22 38 0 0 0 0 0 0 0 0 0 0 
02-19 17:45:58.295 D/TunerManagerForExt(15794): FMRadio main (TunerManagerForExt.java:147) onTunerPresetListChanged:  - mBand: 0 - mPresetIndex: 0 - mFrequency: 8870 - index: 0 - preset: 8760 - index: 1 - preset: 0 - index: 2 - preset: 0 - index: 3 - preset: 0 - index: 4 - preset: 0 - index: 5 - preset: 0
02-19 17:45:58.338 E/mcu_services( 5512): MCU2APP : [ff fe fd 12 01 b1 00 00 22 ab 22 38 00 00 00 00 00 00 00 00 00 00 23 ff ]
02-19 17:45:58.341 D/TunerPresenter(15794): handleTunerRawData: b1 0 0 22 ab 22 38 0 0 0 0 0 0 0 0 0 0 
02-19 17:45:58.344 D/TunerManagerForExt(15794): FMRadio main (TunerManagerForExt.java:147) onTunerPresetListChanged:  - mBand: 0 - mPresetIndex: 0 - mFrequency: 8875 - index: 0 - preset: 8760 - index: 1 - preset: 0 - index: 2 - preset: 0 - index: 3 - preset: 0 - index: 4 - preset: 0 - index: 5 - preset: 0
02-19 17:45:58.387 E/mcu_services( 5512): MCU2APP : [ff fe fd 12 01 b1 00 00 22 b0 22 38 00 00 00 00 00 00 00 00 00 00 38 ff ]
02-19 17:45:58.392 D/TunerPresenter(15794): handleTunerRawData: b1 0 0 22 b0 22 38 0 0 0 0 0 0 0 0 0 0 
02-19 17:45:58.395 D/TunerManagerForExt(15794): FMRadio main (TunerManagerForExt.java:147) onTunerPresetListChanged:  - mBand: 0 - mPresetIndex: 0 - mFrequency: 8880 - index: 0 - preset: 8760 - index: 1 - preset: 0 - index: 2 - preset: 0 - index: 3 - preset: 0 - index: 4 - preset: 0 - index: 5 - preset: 0
02-19 17:45:58.437 E/mcu_services( 5512): MCU2APP : [ff fe fd 12 01 b1 00 00 22 b5 22 38 00 00 00 00 00 00 00 00 00 00 3d ff ]
02-19 17:45:58.441 D/TunerPresenter(15794): handleTunerRawData: b1 0 0 22 b5 22 38 0 0 0 0 0 0 0 0 0 0 
02-19 17:45:58.444 D/TunerManagerForExt(15794): FMRadio main (TunerManagerForExt.java:147) onTunerPresetListChanged:  - mBand: 0 - mPresetIndex: 0 - mFrequency: 8885 - index: 0 - preset: 8760 - index: 1 - preset: 0 - index: 2 - preset: 0 - index: 3 - preset: 0 - index: 4 - preset: 0 - index: 5 - preset: 0
02-19 17:45:58.487 E/mcu_services( 5512): MCU2APP : [ff fe fd 12 01 b1 00 00 22 ba 22 38 00 00 00 00 00 00 00 00 00 00 32 ff ]
02-19 17:45:58.491 D/TunerPresenter(15794): handleTunerRawData: b1 0 0 22 ba 22 38 0 0 0 0 0 0 0 0 0 0 
02-19 17:45:58.494 D/TunerManagerForExt(15794): FMRadio main (TunerManagerForExt.java:147) onTunerPresetListChanged:  - mBand: 0 - mPresetIndex: 0 - mFrequency: 8890 - index: 0 - preset: 8760 - index: 1 - preset: 0 - index: 2 - preset: 0 - index: 3 - preset: 0 - index: 4 - preset: 0 - index: 5 - preset: 0
02-19 17:45:58.536 E/mcu_services( 5512): MCU2APP : [ff fe fd 12 01 b1 00 00 22 bf 22 38 00 00 00 00 00 00 00 00 00 00 37 ff ]
02-19 17:45:58.540 D/TunerPresenter(15794): handleTunerRawData: b1 0 0 22 bf 22 38 0 0 0 0 0 0 0 0 0 0 
02-19 17:45:58.543 D/TunerManagerForExt(15794): FMRadio main (TunerManagerForExt.java:147) onTunerPresetListChanged:  - mBand: 0 - mPresetIndex: 0 - mFrequency: 8895 - index: 0 - preset: 8760 - index: 1 - preset: 0 - index: 2 - preset: 0 - index: 3 - preset: 0 - index: 4 - preset: 0 - index: 5 - preset: 0
02-19 17:45:58.586 E/mcu_services( 5512): MCU2APP : [ff fe fd 12 01 b1 00 00 22 c4 22 38 00 00 00 00 00 00 00 00 00 00 4c ff ]
02-19 17:45:58.590 D/TunerPresenter(15794): handleTunerRawData: b1 0 0 22 c4 22 38 0 0 0 0 0 0 0 0 0 0 
02-19 17:45:58.593 D/TunerManagerForExt(15794): FMRadio main (TunerManagerForExt.java:147) onTunerPresetListChanged:  - mBand: 0 - mPresetIndex: 0 - mFrequency: 8900 - index: 0 - preset: 8760 - index: 1 - preset: 0 - index: 2 - preset: 0 - index: 3 - preset: 0 - index: 4 - preset: 0 - index: 5 - preset: 0
02-19 17:45:58.636 E/mcu_services( 5512): MCU2APP : [ff fe fd 12 01 b1 00 00 22 c9 22 38 00 00 00 00 00 00 00 00 00 00 41 ff ]
02-19 17:45:58.639 D/TunerPresenter(15794): handleTunerRawData: b1 0 0 22 c9 22 38 0 0 0 0 0 0 0 0 0 0 
02-19 17:45:58.643 D/TunerManagerForExt(15794): FMRadio main (TunerManagerForExt.java:147) onTunerPresetListChanged:  - mBand: 0 - mPresetIndex: 0 - mFrequency: 8905 - index: 0 - preset: 8760 - index: 1 - preset: 0 - index: 2 - preset: 0 - index: 3 - preset: 0 - index: 4 - preset: 0 - index: 5 - preset: 0
02-19 17:45:58.686 E/mcu_services( 5512): MCU2APP : [ff fe fd 12 01 b1 00 00 22 ce 22 38 00 00 00 00 00 00 00 00 00 00 46 ff ]
02-19 17:45:58.689 D/TunerPresenter(15794): handleTunerRawData: b1 0 0 22 ce 22 38 0 0 0 0 0 0 0 0 0 0 
02-19 17:45:58.693 D/TunerManagerForExt(15794): FMRadio main (TunerManagerForExt.java:147) onTunerPresetListChanged:  - mBand: 0 - mPresetIndex: 0 - mFrequency: 8910 - index: 0 - preset: 8760 - index: 1 - preset: 0 - index: 2 - preset: 0 - index: 3 - preset: 0 - index: 4 - preset: 0 - index: 5 - preset: 0
02-19 17:45:58.735 E/mcu_services( 5512): MCU2APP : [ff fe fd 12 01 b1 00 00 22 d3 22 38 22 ce 00 00 00 00 00 00 00 00 b7 ff ]
02-19 17:45:58.739 D/TunerPresenter(15794): handleTunerRawData: b1 0 0 22 d3 22 38 22 ce 0 0 0 0 0 0 0 0 
02-19 17:45:58.742 D/TunerManagerForExt(15794): FMRadio main (TunerManagerForExt.java:147) onTunerPresetListChanged:  - mBand: 0 - mPresetIndex: 0 - mFrequency: 8915 - index: 0 - preset: 8760 - index: 1 - preset: 8910 - index: 2 - preset: 0 - index: 3 - preset: 0 - index: 4 - preset: 0 - index: 5 - preset: 0
02-19 17:45:58.785 E/mcu_services( 5512): MCU2APP : [ff fe fd 12 01 b1 00 00 22 d8 22 38 22 ce 00 00 00 00 00 00 00 00 bc ff ]
02-19 17:45:58.789 D/TunerPresenter(15794): handleTunerRawData: b1 0 0 22 d8 22 38 22 ce 0 0 0 0 0 0 0 0 
02-19 17:45:58.792 D/TunerManagerForExt(15794): FMRadio main (TunerManagerForExt.java:147) onTunerPresetListChanged:  - mBand: 0 - mPresetIndex: 0 - mFrequency: 8920 - index: 0 - preset: 8760 - index: 1 - preset: 8910 - index: 2 - preset: 0 - index: 3 - preset: 0 - index: 4 - preset: 0 - index: 5 - preset: 0
02-19 17:45:58.835 E/mcu_services( 5512): MCU2APP : [ff fe fd 12 01 b1 00 00 22 dd 22 38 22 ce 00 00 00 00 00 00 00 00 b9 ff ]
02-19 17:45:58.839 D/TunerPresenter(15794): handleTunerRawData: b1 0 0 22 dd 22 38 22 ce 0 0 0 0 0 0 0 0 
02-19 17:45:58.842 D/TunerManagerForExt(15794): FMRadio main (TunerManagerForExt.java:147) onTunerPresetListChanged:  - mBand: 0 - mPresetIndex: 0 - mFrequency: 8925 - index: 0 - preset: 8760 - index: 1 - preset: 8910 - index: 2 - preset: 0 - index: 3 - preset: 0 - index: 4 - preset: 0 - index: 5 - preset: 0
02-19 17:45:58.885 E/mcu_services( 5512): MCU2APP : [ff fe fd 12 01 b1 00 00 22 e2 22 38 22 ce 00 00 00 00 00 00 00 00 86 ff ]
02-19 17:45:58.888 D/TunerPresenter(15794): handleTunerRawData: b1 0 0 22 e2 22 38 22 ce 0 0 0 0 0 0 0 0 
02-19 17:45:58.891 D/TunerManagerForExt(15794): FMRadio main (TunerManagerForExt.java:147) onTunerPresetListChanged:  - mBand: 0 - mPresetIndex: 0 - mFrequency: 8930 - index: 0 - preset: 8760 - index: 1 - preset: 8910 - index: 2 - preset: 0 - index: 3 - preset: 0 - index: 4 - preset: 0 - index: 5 - preset: 0
02-19 17:45:58.934 E/mcu_services( 5512): MCU2APP : [ff fe fd 12 01 b1 00 00 22 e7 22 38 22 ce 00 00 00 00 00 00 00 00 83 ff ]
02-19 17:45:58.938 D/TunerPresenter(15794): handleTunerRawData: b1 0 0 22 e7 22 38 22 ce 0 0 0 0 0 0 0 0 
02-19 17:45:58.941 D/TunerManagerForExt(15794): FMRadio main (TunerManagerForExt.java:147) onTunerPresetListChanged:  - mBand: 0 - mPresetIndex: 0 - mFrequency: 8935 - index: 0 - preset: 8760 - index: 1 - preset: 8910 - index: 2 - preset: 0 - index: 3 - preset: 0 - index: 4 - preset: 0 - index: 5 - preset: 0
02-19 17:45:58.984 E/mcu_services( 5512): MCU2APP : [ff fe fd 12 01 b1 00 00 22 ec 22 38 22 ce 00 00 00 00 00 00 00 00 88 ff ]
02-19 17:45:58.987 D/TunerPresenter(15794): handleTunerRawData: b1 0 0 22 ec 22 38 22 ce 0 0 0 0 0 0 0 0 
02-19 17:45:58.991 D/TunerManagerForExt(15794): FMRadio main (TunerManagerForExt.java:147) onTunerPresetListChanged:  - mBand: 0 - mPresetIndex: 0 - mFrequency: 8940 - index: 0 - preset: 8760 - index: 1 - preset: 8910 - index: 2 - preset: 0 - index: 3 - preset: 0 - index: 4 - preset: 0 - index: 5 - preset: 0
02-19 17:45:59.033 E/mcu_services( 5512): MCU2APP : [ff fe fd 12 01 b1 00 00 22 f1 22 38 22 ce 00 00 00 00 00 00 00 00 95 ff ]
02-19 17:45:59.037 D/TunerPresenter(15794): handleTunerRawData: b1 0 0 22 f1 22 38 22 ce 0 0 0 0 0 0 0 0 
02-19 17:45:59.040 D/TunerManagerForExt(15794): FMRadio main (TunerManagerForExt.java:147) onTunerPresetListChanged:  - mBand: 0 - mPresetIndex: 0 - mFrequency: 8945 - index: 0 - preset: 8760 - index: 1 - preset: 8910 - index: 2 - preset: 0 - index: 3 - preset: 0 - index: 4 - preset: 0 - index: 5 - preset: 0
02-19 17:45:59.083 E/mcu_services( 5512): MCU2APP : [ff fe fd 12 01 b1 00 00 22 f6 22 38 22 ce 00 00 00 00 00 00 00 00 92 ff ]
02-19 17:45:59.085 D/TunerPresenter(15794): handleTunerRawData: b1 0 0 22 f6 22 38 22 ce 0 0 0 0 0 0 0 0 
02-19 17:45:59.088 D/TunerManagerForExt(15794): FMRadio main (TunerManagerForExt.java:147) onTunerPresetListChanged:  - mBand: 0 - mPresetIndex: 0 - mFrequency: 8950 - index: 0 - preset: 8760 - index: 1 - preset: 8910 - index: 2 - preset: 0 - index: 3 - preset: 0 - index: 4 - preset: 0 - index: 5 - preset: 0
02-19 17:45:59.133 E/mcu_services( 5512): MCU2APP : [ff fe fd 12 01 b1 00 00 22 fb 22 38 22 ce 00 00 00 00 00 00 00 00 9f ff ]
02-19 17:45:59.137 D/TunerPresenter(15794): handleTunerRawData: b1 0 0 22 fb 22 38 22 ce 0 0 0 0 0 0 0 0 
02-19 17:45:59.140 D/TunerManagerForExt(15794): FMRadio main (TunerManagerForExt.java:147) onTunerPresetListChanged:  - mBand: 0 - mPresetIndex: 0 - mFrequency: 8955 - index: 0 - preset: 8760 - index: 1 - preset: 8910 - index: 2 - preset: 0 - index: 3 - preset: 0 - index: 4 - preset: 0 - index: 5 - preset: 0
02-19 17:45:59.183 E/mcu_services( 5512): MCU2APP : [ff fe fd 12 01 b1 00 00 23 00 22 38 22 ce 00 00 00 00 00 00 00 00 65 ff ]
02-19 17:45:59.186 D/TunerPresenter(15794): handleTunerRawData: b1 0 0 23 0 22 38 22 ce 0 0 0 0 0 0 0 0 
02-19 17:45:59.190 D/TunerManagerForExt(15794): FMRadio main (TunerManagerForExt.java:147) onTunerPresetListChanged:  - mBand: 0 - mPresetIndex: 0 - mFrequency: 8960 - index: 0 - preset: 8760 - index: 1 - preset: 8910 - index: 2 - preset: 0 - index: 3 - preset: 0 - index: 4 - preset: 0 - index: 5 - preset: 0
02-19 17:45:59.232 E/mcu_services( 5512): MCU2APP : [ff fe fd 12 01 b1 00 00 23 05 22 38 22 ce 00 00 00 00 00 00 00 00 60 ff ]
02-19 17:45:59.237 D/TunerPresenter(15794): handleTunerRawData: b1 0 0 23 5 22 38 22 ce 0 0 0 0 0 0 0 0 
02-19 17:45:59.239 D/TunerManagerForExt(15794): FMRadio main (TunerManagerForExt.java:147) onTunerPresetListChanged:  - mBand: 0 - mPresetIndex: 0 - mFrequency: 8965 - index: 0 - preset: 8760 - index: 1 - preset: 8910 - index: 2 - preset: 0 - index: 3 - preset: 0 - index: 4 - preset: 0 - index: 5 - preset: 0
02-19 17:45:59.282 E/mcu_services( 5512): MCU2APP : [ff fe fd 12 01 b1 00 00 23 0a 22 38 22 ce 00 00 00 00 00 00 00 00 6f ff ]
02-19 17:45:59.286 D/TunerPresenter(15794): handleTunerRawData: b1 0 0 23 a 22 38 22 ce 0 0 0 0 0 0 0 0 
02-19 17:45:59.289 D/TunerManagerForExt(15794): FMRadio main (TunerManagerForExt.java:147) onTunerPresetListChanged:  - mBand: 0 - mPresetIndex: 0 - mFrequency: 8970 - index: 0 - preset: 8760 - index: 1 - preset: 8910 - index: 2 - preset: 0 - index: 3 - preset: 0 - index: 4 - preset: 0 - index: 5 - preset: 0
02-19 17:45:59.332 E/mcu_services( 5512): MCU2APP : [ff fe fd 12 01 b1 00 00 23 0f 22 38 22 ce 00 00 00 00 00 00 00 00 6a ff ]
02-19 17:45:59.336 D/TunerPresenter(15794): handleTunerRawData: b1 0 0 23 f 22 38 22 ce 0 0 0 0 0 0 0 0 
02-19 17:45:59.339 D/TunerManagerForExt(15794): FMRadio main (TunerManagerForExt.java:147) onTunerPresetListChanged:  - mBand: 0 - mPresetIndex: 0 - mFrequency: 8975 - index: 0 - preset: 8760 - index: 1 - preset: 8910 - index: 2 - preset: 0 - index: 3 - preset: 0 - index: 4 - preset: 0 - index: 5 - preset: 0
02-19 17:45:59.381 E/mcu_services( 5512): MCU2APP : [ff fe fd 12 01 b1 00 00 23 14 22 38 22 ce 00 00 00 00 00 00 00 00 71 ff ]
02-19 17:45:59.385 D/TunerPresenter(15794): handleTunerRawData: b1 0 0 23 14 22 38 22 ce 0 0 0 0 0 0 0 0 
02-19 17:45:59.388 D/TunerManagerForExt(15794): FMRadio main (TunerManagerForExt.java:147) onTunerPresetListChanged:  - mBand: 0 - mPresetIndex: 0 - mFrequency: 8980 - index: 0 - preset: 8760 - index: 1 - preset: 8910 - index: 2 - preset: 0 - index: 3 - preset: 0 - index: 4 - preset: 0 - index: 5 - preset: 0
02-19 17:45:59.431 E/mcu_services( 5512): MCU2APP : [ff fe fd 12 01 b1 00 00 23 19 22 38 22 ce 00 00 00 00 00 00 00 00 7c ff ]
02-19 17:45:59.435 D/TunerPresenter(15794): handleTunerRawData: b1 0 0 23 19 22 38 22 ce 0 0 0 0 0 0 0 0 
02-19 17:45:59.438 D/TunerManagerForExt(15794): FMRadio main (TunerManagerForExt.java:147) onTunerPresetListChanged:  - mBand: 0 - mPresetIndex: 0 - mFrequency: 8985 - index: 0 - preset: 8760 - index: 1 - preset: 8910 - index: 2 - preset: 0 - index: 3 - preset: 0 - index: 4 - preset: 0 - index: 5 - preset: 0
02-19 17:45:59.481 E/mcu_services( 5512): MCU2APP : [ff fe fd 12 01 b1 00 00 23 1e 22 38 22 ce 00 00 00 00 00 00 00 00 7b ff ]
02-19 17:45:59.485 D/TunerPresenter(15794): handleTunerRawData: b1 0 0 23 1e 22 38 22 ce 0 0 0 0 0 0 0 0 
02-19 17:45:59.488 D/TunerManagerForExt(15794): FMRadio main (TunerManagerForExt.java:147) onTunerPresetListChanged:  - mBand: 0 - mPresetIndex: 0 - mFrequency: 8990 - index: 0 - preset: 8760 - index: 1 - preset: 8910 - index: 2 - preset: 0 - index: 3 - preset: 0 - index: 4 - preset: 0 - index: 5 - preset: 0
02-19 17:45:59.531 E/mcu_services( 5512): MCU2APP : [ff fe fd 12 01 b1 00 00 23 23 22 38 22 ce 00 00 00 00 00 00 00 00 46 ff ]
02-19 17:45:59.535 D/TunerPresenter(15794): handleTunerRawData: b1 0 0 23 23 22 38 22 ce 0 0 0 0 0 0 0 0 
02-19 17:45:59.538 D/TunerManagerForExt(15794): FMRadio main (TunerManagerForExt.java:147) onTunerPresetListChanged:  - mBand: 0 - mPresetIndex: 0 - mFrequency: 8995 - index: 0 - preset: 8760 - index: 1 - preset: 8910 - index: 2 - preset: 0 - index: 3 - preset: 0 - index: 4 - preset: 0 - index: 5 - preset: 0
02-19 17:45:59.580 E/mcu_services( 5512): MCU2APP : [ff fe fd 12 01 b1 00 00 23 28 22 38 22 ce 00 00 00 00 00 00 00 00 4d ff ]
02-19 17:45:59.584 D/TunerPresenter(15794): handleTunerRawData: b1 0 0 23 28 22 38 22 ce 0 0 0 0 0 0 0 0 
02-19 17:45:59.587 D/TunerManagerForExt(15794): FMRadio main (TunerManagerForExt.java:147) onTunerPresetListChanged:  - mBand: 0 - mPresetIndex: 0 - mFrequency: 9000 - index: 0 - preset: 8760 - index: 1 - preset: 8910 - index: 2 - preset: 0 - index: 3 - preset: 0 - index: 4 - preset: 0 - index: 5 - preset: 0
02-19 17:45:59.630 E/mcu_services( 5512): MCU2APP : [ff fe fd 12 01 b1 00 00 23 2d 22 38 22 ce 00 00 00 00 00 00 00 00 48 ff ]
02-19 17:45:59.634 D/TunerPresenter(15794): handleTunerRawData: b1 0 0 23 2d 22 38 22 ce 0 0 0 0 0 0 0 0 
02-19 17:45:59.637 D/TunerManagerForExt(15794): FMRadio main (TunerManagerForExt.java:147) onTunerPresetListChanged:  - mBand: 0 - mPresetIndex: 0 - mFrequency: 9005 - index: 0 - preset: 8760 - index: 1 - preset: 8910 - index: 2 - preset: 0 - index: 3 - preset: 0 - index: 4 - preset: 0 - index: 5 - preset: 0
02-19 17:45:59.680 E/mcu_services( 5512): MCU2APP : [ff fe fd 12 01 b1 00 00 23 32 22 38 22 ce 00 00 00 00 00 00 00 00 57 ff ]
02-19 17:45:59.684 D/TunerPresenter(15794): handleTunerRawData: b1 0 0 23 32 22 38 22 ce 0 0 0 0 0 0 0 0 
02-19 17:45:59.688 D/TunerManagerForExt(15794): FMRadio main (TunerManagerForExt.java:147) onTunerPresetListChanged:  - mBand: 0 - mPresetIndex: 0 - mFrequency: 9010 - index: 0 - preset: 8760 - index: 1 - preset: 8910 - index: 2 - preset: 0 - index: 3 - preset: 0 - index: 4 - preset: 0 - index: 5 - preset: 0
02-19 17:45:59.730 E/mcu_services( 5512): MCU2APP : [ff fe fd 12 01 b1 00 00 23 37 22 38 22 ce 23 32 00 00 00 00 00 00 43 ff ]
02-19 17:45:59.734 D/TunerPresenter(15794): handleTunerRawData: b1 0 0 23 37 22 38 22 ce 23 32 0 0 0 0 0 0 
02-19 17:45:59.737 D/TunerManagerForExt(15794): FMRadio main (TunerManagerForExt.java:147) onTunerPresetListChanged:  - mBand: 0 - mPresetIndex: 0 - mFrequency: 9015 - index: 0 - preset: 8760 - index: 1 - preset: 8910 - index: 2 - preset: 9010 - index: 3 - preset: 0 - index: 4 - preset: 0 - index: 5 - preset: 0
02-19 17:45:59.779 E/mcu_services( 5512): MCU2APP : [ff fe fd 12 01 b1 00 00 23 3c 22 38 22 ce 23 32 00 00 00 00 00 00 48 ff ]
02-19 17:45:59.784 D/TunerPresenter(15794): handleTunerRawData: b1 0 0 23 3c 22 38 22 ce 23 32 0 0 0 0 0 0 
02-19 17:45:59.788 D/TunerManagerForExt(15794): FMRadio main (TunerManagerForExt.java:147) onTunerPresetListChanged:  - mBand: 0 - mPresetIndex: 0 - mFrequency: 9020 - index: 0 - preset: 8760 - index: 1 - preset: 8910 - index: 2 - preset: 9010 - index: 3 - preset: 0 - index: 4 - preset: 0 - index: 5 - preset: 0
02-19 17:45:59.829 E/mcu_services( 5512): MCU2APP : [ff fe fd 12 01 b1 00 00 23 41 22 38 22 ce 23 32 00 00 00 00 00 00 35 ff ]
02-19 17:45:59.833 D/TunerPresenter(15794): handleTunerRawData: b1 0 0 23 41 22 38 22 ce 23 32 0 0 0 0 0 0 
02-19 17:45:59.836 D/TunerManagerForExt(15794): FMRadio main (TunerManagerForExt.java:147) onTunerPresetListChanged:  - mBand: 0 - mPresetIndex: 0 - mFrequency: 9025 - index: 0 - preset: 8760 - index: 1 - preset: 8910 - index: 2 - preset: 9010 - index: 3 - preset: 0 - index: 4 - preset: 0 - index: 5 - preset: 0
02-19 17:45:59.879 E/mcu_services( 5512): MCU2APP : [ff fe fd 12 01 b1 00 00 23 46 22 38 22 ce 23 32 00 00 00 00 00 00 32 ff ]
02-19 17:45:59.883 D/TunerPresenter(15794): handleTunerRawData: b1 0 0 23 46 22 38 22 ce 23 32 0 0 0 0 0 0 
02-19 17:45:59.886 D/TunerManagerForExt(15794): FMRadio main (TunerManagerForExt.java:147) onTunerPresetListChanged:  - mBand: 0 - mPresetIndex: 0 - mFrequency: 9030 - index: 0 - preset: 8760 - index: 1 - preset: 8910 - index: 2 - preset: 9010 - index: 3 - preset: 0 - index: 4 - preset: 0 - index: 5 - preset: 0
02-19 17:45:59.929 E/mcu_services( 5512): MCU2APP : [ff fe fd 12 01 b1 00 00 23 4b 22 38 22 ce 23 32 00 00 00 00 00 00 3f ff ]
02-19 17:45:59.932 D/TunerPresenter(15794): handleTunerRawData: b1 0 0 23 4b 22 38 22 ce 23 32 0 0 0 0 0 0 
02-19 17:45:59.935 D/TunerManagerForExt(15794): FMRadio main (TunerManagerForExt.java:147) onTunerPresetListChanged:  - mBand: 0 - mPresetIndex: 0 - mFrequency: 9035 - index: 0 - preset: 8760 - index: 1 - preset: 8910 - index: 2 - preset: 9010 - index: 3 - preset: 0 - index: 4 - preset: 0 - index: 5 - preset: 0
02-19 17:45:59.978 E/mcu_services( 5512): MCU2APP : [ff fe fd 12 01 b1 00 00 23 50 22 38 22 ce 23 32 00 00 00 00 00 00 24 ff ]
02-19 17:45:59.982 D/TunerPresenter(15794): handleTunerRawData: b1 0 0 23 50 22 38 22 ce 23 32 0 0 0 0 0 0 
02-19 17:45:59.984 D/TunerManagerForExt(15794): FMRadio main (TunerManagerForExt.java:147) onTunerPresetListChanged:  - mBand: 0 - mPresetIndex: 0 - mFrequency: 9040 - index: 0 - preset: 8760 - index: 1 - preset: 8910 - index: 2 - preset: 9010 - index: 3 - preset: 0 - index: 4 - preset: 0 - index: 5 - preset: 0
02-19 17:46:00.028 E/mcu_services( 5512): MCU2APP : [ff fe fd 12 01 b1 00 00 23 55 22 38 22 ce 23 32 00 00 00 00 00 00 21 ff ]
02-19 17:46:00.032 D/TunerPresenter(15794): handleTunerRawData: b1 0 0 23 55 22 38 22 ce 23 32 0 0 0 0 0 0 
02-19 17:46:00.035 D/TunerManagerForExt(15794): FMRadio main (TunerManagerForExt.java:147) onTunerPresetListChanged:  - mBand: 0 - mPresetIndex: 0 - mFrequency: 9045 - index: 0 - preset: 8760 - index: 1 - preset: 8910 - index: 2 - preset: 9010 - index: 3 - preset: 0 - index: 4 - preset: 0 - index: 5 - preset: 0
02-19 17:46:00.078 E/mcu_services( 5512): MCU2APP : [ff fe fd 12 01 b1 00 00 23 5a 22 38 22 ce 23 32 00 00 00 00 00 00 2e ff ]
02-19 17:46:00.082 D/TunerPresenter(15794): handleTunerRawData: b1 0 0 23 5a 22 38 22 ce 23 32 0 0 0 0 0 0 
02-19 17:46:00.084 D/TunerManagerForExt(15794): FMRadio main (TunerManagerForExt.java:147) onTunerPresetListChanged:  - mBand: 0 - mPresetIndex: 0 - mFrequency: 9050 - index: 0 - preset: 8760 - index: 1 - preset: 8910 - index: 2 - preset: 9010 - index: 3 - preset: 0 - index: 4 - preset: 0 - index: 5 - preset: 0
02-19 17:46:00.105 E/mcu_services( 5512): MCU2APP : [ff fe fd 03 01 29 6d 45 ff ]
02-19 17:46:00.127 E/mcu_services( 5512): MCU2APP : [ff fe fd 12 01 b1 00 00 23 5f 22 38 22 ce 23 32 00 00 00 00 00 00 2b ff ]
02-19 17:46:00.131 D/TunerPresenter(15794): handleTunerRawData: b1 0 0 23 5f 22 38 22 ce 23 32 0 0 0 0 0 0 
02-19 17:46:00.135 D/TunerManagerForExt(15794): FMRadio main (TunerManagerForExt.java:147) onTunerPresetListChanged:  - mBand: 0 - mPresetIndex: 0 - mFrequency: 9055 - index: 0 - preset: 8760 - index: 1 - preset: 8910 - index: 2 - preset: 9010 - index: 3 - preset: 0 - index: 4 - preset: 0 - index: 5 - preset: 0
02-19 17:46:00.177 E/mcu_services( 5512): MCU2APP : [ff fe fd 12 01 b1 00 00 23 64 22 38 22 ce 23 32 00 00 00 00 00 00 10 ff ]
02-19 17:46:00.181 D/TunerPresenter(15794): handleTunerRawData: b1 0 0 23 64 22 38 22 ce 23 32 0 0 0 0 0 0 
02-19 17:46:00.185 D/TunerManagerForExt(15794): FMRadio main (TunerManagerForExt.java:147) onTunerPresetListChanged:  - mBand: 0 - mPresetIndex: 0 - mFrequency: 9060 - index: 0 - preset: 8760 - index: 1 - preset: 8910 - index: 2 - preset: 9010 - index: 3 - preset: 0 - index: 4 - preset: 0 - index: 5 - preset: 0
02-19 17:46:00.227 E/mcu_services( 5512): MCU2APP : [ff fe fd 12 01 b1 00 00 23 69 22 38 22 ce 23 32 00 00 00 00 00 00 1d ff ]
02-19 17:46:00.231 D/TunerPresenter(15794): handleTunerRawData: b1 0 0 23 69 22 38 22 ce 23 32 0 0 0 0 0 0 
02-19 17:46:00.234 D/TunerManagerForExt(15794): FMRadio main (TunerManagerForExt.java:147) onTunerPresetListChanged:  - mBand: 0 - mPresetIndex: 0 - mFrequency: 9065 - index: 0 - preset: 8760 - index: 1 - preset: 8910 - index: 2 - preset: 9010 - index: 3 - preset: 0 - index: 4 - preset: 0 - index: 5 - preset: 0
02-19 17:46:00.277 E/mcu_services( 5512): MCU2APP : [ff fe fd 12 01 b1 00 00 23 6e 22 38 22 ce 23 32 00 00 00 00 00 00 1a ff ]
02-19 17:46:00.281 D/TunerPresenter(15794): handleTunerRawData: b1 0 0 23 6e 22 38 22 ce 23 32 0 0 0 0 0 0 
02-19 17:46:00.284 D/TunerManagerForExt(15794): FMRadio main (TunerManagerForExt.java:147) onTunerPresetListChanged:  - mBand: 0 - mPresetIndex: 0 - mFrequency: 9070 - index: 0 - preset: 8760 - index: 1 - preset: 8910 - index: 2 - preset: 9010 - index: 3 - preset: 0 - index: 4 - preset: 0 - index: 5 - preset: 0
02-19 17:46:00.326 E/mcu_services( 5512): MCU2APP : [ff fe fd 12 01 b1 00 00 23 73 22 38 22 ce 23 32 00 00 00 00 00 00 07 ff ]
02-19 17:46:00.330 D/TunerPresenter(15794): handleTunerRawData: b1 0 0 23 73 22 38 22 ce 23 32 0 0 0 0 0 0 
02-19 17:46:00.333 D/TunerManagerForExt(15794): FMRadio main (TunerManagerForExt.java:147) onTunerPresetListChanged:  - mBand: 0 - mPresetIndex: 0 - mFrequency: 9075 - index: 0 - preset: 8760 - index: 1 - preset: 8910 - index: 2 - preset: 9010 - index: 3 - preset: 0 - index: 4 - preset: 0 - index: 5 - preset: 0
02-19 17:46:00.376 E/mcu_services( 5512): MCU2APP : [ff fe fd 12 01 b1 00 00 23 78 22 38 22 ce 23 32 00 00 00 00 00 00 0c ff ]
02-19 17:46:00.380 D/TunerPresenter(15794): handleTunerRawData: b1 0 0 23 78 22 38 22 ce 23 32 0 0 0 0 0 0 
02-19 17:46:00.384 D/TunerManagerForExt(15794): FMRadio main (TunerManagerForExt.java:147) onTunerPresetListChanged:  - mBand: 0 - mPresetIndex: 0 - mFrequency: 9080 - index: 0 - preset: 8760 - index: 1 - preset: 8910 - index: 2 - preset: 9010 - index: 3 - preset: 0 - index: 4 - preset: 0 - index: 5 - preset: 0
02-19 17:46:00.426 E/mcu_services( 5512): MCU2APP : [ff fe fd 12 01 b1 00 00 23 7d 22 38 22 ce 23 32 00 00 00 00 00 00 09 ff ]
02-19 17:46:00.430 D/TunerPresenter(15794): handleTunerRawData: b1 0 0 23 7d 22 38 22 ce 23 32 0 0 0 0 0 0 
02-19 17:46:00.433 D/TunerManagerForExt(15794): FMRadio main (TunerManagerForExt.java:147) onTunerPresetListChanged:  - mBand: 0 - mPresetIndex: 0 - mFrequency: 9085 - index: 0 - preset: 8760 - index: 1 - preset: 8910 - index: 2 - preset: 9010 - index: 3 - preset: 0 - index: 4 - preset: 0 - index: 5 - preset: 0
02-19 17:46:00.475 E/mcu_services( 5512): MCU2APP : [ff fe fd 12 01 b1 00 00 23 82 22 38 22 ce 23 32 00 00 00 00 00 00 f6 ff ]
02-19 17:46:00.479 D/TunerPresenter(15794): handleTunerRawData: b1 0 0 23 82 22 38 22 ce 23 32 0 0 0 0 0 0 
02-19 17:46:00.482 D/TunerManagerForExt(15794): FMRadio main (TunerManagerForExt.java:147) onTunerPresetListChanged:  - mBand: 0 - mPresetIndex: 0 - mFrequency: 9090 - index: 0 - preset: 8760 - index: 1 - preset: 8910 - index: 2 - preset: 9010 - index: 3 - preset: 0 - index: 4 - preset: 0 - index: 5 - preset: 0
02-19 17:46:00.525 E/mcu_services( 5512): MCU2APP : [ff fe fd 12 01 b1 00 00 23 87 22 38 22 ce 23 32 00 00 00 00 00 00 f3 ff ]
02-19 17:46:00.529 D/TunerPresenter(15794): handleTunerRawData: b1 0 0 23 87 22 38 22 ce 23 32 0 0 0 0 0 0 
02-19 17:46:00.532 D/TunerManagerForExt(15794): FMRadio main (TunerManagerForExt.java:147) onTunerPresetListChanged:  - mBand: 0 - mPresetIndex: 0 - mFrequency: 9095 - index: 0 - preset: 8760 - index: 1 - preset: 8910 - index: 2 - preset: 9010 - index: 3 - preset: 0 - index: 4 - preset: 0 - index: 5 - preset: 0
02-19 17:46:00.575 E/mcu_services( 5512): MCU2APP : [ff fe fd 12 01 b1 00 00 23 8c 22 38 22 ce 23 32 00 00 00 00 00 00 f8 ff ]
02-19 17:46:00.579 D/TunerPresenter(15794): handleTunerRawData: b1 0 0 23 8c 22 38 22 ce 23 32 0 0 0 0 0 0 
02-19 17:46:00.583 D/TunerManagerForExt(15794): FMRadio main (TunerManagerForExt.java:147) onTunerPresetListChanged:  - mBand: 0 - mPresetIndex: 0 - mFrequency: 9100 - index: 0 - preset: 8760 - index: 1 - preset: 8910 - index: 2 - preset: 9010 - index: 3 - preset: 0 - index: 4 - preset: 0 - index: 5 - preset: 0
02-19 17:46:00.624 E/mcu_services( 5512): MCU2APP : [ff fe fd 12 01 b1 00 00 23 91 22 38 22 ce 23 32 00 00 00 00 00 00 e5 ff ]
02-19 17:46:00.629 D/TunerPresenter(15794): handleTunerRawData: b1 0 0 23 91 22 38 22 ce 23 32 0 0 0 0 0 0 
02-19 17:46:00.631 D/TunerManagerForExt(15794): FMRadio main (TunerManagerForExt.java:147) onTunerPresetListChanged:  - mBand: 0 - mPresetIndex: 0 - mFrequency: 9105 - index: 0 - preset: 8760 - index: 1 - preset: 8910 - index: 2 - preset: 9010 - index: 3 - preset: 0 - index: 4 - preset: 0 - index: 5 - preset: 0
02-19 17:46:00.674 E/mcu_services( 5512): MCU2APP : [ff fe fd 12 01 b1 00 00 23 96 22 38 22 ce 23 32 00 00 00 00 00 00 e2 ff ]
02-19 17:46:00.679 D/TunerPresenter(15794): handleTunerRawData: b1 0 0 23 96 22 38 22 ce 23 32 0 0 0 0 0 0 
02-19 17:46:00.682 D/TunerManagerForExt(15794): FMRadio main (TunerManagerForExt.java:147) onTunerPresetListChanged:  - mBand: 0 - mPresetIndex: 0 - mFrequency: 9110 - index: 0 - preset: 8760 - index: 1 - preset: 8910 - index: 2 - preset: 9010 - index: 3 - preset: 0 - index: 4 - preset: 0 - index: 5 - preset: 0
02-19 17:46:00.724 E/mcu_services( 5512): MCU2APP : [ff fe fd 12 01 b1 00 00 23 9b 22 38 22 ce 23 32 00 00 00 00 00 00 ef ff ]
02-19 17:46:00.728 D/TunerPresenter(15794): handleTunerRawData: b1 0 0 23 9b 22 38 22 ce 23 32 0 0 0 0 0 0 
02-19 17:46:00.732 D/TunerManagerForExt(15794): FMRadio main (TunerManagerForExt.java:147) onTunerPresetListChanged:  - mBand: 0 - mPresetIndex: 0 - mFrequency: 9115 - index: 0 - preset: 8760 - index: 1 - preset: 8910 - index: 2 - preset: 9010 - index: 3 - preset: 0 - index: 4 - preset: 0 - index: 5 - preset: 0
02-19 17:46:00.774 E/mcu_services( 5512): MCU2APP : [ff fe fd 12 01 b1 00 00 23 a0 22 38 22 ce 23 32 00 00 00 00 00 00 d4 ff ]
02-19 17:46:00.778 D/TunerPresenter(15794): handleTunerRawData: b1 0 0 23 a0 22 38 22 ce 23 32 0 0 0 0 0 0 
02-19 17:46:00.781 D/TunerManagerForExt(15794): FMRadio main (TunerManagerForExt.java:147) onTunerPresetListChanged:  - mBand: 0 - mPresetIndex: 0 - mFrequency: 9120 - index: 0 - preset: 8760 - index: 1 - preset: 8910 - index: 2 - preset: 9010 - index: 3 - preset: 0 - index: 4 - preset: 0 - index: 5 - preset: 0
02-19 17:46:00.823 E/mcu_services( 5512): MCU2APP : [ff fe fd 12 01 b1 00 00 23 a5 22 38 22 ce 23 32 00 00 00 00 00 00 d1 ff ]
02-19 17:46:00.828 D/TunerPresenter(15794): handleTunerRawData: b1 0 0 23 a5 22 38 22 ce 23 32 0 0 0 0 0 0 
02-19 17:46:00.831 D/TunerManagerForExt(15794): FMRadio main (TunerManagerForExt.java:147) onTunerPresetListChanged:  - mBand: 0 - mPresetIndex: 0 - mFrequency: 9125 - index: 0 - preset: 8760 - index: 1 - preset: 8910 - index: 2 - preset: 9010 - index: 3 - preset: 0 - index: 4 - preset: 0 - index: 5 - preset: 0
02-19 17:46:00.873 E/mcu_services( 5512): MCU2APP : [ff fe fd 12 01 b1 00 00 23 aa 22 38 22 ce 23 32 00 00 00 00 00 00 de ff ]
02-19 17:46:00.878 D/TunerPresenter(15794): handleTunerRawData: b1 0 0 23 aa 22 38 22 ce 23 32 0 0 0 0 0 0 
02-19 17:46:00.880 D/TunerManagerForExt(15794): FMRadio main (TunerManagerForExt.java:147) onTunerPresetListChanged:  - mBand: 0 - mPresetIndex: 0 - mFrequency: 9130 - index: 0 - preset: 8760 - index: 1 - preset: 8910 - index: 2 - preset: 9010 - index: 3 - preset: 0 - index: 4 - preset: 0 - index: 5 - preset: 0
02-19 17:46:00.923 E/mcu_services( 5512): MCU2APP : [ff fe fd 12 01 b1 00 00 23 af 22 38 22 ce 23 32 23 aa 00 00 00 00 52 ff ]
02-19 17:46:00.927 D/TunerPresenter(15794): handleTunerRawData: b1 0 0 23 af 22 38 22 ce 23 32 23 aa 0 0 0 0 
02-19 17:46:00.930 D/TunerManagerForExt(15794): FMRadio main (TunerManagerForExt.java:147) onTunerPresetListChanged:  - mBand: 0 - mPresetIndex: 0 - mFrequency: 9135 - index: 0 - preset: 8760 - index: 1 - preset: 8910 - index: 2 - preset: 9010 - index: 3 - preset: 9130 - index: 4 - preset: 0 - index: 5 - preset: 0
02-19 17:46:00.972 E/mcu_services( 5512): MCU2APP : [ff fe fd 12 01 b1 00 00 23 b4 22 38 22 ce 23 32 23 aa 00 00 00 00 49 ff ]
02-19 17:46:00.976 D/TunerPresenter(15794): handleTunerRawData: b1 0 0 23 b4 22 38 22 ce 23 32 23 aa 0 0 0 0 
02-19 17:46:00.979 D/TunerManagerForExt(15794): FMRadio main (TunerManagerForExt.java:147) onTunerPresetListChanged:  - mBand: 0 - mPresetIndex: 0 - mFrequency: 9140 - index: 0 - preset: 8760 - index: 1 - preset: 8910 - index: 2 - preset: 9010 - index: 3 - preset: 9130 - index: 4 - preset: 0 - index: 5 - preset: 0
02-19 17:46:01.022 E/mcu_services( 5512): MCU2APP : [ff fe fd 12 01 b1 00 00 23 b9 22 38 22 ce 23 32 23 aa 00 00 00 00 44 ff ]
02-19 17:46:01.024 D/TunerPresenter(15794): handleTunerRawData: b1 0 0 23 b9 22 38 22 ce 23 32 23 aa 0 0 0 0 
02-19 17:46:01.026 D/TunerManagerForExt(15794): FMRadio main (TunerManagerForExt.java:147) onTunerPresetListChanged:  - mBand: 0 - mPresetIndex: 0 - mFrequency: 9145 - index: 0 - preset: 8760 - index: 1 - preset: 8910 - index: 2 - preset: 9010 - index: 3 - preset: 9130 - index: 4 - preset: 0 - index: 5 - preset: 0
02-19 17:46:01.072 E/mcu_services( 5512): MCU2APP : [ff fe fd 12 01 b1 00 00 23 be 22 38 22 ce 23 32 23 aa 00 00 00 00 43 ff ]
02-19 17:46:01.075 D/TunerPresenter(15794): handleTunerRawData: b1 0 0 23 be 22 38 22 ce 23 32 23 aa 0 0 0 0 
02-19 17:46:01.078 D/TunerManagerForExt(15794): FMRadio main (TunerManagerForExt.java:147) onTunerPresetListChanged:  - mBand: 0 - mPresetIndex: 0 - mFrequency: 9150 - index: 0 - preset: 8760 - index: 1 - preset: 8910 - index: 2 - preset: 9010 - index: 3 - preset: 9130 - index: 4 - preset: 0 - index: 5 - preset: 0
02-19 17:46:01.122 E/mcu_services( 5512): MCU2APP : [ff fe fd 12 01 b1 00 00 23 c3 22 38 22 ce 23 32 23 aa 00 00 00 00 3e ff ]
02-19 17:46:01.126 D/TunerPresenter(15794): handleTunerRawData: b1 0 0 23 c3 22 38 22 ce 23 32 23 aa 0 0 0 0 
02-19 17:46:01.129 D/TunerManagerForExt(15794): FMRadio main (TunerManagerForExt.java:147) onTunerPresetListChanged:  - mBand: 0 - mPresetIndex: 0 - mFrequency: 9155 - index: 0 - preset: 8760 - index: 1 - preset: 8910 - index: 2 - preset: 9010 - index: 3 - preset: 9130 - index: 4 - preset: 0 - index: 5 - preset: 0
02-19 17:46:01.171 E/mcu_services( 5512): MCU2APP : [ff fe fd 12 01 b1 00 00 23 c8 22 38 22 ce 23 32 23 aa 00 00 00 00 35 ff ]
02-19 17:46:01.176 D/TunerPresenter(15794): handleTunerRawData: b1 0 0 23 c8 22 38 22 ce 23 32 23 aa 0 0 0 0 
02-19 17:46:01.179 D/TunerManagerForExt(15794): FMRadio main (TunerManagerForExt.java:147) onTunerPresetListChanged:  - mBand: 0 - mPresetIndex: 0 - mFrequency: 9160 - index: 0 - preset: 8760 - index: 1 - preset: 8910 - index: 2 - preset: 9010 - index: 3 - preset: 9130 - index: 4 - preset: 0 - index: 5 - preset: 0
02-19 17:46:01.221 E/mcu_services( 5512): MCU2APP : [ff fe fd 12 01 b1 00 00 23 cd 22 38 22 ce 23 32 23 aa 00 00 00 00 30 ff ]
02-19 17:46:01.226 D/TunerPresenter(15794): handleTunerRawData: b1 0 0 23 cd 22 38 22 ce 23 32 23 aa 0 0 0 0 
02-19 17:46:01.229 D/TunerManagerForExt(15794): FMRadio main (TunerManagerForExt.java:147) onTunerPresetListChanged:  - mBand: 0 - mPresetIndex: 0 - mFrequency: 9165 - index: 0 - preset: 8760 - index: 1 - preset: 8910 - index: 2 - preset: 9010 - index: 3 - preset: 9130 - index: 4 - preset: 0 - index: 5 - preset: 0
02-19 17:46:01.271 E/mcu_services( 5512): MCU2APP : [ff fe fd 12 01 b1 00 00 23 d2 22 38 22 ce 23 32 23 aa 00 00 00 00 2f ff ]
02-19 17:46:01.275 D/TunerPresenter(15794): handleTunerRawData: b1 0 0 23 d2 22 38 22 ce 23 32 23 aa 0 0 0 0 
02-19 17:46:01.278 D/TunerManagerForExt(15794): FMRadio main (TunerManagerForExt.java:147) onTunerPresetListChanged:  - mBand: 0 - mPresetIndex: 0 - mFrequency: 9170 - index: 0 - preset: 8760 - index: 1 - preset: 8910 - index: 2 - preset: 9010 - index: 3 - preset: 9130 - index: 4 - preset: 0 - index: 5 - preset: 0
02-19 17:46:01.320 E/mcu_services( 5512): MCU2APP : [ff fe fd 12 01 b1 00 00 23 d7 22 38 22 ce 23 32 23 aa 00 00 00 00 2a ff ]
02-19 17:46:01.325 D/TunerPresenter(15794): handleTunerRawData: b1 0 0 23 d7 22 38 22 ce 23 32 23 aa 0 0 0 0 
02-19 17:46:01.328 D/TunerManagerForExt(15794): FMRadio main (TunerManagerForExt.java:147) onTunerPresetListChanged:  - mBand: 0 - mPresetIndex: 0 - mFrequency: 9175 - index: 0 - preset: 8760 - index: 1 - preset: 8910 - index: 2 - preset: 9010 - index: 3 - preset: 9130 - index: 4 - preset: 0 - index: 5 - preset: 0
02-19 17:46:01.370 E/mcu_services( 5512): MCU2APP : [ff fe fd 12 01 b1 00 00 23 dc 22 38 22 ce 23 32 23 aa 00 00 00 00 21 ff ]
02-19 17:46:01.375 D/TunerPresenter(15794): handleTunerRawData: b1 0 0 23 dc 22 38 22 ce 23 32 23 aa 0 0 0 0 
02-19 17:46:01.378 D/TunerManagerForExt(15794): FMRadio main (TunerManagerForExt.java:147) onTunerPresetListChanged:  - mBand: 0 - mPresetIndex: 0 - mFrequency: 9180 - index: 0 - preset: 8760 - index: 1 - preset: 8910 - index: 2 - preset: 9010 - index: 3 - preset: 9130 - index: 4 - preset: 0 - index: 5 - preset: 0
02-19 17:46:01.420 E/mcu_services( 5512): MCU2APP : [ff fe fd 12 01 b1 00 00 23 e1 22 38 22 ce 23 32 23 aa 00 00 00 00 1c ff ]
02-19 17:46:01.424 D/TunerPresenter(15794): handleTunerRawData: b1 0 0 23 e1 22 38 22 ce 23 32 23 aa 0 0 0 0 
02-19 17:46:01.428 D/TunerManagerForExt(15794): FMRadio main (TunerManagerForExt.java:147) onTunerPresetListChanged:  - mBand: 0 - mPresetIndex: 0 - mFrequency: 9185 - index: 0 - preset: 8760 - index: 1 - preset: 8910 - index: 2 - preset: 9010 - index: 3 - preset: 9130 - index: 4 - preset: 0 - index: 5 - preset: 0
02-19 17:46:01.470 E/mcu_services( 5512): MCU2APP : [ff fe fd 12 01 b1 00 00 23 e6 22 38 22 ce 23 32 23 aa 00 00 00 00 1b ff ]
02-19 17:46:01.474 D/TunerPresenter(15794): handleTunerRawData: b1 0 0 23 e6 22 38 22 ce 23 32 23 aa 0 0 0 0 
02-19 17:46:01.477 D/TunerManagerForExt(15794): FMRadio main (TunerManagerForExt.java:147) onTunerPresetListChanged:  - mBand: 0 - mPresetIndex: 0 - mFrequency: 9190 - index: 0 - preset: 8760 - index: 1 - preset: 8910 - index: 2 - preset: 9010 - index: 3 - preset: 9130 - index: 4 - preset: 0 - index: 5 - preset: 0
02-19 17:46:01.520 E/mcu_services( 5512): MCU2APP : [ff fe fd 12 01 b1 00 00 23 eb 22 38 22 ce 23 32 23 aa 00 00 00 00 16 ff ]
02-19 17:46:01.524 D/TunerPresenter(15794): handleTunerRawData: b1 0 0 23 eb 22 38 22 ce 23 32 23 aa 0 0 0 0 
02-19 17:46:01.527 D/TunerManagerForExt(15794): FMRadio main (TunerManagerForExt.java:147) onTunerPresetListChanged:  - mBand: 0 - mPresetIndex: 0 - mFrequency: 9195 - index: 0 - preset: 8760 - index: 1 - preset: 8910 - index: 2 - preset: 9010 - index: 3 - preset: 9130 - index: 4 - preset: 0 - index: 5 - preset: 0
02-19 17:46:01.569 E/mcu_services( 5512): MCU2APP : [ff fe fd 12 01 b1 00 00 23 f0 22 38 22 ce 23 32 23 aa 00 00 00 00 0d ff ]
02-19 17:46:01.574 D/TunerPresenter(15794): handleTunerRawData: b1 0 0 23 f0 22 38 22 ce 23 32 23 aa 0 0 0 0 
02-19 17:46:01.577 D/TunerManagerForExt(15794): FMRadio main (TunerManagerForExt.java:147) onTunerPresetListChanged:  - mBand: 0 - mPresetIndex: 0 - mFrequency: 9200 - index: 0 - preset: 8760 - index: 1 - preset: 8910 - index: 2 - preset: 9010 - index: 3 - preset: 9130 - index: 4 - preset: 0 - index: 5 - preset: 0
02-19 17:46:01.619 E/mcu_services( 5512): MCU2APP : [ff fe fd 12 01 b1 00 00 23 f5 22 38 22 ce 23 32 23 aa 00 00 00 00 08 ff ]
02-19 17:46:01.622 D/TunerPresenter(15794): handleTunerRawData: b1 0 0 23 f5 22 38 22 ce 23 32 23 aa 0 0 0 0 
02-19 17:46:01.626 D/TunerManagerForExt(15794): FMRadio main (TunerManagerForExt.java:147) onTunerPresetListChanged:  - mBand: 0 - mPresetIndex: 0 - mFrequency: 9205 - index: 0 - preset: 8760 - index: 1 - preset: 8910 - index: 2 - preset: 9010 - index: 3 - preset: 9130 - index: 4 - preset: 0 - index: 5 - preset: 0
02-19 17:46:01.668 E/mcu_services( 5512): MCU2APP : [ff fe fd 12 01 b1 00 00 23 fa 22 38 22 ce 23 32 23 aa 00 00 00 00 07 ff ]
02-19 17:46:01.673 D/TunerPresenter(15794): handleTunerRawData: b1 0 0 23 fa 22 38 22 ce 23 32 23 aa 0 0 0 0 
02-19 17:46:01.675 D/TunerManagerForExt(15794): FMRadio main (TunerManagerForExt.java:147) onTunerPresetListChanged:  - mBand: 0 - mPresetIndex: 0 - mFrequency: 9210 - index: 0 - preset: 8760 - index: 1 - preset: 8910 - index: 2 - preset: 9010 - index: 3 - preset: 9130 - index: 4 - preset: 0 - index: 5 - preset: 0
02-19 17:46:01.718 E/mcu_services( 5512): MCU2APP : [ff fe fd 12 01 b1 00 00 23 ff 22 38 22 ce 23 32 23 aa 00 00 00 00 02 ff ]
02-19 17:46:01.723 D/TunerPresenter(15794): handleTunerRawData: b1 0 0 23 ff 22 38 22 ce 23 32 23 aa 0 0 0 0 
02-19 17:46:01.727 D/TunerManagerForExt(15794): FMRadio main (TunerManagerForExt.java:147) onTunerPresetListChanged:  - mBand: 0 - mPresetIndex: 0 - mFrequency: 9215 - index: 0 - preset: 8760 - index: 1 - preset: 8910 - index: 2 - preset: 9010 - index: 3 - preset: 9130 - index: 4 - preset: 0 - index: 5 - preset: 0
02-19 17:46:01.768 E/mcu_services( 5512): MCU2APP : [ff fe fd 12 01 b1 00 00 24 04 22 38 22 ce 23 32 23 aa 00 00 00 00 fe ff ]
02-19 17:46:01.772 D/TunerPresenter(15794): handleTunerRawData: b1 0 0 24 4 22 38 22 ce 23 32 23 aa 0 0 0 0 
02-19 17:46:01.776 D/TunerManagerForExt(15794): FMRadio main (TunerManagerForExt.java:147) onTunerPresetListChanged:  - mBand: 0 - mPresetIndex: 0 - mFrequency: 9220 - index: 0 - preset: 8760 - index: 1 - preset: 8910 - index: 2 - preset: 9010 - index: 3 - preset: 9130 - index: 4 - preset: 0 - index: 5 - preset: 0
02-19 17:46:01.818 E/mcu_services( 5512): MCU2APP : [ff fe fd 12 01 b1 00 00 24 09 22 38 22 ce 23 32 23 aa 24 04 00 00 d3 ff ]
02-19 17:46:01.822 D/TunerPresenter(15794): handleTunerRawData: b1 0 0 24 9 22 38 22 ce 23 32 23 aa 24 4 0 0 
02-19 17:46:01.825 D/TunerManagerForExt(15794): FMRadio main (TunerManagerForExt.java:147) onTunerPresetListChanged:  - mBand: 0 - mPresetIndex: 0 - mFrequency: 9225 - index: 0 - preset: 8760 - index: 1 - preset: 8910 - index: 2 - preset: 9010 - index: 3 - preset: 9130 - index: 4 - preset: 9220 - index: 5 - preset: 0
02-19 17:46:01.867 E/mcu_services( 5512): MCU2APP : [ff fe fd 12 01 b1 00 00 24 0e 22 38 22 ce 23 32 23 aa 24 04 00 00 d4 ff ]
02-19 17:46:01.869 D/TunerPresenter(15794): handleTunerRawData: b1 0 0 24 e 22 38 22 ce 23 32 23 aa 24 4 0 0 
02-19 17:46:01.872 D/TunerManagerForExt(15794): FMRadio main (TunerManagerForExt.java:147) onTunerPresetListChanged:  - mBand: 0 - mPresetIndex: 0 - mFrequency: 9230 - index: 0 - preset: 8760 - index: 1 - preset: 8910 - index: 2 - preset: 9010 - index: 3 - preset: 9130 - index: 4 - preset: 9220 - index: 5 - preset: 0
02-19 17:46:01.917 E/mcu_services( 5512): MCU2APP : [ff fe fd 12 01 b1 00 00 24 13 22 38 22 ce 23 32 23 aa 24 04 00 00 c9 ff ]
02-19 17:46:01.921 D/TunerPresenter(15794): handleTunerRawData: b1 0 0 24 13 22 38 22 ce 23 32 23 aa 24 4 0 0 
02-19 17:46:01.925 D/TunerManagerForExt(15794): FMRadio main (TunerManagerForExt.java:147) onTunerPresetListChanged:  - mBand: 0 - mPresetIndex: 0 - mFrequency: 9235 - index: 0 - preset: 8760 - index: 1 - preset: 8910 - index: 2 - preset: 9010 - index: 3 - preset: 9130 - index: 4 - preset: 9220 - index: 5 - preset: 0
02-19 17:46:01.967 E/mcu_services( 5512): MCU2APP : [ff fe fd 12 01 b1 00 00 24 18 22 38 22 ce 23 32 23 aa 24 04 00 00 c2 ff ]
02-19 17:46:01.972 D/TunerPresenter(15794): handleTunerRawData: b1 0 0 24 18 22 38 22 ce 23 32 23 aa 24 4 0 0 
02-19 17:46:01.975 D/TunerManagerForExt(15794): FMRadio main (TunerManagerForExt.java:147) onTunerPresetListChanged:  - mBand: 0 - mPresetIndex: 0 - mFrequency: 9240 - index: 0 - preset: 8760 - index: 1 - preset: 8910 - index: 2 - preset: 9010 - index: 3 - preset: 9130 - index: 4 - preset: 9220 - index: 5 - preset: 0
02-19 17:46:02.016 E/mcu_services( 5512): MCU2APP : [ff fe fd 12 01 b1 00 00 24 1d 22 38 22 ce 23 32 23 aa 24 04 00 00 c7 ff ]
02-19 17:46:02.021 D/TunerPresenter(15794): handleTunerRawData: b1 0 0 24 1d 22 38 22 ce 23 32 23 aa 24 4 0 0 
02-19 17:46:02.024 D/TunerManagerForExt(15794): FMRadio main (TunerManagerForExt.java:147) onTunerPresetListChanged:  - mBand: 0 - mPresetIndex: 0 - mFrequency: 9245 - index: 0 - preset: 8760 - index: 1 - preset: 8910 - index: 2 - preset: 9010 - index: 3 - preset: 9130 - index: 4 - preset: 9220 - index: 5 - preset: 0
02-19 17:46:02.066 E/mcu_services( 5512): MCU2APP : [ff fe fd 12 01 b1 00 00 24 22 22 38 22 ce 23 32 23 aa 24 04 00 00 f8 ff ]
02-19 17:46:02.070 D/TunerPresenter(15794): handleTunerRawData: b1 0 0 24 22 22 38 22 ce 23 32 23 aa 24 4 0 0 
02-19 17:46:02.073 D/TunerManagerForExt(15794): FMRadio main (TunerManagerForExt.java:147) onTunerPresetListChanged:  - mBand: 0 - mPresetIndex: 0 - mFrequency: 9250 - index: 0 - preset: 8760 - index: 1 - preset: 8910 - index: 2 - preset: 9010 - index: 3 - preset: 9130 - index: 4 - preset: 9220 - index: 5 - preset: 0
02-19 17:46:02.094 E/mcu_services( 5512): MCU2APP : [ff fe fd 03 01 29 6d 45 ff ]
02-19 17:46:02.116 E/mcu_services( 5512): MCU2APP : [ff fe fd 12 01 b1 00 00 24 27 22 38 22 ce 23 32 23 aa 24 04 00 00 fd ff ]
02-19 17:46:02.119 D/TunerPresenter(15794): handleTunerRawData: b1 0 0 24 27 22 38 22 ce 23 32 23 aa 24 4 0 0 
02-19 17:46:02.122 D/TunerManagerForExt(15794): FMRadio main (TunerManagerForExt.java:147) onTunerPresetListChanged:  - mBand: 0 - mPresetIndex: 0 - mFrequency: 9255 - index: 0 - preset: 8760 - index: 1 - preset: 8910 - index: 2 - preset: 9010 - index: 3 - preset: 9130 - index: 4 - preset: 9220 - index: 5 - preset: 0
02-19 17:46:02.165 E/mcu_services( 5512): MCU2APP : [ff fe fd 12 01 b1 00 00 24 2c 22 38 22 ce 23 32 23 aa 24 04 00 00 f6 ff ]
02-19 17:46:02.168 D/TunerPresenter(15794): handleTunerRawData: b1 0 0 24 2c 22 38 22 ce 23 32 23 aa 24 4 0 0 
02-19 17:46:02.170 D/TunerManagerForExt(15794): FMRadio main (TunerManagerForExt.java:147) onTunerPresetListChanged:  - mBand: 0 - mPresetIndex: 0 - mFrequency: 9260 - index: 0 - preset: 8760 - index: 1 - preset: 8910 - index: 2 - preset: 9010 - index: 3 - preset: 9130 - index: 4 - preset: 9220 - index: 5 - preset: 0
02-19 17:46:02.216 E/mcu_services( 5512): MCU2APP : [ff fe fd 12 01 b1 00 00 24 31 22 38 22 ce 23 32 23 aa 24 04 00 00 eb ff ]
02-19 17:46:02.220 D/TunerPresenter(15794): handleTunerRawData: b1 0 0 24 31 22 38 22 ce 23 32 23 aa 24 4 0 0 
02-19 17:46:02.222 D/TunerManagerForExt(15794): FMRadio main (TunerManagerForExt.java:147) onTunerPresetListChanged:  - mBand: 0 - mPresetIndex: 0 - mFrequency: 9265 - index: 0 - preset: 8760 - index: 1 - preset: 8910 - index: 2 - preset: 9010 - index: 3 - preset: 9130 - index: 4 - preset: 9220 - index: 5 - preset: 0
02-19 17:46:02.265 E/mcu_services( 5512): MCU2APP : [ff fe fd 12 01 b1 00 00 24 36 22 38 22 ce 23 32 23 aa 24 04 00 00 ec ff ]
02-19 17:46:02.269 D/TunerPresenter(15794): handleTunerRawData: b1 0 0 24 36 22 38 22 ce 23 32 23 aa 24 4 0 0 
02-19 17:46:02.272 D/TunerManagerForExt(15794): FMRadio main (TunerManagerForExt.java:147) onTunerPresetListChanged:  - mBand: 0 - mPresetIndex: 0 - mFrequency: 9270 - index: 0 - preset: 8760 - index: 1 - preset: 8910 - index: 2 - preset: 9010 - index: 3 - preset: 9130 - index: 4 - preset: 9220 - index: 5 - preset: 0
02-19 17:46:02.315 E/mcu_services( 5512): MCU2APP : [ff fe fd 12 01 b1 00 00 24 3b 22 38 22 ce 23 32 23 aa 24 04 24 36 f3 ff ]
02-19 17:46:02.319 D/TunerPresenter(15794): handleTunerRawData: b1 0 0 24 3b 22 38 22 ce 23 32 23 aa 24 4 24 36 
02-19 17:46:02.322 D/TunerManagerForExt(15794): FMRadio main (TunerManagerForExt.java:147) onTunerPresetListChanged:  - mBand: 0 - mPresetIndex: 0 - mFrequency: 9275 - index: 0 - preset: 8760 - index: 1 - preset: 8910 - index: 2 - preset: 9010 - index: 3 - preset: 9130 - index: 4 - preset: 9220 - index: 5 - preset: 9270
02-19 17:46:02.365 E/mcu_services( 5512): MCU2APP : [ff fe fd 12 01 b1 00 00 24 40 22 38 22 ce 23 32 23 aa 24 04 24 36 88 ff ]
02-19 17:46:02.368 D/TunerPresenter(15794): handleTunerRawData: b1 0 0 24 40 22 38 22 ce 23 32 23 aa 24 4 24 36 
02-19 17:46:02.371 D/TunerManagerForExt(15794): FMRadio main (TunerManagerForExt.java:147) onTunerPresetListChanged:  - mBand: 0 - mPresetIndex: 0 - mFrequency: 9280 - index: 0 - preset: 8760 - index: 1 - preset: 8910 - index: 2 - preset: 9010 - index: 3 - preset: 9130 - index: 4 - preset: 9220 - index: 5 - preset: 9270
02-19 17:46:02.414 E/mcu_services( 5512): MCU2APP : [ff fe fd 12 01 b1 00 00 24 45 22 38 22 ce 23 32 23 aa 24 04 24 36 8d ff ]
02-19 17:46:02.419 D/TunerPresenter(15794): handleTunerRawData: b1 0 0 24 45 22 38 22 ce 23 32 23 aa 24 4 24 36 
02-19 17:46:02.422 D/TunerManagerForExt(15794): FMRadio main (TunerManagerForExt.java:147) onTunerPresetListChanged:  - mBand: 0 - mPresetIndex: 0 - mFrequency: 9285 - index: 0 - preset: 8760 - index: 1 - preset: 8910 - index: 2 - preset: 9010 - index: 3 - preset: 9130 - index: 4 - preset: 9220 - index: 5 - preset: 9270
02-19 17:46:02.464 E/mcu_services( 5512): MCU2APP : [ff fe fd 12 01 b1 00 00 24 4a 22 38 22 ce 23 32 23 aa 24 04 24 36 82 ff ]
02-19 17:46:02.469 D/TunerPresenter(15794): handleTunerRawData: b1 0 0 24 4a 22 38 22 ce 23 32 23 aa 24 4 24 36 
02-19 17:46:02.473 D/TunerManagerForExt(15794): FMRadio main (TunerManagerForExt.java:147) onTunerPresetListChanged:  - mBand: 0 - mPresetIndex: 0 - mFrequency: 9290 - index: 0 - preset: 8760 - index: 1 - preset: 8910 - index: 2 - preset: 9010 - index: 3 - preset: 9130 - index: 4 - preset: 9220 - index: 5 - preset: 9270
02-19 17:46:02.514 E/mcu_services( 5512): MCU2APP : [ff fe fd 12 01 b1 00 00 24 4f 22 38 22 ce 23 32 23 aa 24 04 24 36 87 ff ]
02-19 17:46:02.518 D/TunerPresenter(15794): handleTunerRawData: b1 0 0 24 4f 22 38 22 ce 23 32 23 aa 24 4 24 36 
02-19 17:46:02.521 D/TunerManagerForExt(15794): FMRadio main (TunerManagerForExt.java:147) onTunerPresetListChanged:  - mBand: 0 - mPresetIndex: 0 - mFrequency: 9295 - index: 0 - preset: 8760 - index: 1 - preset: 8910 - index: 2 - preset: 9010 - index: 3 - preset: 9130 - index: 4 - preset: 9220 - index: 5 - preset: 9270
02-19 17:46:02.563 E/mcu_services( 5512): MCU2APP : [ff fe fd 12 01 b1 00 00 24 54 22 38 22 ce 23 32 23 aa 24 04 24 36 9c ff ]
02-19 17:46:02.567 D/TunerPresenter(15794): handleTunerRawData: b1 0 0 24 54 22 38 22 ce 23 32 23 aa 24 4 24 36 
02-19 17:46:02.570 D/TunerManagerForExt(15794): FMRadio main (TunerManagerForExt.java:147) onTunerPresetListChanged:  - mBand: 0 - mPresetIndex: 0 - mFrequency: 9300 - index: 0 - preset: 8760 - index: 1 - preset: 8910 - index: 2 - preset: 9010 - index: 3 - preset: 9130 - index: 4 - preset: 9220 - index: 5 - preset: 9270
02-19 17:46:02.613 E/mcu_services( 5512): MCU2APP : [ff fe fd 12 01 b1 00 00 24 59 22 38 22 ce 23 32 23 aa 24 04 24 36 91 ff ]
02-19 17:46:02.618 D/TunerPresenter(15794): handleTunerRawData: b1 0 0 24 59 22 38 22 ce 23 32 23 aa 24 4 24 36 
02-19 17:46:02.621 D/TunerManagerForExt(15794): FMRadio main (TunerManagerForExt.java:147) onTunerPresetListChanged:  - mBand: 0 - mPresetIndex: 0 - mFrequency: 9305 - index: 0 - preset: 8760 - index: 1 - preset: 8910 - index: 2 - preset: 9010 - index: 3 - preset: 9130 - index: 4 - preset: 9220 - index: 5 - preset: 9270
02-19 17:46:02.663 E/mcu_services( 5512): MCU2APP : [ff fe fd 12 01 b1 00 00 24 5e 22 38 22 ce 23 32 23 aa 24 04 24 36 96 ff ]
02-19 17:46:02.667 D/TunerPresenter(15794): handleTunerRawData: b1 0 0 24 5e 22 38 22 ce 23 32 23 aa 24 4 24 36 
02-19 17:46:02.670 D/TunerManagerForExt(15794): FMRadio main (TunerManagerForExt.java:147) onTunerPresetListChanged:  - mBand: 0 - mPresetIndex: 0 - mFrequency: 9310 - index: 0 - preset: 8760 - index: 1 - preset: 8910 - index: 2 - preset: 9010 - index: 3 - preset: 9130 - index: 4 - preset: 9220 - index: 5 - preset: 9270
02-19 17:46:02.713 E/mcu_services( 5512): MCU2APP : [ff fe fd 12 01 b1 00 00 24 63 22 38 22 ce 23 32 23 aa 24 04 24 36 ab ff ]
02-19 17:46:02.717 D/TunerPresenter(15794): handleTunerRawData: b1 0 0 24 63 22 38 22 ce 23 32 23 aa 24 4 24 36 
02-19 17:46:02.720 D/TunerManagerForExt(15794): FMRadio main (TunerManagerForExt.java:147) onTunerPresetListChanged:  - mBand: 0 - mPresetIndex: 0 - mFrequency: 9315 - index: 0 - preset: 8760 - index: 1 - preset: 8910 - index: 2 - preset: 9010 - index: 3 - preset: 9130 - index: 4 - preset: 9220 - index: 5 - preset: 9270
02-19 17:46:02.762 E/mcu_services( 5512): MCU2APP : [ff fe fd 12 01 b1 00 00 24 68 22 38 22 ce 23 32 23 aa 24 04 24 36 a0 ff ]
02-19 17:46:02.766 D/TunerPresenter(15794): handleTunerRawData: b1 0 0 24 68 22 38 22 ce 23 32 23 aa 24 4 24 36 
02-19 17:46:02.769 D/TunerManagerForExt(15794): FMRadio main (TunerManagerForExt.java:147) onTunerPresetListChanged:  - mBand: 0 - mPresetIndex: 0 - mFrequency: 9320 - index: 0 - preset: 8760 - index: 1 - preset: 8910 - index: 2 - preset: 9010 - index: 3 - preset: 9130 - index: 4 - preset: 9220 - index: 5 - preset: 9270
02-19 17:46:02.812 E/mcu_services( 5512): MCU2APP : [ff fe fd 12 01 b1 01 00 24 6d 24 68 00 00 00 00 00 00 00 00 00 00 b4 ff ]
02-19 17:46:02.816 D/TunerPresenter(15794): handleTunerRawData: b1 1 0 24 6d 24 68 0 0 0 0 0 0 0 0 0 0 
02-19 17:46:02.819 D/TunerManagerForExt(15794): FMRadio main (TunerManagerForExt.java:147) onTunerPresetListChanged:  - mBand: 1 - mPresetIndex: 0 - mFrequency: 9325 - index: 0 - preset: 9320 - index: 1 - preset: 0 - index: 2 - preset: 0 - index: 3 - preset: 0 - index: 4 - preset: 0 - index: 5 - preset: 0
02-19 17:46:02.862 E/mcu_services( 5512): MCU2APP : [ff fe fd 12 01 b1 01 00 24 72 24 68 00 00 00 00 00 00 00 00 00 00 ab ff ]
02-19 17:46:02.866 D/TunerPresenter(15794): handleTunerRawData: b1 1 0 24 72 24 68 0 0 0 0 0 0 0 0 0 0 
02-19 17:46:02.868 D/TunerManagerForExt(15794): FMRadio main (TunerManagerForExt.java:147) onTunerPresetListChanged:  - mBand: 1 - mPresetIndex: 0 - mFrequency: 9330 - index: 0 - preset: 9320 - index: 1 - preset: 0 - index: 2 - preset: 0 - index: 3 - preset: 0 - index: 4 - preset: 0 - index: 5 - preset: 0
02-19 17:46:02.912 E/mcu_services( 5512): MCU2APP : [ff fe fd 12 01 b1 01 00 24 77 24 68 00 00 00 00 00 00 00 00 00 00 ae ff ]
02-19 17:46:02.916 D/TunerPresenter(15794): handleTunerRawData: b1 1 0 24 77 24 68 0 0 0 0 0 0 0 0 0 0 
02-19 17:46:02.919 D/TunerManagerForExt(15794): FMRadio main (TunerManagerForExt.java:147) onTunerPresetListChanged:  - mBand: 1 - mPresetIndex: 0 - mFrequency: 9335 - index: 0 - preset: 9320 - index: 1 - preset: 0 - index: 2 - preset: 0 - index: 3 - preset: 0 - index: 4 - preset: 0 - index: 5 - preset: 0
02-19 17:46:02.962 E/mcu_services( 5512): MCU2APP : [ff fe fd 12 01 b1 01 00 24 7c 24 68 00 00 00 00 00 00 00 00 00 00 a5 ff ]
02-19 17:46:02.966 D/TunerPresenter(15794): handleTunerRawData: b1 1 0 24 7c 24 68 0 0 0 0 0 0 0 0 0 0 
02-19 17:46:02.969 D/TunerManagerForExt(15794): FMRadio main (TunerManagerForExt.java:147) onTunerPresetListChanged:  - mBand: 1 - mPresetIndex: 0 - mFrequency: 9340 - index: 0 - preset: 9320 - index: 1 - preset: 0 - index: 2 - preset: 0 - index: 3 - preset: 0 - index: 4 - preset: 0 - index: 5 - preset: 0
02-19 17:46:03.011 E/mcu_services( 5512): MCU2APP : [ff fe fd 12 01 b1 01 00 24 81 24 68 00 00 00 00 00 00 00 00 00 00 58 ff ]
02-19 17:46:03.015 D/TunerPresenter(15794): handleTunerRawData: b1 1 0 24 81 24 68 0 0 0 0 0 0 0 0 0 0 
02-19 17:46:03.018 D/TunerManagerForExt(15794): FMRadio main (TunerManagerForExt.java:147) onTunerPresetListChanged:  - mBand: 1 - mPresetIndex: 0 - mFrequency: 9345 - index: 0 - preset: 9320 - index: 1 - preset: 0 - index: 2 - preset: 0 - index: 3 - preset: 0 - index: 4 - preset: 0 - index: 5 - preset: 0
02-19 17:46:03.061 E/mcu_services( 5512): MCU2APP : [ff fe fd 12 01 b1 01 00 24 86 24 68 00 00 00 00 00 00 00 00 00 00 5f ff ]
02-19 17:46:03.064 D/TunerPresenter(15794): handleTunerRawData: b1 1 0 24 86 24 68 0 0 0 0 0 0 0 0 0 0 
02-19 17:46:03.067 D/TunerManagerForExt(15794): FMRadio main (TunerManagerForExt.java:147) onTunerPresetListChanged:  - mBand: 1 - mPresetIndex: 0 - mFrequency: 9350 - index: 0 - preset: 9320 - index: 1 - preset: 0 - index: 2 - preset: 0 - index: 3 - preset: 0 - index: 4 - preset: 0 - index: 5 - preset: 0
02-19 17:46:03.111 E/mcu_services( 5512): MCU2APP : [ff fe fd 12 01 b1 01 00 24 8b 24 68 24 86 00 00 00 00 00 00 00 00 f0 ff ]
02-19 17:46:03.115 D/TunerPresenter(15794): handleTunerRawData: b1 1 0 24 8b 24 68 24 86 0 0 0 0 0 0 0 0 
02-19 17:46:03.117 D/TunerManagerForExt(15794): FMRadio main (TunerManagerForExt.java:147) onTunerPresetListChanged:  - mBand: 1 - mPresetIndex: 0 - mFrequency: 9355 - index: 0 - preset: 9320 - index: 1 - preset: 9350 - index: 2 - preset: 0 - index: 3 - preset: 0 - index: 4 - preset: 0 - index: 5 - preset: 0
02-19 17:46:03.160 E/mcu_services( 5512): MCU2APP : [ff fe fd 12 01 b1 01 00 24 90 24 68 24 86 00 00 00 00 00 00 00 00 eb ff ]
02-19 17:46:03.164 D/TunerPresenter(15794): handleTunerRawData: b1 1 0 24 90 24 68 24 86 0 0 0 0 0 0 0 0 
02-19 17:46:03.168 D/TunerManagerForExt(15794): FMRadio main (TunerManagerForExt.java:147) onTunerPresetListChanged:  - mBand: 1 - mPresetIndex: 0 - mFrequency: 9360 - index: 0 - preset: 9320 - index: 1 - preset: 9350 - index: 2 - preset: 0 - index: 3 - preset: 0 - index: 4 - preset: 0 - index: 5 - preset: 0
02-19 17:46:03.210 E/mcu_services( 5512): MCU2APP : [ff fe fd 12 01 b1 01 00 24 95 24 68 24 86 00 00 00 00 00 00 00 00 ee ff ]
02-19 17:46:03.213 D/TunerPresenter(15794): handleTunerRawData: b1 1 0 24 95 24 68 24 86 0 0 0 0 0 0 0 0 
02-19 17:46:03.216 D/TunerManagerForExt(15794): FMRadio main (TunerManagerForExt.java:147) onTunerPresetListChanged:  - mBand: 1 - mPresetIndex: 0 - mFrequency: 9365 - index: 0 - preset: 9320 - index: 1 - preset: 9350 - index: 2 - preset: 0 - index: 3 - preset: 0 - index: 4 - preset: 0 - index: 5 - preset: 0
02-19 17:46:03.260 E/mcu_services( 5512): MCU2APP : [ff fe fd 12 01 b1 01 00 24 9a 24 68 24 86 00 00 00 00 00 00 00 00 e1 ff ]
02-19 17:46:03.264 D/TunerPresenter(15794): handleTunerRawData: b1 1 0 24 9a 24 68 24 86 0 0 0 0 0 0 0 0 
02-19 17:46:03.267 D/TunerManagerForExt(15794): FMRadio main (TunerManagerForExt.java:147) onTunerPresetListChanged:  - mBand: 1 - mPresetIndex: 0 - mFrequency: 9370 - index: 0 - preset: 9320 - index: 1 - preset: 9350 - index: 2 - preset: 0 - index: 3 - preset: 0 - index: 4 - preset: 0 - index: 5 - preset: 0
02-19 17:46:03.309 E/mcu_services( 5512): MCU2APP : [ff fe fd 12 01 b1 01 00 24 9f 24 68 24 86 00 00 00 00 00 00 00 00 e4 ff ]
02-19 17:46:03.314 D/TunerPresenter(15794): handleTunerRawData: b1 1 0 24 9f 24 68 24 86 0 0 0 0 0 0 0 0 
02-19 17:46:03.316 D/TunerManagerForExt(15794): FMRadio main (TunerManagerForExt.java:147) onTunerPresetListChanged:  - mBand: 1 - mPresetIndex: 0 - mFrequency: 9375 - index: 0 - preset: 9320 - index: 1 - preset: 9350 - index: 2 - preset: 0 - index: 3 - preset: 0 - index: 4 - preset: 0 - index: 5 - preset: 0
02-19 17:46:03.359 E/mcu_services( 5512): MCU2APP : [ff fe fd 12 01 b1 01 00 24 a4 24 68 24 86 00 00 00 00 00 00 00 00 df ff ]
02-19 17:46:03.363 D/TunerPresenter(15794): handleTunerRawData: b1 1 0 24 a4 24 68 24 86 0 0 0 0 0 0 0 0 
02-19 17:46:03.366 D/TunerManagerForExt(15794): FMRadio main (TunerManagerForExt.java:147) onTunerPresetListChanged:  - mBand: 1 - mPresetIndex: 0 - mFrequency: 9380 - index: 0 - preset: 9320 - index: 1 - preset: 9350 - index: 2 - preset: 0 - index: 3 - preset: 0 - index: 4 - preset: 0 - index: 5 - preset: 0
02-19 17:46:03.409 E/mcu_services( 5512): MCU2APP : [ff fe fd 12 01 b1 01 00 24 a9 24 68 24 86 00 00 00 00 00 00 00 00 d2 ff ]
02-19 17:46:03.412 D/TunerPresenter(15794): handleTunerRawData: b1 1 0 24 a9 24 68 24 86 0 0 0 0 0 0 0 0 
02-19 17:46:03.416 D/TunerManagerForExt(15794): FMRadio main (TunerManagerForExt.java:147) onTunerPresetListChanged:  - mBand: 1 - mPresetIndex: 0 - mFrequency: 9385 - index: 0 - preset: 9320 - index: 1 - preset: 9350 - index: 2 - preset: 0 - index: 3 - preset: 0 - index: 4 - preset: 0 - index: 5 - preset: 0
02-19 17:46:03.459 E/mcu_services( 5512): MCU2APP : [ff fe fd 12 01 b1 01 00 24 ae 24 68 24 86 00 00 00 00 00 00 00 00 d5 ff ]
02-19 17:46:03.463 D/TunerPresenter(15794): handleTunerRawData: b1 1 0 24 ae 24 68 24 86 0 0 0 0 0 0 0 0 
02-19 17:46:03.467 D/TunerManagerForExt(15794): FMRadio main (TunerManagerForExt.java:147) onTunerPresetListChanged:  - mBand: 1 - mPresetIndex: 0 - mFrequency: 9390 - index: 0 - preset: 9320 - index: 1 - preset: 9350 - index: 2 - preset: 0 - index: 3 - preset: 0 - index: 4 - preset: 0 - index: 5 - preset: 0
02-19 17:46:03.508 E/mcu_services( 5512): MCU2APP : [ff fe fd 12 01 b1 01 00 24 b3 24 68 24 86 00 00 00 00 00 00 00 00 c8 ff ]
02-19 17:46:03.512 D/TunerPresenter(15794): handleTunerRawData: b1 1 0 24 b3 24 68 24 86 0 0 0 0 0 0 0 0 
02-19 17:46:03.515 D/TunerManagerForExt(15794): FMRadio main (TunerManagerForExt.java:147) onTunerPresetListChanged:  - mBand: 1 - mPresetIndex: 0 - mFrequency: 9395 - index: 0 - preset: 9320 - index: 1 - preset: 9350 - index: 2 - preset: 0 - index: 3 - preset: 0 - index: 4 - preset: 0 - index: 5 - preset: 0
02-19 17:46:03.558 E/mcu_services( 5512): MCU2APP : [ff fe fd 12 01 b1 01 00 24 b8 24 68 24 86 00 00 00 00 00 00 00 00 c3 ff ]
02-19 17:46:03.562 D/TunerPresenter(15794): handleTunerRawData: b1 1 0 24 b8 24 68 24 86 0 0 0 0 0 0 0 0 
02-19 17:46:03.567 D/TunerManagerForExt(15794): FMRadio main (TunerManagerForExt.java:147) onTunerPresetListChanged:  - mBand: 1 - mPresetIndex: 0 - mFrequency: 9400 - index: 0 - preset: 9320 - index: 1 - preset: 9350 - index: 2 - preset: 0 - index: 3 - preset: 0 - index: 4 - preset: 0 - index: 5 - preset: 0
02-19 17:46:03.608 E/mcu_services( 5512): MCU2APP : [ff fe fd 12 01 b1 01 00 24 bd 24 68 24 86 00 00 00 00 00 00 00 00 c6 ff ]
02-19 17:46:03.612 D/TunerPresenter(15794): handleTunerRawData: b1 1 0 24 bd 24 68 24 86 0 0 0 0 0 0 0 0 
02-19 17:46:03.615 D/TunerManagerForExt(15794): FMRadio main (TunerManagerForExt.java:147) onTunerPresetListChanged:  - mBand: 1 - mPresetIndex: 0 - mFrequency: 9405 - index: 0 - preset: 9320 - index: 1 - preset: 9350 - index: 2 - preset: 0 - index: 3 - preset: 0 - index: 4 - preset: 0 - index: 5 - preset: 0
02-19 17:46:03.658 E/mcu_services( 5512): MCU2APP : [ff fe fd 12 01 b1 01 00 24 c2 24 68 24 86 00 00 00 00 00 00 00 00 b9 ff ]
02-19 17:46:03.662 D/TunerPresenter(15794): handleTunerRawData: b1 1 0 24 c2 24 68 24 86 0 0 0 0 0 0 0 0 
02-19 17:46:03.665 D/TunerManagerForExt(15794): FMRadio main (TunerManagerForExt.java:147) onTunerPresetListChanged:  - mBand: 1 - mPresetIndex: 0 - mFrequency: 9410 - index: 0 - preset: 9320 - index: 1 - preset: 9350 - index: 2 - preset: 0 - index: 3 - preset: 0 - index: 4 - preset: 0 - index: 5 - preset: 0
02-19 17:46:03.707 E/mcu_services( 5512): MCU2APP : [ff fe fd 12 01 b1 01 00 24 c7 24 68 24 86 00 00 00 00 00 00 00 00 bc ff ]
02-19 17:46:03.711 D/TunerPresenter(15794): handleTunerRawData: b1 1 0 24 c7 24 68 24 86 0 0 0 0 0 0 0 0 
02-19 17:46:03.715 D/TunerManagerForExt(15794): FMRadio main (TunerManagerForExt.java:147) onTunerPresetListChanged:  - mBand: 1 - mPresetIndex: 0 - mFrequency: 9415 - index: 0 - preset: 9320 - index: 1 - preset: 9350 - index: 2 - preset: 0 - index: 3 - preset: 0 - index: 4 - preset: 0 - index: 5 - preset: 0
02-19 17:46:03.757 E/mcu_services( 5512): MCU2APP : [ff fe fd 12 01 b1 01 00 24 cc 24 68 24 86 00 00 00 00 00 00 00 00 b7 ff ]
02-19 17:46:03.762 D/TunerPresenter(15794): handleTunerRawData: b1 1 0 24 cc 24 68 24 86 0 0 0 0 0 0 0 0 
02-19 17:46:03.764 D/TunerManagerForExt(15794): FMRadio main (TunerManagerForExt.java:147) onTunerPresetListChanged:  - mBand: 1 - mPresetIndex: 0 - mFrequency: 9420 - index: 0 - preset: 9320 - index: 1 - preset: 9350 - index: 2 - preset: 0 - index: 3 - preset: 0 - index: 4 - preset: 0 - index: 5 - preset: 0
02-19 17:46:03.806 E/mcu_services( 5512): MCU2APP : [ff fe fd 12 01 b1 01 00 24 d1 24 68 24 86 24 cc 00 00 00 00 00 00 42 ff ]
02-19 17:46:03.811 D/TunerPresenter(15794): handleTunerRawData: b1 1 0 24 d1 24 68 24 86 24 cc 0 0 0 0 0 0 
02-19 17:46:03.814 D/TunerManagerForExt(15794): FMRadio main (TunerManagerForExt.java:147) onTunerPresetListChanged:  - mBand: 1 - mPresetIndex: 0 - mFrequency: 9425 - index: 0 - preset: 9320 - index: 1 - preset: 9350 - index: 2 - preset: 9420 - index: 3 - preset: 0 - index: 4 - preset: 0 - index: 5 - preset: 0
02-19 17:46:03.856 E/mcu_services( 5512): MCU2APP : [ff fe fd 12 01 b1 01 00 24 d6 24 68 24 86 24 cc 00 00 00 00 00 00 45 ff ]
02-19 17:46:03.861 D/TunerPresenter(15794): handleTunerRawData: b1 1 0 24 d6 24 68 24 86 24 cc 0 0 0 0 0 0 
02-19 17:46:03.863 D/TunerManagerForExt(15794): FMRadio main (TunerManagerForExt.java:147) onTunerPresetListChanged:  - mBand: 1 - mPresetIndex: 0 - mFrequency: 9430 - index: 0 - preset: 9320 - index: 1 - preset: 9350 - index: 2 - preset: 9420 - index: 3 - preset: 0 - index: 4 - preset: 0 - index: 5 - preset: 0
02-19 17:46:03.906 E/mcu_services( 5512): MCU2APP : [ff fe fd 12 01 b1 01 00 24 db 24 68 24 86 24 cc 00 00 00 00 00 00 48 ff ]
02-19 17:46:03.910 D/TunerPresenter(15794): handleTunerRawData: b1 1 0 24 db 24 68 24 86 24 cc 0 0 0 0 0 0 
02-19 17:46:03.912 D/TunerManagerForExt(15794): FMRadio main (TunerManagerForExt.java:147) onTunerPresetListChanged:  - mBand: 1 - mPresetIndex: 0 - mFrequency: 9435 - index: 0 - preset: 9320 - index: 1 - preset: 9350 - index: 2 - preset: 9420 - index: 3 - preset: 0 - index: 4 - preset: 0 - index: 5 - preset: 0
02-19 17:46:03.956 E/mcu_services( 5512): MCU2APP : [ff fe fd 12 01 b1 01 00 24 e0 24 68 24 86 24 cc 00 00 00 00 00 00 73 ff ]
02-19 17:46:03.960 D/TunerPresenter(15794): handleTunerRawData: b1 1 0 24 e0 24 68 24 86 24 cc 0 0 0 0 0 0 
02-19 17:46:03.963 D/TunerManagerForExt(15794): FMRadio main (TunerManagerForExt.java:147) onTunerPresetListChanged:  - mBand: 1 - mPresetIndex: 0 - mFrequency: 9440 - index: 0 - preset: 9320 - index: 1 - preset: 9350 - index: 2 - preset: 9420 - index: 3 - preset: 0 - index: 4 - preset: 0 - index: 5 - preset: 0
02-19 17:46:04.005 E/mcu_services( 5512): MCU2APP : [ff fe fd 12 01 b1 01 00 24 e5 24 68 24 86 24 cc 00 00 00 00 00 00 76 ff ]
02-19 17:46:04.009 D/TunerPresenter(15794): handleTunerRawData: b1 1 0 24 e5 24 68 24 86 24 cc 0 0 0 0 0 0 
02-19 17:46:04.012 D/TunerManagerForExt(15794): FMRadio main (TunerManagerForExt.java:147) onTunerPresetListChanged:  - mBand: 1 - mPresetIndex: 0 - mFrequency: 9445 - index: 0 - preset: 9320 - index: 1 - preset: 9350 - index: 2 - preset: 9420 - index: 3 - preset: 0 - index: 4 - preset: 0 - index: 5 - preset: 0
02-19 17:46:04.055 E/mcu_services( 5512): MCU2APP : [ff fe fd 12 01 b1 01 00 24 ea 24 68 24 86 24 cc 00 00 00 00 00 00 79 ff ]
02-19 17:46:04.059 D/TunerPresenter(15794): handleTunerRawData: b1 1 0 24 ea 24 68 24 86 24 cc 0 0 0 0 0 0 
02-19 17:46:04.062 D/TunerManagerForExt(15794): FMRadio main (TunerManagerForExt.java:147) onTunerPresetListChanged:  - mBand: 1 - mPresetIndex: 0 - mFrequency: 9450 - index: 0 - preset: 9320 - index: 1 - preset: 9350 - index: 2 - preset: 9420 - index: 3 - preset: 0 - index: 4 - preset: 0 - index: 5 - preset: 0
02-19 17:46:04.083 E/mcu_services( 5512): MCU2APP : [ff fe fd 03 01 29 6d 45 ff ]
02-19 17:46:04.105 E/mcu_services( 5512): MCU2APP : [ff fe fd 12 01 b1 01 00 24 ef 24 68 24 86 24 cc 00 00 00 00 00 00 7c ff ]
02-19 17:46:04.108 D/TunerPresenter(15794): handleTunerRawData: b1 1 0 24 ef 24 68 24 86 24 cc 0 0 0 0 0 0 
02-19 17:46:04.111 D/TunerManagerForExt(15794): FMRadio main (TunerManagerForExt.java:147) onTunerPresetListChanged:  - mBand: 1 - mPresetIndex: 0 - mFrequency: 9455 - index: 0 - preset: 9320 - index: 1 - preset: 9350 - index: 2 - preset: 9420 - index: 3 - preset: 0 - index: 4 - preset: 0 - index: 5 - preset: 0
02-19 17:46:04.154 E/mcu_services( 5512): MCU2APP : [ff fe fd 12 01 b1 01 00 24 f4 24 68 24 86 24 cc 00 00 00 00 00 00 67 ff ]
02-19 17:46:04.157 D/TunerPresenter(15794): handleTunerRawData: b1 1 0 24 f4 24 68 24 86 24 cc 0 0 0 0 0 0 
02-19 17:46:04.160 D/TunerManagerForExt(15794): FMRadio main (TunerManagerForExt.java:147) onTunerPresetListChanged:  - mBand: 1 - mPresetIndex: 0 - mFrequency: 9460 - index: 0 - preset: 9320 - index: 1 - preset: 9350 - index: 2 - preset: 9420 - index: 3 - preset: 0 - index: 4 - preset: 0 - index: 5 - preset: 0
02-19 17:46:04.204 E/mcu_services( 5512): MCU2APP : [ff fe fd 12 01 b1 01 00 24 f9 24 68 24 86 24 cc 00 00 00 00 00 00 6a ff ]
02-19 17:46:04.206 D/TunerPresenter(15794): handleTunerRawData: b1 1 0 24 f9 24 68 24 86 24 cc 0 0 0 0 0 0 
02-19 17:46:04.210 D/TunerManagerForExt(15794): FMRadio main (TunerManagerForExt.java:147) onTunerPresetListChanged:  - mBand: 1 - mPresetIndex: 0 - mFrequency: 9465 - index: 0 - preset: 9320 - index: 1 - preset: 9350 - index: 2 - preset: 9420 - index: 3 - preset: 0 - index: 4 - preset: 0 - index: 5 - preset: 0
02-19 17:46:04.254 E/mcu_services( 5512): MCU2APP : [ff fe fd 12 01 b1 01 00 24 fe 24 68 24 86 24 cc 00 00 00 00 00 00 6d ff ]
02-19 17:46:04.259 D/TunerPresenter(15794): handleTunerRawData: b1 1 0 24 fe 24 68 24 86 24 cc 0 0 0 0 0 0 
02-19 17:46:04.262 D/TunerManagerForExt(15794): FMRadio main (TunerManagerForExt.java:147) onTunerPresetListChanged:  - mBand: 1 - mPresetIndex: 0 - mFrequency: 9470 - index: 0 - preset: 9320 - index: 1 - preset: 9350 - index: 2 - preset: 9420 - index: 3 - preset: 0 - index: 4 - preset: 0 - index: 5 - preset: 0
02-19 17:46:04.303 E/mcu_services( 5512): MCU2APP : [ff fe fd 12 01 b1 01 00 25 03 24 68 24 86 24 cc 00 00 00 00 00 00 91 ff ]
02-19 17:46:04.307 D/TunerPresenter(15794): handleTunerRawData: b1 1 0 25 3 24 68 24 86 24 cc 0 0 0 0 0 0 
02-19 17:46:04.310 D/TunerManagerForExt(15794): FMRadio main (TunerManagerForExt.java:147) onTunerPresetListChanged:  - mBand: 1 - mPresetIndex: 0 - mFrequency: 9475 - index: 0 - preset: 9320 - index: 1 - preset: 9350 - index: 2 - preset: 9420 - index: 3 - preset: 0 - index: 4 - preset: 0 - index: 5 - preset: 0
02-19 17:46:04.354 E/mcu_services( 5512): MCU2APP : [ff fe fd 12 01 b1 01 00 25 08 24 68 24 86 24 cc 00 00 00 00 00 00 9a ff ]
02-19 17:46:04.358 D/TunerPresenter(15794): handleTunerRawData: b1 1 0 25 8 24 68 24 86 24 cc 0 0 0 0 0 0 
02-19 17:46:04.361 D/TunerManagerForExt(15794): FMRadio main (TunerManagerForExt.java:147) onTunerPresetListChanged:  - mBand: 1 - mPresetIndex: 0 - mFrequency: 9480 - index: 0 - preset: 9320 - index: 1 - preset: 9350 - index: 2 - preset: 9420 - index: 3 - preset: 0 - index: 4 - preset: 0 - index: 5 - preset: 0
02-19 17:46:04.403 E/mcu_services( 5512): MCU2APP : [ff fe fd 12 01 b1 01 00 25 0d 24 68 24 86 24 cc 00 00 00 00 00 00 9f ff ]
02-19 17:46:04.407 D/TunerPresenter(15794): handleTunerRawData: b1 1 0 25 d 24 68 24 86 24 cc 0 0 0 0 0 0 
02-19 17:46:04.410 D/TunerManagerForExt(15794): FMRadio main (TunerManagerForExt.java:147) onTunerPresetListChanged:  - mBand: 1 - mPresetIndex: 0 - mFrequency: 9485 - index: 0 - preset: 9320 - index: 1 - preset: 9350 - index: 2 - preset: 9420 - index: 3 - preset: 0 - index: 4 - preset: 0 - index: 5 - preset: 0
02-19 17:46:04.453 E/mcu_services( 5512): MCU2APP : [ff fe fd 12 01 b1 01 00 25 12 24 68 24 86 24 cc 00 00 00 00 00 00 80 ff ]
02-19 17:46:04.457 D/TunerPresenter(15794): handleTunerRawData: b1 1 0 25 12 24 68 24 86 24 cc 0 0 0 0 0 0 
02-19 17:46:04.461 D/TunerManagerForExt(15794): FMRadio main (TunerManagerForExt.java:147) onTunerPresetListChanged:  - mBand: 1 - mPresetIndex: 0 - mFrequency: 9490 - index: 0 - preset: 9320 - index: 1 - preset: 9350 - index: 2 - preset: 9420 - index: 3 - preset: 0 - index: 4 - preset: 0 - index: 5 - preset: 0
02-19 17:46:04.503 E/mcu_services( 5512): MCU2APP : [ff fe fd 12 01 b1 01 00 25 17 24 68 24 86 24 cc 25 12 00 00 00 00 b2 ff ]
02-19 17:46:04.507 D/TunerPresenter(15794): handleTunerRawData: b1 1 0 25 17 24 68 24 86 24 cc 25 12 0 0 0 0 
02-19 17:46:04.510 D/TunerManagerForExt(15794): FMRadio main (TunerManagerForExt.java:147) onTunerPresetListChanged:  - mBand: 1 - mPresetIndex: 0 - mFrequency: 9495 - index: 0 - preset: 9320 - index: 1 - preset: 9350 - index: 2 - preset: 9420 - index: 3 - preset: 9490 - index: 4 - preset: 0 - index: 5 - preset: 0
02-19 17:46:04.552 E/mcu_services( 5512): MCU2APP : [ff fe fd 12 01 b1 01 00 25 1c 24 68 24 86 24 cc 25 12 00 00 00 00 b9 ff ]
02-19 17:46:04.555 D/TunerPresenter(15794): handleTunerRawData: b1 1 0 25 1c 24 68 24 86 24 cc 25 12 0 0 0 0 
02-19 17:46:04.558 D/TunerManagerForExt(15794): FMRadio main (TunerManagerForExt.java:147) onTunerPresetListChanged:  - mBand: 1 - mPresetIndex: 0 - mFrequency: 9500 - index: 0 - preset: 9320 - index: 1 - preset: 9350 - index: 2 - preset: 9420 - index: 3 - preset: 9490 - index: 4 - preset: 0 - index: 5 - preset: 0
02-19 17:46:04.602 E/mcu_services( 5512): MCU2APP : [ff fe fd 12 01 b1 01 00 25 21 24 68 24 86 24 cc 25 12 00 00 00 00 84 ff ]
02-19 17:46:04.606 D/TunerPresenter(15794): handleTunerRawData: b1 1 0 25 21 24 68 24 86 24 cc 25 12 0 0 0 0 
02-19 17:46:04.608 D/TunerManagerForExt(15794): FMRadio main (TunerManagerForExt.java:147) onTunerPresetListChanged:  - mBand: 1 - mPresetIndex: 0 - mFrequency: 9505 - index: 0 - preset: 9320 - index: 1 - preset: 9350 - index: 2 - preset: 9420 - index: 3 - preset: 9490 - index: 4 - preset: 0 - index: 5 - preset: 0
02-19 17:46:04.652 E/mcu_services( 5512): MCU2APP : [ff fe fd 12 01 b1 01 00 25 26 24 68 24 86 24 cc 25 12 00 00 00 00 83 ff ]
02-19 17:46:04.656 D/TunerPresenter(15794): handleTunerRawData: b1 1 0 25 26 24 68 24 86 24 cc 25 12 0 0 0 0 
02-19 17:46:04.659 D/TunerManagerForExt(15794): FMRadio main (TunerManagerForExt.java:147) onTunerPresetListChanged:  - mBand: 1 - mPresetIndex: 0 - mFrequency: 9510 - index: 0 - preset: 9320 - index: 1 - preset: 9350 - index: 2 - preset: 9420 - index: 3 - preset: 9490 - index: 4 - preset: 0 - index: 5 - preset: 0
02-19 17:46:04.701 E/mcu_services( 5512): MCU2APP : [ff fe fd 12 01 b1 01 00 25 2b 24 68 24 86 24 cc 25 12 00 00 00 00 8e ff ]
02-19 17:46:04.705 D/TunerPresenter(15794): handleTunerRawData: b1 1 0 25 2b 24 68 24 86 24 cc 25 12 0 0 0 0 
02-19 17:46:04.709 D/TunerManagerForExt(15794): FMRadio main (TunerManagerForExt.java:147) onTunerPresetListChanged:  - mBand: 1 - mPresetIndex: 0 - mFrequency: 9515 - index: 0 - preset: 9320 - index: 1 - preset: 9350 - index: 2 - preset: 9420 - index: 3 - preset: 9490 - index: 4 - preset: 0 - index: 5 - preset: 0
02-19 17:46:04.751 E/mcu_services( 5512): MCU2APP : [ff fe fd 12 01 b1 01 00 25 30 24 68 24 86 24 cc 25 12 00 00 00 00 95 ff ]
02-19 17:46:04.755 D/TunerPresenter(15794): handleTunerRawData: b1 1 0 25 30 24 68 24 86 24 cc 25 12 0 0 0 0 
02-19 17:46:04.758 D/TunerManagerForExt(15794): FMRadio main (TunerManagerForExt.java:147) onTunerPresetListChanged:  - mBand: 1 - mPresetIndex: 0 - mFrequency: 9520 - index: 0 - preset: 9320 - index: 1 - preset: 9350 - index: 2 - preset: 9420 - index: 3 - preset: 9490 - index: 4 - preset: 0 - index: 5 - preset: 0
02-19 17:46:04.801 E/mcu_services( 5512): MCU2APP : [ff fe fd 12 01 b1 01 00 25 35 24 68 24 86 24 cc 25 12 00 00 00 00 90 ff ]
02-19 17:46:04.805 D/TunerPresenter(15794): handleTunerRawData: b1 1 0 25 35 24 68 24 86 24 cc 25 12 0 0 0 0 
02-19 17:46:04.808 D/TunerManagerForExt(15794): FMRadio main (TunerManagerForExt.java:147) onTunerPresetListChanged:  - mBand: 1 - mPresetIndex: 0 - mFrequency: 9525 - index: 0 - preset: 9320 - index: 1 - preset: 9350 - index: 2 - preset: 9420 - index: 3 - preset: 9490 - index: 4 - preset: 0 - index: 5 - preset: 0
02-19 17:46:04.851 E/mcu_services( 5512): MCU2APP : [ff fe fd 12 01 b1 01 00 25 3a 24 68 24 86 24 cc 25 12 00 00 00 00 9f ff ]
02-19 17:46:04.855 D/TunerPresenter(15794): handleTunerRawData: b1 1 0 25 3a 24 68 24 86 24 cc 25 12 0 0 0 0 
02-19 17:46:04.857 D/TunerManagerForExt(15794): FMRadio main (TunerManagerForExt.java:147) onTunerPresetListChanged:  - mBand: 1 - mPresetIndex: 0 - mFrequency: 9530 - index: 0 - preset: 9320 - index: 1 - preset: 9350 - index: 2 - preset: 9420 - index: 3 - preset: 9490 - index: 4 - preset: 0 - index: 5 - preset: 0
02-19 17:46:04.900 E/mcu_services( 5512): MCU2APP : [ff fe fd 12 01 b1 01 00 25 3f 24 68 24 86 24 cc 25 12 00 00 00 00 9a ff ]
02-19 17:46:04.903 D/TunerPresenter(15794): handleTunerRawData: b1 1 0 25 3f 24 68 24 86 24 cc 25 12 0 0 0 0 
02-19 17:46:04.906 D/TunerManagerForExt(15794): FMRadio main (TunerManagerForExt.java:147) onTunerPresetListChanged:  - mBand: 1 - mPresetIndex: 0 - mFrequency: 9535 - index: 0 - preset: 9320 - index: 1 - preset: 9350 - index: 2 - preset: 9420 - index: 3 - preset: 9490 - index: 4 - preset: 0 - index: 5 - preset: 0
02-19 17:46:04.950 E/mcu_services( 5512): MCU2APP : [ff fe fd 12 01 b1 01 00 25 44 24 68 24 86 24 cc 25 12 00 00 00 00 e1 ff ]
02-19 17:46:04.954 D/TunerPresenter(15794): handleTunerRawData: b1 1 0 25 44 24 68 24 86 24 cc 25 12 0 0 0 0 
02-19 17:46:04.957 D/TunerManagerForExt(15794): FMRadio main (TunerManagerForExt.java:147) onTunerPresetListChanged:  - mBand: 1 - mPresetIndex: 0 - mFrequency: 9540 - index: 0 - preset: 9320 - index: 1 - preset: 9350 - index: 2 - preset: 9420 - index: 3 - preset: 9490 - index: 4 - preset: 0 - index: 5 - preset: 0
02-19 17:46:05.000 E/mcu_services( 5512): MCU2APP : [ff fe fd 12 01 b1 01 00 25 49 24 68 24 86 24 cc 25 12 00 00 00 00 ec ff ]
02-19 17:46:05.004 D/TunerPresenter(15794): handleTunerRawData: b1 1 0 25 49 24 68 24 86 24 cc 25 12 0 0 0 0 
02-19 17:46:05.007 D/TunerManagerForExt(15794): FMRadio main (TunerManagerForExt.java:147) onTunerPresetListChanged:  - mBand: 1 - mPresetIndex: 0 - mFrequency: 9545 - index: 0 - preset: 9320 - index: 1 - preset: 9350 - index: 2 - preset: 9420 - index: 3 - preset: 9490 - index: 4 - preset: 0 - index: 5 - preset: 0
02-19 17:46:05.049 E/mcu_services( 5512): MCU2APP : [ff fe fd 12 01 b1 01 00 25 4e 24 68 24 86 24 cc 25 12 00 00 00 00 eb ff ]
02-19 17:46:05.052 D/TunerPresenter(15794): handleTunerRawData: b1 1 0 25 4e 24 68 24 86 24 cc 25 12 0 0 0 0 
02-19 17:46:05.055 D/TunerManagerForExt(15794): FMRadio main (TunerManagerForExt.java:147) onTunerPresetListChanged:  - mBand: 1 - mPresetIndex: 0 - mFrequency: 9550 - index: 0 - preset: 9320 - index: 1 - preset: 9350 - index: 2 - preset: 9420 - index: 3 - preset: 9490 - index: 4 - preset: 0 - index: 5 - preset: 0
02-19 17:46:05.099 E/mcu_services( 5512): MCU2APP : [ff fe fd 12 01 b1 01 00 25 53 24 68 24 86 24 cc 25 12 00 00 00 00 f6 ff ]
02-19 17:46:05.103 D/TunerPresenter(15794): handleTunerRawData: b1 1 0 25 53 24 68 24 86 24 cc 25 12 0 0 0 0 
02-19 17:46:05.105 D/TunerManagerForExt(15794): FMRadio main (TunerManagerForExt.java:147) onTunerPresetListChanged:  - mBand: 1 - mPresetIndex: 0 - mFrequency: 9555 - index: 0 - preset: 9320 - index: 1 - preset: 9350 - index: 2 - preset: 9420 - index: 3 - preset: 9490 - index: 4 - preset: 0 - index: 5 - preset: 0
02-19 17:46:05.149 E/mcu_services( 5512): MCU2APP : [ff fe fd 12 01 b1 01 00 25 58 24 68 24 86 24 cc 25 12 00 00 00 00 fd ff ]
02-19 17:46:05.153 D/TunerPresenter(15794): handleTunerRawData: b1 1 0 25 58 24 68 24 86 24 cc 25 12 0 0 0 0 
02-19 17:46:05.156 D/TunerManagerForExt(15794): FMRadio main (TunerManagerForExt.java:147) onTunerPresetListChanged:  - mBand: 1 - mPresetIndex: 0 - mFrequency: 9560 - index: 0 - preset: 9320 - index: 1 - preset: 9350 - index: 2 - preset: 9420 - index: 3 - preset: 9490 - index: 4 - preset: 0 - index: 5 - preset: 0
02-19 17:46:05.199 E/mcu_services( 5512): MCU2APP : [ff fe fd 12 01 b1 01 00 25 5d 24 68 24 86 24 cc 25 12 00 00 00 00 f8 ff ]
02-19 17:46:05.203 D/TunerPresenter(15794): handleTunerRawData: b1 1 0 25 5d 24 68 24 86 24 cc 25 12 0 0 0 0 
02-19 17:46:05.206 D/TunerManagerForExt(15794): FMRadio main (TunerManagerForExt.java:147) onTunerPresetListChanged:  - mBand: 1 - mPresetIndex: 0 - mFrequency: 9565 - index: 0 - preset: 9320 - index: 1 - preset: 9350 - index: 2 - preset: 9420 - index: 3 - preset: 9490 - index: 4 - preset: 0 - index: 5 - preset: 0
02-19 17:46:05.248 E/mcu_services( 5512): MCU2APP : [ff fe fd 12 01 b1 01 00 25 62 24 68 24 86 24 cc 25 12 00 00 00 00 c7 ff ]
02-19 17:46:05.253 D/TunerPresenter(15794): handleTunerRawData: b1 1 0 25 62 24 68 24 86 24 cc 25 12 0 0 0 0 
02-19 17:46:05.256 D/TunerManagerForExt(15794): FMRadio main (TunerManagerForExt.java:147) onTunerPresetListChanged:  - mBand: 1 - mPresetIndex: 0 - mFrequency: 9570 - index: 0 - preset: 9320 - index: 1 - preset: 9350 - index: 2 - preset: 9420 - index: 3 - preset: 9490 - index: 4 - preset: 0 - index: 5 - preset: 0
02-19 17:46:05.298 E/mcu_services( 5512): MCU2APP : [ff fe fd 12 01 b1 01 00 25 67 24 68 24 86 24 cc 25 12 00 00 00 00 c2 ff ]
02-19 17:46:05.302 D/TunerPresenter(15794): handleTunerRawData: b1 1 0 25 67 24 68 24 86 24 cc 25 12 0 0 0 0 
02-19 17:46:05.305 D/TunerManagerForExt(15794): FMRadio main (TunerManagerForExt.java:147) onTunerPresetListChanged:  - mBand: 1 - mPresetIndex: 0 - mFrequency: 9575 - index: 0 - preset: 9320 - index: 1 - preset: 9350 - index: 2 - preset: 9420 - index: 3 - preset: 9490 - index: 4 - preset: 0 - index: 5 - preset: 0
02-19 17:46:05.347 E/mcu_services( 5512): MCU2APP : [ff fe fd 12 01 b1 01 00 25 6c 24 68 24 86 24 cc 25 12 00 00 00 00 c9 ff ]
02-19 17:46:05.350 D/TunerPresenter(15794): handleTunerRawData: b1 1 0 25 6c 24 68 24 86 24 cc 25 12 0 0 0 0 
02-19 17:46:05.352 D/TunerManagerForExt(15794): FMRadio main (TunerManagerForExt.java:147) onTunerPresetListChanged:  - mBand: 1 - mPresetIndex: 0 - mFrequency: 9580 - index: 0 - preset: 9320 - index: 1 - preset: 9350 - index: 2 - preset: 9420 - index: 3 - preset: 9490 - index: 4 - preset: 0 - index: 5 - preset: 0
02-19 17:46:05.397 E/mcu_services( 5512): MCU2APP : [ff fe fd 12 01 b1 01 00 25 71 24 68 24 86 24 cc 25 12 00 00 00 00 d4 ff ]
02-19 17:46:05.400 D/TunerPresenter(15794): handleTunerRawData: b1 1 0 25 71 24 68 24 86 24 cc 25 12 0 0 0 0 
02-19 17:46:05.403 D/TunerManagerForExt(15794): FMRadio main (TunerManagerForExt.java:147) onTunerPresetListChanged:  - mBand: 1 - mPresetIndex: 0 - mFrequency: 9585 - index: 0 - preset: 9320 - index: 1 - preset: 9350 - index: 2 - preset: 9420 - index: 3 - preset: 9490 - index: 4 - preset: 0 - index: 5 - preset: 0
02-19 17:46:05.447 E/mcu_services( 5512): MCU2APP : [ff fe fd 12 01 b1 01 00 25 76 24 68 24 86 24 cc 25 12 00 00 00 00 d3 ff ]
02-19 17:46:05.450 D/TunerPresenter(15794): handleTunerRawData: b1 1 0 25 76 24 68 24 86 24 cc 25 12 0 0 0 0 
02-19 17:46:05.453 D/TunerManagerForExt(15794): FMRadio main (TunerManagerForExt.java:147) onTunerPresetListChanged:  - mBand: 1 - mPresetIndex: 0 - mFrequency: 9590 - index: 0 - preset: 9320 - index: 1 - preset: 9350 - index: 2 - preset: 9420 - index: 3 - preset: 9490 - index: 4 - preset: 0 - index: 5 - preset: 0
02-19 17:46:05.497 E/mcu_services( 5512): MCU2APP : [ff fe fd 12 01 b1 01 00 25 7b 24 68 24 86 24 cc 25 12 00 00 00 00 de ff ]
02-19 17:46:05.500 D/TunerPresenter(15794): handleTunerRawData: b1 1 0 25 7b 24 68 24 86 24 cc 25 12 0 0 0 0 
02-19 17:46:05.504 D/TunerManagerForExt(15794): FMRadio main (TunerManagerForExt.java:147) onTunerPresetListChanged:  - mBand: 1 - mPresetIndex: 0 - mFrequency: 9595 - index: 0 - preset: 9320 - index: 1 - preset: 9350 - index: 2 - preset: 9420 - index: 3 - preset: 9490 - index: 4 - preset: 0 - index: 5 - preset: 0
02-19 17:46:05.547 E/mcu_services( 5512): MCU2APP : [ff fe fd 12 01 b1 01 00 25 80 24 68 24 86 24 cc 25 12 00 00 00 00 25 ff ]
02-19 17:46:05.550 D/TunerPresenter(15794): handleTunerRawData: b1 1 0 25 80 24 68 24 86 24 cc 25 12 0 0 0 0 
02-19 17:46:05.553 D/TunerManagerForExt(15794): FMRadio main (TunerManagerForExt.java:147) onTunerPresetListChanged:  - mBand: 1 - mPresetIndex: 0 - mFrequency: 9600 - index: 0 - preset: 9320 - index: 1 - preset: 9350 - index: 2 - preset: 9420 - index: 3 - preset: 9490 - index: 4 - preset: 0 - index: 5 - preset: 0
02-19 17:46:05.596 E/mcu_services( 5512): MCU2APP : [ff fe fd 12 01 b1 01 00 25 85 24 68 24 86 24 cc 25 12 00 00 00 00 20 ff ]
02-19 17:46:05.600 D/TunerPresenter(15794): handleTunerRawData: b1 1 0 25 85 24 68 24 86 24 cc 25 12 0 0 0 0 
02-19 17:46:05.603 D/TunerManagerForExt(15794): FMRadio main (TunerManagerForExt.java:147) onTunerPresetListChanged:  - mBand: 1 - mPresetIndex: 0 - mFrequency: 9605 - index: 0 - preset: 9320 - index: 1 - preset: 9350 - index: 2 - preset: 9420 - index: 3 - preset: 9490 - index: 4 - preset: 0 - index: 5 - preset: 0
02-19 17:46:05.646 E/mcu_services( 5512): MCU2APP : [ff fe fd 12 01 b1 01 00 25 8a 24 68 24 86 24 cc 25 12 00 00 00 00 2f ff ]
02-19 17:46:05.650 D/TunerPresenter(15794): handleTunerRawData: b1 1 0 25 8a 24 68 24 86 24 cc 25 12 0 0 0 0 
02-19 17:46:05.653 D/TunerManagerForExt(15794): FMRadio main (TunerManagerForExt.java:147) onTunerPresetListChanged:  - mBand: 1 - mPresetIndex: 0 - mFrequency: 9610 - index: 0 - preset: 9320 - index: 1 - preset: 9350 - index: 2 - preset: 9420 - index: 3 - preset: 9490 - index: 4 - preset: 0 - index: 5 - preset: 0
02-19 17:46:05.696 E/mcu_services( 5512): MCU2APP : [ff fe fd 12 01 b1 01 00 25 8f 24 68 24 86 24 cc 25 12 00 00 00 00 2a ff ]
02-19 17:46:05.700 D/TunerPresenter(15794): handleTunerRawData: b1 1 0 25 8f 24 68 24 86 24 cc 25 12 0 0 0 0 
02-19 17:46:05.703 D/TunerManagerForExt(15794): FMRadio main (TunerManagerForExt.java:147) onTunerPresetListChanged:  - mBand: 1 - mPresetIndex: 0 - mFrequency: 9615 - index: 0 - preset: 9320 - index: 1 - preset: 9350 - index: 2 - preset: 9420 - index: 3 - preset: 9490 - index: 4 - preset: 0 - index: 5 - preset: 0
02-19 17:46:05.746 E/mcu_services( 5512): MCU2APP : [ff fe fd 12 01 b1 01 00 25 94 24 68 24 86 24 cc 25 12 00 00 00 00 31 ff ]
02-19 17:46:05.750 D/TunerPresenter(15794): handleTunerRawData: b1 1 0 25 94 24 68 24 86 24 cc 25 12 0 0 0 0 
02-19 17:46:05.752 D/TunerManagerForExt(15794): FMRadio main (TunerManagerForExt.java:147) onTunerPresetListChanged:  - mBand: 1 - mPresetIndex: 0 - mFrequency: 9620 - index: 0 - preset: 9320 - index: 1 - preset: 9350 - index: 2 - preset: 9420 - index: 3 - preset: 9490 - index: 4 - preset: 0 - index: 5 - preset: 0
02-19 17:46:05.795 E/mcu_services( 5512): MCU2APP : [ff fe fd 12 01 b1 01 00 25 99 24 68 24 86 24 cc 25 12 00 00 00 00 3c ff ]
02-19 17:46:05.799 D/TunerPresenter(15794): handleTunerRawData: b1 1 0 25 99 24 68 24 86 24 cc 25 12 0 0 0 0 
02-19 17:46:05.803 D/TunerManagerForExt(15794): FMRadio main (TunerManagerForExt.java:147) onTunerPresetListChanged:  - mBand: 1 - mPresetIndex: 0 - mFrequency: 9625 - index: 0 - preset: 9320 - index: 1 - preset: 9350 - index: 2 - preset: 9420 - index: 3 - preset: 9490 - index: 4 - preset: 0 - index: 5 - preset: 0
02-19 17:46:05.845 E/mcu_services( 5512): MCU2APP : [ff fe fd 12 01 b1 01 00 25 9e 24 68 24 86 24 cc 25 12 00 00 00 00 3b ff ]
02-19 17:46:05.848 D/TunerPresenter(15794): handleTunerRawData: b1 1 0 25 9e 24 68 24 86 24 cc 25 12 0 0 0 0 
02-19 17:46:05.851 D/TunerManagerForExt(15794): FMRadio main (TunerManagerForExt.java:147) onTunerPresetListChanged:  - mBand: 1 - mPresetIndex: 0 - mFrequency: 9630 - index: 0 - preset: 9320 - index: 1 - preset: 9350 - index: 2 - preset: 9420 - index: 3 - preset: 9490 - index: 4 - preset: 0 - index: 5 - preset: 0
02-19 17:46:05.895 E/mcu_services( 5512): MCU2APP : [ff fe fd 12 01 b1 01 00 25 a3 24 68 24 86 24 cc 25 12 00 00 00 00 06 ff ]
02-19 17:46:05.899 D/TunerPresenter(15794): handleTunerRawData: b1 1 0 25 a3 24 68 24 86 24 cc 25 12 0 0 0 0 
02-19 17:46:05.903 D/TunerManagerForExt(15794): FMRadio main (TunerManagerForExt.java:147) onTunerPresetListChanged:  - mBand: 1 - mPresetIndex: 0 - mFrequency: 9635 - index: 0 - preset: 9320 - index: 1 - preset: 9350 - index: 2 - preset: 9420 - index: 3 - preset: 9490 - index: 4 - preset: 0 - index: 5 - preset: 0
02-19 17:46:05.944 E/mcu_services( 5512): MCU2APP : [ff fe fd 12 01 b1 01 00 25 a8 24 68 24 86 24 cc 25 12 00 00 00 00 0d ff ]
02-19 17:46:05.948 D/TunerPresenter(15794): handleTunerRawData: b1 1 0 25 a8 24 68 24 86 24 cc 25 12 0 0 0 0 
02-19 17:46:05.951 D/TunerManagerForExt(15794): FMRadio main (TunerManagerForExt.java:147) onTunerPresetListChanged:  - mBand: 1 - mPresetIndex: 0 - mFrequency: 9640 - index: 0 - preset: 9320 - index: 1 - preset: 9350 - index: 2 - preset: 9420 - index: 3 - preset: 9490 - index: 4 - preset: 0 - index: 5 - preset: 0
02-19 17:46:05.994 E/mcu_services( 5512): MCU2APP : [ff fe fd 12 01 b1 01 00 25 ad 24 68 24 86 24 cc 25 12 00 00 00 00 08 ff ]
02-19 17:46:05.999 D/TunerPresenter(15794): handleTunerRawData: b1 1 0 25 ad 24 68 24 86 24 cc 25 12 0 0 0 0 
02-19 17:46:06.002 D/TunerManagerForExt(15794): FMRadio main (TunerManagerForExt.java:147) onTunerPresetListChanged:  - mBand: 1 - mPresetIndex: 0 - mFrequency: 9645 - index: 0 - preset: 9320 - index: 1 - preset: 9350 - index: 2 - preset: 9420 - index: 3 - preset: 9490 - index: 4 - preset: 0 - index: 5 - preset: 0
02-19 17:46:06.044 E/mcu_services( 5512): MCU2APP : [ff fe fd 12 01 b1 01 00 25 b2 24 68 24 86 24 cc 25 12 00 00 00 00 17 ff ]
02-19 17:46:06.048 D/TunerPresenter(15794): handleTunerRawData: b1 1 0 25 b2 24 68 24 86 24 cc 25 12 0 0 0 0 
02-19 17:46:06.051 D/TunerManagerForExt(15794): FMRadio main (TunerManagerForExt.java:147) onTunerPresetListChanged:  - mBand: 1 - mPresetIndex: 0 - mFrequency: 9650 - index: 0 - preset: 9320 - index: 1 - preset: 9350 - index: 2 - preset: 9420 - index: 3 - preset: 9490 - index: 4 - preset: 0 - index: 5 - preset: 0
02-19 17:46:06.072 E/mcu_services( 5512): MCU2APP : [ff fe fd 03 01 29 6d 45 ff ]
02-19 17:46:06.093 E/mcu_services( 5512): MCU2APP : [ff fe fd 12 01 b1 01 00 25 b7 24 68 24 86 24 cc 25 12 00 00 00 00 12 ff ]
02-19 17:46:06.098 D/TunerPresenter(15794): handleTunerRawData: b1 1 0 25 b7 24 68 24 86 24 cc 25 12 0 0 0 0 
02-19 17:46:06.101 D/TunerManagerForExt(15794): FMRadio main (TunerManagerForExt.java:147) onTunerPresetListChanged:  - mBand: 1 - mPresetIndex: 0 - mFrequency: 9655 - index: 0 - preset: 9320 - index: 1 - preset: 9350 - index: 2 - preset: 9420 - index: 3 - preset: 9490 - index: 4 - preset: 0 - index: 5 - preset: 0
02-19 17:46:06.143 E/mcu_services( 5512): MCU2APP : [ff fe fd 12 01 b1 01 00 25 bc 24 68 24 86 24 cc 25 12 00 00 00 00 19 ff ]
02-19 17:46:06.148 D/TunerPresenter(15794): handleTunerRawData: b1 1 0 25 bc 24 68 24 86 24 cc 25 12 0 0 0 0 
02-19 17:46:06.151 D/TunerManagerForExt(15794): FMRadio main (TunerManagerForExt.java:147) onTunerPresetListChanged:  - mBand: 1 - mPresetIndex: 0 - mFrequency: 9660 - index: 0 - preset: 9320 - index: 1 - preset: 9350 - index: 2 - preset: 9420 - index: 3 - preset: 9490 - index: 4 - preset: 0 - index: 5 - preset: 0
02-19 17:46:06.193 E/mcu_services( 5512): MCU2APP : [ff fe fd 12 01 b1 01 00 25 c1 24 68 24 86 24 cc 25 12 00 00 00 00 64 ff ]
02-19 17:46:06.197 D/TunerPresenter(15794): handleTunerRawData: b1 1 0 25 c1 24 68 24 86 24 cc 25 12 0 0 0 0 
02-19 17:46:06.200 D/TunerManagerForExt(15794): FMRadio main (TunerManagerForExt.java:147) onTunerPresetListChanged:  - mBand: 1 - mPresetIndex: 0 - mFrequency: 9665 - index: 0 - preset: 9320 - index: 1 - preset: 9350 - index: 2 - preset: 9420 - index: 3 - preset: 9490 - index: 4 - preset: 0 - index: 5 - preset: 0
02-19 17:46:06.243 E/mcu_services( 5512): MCU2APP : [ff fe fd 12 01 b1 01 00 25 c6 24 68 24 86 24 cc 25 12 00 00 00 00 63 ff ]
02-19 17:46:06.247 D/TunerPresenter(15794): handleTunerRawData: b1 1 0 25 c6 24 68 24 86 24 cc 25 12 0 0 0 0 
02-19 17:46:06.251 D/TunerManagerForExt(15794): FMRadio main (TunerManagerForExt.java:147) onTunerPresetListChanged:  - mBand: 1 - mPresetIndex: 0 - mFrequency: 9670 - index: 0 - preset: 9320 - index: 1 - preset: 9350 - index: 2 - preset: 9420 - index: 3 - preset: 9490 - index: 4 - preset: 0 - index: 5 - preset: 0
02-19 17:46:06.292 E/mcu_services( 5512): MCU2APP : [ff fe fd 12 01 b1 01 00 25 cb 24 68 24 86 24 cc 25 12 00 00 00 00 6e ff ]
02-19 17:46:06.296 D/TunerPresenter(15794): handleTunerRawData: b1 1 0 25 cb 24 68 24 86 24 cc 25 12 0 0 0 0 
02-19 17:46:06.299 D/TunerManagerForExt(15794): FMRadio main (TunerManagerForExt.java:147) onTunerPresetListChanged:  - mBand: 1 - mPresetIndex: 0 - mFrequency: 9675 - index: 0 - preset: 9320 - index: 1 - preset: 9350 - index: 2 - preset: 9420 - index: 3 - preset: 9490 - index: 4 - preset: 0 - index: 5 - preset: 0
02-19 17:46:06.342 E/mcu_services( 5512): MCU2APP : [ff fe fd 12 01 b1 01 00 25 d0 24 68 24 86 24 cc 25 12 00 00 00 00 75 ff ]
02-19 17:46:06.347 D/TunerPresenter(15794): handleTunerRawData: b1 1 0 25 d0 24 68 24 86 24 cc 25 12 0 0 0 0 
02-19 17:46:06.350 D/TunerManagerForExt(15794): FMRadio main (TunerManagerForExt.java:147) onTunerPresetListChanged:  - mBand: 1 - mPresetIndex: 0 - mFrequency: 9680 - index: 0 - preset: 9320 - index: 1 - preset: 9350 - index: 2 - preset: 9420 - index: 3 - preset: 9490 - index: 4 - preset: 0 - index: 5 - preset: 0
02-19 17:46:06.392 E/mcu_services( 5512): MCU2APP : [ff fe fd 12 01 b1 01 00 25 d5 24 68 24 86 24 cc 25 12 00 00 00 00 70 ff ]
02-19 17:46:06.396 D/TunerPresenter(15794): handleTunerRawData: b1 1 0 25 d5 24 68 24 86 24 cc 25 12 0 0 0 0 
02-19 17:46:06.399 D/TunerManagerForExt(15794): FMRadio main (TunerManagerForExt.java:147) onTunerPresetListChanged:  - mBand: 1 - mPresetIndex: 0 - mFrequency: 9685 - index: 0 - preset: 9320 - index: 1 - preset: 9350 - index: 2 - preset: 9420 - index: 3 - preset: 9490 - index: 4 - preset: 0 - index: 5 - preset: 0
02-19 17:46:06.405 E/mcu_services( 5512): APP2MCU - writeToUartNormal : [ff fd fe 05 01 a0 08 00 00 a9 ff ]
02-19 17:46:06.406 D/K706RadioManager( 2129): CMD Enviado: sub=0x08 p1=0x00 p2=0x00
02-19 17:46:06.406 D/K706RadioManager( 2129): AutoScan iniciado (SUB=0x08)
02-19 17:46:06.411 E/mcu_services( 5512): MCU2APP : [ff fe fd 12 01 b1 00 00 25 d5 22 38 22 ce 23 32 23 aa 24 04 24 36 1c ff ]
02-19 17:46:06.420 D/TunerPresenter(15794): handleTunerRawData: b1 0 0 25 d5 22 38 22 ce 23 32 23 aa 24 4 24 36 
02-19 17:46:06.423 D/TunerManagerForExt(15794): FMRadio main (TunerManagerForExt.java:147) onTunerPresetListChanged:  - mBand: 0 - mPresetIndex: 0 - mFrequency: 9685 - index: 0 - preset: 8760 - index: 1 - preset: 8910 - index: 2 - preset: 9010 - index: 3 - preset: 9130 - index: 4 - preset: 9220 - index: 5 - preset: 9270
02-19 17:46:06.476 E/mcu_services( 5512): MCU2APP : [ff fe fd 03 01 b4 00 b5 ff ]
02-19 17:46:06.477 E/mcu_services( 5512): sendAckSuccess : [ff fd fe 02 02 b4 b6 ff ]
02-19 17:46:06.477 E/mcu_services( 5512): APP2MCU - writeToUart: [ff fd fe 02 02 b4 b6 ff ]
02-19 17:46:06.480 D/TunerPresenter(15794): handleTunerRawData: b4 0 
02-19 17:46:06.480 D/TunerManagerForExt(15794): FMRadio main (TunerManagerForExt.java:195) onTuneRdsIndicateInfo: onTuneRdsIndicateInfo - flag: 0 - mRdsSwitch: 0
02-19 17:46:06.529 E/mcu_services( 5512): MCU2APP : [ff fe fd 03 01 b0 40 f1 ff ]
02-19 17:46:06.532 D/TunerPresenter(15794): handleTunerRawData: b0 40 
02-19 17:46:06.532 D/TunerManagerForExt(15794): FMRadio main (TunerManagerForExt.java:108) onTunerInfoChanged: onTunerInfoChanged - flag: 64 - asFlag: 0 - psFlag: 0 - scanFlag: 0 - seekFlag: 0 - mStFlag: 0 - mLocFlag: 0 - mIsSearching: true - mTempSearching: true
02-19 17:46:06.532 D/TunerManagerForExt(15794): FMRadio main (TunerManagerForExt.java:118) onTunerInfoChanged: mIsSearching: false - mTempSearching: false - asFlag: 0 - seekFlag: 0
02-19 17:46:06.966 E/mcu_services( 5512): APP2MCU - writeToUart: [ff fd fe 0a 01 40 2e c2 04 01 d5 25 00 3e 66 ff ]
02-19 17:46:07.722 E/mcu_services( 5512): MCU2APP : [ff fe fd 03 01 b0 50 e1 ff ]
02-19 17:46:07.725 D/TunerPresenter(15794): handleTunerRawData: b0 50 
02-19 17:46:07.726 D/TunerManagerForExt(15794): FMRadio main (TunerManagerForExt.java:108) onTunerInfoChanged: onTunerInfoChanged - flag: 80 - asFlag: 0 - psFlag: 0 - scanFlag: 0 - seekFlag: 0 - mStFlag: 1 - mLocFlag: 0 - mIsSearching: false - mTempSearching: false
02-19 17:46:07.726 D/TunerManagerForExt(15794): FMRadio main (TunerManagerForExt.java:118) onTunerInfoChanged: mIsSearching: false - mTempSearching: false - asFlag: 0 - seekFlag: 0
02-19 17:46:07.727 E/mcu_services( 5512): APP2MCU - writeToUartNormal : [ff fd fe 05 01 a0 08 00 00 a9 ff ]
02-19 17:46:07.729 D/K706RadioManager( 2129): CMD Enviado: sub=0x08 p1=0x00 p2=0x00
02-19 17:46:07.729 D/K706RadioManager( 2129): AutoScan iniciado (SUB=0x08)
02-19 17:46:07.792 E/mcu_services( 5512): MCU2APP : [ff fe fd 12 01 b1 00 00 22 2e 00 00 00 00 00 00 00 00 00 00 00 00 bc ff ]
02-19 17:46:07.793 E/mcu_services( 5512): MCU2APP : [ff fe fd 03 01 b0 51 e0 ff ]
02-19 17:46:07.796 D/TunerPresenter(15794): handleTunerRawData: b1 0 0 22 2e 0 0 0 0 0 0 0 0 0 0 0 0 
02-19 17:46:07.796 D/TunerManagerForExt(15794): FMRadio main (TunerManagerForExt.java:147) onTunerPresetListChanged:  - mBand: 0 - mPresetIndex: 0 - mFrequency: 8750 - index: 0 - preset: 0 - index: 1 - preset: 0 - index: 2 - preset: 0 - index: 3 - preset: 0 - index: 4 - preset: 0 - index: 5 - preset: 0
02-19 17:46:07.810 D/TunerPresenter(15794): handleTunerRawData: b0 51 
02-19 17:46:07.810 D/TunerManagerForExt(15794): FMRadio main (TunerManagerForExt.java:108) onTunerInfoChanged: onTunerInfoChanged - flag: 81 - asFlag: 1 - psFlag: 0 - scanFlag: 0 - seekFlag: 0 - mStFlag: 1 - mLocFlag: 0 - mIsSearching: false - mTempSearching: false
02-19 17:46:07.811 D/TunerManagerForExt(15794): FMRadio main (TunerManagerForExt.java:118) onTunerInfoChanged: mIsSearching: true - mTempSearching: true - asFlag: 1 - seekFlag: 0
02-19 17:46:07.834 E/mcu_services( 5512): MCU2APP : [ff fe fd 12 01 b1 00 00 22 33 00 00 00 00 00 00 00 00 00 00 00 00 a1 ff ]
02-19 17:46:07.837 D/TunerPresenter(15794): handleTunerRawData: b1 0 0 22 33 0 0 0 0 0 0 0 0 0 0 0 0 
02-19 17:46:07.841 D/TunerManagerForExt(15794): FMRadio main (TunerManagerForExt.java:147) onTunerPresetListChanged:  - mBand: 0 - mPresetIndex: 0 - mFrequency: 8755 - index: 0 - preset: 0 - index: 1 - preset: 0 - index: 2 - preset: 0 - index: 3 - preset: 0 - index: 4 - preset: 0 - index: 5 - preset: 0
02-19 17:46:07.883 E/mcu_services( 5512): MCU2APP : [ff fe fd 12 01 b1 00 00 22 38 00 00 00 00 00 00 00 00 00 00 00 00 aa ff ]
02-19 17:46:07.888 D/TunerPresenter(15794): handleTunerRawData: b1 0 0 22 38 0 0 0 0 0 0 0 0 0 0 0 0 
02-19 17:46:07.891 D/TunerManagerForExt(15794): FMRadio main (TunerManagerForExt.java:147) onTunerPresetListChanged:  - mBand: 0 - mPresetIndex: 0 - mFrequency: 8760 - index: 0 - preset: 0 - index: 1 - preset: 0 - index: 2 - preset: 0 - index: 3 - preset: 0 - index: 4 - preset: 0 - index: 5 - preset: 0
02-19 17:46:07.933 E/mcu_services( 5512): MCU2APP : [ff fe fd 12 01 b1 00 00 22 3d 22 38 00 00 00 00 00 00 00 00 00 00 b5 ff ]
02-19 17:46:07.937 D/TunerPresenter(15794): handleTunerRawData: b1 0 0 22 3d 22 38 0 0 0 0 0 0 0 0 0 0 
02-19 17:46:07.940 D/TunerManagerForExt(15794): FMRadio main (TunerManagerForExt.java:147) onTunerPresetListChanged:  - mBand: 0 - mPresetIndex: 0 - mFrequency: 8765 - index: 0 - preset: 8760 - index: 1 - preset: 0 - index: 2 - preset: 0 - index: 3 - preset: 0 - index: 4 - preset: 0 - index: 5 - preset: 0
02-19 17:46:07.983 E/mcu_services( 5512): MCU2APP : [ff fe fd 12 01 b1 00 00 22 42 22 38 00 00 00 00 00 00 00 00 00 00 ca ff ]
02-19 17:46:07.987 D/TunerPresenter(15794): handleTunerRawData: b1 0 0 22 42 22 38 0 0 0 0 0 0 0 0 0 0 
02-19 17:46:07.990 D/TunerManagerForExt(15794): FMRadio main (TunerManagerForExt.java:147) onTunerPresetListChanged:  - mBand: 0 - mPresetIndex: 0 - mFrequency: 8770 - index: 0 - preset: 8760 - index: 1 - preset: 0 - index: 2 - preset: 0 - index: 3 - preset: 0 - index: 4 - preset: 0 - index: 5 - preset: 0
02-19 17:46:08.032 E/mcu_services( 5512): MCU2APP : [ff fe fd 12 01 b1 00 00 22 47 22 38 00 00 00 00 00 00 00 00 00 00 cf ff ]
02-19 17:46:08.035 D/TunerPresenter(15794): handleTunerRawData: b1 0 0 22 47 22 38 0 0 0 0 0 0 0 0 0 0 
02-19 17:46:08.038 D/TunerManagerForExt(15794): FMRadio main (TunerManagerForExt.java:147) onTunerPresetListChanged:  - mBand: 0 - mPresetIndex: 0 - mFrequency: 8775 - index: 0 - preset: 8760 - index: 1 - preset: 0 - index: 2 - preset: 0 - index: 3 - preset: 0 - index: 4 - preset: 0 - index: 5 - preset: 0
02-19 17:46:08.082 E/mcu_services( 5512): MCU2APP : [ff fe fd 12 01 b1 00 00 22 4c 22 38 00 00 00 00 00 00 00 00 00 00 c4 ff ]
02-19 17:46:08.086 D/TunerPresenter(15794): handleTunerRawData: b1 0 0 22 4c 22 38 0 0 0 0 0 0 0 0 0 0 
02-19 17:46:08.090 D/TunerManagerForExt(15794): FMRadio main (TunerManagerForExt.java:147) onTunerPresetListChanged:  - mBand: 0 - mPresetIndex: 0 - mFrequency: 8780 - index: 0 - preset: 8760 - index: 1 - preset: 0 - index: 2 - preset: 0 - index: 3 - preset: 0 - index: 4 - preset: 0 - index: 5 - preset: 0
02-19 17:46:08.132 E/mcu_services( 5512): MCU2APP : [ff fe fd 12 01 b1 00 00 22 51 22 38 00 00 00 00 00 00 00 00 00 00 d9 ff ]
02-19 17:46:08.136 D/TunerPresenter(15794): handleTunerRawData: b1 0 0 22 51 22 38 0 0 0 0 0 0 0 0 0 0 
02-19 17:46:08.140 D/TunerManagerForExt(15794): FMRadio main (TunerManagerForExt.java:147) onTunerPresetListChanged:  - mBand: 0 - mPresetIndex: 0 - mFrequency: 8785 - index: 0 - preset: 8760 - index: 1 - preset: 0 - index: 2 - preset: 0 - index: 3 - preset: 0 - index: 4 - preset: 0 - index: 5 - preset: 0
02-19 17:46:08.160 E/mcu_services( 5512): MCU2APP : [ff fe fd 03 01 29 6d 45 ff ]
02-19 17:46:08.182 E/mcu_services( 5512): MCU2APP : [ff fe fd 12 01 b1 00 00 22 56 22 38 00 00 00 00 00 00 00 00 00 00 de ff ]
02-19 17:46:08.186 D/TunerPresenter(15794): handleTunerRawData: b1 0 0 22 56 22 38 0 0 0 0 0 0 0 0 0 0 
02-19 17:46:08.189 D/TunerManagerForExt(15794): FMRadio main (TunerManagerForExt.java:147) onTunerPresetListChanged:  - mBand: 0 - mPresetIndex: 0 - mFrequency: 8790 - index: 0 - preset: 8760 - index: 1 - preset: 0 - index: 2 - preset: 0 - index: 3 - preset: 0 - index: 4 - preset: 0 - index: 5 - preset: 0
02-19 17:46:08.231 E/mcu_services( 5512): MCU2APP : [ff fe fd 12 01 b1 00 00 22 5b 22 38 00 00 00 00 00 00 00 00 00 00 d3 ff ]
02-19 17:46:08.236 D/TunerPresenter(15794): handleTunerRawData: b1 0 0 22 5b 22 38 0 0 0 0 0 0 0 0 0 0 
02-19 17:46:08.239 D/TunerManagerForExt(15794): FMRadio main (TunerManagerForExt.java:147) onTunerPresetListChanged:  - mBand: 0 - mPresetIndex: 0 - mFrequency: 8795 - index: 0 - preset: 8760 - index: 1 - preset: 0 - index: 2 - preset: 0 - index: 3 - preset: 0 - index: 4 - preset: 0 - index: 5 - preset: 0
02-19 17:46:08.281 E/mcu_services( 5512): MCU2APP : [ff fe fd 12 01 b1 00 00 22 60 22 38 00 00 00 00 00 00 00 00 00 00 e8 ff ]
02-19 17:46:08.286 D/TunerPresenter(15794): handleTunerRawData: b1 0 0 22 60 22 38 0 0 0 0 0 0 0 0 0 0 
02-19 17:46:08.288 D/TunerManagerForExt(15794): FMRadio main (TunerManagerForExt.java:147) onTunerPresetListChanged:  - mBand: 0 - mPresetIndex: 0 - mFrequency: 8800 - index: 0 - preset: 8760 - index: 1 - preset: 0 - index: 2 - preset: 0 - index: 3 - preset: 0 - index: 4 - preset: 0 - index: 5 - preset: 0
02-19 17:46:08.331 E/mcu_services( 5512): MCU2APP : [ff fe fd 12 01 b1 00 00 22 65 22 38 00 00 00 00 00 00 00 00 00 00 ed ff ]
02-19 17:46:08.335 D/TunerPresenter(15794): handleTunerRawData: b1 0 0 22 65 22 38 0 0 0 0 0 0 0 0 0 0 
02-19 17:46:08.338 D/TunerManagerForExt(15794): FMRadio main (TunerManagerForExt.java:147) onTunerPresetListChanged:  - mBand: 0 - mPresetIndex: 0 - mFrequency: 8805 - index: 0 - preset: 8760 - index: 1 - preset: 0 - index: 2 - preset: 0 - index: 3 - preset: 0 - index: 4 - preset: 0 - index: 5 - preset: 0
02-19 17:46:08.381 E/mcu_services( 5512): MCU2APP : [ff fe fd 12 01 b1 00 00 22 6a 22 38 00 00 00 00 00 00 00 00 00 00 e2 ff ]
02-19 17:46:08.385 D/TunerPresenter(15794): handleTunerRawData: b1 0 0 22 6a 22 38 0 0 0 0 0 0 0 0 0 0 
02-19 17:46:08.388 D/TunerManagerForExt(15794): FMRadio main (TunerManagerForExt.java:147) onTunerPresetListChanged:  - mBand: 0 - mPresetIndex: 0 - mFrequency: 8810 - index: 0 - preset: 8760 - index: 1 - preset: 0 - index: 2 - preset: 0 - index: 3 - preset: 0 - index: 4 - preset: 0 - index: 5 - preset: 0
02-19 17:46:08.430 E/mcu_services( 5512): MCU2APP : [ff fe fd 12 01 b1 00 00 22 6f 22 38 00 00 00 00 00 00 00 00 00 00 e7 ff ]
02-19 17:46:08.434 D/TunerPresenter(15794): handleTunerRawData: b1 0 0 22 6f 22 38 0 0 0 0 0 0 0 0 0 0 
02-19 17:46:08.437 D/TunerManagerForExt(15794): FMRadio main (TunerManagerForExt.java:147) onTunerPresetListChanged:  - mBand: 0 - mPresetIndex: 0 - mFrequency: 8815 - index: 0 - preset: 8760 - index: 1 - preset: 0 - index: 2 - preset: 0 - index: 3 - preset: 0 - index: 4 - preset: 0 - index: 5 - preset: 0
02-19 17:46:08.480 E/mcu_services( 5512): MCU2APP : [ff fe fd 12 01 b1 00 00 22 74 22 38 00 00 00 00 00 00 00 00 00 00 fc ff ]
02-19 17:46:08.484 D/TunerPresenter(15794): handleTunerRawData: b1 0 0 22 74 22 38 0 0 0 0 0 0 0 0 0 0 
02-19 17:46:08.487 D/TunerManagerForExt(15794): FMRadio main (TunerManagerForExt.java:147) onTunerPresetListChanged:  - mBand: 0 - mPresetIndex: 0 - mFrequency: 8820 - index: 0 - preset: 8760 - index: 1 - preset: 0 - index: 2 - preset: 0 - index: 3 - preset: 0 - index: 4 - preset: 0 - index: 5 - preset: 0
02-19 17:46:08.530 E/mcu_services( 5512): MCU2APP : [ff fe fd 12 01 b1 00 00 22 79 22 38 00 00 00 00 00 00 00 00 00 00 f1 ff ]
02-19 17:46:08.534 D/TunerPresenter(15794): handleTunerRawData: b1 0 0 22 79 22 38 0 0 0 0 0 0 0 0 0 0 
02-19 17:46:08.537 D/TunerManagerForExt(15794): FMRadio main (TunerManagerForExt.java:147) onTunerPresetListChanged:  - mBand: 0 - mPresetIndex: 0 - mFrequency: 8825 - index: 0 - preset: 8760 - index: 1 - preset: 0 - index: 2 - preset: 0 - index: 3 - preset: 0 - index: 4 - preset: 0 - index: 5 - preset: 0
02-19 17:46:08.579 E/mcu_services( 5512): MCU2APP : [ff fe fd 12 01 b1 00 00 22 7e 22 38 00 00 00 00 00 00 00 00 00 00 f6 ff ]
02-19 17:46:08.583 D/TunerPresenter(15794): handleTunerRawData: b1 0 0 22 7e 22 38 0 0 0 0 0 0 0 0 0 0 
02-19 17:46:08.586 D/TunerManagerForExt(15794): FMRadio main (TunerManagerForExt.java:147) onTunerPresetListChanged:  - mBand: 0 - mPresetIndex: 0 - mFrequency: 8830 - index: 0 - preset: 8760 - index: 1 - preset: 0 - index: 2 - preset: 0 - index: 3 - preset: 0 - index: 4 - preset: 0 - index: 5 - preset: 0
02-19 17:46:08.629 E/mcu_services( 5512): MCU2APP : [ff fe fd 12 01 b1 00 00 22 83 22 38 00 00 00 00 00 00 00 00 00 00 0b ff ]
02-19 17:46:08.633 D/TunerPresenter(15794): handleTunerRawData: b1 0 0 22 83 22 38 0 0 0 0 0 0 0 0 0 0 
02-19 17:46:08.636 D/TunerManagerForExt(15794): FMRadio main (TunerManagerForExt.java:147) onTunerPresetListChanged:  - mBand: 0 - mPresetIndex: 0 - mFrequency: 8835 - index: 0 - preset: 8760 - index: 1 - preset: 0 - index: 2 - preset: 0 - index: 3 - preset: 0 - index: 4 - preset: 0 - index: 5 - preset: 0
02-19 17:46:08.679 E/mcu_services( 5512): MCU2APP : [ff fe fd 12 01 b1 00 00 22 88 22 38 00 00 00 00 00 00 00 00 00 00 00 ff ]
02-19 17:46:08.682 D/TunerPresenter(15794): handleTunerRawData: b1 0 0 22 88 22 38 0 0 0 0 0 0 0 0 0 0 
02-19 17:46:08.685 D/TunerManagerForExt(15794): FMRadio main (TunerManagerForExt.java:147) onTunerPresetListChanged:  - mBand: 0 - mPresetIndex: 0 - mFrequency: 8840 - index: 0 - preset: 8760 - index: 1 - preset: 0 - index: 2 - preset: 0 - index: 3 - preset: 0 - index: 4 - preset: 0 - index: 5 - preset: 0
02-19 17:46:08.729 E/mcu_services( 5512): MCU2APP : [ff fe fd 12 01 b1 00 00 22 8d 22 38 00 00 00 00 00 00 00 00 00 00 05 ff ]
02-19 17:46:08.732 D/TunerPresenter(15794): handleTunerRawData: b1 0 0 22 8d 22 38 0 0 0 0 0 0 0 0 0 0 
02-19 17:46:08.735 D/TunerManagerForExt(15794): FMRadio main (TunerManagerForExt.java:147) onTunerPresetListChanged:  - mBand: 0 - mPresetIndex: 0 - mFrequency: 8845 - index: 0 - preset: 8760 - index: 1 - preset: 0 - index: 2 - preset: 0 - index: 3 - preset: 0 - index: 4 - preset: 0 - index: 5 - preset: 0
02-19 17:46:08.778 E/mcu_services( 5512): MCU2APP : [ff fe fd 12 01 b1 00 00 22 92 22 38 00 00 00 00 00 00 00 00 00 00 1a ff ]
02-19 17:46:08.783 D/TunerPresenter(15794): handleTunerRawData: b1 0 0 22 92 22 38 0 0 0 0 0 0 0 0 0 0 
02-19 17:46:08.787 D/TunerManagerForExt(15794): FMRadio main (TunerManagerForExt.java:147) onTunerPresetListChanged:  - mBand: 0 - mPresetIndex: 0 - mFrequency: 8850 - index: 0 - preset: 8760 - index: 1 - preset: 0 - index: 2 - preset: 0 - index: 3 - preset: 0 - index: 4 - preset: 0 - index: 5 - preset: 0
02-19 17:46:08.828 E/mcu_services( 5512): MCU2APP : [ff fe fd 12 01 b1 00 00 22 97 22 38 00 00 00 00 00 00 00 00 00 00 1f ff ]
02-19 17:46:08.833 D/TunerPresenter(15794): handleTunerRawData: b1 0 0 22 97 22 38 0 0 0 0 0 0 0 0 0 0 
02-19 17:46:08.836 D/TunerManagerForExt(15794): FMRadio main (TunerManagerForExt.java:147) onTunerPresetListChanged:  - mBand: 0 - mPresetIndex: 0 - mFrequency: 8855 - index: 0 - preset: 8760 - index: 1 - preset: 0 - index: 2 - preset: 0 - index: 3 - preset: 0 - index: 4 - preset: 0 - index: 5 - preset: 0
02-19 17:46:08.878 E/mcu_services( 5512): MCU2APP : [ff fe fd 12 01 b1 00 00 22 9c 22 38 00 00 00 00 00 00 00 00 00 00 14 ff ]
02-19 17:46:08.882 D/TunerPresenter(15794): handleTunerRawData: b1 0 0 22 9c 22 38 0 0 0 0 0 0 0 0 0 0 
02-19 17:46:08.885 D/TunerManagerForExt(15794): FMRadio main (TunerManagerForExt.java:147) onTunerPresetListChanged:  - mBand: 0 - mPresetIndex: 0 - mFrequency: 8860 - index: 0 - preset: 8760 - index: 1 - preset: 0 - index: 2 - preset: 0 - index: 3 - preset: 0 - index: 4 - preset: 0 - index: 5 - preset: 0
02-19 17:46:08.927 E/mcu_services( 5512): MCU2APP : [ff fe fd 12 01 b1 00 00 22 a1 22 38 00 00 00 00 00 00 00 00 00 00 29 ff ]
02-19 17:46:08.932 D/TunerPresenter(15794): handleTunerRawData: b1 0 0 22 a1 22 38 0 0 0 0 0 0 0 0 0 0 
02-19 17:46:08.935 D/TunerManagerForExt(15794): FMRadio main (TunerManagerForExt.java:147) onTunerPresetListChanged:  - mBand: 0 - mPresetIndex: 0 - mFrequency: 8865 - index: 0 - preset: 8760 - index: 1 - preset: 0 - index: 2 - preset: 0 - index: 3 - preset: 0 - index: 4 - preset: 0 - index: 5 - preset: 0
02-19 17:46:08.977 E/mcu_services( 5512): MCU2APP : [ff fe fd 12 01 b1 00 00 22 a6 22 38 00 00 00 00 00 00 00 00 00 00 2e ff ]
02-19 17:46:08.981 D/TunerPresenter(15794): handleTunerRawData: b1 0 0 22 a6 22 38 0 0 0 0 0 0 0 0 0 0 
02-19 17:46:08.984 D/TunerManagerForExt(15794): FMRadio main (TunerManagerForExt.java:147) onTunerPresetListChanged:  - mBand: 0 - mPresetIndex: 0 - mFrequency: 8870 - index: 0 - preset: 8760 - index: 1 - preset: 0 - index: 2 - preset: 0 - index: 3 - preset: 0 - index: 4 - preset: 0 - index: 5 - preset: 0
02-19 17:46:09.027 E/mcu_services( 5512): MCU2APP : [ff fe fd 12 01 b1 00 00 22 ab 22 38 00 00 00 00 00 00 00 00 00 00 23 ff ]
02-19 17:46:09.031 D/TunerPresenter(15794): handleTunerRawData: b1 0 0 22 ab 22 38 0 0 0 0 0 0 0 0 0 0 
02-19 17:46:09.034 D/TunerManagerForExt(15794): FMRadio main (TunerManagerForExt.java:147) onTunerPresetListChanged:  - mBand: 0 - mPresetIndex: 0 - mFrequency: 8875 - index: 0 - preset: 8760 - index: 1 - preset: 0 - index: 2 - preset: 0 - index: 3 - preset: 0 - index: 4 - preset: 0 - index: 5 - preset: 0
02-19 17:46:09.077 E/mcu_services( 5512): MCU2APP : [ff fe fd 12 01 b1 00 00 22 b0 22 38 00 00 00 00 00 00 00 00 00 00 38 ff ]
02-19 17:46:09.080 D/TunerPresenter(15794): handleTunerRawData: b1 0 0 22 b0 22 38 0 0 0 0 0 0 0 0 0 0 
02-19 17:46:09.083 D/TunerManagerForExt(15794): FMRadio main (TunerManagerForExt.java:147) onTunerPresetListChanged:  - mBand: 0 - mPresetIndex: 0 - mFrequency: 8880 - index: 0 - preset: 8760 - index: 1 - preset: 0 - index: 2 - preset: 0 - index: 3 - preset: 0 - index: 4 - preset: 0 - index: 5 - preset: 0
02-19 17:46:09.126 E/mcu_services( 5512): MCU2APP : [ff fe fd 12 01 b1 00 00 22 b5 22 38 00 00 00 00 00 00 00 00 00 00 3d ff ]
02-19 17:46:09.130 D/TunerPresenter(15794): handleTunerRawData: b1 0 0 22 b5 22 38 0 0 0 0 0 0 0 0 0 0 
02-19 17:46:09.133 D/TunerManagerForExt(15794): FMRadio main (TunerManagerForExt.java:147) onTunerPresetListChanged:  - mBand: 0 - mPresetIndex: 0 - mFrequency: 8885 - index: 0 - preset: 8760 - index: 1 - preset: 0 - index: 2 - preset: 0 - index: 3 - preset: 0 - index: 4 - preset: 0 - index: 5 - preset: 0
02-19 17:46:09.176 E/mcu_services( 5512): MCU2APP : [ff fe fd 12 01 b1 00 00 22 ba 22 38 00 00 00 00 00 00 00 00 00 00 32 ff ]
02-19 17:46:09.180 D/TunerPresenter(15794): handleTunerRawData: b1 0 0 22 ba 22 38 0 0 0 0 0 0 0 0 0 0 
02-19 17:46:09.183 D/TunerManagerForExt(15794): FMRadio main (TunerManagerForExt.java:147) onTunerPresetListChanged:  - mBand: 0 - mPresetIndex: 0 - mFrequency: 8890 - index: 0 - preset: 8760 - index: 1 - preset: 0 - index: 2 - preset: 0 - index: 3 - preset: 0 - index: 4 - preset: 0 - index: 5 - preset: 0
02-19 17:46:09.226 E/mcu_services( 5512): MCU2APP : [ff fe fd 12 01 b1 00 00 22 bf 22 38 00 00 00 00 00 00 00 00 00 00 37 ff ]
02-19 17:46:09.230 D/TunerPresenter(15794): handleTunerRawData: b1 0 0 22 bf 22 38 0 0 0 0 0 0 0 0 0 0 
02-19 17:46:09.232 D/TunerManagerForExt(15794): FMRadio main (TunerManagerForExt.java:147) onTunerPresetListChanged:  - mBand: 0 - mPresetIndex: 0 - mFrequency: 8895 - index: 0 - preset: 8760 - index: 1 - preset: 0 - index: 2 - preset: 0 - index: 3 - preset: 0 - index: 4 - preset: 0 - index: 5 - preset: 0
02-19 17:46:09.275 E/mcu_services( 5512): MCU2APP : [ff fe fd 12 01 b1 00 00 22 c4 22 38 00 00 00 00 00 00 00 00 00 00 4c ff ]
02-19 17:46:09.278 D/TunerPresenter(15794): handleTunerRawData: b1 0 0 22 c4 22 38 0 0 0 0 0 0 0 0 0 0 
02-19 17:46:09.282 D/TunerManagerForExt(15794): FMRadio main (TunerManagerForExt.java:147) onTunerPresetListChanged:  - mBand: 0 - mPresetIndex: 0 - mFrequency: 8900 - index: 0 - preset: 8760 - index: 1 - preset: 0 - index: 2 - preset: 0 - index: 3 - preset: 0 - index: 4 - preset: 0 - index: 5 - preset: 0
02-19 17:46:09.325 E/mcu_services( 5512): MCU2APP : [ff fe fd 12 01 b1 00 00 22 c9 22 38 00 00 00 00 00 00 00 00 00 00 41 ff ]
02-19 17:46:09.328 D/TunerPresenter(15794): handleTunerRawData: b1 0 0 22 c9 22 38 0 0 0 0 0 0 0 0 0 0 
02-19 17:46:09.331 D/TunerManagerForExt(15794): FMRadio main (TunerManagerForExt.java:147) onTunerPresetListChanged:  - mBand: 0 - mPresetIndex: 0 - mFrequency: 8905 - index: 0 - preset: 8760 - index: 1 - preset: 0 - index: 2 - preset: 0 - index: 3 - preset: 0 - index: 4 - preset: 0 - index: 5 - preset: 0
02-19 17:46:09.375 E/mcu_services( 5512): MCU2APP : [ff fe fd 12 01 b1 00 00 22 ce 22 38 00 00 00 00 00 00 00 00 00 00 46 ff ]
02-19 17:46:09.379 D/TunerPresenter(15794): handleTunerRawData: b1 0 0 22 ce 22 38 0 0 0 0 0 0 0 0 0 0 
02-19 17:46:09.382 D/TunerManagerForExt(15794): FMRadio main (TunerManagerForExt.java:147) onTunerPresetListChanged:  - mBand: 0 - mPresetIndex: 0 - mFrequency: 8910 - index: 0 - preset: 8760 - index: 1 - preset: 0 - index: 2 - preset: 0 - index: 3 - preset: 0 - index: 4 - preset: 0 - index: 5 - preset: 0
02-19 17:46:09.425 E/mcu_services( 5512): MCU2APP : [ff fe fd 12 01 b1 00 00 22 d3 22 38 22 ce 00 00 00 00 00 00 00 00 b7 ff ]
02-19 17:46:09.429 D/TunerPresenter(15794): handleTunerRawData: b1 0 0 22 d3 22 38 22 ce 0 0 0 0 0 0 0 0 
02-19 17:46:09.431 D/TunerManagerForExt(15794): FMRadio main (TunerManagerForExt.java:147) onTunerPresetListChanged:  - mBand: 0 - mPresetIndex: 0 - mFrequency: 8915 - index: 0 - preset: 8760 - index: 1 - preset: 8910 - index: 2 - preset: 0 - index: 3 - preset: 0 - index: 4 - preset: 0 - index: 5 - preset: 0
02-19 17:46:09.474 E/mcu_services( 5512): MCU2APP : [ff fe fd 12 01 b1 00 00 22 d8 22 38 22 ce 00 00 00 00 00 00 00 00 bc ff ]
02-19 17:46:09.478 D/TunerPresenter(15794): handleTunerRawData: b1 0 0 22 d8 22 38 22 ce 0 0 0 0 0 0 0 0 
02-19 17:46:09.481 D/TunerManagerForExt(15794): FMRadio main (TunerManagerForExt.java:147) onTunerPresetListChanged:  - mBand: 0 - mPresetIndex: 0 - mFrequency: 8920 - index: 0 - preset: 8760 - index: 1 - preset: 8910 - index: 2 - preset: 0 - index: 3 - preset: 0 - index: 4 - preset: 0 - index: 5 - preset: 0
02-19 17:46:09.524 E/mcu_services( 5512): MCU2APP : [ff fe fd 12 01 b1 00 00 22 dd 22 38 22 ce 00 00 00 00 00 00 00 00 b9 ff ]
02-19 17:46:09.528 D/TunerPresenter(15794): handleTunerRawData: b1 0 0 22 dd 22 38 22 ce 0 0 0 0 0 0 0 0 
02-19 17:46:09.531 D/TunerManagerForExt(15794): FMRadio main (TunerManagerForExt.java:147) onTunerPresetListChanged:  - mBand: 0 - mPresetIndex: 0 - mFrequency: 8925 - index: 0 - preset: 8760 - index: 1 - preset: 8910 - index: 2 - preset: 0 - index: 3 - preset: 0 - index: 4 - preset: 0 - index: 5 - preset: 0
02-19 17:46:09.574 E/mcu_services( 5512): MCU2APP : [ff fe fd 12 01 b1 00 00 22 e2 22 38 22 ce 00 00 00 00 00 00 00 00 86 ff ]
02-19 17:46:09.578 D/TunerPresenter(15794): handleTunerRawData: b1 0 0 22 e2 22 38 22 ce 0 0 0 0 0 0 0 0 
02-19 17:46:09.581 D/TunerManagerForExt(15794): FMRadio main (TunerManagerForExt.java:147) onTunerPresetListChanged:  - mBand: 0 - mPresetIndex: 0 - mFrequency: 8930 - index: 0 - preset: 8760 - index: 1 - preset: 8910 - index: 2 - preset: 0 - index: 3 - preset: 0 - index: 4 - preset: 0 - index: 5 - preset: 0
02-19 17:46:09.623 E/mcu_services( 5512): MCU2APP : [ff fe fd 12 01 b1 00 00 22 e7 22 38 22 ce 00 00 00 00 00 00 00 00 83 ff ]
02-19 17:46:09.627 D/TunerPresenter(15794): handleTunerRawData: b1 0 0 22 e7 22 38 22 ce 0 0 0 0 0 0 0 0 
02-19 17:46:09.630 D/TunerManagerForExt(15794): FMRadio main (TunerManagerForExt.java:147) onTunerPresetListChanged:  - mBand: 0 - mPresetIndex: 0 - mFrequency: 8935 - index: 0 - preset: 8760 - index: 1 - preset: 8910 - index: 2 - preset: 0 - index: 3 - preset: 0 - index: 4 - preset: 0 - index: 5 - preset: 0
02-19 17:46:09.673 E/mcu_services( 5512): MCU2APP : [ff fe fd 12 01 b1 00 00 22 ec 22 38 22 ce 00 00 00 00 00 00 00 00 88 ff ]
02-19 17:46:09.678 D/TunerPresenter(15794): handleTunerRawData: b1 0 0 22 ec 22 38 22 ce 0 0 0 0 0 0 0 0 
02-19 17:46:09.681 D/TunerManagerForExt(15794): FMRadio main (TunerManagerForExt.java:147) onTunerPresetListChanged:  - mBand: 0 - mPresetIndex: 0 - mFrequency: 8940 - index: 0 - preset: 8760 - index: 1 - preset: 8910 - index: 2 - preset: 0 - index: 3 - preset: 0 - index: 4 - preset: 0 - index: 5 - preset: 0
02-19 17:46:09.723 E/mcu_services( 5512): MCU2APP : [ff fe fd 12 01 b1 00 00 22 f1 22 38 22 ce 00 00 00 00 00 00 00 00 95 ff ]
02-19 17:46:09.726 D/TunerPresenter(15794): handleTunerRawData: b1 0 0 22 f1 22 38 22 ce 0 0 0 0 0 0 0 0 
02-19 17:46:09.729 D/TunerManagerForExt(15794): FMRadio main (TunerManagerForExt.java:147) onTunerPresetListChanged:  - mBand: 0 - mPresetIndex: 0 - mFrequency: 8945 - index: 0 - preset: 8760 - index: 1 - preset: 8910 - index: 2 - preset: 0 - index: 3 - preset: 0 - index: 4 - preset: 0 - index: 5 - preset: 0
02-19 17:46:09.773 E/mcu_services( 5512): MCU2APP : [ff fe fd 12 01 b1 00 00 22 f6 22 38 22 ce 00 00 00 00 00 00 00 00 92 ff ]
02-19 17:46:09.777 D/TunerPresenter(15794): handleTunerRawData: b1 0 0 22 f6 22 38 22 ce 0 0 0 0 0 0 0 0 
02-19 17:46:09.779 D/TunerManagerForExt(15794): FMRadio main (TunerManagerForExt.java:147) onTunerPresetListChanged:  - mBand: 0 - mPresetIndex: 0 - mFrequency: 8950 - index: 0 - preset: 8760 - index: 1 - preset: 8910 - index: 2 - preset: 0 - index: 3 - preset: 0 - index: 4 - preset: 0 - index: 5 - preset: 0
02-19 17:46:09.823 E/mcu_services( 5512): MCU2APP : [ff fe fd 12 01 b1 00 00 22 fb 22 38 22 ce 00 00 00 00 00 00 00 00 9f ff ]
02-19 17:46:09.827 D/TunerPresenter(15794): handleTunerRawData: b1 0 0 22 fb 22 38 22 ce 0 0 0 0 0 0 0 0 
02-19 17:46:09.830 D/TunerManagerForExt(15794): FMRadio main (TunerManagerForExt.java:147) onTunerPresetListChanged:  - mBand: 0 - mPresetIndex: 0 - mFrequency: 8955 - index: 0 - preset: 8760 - index: 1 - preset: 8910 - index: 2 - preset: 0 - index: 3 - preset: 0 - index: 4 - preset: 0 - index: 5 - preset: 0
02-19 17:46:09.872 E/mcu_services( 5512): MCU2APP : [ff fe fd 12 01 b1 00 00 23 00 22 38 22 ce 00 00 00 00 00 00 00 00 65 ff ]
02-19 17:46:09.876 D/TunerPresenter(15794): handleTunerRawData: b1 0 0 23 0 22 38 22 ce 0 0 0 0 0 0 0 0 
02-19 17:46:09.879 D/TunerManagerForExt(15794): FMRadio main (TunerManagerForExt.java:147) onTunerPresetListChanged:  - mBand: 0 - mPresetIndex: 0 - mFrequency: 8960 - index: 0 - preset: 8760 - index: 1 - preset: 8910 - index: 2 - preset: 0 - index: 3 - preset: 0 - index: 4 - preset: 0 - index: 5 - preset: 0
02-19 17:46:09.922 E/mcu_services( 5512): MCU2APP : [ff fe fd 12 01 b1 00 00 23 05 22 38 22 ce 00 00 00 00 00 00 00 00 60 ff ]
02-19 17:46:09.926 D/TunerPresenter(15794): handleTunerRawData: b1 0 0 23 5 22 38 22 ce 0 0 0 0 0 0 0 0 
02-19 17:46:09.929 D/TunerManagerForExt(15794): FMRadio main (TunerManagerForExt.java:147) onTunerPresetListChanged:  - mBand: 0 - mPresetIndex: 0 - mFrequency: 8965 - index: 0 - preset: 8760 - index: 1 - preset: 8910 - index: 2 - preset: 0 - index: 3 - preset: 0 - index: 4 - preset: 0 - index: 5 - preset: 0
02-19 17:46:09.972 E/mcu_services( 5512): MCU2APP : [ff fe fd 12 01 b1 00 00 23 0a 22 38 22 ce 00 00 00 00 00 00 00 00 6f ff ]
02-19 17:46:09.975 D/TunerPresenter(15794): handleTunerRawData: b1 0 0 23 a 22 38 22 ce 0 0 0 0 0 0 0 0 
02-19 17:46:09.979 D/TunerManagerForExt(15794): FMRadio main (TunerManagerForExt.java:147) onTunerPresetListChanged:  - mBand: 0 - mPresetIndex: 0 - mFrequency: 8970 - index: 0 - preset: 8760 - index: 1 - preset: 8910 - index: 2 - preset: 0 - index: 3 - preset: 0 - index: 4 - preset: 0 - index: 5 - preset: 0
02-19 17:46:10.021 E/mcu_services( 5512): MCU2APP : [ff fe fd 12 01 b1 00 00 23 0f 22 38 22 ce 00 00 00 00 00 00 00 00 6a ff ]
02-19 17:46:10.025 D/TunerPresenter(15794): handleTunerRawData: b1 0 0 23 f 22 38 22 ce 0 0 0 0 0 0 0 0 
02-19 17:46:10.028 D/TunerManagerForExt(15794): FMRadio main (TunerManagerForExt.java:147) onTunerPresetListChanged:  - mBand: 0 - mPresetIndex: 0 - mFrequency: 8975 - index: 0 - preset: 8760 - index: 1 - preset: 8910 - index: 2 - preset: 0 - index: 3 - preset: 0 - index: 4 - preset: 0 - index: 5 - preset: 0
02-19 17:46:10.071 E/mcu_services( 5512): MCU2APP : [ff fe fd 12 01 b1 00 00 23 14 22 38 22 ce 00 00 00 00 00 00 00 00 71 ff ]
02-19 17:46:10.076 D/TunerPresenter(15794): handleTunerRawData: b1 0 0 23 14 22 38 22 ce 0 0 0 0 0 0 0 0 
02-19 17:46:10.079 D/TunerManagerForExt(15794): FMRadio main (TunerManagerForExt.java:147) onTunerPresetListChanged:  - mBand: 0 - mPresetIndex: 0 - mFrequency: 8980 - index: 0 - preset: 8760 - index: 1 - preset: 8910 - index: 2 - preset: 0 - index: 3 - preset: 0 - index: 4 - preset: 0 - index: 5 - preset: 0
02-19 17:46:10.121 E/mcu_services( 5512): MCU2APP : [ff fe fd 12 01 b1 00 00 23 19 22 38 22 ce 00 00 00 00 00 00 00 00 7c ff ]
02-19 17:46:10.125 D/TunerPresenter(15794): handleTunerRawData: b1 0 0 23 19 22 38 22 ce 0 0 0 0 0 0 0 0 
02-19 17:46:10.128 D/TunerManagerForExt(15794): FMRadio main (TunerManagerForExt.java:147) onTunerPresetListChanged:  - mBand: 0 - mPresetIndex: 0 - mFrequency: 8985 - index: 0 - preset: 8760 - index: 1 - preset: 8910 - index: 2 - preset: 0 - index: 3 - preset: 0 - index: 4 - preset: 0 - index: 5 - preset: 0
02-19 17:46:10.148 E/mcu_services( 5512): MCU2APP : [ff fe fd 03 01 29 6d 45 ff ]
02-19 17:46:10.170 E/mcu_services( 5512): MCU2APP : [ff fe fd 12 01 b1 00 00 23 1e 22 38 22 ce 00 00 00 00 00 00 00 00 7b ff ]
02-19 17:46:10.175 D/TunerPresenter(15794): handleTunerRawData: b1 0 0 23 1e 22 38 22 ce 0 0 0 0 0 0 0 0 
02-19 17:46:10.179 D/TunerManagerForExt(15794): FMRadio main (TunerManagerForExt.java:147) onTunerPresetListChanged:  - mBand: 0 - mPresetIndex: 0 - mFrequency: 8990 - index: 0 - preset: 8760 - index: 1 - preset: 8910 - index: 2 - preset: 0 - index: 3 - preset: 0 - index: 4 - preset: 0 - index: 5 - preset: 0
02-19 17:46:10.220 E/mcu_services( 5512): MCU2APP : [ff fe fd 12 01 b1 00 00 23 23 22 38 22 ce 00 00 00 00 00 00 00 00 46 ff ]
02-19 17:46:10.224 D/TunerPresenter(15794): handleTunerRawData: b1 0 0 23 23 22 38 22 ce 0 0 0 0 0 0 0 0 
02-19 17:46:10.227 D/TunerManagerForExt(15794): FMRadio main (TunerManagerForExt.java:147) onTunerPresetListChanged:  - mBand: 0 - mPresetIndex: 0 - mFrequency: 8995 - index: 0 - preset: 8760 - index: 1 - preset: 8910 - index: 2 - preset: 0 - index: 3 - preset: 0 - index: 4 - preset: 0 - index: 5 - preset: 0
02-19 17:46:10.270 E/mcu_services( 5512): MCU2APP : [ff fe fd 12 01 b1 00 00 23 28 22 38 22 ce 00 00 00 00 00 00 00 00 4d ff ]
02-19 17:46:10.274 D/TunerPresenter(15794): handleTunerRawData: b1 0 0 23 28 22 38 22 ce 0 0 0 0 0 0 0 0 
02-19 17:46:10.277 D/TunerManagerForExt(15794): FMRadio main (TunerManagerForExt.java:147) onTunerPresetListChanged:  - mBand: 0 - mPresetIndex: 0 - mFrequency: 9000 - index: 0 - preset: 8760 - index: 1 - preset: 8910 - index: 2 - preset: 0 - index: 3 - preset: 0 - index: 4 - preset: 0 - index: 5 - preset: 0
02-19 17:46:10.320 E/mcu_services( 5512): MCU2APP : [ff fe fd 12 01 b1 00 00 23 2d 22 38 22 ce 00 00 00 00 00 00 00 00 48 ff ]
02-19 17:46:10.324 D/TunerPresenter(15794): handleTunerRawData: b1 0 0 23 2d 22 38 22 ce 0 0 0 0 0 0 0 0 
02-19 17:46:10.327 D/TunerManagerForExt(15794): FMRadio main (TunerManagerForExt.java:147) onTunerPresetListChanged:  - mBand: 0 - mPresetIndex: 0 - mFrequency: 9005 - index: 0 - preset: 8760 - index: 1 - preset: 8910 - index: 2 - preset: 0 - index: 3 - preset: 0 - index: 4 - preset: 0 - index: 5 - preset: 0
02-19 17:46:10.370 E/mcu_services( 5512): MCU2APP : [ff fe fd 12 01 b1 00 00 23 32 22 38 22 ce 00 00 00 00 00 00 00 00 57 ff ]
02-19 17:46:10.374 D/TunerPresenter(15794): handleTunerRawData: b1 0 0 23 32 22 38 22 ce 0 0 0 0 0 0 0 0 
02-19 17:46:10.377 D/TunerManagerForExt(15794): FMRadio main (TunerManagerForExt.java:147) onTunerPresetListChanged:  - mBand: 0 - mPresetIndex: 0 - mFrequency: 9010 - index: 0 - preset: 8760 - index: 1 - preset: 8910 - index: 2 - preset: 0 - index: 3 - preset: 0 - index: 4 - preset: 0 - index: 5 - preset: 0
02-19 17:46:10.419 E/mcu_services( 5512): MCU2APP : [ff fe fd 12 01 b1 00 00 23 37 22 38 22 ce 23 32 00 00 00 00 00 00 43 ff ]
02-19 17:46:10.421 D/TunerPresenter(15794): handleTunerRawData: b1 0 0 23 37 22 38 22 ce 23 32 0 0 0 0 0 0 
02-19 17:46:10.424 D/TunerManagerForExt(15794): FMRadio main (TunerManagerForExt.java:147) onTunerPresetListChanged:  - mBand: 0 - mPresetIndex: 0 - mFrequency: 9015 - index: 0 - preset: 8760 - index: 1 - preset: 8910 - index: 2 - preset: 9010 - index: 3 - preset: 0 - index: 4 - preset: 0 - index: 5 - preset: 0
02-19 17:46:10.469 E/mcu_services( 5512): MCU2APP : [ff fe fd 12 01 b1 00 00 23 3c 22 38 22 ce 23 32 00 00 00 00 00 00 48 ff ]
02-19 17:46:10.473 D/TunerPresenter(15794): handleTunerRawData: b1 0 0 23 3c 22 38 22 ce 23 32 0 0 0 0 0 0 
02-19 17:46:10.476 D/TunerManagerForExt(15794): FMRadio main (TunerManagerForExt.java:147) onTunerPresetListChanged:  - mBand: 0 - mPresetIndex: 0 - mFrequency: 9020 - index: 0 - preset: 8760 - index: 1 - preset: 8910 - index: 2 - preset: 9010 - index: 3 - preset: 0 - index: 4 - preset: 0 - index: 5 - preset: 0
02-19 17:46:10.519 E/mcu_services( 5512): MCU2APP : [ff fe fd 12 01 b1 00 00 23 41 22 38 22 ce 23 32 00 00 00 00 00 00 35 ff ]
02-19 17:46:10.521 D/TunerPresenter(15794): handleTunerRawData: b1 0 0 23 41 22 38 22 ce 23 32 0 0 0 0 0 0 
02-19 17:46:10.524 D/TunerManagerForExt(15794): FMRadio main (TunerManagerForExt.java:147) onTunerPresetListChanged:  - mBand: 0 - mPresetIndex: 0 - mFrequency: 9025 - index: 0 - preset: 8760 - index: 1 - preset: 8910 - index: 2 - preset: 9010 - index: 3 - preset: 0 - index: 4 - preset: 0 - index: 5 - preset: 0
02-19 17:46:10.528 E/mcu_services( 5512): APP2MCU - writeToUartNormal : [ff fd fe 05 01 a0 08 00 00 a9 ff ]
02-19 17:46:10.529 D/K706RadioManager( 2129): CMD Enviado: sub=0x08 p1=0x00 p2=0x00
02-19 17:46:10.529 D/K706RadioManager( 2129): AutoScan iniciado (SUB=0x08)
02-19 17:46:10.533 E/mcu_services( 5512): MCU2APP : [ff fe fd 12 01 b1 00 00 23 41 22 38 22 ce 23 32 00 00 00 00 00 00 35 ff ]
02-19 17:46:10.540 D/TunerPresenter(15794): handleTunerRawData: b1 0 0 23 41 22 38 22 ce 23 32 0 0 0 0 0 0 
02-19 17:46:10.542 D/TunerManagerForExt(15794): FMRadio main (TunerManagerForExt.java:147) onTunerPresetListChanged:  - mBand: 0 - mPresetIndex: 0 - mFrequency: 9025 - index: 0 - preset: 8760 - index: 1 - preset: 8910 - index: 2 - preset: 9010 - index: 3 - preset: 0 - index: 4 - preset: 0 - index: 5 - preset: 0
02-19 17:46:10.606 E/mcu_services( 5512): MCU2APP : [ff fe fd 03 01 b0 50 e1 ff ]
02-19 17:46:10.610 D/TunerPresenter(15794): handleTunerRawData: b0 50 
02-19 17:46:10.610 D/TunerManagerForExt(15794): FMRadio main (TunerManagerForExt.java:108) onTunerInfoChanged: onTunerInfoChanged - flag: 80 - asFlag: 0 - psFlag: 0 - scanFlag: 0 - seekFlag: 0 - mStFlag: 1 - mLocFlag: 0 - mIsSearching: true - mTempSearching: true
02-19 17:46:10.610 D/TunerManagerForExt(15794): FMRadio main (TunerManagerForExt.java:118) onTunerInfoChanged: mIsSearching: false - mTempSearching: false - asFlag: 0 - seekFlag: 0
02-19 17:46:10.804 E/mcu_services( 5512): MCU2APP : [ff fe fd 03 01 b0 40 f1 ff ]
02-19 17:46:10.808 D/TunerPresenter(15794): handleTunerRawData: b0 40 
02-19 17:46:10.808 D/TunerManagerForExt(15794): FMRadio main (TunerManagerForExt.java:108) onTunerInfoChanged: onTunerInfoChanged - flag: 64 - asFlag: 0 - psFlag: 0 - scanFlag: 0 - seekFlag: 0 - mStFlag: 0 - mLocFlag: 0 - mIsSearching: false - mTempSearching: false
02-19 17:46:10.808 D/TunerManagerForExt(15794): FMRadio main (TunerManagerForExt.java:118) onTunerInfoChanged: mIsSearching: false - mTempSearching: false - asFlag: 0 - seekFlag: 0
02-19 17:46:11.069 E/mcu_services( 5512): APP2MCU - writeToUart: [ff fd fe 0a 01 40 2e c2 04 01 41 23 00 d4 1e ff ]
02-19 17:46:12.197 E/mcu_services( 5512): MCU2APP : [ff fe fd 03 01 29 6d 45 ff ]
02-19 17:46:12.249 E/mcu_services( 5512): APP2MCU - writeToUartNormal : [ff fd fe 05 01 a0 06 01 00 a6 ff ]
02-19 17:46:12.252 D/K706RadioManager( 2129): CMD Enviado: sub=0x06 p1=0x01 p2=0x00
02-19 17:46:12.252 D/K706RadioManager( 2129): Band -> 1
02-19 17:46:12.408 E/mcu_services( 5512): MCU2APP : [ff fe fd 12 01 b1 01 00 22 2e 00 00 00 00 00 00 00 00 00 00 00 00 bd ff ]
02-19 17:46:12.408 E/mcu_services( 5512): MCU2APP : [ff fe fd 03 01 b0 40 f1 ff ]
02-19 17:46:12.411 D/TunerPresenter(15794): handleTunerRawData: b1 1 0 22 2e 0 0 0 0 0 0 0 0 0 0 0 0 
02-19 17:46:12.418 D/TunerManagerForExt(15794): FMRadio main (TunerManagerForExt.java:147) onTunerPresetListChanged:  - mBand: 1 - mPresetIndex: 0 - mFrequency: 8750 - index: 0 - preset: 0 - index: 1 - preset: 0 - index: 2 - preset: 0 - index: 3 - preset: 0 - index: 4 - preset: 0 - index: 5 - preset: 0
02-19 17:46:12.419 D/TunerPresenter(15794): handleTunerRawData: b0 40 
02-19 17:46:12.419 D/TunerManagerForExt(15794): FMRadio main (TunerManagerForExt.java:108) onTunerInfoChanged: onTunerInfoChanged - flag: 64 - asFlag: 0 - psFlag: 0 - scanFlag: 0 - seekFlag: 0 - mStFlag: 0 - mLocFlag: 0 - mIsSearching: false - mTempSearching: false
02-19 17:46:12.419 D/TunerManagerForExt(15794): FMRadio main (TunerManagerForExt.java:118) onTunerInfoChanged: mIsSearching: false - mTempSearching: false - asFlag: 0 - seekFlag: 0
02-19 17:46:12.970 E/mcu_services( 5512): APP2MCU - writeToUart: [ff fd fe 0a 01 40 2e c2 04 02 2e 22 00 e7 40 ff ]
02-19 17:46:13.148 E/mcu_services( 5512): APP2MCU - writeToUartNormal : [ff fd fe 05 01 a0 06 02 00 a5 ff ]
02-19 17:46:13.149 D/K706RadioManager( 2129): CMD Enviado: sub=0x06 p1=0x02 p2=0x00
02-19 17:46:13.149 D/K706RadioManager( 2129): Band -> 2
02-19 17:46:13.313 E/mcu_services( 5512): MCU2APP : [ff fe fd 12 01 b1 02 00 22 2e 00 00 00 00 00 00 00 00 00 00 00 00 be ff ]
02-19 17:46:13.313 E/mcu_services( 5512): MCU2APP : [ff fe fd 03 01 b0 40 f1 ff ]
02-19 17:46:13.315 D/TunerPresenter(15794): handleTunerRawData: b1 2 0 22 2e 0 0 0 0 0 0 0 0 0 0 0 0 
02-19 17:46:13.321 D/TunerManagerForExt(15794): FMRadio main (TunerManagerForExt.java:147) onTunerPresetListChanged:  - mBand: 2 - mPresetIndex: 0 - mFrequency: 8750 - index: 0 - preset: 0 - index: 1 - preset: 0 - index: 2 - preset: 0 - index: 3 - preset: 0 - index: 4 - preset: 0 - index: 5 - preset: 0
02-19 17:46:13.322 D/TunerPresenter(15794): handleTunerRawData: b0 40 
02-19 17:46:13.323 D/TunerManagerForExt(15794): FMRadio main (TunerManagerForExt.java:108) onTunerInfoChanged: onTunerInfoChanged - flag: 64 - asFlag: 0 - psFlag: 0 - scanFlag: 0 - seekFlag: 0 - mStFlag: 0 - mLocFlag: 0 - mIsSearching: false - mTempSearching: false
02-19 17:46:13.323 D/TunerManagerForExt(15794): FMRadio main (TunerManagerForExt.java:118) onTunerInfoChanged: mIsSearching: false - mTempSearching: false - asFlag: 0 - seekFlag: 0
02-19 17:46:13.846 E/mcu_services( 5512): APP2MCU - writeToUart: [ff fd fe 0a 01 40 2e c2 04 03 2e 22 00 e6 40 ff ]
02-19 17:46:13.880 E/mcu_services( 5512): APP2MCU - writeToUartNormal : [ff fd fe 05 01 a0 06 03 00 a4 ff ]
02-19 17:46:13.882 D/K706RadioManager( 2129): CMD Enviado: sub=0x06 p1=0x03 p2=0x00
02-19 17:46:13.882 D/K706RadioManager( 2129): Band -> 3
02-19 17:46:14.019 E/mcu_services( 5512): MCU2APP : [ff fe fd 12 01 b1 03 01 02 0a 02 0a 02 5b 03 e7 05 7c 06 54 02 0a 2c ff ]
02-19 17:46:14.019 E/mcu_services( 5512): MCU2APP : [ff fe fd 03 01 b0 40 f1 ff ]
02-19 17:46:14.021 D/TunerPresenter(15794): handleTunerRawData: b1 3 1 2 a 2 a 2 5b 3 e7 5 7c 6 54 2 a 
02-19 17:46:14.027 D/TunerManagerForExt(15794): FMRadio main (TunerManagerForExt.java:147) onTunerPresetListChanged:  - mBand: 3 - mPresetIndex: 1 - mFrequency: 522 - index: 0 - preset: 522 - index: 1 - preset: 603 - index: 2 - preset: 999 - index: 3 - preset: 1404 - index: 4 - preset: 1620 - index: 5 - preset: 522
02-19 17:46:14.028 D/TunerPresenter(15794): handleTunerRawData: b0 40 
02-19 17:46:14.028 D/TunerManagerForExt(15794): FMRadio main (TunerManagerForExt.java:108) onTunerInfoChanged: onTunerInfoChanged - flag: 64 - asFlag: 0 - psFlag: 0 - scanFlag: 0 - seekFlag: 0 - mStFlag: 0 - mLocFlag: 0 - mIsSearching: false - mTempSearching: false
02-19 17:46:14.028 D/TunerManagerForExt(15794): FMRadio main (TunerManagerForExt.java:118) onTunerInfoChanged: mIsSearching: false - mTempSearching: false - asFlag: 0 - seekFlag: 0
02-19 17:46:14.514 E/mcu_services( 5512): MCU2APP : [ff fe fd 03 01 29 6d 45 ff ]
02-19 17:46:14.573 E/mcu_services( 5512): APP2MCU - writeToUart: [ff fd fe 0a 01 40 2e c2 04 11 0a 02 01 1b aa ff ]
02-19 17:46:14.626 E/mcu_services( 5512): APP2MCU - writeToUartNormal : [ff fd fe 05 01 a0 06 04 00 a3 ff ]
02-19 17:46:14.628 D/K706RadioManager( 2129): CMD Enviado: sub=0x06 p1=0x04 p2=0x00
02-19 17:46:14.628 D/K706RadioManager( 2129): Band -> 4
02-19 17:46:14.824 E/mcu_services( 5512): MCU2APP : [ff fe fd 12 01 b1 04 01 02 0a 02 0a 02 5b 03 e7 05 7c 06 54 02 0a 2b ff ]
02-19 17:46:14.825 E/mcu_services( 5512): MCU2APP : [ff fe fd 03 01 b0 40 f1 ff ]
02-19 17:46:14.829 D/TunerPresenter(15794): handleTunerRawData: b1 4 1 2 a 2 a 2 5b 3 e7 5 7c 6 54 2 a 
02-19 17:46:14.835 D/TunerManagerForExt(15794): FMRadio main (TunerManagerForExt.java:147) onTunerPresetListChanged:  - mBand: 4 - mPresetIndex: 1 - mFrequency: 522 - index: 0 - preset: 522 - index: 1 - preset: 603 - index: 2 - preset: 999 - index: 3 - preset: 1404 - index: 4 - preset: 1620 - index: 5 - preset: 522
02-19 17:46:14.836 D/TunerPresenter(15794): handleTunerRawData: b0 40 
02-19 17:46:14.836 D/TunerManagerForExt(15794): FMRadio main (TunerManagerForExt.java:108) onTunerInfoChanged: onTunerInfoChanged - flag: 64 - asFlag: 0 - psFlag: 0 - scanFlag: 0 - seekFlag: 0 - mStFlag: 0 - mLocFlag: 0 - mIsSearching: false - mTempSearching: false
02-19 17:46:14.836 D/TunerManagerForExt(15794): FMRadio main (TunerManagerForExt.java:118) onTunerInfoChanged: mIsSearching: false - mTempSearching: false - asFlag: 0 - seekFlag: 0
02-19 17:46:15.190 E/mcu_services( 5512): APP2MCU - writeToUartNormal : [ff fd fe 05 01 a0 06 00 00 a7 ff ]
02-19 17:46:15.192 D/K706RadioManager( 2129): CMD Enviado: sub=0x06 p1=0x00 p2=0x00
02-19 17:46:15.192 D/K706RadioManager( 2129): Band -> 0
02-19 17:46:15.332 E/mcu_services( 5512): MCU2APP : [ff fe fd 12 01 b1 00 00 23 41 22 38 22 ce 23 32 00 00 00 00 00 00 35 ff ]
02-19 17:46:15.332 E/mcu_services( 5512): MCU2APP : [ff fe fd 03 01 b0 40 f1 ff ]
02-19 17:46:15.335 D/TunerPresenter(15794): handleTunerRawData: b1 0 0 23 41 22 38 22 ce 23 32 0 0 0 0 0 0 
02-19 17:46:15.342 D/TunerManagerForExt(15794): FMRadio main (TunerManagerForExt.java:147) onTunerPresetListChanged:  - mBand: 0 - mPresetIndex: 0 - mFrequency: 9025 - index: 0 - preset: 8760 - index: 1 - preset: 8910 - index: 2 - preset: 9010 - index: 3 - preset: 0 - index: 4 - preset: 0 - index: 5 - preset: 0
02-19 17:46:15.343 D/TunerPresenter(15794): handleTunerRawData: b0 40 
02-19 17:46:15.343 D/TunerManagerForExt(15794): FMRadio main (TunerManagerForExt.java:108) onTunerInfoChanged: onTunerInfoChanged - flag: 64 - asFlag: 0 - psFlag: 0 - scanFlag: 0 - seekFlag: 0 - mStFlag: 0 - mLocFlag: 0 - mIsSearching: false - mTempSearching: false
02-19 17:46:15.343 D/TunerManagerForExt(15794): FMRadio main (TunerManagerForExt.java:118) onTunerInfoChanged: mIsSearching: false - mTempSearching: false - asFlag: 0 - seekFlag: 0
02-19 17:46:15.358 E/mcu_services( 5512): APP2MCU - writeToUart: [ff fd fe 0a 01 40 2e c2 04 12 0a 02 01 1a a8 ff ]
02-19 17:46:15.872 E/mcu_services( 5512): APP2MCU - writeToUart: [ff fd fe 0a 01 40 2e c2 04 01 41 23 00 d4 1e ff ]
02-19 17:46:16.722 E/mcu_services( 5512): MCU2APP : [ff fe fd 03 01 29 6d 45 ff ]
02-19 17:46:18.711 E/mcu_services( 5512): MCU2APP : [ff fe fd 03 01 29 6d 45 ff ]
