--------- beginning of main
--------- beginning of system
02-19 21:10:27.801 E/mcu_services( 5512): MCU2APP : [ff fe fd 03 01 29 6d 45 ff ]
02-19 21:10:29.790 E/mcu_services( 5512): MCU2APP : [ff fe fd 03 01 29 6d 45 ff ]
02-19 21:10:31.778 E/mcu_services( 5512): MCU2APP : [ff fe fd 03 01 29 6d 45 ff ]
02-19 21:10:33.767 E/mcu_services( 5512): MCU2APP : [ff fe fd 03 01 29 6d 45 ff ]
02-19 21:10:35.756 E/mcu_services( 5512): MCU2APP : [ff fe fd 03 01 29 6d 45 ff ]
02-19 21:10:37.744 E/mcu_services( 5512): MCU2APP : [ff fe fd 03 01 29 6d 45 ff ]
02-19 21:10:38.548 D/K706RadioManager(17578): Got IMcuManager instance: android.qf.mcu.IMcuManager$Stub$Proxy@4ad3d2a
02-19 21:10:38.549 D/K706RadioManager(17578): Permissions requested successfully (Transact 1001)
02-19 21:10:38.549 D/K706RadioManager(17578): IMcuListener.Stub class found: android.qf.mcu.IMcuListener$Stub
02-19 21:10:38.549 D/K706RadioManager(17578):   Stub method: asInterface modifiers=9
02-19 21:10:38.549 D/K706RadioManager(17578):   Stub method: getDefaultImpl modifiers=9
02-19 21:10:38.549 D/K706RadioManager(17578):   Stub method: setDefaultImpl modifiers=9
02-19 21:10:38.549 D/K706RadioManager(17578):   Stub method: asBinder modifiers=1
02-19 21:10:38.549 D/K706RadioManager(17578):   Stub method: onTransact modifiers=1
02-19 21:10:38.549 D/K706RadioManager(17578): IMcuListener proxy created via Stub.asInterface: android.qf.mcu.IMcuListener$Stub$Proxy
02-19 21:10:38.550 E/mcu_services( 5512): RPC_RequestMcuInfoChangedListener - packageName: com.example.openradiofm
02-19 21:10:38.550 E/mcu_services( 5512): getReceiver - start - mReceivers.size: 4
02-19 21:10:38.550 E/mcu_services( 5512): create Receiver obj - mUid: 10131 - mPid: 17578 - mPackageName: com.example.openradiofm - mListener: android.qf.mcu.IMcuListener$Stub$Proxy@5f7d1e6 - mKey: android.os.BinderProxy@8219841
02-19 21:10:38.550 E/mcu_services( 5512): Receiver - create obj: com.qf.framework.mcu.McuManagerService$Receiver@8219841
02-19 21:10:38.550 E/mcu_services( 5512): getReceiver - end - mReceivers.size: 5
02-19 21:10:38.550 D/K706RadioManager(17578): ✓ Registered IMcuListener (AIDL Binder) successfully!
02-19 21:10:38.550 D/K706RadioManager(17578): RPC_SendMcuMsgData: OK
02-19 21:10:38.550 D/K706RadioManager(17578): RPC_SetVolumeMute(boolean): OK
02-19 21:10:38.551 D/K706RadioManager(17578): RPC_GetChannel: OK
02-19 21:10:38.551 D/K706RadioManager(17578): RPC_SetChannel(byte): OK
02-19 21:10:38.551 D/K706RadioManager(17578): === Métodos disponibles en IMcuManager ===
02-19 21:10:38.552 D/K706RadioManager(17578):   RPC_GetAmpSwitch() -> boolean
02-19 21:10:38.552 D/K706RadioManager(17578):   RPC_GetChannel() -> byte
02-19 21:10:38.552 D/K706RadioManager(17578):   RPC_GetEQData() -> byte[]
02-19 21:10:38.552 D/K706RadioManager(17578):   RPC_GetGisVoiceState() -> byte
02-19 21:10:38.552 D/K706RadioManager(17578):   RPC_GetMcuVer() -> byte[]
02-19 21:10:38.552 D/K706RadioManager(17578):   RPC_GetVolume() -> byte
02-19 21:10:38.552 D/K706RadioManager(17578):   RPC_GetVolumeMute() -> boolean
02-19 21:10:38.552 D/K706RadioManager(17578):   RPC_KeyCommand(byte, byte[]) -> void
02-19 21:10:38.552 D/K706RadioManager(17578):   RPC_McuCallbackFinished(IMcuListener) -> void
02-19 21:10:38.552 D/K706RadioManager(17578):   RPC_RemoveMcuInfoChangedListener(IMcuListener, String) -> void
02-19 21:10:38.552 D/K706RadioManager(17578):   RPC_RequestMcuInfoChangedListener(IMcuListener, String) -> void
02-19 21:10:38.552 D/K706RadioManager(17578):   RPC_SendAndroidStatus(int) -> void
02-19 21:10:38.552 D/K706RadioManager(17578):   RPC_SendCANInfo(byte[], int) -> void
02-19 21:10:38.552 D/K706RadioManager(17578):   RPC_SendHeadLightState(boolean) -> void
02-19 21:10:38.552 D/K706RadioManager(17578):   RPC_SendMCUData(byte[], int) -> void
02-19 21:10:38.552 D/K706RadioManager(17578):   RPC_SendMcuCmdData(byte, byte[], int) -> void
02-19 21:10:38.552 D/K706RadioManager(17578):   RPC_SendMcuMsgData(byte, byte[], int) -> void
02-19 21:10:38.552 D/K706RadioManager(17578):   RPC_SendSetQicaideng(byte[], int) -> void
02-19 21:10:38.552 D/K706RadioManager(17578):   RPC_SetAmpSwitch(boolean) -> void
02-19 21:10:38.552 D/K706RadioManager(17578):   RPC_SetChannel(byte) -> void
02-19 21:10:38.552 D/K706RadioManager(17578):   RPC_SetChannelGain(byte) -> void
02-19 21:10:38.552 D/K706RadioManager(17578):   RPC_SetCodecStatus(boolean) -> void
02-19 21:10:38.553 D/K706RadioManager(17578):   RPC_SetEQData(byte[]) -> void
02-19 21:10:38.553 D/K706RadioManager(17578):   RPC_SetGisVoice(byte) -> void
02-19 21:10:38.553 D/K706RadioManager(17578):   RPC_SetVolume(byte) -> void
02-19 21:10:38.553 D/K706RadioManager(17578):   RPC_SetVolumeMute(boolean) -> void
02-19 21:10:38.553 D/K706RadioManager(17578):   RPC_SetVolumeMuteEx(boolean, byte) -> void
02-19 21:10:38.553 D/K706RadioManager(17578):   RPC_SetVolumeMuteNoBroadcast(boolean) -> void
02-19 21:10:38.553 D/K706RadioManager(17578):   RPC_UpdateMCU(byte) -> void
02-19 21:10:38.553 D/K706RadioManager(17578):   RPC_UsbUpgrade(byte) -> void
02-19 21:10:38.553 D/K706RadioManager(17578): === INICIO SECUENCIA AUDIO FM V7.2d ===
02-19 21:10:38.553 E/mcu_services( 5512): RPC_SetVolumeMute - isMute: true
02-19 21:10:38.553 E/mcu_services( 5512): requestMute - isMute: true - time: 0 fromWhatPid=17578
02-19 21:10:38.554 E/mcu_services( 5512): APP2MCU - writeToUartNormal : [ff fd fe 04 01 82 01 00 82 ff ]
02-19 21:10:38.554 D/K706RadioManager(17578): Mute set to: true
02-19 21:10:38.554 D/K706RadioManager(17578): [1/7] setMute(true) OK
02-19 21:10:38.554 D/K706RadioManager(17578): [2/7] Radio Area notification sent (0xA0 0x0A 0x01 0x00)
02-19 21:10:38.560 E/mcu_services( 5512): MCU2APP : [ff fe fd 03 02 82 01 81 ff ]
02-19 21:10:38.560 E/mcu_services( 5512): ---发送队列剩余数据 --0 [ff fd fe 04 01 0a 01 00 0a ff ]
02-19 21:10:38.562 E/mcu_services( 5512): APP2MCU - writeToUart: [ff fd fe 04 01 0a 01 00 0a ff ]
02-19 21:10:38.567 E/mcu_services( 5512): APP2MCU - writeToUart: [ff fd fe 07 01 40 2e c4 01 8f ab 8e ff ]
02-19 21:10:38.567 E/McuManager( 4140): call RPC_SetChannel(4) from 4140
02-19 21:10:38.567 E/mcu_services( 5512): RPC_SetChannel - mode: 4 fromWhatpid=4140
02-19 21:10:38.567 E/mcu_services( 5512): audio channel change to MPU, current_audio_source=nothing
02-19 21:10:38.567 E/mcu_services( 5512): setVolType - oldVolType: media_type - newVolType: media_type - mode: 4 isCallStart=false
02-19 21:10:38.567 E/mcu_services( 5512): RPC_SetChannel - type: media_type - volume: 17
02-19 21:10:38.567 E/mcu_services( 5512): APP2MCU - writeToUartNormal : [ff fd fe 04 01 84 04 11 90 ff ]
02-19 21:10:38.569 D/K706RadioManager(17578): Audio Focus Granted
02-19 21:10:38.569 D/K706RadioManager(17578): [3/7] requestAudioFocus - PID 4140 debería responder con SetChannel(2)
02-19 21:10:38.580 E/mcu_services( 5512): MCU2APP : [ff fe fd 03 02 84 04 82 ff ]
02-19 21:10:38.580 E/mcu_services( 5512): ---发送队列剩余数据 --0 [ff fd fe 04 01 0a 01 00 0a ff ]
02-19 21:10:38.597 E/mcu_services( 5512): APP2MCU - writeToUart: [ff fd fe 07 01 40 2e c4 01 8f ab 8e ff ]
02-19 21:10:38.662 E/mcu_services( 5512): APP2MCU - writeToUart: [ff fd fe 04 01 0a 01 00 0a ff ]
02-19 21:10:38.670 D/K706RadioManager(17578): [5/7] Canal actual: 4
02-19 21:10:38.670 D/K706RadioManager(17578): [5/7] Canal NO es FM, forzando SetChannel(2)...
02-19 21:10:38.670 E/mcu_services( 5512): RPC_SetChannel - mode: 2 fromWhatpid=17578
02-19 21:10:38.670 E/mcu_services( 5512): audio channel change to MPU, current_audio_source=com.example.openradiofm
02-19 21:10:38.670 E/mcu_services( 5512): setVolType - oldVolType: media_type - newVolType: radio_type - mode: 2 isCallStart=false
02-19 21:10:38.671 E/mcu_services( 5512): RPC_SetChannel - type: radio_type - volume: 7
02-19 21:10:38.671 E/mcu_services( 5512): APP2MCU - writeToUartNormal : [ff fd fe 04 01 84 02 07 80 ff ]
02-19 21:10:38.672 D/K706RadioManager(17578): [5/7] RPC_SetChannel(2) forzado OK
02-19 21:10:38.674 D/K706RadioManager(17578): Set Audio Params: fm_radio_on=1;fm_mute=0
02-19 21:10:38.674 D/K706RadioManager(17578): [6/7] setAudioParams(on)
02-19 21:10:38.675 E/mcu_services( 5512): RPC_SetVolumeMute - isMute: false
02-19 21:10:38.675 E/mcu_services( 5512): requestMute - isMute: false - time: 0 fromWhatPid=17578
02-19 21:10:38.675 E/mcu_services( 5512): APP2MCU - writeToUartNormal : [ff fd fe 04 01 82 00 00 83 ff ]
02-19 21:10:38.675 D/K706RadioManager(17578): Mute set to: false
02-19 21:10:38.675 D/K706RadioManager(17578): [7/7] setMute(false) OK
02-19 21:10:38.675 D/K706RadioManager(17578): === FIN SECUENCIA AUDIO FM V7.2d ===
02-19 21:10:38.675 D/K706RadioManager(17578): K706RadioManager initialized and connected.
02-19 21:10:38.675 D/K706RadioManager(17578): Callback registrado
02-19 21:10:38.686 D/K706RadioManager(17578): Estado sincronizado manual: 87500 / B0
02-19 21:10:38.688 E/mcu_services( 5512): APP2MCU - writeToUart: [ff fd fe 07 01 40 2e c4 01 86 b4 98 ff ]
02-19 21:10:38.691 E/mcu_services( 5512): MCU2APP : [ff fe fd 12 01 b1 00 00 25 da 22 38 23 32 23 aa 23 be 24 04 24 36 62 ff ]
02-19 21:10:38.691 E/mcu_services( 5512): MCU2APP : [ff fe fd 03 01 b0 70 c1 ff ]
02-19 21:10:38.692 E/mcu_services( 5512): MCU2APP : [ff fe fd 03 01 b3 0c be ff ]
02-19 21:10:38.692 E/mcu_services( 5512): sendAckSuccess : [ff fd fe 02 02 b3 b1 ff ]
02-19 21:10:38.692 E/mcu_services( 5512): APP2MCU - writeToUart: [ff fd fe 02 02 b3 b1 ff ]
02-19 21:10:38.692 E/mcu_services( 5512): MCU2APP : [ff fe fd 03 02 84 02 84 ff ]
02-19 21:10:38.692 D/K706RadioManager(17578): IMcuListener.onTransact: code=1 flags=16
02-19 21:10:38.692 E/mcu_services( 5512): ---发送队列剩余数据 --0 [ff fd fe 04 01 0a 01 00 0a ff ]
02-19 21:10:38.692 E/mcu_services( 5512): MCU2APP : [ff fe fd 12 01 b1 00 00 25 da 22 38 23 32 23 aa 23 be 24 04 24 36 62 ff ]
02-19 21:10:38.692 E/mcu_services( 5512): MCU2APP : [ff fe fd 03 01 b0 70 c1 ff ]
02-19 21:10:38.692 E/mcu_services( 5512): MCU2APP : [ff fe fd 03 01 b3 0c be ff ]
02-19 21:10:38.693 E/mcu_services( 5512): sendAckSuccess : [ff fd fe 02 02 b3 b1 ff ]
02-19 21:10:38.693 E/mcu_services( 5512): MCU2APP : [ff fe fd 03 02 82 00 80 ff ]
02-19 21:10:38.693 E/mcu_services( 5512): APP2MCU - writeToUart: [ff fd fe 02 02 b3 b1 ff ]
02-19 21:10:38.693 E/mcu_services( 5512): ---发送队列剩余数据 --0 [ff fd fe 04 01 0a 01 00 0a ff ]
02-19 21:10:38.698 D/K706RadioManager(17578): >>> IMcuListener.onMcuInfoChanged received! data=B1 00 00 25 DA 22 38 23 32 23 AA 23 BE 24 04 24 36 
02-19 21:10:38.704 D/K706RadioManager(17578): MCU[0xB1] len=17 : B1 00 00 25 DA 22 38 23 32 23 AA 23 BE 24 04 24 36 
02-19 21:10:38.704 D/K706RadioManager(17578): PresetList: band=0 presetIdx=0 currentFreq=9690 firstFreq=9690 (offset=3)
02-19 21:10:38.705 D/K706RadioManager(17578): >>> FREQ: 87500 -> 96900 (MCU=9690, 96,90 MHz)
02-19 21:10:38.707 D/TunerPresenter(15794): handleTunerRawData: b1 0 0 25 da 22 38 23 32 23 aa 23 be 24 4 24 36 
02-19 21:10:38.707 D/TunerManagerForExt(15794): FMRadio main (TunerManagerForExt.java:147) onTunerPresetListChanged:  - mBand: 0 - mPresetIndex: 0 - mFrequency: 9690 - index: 0 - preset: 8760 - index: 1 - preset: 9010 - index: 2 - preset: 9130 - index: 3 - preset: 9150 - index: 4 - preset: 9220 - index: 5 - preset: 9270
02-19 21:10:38.707 D/K706RadioManager(17578): IMcuListener.onTransact: code=1 flags=16
02-19 21:10:38.708 D/K706RadioManager(17578): >>> IMcuListener.onMcuInfoChanged received! data=B0 70 
02-19 21:10:38.708 D/K706RadioManager(17578): MCU[0xB0] len=2 : B0 70 
02-19 21:10:38.709 D/K706RadioManager(17578): TunerInfo: flags=0x70 save=false AS=false finish=true valid=true ST=true LOC=false seek=false scan=false
02-19 21:10:38.710 D/K706RadioManager(17578): IMcuListener.onTransact: code=1 flags=16
02-19 21:10:38.711 D/K706RadioManager(17578): >>> IMcuListener.onMcuInfoChanged received! data=B3 0C 
02-19 21:10:38.711 D/K706RadioManager(17578): MCU[0xB3] len=2 : B3 0C 
02-19 21:10:38.712 D/K706RadioManager(17578): RDS B3 Flags: 0x0C
02-19 21:10:38.713 D/K706RadioManager(17578): IMcuListener.onTransact: code=1 flags=16
02-19 21:10:38.716 D/K706RadioManager(17578): >>> IMcuListener.onMcuInfoChanged received! data=B1 00 00 25 DA 22 38 23 32 23 AA 23 BE 24 04 24 36 
02-19 21:10:38.718 D/K706RadioManager(17578): MCU[0xB1] len=17 : B1 00 00 25 DA 22 38 23 32 23 AA 23 BE 24 04 24 36 
02-19 21:10:38.718 D/K706RadioManager(17578): PresetList: band=0 presetIdx=0 currentFreq=9690 firstFreq=9690 (offset=3)
02-19 21:10:38.719 D/TunerPresenter(15794): handleTunerRawData: b0 70 
02-19 21:10:38.719 E/mcu_services( 5512): APP2MCU - writeToUart: [ff fd fe 07 01 40 2e c4 01 06 34 98 ff ]
02-19 21:10:38.719 D/TunerManagerForExt(15794): FMRadio main (TunerManagerForExt.java:108) onTunerInfoChanged: onTunerInfoChanged - flag: 112 - asFlag: 0 - psFlag: 0 - scanFlag: 0 - seekFlag: 0 - mStFlag: 1 - mLocFlag: 1 - mIsSearching: false - mTempSearching: false
02-19 21:10:38.720 D/TunerManagerForExt(15794): FMRadio main (TunerManagerForExt.java:118) onTunerInfoChanged: mIsSearching: false - mTempSearching: false - asFlag: 0 - seekFlag: 0
02-19 21:10:38.721 D/K706RadioManager(17578): IMcuListener.onTransact: code=1 flags=16
02-19 21:10:38.721 D/TunerPresenter(15794): handleTunerRawData: b3 c 
02-19 21:10:38.721 D/K706RadioManager(17578): >>> IMcuListener.onMcuInfoChanged received! data=B0 70 
02-19 21:10:38.722 D/K706RadioManager(17578): MCU[0xB0] len=2 : B0 70 
02-19 21:10:38.722 D/K706RadioManager(17578): TunerInfo: flags=0x70 save=false AS=false finish=true valid=true ST=true LOC=false seek=false scan=false
02-19 21:10:38.724 D/K706RadioManager(17578): IMcuListener.onTransact: code=1 flags=16
02-19 21:10:38.724 D/K706RadioManager(17578): >>> IMcuListener.onMcuInfoChanged received! data=B3 0C 
02-19 21:10:38.725 D/K706RadioManager(17578): MCU[0xB3] len=2 : B3 0C 
02-19 21:10:38.725 D/K706RadioManager(17578): RDS B3 Flags: 0x0C
02-19 21:10:38.729 D/TunerManagerForExt(15794): FMRadio main (TunerManagerForExt.java:174) onTuneRdsInfo: onTuneRdsInfo - flag: 12 - mRdsAFSwitch: 0 - mRdsTASwitch: 0
02-19 21:10:38.730 D/TunerPresenter(15794): handleTunerRawData: b1 0 0 25 da 22 38 23 32 23 aa 23 be 24 4 24 36 
02-19 21:10:38.730 D/TunerManagerForExt(15794): FMRadio main (TunerManagerForExt.java:147) onTunerPresetListChanged:  - mBand: 0 - mPresetIndex: 0 - mFrequency: 9690 - index: 0 - preset: 8760 - index: 1 - preset: 9010 - index: 2 - preset: 9130 - index: 3 - preset: 9150 - index: 4 - preset: 9220 - index: 5 - preset: 9270
02-19 21:10:38.731 D/TunerPresenter(15794): handleTunerRawData: b0 70 
02-19 21:10:38.731 D/TunerManagerForExt(15794): FMRadio main (TunerManagerForExt.java:108) onTunerInfoChanged: onTunerInfoChanged - flag: 112 - asFlag: 0 - psFlag: 0 - scanFlag: 0 - seekFlag: 0 - mStFlag: 1 - mLocFlag: 1 - mIsSearching: false - mTempSearching: false
02-19 21:10:38.731 D/TunerManagerForExt(15794): FMRadio main (TunerManagerForExt.java:118) onTunerInfoChanged: mIsSearching: false - mTempSearching: false - asFlag: 0 - seekFlag: 0
02-19 21:10:38.731 D/TunerPresenter(15794): handleTunerRawData: b3 c 
02-19 21:10:38.735 D/TunerManagerForExt(15794): FMRadio main (TunerManagerForExt.java:174) onTuneRdsInfo: onTuneRdsInfo - flag: 12 - mRdsAFSwitch: 0 - mRdsTASwitch: 0
02-19 21:10:38.763 E/mcu_services( 5512): APP2MCU - writeToUart: [ff fd fe 04 01 0a 01 00 0a ff ]
02-19 21:10:38.840 E/mcu_services( 5512): MCU2APP : [ff fe fd 12 01 b1 00 00 25 da 22 38 23 32 23 aa 23 be 24 04 24 36 62 ff ]
02-19 21:10:38.841 E/mcu_services( 5512): MCU2APP : [ff fe fd 03 01 b0 70 c1 ff ]
02-19 21:10:38.842 D/K706RadioManager(17578): IMcuListener.onTransact: code=1 flags=16
02-19 21:10:38.851 D/K706RadioManager(17578): >>> IMcuListener.onMcuInfoChanged received! data=B1 00 00 25 DA 22 38 23 32 23 AA 23 BE 24 04 24 36 
02-19 21:10:38.854 D/K706RadioManager(17578): MCU[0xB1] len=17 : B1 00 00 25 DA 22 38 23 32 23 AA 23 BE 24 04 24 36 
02-19 21:10:38.854 D/K706RadioManager(17578): PresetList: band=0 presetIdx=0 currentFreq=9690 firstFreq=9690 (offset=3)
02-19 21:10:38.857 D/TunerPresenter(15794): handleTunerRawData: b1 0 0 25 da 22 38 23 32 23 aa 23 be 24 4 24 36 
02-19 21:10:38.858 D/K706RadioManager(17578): IMcuListener.onTransact: code=1 flags=16
02-19 21:10:38.859 D/K706RadioManager(17578): >>> IMcuListener.onMcuInfoChanged received! data=B0 70 
02-19 21:10:38.860 D/TunerManagerForExt(15794): FMRadio main (TunerManagerForExt.java:147) onTunerPresetListChanged:  - mBand: 0 - mPresetIndex: 0 - mFrequency: 9690 - index: 0 - preset: 8760 - index: 1 - preset: 9010 - index: 2 - preset: 9130 - index: 3 - preset: 9150 - index: 4 - preset: 9220 - index: 5 - preset: 9270
02-19 21:10:38.862 D/K706RadioManager(17578): MCU[0xB0] len=2 : B0 70 
02-19 21:10:38.862 D/K706RadioManager(17578): TunerInfo: flags=0x70 save=false AS=false finish=true valid=true ST=true LOC=false seek=false scan=false
02-19 21:10:38.863 E/mcu_services( 5512): APP2MCU - writeToUart: [ff fd fe 04 01 0a 01 00 0a ff ]
02-19 21:10:38.869 D/TunerPresenter(15794): handleTunerRawData: b0 70 
02-19 21:10:38.869 D/TunerManagerForExt(15794): FMRadio main (TunerManagerForExt.java:108) onTunerInfoChanged: onTunerInfoChanged - flag: 112 - asFlag: 0 - psFlag: 0 - scanFlag: 0 - seekFlag: 0 - mStFlag: 1 - mLocFlag: 1 - mIsSearching: false - mTempSearching: false
02-19 21:10:38.870 D/TunerManagerForExt(15794): FMRadio main (TunerManagerForExt.java:118) onTunerInfoChanged: mIsSearching: false - mTempSearching: false - asFlag: 0 - seekFlag: 0
02-19 21:10:38.920 E/mcu_services( 5512): MCU2APP : [ff fe fd 03 01 b4 05 b0 ff ]
02-19 21:10:38.921 E/mcu_services( 5512): MCU2APP : [ff fe fd 04 01 b5 00 0a be ff ]
02-19 21:10:38.921 E/mcu_services( 5512): sendAckSuccess : [ff fd fe 02 02 b4 b6 ff ]
02-19 21:10:38.921 E/mcu_services( 5512): APP2MCU - writeToUart: [ff fd fe 02 02 b4 b6 ff ]
02-19 21:10:38.921 E/mcu_services( 5512): sendAckSuccess : [ff fd fe 02 02 b5 b7 ff ]
02-19 21:10:38.921 E/mcu_services( 5512): APP2MCU - writeToUart: [ff fd fe 02 02 b5 b7 ff ]
02-19 21:10:38.922 D/K706RadioManager(17578): IMcuListener.onTransact: code=1 flags=16
02-19 21:10:38.922 D/K706RadioManager(17578): >>> IMcuListener.onMcuInfoChanged received! data=B4 05 
02-19 21:10:38.923 D/K706RadioManager(17578): MCU[0xB4] len=2 : B4 05 
02-19 21:10:38.923 D/K706RadioManager(17578): RDS B4 Flags: 0x05
02-19 21:10:38.924 D/TunerPresenter(15794): handleTunerRawData: b4 5 
02-19 21:10:38.924 D/TunerManagerForExt(15794): FMRadio main (TunerManagerForExt.java:195) onTuneRdsIndicateInfo: onTuneRdsIndicateInfo - flag: 5 - mRdsSwitch: 1
02-19 21:10:38.924 D/K706RadioManager(17578): IMcuListener.onTransact: code=1 flags=16
02-19 21:10:38.925 D/K706RadioManager(17578): >>> IMcuListener.onMcuInfoChanged received! data=B5 00 0A 
02-19 21:10:38.926 D/K706RadioManager(17578): MCU[0xB5] len=3 : B5 00 0A 
02-19 21:10:38.926 D/K706RadioManager(17578): RDS PTY (0xB5): 0
02-19 21:10:38.927 D/TunerPresenter(15794): handleTunerRawData: b5 0 a 
02-19 21:10:38.928 D/TunerManagerForExt(15794): FMRadio main (TunerManagerForExt.java:220) onTuneRdsPtyTypeInfo: onTuneRdsPtyTypeInfo - mRdsPtyType: 0
02-19 21:10:38.933 E/mcu_services( 5512): APP2MCU - writeToUart: [ff fd fe 08 01 40 2e c0 02 0c 30 01 90 ff ]
02-19 21:10:38.964 E/mcu_services( 5512): may be clear send failed data: [ff fd fe 04 01 0a 01 00 0a ff ]
02-19 21:10:39.833 E/mcu_services( 5512): MCU2APP : [ff fe fd 03 01 29 6d 45 ff ]
02-19 21:10:39.835 D/K706RadioManager(17578): IMcuListener.onTransact: code=1 flags=16
02-19 21:10:39.836 D/K706RadioManager(17578): >>> IMcuListener.onMcuInfoChanged received! data=29 6D 
02-19 21:10:39.837 D/K706RadioManager(17578): MCU[0x29] len=2 : 29 6D 
02-19 21:10:39.838 D/K706RadioManager(17578): Unknown MCU packet type: 0x29
02-19 21:10:41.507 E/mcu_services( 5512): MCU2APP : [ff fe fd 0a 01 b6 20 4c 4f 53 34 30 20 20 c3 ff ]
02-19 21:10:41.507 E/mcu_services( 5512): sendAckSuccess : [ff fd fe 02 02 b6 b4 ff ]
02-19 21:10:41.507 E/mcu_services( 5512): APP2MCU - writeToUart: [ff fd fe 02 02 b6 b4 ff ]
02-19 21:10:41.509 D/K706RadioManager(17578): IMcuListener.onTransact: code=1 flags=16
02-19 21:10:41.516 D/K706RadioManager(17578): >>> IMcuListener.onMcuInfoChanged received! data=B6 20 4C 4F 53 34 30 20 20 
02-19 21:10:41.521 D/K706RadioManager(17578): MCU[0xB6] len=9 : B6 20 4C 4F 53 34 30 20 20 
02-19 21:10:41.522 D/K706RadioManager(17578): RDS PS: 'LOS40'
02-19 21:10:41.524 D/TunerPresenter(15794): handleTunerRawData: b6 20 4c 4f 53 34 30 20 20 
02-19 21:10:41.524 D/TunerManagerForExt(15794): FMRadio main (TunerManagerForExt.java:234) onTuneRdsPSInfo: onTuneRdsPSInfo - len: 9 - data: b6 20 4c 4f 53 34 30 20 20 
02-19 21:10:41.524 D/TunerManagerForExt(15794): FMRadio main (TunerManagerForExt.java:258) onTuneRdsPSInfo: onTuneRdsPSInfo - mRdsPsInfo:  LOS40  
02-19 21:10:41.822 E/mcu_services( 5512): MCU2APP : [ff fe fd 03 01 29 6d 45 ff ]
02-19 21:10:41.823 D/K706RadioManager(17578): IMcuListener.onTransact: code=1 flags=16
02-19 21:10:41.824 D/K706RadioManager(17578): >>> IMcuListener.onMcuInfoChanged received! data=29 6D 
02-19 21:10:41.825 D/K706RadioManager(17578): MCU[0x29] len=2 : 29 6D 
02-19 21:10:41.826 D/K706RadioManager(17578): Unknown MCU packet type: 0x29
02-19 21:10:43.811 E/mcu_services( 5512): MCU2APP : [ff fe fd 03 01 29 6d 45 ff ]
02-19 21:10:43.812 D/K706RadioManager(17578): IMcuListener.onTransact: code=1 flags=16
02-19 21:10:43.814 D/K706RadioManager(17578): >>> IMcuListener.onMcuInfoChanged received! data=29 6D 
02-19 21:10:43.814 D/K706RadioManager(17578): MCU[0x29] len=2 : 29 6D 
02-19 21:10:43.815 D/K706RadioManager(17578): Unknown MCU packet type: 0x29
02-19 21:10:45.233 E/mcu_services( 5512): APP2MCU - writeToUartNormal : [ff fd fe 05 01 a0 07 01 00 a7 ff ]
02-19 21:10:45.234 D/K706RadioManager(17578): CMD Enviado: sub=0x07 p1=0x01 p2=0x00
02-19 21:10:45.234 D/K706RadioManager(17578): DX/Local toggle -> LOCAL
02-19 21:10:45.302 E/mcu_services( 5512): MCU2APP : [ff fe fd 03 01 b0 50 e1 ff ]
02-19 21:10:45.304 D/K706RadioManager(17578): IMcuListener.onTransact: code=1 flags=16
02-19 21:10:45.305 D/K706RadioManager(17578): >>> IMcuListener.onMcuInfoChanged received! data=B0 50 
02-19 21:10:45.306 D/K706RadioManager(17578): MCU[0xB0] len=2 : B0 50 
02-19 21:10:45.306 D/K706RadioManager(17578): TunerInfo: flags=0x50 save=false AS=false finish=true valid=false ST=true LOC=false seek=false scan=false
02-19 21:10:45.308 D/TunerPresenter(15794): handleTunerRawData: b0 50 
02-19 21:10:45.308 D/TunerManagerForExt(15794): FMRadio main (TunerManagerForExt.java:108) onTunerInfoChanged: onTunerInfoChanged - flag: 80 - asFlag: 0 - psFlag: 0 - scanFlag: 0 - seekFlag: 0 - mStFlag: 1 - mLocFlag: 0 - mIsSearching: false - mTempSearching: false
02-19 21:10:45.308 D/TunerManagerForExt(15794): FMRadio main (TunerManagerForExt.java:118) onTunerInfoChanged: mIsSearching: false - mTempSearching: false - asFlag: 0 - seekFlag: 0
02-19 21:10:45.799 E/mcu_services( 5512): MCU2APP : [ff fe fd 03 01 29 6d 45 ff ]
02-19 21:10:45.802 D/K706RadioManager(17578): IMcuListener.onTransact: code=1 flags=16
02-19 21:10:45.803 D/K706RadioManager(17578): >>> IMcuListener.onMcuInfoChanged received! data=29 6D 
02-19 21:10:45.804 D/K706RadioManager(17578): MCU[0x29] len=2 : 29 6D 
02-19 21:10:45.804 D/K706RadioManager(17578): Unknown MCU packet type: 0x29
02-19 21:10:46.494 E/mcu_services( 5512): APP2MCU - writeToUartNormal : [ff fd fe 05 01 a0 07 01 00 a7 ff ]
02-19 21:10:46.496 D/K706RadioManager(17578): CMD Enviado: sub=0x07 p1=0x01 p2=0x00
02-19 21:10:46.496 D/K706RadioManager(17578): DX/Local toggle -> LOCAL
02-19 21:10:46.595 E/mcu_services( 5512): MCU2APP : [ff fe fd 03 01 b0 70 c1 ff ]
02-19 21:10:46.597 D/K706RadioManager(17578): IMcuListener.onTransact: code=1 flags=16
02-19 21:10:46.598 D/K706RadioManager(17578): >>> IMcuListener.onMcuInfoChanged received! data=B0 70 
02-19 21:10:46.599 D/K706RadioManager(17578): MCU[0xB0] len=2 : B0 70 
02-19 21:10:46.600 D/K706RadioManager(17578): TunerInfo: flags=0x70 save=false AS=false finish=true valid=true ST=true LOC=false seek=false scan=false
02-19 21:10:46.601 D/TunerPresenter(15794): handleTunerRawData: b0 70 
02-19 21:10:46.602 D/TunerManagerForExt(15794): FMRadio main (TunerManagerForExt.java:108) onTunerInfoChanged: onTunerInfoChanged - flag: 112 - asFlag: 0 - psFlag: 0 - scanFlag: 0 - seekFlag: 0 - mStFlag: 1 - mLocFlag: 1 - mIsSearching: false - mTempSearching: false
02-19 21:10:46.602 D/TunerManagerForExt(15794): FMRadio main (TunerManagerForExt.java:118) onTunerInfoChanged: mIsSearching: false - mTempSearching: false - asFlag: 0 - seekFlag: 0
02-19 21:10:47.620 E/mcu_services( 5512): APP2MCU - writeToUartNormal : [ff fd fe 05 01 a0 07 01 00 a7 ff ]
02-19 21:10:47.621 D/K706RadioManager(17578): CMD Enviado: sub=0x07 p1=0x01 p2=0x00
02-19 21:10:47.622 D/K706RadioManager(17578): DX/Local toggle -> LOCAL
02-19 21:10:47.689 E/mcu_services( 5512): MCU2APP : [ff fe fd 03 01 b0 50 e1 ff ]
02-19 21:10:47.691 D/K706RadioManager(17578): IMcuListener.onTransact: code=1 flags=16
02-19 21:10:47.692 D/K706RadioManager(17578): >>> IMcuListener.onMcuInfoChanged received! data=B0 50 
02-19 21:10:47.693 D/K706RadioManager(17578): MCU[0xB0] len=2 : B0 50 
02-19 21:10:47.693 D/K706RadioManager(17578): TunerInfo: flags=0x50 save=false AS=false finish=true valid=false ST=true LOC=false seek=false scan=false
02-19 21:10:47.695 D/TunerPresenter(15794): handleTunerRawData: b0 50 
02-19 21:10:47.695 D/TunerManagerForExt(15794): FMRadio main (TunerManagerForExt.java:108) onTunerInfoChanged: onTunerInfoChanged - flag: 80 - asFlag: 0 - psFlag: 0 - scanFlag: 0 - seekFlag: 0 - mStFlag: 1 - mLocFlag: 0 - mIsSearching: false - mTempSearching: false
02-19 21:10:47.695 D/TunerManagerForExt(15794): FMRadio main (TunerManagerForExt.java:118) onTunerInfoChanged: mIsSearching: false - mTempSearching: false - asFlag: 0 - seekFlag: 0
02-19 21:10:47.788 E/mcu_services( 5512): MCU2APP : [ff fe fd 03 01 29 6d 45 ff ]
02-19 21:10:47.790 D/K706RadioManager(17578): IMcuListener.onTransact: code=1 flags=16
02-19 21:10:47.791 D/K706RadioManager(17578): >>> IMcuListener.onMcuInfoChanged received! data=29 6D 
02-19 21:10:47.793 D/K706RadioManager(17578): MCU[0x29] len=2 : 29 6D 
02-19 21:10:47.793 D/K706RadioManager(17578): Unknown MCU packet type: 0x29
02-19 21:10:48.281 E/mcu_services( 5512): APP2MCU - writeToUartNormal : [ff fd fe 05 01 a0 07 01 00 a7 ff ]
02-19 21:10:48.282 D/K706RadioManager(17578): CMD Enviado: sub=0x07 p1=0x01 p2=0x00
02-19 21:10:48.282 D/K706RadioManager(17578): DX/Local toggle -> LOCAL
02-19 21:10:48.285 E/mcu_services( 5512): MCU2APP : [ff fe fd 03 01 b0 70 c1 ff ]
02-19 21:10:48.287 D/K706RadioManager(17578): IMcuListener.onTransact: code=1 flags=16
02-19 21:10:48.288 D/K706RadioManager(17578): >>> IMcuListener.onMcuInfoChanged received! data=B0 70 
02-19 21:10:48.289 D/K706RadioManager(17578): MCU[0xB0] len=2 : B0 70 
02-19 21:10:48.290 D/K706RadioManager(17578): TunerInfo: flags=0x70 save=false AS=false finish=true valid=true ST=true LOC=false seek=false scan=false
02-19 21:10:48.293 D/TunerPresenter(15794): handleTunerRawData: b0 70 
02-19 21:10:48.293 D/TunerManagerForExt(15794): FMRadio main (TunerManagerForExt.java:108) onTunerInfoChanged: onTunerInfoChanged - flag: 112 - asFlag: 0 - psFlag: 0 - scanFlag: 0 - seekFlag: 0 - mStFlag: 1 - mLocFlag: 1 - mIsSearching: false - mTempSearching: false
02-19 21:10:48.294 D/TunerManagerForExt(15794): FMRadio main (TunerManagerForExt.java:118) onTunerInfoChanged: mIsSearching: false - mTempSearching: false - asFlag: 0 - seekFlag: 0
02-19 21:10:49.777 E/mcu_services( 5512): MCU2APP : [ff fe fd 03 01 29 6d 45 ff ]
02-19 21:10:49.780 D/K706RadioManager(17578): IMcuListener.onTransact: code=1 flags=16
02-19 21:10:49.781 D/K706RadioManager(17578): >>> IMcuListener.onMcuInfoChanged received! data=29 6D 
02-19 21:10:49.783 D/K706RadioManager(17578): MCU[0x29] len=2 : 29 6D 
02-19 21:10:49.784 D/K706RadioManager(17578): Unknown MCU packet type: 0x29
02-19 21:10:51.190 E/mcu_services( 5512): APP2MCU - writeToUartNormal : [ff fd fe 05 01 a0 07 01 00 a7 ff ]
02-19 21:10:51.192 D/K706RadioManager(17578): CMD Enviado: sub=0x07 p1=0x01 p2=0x00
02-19 21:10:51.192 D/K706RadioManager(17578): DX/Local toggle -> LOCAL
02-19 21:10:51.269 E/mcu_services( 5512): MCU2APP : [ff fe fd 03 01 b0 50 e1 ff ]
02-19 21:10:51.271 D/K706RadioManager(17578): IMcuListener.onTransact: code=1 flags=16
02-19 21:10:51.272 D/K706RadioManager(17578): >>> IMcuListener.onMcuInfoChanged received! data=B0 50 
02-19 21:10:51.273 D/K706RadioManager(17578): MCU[0xB0] len=2 : B0 50 
02-19 21:10:51.274 D/K706RadioManager(17578): TunerInfo: flags=0x50 save=false AS=false finish=true valid=false ST=true LOC=false seek=false scan=false
02-19 21:10:51.276 D/TunerPresenter(15794): handleTunerRawData: b0 50 
02-19 21:10:51.276 D/TunerManagerForExt(15794): FMRadio main (TunerManagerForExt.java:108) onTunerInfoChanged: onTunerInfoChanged - flag: 80 - asFlag: 0 - psFlag: 0 - scanFlag: 0 - seekFlag: 0 - mStFlag: 1 - mLocFlag: 0 - mIsSearching: false - mTempSearching: false
02-19 21:10:51.276 D/TunerManagerForExt(15794): FMRadio main (TunerManagerForExt.java:118) onTunerInfoChanged: mIsSearching: false - mTempSearching: false - asFlag: 0 - seekFlag: 0
02-19 21:10:51.766 E/mcu_services( 5512): MCU2APP : [ff fe fd 03 01 29 6d 45 ff ]
02-19 21:10:51.767 D/K706RadioManager(17578): IMcuListener.onTransact: code=1 flags=16
02-19 21:10:51.769 D/K706RadioManager(17578): >>> IMcuListener.onMcuInfoChanged received! data=29 6D 
02-19 21:10:51.771 D/K706RadioManager(17578): MCU[0x29] len=2 : 29 6D 
02-19 21:10:51.772 D/K706RadioManager(17578): Unknown MCU packet type: 0x29
02-19 21:10:53.755 E/mcu_services( 5512): MCU2APP : [ff fe fd 03 01 29 6d 45 ff ]
02-19 21:10:53.757 D/K706RadioManager(17578): IMcuListener.onTransact: code=1 flags=16
02-19 21:10:53.759 D/K706RadioManager(17578): >>> IMcuListener.onMcuInfoChanged received! data=29 6D 
02-19 21:10:53.760 D/K706RadioManager(17578): MCU[0x29] len=2 : 29 6D 
02-19 21:10:53.761 D/K706RadioManager(17578): Unknown MCU packet type: 0x29
02-19 21:10:55.744 E/mcu_services( 5512): MCU2APP : [ff fe fd 03 01 29 6d 45 ff ]
02-19 21:10:55.746 D/K706RadioManager(17578): IMcuListener.onTransact: code=1 flags=16
02-19 21:10:55.747 D/K706RadioManager(17578): >>> IMcuListener.onMcuInfoChanged received! data=29 6D 
02-19 21:10:55.749 D/K706RadioManager(17578): MCU[0x29] len=2 : 29 6D 
02-19 21:10:55.750 D/K706RadioManager(17578): Unknown MCU packet type: 0x29
02-19 21:10:57.733 E/mcu_services( 5512): MCU2APP : [ff fe fd 03 01 29 6d 45 ff ]
02-19 21:10:57.735 D/K706RadioManager(17578): IMcuListener.onTransact: code=1 flags=16
02-19 21:10:57.737 D/K706RadioManager(17578): >>> IMcuListener.onMcuInfoChanged received! data=29 6D 
02-19 21:10:57.738 D/K706RadioManager(17578): MCU[0x29] len=2 : 29 6D 
02-19 21:10:57.739 D/K706RadioManager(17578): Unknown MCU packet type: 0x29
02-19 21:10:59.722 E/mcu_services( 5512): MCU2APP : [ff fe fd 03 01 29 6d 45 ff ]
02-19 21:10:59.724 D/K706RadioManager(17578): IMcuListener.onTransact: code=1 flags=16
02-19 21:10:59.725 D/K706RadioManager(17578): >>> IMcuListener.onMcuInfoChanged received! data=29 6D 
02-19 21:10:59.726 D/K706RadioManager(17578): MCU[0x29] len=2 : 29 6D 
02-19 21:10:59.726 D/K706RadioManager(17578): Unknown MCU packet type: 0x29
02-19 21:11:01.711 E/mcu_services( 5512): MCU2APP : [ff fe fd 03 01 29 6d 45 ff ]
02-19 21:11:01.714 D/K706RadioManager(17578): IMcuListener.onTransact: code=1 flags=16
02-19 21:11:01.716 D/K706RadioManager(17578): >>> IMcuListener.onMcuInfoChanged received! data=29 6D 
02-19 21:11:01.718 D/K706RadioManager(17578): MCU[0x29] len=2 : 29 6D 
02-19 21:11:01.718 D/K706RadioManager(17578): Unknown MCU packet type: 0x29
02-19 21:11:03.228 E/mcu_services( 5512): APP2MCU - writeToUartNormal : [ff fd fe 05 01 a0 00 23 aa 28 ff ]
02-19 21:11:03.229 D/K706RadioManager(17578): CMD Enviado: sub=0x00 p1=0x23 p2=0xAA
02-19 21:11:03.230 D/K706RadioManager(17578): gotoFreq: input=91300 mcuFreq=9130 (h=0x23 l=0xAA)
02-19 21:11:03.294 E/mcu_services( 5512): MCU2APP : [ff fe fd 03 01 b0 50 e1 ff ]
02-19 21:11:03.296 D/K706RadioManager(17578): IMcuListener.onTransact: code=1 flags=16
02-19 21:11:03.297 D/K706RadioManager(17578): >>> IMcuListener.onMcuInfoChanged received! data=B0 50 
02-19 21:11:03.299 D/K706RadioManager(17578): MCU[0xB0] len=2 : B0 50 
02-19 21:11:03.300 D/K706RadioManager(17578): TunerInfo: flags=0x50 save=false AS=false finish=true valid=false ST=true LOC=false seek=false scan=false
02-19 21:11:03.302 D/TunerPresenter(15794): handleTunerRawData: b0 50 
02-19 21:11:03.302 D/TunerManagerForExt(15794): FMRadio main (TunerManagerForExt.java:108) onTunerInfoChanged: onTunerInfoChanged - flag: 80 - asFlag: 0 - psFlag: 0 - scanFlag: 0 - seekFlag: 0 - mStFlag: 1 - mLocFlag: 0 - mIsSearching: false - mTempSearching: false
02-19 21:11:03.302 D/TunerManagerForExt(15794): FMRadio main (TunerManagerForExt.java:118) onTunerInfoChanged: mIsSearching: false - mTempSearching: false - asFlag: 0 - seekFlag: 0
02-19 21:11:03.365 E/mcu_services( 5512): MCU2APP : [ff fe fd 03 01 b4 00 b5 ff ]
02-19 21:11:03.365 E/mcu_services( 5512): sendAckSuccess : [ff fd fe 02 02 b4 b6 ff ]
02-19 21:11:03.365 E/mcu_services( 5512): APP2MCU - writeToUart: [ff fd fe 02 02 b4 b6 ff ]
02-19 21:11:03.367 D/K706RadioManager(17578): IMcuListener.onTransact: code=1 flags=16
02-19 21:11:03.368 D/K706RadioManager(17578): >>> IMcuListener.onMcuInfoChanged received! data=B4 00 
02-19 21:11:03.369 D/K706RadioManager(17578): MCU[0xB4] len=2 : B4 00 
02-19 21:11:03.369 D/K706RadioManager(17578): RDS B4 Flags: 0x00
02-19 21:11:03.372 D/TunerPresenter(15794): handleTunerRawData: b4 0 
02-19 21:11:03.372 D/TunerManagerForExt(15794): FMRadio main (TunerManagerForExt.java:195) onTuneRdsIndicateInfo: onTuneRdsIndicateInfo - flag: 0 - mRdsSwitch: 0
02-19 21:11:03.423 E/mcu_services( 5512): MCU2APP : [ff fe fd 12 01 b1 00 03 23 aa 22 38 23 32 23 aa 23 be 24 04 24 36 17 ff ]
02-19 21:11:03.426 D/K706RadioManager(17578): IMcuListener.onTransact: code=1 flags=16
02-19 21:11:03.430 D/K706RadioManager(17578): >>> IMcuListener.onMcuInfoChanged received! data=B1 00 03 23 AA 22 38 23 32 23 AA 23 BE 24 04 24 36 
02-19 21:11:03.434 D/K706RadioManager(17578): MCU[0xB1] len=17 : B1 00 03 23 AA 22 38 23 32 23 AA 23 BE 24 04 24 36 
02-19 21:11:03.434 D/K706RadioManager(17578): PresetList: band=0 presetIdx=3 currentFreq=9130 firstFreq=9130 (offset=9)
02-19 21:11:03.437 D/TunerPresenter(15794): handleTunerRawData: b1 0 3 23 aa 22 38 23 32 23 aa 23 be 24 4 24 36 
02-19 21:11:03.438 D/TunerManagerForExt(15794): FMRadio main (TunerManagerForExt.java:147) onTunerPresetListChanged:  - mBand: 0 - mPresetIndex: 3 - mFrequency: 9130 - index: 0 - preset: 8760 - index: 1 - preset: 9010 - index: 2 - preset: 9130 - index: 3 - preset: 9150 - index: 4 - preset: 9220 - index: 5 - preset: 9270
02-19 21:11:03.683 E/mcu_services( 5512): MCU2APP : [ff fe fd 03 01 b4 04 b1 ff ]
02-19 21:11:03.684 E/mcu_services( 5512): MCU2APP : [ff fe fd 04 01 b5 00 01 b5 ff ]
02-19 21:11:03.684 E/mcu_services( 5512): sendAckSuccess : [ff fd fe 02 02 b4 b6 ff ]
02-19 21:11:03.684 E/mcu_services( 5512): APP2MCU - writeToUart: [ff fd fe 02 02 b4 b6 ff ]
02-19 21:11:03.684 E/mcu_services( 5512): sendAckSuccess : [ff fd fe 02 02 b5 b7 ff ]
02-19 21:11:03.685 E/mcu_services( 5512): APP2MCU - writeToUart: [ff fd fe 02 02 b5 b7 ff ]
02-19 21:11:03.686 D/K706RadioManager(17578): IMcuListener.onTransact: code=1 flags=16
02-19 21:11:03.687 D/K706RadioManager(17578): >>> IMcuListener.onMcuInfoChanged received! data=B4 04 
02-19 21:11:03.687 D/K706RadioManager(17578): MCU[0xB4] len=2 : B4 04 
02-19 21:11:03.687 D/K706RadioManager(17578): RDS B4 Flags: 0x04
02-19 21:11:03.689 D/TunerPresenter(15794): handleTunerRawData: b4 4 
02-19 21:11:03.690 D/TunerManagerForExt(15794): FMRadio main (TunerManagerForExt.java:195) onTuneRdsIndicateInfo: onTuneRdsIndicateInfo - flag: 4 - mRdsSwitch: 1
02-19 21:11:03.691 D/K706RadioManager(17578): IMcuListener.onTransact: code=1 flags=16
02-19 21:11:03.692 D/K706RadioManager(17578): >>> IMcuListener.onMcuInfoChanged received! data=B5 00 01 
02-19 21:11:03.693 D/K706RadioManager(17578): MCU[0xB5] len=3 : B5 00 01 
02-19 21:11:03.693 D/K706RadioManager(17578): RDS PTY (0xB5): 0
02-19 21:11:03.694 D/TunerPresenter(15794): handleTunerRawData: b5 0 1 
02-19 21:11:03.695 D/TunerManagerForExt(15794): FMRadio main (TunerManagerForExt.java:220) onTuneRdsPtyTypeInfo: onTuneRdsPtyTypeInfo - mRdsPtyType: 0
02-19 21:11:03.819 E/mcu_services( 5512): MCU2APP : [ff fe fd 03 01 29 6d 45 ff ]
02-19 21:11:03.821 D/K706RadioManager(17578): IMcuListener.onTransact: code=1 flags=16
02-19 21:11:03.822 D/K706RadioManager(17578): >>> IMcuListener.onMcuInfoChanged received! data=29 6D 
02-19 21:11:03.823 D/K706RadioManager(17578): MCU[0x29] len=2 : 29 6D 
02-19 21:11:03.823 D/K706RadioManager(17578): Unknown MCU packet type: 0x29
02-19 21:11:03.919 E/mcu_services( 5512): MCU2APP : [ff fe fd 03 01 b0 40 f1 ff ]
02-19 21:11:03.920 D/K706RadioManager(17578): IMcuListener.onTransact: code=1 flags=16
02-19 21:11:03.921 D/K706RadioManager(17578): >>> IMcuListener.onMcuInfoChanged received! data=B0 40 
02-19 21:11:03.922 D/K706RadioManager(17578): MCU[0xB0] len=2 : B0 40 
02-19 21:11:03.922 D/K706RadioManager(17578): TunerInfo: flags=0x40 save=false AS=false finish=false valid=false ST=true LOC=false seek=false scan=false
02-19 21:11:03.924 D/TunerPresenter(15794): handleTunerRawData: b0 40 
02-19 21:11:03.925 D/TunerManagerForExt(15794): FMRadio main (TunerManagerForExt.java:108) onTunerInfoChanged: onTunerInfoChanged - flag: 64 - asFlag: 0 - psFlag: 0 - scanFlag: 0 - seekFlag: 0 - mStFlag: 0 - mLocFlag: 0 - mIsSearching: false - mTempSearching: false
02-19 21:11:03.925 D/TunerManagerForExt(15794): FMRadio main (TunerManagerForExt.java:118) onTunerInfoChanged: mIsSearching: false - mTempSearching: false - asFlag: 0 - seekFlag: 0
02-19 21:11:05.808 E/mcu_services( 5512): MCU2APP : [ff fe fd 03 01 29 6d 45 ff ]
02-19 21:11:05.810 D/K706RadioManager(17578): IMcuListener.onTransact: code=1 flags=16
02-19 21:11:05.811 D/K706RadioManager(17578): >>> IMcuListener.onMcuInfoChanged received! data=29 6D 
02-19 21:11:05.811 D/K706RadioManager(17578): MCU[0x29] len=2 : 29 6D 
02-19 21:11:05.811 D/K706RadioManager(17578): Unknown MCU packet type: 0x29
02-19 21:11:07.797 E/mcu_services( 5512): MCU2APP : [ff fe fd 03 01 29 6d 45 ff ]
02-19 21:11:07.800 D/K706RadioManager(17578): IMcuListener.onTransact: code=1 flags=16
02-19 21:11:07.800 D/K706RadioManager(17578): >>> IMcuListener.onMcuInfoChanged received! data=29 6D 
02-19 21:11:07.801 D/K706RadioManager(17578): MCU[0x29] len=2 : 29 6D 
02-19 21:11:07.801 D/K706RadioManager(17578): Unknown MCU packet type: 0x29
02-19 21:11:09.786 E/mcu_services( 5512): MCU2APP : [ff fe fd 03 01 29 6d 45 ff ]
02-19 21:11:09.788 D/K706RadioManager(17578): IMcuListener.onTransact: code=1 flags=16
02-19 21:11:09.789 D/K706RadioManager(17578): >>> IMcuListener.onMcuInfoChanged received! data=29 6D 
02-19 21:11:09.790 D/K706RadioManager(17578): MCU[0x29] len=2 : 29 6D 
02-19 21:11:09.790 D/K706RadioManager(17578): Unknown MCU packet type: 0x29
02-19 21:11:11.775 E/mcu_services( 5512): MCU2APP : [ff fe fd 03 01 29 6d 45 ff ]
02-19 21:11:11.776 D/K706RadioManager(17578): IMcuListener.onTransact: code=1 flags=16
02-19 21:11:11.776 D/K706RadioManager(17578): >>> IMcuListener.onMcuInfoChanged received! data=29 6D 
02-19 21:11:11.777 D/K706RadioManager(17578): MCU[0x29] len=2 : 29 6D 
02-19 21:11:11.777 D/K706RadioManager(17578): Unknown MCU packet type: 0x29
02-19 21:11:13.764 E/mcu_services( 5512): MCU2APP : [ff fe fd 03 01 29 6d 45 ff ]
02-19 21:11:13.766 D/K706RadioManager(17578): IMcuListener.onTransact: code=1 flags=16
02-19 21:11:13.768 D/K706RadioManager(17578): >>> IMcuListener.onMcuInfoChanged received! data=29 6D 
02-19 21:11:13.769 D/K706RadioManager(17578): MCU[0x29] len=2 : 29 6D 
02-19 21:11:13.769 D/K706RadioManager(17578): Unknown MCU packet type: 0x29
02-19 21:11:15.751 E/mcu_services( 5512): APP2MCU - writeToUartNormal : [ff fd fe 05 01 a0 00 24 cc 49 ff ]
02-19 21:11:15.752 D/K706RadioManager(17578): CMD Enviado: sub=0x00 p1=0x24 p2=0xCC
02-19 21:11:15.752 D/K706RadioManager(17578): gotoFreq: input=94200 mcuFreq=9420 (h=0x24 l=0xCC)
02-19 21:11:15.753 E/mcu_services( 5512): MCU2APP : [ff fe fd 03 01 29 6d 45 ff ]
02-19 21:11:15.754 D/K706RadioManager(17578): IMcuListener.onTransact: code=1 flags=16
02-19 21:11:15.756 D/K706RadioManager(17578): >>> IMcuListener.onMcuInfoChanged received! data=29 6D 
02-19 21:11:15.757 D/K706RadioManager(17578): MCU[0x29] len=2 : 29 6D 
02-19 21:11:15.757 D/K706RadioManager(17578): Unknown MCU packet type: 0x29
02-19 21:11:15.824 E/mcu_services( 5512): MCU2APP : [ff fe fd 03 01 b0 40 f1 ff ]
02-19 21:11:15.826 D/K706RadioManager(17578): IMcuListener.onTransact: code=1 flags=16
02-19 21:11:15.827 D/K706RadioManager(17578): >>> IMcuListener.onMcuInfoChanged received! data=B0 40 
02-19 21:11:15.828 D/K706RadioManager(17578): MCU[0xB0] len=2 : B0 40 
02-19 21:11:15.829 D/K706RadioManager(17578): TunerInfo: flags=0x40 save=false AS=false finish=false valid=false ST=true LOC=false seek=false scan=false
02-19 21:11:15.830 D/TunerPresenter(15794): handleTunerRawData: b0 40 
02-19 21:11:15.831 D/TunerManagerForExt(15794): FMRadio main (TunerManagerForExt.java:108) onTunerInfoChanged: onTunerInfoChanged - flag: 64 - asFlag: 0 - psFlag: 0 - scanFlag: 0 - seekFlag: 0 - mStFlag: 0 - mLocFlag: 0 - mIsSearching: false - mTempSearching: false
02-19 21:11:15.831 D/TunerManagerForExt(15794): FMRadio main (TunerManagerForExt.java:118) onTunerInfoChanged: mIsSearching: false - mTempSearching: false - asFlag: 0 - seekFlag: 0
02-19 21:11:15.895 E/mcu_services( 5512): MCU2APP : [ff fe fd 03 01 b4 00 b5 ff ]
02-19 21:11:15.895 E/mcu_services( 5512): sendAckSuccess : [ff fd fe 02 02 b4 b6 ff ]
02-19 21:11:15.895 E/mcu_services( 5512): APP2MCU - writeToUart: [ff fd fe 02 02 b4 b6 ff ]
02-19 21:11:15.896 D/K706RadioManager(17578): IMcuListener.onTransact: code=1 flags=16
02-19 21:11:15.898 D/K706RadioManager(17578): >>> IMcuListener.onMcuInfoChanged received! data=B4 00 
02-19 21:11:15.899 D/K706RadioManager(17578): MCU[0xB4] len=2 : B4 00 
02-19 21:11:15.899 D/K706RadioManager(17578): RDS B4 Flags: 0x00
02-19 21:11:15.901 D/TunerPresenter(15794): handleTunerRawData: b4 0 
02-19 21:11:15.902 D/TunerManagerForExt(15794): FMRadio main (TunerManagerForExt.java:195) onTuneRdsIndicateInfo: onTuneRdsIndicateInfo - flag: 0 - mRdsSwitch: 0
02-19 21:11:15.973 E/mcu_services( 5512): MCU2APP : [ff fe fd 12 01 b1 00 00 24 cc 22 38 23 32 23 aa 23 be 24 04 24 36 75 ff ]
02-19 21:11:15.975 D/K706RadioManager(17578): IMcuListener.onTransact: code=1 flags=16
02-19 21:11:15.982 D/K706RadioManager(17578): >>> IMcuListener.onMcuInfoChanged received! data=B1 00 00 24 CC 22 38 23 32 23 AA 23 BE 24 04 24 36 
02-19 21:11:15.986 D/K706RadioManager(17578): MCU[0xB1] len=17 : B1 00 00 24 CC 22 38 23 32 23 AA 23 BE 24 04 24 36 
02-19 21:11:15.986 D/K706RadioManager(17578): PresetList: band=0 presetIdx=0 currentFreq=9420 firstFreq=9420 (offset=3)
02-19 21:11:15.989 D/TunerPresenter(15794): handleTunerRawData: b1 0 0 24 cc 22 38 23 32 23 aa 23 be 24 4 24 36 
02-19 21:11:15.990 D/TunerManagerForExt(15794): FMRadio main (TunerManagerForExt.java:147) onTunerPresetListChanged:  - mBand: 0 - mPresetIndex: 0 - mFrequency: 9420 - index: 0 - preset: 8760 - index: 1 - preset: 9010 - index: 2 - preset: 9130 - index: 3 - preset: 9150 - index: 4 - preset: 9220 - index: 5 - preset: 9270
02-19 21:11:16.114 E/mcu_services( 5512): MCU2APP : [ff fe fd 03 01 b4 05 b0 ff ]
02-19 21:11:16.114 E/mcu_services( 5512): MCU2APP : [ff fe fd 04 01 b5 00 01 b5 ff ]
02-19 21:11:16.114 E/mcu_services( 5512): sendAckSuccess : [ff fd fe 02 02 b4 b6 ff ]
02-19 21:11:16.114 E/mcu_services( 5512): APP2MCU - writeToUart: [ff fd fe 02 02 b4 b6 ff ]
02-19 21:11:16.114 E/mcu_services( 5512): sendAckSuccess : [ff fd fe 02 02 b5 b7 ff ]
02-19 21:11:16.114 E/mcu_services( 5512): APP2MCU - writeToUart: [ff fd fe 02 02 b5 b7 ff ]
02-19 21:11:16.115 D/K706RadioManager(17578): IMcuListener.onTransact: code=1 flags=16
02-19 21:11:16.116 D/K706RadioManager(17578): >>> IMcuListener.onMcuInfoChanged received! data=B4 05 
02-19 21:11:16.116 D/K706RadioManager(17578): MCU[0xB4] len=2 : B4 05 
02-19 21:11:16.117 D/K706RadioManager(17578): RDS B4 Flags: 0x05
02-19 21:11:16.118 D/TunerPresenter(15794): handleTunerRawData: b4 5 
02-19 21:11:16.119 D/TunerManagerForExt(15794): FMRadio main (TunerManagerForExt.java:195) onTuneRdsIndicateInfo: onTuneRdsIndicateInfo - flag: 5 - mRdsSwitch: 1
02-19 21:11:16.119 D/K706RadioManager(17578): IMcuListener.onTransact: code=1 flags=16
02-19 21:11:16.120 D/K706RadioManager(17578): >>> IMcuListener.onMcuInfoChanged received! data=B5 00 01 
02-19 21:11:16.121 D/K706RadioManager(17578): MCU[0xB5] len=3 : B5 00 01 
02-19 21:11:16.121 D/K706RadioManager(17578): RDS PTY (0xB5): 0
02-19 21:11:16.123 D/TunerPresenter(15794): handleTunerRawData: b5 0 1 
02-19 21:11:16.124 D/TunerManagerForExt(15794): FMRadio main (TunerManagerForExt.java:220) onTuneRdsPtyTypeInfo: onTuneRdsPtyTypeInfo - mRdsPtyType: 0
02-19 21:11:16.469 E/mcu_services( 5512): MCU2APP : [ff fe fd 03 01 b0 50 e1 ff ]
02-19 21:11:16.471 D/K706RadioManager(17578): IMcuListener.onTransact: code=1 flags=16
02-19 21:11:16.472 D/K706RadioManager(17578): >>> IMcuListener.onMcuInfoChanged received! data=B0 50 
02-19 21:11:16.472 D/K706RadioManager(17578): MCU[0xB0] len=2 : B0 50 
02-19 21:11:16.473 D/K706RadioManager(17578): TunerInfo: flags=0x50 save=false AS=false finish=true valid=false ST=true LOC=false seek=false scan=false
02-19 21:11:16.475 D/TunerPresenter(15794): handleTunerRawData: b0 50 
02-19 21:11:16.476 D/TunerManagerForExt(15794): FMRadio main (TunerManagerForExt.java:108) onTunerInfoChanged: onTunerInfoChanged - flag: 80 - asFlag: 0 - psFlag: 0 - scanFlag: 0 - seekFlag: 0 - mStFlag: 1 - mLocFlag: 0 - mIsSearching: false - mTempSearching: false
02-19 21:11:16.476 D/TunerManagerForExt(15794): FMRadio main (TunerManagerForExt.java:118) onTunerInfoChanged: mIsSearching: false - mTempSearching: false - asFlag: 0 - seekFlag: 0
02-19 21:11:17.861 E/mcu_services( 5512): MCU2APP : [ff fe fd 03 01 29 6d 45 ff ]
02-19 21:11:17.864 D/K706RadioManager(17578): IMcuListener.onTransact: code=1 flags=16
02-19 21:11:17.864 D/K706RadioManager(17578): >>> IMcuListener.onMcuInfoChanged received! data=29 6D 
02-19 21:11:17.865 D/K706RadioManager(17578): MCU[0x29] len=2 : 29 6D 
02-19 21:11:17.865 D/K706RadioManager(17578): Unknown MCU packet type: 0x29
02-19 21:11:18.699 E/mcu_services( 5512): MCU2APP : [ff fe fd 0a 01 b6 20 20 53 45 52 20 20 20 d3 ff ]
02-19 21:11:18.700 E/mcu_services( 5512): sendAckSuccess : [ff fd fe 02 02 b6 b4 ff ]
02-19 21:11:18.700 E/mcu_services( 5512): APP2MCU - writeToUart: [ff fd fe 02 02 b6 b4 ff ]
02-19 21:11:18.701 D/K706RadioManager(17578): IMcuListener.onTransact: code=1 flags=16
02-19 21:11:18.703 D/K706RadioManager(17578): >>> IMcuListener.onMcuInfoChanged received! data=B6 20 20 53 45 52 20 20 20 
02-19 21:11:18.705 D/K706RadioManager(17578): MCU[0xB6] len=9 : B6 20 20 53 45 52 20 20 20 
02-19 21:11:18.705 D/K706RadioManager(17578): RDS PS: 'SER'
02-19 21:11:18.707 D/TunerPresenter(15794): handleTunerRawData: b6 20 20 53 45 52 20 20 20 
02-19 21:11:18.707 D/TunerManagerForExt(15794): FMRadio main (TunerManagerForExt.java:234) onTuneRdsPSInfo: onTuneRdsPSInfo - len: 9 - data: b6 20 20 53 45 52 20 20 20 
02-19 21:11:18.707 D/TunerManagerForExt(15794): FMRadio main (TunerManagerForExt.java:258) onTuneRdsPSInfo: onTuneRdsPSInfo - mRdsPsInfo:   SER   
02-19 21:11:19.850 E/mcu_services( 5512): MCU2APP : [ff fe fd 03 01 29 6d 45 ff ]
02-19 21:11:19.852 D/K706RadioManager(17578): IMcuListener.onTransact: code=1 flags=16
02-19 21:11:19.853 D/K706RadioManager(17578): >>> IMcuListener.onMcuInfoChanged received! data=29 6D 
02-19 21:11:19.854 D/K706RadioManager(17578): MCU[0x29] len=2 : 29 6D 
02-19 21:11:19.854 D/K706RadioManager(17578): Unknown MCU packet type: 0x29
02-19 21:11:21.839 E/mcu_services( 5512): MCU2APP : [ff fe fd 03 01 29 6d 45 ff ]
02-19 21:11:21.841 D/K706RadioManager(17578): IMcuListener.onTransact: code=1 flags=16
02-19 21:11:21.842 D/K706RadioManager(17578): >>> IMcuListener.onMcuInfoChanged received! data=29 6D 
02-19 21:11:21.842 D/K706RadioManager(17578): MCU[0x29] len=2 : 29 6D 
02-19 21:11:21.843 D/K706RadioManager(17578): Unknown MCU packet type: 0x29
02-19 21:11:21.939 E/mcu_services( 5512): MCU2APP : [ff fe fd 03 01 b0 40 f1 ff ]
02-19 21:11:21.941 D/K706RadioManager(17578): IMcuListener.onTransact: code=1 flags=16
02-19 21:11:21.942 D/K706RadioManager(17578): >>> IMcuListener.onMcuInfoChanged received! data=B0 40 
02-19 21:11:21.942 D/K706RadioManager(17578): MCU[0xB0] len=2 : B0 40 
02-19 21:11:21.943 D/K706RadioManager(17578): TunerInfo: flags=0x40 save=false AS=false finish=false valid=false ST=true LOC=false seek=false scan=false
02-19 21:11:21.945 D/TunerPresenter(15794): handleTunerRawData: b0 40 
02-19 21:11:21.946 D/TunerManagerForExt(15794): FMRadio main (TunerManagerForExt.java:108) onTunerInfoChanged: onTunerInfoChanged - flag: 64 - asFlag: 0 - psFlag: 0 - scanFlag: 0 - seekFlag: 0 - mStFlag: 0 - mLocFlag: 0 - mIsSearching: false - mTempSearching: false
02-19 21:11:21.946 D/TunerManagerForExt(15794): FMRadio main (TunerManagerForExt.java:118) onTunerInfoChanged: mIsSearching: false - mTempSearching: false - asFlag: 0 - seekFlag: 0
02-19 21:11:22.933 E/mcu_services( 5512): MCU2APP : [ff fe fd 03 01 b0 50 e1 ff ]
02-19 21:11:22.935 D/K706RadioManager(17578): IMcuListener.onTransact: code=1 flags=16
02-19 21:11:22.936 D/K706RadioManager(17578): >>> IMcuListener.onMcuInfoChanged received! data=B0 50 
02-19 21:11:22.936 D/K706RadioManager(17578): MCU[0xB0] len=2 : B0 50 
02-19 21:11:22.936 D/K706RadioManager(17578): TunerInfo: flags=0x50 save=false AS=false finish=true valid=false ST=true LOC=false seek=false scan=false
02-19 21:11:22.939 D/TunerPresenter(15794): handleTunerRawData: b0 50 
02-19 21:11:22.939 D/TunerManagerForExt(15794): FMRadio main (TunerManagerForExt.java:108) onTunerInfoChanged: onTunerInfoChanged - flag: 80 - asFlag: 0 - psFlag: 0 - scanFlag: 0 - seekFlag: 0 - mStFlag: 1 - mLocFlag: 0 - mIsSearching: false - mTempSearching: false
02-19 21:11:22.939 D/TunerManagerForExt(15794): FMRadio main (TunerManagerForExt.java:118) onTunerInfoChanged: mIsSearching: false - mTempSearching: false - asFlag: 0 - seekFlag: 0
02-19 21:11:23.019 E/mcu_services( 5512): APP2MCU - writeToUartNormal : [ff fd fe 05 01 a0 01 00 00 a0 ff ]
02-19 21:11:23.021 D/K706RadioManager(17578): CMD Enviado: sub=0x01 p1=0x00 p2=0x00
02-19 21:11:23.021 D/K706RadioManager(17578): Seek UP iniciado
02-19 21:11:23.093 E/mcu_services( 5512): MCU2APP : [ff fe fd 03 01 b0 58 e9 ff ]
02-19 21:11:23.095 D/K706RadioManager(17578): IMcuListener.onTransact: code=1 flags=16
02-19 21:11:23.096 D/K706RadioManager(17578): >>> IMcuListener.onMcuInfoChanged received! data=B0 58 
02-19 21:11:23.096 D/K706RadioManager(17578): MCU[0xB0] len=2 : B0 58 
02-19 21:11:23.096 D/K706RadioManager(17578): TunerInfo: flags=0x58 save=false AS=true finish=true valid=false ST=true LOC=false seek=false scan=false
02-19 21:11:23.099 D/TunerPresenter(15794): handleTunerRawData: b0 58 
02-19 21:11:23.099 E/mcu_services( 5512): MCU2APP : [ff fe fd 12 01 b1 00 00 24 d1 22 38 23 32 23 aa 23 be 24 04 24 36 68 ff ]
02-19 21:11:23.099 D/TunerManagerForExt(15794): FMRadio main (TunerManagerForExt.java:108) onTunerInfoChanged: onTunerInfoChanged - flag: 88 - asFlag: 0 - psFlag: 0 - scanFlag: 0 - seekFlag: 1 - mStFlag: 1 - mLocFlag: 0 - mIsSearching: false - mTempSearching: false
02-19 21:11:23.100 D/TunerManagerForExt(15794): FMRadio main (TunerManagerForExt.java:118) onTunerInfoChanged: mIsSearching: true - mTempSearching: false - asFlag: 0 - seekFlag: 1
02-19 21:11:23.101 D/K706RadioManager(17578): IMcuListener.onTransact: code=1 flags=16
02-19 21:11:23.104 D/K706RadioManager(17578): >>> IMcuListener.onMcuInfoChanged received! data=B1 00 00 24 D1 22 38 23 32 23 AA 23 BE 24 04 24 36 
02-19 21:11:23.106 D/K706RadioManager(17578): MCU[0xB1] len=17 : B1 00 00 24 D1 22 38 23 32 23 AA 23 BE 24 04 24 36 
02-19 21:11:23.106 D/K706RadioManager(17578): PresetList: band=0 presetIdx=0 currentFreq=9425 firstFreq=9425 (offset=3)
02-19 21:11:23.106 D/K706RadioManager(17578): >>> FREQ: 94200 -> 94250 (MCU=9425, 94,25 MHz)
02-19 21:11:23.109 D/TunerPresenter(15794): handleTunerRawData: b1 0 0 24 d1 22 38 23 32 23 aa 23 be 24 4 24 36 
02-19 21:11:23.110 D/TunerManagerForExt(15794): FMRadio main (TunerManagerForExt.java:147) onTunerPresetListChanged:  - mBand: 0 - mPresetIndex: 0 - mFrequency: 9425 - index: 0 - preset: 8760 - index: 1 - preset: 9010 - index: 2 - preset: 9130 - index: 3 - preset: 9150 - index: 4 - preset: 9220 - index: 5 - preset: 9270
02-19 21:11:23.143 E/mcu_services( 5512): MCU2APP : [ff fe fd 12 01 b1 00 00 24 d6 22 38 23 32 23 aa 23 be 24 04 24 36 6f ff ]
02-19 21:11:23.145 D/K706RadioManager(17578): IMcuListener.onTransact: code=1 flags=16
02-19 21:11:23.148 D/K706RadioManager(17578): >>> IMcuListener.onMcuInfoChanged received! data=B1 00 00 24 D6 22 38 23 32 23 AA 23 BE 24 04 24 36 
02-19 21:11:23.150 D/K706RadioManager(17578): MCU[0xB1] len=17 : B1 00 00 24 D6 22 38 23 32 23 AA 23 BE 24 04 24 36 
02-19 21:11:23.150 D/K706RadioManager(17578): PresetList: band=0 presetIdx=0 currentFreq=9430 firstFreq=9430 (offset=3)
02-19 21:11:23.151 D/K706RadioManager(17578): >>> FREQ: 94250 -> 94300 (MCU=9430, 94,30 MHz)
02-19 21:11:23.153 D/TunerPresenter(15794): handleTunerRawData: b1 0 0 24 d6 22 38 23 32 23 aa 23 be 24 4 24 36 
02-19 21:11:23.155 D/TunerManagerForExt(15794): FMRadio main (TunerManagerForExt.java:147) onTunerPresetListChanged:  - mBand: 0 - mPresetIndex: 0 - mFrequency: 9430 - index: 0 - preset: 8760 - index: 1 - preset: 9010 - index: 2 - preset: 9130 - index: 3 - preset: 9150 - index: 4 - preset: 9220 - index: 5 - preset: 9270
02-19 21:11:23.193 E/mcu_services( 5512): MCU2APP : [ff fe fd 12 01 b1 00 00 24 db 22 38 23 32 23 aa 23 be 24 04 24 36 62 ff ]
02-19 21:11:23.195 D/K706RadioManager(17578): IMcuListener.onTransact: code=1 flags=16
02-19 21:11:23.197 D/K706RadioManager(17578): >>> IMcuListener.onMcuInfoChanged received! data=B1 00 00 24 DB 22 38 23 32 23 AA 23 BE 24 04 24 36 
02-19 21:11:23.200 D/K706RadioManager(17578): MCU[0xB1] len=17 : B1 00 00 24 DB 22 38 23 32 23 AA 23 BE 24 04 24 36 
02-19 21:11:23.200 D/K706RadioManager(17578): PresetList: band=0 presetIdx=0 currentFreq=9435 firstFreq=9435 (offset=3)
02-19 21:11:23.200 D/K706RadioManager(17578): >>> FREQ: 94300 -> 94350 (MCU=9435, 94,35 MHz)
02-19 21:11:23.202 D/TunerPresenter(15794): handleTunerRawData: b1 0 0 24 db 22 38 23 32 23 aa 23 be 24 4 24 36 
02-19 21:11:23.204 D/TunerManagerForExt(15794): FMRadio main (TunerManagerForExt.java:147) onTunerPresetListChanged:  - mBand: 0 - mPresetIndex: 0 - mFrequency: 9435 - index: 0 - preset: 8760 - index: 1 - preset: 9010 - index: 2 - preset: 9130 - index: 3 - preset: 9150 - index: 4 - preset: 9220 - index: 5 - preset: 9270
02-19 21:11:23.243 E/mcu_services( 5512): MCU2APP : [ff fe fd 12 01 b1 00 00 24 e0 22 38 23 32 23 aa 23 be 24 04 24 36 59 ff ]
02-19 21:11:23.245 D/K706RadioManager(17578): IMcuListener.onTransact: code=1 flags=16
02-19 21:11:23.248 D/K706RadioManager(17578): >>> IMcuListener.onMcuInfoChanged received! data=B1 00 00 24 E0 22 38 23 32 23 AA 23 BE 24 04 24 36 
02-19 21:11:23.250 D/K706RadioManager(17578): MCU[0xB1] len=17 : B1 00 00 24 E0 22 38 23 32 23 AA 23 BE 24 04 24 36 
02-19 21:11:23.250 D/K706RadioManager(17578): PresetList: band=0 presetIdx=0 currentFreq=9440 firstFreq=9440 (offset=3)
02-19 21:11:23.250 D/K706RadioManager(17578): >>> FREQ: 94350 -> 94400 (MCU=9440, 94,40 MHz)
02-19 21:11:23.252 D/TunerPresenter(15794): handleTunerRawData: b1 0 0 24 e0 22 38 23 32 23 aa 23 be 24 4 24 36 
02-19 21:11:23.255 D/TunerManagerForExt(15794): FMRadio main (TunerManagerForExt.java:147) onTunerPresetListChanged:  - mBand: 0 - mPresetIndex: 0 - mFrequency: 9440 - index: 0 - preset: 8760 - index: 1 - preset: 9010 - index: 2 - preset: 9130 - index: 3 - preset: 9150 - index: 4 - preset: 9220 - index: 5 - preset: 9270
02-19 21:11:23.293 E/mcu_services( 5512): MCU2APP : [ff fe fd 12 01 b1 00 00 24 e5 22 38 23 32 23 aa 23 be 24 04 24 36 5c ff ]
02-19 21:11:23.294 D/K706RadioManager(17578): IMcuListener.onTransact: code=1 flags=16
02-19 21:11:23.297 D/K706RadioManager(17578): >>> IMcuListener.onMcuInfoChanged received! data=B1 00 00 24 E5 22 38 23 32 23 AA 23 BE 24 04 24 36 
02-19 21:11:23.299 D/K706RadioManager(17578): MCU[0xB1] len=17 : B1 00 00 24 E5 22 38 23 32 23 AA 23 BE 24 04 24 36 
02-19 21:11:23.299 D/K706RadioManager(17578): PresetList: band=0 presetIdx=0 currentFreq=9445 firstFreq=9445 (offset=3)
02-19 21:11:23.299 D/K706RadioManager(17578): >>> FREQ: 94400 -> 94450 (MCU=9445, 94,45 MHz)
02-19 21:11:23.301 D/TunerPresenter(15794): handleTunerRawData: b1 0 0 24 e5 22 38 23 32 23 aa 23 be 24 4 24 36 
02-19 21:11:23.303 D/TunerManagerForExt(15794): FMRadio main (TunerManagerForExt.java:147) onTunerPresetListChanged:  - mBand: 0 - mPresetIndex: 0 - mFrequency: 9445 - index: 0 - preset: 8760 - index: 1 - preset: 9010 - index: 2 - preset: 9130 - index: 3 - preset: 9150 - index: 4 - preset: 9220 - index: 5 - preset: 9270
02-19 21:11:23.342 E/mcu_services( 5512): MCU2APP : [ff fe fd 12 01 b1 00 00 24 ea 22 38 23 32 23 aa 23 be 24 04 24 36 53 ff ]
02-19 21:11:23.344 D/K706RadioManager(17578): IMcuListener.onTransact: code=1 flags=16
02-19 21:11:23.346 D/K706RadioManager(17578): >>> IMcuListener.onMcuInfoChanged received! data=B1 00 00 24 EA 22 38 23 32 23 AA 23 BE 24 04 24 36 
02-19 21:11:23.348 D/K706RadioManager(17578): MCU[0xB1] len=17 : B1 00 00 24 EA 22 38 23 32 23 AA 23 BE 24 04 24 36 
02-19 21:11:23.348 D/K706RadioManager(17578): PresetList: band=0 presetIdx=0 currentFreq=9450 firstFreq=9450 (offset=3)
02-19 21:11:23.348 D/K706RadioManager(17578): >>> FREQ: 94450 -> 94500 (MCU=9450, 94,50 MHz)
02-19 21:11:23.350 D/TunerPresenter(15794): handleTunerRawData: b1 0 0 24 ea 22 38 23 32 23 aa 23 be 24 4 24 36 
02-19 21:11:23.352 D/TunerManagerForExt(15794): FMRadio main (TunerManagerForExt.java:147) onTunerPresetListChanged:  - mBand: 0 - mPresetIndex: 0 - mFrequency: 9450 - index: 0 - preset: 8760 - index: 1 - preset: 9010 - index: 2 - preset: 9130 - index: 3 - preset: 9150 - index: 4 - preset: 9220 - index: 5 - preset: 9270
02-19 21:11:23.392 E/mcu_services( 5512): MCU2APP : [ff fe fd 12 01 b1 00 00 24 ef 22 38 23 32 23 aa 23 be 24 04 24 36 56 ff ]
02-19 21:11:23.393 D/K706RadioManager(17578): IMcuListener.onTransact: code=1 flags=16
02-19 21:11:23.396 D/K706RadioManager(17578): >>> IMcuListener.onMcuInfoChanged received! data=B1 00 00 24 EF 22 38 23 32 23 AA 23 BE 24 04 24 36 
02-19 21:11:23.398 D/K706RadioManager(17578): MCU[0xB1] len=17 : B1 00 00 24 EF 22 38 23 32 23 AA 23 BE 24 04 24 36 
02-19 21:11:23.398 D/K706RadioManager(17578): PresetList: band=0 presetIdx=0 currentFreq=9455 firstFreq=9455 (offset=3)
02-19 21:11:23.398 D/K706RadioManager(17578): >>> FREQ: 94500 -> 94550 (MCU=9455, 94,55 MHz)
02-19 21:11:23.400 D/TunerPresenter(15794): handleTunerRawData: b1 0 0 24 ef 22 38 23 32 23 aa 23 be 24 4 24 36 
02-19 21:11:23.403 D/TunerManagerForExt(15794): FMRadio main (TunerManagerForExt.java:147) onTunerPresetListChanged:  - mBand: 0 - mPresetIndex: 0 - mFrequency: 9455 - index: 0 - preset: 8760 - index: 1 - preset: 9010 - index: 2 - preset: 9130 - index: 3 - preset: 9150 - index: 4 - preset: 9220 - index: 5 - preset: 9270
02-19 21:11:23.442 E/mcu_services( 5512): MCU2APP : [ff fe fd 12 01 b1 00 00 24 f4 22 38 23 32 23 aa 23 be 24 04 24 36 4d ff ]
02-19 21:11:23.444 D/K706RadioManager(17578): IMcuListener.onTransact: code=1 flags=16
02-19 21:11:23.446 D/K706RadioManager(17578): >>> IMcuListener.onMcuInfoChanged received! data=B1 00 00 24 F4 22 38 23 32 23 AA 23 BE 24 04 24 36 
02-19 21:11:23.448 D/K706RadioManager(17578): MCU[0xB1] len=17 : B1 00 00 24 F4 22 38 23 32 23 AA 23 BE 24 04 24 36 
02-19 21:11:23.448 D/K706RadioManager(17578): PresetList: band=0 presetIdx=0 currentFreq=9460 firstFreq=9460 (offset=3)
02-19 21:11:23.448 D/K706RadioManager(17578): >>> FREQ: 94550 -> 94600 (MCU=9460, 94,60 MHz)
02-19 21:11:23.450 D/TunerPresenter(15794): handleTunerRawData: b1 0 0 24 f4 22 38 23 32 23 aa 23 be 24 4 24 36 
02-19 21:11:23.452 D/TunerManagerForExt(15794): FMRadio main (TunerManagerForExt.java:147) onTunerPresetListChanged:  - mBand: 0 - mPresetIndex: 0 - mFrequency: 9460 - index: 0 - preset: 8760 - index: 1 - preset: 9010 - index: 2 - preset: 9130 - index: 3 - preset: 9150 - index: 4 - preset: 9220 - index: 5 - preset: 9270
02-19 21:11:23.492 E/mcu_services( 5512): MCU2APP : [ff fe fd 12 01 b1 00 00 24 f9 22 38 23 32 23 aa 23 be 24 04 24 36 40 ff ]
02-19 21:11:23.493 D/K706RadioManager(17578): IMcuListener.onTransact: code=1 flags=16
02-19 21:11:23.495 D/K706RadioManager(17578): >>> IMcuListener.onMcuInfoChanged received! data=B1 00 00 24 F9 22 38 23 32 23 AA 23 BE 24 04 24 36 
02-19 21:11:23.498 D/K706RadioManager(17578): MCU[0xB1] len=17 : B1 00 00 24 F9 22 38 23 32 23 AA 23 BE 24 04 24 36 
02-19 21:11:23.498 D/K706RadioManager(17578): PresetList: band=0 presetIdx=0 currentFreq=9465 firstFreq=9465 (offset=3)
02-19 21:11:23.498 D/K706RadioManager(17578): >>> FREQ: 94600 -> 94650 (MCU=9465, 94,65 MHz)
02-19 21:11:23.500 D/TunerPresenter(15794): handleTunerRawData: b1 0 0 24 f9 22 38 23 32 23 aa 23 be 24 4 24 36 
02-19 21:11:23.503 D/TunerManagerForExt(15794): FMRadio main (TunerManagerForExt.java:147) onTunerPresetListChanged:  - mBand: 0 - mPresetIndex: 0 - mFrequency: 9465 - index: 0 - preset: 8760 - index: 1 - preset: 9010 - index: 2 - preset: 9130 - index: 3 - preset: 9150 - index: 4 - preset: 9220 - index: 5 - preset: 9270
02-19 21:11:23.541 E/mcu_services( 5512): MCU2APP : [ff fe fd 12 01 b1 00 00 24 fe 22 38 23 32 23 aa 23 be 24 04 24 36 47 ff ]
02-19 21:11:23.544 D/K706RadioManager(17578): IMcuListener.onTransact: code=1 flags=16
02-19 21:11:23.546 D/K706RadioManager(17578): >>> IMcuListener.onMcuInfoChanged received! data=B1 00 00 24 FE 22 38 23 32 23 AA 23 BE 24 04 24 36 
02-19 21:11:23.548 D/K706RadioManager(17578): MCU[0xB1] len=17 : B1 00 00 24 FE 22 38 23 32 23 AA 23 BE 24 04 24 36 
02-19 21:11:23.548 D/K706RadioManager(17578): PresetList: band=0 presetIdx=0 currentFreq=9470 firstFreq=9470 (offset=3)
02-19 21:11:23.549 D/K706RadioManager(17578): >>> FREQ: 94650 -> 94700 (MCU=9470, 94,70 MHz)
02-19 21:11:23.551 D/TunerPresenter(15794): handleTunerRawData: b1 0 0 24 fe 22 38 23 32 23 aa 23 be 24 4 24 36 
02-19 21:11:23.553 D/TunerManagerForExt(15794): FMRadio main (TunerManagerForExt.java:147) onTunerPresetListChanged:  - mBand: 0 - mPresetIndex: 0 - mFrequency: 9470 - index: 0 - preset: 8760 - index: 1 - preset: 9010 - index: 2 - preset: 9130 - index: 3 - preset: 9150 - index: 4 - preset: 9220 - index: 5 - preset: 9270
02-19 21:11:23.591 E/mcu_services( 5512): MCU2APP : [ff fe fd 12 01 b1 00 00 25 03 22 38 23 32 23 aa 23 be 24 04 24 36 bb ff ]
02-19 21:11:23.593 D/K706RadioManager(17578): IMcuListener.onTransact: code=1 flags=16
02-19 21:11:23.595 D/K706RadioManager(17578): >>> IMcuListener.onMcuInfoChanged received! data=B1 00 00 25 03 22 38 23 32 23 AA 23 BE 24 04 24 36 
02-19 21:11:23.597 D/K706RadioManager(17578): MCU[0xB1] len=17 : B1 00 00 25 03 22 38 23 32 23 AA 23 BE 24 04 24 36 
02-19 21:11:23.597 D/K706RadioManager(17578): PresetList: band=0 presetIdx=0 currentFreq=9475 firstFreq=9475 (offset=3)
02-19 21:11:23.597 D/K706RadioManager(17578): >>> FREQ: 94700 -> 94750 (MCU=9475, 94,75 MHz)
02-19 21:11:23.599 D/TunerPresenter(15794): handleTunerRawData: b1 0 0 25 3 22 38 23 32 23 aa 23 be 24 4 24 36 
02-19 21:11:23.602 D/TunerManagerForExt(15794): FMRadio main (TunerManagerForExt.java:147) onTunerPresetListChanged:  - mBand: 0 - mPresetIndex: 0 - mFrequency: 9475 - index: 0 - preset: 8760 - index: 1 - preset: 9010 - index: 2 - preset: 9130 - index: 3 - preset: 9150 - index: 4 - preset: 9220 - index: 5 - preset: 9270
02-19 21:11:23.641 E/mcu_services( 5512): MCU2APP : [ff fe fd 12 01 b1 00 00 25 08 22 38 23 32 23 aa 23 be 24 04 24 36 b0 ff ]
02-19 21:11:23.643 D/K706RadioManager(17578): IMcuListener.onTransact: code=1 flags=16
02-19 21:11:23.645 D/K706RadioManager(17578): >>> IMcuListener.onMcuInfoChanged received! data=B1 00 00 25 08 22 38 23 32 23 AA 23 BE 24 04 24 36 
02-19 21:11:23.646 D/K706RadioManager(17578): MCU[0xB1] len=17 : B1 00 00 25 08 22 38 23 32 23 AA 23 BE 24 04 24 36 
02-19 21:11:23.646 D/K706RadioManager(17578): PresetList: band=0 presetIdx=0 currentFreq=9480 firstFreq=9480 (offset=3)
02-19 21:11:23.647 D/K706RadioManager(17578): >>> FREQ: 94750 -> 94800 (MCU=9480, 94,80 MHz)
02-19 21:11:23.649 D/TunerPresenter(15794): handleTunerRawData: b1 0 0 25 8 22 38 23 32 23 aa 23 be 24 4 24 36 
02-19 21:11:23.651 D/TunerManagerForExt(15794): FMRadio main (TunerManagerForExt.java:147) onTunerPresetListChanged:  - mBand: 0 - mPresetIndex: 0 - mFrequency: 9480 - index: 0 - preset: 8760 - index: 1 - preset: 9010 - index: 2 - preset: 9130 - index: 3 - preset: 9150 - index: 4 - preset: 9220 - index: 5 - preset: 9270
02-19 21:11:23.690 E/mcu_services( 5512): MCU2APP : [ff fe fd 12 01 b1 00 00 25 0d 22 38 23 32 23 aa 23 be 24 04 24 36 b5 ff ]
02-19 21:11:23.692 D/K706RadioManager(17578): IMcuListener.onTransact: code=1 flags=16
02-19 21:11:23.694 D/K706RadioManager(17578): >>> IMcuListener.onMcuInfoChanged received! data=B1 00 00 25 0D 22 38 23 32 23 AA 23 BE 24 04 24 36 
02-19 21:11:23.695 D/K706RadioManager(17578): MCU[0xB1] len=17 : B1 00 00 25 0D 22 38 23 32 23 AA 23 BE 24 04 24 36 
02-19 21:11:23.695 D/K706RadioManager(17578): PresetList: band=0 presetIdx=0 currentFreq=9485 firstFreq=9485 (offset=3)
02-19 21:11:23.695 D/K706RadioManager(17578): >>> FREQ: 94800 -> 94850 (MCU=9485, 94,85 MHz)
02-19 21:11:23.697 D/TunerPresenter(15794): handleTunerRawData: b1 0 0 25 d 22 38 23 32 23 aa 23 be 24 4 24 36 
02-19 21:11:23.700 D/TunerManagerForExt(15794): FMRadio main (TunerManagerForExt.java:147) onTunerPresetListChanged:  - mBand: 0 - mPresetIndex: 0 - mFrequency: 9485 - index: 0 - preset: 8760 - index: 1 - preset: 9010 - index: 2 - preset: 9130 - index: 3 - preset: 9150 - index: 4 - preset: 9220 - index: 5 - preset: 9270
02-19 21:11:23.740 E/mcu_services( 5512): MCU2APP : [ff fe fd 12 01 b1 00 00 25 12 22 38 23 32 23 aa 23 be 24 04 24 36 aa ff ]
02-19 21:11:23.741 D/K706RadioManager(17578): IMcuListener.onTransact: code=1 flags=16
02-19 21:11:23.743 D/K706RadioManager(17578): >>> IMcuListener.onMcuInfoChanged received! data=B1 00 00 25 12 22 38 23 32 23 AA 23 BE 24 04 24 36 
02-19 21:11:23.745 D/K706RadioManager(17578): MCU[0xB1] len=17 : B1 00 00 25 12 22 38 23 32 23 AA 23 BE 24 04 24 36 
02-19 21:11:23.745 D/K706RadioManager(17578): PresetList: band=0 presetIdx=0 currentFreq=9490 firstFreq=9490 (offset=3)
02-19 21:11:23.745 D/K706RadioManager(17578): >>> FREQ: 94850 -> 94900 (MCU=9490, 94,90 MHz)
02-19 21:11:23.747 D/TunerPresenter(15794): handleTunerRawData: b1 0 0 25 12 22 38 23 32 23 aa 23 be 24 4 24 36 
02-19 21:11:23.749 D/TunerManagerForExt(15794): FMRadio main (TunerManagerForExt.java:147) onTunerPresetListChanged:  - mBand: 0 - mPresetIndex: 0 - mFrequency: 9490 - index: 0 - preset: 8760 - index: 1 - preset: 9010 - index: 2 - preset: 9130 - index: 3 - preset: 9150 - index: 4 - preset: 9220 - index: 5 - preset: 9270
02-19 21:11:23.783 E/mcu_services( 5512): MCU2APP : [ff fe fd 12 01 b1 00 00 25 12 22 38 23 32 23 aa 23 be 24 04 24 36 aa ff ]
02-19 21:11:23.785 D/K706RadioManager(17578): IMcuListener.onTransact: code=1 flags=16
02-19 21:11:23.787 D/K706RadioManager(17578): >>> IMcuListener.onMcuInfoChanged received! data=B1 00 00 25 12 22 38 23 32 23 AA 23 BE 24 04 24 36 
02-19 21:11:23.789 D/K706RadioManager(17578): MCU[0xB1] len=17 : B1 00 00 25 12 22 38 23 32 23 AA 23 BE 24 04 24 36 
02-19 21:11:23.789 D/K706RadioManager(17578): PresetList: band=0 presetIdx=0 currentFreq=9490 firstFreq=9490 (offset=3)
02-19 21:11:23.791 D/TunerPresenter(15794): handleTunerRawData: b1 0 0 25 12 22 38 23 32 23 aa 23 be 24 4 24 36 
02-19 21:11:23.794 D/TunerManagerForExt(15794): FMRadio main (TunerManagerForExt.java:147) onTunerPresetListChanged:  - mBand: 0 - mPresetIndex: 0 - mFrequency: 9490 - index: 0 - preset: 8760 - index: 1 - preset: 9010 - index: 2 - preset: 9130 - index: 3 - preset: 9150 - index: 4 - preset: 9220 - index: 5 - preset: 9270
02-19 21:11:23.855 E/mcu_services( 5512): MCU2APP : [ff fe fd 12 01 b1 00 00 25 12 22 38 23 32 23 aa 23 be 24 04 24 36 aa ff ]
02-19 21:11:23.856 E/mcu_services( 5512): MCU2APP : [ff fe fd 03 01 b0 50 e1 ff ]
02-19 21:11:23.856 E/mcu_services( 5512): MCU2APP : [ff fe fd 03 01 b4 00 b5 ff ]
02-19 21:11:23.856 E/mcu_services( 5512): sendAckSuccess : [ff fd fe 02 02 b4 b6 ff ]
02-19 21:11:23.856 E/mcu_services( 5512): APP2MCU - writeToUart: [ff fd fe 02 02 b4 b6 ff ]
02-19 21:11:23.857 D/K706RadioManager(17578): IMcuListener.onTransact: code=1 flags=16
02-19 21:11:23.859 D/K706RadioManager(17578): >>> IMcuListener.onMcuInfoChanged received! data=B1 00 00 25 12 22 38 23 32 23 AA 23 BE 24 04 24 36 
02-19 21:11:23.861 D/K706RadioManager(17578): MCU[0xB1] len=17 : B1 00 00 25 12 22 38 23 32 23 AA 23 BE 24 04 24 36 
02-19 21:11:23.861 D/K706RadioManager(17578): PresetList: band=0 presetIdx=0 currentFreq=9490 firstFreq=9490 (offset=3)
02-19 21:11:23.863 D/TunerPresenter(15794): handleTunerRawData: b1 0 0 25 12 22 38 23 32 23 aa 23 be 24 4 24 36 
02-19 21:11:23.864 D/TunerManagerForExt(15794): FMRadio main (TunerManagerForExt.java:147) onTunerPresetListChanged:  - mBand: 0 - mPresetIndex: 0 - mFrequency: 9490 - index: 0 - preset: 8760 - index: 1 - preset: 9010 - index: 2 - preset: 9130 - index: 3 - preset: 9150 - index: 4 - preset: 9220 - index: 5 - preset: 9270
02-19 21:11:23.865 D/K706RadioManager(17578): IMcuListener.onTransact: code=1 flags=16
02-19 21:11:23.865 D/K706RadioManager(17578): >>> IMcuListener.onMcuInfoChanged received! data=B0 50 
02-19 21:11:23.866 D/K706RadioManager(17578): MCU[0xB0] len=2 : B0 50 
02-19 21:11:23.866 D/K706RadioManager(17578): TunerInfo: flags=0x50 save=false AS=false finish=true valid=false ST=true LOC=false seek=false scan=false
02-19 21:11:23.869 D/K706RadioManager(17578): IMcuListener.onTransact: code=1 flags=16
02-19 21:11:23.869 D/K706RadioManager(17578): >>> IMcuListener.onMcuInfoChanged received! data=B4 00 
02-19 21:11:23.870 D/K706RadioManager(17578): MCU[0xB4] len=2 : B4 00 
02-19 21:11:23.870 D/K706RadioManager(17578): RDS B4 Flags: 0x00
02-19 21:11:23.871 D/TunerPresenter(15794): handleTunerRawData: b0 50 
02-19 21:11:23.871 D/TunerManagerForExt(15794): FMRadio main (TunerManagerForExt.java:108) onTunerInfoChanged: onTunerInfoChanged - flag: 80 - asFlag: 0 - psFlag: 0 - scanFlag: 0 - seekFlag: 0 - mStFlag: 1 - mLocFlag: 0 - mIsSearching: true - mTempSearching: false
02-19 21:11:23.871 D/TunerManagerForExt(15794): FMRadio main (TunerManagerForExt.java:118) onTunerInfoChanged: mIsSearching: false - mTempSearching: false - asFlag: 0 - seekFlag: 0
02-19 21:11:23.872 D/TunerPresenter(15794): handleTunerRawData: b4 0 
02-19 21:11:23.872 D/TunerManagerForExt(15794): FMRadio main (TunerManagerForExt.java:195) onTuneRdsIndicateInfo: onTuneRdsIndicateInfo - flag: 0 - mRdsSwitch: 0
02-19 21:11:23.937 E/mcu_services( 5512): MCU2APP : [ff fe fd 03 01 29 6d 45 ff ]
02-19 21:11:23.939 D/K706RadioManager(17578): IMcuListener.onTransact: code=1 flags=16
02-19 21:11:23.940 D/K706RadioManager(17578): >>> IMcuListener.onMcuInfoChanged received! data=29 6D 
02-19 21:11:23.940 D/K706RadioManager(17578): MCU[0x29] len=2 : 29 6D 
02-19 21:11:23.940 D/K706RadioManager(17578): Unknown MCU packet type: 0x29
02-19 21:11:24.069 E/mcu_services( 5512): MCU2APP : [ff fe fd 03 01 b4 05 b0 ff ]
02-19 21:11:24.069 E/mcu_services( 5512): MCU2APP : [ff fe fd 04 01 b5 00 03 b7 ff ]
02-19 21:11:24.070 E/mcu_services( 5512): sendAckSuccess : [ff fd fe 02 02 b4 b6 ff ]
02-19 21:11:24.070 E/mcu_services( 5512): APP2MCU - writeToUart: [ff fd fe 02 02 b4 b6 ff ]
02-19 21:11:24.070 E/mcu_services( 5512): sendAckSuccess : [ff fd fe 02 02 b5 b7 ff ]
02-19 21:11:24.070 E/mcu_services( 5512): APP2MCU - writeToUart: [ff fd fe 02 02 b5 b7 ff ]
02-19 21:11:24.072 D/K706RadioManager(17578): IMcuListener.onTransact: code=1 flags=16
02-19 21:11:24.072 D/K706RadioManager(17578): >>> IMcuListener.onMcuInfoChanged received! data=B4 05 
02-19 21:11:24.073 D/K706RadioManager(17578): MCU[0xB4] len=2 : B4 05 
02-19 21:11:24.073 D/K706RadioManager(17578): RDS B4 Flags: 0x05
02-19 21:11:24.075 D/TunerPresenter(15794): handleTunerRawData: b4 5 
02-19 21:11:24.075 D/TunerManagerForExt(15794): FMRadio main (TunerManagerForExt.java:195) onTuneRdsIndicateInfo: onTuneRdsIndicateInfo - flag: 5 - mRdsSwitch: 1
02-19 21:11:24.076 D/K706RadioManager(17578): IMcuListener.onTransact: code=1 flags=16
02-19 21:11:24.077 D/K706RadioManager(17578): >>> IMcuListener.onMcuInfoChanged received! data=B5 00 03 
02-19 21:11:24.078 D/K706RadioManager(17578): MCU[0xB5] len=3 : B5 00 03 
02-19 21:11:24.078 D/K706RadioManager(17578): RDS PTY (0xB5): 0
02-19 21:11:24.079 D/TunerPresenter(15794): handleTunerRawData: b5 0 3 
02-19 21:11:24.079 D/TunerManagerForExt(15794): FMRadio main (TunerManagerForExt.java:220) onTuneRdsPtyTypeInfo: onTuneRdsPtyTypeInfo - mRdsPtyType: 0
02-19 21:11:25.926 E/mcu_services( 5512): MCU2APP : [ff fe fd 03 01 29 6d 45 ff ]
02-19 21:11:25.927 D/K706RadioManager(17578): IMcuListener.onTransact: code=1 flags=16
02-19 21:11:25.928 D/K706RadioManager(17578): >>> IMcuListener.onMcuInfoChanged received! data=29 6D 
02-19 21:11:25.928 D/K706RadioManager(17578): MCU[0x29] len=2 : 29 6D 
02-19 21:11:25.928 D/K706RadioManager(17578): Unknown MCU packet type: 0x29
02-19 21:11:27.915 E/mcu_services( 5512): MCU2APP : [ff fe fd 03 01 29 6d 45 ff ]
02-19 21:11:27.918 D/K706RadioManager(17578): IMcuListener.onTransact: code=1 flags=16
02-19 21:11:27.918 D/K706RadioManager(17578): >>> IMcuListener.onMcuInfoChanged received! data=29 6D 
02-19 21:11:27.919 D/K706RadioManager(17578): MCU[0x29] len=2 : 29 6D 
02-19 21:11:27.919 D/K706RadioManager(17578): Unknown MCU packet type: 0x29
02-19 21:11:29.904 E/mcu_services( 5512): MCU2APP : [ff fe fd 03 01 29 6d 45 ff ]
02-19 21:11:29.907 D/K706RadioManager(17578): IMcuListener.onTransact: code=1 flags=16
02-19 21:11:29.907 D/K706RadioManager(17578): >>> IMcuListener.onMcuInfoChanged received! data=29 6D 
02-19 21:11:29.908 D/K706RadioManager(17578): MCU[0x29] len=2 : 29 6D 
02-19 21:11:29.908 D/K706RadioManager(17578): Unknown MCU packet type: 0x29
02-19 21:11:30.950 E/mcu_services( 5512): APP2MCU - writeToUartNormal : [ff fd fe 05 01 a0 01 00 00 a0 ff ]
02-19 21:11:30.951 D/K706RadioManager(17578): CMD Enviado: sub=0x01 p1=0x00 p2=0x00
02-19 21:11:30.951 D/K706RadioManager(17578): Seek UP iniciado
02-19 21:11:31.023 E/mcu_services( 5512): MCU2APP : [ff fe fd 12 01 b1 00 00 25 17 22 38 23 32 23 aa 23 be 24 04 24 36 af ff ]
02-19 21:11:31.024 E/mcu_services( 5512): MCU2APP : [ff fe fd 03 01 b0 58 e9 ff ]
02-19 21:11:31.026 D/K706RadioManager(17578): IMcuListener.onTransact: code=1 flags=16
02-19 21:11:31.028 D/K706RadioManager(17578): >>> IMcuListener.onMcuInfoChanged received! data=B1 00 00 25 17 22 38 23 32 23 AA 23 BE 24 04 24 36 
02-19 21:11:31.029 D/K706RadioManager(17578): MCU[0xB1] len=17 : B1 00 00 25 17 22 38 23 32 23 AA 23 BE 24 04 24 36 
02-19 21:11:31.029 D/K706RadioManager(17578): PresetList: band=0 presetIdx=0 currentFreq=9495 firstFreq=9495 (offset=3)
02-19 21:11:31.030 D/K706RadioManager(17578): >>> FREQ: 94900 -> 94950 (MCU=9495, 94,95 MHz)
02-19 21:11:31.032 D/TunerPresenter(15794): handleTunerRawData: b1 0 0 25 17 22 38 23 32 23 aa 23 be 24 4 24 36 
02-19 21:11:31.032 D/TunerManagerForExt(15794): FMRadio main (TunerManagerForExt.java:147) onTunerPresetListChanged:  - mBand: 0 - mPresetIndex: 0 - mFrequency: 9495 - index: 0 - preset: 8760 - index: 1 - preset: 9010 - index: 2 - preset: 9130 - index: 3 - preset: 9150 - index: 4 - preset: 9220 - index: 5 - preset: 9270
02-19 21:11:31.033 D/K706RadioManager(17578): IMcuListener.onTransact: code=1 flags=16
02-19 21:11:31.033 D/K706RadioManager(17578): >>> IMcuListener.onMcuInfoChanged received! data=B0 58 
02-19 21:11:31.033 D/K706RadioManager(17578): MCU[0xB0] len=2 : B0 58 
02-19 21:11:31.034 D/K706RadioManager(17578): TunerInfo: flags=0x58 save=false AS=true finish=true valid=false ST=true LOC=false seek=false scan=false
02-19 21:11:31.048 D/TunerPresenter(15794): handleTunerRawData: b0 58 
02-19 21:11:31.048 D/TunerManagerForExt(15794): FMRadio main (TunerManagerForExt.java:108) onTunerInfoChanged: onTunerInfoChanged - flag: 88 - asFlag: 0 - psFlag: 0 - scanFlag: 0 - seekFlag: 1 - mStFlag: 1 - mLocFlag: 0 - mIsSearching: false - mTempSearching: false
02-19 21:11:31.048 D/TunerManagerForExt(15794): FMRadio main (TunerManagerForExt.java:118) onTunerInfoChanged: mIsSearching: true - mTempSearching: false - asFlag: 0 - seekFlag: 1
02-19 21:11:31.069 E/mcu_services( 5512): MCU2APP : [ff fe fd 12 01 b1 00 00 25 1c 22 38 23 32 23 aa 23 be 24 04 24 36 a4 ff ]
02-19 21:11:31.071 D/K706RadioManager(17578): IMcuListener.onTransact: code=1 flags=16
02-19 21:11:31.072 D/K706RadioManager(17578): >>> IMcuListener.onMcuInfoChanged received! data=B1 00 00 25 1C 22 38 23 32 23 AA 23 BE 24 04 24 36 
02-19 21:11:31.074 D/K706RadioManager(17578): MCU[0xB1] len=17 : B1 00 00 25 1C 22 38 23 32 23 AA 23 BE 24 04 24 36 
02-19 21:11:31.074 D/K706RadioManager(17578): PresetList: band=0 presetIdx=0 currentFreq=9500 firstFreq=9500 (offset=3)
02-19 21:11:31.074 D/K706RadioManager(17578): >>> FREQ: 94950 -> 95000 (MCU=9500, 95,00 MHz)
02-19 21:11:31.076 D/TunerPresenter(15794): handleTunerRawData: b1 0 0 25 1c 22 38 23 32 23 aa 23 be 24 4 24 36 
02-19 21:11:31.078 D/TunerManagerForExt(15794): FMRadio main (TunerManagerForExt.java:147) onTunerPresetListChanged:  - mBand: 0 - mPresetIndex: 0 - mFrequency: 9500 - index: 0 - preset: 8760 - index: 1 - preset: 9010 - index: 2 - preset: 9130 - index: 3 - preset: 9150 - index: 4 - preset: 9220 - index: 5 - preset: 9270
02-19 21:11:31.119 E/mcu_services( 5512): MCU2APP : [ff fe fd 12 01 b1 00 00 25 21 22 38 23 32 23 aa 23 be 24 04 24 36 99 ff ]
02-19 21:11:31.121 D/K706RadioManager(17578): IMcuListener.onTransact: code=1 flags=16
02-19 21:11:31.123 D/K706RadioManager(17578): >>> IMcuListener.onMcuInfoChanged received! data=B1 00 00 25 21 22 38 23 32 23 AA 23 BE 24 04 24 36 
02-19 21:11:31.124 D/K706RadioManager(17578): MCU[0xB1] len=17 : B1 00 00 25 21 22 38 23 32 23 AA 23 BE 24 04 24 36 
02-19 21:11:31.124 D/K706RadioManager(17578): PresetList: band=0 presetIdx=0 currentFreq=9505 firstFreq=9505 (offset=3)
02-19 21:11:31.124 D/K706RadioManager(17578): >>> FREQ: 95000 -> 95050 (MCU=9505, 95,05 MHz)
02-19 21:11:31.127 D/TunerPresenter(15794): handleTunerRawData: b1 0 0 25 21 22 38 23 32 23 aa 23 be 24 4 24 36 
02-19 21:11:31.129 D/TunerManagerForExt(15794): FMRadio main (TunerManagerForExt.java:147) onTunerPresetListChanged:  - mBand: 0 - mPresetIndex: 0 - mFrequency: 9505 - index: 0 - preset: 8760 - index: 1 - preset: 9010 - index: 2 - preset: 9130 - index: 3 - preset: 9150 - index: 4 - preset: 9220 - index: 5 - preset: 9270
02-19 21:11:31.169 E/mcu_services( 5512): MCU2APP : [ff fe fd 12 01 b1 00 00 25 26 22 38 23 32 23 aa 23 be 24 04 24 36 9e ff ]
02-19 21:11:31.171 D/K706RadioManager(17578): IMcuListener.onTransact: code=1 flags=16
02-19 21:11:31.172 D/K706RadioManager(17578): >>> IMcuListener.onMcuInfoChanged received! data=B1 00 00 25 26 22 38 23 32 23 AA 23 BE 24 04 24 36 
02-19 21:11:31.174 D/K706RadioManager(17578): MCU[0xB1] len=17 : B1 00 00 25 26 22 38 23 32 23 AA 23 BE 24 04 24 36 
02-19 21:11:31.174 D/K706RadioManager(17578): PresetList: band=0 presetIdx=0 currentFreq=9510 firstFreq=9510 (offset=3)
02-19 21:11:31.174 D/K706RadioManager(17578): >>> FREQ: 95050 -> 95100 (MCU=9510, 95,10 MHz)
02-19 21:11:31.176 D/TunerPresenter(15794): handleTunerRawData: b1 0 0 25 26 22 38 23 32 23 aa 23 be 24 4 24 36 
02-19 21:11:31.179 D/TunerManagerForExt(15794): FMRadio main (TunerManagerForExt.java:147) onTunerPresetListChanged:  - mBand: 0 - mPresetIndex: 0 - mFrequency: 9510 - index: 0 - preset: 8760 - index: 1 - preset: 9010 - index: 2 - preset: 9130 - index: 3 - preset: 9150 - index: 4 - preset: 9220 - index: 5 - preset: 9270
02-19 21:11:31.218 E/mcu_services( 5512): MCU2APP : [ff fe fd 12 01 b1 00 00 25 2b 22 38 23 32 23 aa 23 be 24 04 24 36 93 ff ]
02-19 21:11:31.220 D/K706RadioManager(17578): IMcuListener.onTransact: code=1 flags=16
02-19 21:11:31.222 D/K706RadioManager(17578): >>> IMcuListener.onMcuInfoChanged received! data=B1 00 00 25 2B 22 38 23 32 23 AA 23 BE 24 04 24 36 
02-19 21:11:31.223 D/K706RadioManager(17578): MCU[0xB1] len=17 : B1 00 00 25 2B 22 38 23 32 23 AA 23 BE 24 04 24 36 
02-19 21:11:31.223 D/K706RadioManager(17578): PresetList: band=0 presetIdx=0 currentFreq=9515 firstFreq=9515 (offset=3)
02-19 21:11:31.223 D/K706RadioManager(17578): >>> FREQ: 95100 -> 95150 (MCU=9515, 95,15 MHz)
02-19 21:11:31.225 D/TunerPresenter(15794): handleTunerRawData: b1 0 0 25 2b 22 38 23 32 23 aa 23 be 24 4 24 36 
02-19 21:11:31.228 D/TunerManagerForExt(15794): FMRadio main (TunerManagerForExt.java:147) onTunerPresetListChanged:  - mBand: 0 - mPresetIndex: 0 - mFrequency: 9515 - index: 0 - preset: 8760 - index: 1 - preset: 9010 - index: 2 - preset: 9130 - index: 3 - preset: 9150 - index: 4 - preset: 9220 - index: 5 - preset: 9270
02-19 21:11:31.268 E/mcu_services( 5512): MCU2APP : [ff fe fd 12 01 b1 00 00 25 30 22 38 23 32 23 aa 23 be 24 04 24 36 88 ff ]
02-19 21:11:31.269 D/K706RadioManager(17578): IMcuListener.onTransact: code=1 flags=16
02-19 21:11:31.271 D/K706RadioManager(17578): >>> IMcuListener.onMcuInfoChanged received! data=B1 00 00 25 30 22 38 23 32 23 AA 23 BE 24 04 24 36 
02-19 21:11:31.272 D/K706RadioManager(17578): MCU[0xB1] len=17 : B1 00 00 25 30 22 38 23 32 23 AA 23 BE 24 04 24 36 
02-19 21:11:31.272 D/K706RadioManager(17578): PresetList: band=0 presetIdx=0 currentFreq=9520 firstFreq=9520 (offset=3)
02-19 21:11:31.272 D/K706RadioManager(17578): >>> FREQ: 95150 -> 95200 (MCU=9520, 95,20 MHz)
02-19 21:11:31.274 D/TunerPresenter(15794): handleTunerRawData: b1 0 0 25 30 22 38 23 32 23 aa 23 be 24 4 24 36 
02-19 21:11:31.277 D/TunerManagerForExt(15794): FMRadio main (TunerManagerForExt.java:147) onTunerPresetListChanged:  - mBand: 0 - mPresetIndex: 0 - mFrequency: 9520 - index: 0 - preset: 8760 - index: 1 - preset: 9010 - index: 2 - preset: 9130 - index: 3 - preset: 9150 - index: 4 - preset: 9220 - index: 5 - preset: 9270
02-19 21:11:31.318 E/mcu_services( 5512): MCU2APP : [ff fe fd 12 01 b1 00 00 25 35 22 38 23 32 23 aa 23 be 24 04 24 36 8d ff ]
02-19 21:11:31.319 D/K706RadioManager(17578): IMcuListener.onTransact: code=1 flags=16
02-19 21:11:31.321 D/K706RadioManager(17578): >>> IMcuListener.onMcuInfoChanged received! data=B1 00 00 25 35 22 38 23 32 23 AA 23 BE 24 04 24 36 
02-19 21:11:31.322 D/K706RadioManager(17578): MCU[0xB1] len=17 : B1 00 00 25 35 22 38 23 32 23 AA 23 BE 24 04 24 36 
02-19 21:11:31.322 D/K706RadioManager(17578): PresetList: band=0 presetIdx=0 currentFreq=9525 firstFreq=9525 (offset=3)
02-19 21:11:31.322 D/K706RadioManager(17578): >>> FREQ: 95200 -> 95250 (MCU=9525, 95,25 MHz)
02-19 21:11:31.325 D/TunerPresenter(15794): handleTunerRawData: b1 0 0 25 35 22 38 23 32 23 aa 23 be 24 4 24 36 
02-19 21:11:31.328 D/TunerManagerForExt(15794): FMRadio main (TunerManagerForExt.java:147) onTunerPresetListChanged:  - mBand: 0 - mPresetIndex: 0 - mFrequency: 9525 - index: 0 - preset: 8760 - index: 1 - preset: 9010 - index: 2 - preset: 9130 - index: 3 - preset: 9150 - index: 4 - preset: 9220 - index: 5 - preset: 9270
02-19 21:11:31.367 E/mcu_services( 5512): MCU2APP : [ff fe fd 12 01 b1 00 00 25 3a 22 38 23 32 23 aa 23 be 24 04 24 36 82 ff ]
02-19 21:11:31.369 D/K706RadioManager(17578): IMcuListener.onTransact: code=1 flags=16
02-19 21:11:31.371 D/K706RadioManager(17578): >>> IMcuListener.onMcuInfoChanged received! data=B1 00 00 25 3A 22 38 23 32 23 AA 23 BE 24 04 24 36 
02-19 21:11:31.372 D/K706RadioManager(17578): MCU[0xB1] len=17 : B1 00 00 25 3A 22 38 23 32 23 AA 23 BE 24 04 24 36 
02-19 21:11:31.372 D/K706RadioManager(17578): PresetList: band=0 presetIdx=0 currentFreq=9530 firstFreq=9530 (offset=3)
02-19 21:11:31.373 D/K706RadioManager(17578): >>> FREQ: 95250 -> 95300 (MCU=9530, 95,30 MHz)
02-19 21:11:31.374 D/TunerPresenter(15794): handleTunerRawData: b1 0 0 25 3a 22 38 23 32 23 aa 23 be 24 4 24 36 
02-19 21:11:31.377 D/TunerManagerForExt(15794): FMRadio main (TunerManagerForExt.java:147) onTunerPresetListChanged:  - mBand: 0 - mPresetIndex: 0 - mFrequency: 9530 - index: 0 - preset: 8760 - index: 1 - preset: 9010 - index: 2 - preset: 9130 - index: 3 - preset: 9150 - index: 4 - preset: 9220 - index: 5 - preset: 9270
02-19 21:11:31.417 E/mcu_services( 5512): MCU2APP : [ff fe fd 12 01 b1 00 00 25 3f 22 38 23 32 23 aa 23 be 24 04 24 36 87 ff ]
02-19 21:11:31.419 D/K706RadioManager(17578): IMcuListener.onTransact: code=1 flags=16
02-19 21:11:31.421 D/K706RadioManager(17578): >>> IMcuListener.onMcuInfoChanged received! data=B1 00 00 25 3F 22 38 23 32 23 AA 23 BE 24 04 24 36 
02-19 21:11:31.422 D/K706RadioManager(17578): MCU[0xB1] len=17 : B1 00 00 25 3F 22 38 23 32 23 AA 23 BE 24 04 24 36 
02-19 21:11:31.422 D/K706RadioManager(17578): PresetList: band=0 presetIdx=0 currentFreq=9535 firstFreq=9535 (offset=3)
02-19 21:11:31.423 D/K706RadioManager(17578): >>> FREQ: 95300 -> 95350 (MCU=9535, 95,35 MHz)
02-19 21:11:31.425 D/TunerPresenter(15794): handleTunerRawData: b1 0 0 25 3f 22 38 23 32 23 aa 23 be 24 4 24 36 
02-19 21:11:31.428 D/TunerManagerForExt(15794): FMRadio main (TunerManagerForExt.java:147) onTunerPresetListChanged:  - mBand: 0 - mPresetIndex: 0 - mFrequency: 9535 - index: 0 - preset: 8760 - index: 1 - preset: 9010 - index: 2 - preset: 9130 - index: 3 - preset: 9150 - index: 4 - preset: 9220 - index: 5 - preset: 9270
02-19 21:11:31.467 E/mcu_services( 5512): MCU2APP : [ff fe fd 12 01 b1 00 00 25 44 22 38 23 32 23 aa 23 be 24 04 24 36 fc ff ]
02-19 21:11:31.469 D/K706RadioManager(17578): IMcuListener.onTransact: code=1 flags=16
02-19 21:11:31.471 D/K706RadioManager(17578): >>> IMcuListener.onMcuInfoChanged received! data=B1 00 00 25 44 22 38 23 32 23 AA 23 BE 24 04 24 36 
02-19 21:11:31.472 D/K706RadioManager(17578): MCU[0xB1] len=17 : B1 00 00 25 44 22 38 23 32 23 AA 23 BE 24 04 24 36 
02-19 21:11:31.473 D/K706RadioManager(17578): PresetList: band=0 presetIdx=0 currentFreq=9540 firstFreq=9540 (offset=3)
02-19 21:11:31.473 D/K706RadioManager(17578): >>> FREQ: 95350 -> 95400 (MCU=9540, 95,40 MHz)
02-19 21:11:31.476 D/TunerPresenter(15794): handleTunerRawData: b1 0 0 25 44 22 38 23 32 23 aa 23 be 24 4 24 36 
02-19 21:11:31.479 D/TunerManagerForExt(15794): FMRadio main (TunerManagerForExt.java:147) onTunerPresetListChanged:  - mBand: 0 - mPresetIndex: 0 - mFrequency: 9540 - index: 0 - preset: 8760 - index: 1 - preset: 9010 - index: 2 - preset: 9130 - index: 3 - preset: 9150 - index: 4 - preset: 9220 - index: 5 - preset: 9270
02-19 21:11:31.516 E/mcu_services( 5512): MCU2APP : [ff fe fd 12 01 b1 00 00 25 49 22 38 23 32 23 aa 23 be 24 04 24 36 f1 ff ]
02-19 21:11:31.519 D/K706RadioManager(17578): IMcuListener.onTransact: code=1 flags=16
02-19 21:11:31.521 D/K706RadioManager(17578): >>> IMcuListener.onMcuInfoChanged received! data=B1 00 00 25 49 22 38 23 32 23 AA 23 BE 24 04 24 36 
02-19 21:11:31.522 D/K706RadioManager(17578): MCU[0xB1] len=17 : B1 00 00 25 49 22 38 23 32 23 AA 23 BE 24 04 24 36 
02-19 21:11:31.522 D/K706RadioManager(17578): PresetList: band=0 presetIdx=0 currentFreq=9545 firstFreq=9545 (offset=3)
02-19 21:11:31.522 D/K706RadioManager(17578): >>> FREQ: 95400 -> 95450 (MCU=9545, 95,45 MHz)
02-19 21:11:31.526 D/TunerPresenter(15794): handleTunerRawData: b1 0 0 25 49 22 38 23 32 23 aa 23 be 24 4 24 36 
02-19 21:11:31.528 D/TunerManagerForExt(15794): FMRadio main (TunerManagerForExt.java:147) onTunerPresetListChanged:  - mBand: 0 - mPresetIndex: 0 - mFrequency: 9545 - index: 0 - preset: 8760 - index: 1 - preset: 9010 - index: 2 - preset: 9130 - index: 3 - preset: 9150 - index: 4 - preset: 9220 - index: 5 - preset: 9270
02-19 21:11:31.566 E/mcu_services( 5512): MCU2APP : [ff fe fd 12 01 b1 00 00 25 4e 22 38 23 32 23 aa 23 be 24 04 24 36 f6 ff ]
02-19 21:11:31.568 D/K706RadioManager(17578): IMcuListener.onTransact: code=1 flags=16
02-19 21:11:31.570 D/K706RadioManager(17578): >>> IMcuListener.onMcuInfoChanged received! data=B1 00 00 25 4E 22 38 23 32 23 AA 23 BE 24 04 24 36 
02-19 21:11:31.571 D/K706RadioManager(17578): MCU[0xB1] len=17 : B1 00 00 25 4E 22 38 23 32 23 AA 23 BE 24 04 24 36 
02-19 21:11:31.571 D/K706RadioManager(17578): PresetList: band=0 presetIdx=0 currentFreq=9550 firstFreq=9550 (offset=3)
02-19 21:11:31.572 D/K706RadioManager(17578): >>> FREQ: 95450 -> 95500 (MCU=9550, 95,50 MHz)
02-19 21:11:31.574 D/TunerPresenter(15794): handleTunerRawData: b1 0 0 25 4e 22 38 23 32 23 aa 23 be 24 4 24 36 
02-19 21:11:31.575 D/TunerManagerForExt(15794): FMRadio main (TunerManagerForExt.java:147) onTunerPresetListChanged:  - mBand: 0 - mPresetIndex: 0 - mFrequency: 9550 - index: 0 - preset: 8760 - index: 1 - preset: 9010 - index: 2 - preset: 9130 - index: 3 - preset: 9150 - index: 4 - preset: 9220 - index: 5 - preset: 9270
02-19 21:11:31.616 E/mcu_services( 5512): MCU2APP : [ff fe fd 12 01 b1 00 00 25 53 22 38 23 32 23 aa 23 be 24 04 24 36 eb ff ]
02-19 21:11:31.618 D/K706RadioManager(17578): IMcuListener.onTransact: code=1 flags=16
02-19 21:11:31.619 D/K706RadioManager(17578): >>> IMcuListener.onMcuInfoChanged received! data=B1 00 00 25 53 22 38 23 32 23 AA 23 BE 24 04 24 36 
02-19 21:11:31.620 D/K706RadioManager(17578): MCU[0xB1] len=17 : B1 00 00 25 53 22 38 23 32 23 AA 23 BE 24 04 24 36 
02-19 21:11:31.620 D/K706RadioManager(17578): PresetList: band=0 presetIdx=0 currentFreq=9555 firstFreq=9555 (offset=3)
02-19 21:11:31.621 D/K706RadioManager(17578): >>> FREQ: 95500 -> 95550 (MCU=9555, 95,55 MHz)
02-19 21:11:31.622 D/TunerPresenter(15794): handleTunerRawData: b1 0 0 25 53 22 38 23 32 23 aa 23 be 24 4 24 36 
02-19 21:11:31.625 D/TunerManagerForExt(15794): FMRadio main (TunerManagerForExt.java:147) onTunerPresetListChanged:  - mBand: 0 - mPresetIndex: 0 - mFrequency: 9555 - index: 0 - preset: 8760 - index: 1 - preset: 9010 - index: 2 - preset: 9130 - index: 3 - preset: 9150 - index: 4 - preset: 9220 - index: 5 - preset: 9270
02-19 21:11:31.666 E/mcu_services( 5512): MCU2APP : [ff fe fd 12 01 b1 00 00 25 58 22 38 23 32 23 aa 23 be 24 04 24 36 e0 ff ]
02-19 21:11:31.668 D/K706RadioManager(17578): IMcuListener.onTransact: code=1 flags=16
02-19 21:11:31.670 D/K706RadioManager(17578): >>> IMcuListener.onMcuInfoChanged received! data=B1 00 00 25 58 22 38 23 32 23 AA 23 BE 24 04 24 36 
02-19 21:11:31.671 D/K706RadioManager(17578): MCU[0xB1] len=17 : B1 00 00 25 58 22 38 23 32 23 AA 23 BE 24 04 24 36 
02-19 21:11:31.671 D/K706RadioManager(17578): PresetList: band=0 presetIdx=0 currentFreq=9560 firstFreq=9560 (offset=3)
02-19 21:11:31.671 D/K706RadioManager(17578): >>> FREQ: 95550 -> 95600 (MCU=9560, 95,60 MHz)
02-19 21:11:31.673 D/TunerPresenter(15794): handleTunerRawData: b1 0 0 25 58 22 38 23 32 23 aa 23 be 24 4 24 36 
02-19 21:11:31.675 D/TunerManagerForExt(15794): FMRadio main (TunerManagerForExt.java:147) onTunerPresetListChanged:  - mBand: 0 - mPresetIndex: 0 - mFrequency: 9560 - index: 0 - preset: 8760 - index: 1 - preset: 9010 - index: 2 - preset: 9130 - index: 3 - preset: 9150 - index: 4 - preset: 9220 - index: 5 - preset: 9270
02-19 21:11:31.715 E/mcu_services( 5512): MCU2APP : [ff fe fd 12 01 b1 00 00 25 5d 22 38 23 32 23 aa 23 be 24 04 24 36 e5 ff ]
02-19 21:11:31.720 D/K706RadioManager(17578): IMcuListener.onTransact: code=1 flags=16
02-19 21:11:31.721 D/K706RadioManager(17578): >>> IMcuListener.onMcuInfoChanged received! data=B1 00 00 25 5D 22 38 23 32 23 AA 23 BE 24 04 24 36 
02-19 21:11:31.723 D/K706RadioManager(17578): MCU[0xB1] len=17 : B1 00 00 25 5D 22 38 23 32 23 AA 23 BE 24 04 24 36 
02-19 21:11:31.723 D/K706RadioManager(17578): PresetList: band=0 presetIdx=0 currentFreq=9565 firstFreq=9565 (offset=3)
02-19 21:11:31.723 D/K706RadioManager(17578): >>> FREQ: 95600 -> 95650 (MCU=9565, 95,65 MHz)
02-19 21:11:31.725 D/TunerPresenter(15794): handleTunerRawData: b1 0 0 25 5d 22 38 23 32 23 aa 23 be 24 4 24 36 
02-19 21:11:31.727 D/TunerManagerForExt(15794): FMRadio main (TunerManagerForExt.java:147) onTunerPresetListChanged:  - mBand: 0 - mPresetIndex: 0 - mFrequency: 9565 - index: 0 - preset: 8760 - index: 1 - preset: 9010 - index: 2 - preset: 9130 - index: 3 - preset: 9150 - index: 4 - preset: 9220 - index: 5 - preset: 9270
02-19 21:11:31.765 E/mcu_services( 5512): MCU2APP : [ff fe fd 12 01 b1 00 00 25 62 22 38 23 32 23 aa 23 be 24 04 24 36 da ff ]
02-19 21:11:31.767 D/K706RadioManager(17578): IMcuListener.onTransact: code=1 flags=16
02-19 21:11:31.769 D/K706RadioManager(17578): >>> IMcuListener.onMcuInfoChanged received! data=B1 00 00 25 62 22 38 23 32 23 AA 23 BE 24 04 24 36 
02-19 21:11:31.770 D/K706RadioManager(17578): MCU[0xB1] len=17 : B1 00 00 25 62 22 38 23 32 23 AA 23 BE 24 04 24 36 
02-19 21:11:31.770 D/K706RadioManager(17578): PresetList: band=0 presetIdx=0 currentFreq=9570 firstFreq=9570 (offset=3)
02-19 21:11:31.771 D/K706RadioManager(17578): >>> FREQ: 95650 -> 95700 (MCU=9570, 95,70 MHz)
02-19 21:11:31.772 D/TunerPresenter(15794): handleTunerRawData: b1 0 0 25 62 22 38 23 32 23 aa 23 be 24 4 24 36 
02-19 21:11:31.775 D/TunerManagerForExt(15794): FMRadio main (TunerManagerForExt.java:147) onTunerPresetListChanged:  - mBand: 0 - mPresetIndex: 0 - mFrequency: 9570 - index: 0 - preset: 8760 - index: 1 - preset: 9010 - index: 2 - preset: 9130 - index: 3 - preset: 9150 - index: 4 - preset: 9220 - index: 5 - preset: 9270
02-19 21:11:31.815 E/mcu_services( 5512): MCU2APP : [ff fe fd 12 01 b1 00 00 25 67 22 38 23 32 23 aa 23 be 24 04 24 36 df ff ]
02-19 21:11:31.817 D/K706RadioManager(17578): IMcuListener.onTransact: code=1 flags=16
02-19 21:11:31.818 D/K706RadioManager(17578): >>> IMcuListener.onMcuInfoChanged received! data=B1 00 00 25 67 22 38 23 32 23 AA 23 BE 24 04 24 36 
02-19 21:11:31.819 D/K706RadioManager(17578): MCU[0xB1] len=17 : B1 00 00 25 67 22 38 23 32 23 AA 23 BE 24 04 24 36 
02-19 21:11:31.819 D/K706RadioManager(17578): PresetList: band=0 presetIdx=0 currentFreq=9575 firstFreq=9575 (offset=3)
02-19 21:11:31.820 D/K706RadioManager(17578): >>> FREQ: 95700 -> 95750 (MCU=9575, 95,75 MHz)
02-19 21:11:31.822 D/TunerPresenter(15794): handleTunerRawData: b1 0 0 25 67 22 38 23 32 23 aa 23 be 24 4 24 36 
02-19 21:11:31.825 D/TunerManagerForExt(15794): FMRadio main (TunerManagerForExt.java:147) onTunerPresetListChanged:  - mBand: 0 - mPresetIndex: 0 - mFrequency: 9575 - index: 0 - preset: 8760 - index: 1 - preset: 9010 - index: 2 - preset: 9130 - index: 3 - preset: 9150 - index: 4 - preset: 9220 - index: 5 - preset: 9270
02-19 21:11:31.864 E/mcu_services( 5512): MCU2APP : [ff fe fd 12 01 b1 00 00 25 6c 22 38 23 32 23 aa 23 be 24 04 24 36 d4 ff ]
02-19 21:11:31.867 D/K706RadioManager(17578): IMcuListener.onTransact: code=1 flags=16
02-19 21:11:31.868 D/K706RadioManager(17578): >>> IMcuListener.onMcuInfoChanged received! data=B1 00 00 25 6C 22 38 23 32 23 AA 23 BE 24 04 24 36 
02-19 21:11:31.869 D/K706RadioManager(17578): MCU[0xB1] len=17 : B1 00 00 25 6C 22 38 23 32 23 AA 23 BE 24 04 24 36 
02-19 21:11:31.869 D/K706RadioManager(17578): PresetList: band=0 presetIdx=0 currentFreq=9580 firstFreq=9580 (offset=3)
02-19 21:11:31.870 D/K706RadioManager(17578): >>> FREQ: 95750 -> 95800 (MCU=9580, 95,80 MHz)
02-19 21:11:31.871 D/TunerPresenter(15794): handleTunerRawData: b1 0 0 25 6c 22 38 23 32 23 aa 23 be 24 4 24 36 
02-19 21:11:31.874 D/TunerManagerForExt(15794): FMRadio main (TunerManagerForExt.java:147) onTunerPresetListChanged:  - mBand: 0 - mPresetIndex: 0 - mFrequency: 9580 - index: 0 - preset: 8760 - index: 1 - preset: 9010 - index: 2 - preset: 9130 - index: 3 - preset: 9150 - index: 4 - preset: 9220 - index: 5 - preset: 9270
02-19 21:11:31.915 E/mcu_services( 5512): MCU2APP : [ff fe fd 12 01 b1 00 00 25 71 22 38 23 32 23 aa 23 be 24 04 24 36 c9 ff ]
02-19 21:11:31.917 D/K706RadioManager(17578): IMcuListener.onTransact: code=1 flags=16
02-19 21:11:31.918 D/K706RadioManager(17578): >>> IMcuListener.onMcuInfoChanged received! data=B1 00 00 25 71 22 38 23 32 23 AA 23 BE 24 04 24 36 
02-19 21:11:31.919 D/K706RadioManager(17578): MCU[0xB1] len=17 : B1 00 00 25 71 22 38 23 32 23 AA 23 BE 24 04 24 36 
02-19 21:11:31.919 D/K706RadioManager(17578): PresetList: band=0 presetIdx=0 currentFreq=9585 firstFreq=9585 (offset=3)
02-19 21:11:31.920 D/K706RadioManager(17578): >>> FREQ: 95800 -> 95850 (MCU=9585, 95,85 MHz)
02-19 21:11:31.922 D/TunerPresenter(15794): handleTunerRawData: b1 0 0 25 71 22 38 23 32 23 aa 23 be 24 4 24 36 
02-19 21:11:31.925 D/TunerManagerForExt(15794): FMRadio main (TunerManagerForExt.java:147) onTunerPresetListChanged:  - mBand: 0 - mPresetIndex: 0 - mFrequency: 9585 - index: 0 - preset: 8760 - index: 1 - preset: 9010 - index: 2 - preset: 9130 - index: 3 - preset: 9150 - index: 4 - preset: 9220 - index: 5 - preset: 9270
02-19 21:11:31.942 E/mcu_services( 5512): MCU2APP : [ff fe fd 03 01 29 6d 45 ff ]
02-19 21:11:31.944 D/K706RadioManager(17578): IMcuListener.onTransact: code=1 flags=16
02-19 21:11:31.944 D/K706RadioManager(17578): >>> IMcuListener.onMcuInfoChanged received! data=29 6D 
02-19 21:11:31.945 D/K706RadioManager(17578): MCU[0x29] len=2 : 29 6D 
02-19 21:11:31.945 D/K706RadioManager(17578): Unknown MCU packet type: 0x29
02-19 21:11:31.964 E/mcu_services( 5512): MCU2APP : [ff fe fd 12 01 b1 00 00 25 76 22 38 23 32 23 aa 23 be 24 04 24 36 ce ff ]
02-19 21:11:31.966 D/K706RadioManager(17578): IMcuListener.onTransact: code=1 flags=16
02-19 21:11:31.967 D/K706RadioManager(17578): >>> IMcuListener.onMcuInfoChanged received! data=B1 00 00 25 76 22 38 23 32 23 AA 23 BE 24 04 24 36 
02-19 21:11:31.968 D/K706RadioManager(17578): MCU[0xB1] len=17 : B1 00 00 25 76 22 38 23 32 23 AA 23 BE 24 04 24 36 
02-19 21:11:31.968 D/K706RadioManager(17578): PresetList: band=0 presetIdx=0 currentFreq=9590 firstFreq=9590 (offset=3)
02-19 21:11:31.969 D/K706RadioManager(17578): >>> FREQ: 95850 -> 95900 (MCU=9590, 95,90 MHz)
02-19 21:11:31.971 D/TunerPresenter(15794): handleTunerRawData: b1 0 0 25 76 22 38 23 32 23 aa 23 be 24 4 24 36 
02-19 21:11:31.974 D/TunerManagerForExt(15794): FMRadio main (TunerManagerForExt.java:147) onTunerPresetListChanged:  - mBand: 0 - mPresetIndex: 0 - mFrequency: 9590 - index: 0 - preset: 8760 - index: 1 - preset: 9010 - index: 2 - preset: 9130 - index: 3 - preset: 9150 - index: 4 - preset: 9220 - index: 5 - preset: 9270
02-19 21:11:32.014 E/mcu_services( 5512): MCU2APP : [ff fe fd 12 01 b1 00 00 25 7b 22 38 23 32 23 aa 23 be 24 04 24 36 c3 ff ]
02-19 21:11:32.016 D/K706RadioManager(17578): IMcuListener.onTransact: code=1 flags=16
02-19 21:11:32.018 D/K706RadioManager(17578): >>> IMcuListener.onMcuInfoChanged received! data=B1 00 00 25 7B 22 38 23 32 23 AA 23 BE 24 04 24 36 
02-19 21:11:32.019 D/K706RadioManager(17578): MCU[0xB1] len=17 : B1 00 00 25 7B 22 38 23 32 23 AA 23 BE 24 04 24 36 
02-19 21:11:32.019 D/K706RadioManager(17578): PresetList: band=0 presetIdx=0 currentFreq=9595 firstFreq=9595 (offset=3)
02-19 21:11:32.019 D/K706RadioManager(17578): >>> FREQ: 95900 -> 95950 (MCU=9595, 95,95 MHz)
02-19 21:11:32.021 D/TunerPresenter(15794): handleTunerRawData: b1 0 0 25 7b 22 38 23 32 23 aa 23 be 24 4 24 36 
02-19 21:11:32.023 D/TunerManagerForExt(15794): FMRadio main (TunerManagerForExt.java:147) onTunerPresetListChanged:  - mBand: 0 - mPresetIndex: 0 - mFrequency: 9595 - index: 0 - preset: 8760 - index: 1 - preset: 9010 - index: 2 - preset: 9130 - index: 3 - preset: 9150 - index: 4 - preset: 9220 - index: 5 - preset: 9270
02-19 21:11:32.063 E/mcu_services( 5512): MCU2APP : [ff fe fd 12 01 b1 00 00 25 80 22 38 23 32 23 aa 23 be 24 04 24 36 38 ff ]
02-19 21:11:32.066 D/K706RadioManager(17578): IMcuListener.onTransact: code=1 flags=16
02-19 21:11:32.067 D/K706RadioManager(17578): >>> IMcuListener.onMcuInfoChanged received! data=B1 00 00 25 80 22 38 23 32 23 AA 23 BE 24 04 24 36 
02-19 21:11:32.069 D/K706RadioManager(17578): MCU[0xB1] len=17 : B1 00 00 25 80 22 38 23 32 23 AA 23 BE 24 04 24 36 
02-19 21:11:32.069 D/K706RadioManager(17578): PresetList: band=0 presetIdx=0 currentFreq=9600 firstFreq=9600 (offset=3)
02-19 21:11:32.069 D/K706RadioManager(17578): >>> FREQ: 95950 -> 96000 (MCU=9600, 96,00 MHz)
02-19 21:11:32.071 D/TunerPresenter(15794): handleTunerRawData: b1 0 0 25 80 22 38 23 32 23 aa 23 be 24 4 24 36 
02-19 21:11:32.074 D/TunerManagerForExt(15794): FMRadio main (TunerManagerForExt.java:147) onTunerPresetListChanged:  - mBand: 0 - mPresetIndex: 0 - mFrequency: 9600 - index: 0 - preset: 8760 - index: 1 - preset: 9010 - index: 2 - preset: 9130 - index: 3 - preset: 9150 - index: 4 - preset: 9220 - index: 5 - preset: 9270
02-19 21:11:32.113 E/mcu_services( 5512): MCU2APP : [ff fe fd 12 01 b1 00 00 25 85 22 38 23 32 23 aa 23 be 24 04 24 36 3d ff ]
02-19 21:11:32.115 D/K706RadioManager(17578): IMcuListener.onTransact: code=1 flags=16
02-19 21:11:32.117 D/K706RadioManager(17578): >>> IMcuListener.onMcuInfoChanged received! data=B1 00 00 25 85 22 38 23 32 23 AA 23 BE 24 04 24 36 
02-19 21:11:32.118 D/K706RadioManager(17578): MCU[0xB1] len=17 : B1 00 00 25 85 22 38 23 32 23 AA 23 BE 24 04 24 36 
02-19 21:11:32.118 D/K706RadioManager(17578): PresetList: band=0 presetIdx=0 currentFreq=9605 firstFreq=9605 (offset=3)
02-19 21:11:32.118 D/K706RadioManager(17578): >>> FREQ: 96000 -> 96050 (MCU=9605, 96,05 MHz)
02-19 21:11:32.121 D/TunerPresenter(15794): handleTunerRawData: b1 0 0 25 85 22 38 23 32 23 aa 23 be 24 4 24 36 
02-19 21:11:32.124 D/TunerManagerForExt(15794): FMRadio main (TunerManagerForExt.java:147) onTunerPresetListChanged:  - mBand: 0 - mPresetIndex: 0 - mFrequency: 9605 - index: 0 - preset: 8760 - index: 1 - preset: 9010 - index: 2 - preset: 9130 - index: 3 - preset: 9150 - index: 4 - preset: 9220 - index: 5 - preset: 9270
02-19 21:11:32.163 E/mcu_services( 5512): MCU2APP : [ff fe fd 12 01 b1 00 00 25 8a 22 38 23 32 23 aa 23 be 24 04 24 36 32 ff ]
02-19 21:11:32.165 D/K706RadioManager(17578): IMcuListener.onTransact: code=1 flags=16
02-19 21:11:32.167 D/K706RadioManager(17578): >>> IMcuListener.onMcuInfoChanged received! data=B1 00 00 25 8A 22 38 23 32 23 AA 23 BE 24 04 24 36 
02-19 21:11:32.168 D/K706RadioManager(17578): MCU[0xB1] len=17 : B1 00 00 25 8A 22 38 23 32 23 AA 23 BE 24 04 24 36 
02-19 21:11:32.168 D/K706RadioManager(17578): PresetList: band=0 presetIdx=0 currentFreq=9610 firstFreq=9610 (offset=3)
02-19 21:11:32.169 D/K706RadioManager(17578): >>> FREQ: 96050 -> 96100 (MCU=9610, 96,10 MHz)
02-19 21:11:32.171 D/TunerPresenter(15794): handleTunerRawData: b1 0 0 25 8a 22 38 23 32 23 aa 23 be 24 4 24 36 
02-19 21:11:32.173 D/TunerManagerForExt(15794): FMRadio main (TunerManagerForExt.java:147) onTunerPresetListChanged:  - mBand: 0 - mPresetIndex: 0 - mFrequency: 9610 - index: 0 - preset: 8760 - index: 1 - preset: 9010 - index: 2 - preset: 9130 - index: 3 - preset: 9150 - index: 4 - preset: 9220 - index: 5 - preset: 9270
02-19 21:11:32.213 E/mcu_services( 5512): MCU2APP : [ff fe fd 12 01 b1 00 00 25 8f 22 38 23 32 23 aa 23 be 24 04 24 36 37 ff ]
02-19 21:11:32.215 D/K706RadioManager(17578): IMcuListener.onTransact: code=1 flags=16
02-19 21:11:32.216 D/K706RadioManager(17578): >>> IMcuListener.onMcuInfoChanged received! data=B1 00 00 25 8F 22 38 23 32 23 AA 23 BE 24 04 24 36 
02-19 21:11:32.217 D/K706RadioManager(17578): MCU[0xB1] len=17 : B1 00 00 25 8F 22 38 23 32 23 AA 23 BE 24 04 24 36 
02-19 21:11:32.217 D/K706RadioManager(17578): PresetList: band=0 presetIdx=0 currentFreq=9615 firstFreq=9615 (offset=3)
02-19 21:11:32.218 D/K706RadioManager(17578): >>> FREQ: 96100 -> 96150 (MCU=9615, 96,15 MHz)
02-19 21:11:32.220 D/TunerPresenter(15794): handleTunerRawData: b1 0 0 25 8f 22 38 23 32 23 aa 23 be 24 4 24 36 
02-19 21:11:32.222 D/TunerManagerForExt(15794): FMRadio main (TunerManagerForExt.java:147) onTunerPresetListChanged:  - mBand: 0 - mPresetIndex: 0 - mFrequency: 9615 - index: 0 - preset: 8760 - index: 1 - preset: 9010 - index: 2 - preset: 9130 - index: 3 - preset: 9150 - index: 4 - preset: 9220 - index: 5 - preset: 9270
02-19 21:11:32.263 E/mcu_services( 5512): MCU2APP : [ff fe fd 12 01 b1 00 00 25 94 22 38 23 32 23 aa 23 be 24 04 24 36 2c ff ]
02-19 21:11:32.265 D/K706RadioManager(17578): IMcuListener.onTransact: code=1 flags=16
02-19 21:11:32.266 D/K706RadioManager(17578): >>> IMcuListener.onMcuInfoChanged received! data=B1 00 00 25 94 22 38 23 32 23 AA 23 BE 24 04 24 36 
02-19 21:11:32.267 D/K706RadioManager(17578): MCU[0xB1] len=17 : B1 00 00 25 94 22 38 23 32 23 AA 23 BE 24 04 24 36 
02-19 21:11:32.267 D/K706RadioManager(17578): PresetList: band=0 presetIdx=0 currentFreq=9620 firstFreq=9620 (offset=3)
02-19 21:11:32.268 D/K706RadioManager(17578): >>> FREQ: 96150 -> 96200 (MCU=9620, 96,20 MHz)
02-19 21:11:32.269 D/TunerPresenter(15794): handleTunerRawData: b1 0 0 25 94 22 38 23 32 23 aa 23 be 24 4 24 36 
02-19 21:11:32.272 D/TunerManagerForExt(15794): FMRadio main (TunerManagerForExt.java:147) onTunerPresetListChanged:  - mBand: 0 - mPresetIndex: 0 - mFrequency: 9620 - index: 0 - preset: 8760 - index: 1 - preset: 9010 - index: 2 - preset: 9130 - index: 3 - preset: 9150 - index: 4 - preset: 9220 - index: 5 - preset: 9270
02-19 21:11:32.312 E/mcu_services( 5512): MCU2APP : [ff fe fd 12 01 b1 00 00 25 99 22 38 23 32 23 aa 23 be 24 04 24 36 21 ff ]
02-19 21:11:32.314 D/K706RadioManager(17578): IMcuListener.onTransact: code=1 flags=16
02-19 21:11:32.315 D/K706RadioManager(17578): >>> IMcuListener.onMcuInfoChanged received! data=B1 00 00 25 99 22 38 23 32 23 AA 23 BE 24 04 24 36 
02-19 21:11:32.316 D/K706RadioManager(17578): MCU[0xB1] len=17 : B1 00 00 25 99 22 38 23 32 23 AA 23 BE 24 04 24 36 
02-19 21:11:32.316 D/K706RadioManager(17578): PresetList: band=0 presetIdx=0 currentFreq=9625 firstFreq=9625 (offset=3)
02-19 21:11:32.316 D/K706RadioManager(17578): >>> FREQ: 96200 -> 96250 (MCU=9625, 96,25 MHz)
02-19 21:11:32.318 D/TunerPresenter(15794): handleTunerRawData: b1 0 0 25 99 22 38 23 32 23 aa 23 be 24 4 24 36 
02-19 21:11:32.321 D/TunerManagerForExt(15794): FMRadio main (TunerManagerForExt.java:147) onTunerPresetListChanged:  - mBand: 0 - mPresetIndex: 0 - mFrequency: 9625 - index: 0 - preset: 8760 - index: 1 - preset: 9010 - index: 2 - preset: 9130 - index: 3 - preset: 9150 - index: 4 - preset: 9220 - index: 5 - preset: 9270
02-19 21:11:32.362 E/mcu_services( 5512): MCU2APP : [ff fe fd 12 01 b1 00 00 25 9e 22 38 23 32 23 aa 23 be 24 04 24 36 26 ff ]
02-19 21:11:32.363 D/K706RadioManager(17578): IMcuListener.onTransact: code=1 flags=16
02-19 21:11:32.364 D/K706RadioManager(17578): >>> IMcuListener.onMcuInfoChanged received! data=B1 00 00 25 9E 22 38 23 32 23 AA 23 BE 24 04 24 36 
02-19 21:11:32.365 D/K706RadioManager(17578): MCU[0xB1] len=17 : B1 00 00 25 9E 22 38 23 32 23 AA 23 BE 24 04 24 36 
02-19 21:11:32.365 D/K706RadioManager(17578): PresetList: band=0 presetIdx=0 currentFreq=9630 firstFreq=9630 (offset=3)
02-19 21:11:32.366 D/K706RadioManager(17578): >>> FREQ: 96250 -> 96300 (MCU=9630, 96,30 MHz)
02-19 21:11:32.368 D/TunerPresenter(15794): handleTunerRawData: b1 0 0 25 9e 22 38 23 32 23 aa 23 be 24 4 24 36 
02-19 21:11:32.370 D/TunerManagerForExt(15794): FMRadio main (TunerManagerForExt.java:147) onTunerPresetListChanged:  - mBand: 0 - mPresetIndex: 0 - mFrequency: 9630 - index: 0 - preset: 8760 - index: 1 - preset: 9010 - index: 2 - preset: 9130 - index: 3 - preset: 9150 - index: 4 - preset: 9220 - index: 5 - preset: 9270
02-19 21:11:32.411 E/mcu_services( 5512): MCU2APP : [ff fe fd 12 01 b1 00 00 25 a3 22 38 23 32 23 aa 23 be 24 04 24 36 1b ff ]
02-19 21:11:32.413 D/K706RadioManager(17578): IMcuListener.onTransact: code=1 flags=16
02-19 21:11:32.415 D/K706RadioManager(17578): >>> IMcuListener.onMcuInfoChanged received! data=B1 00 00 25 A3 22 38 23 32 23 AA 23 BE 24 04 24 36 
02-19 21:11:32.416 D/K706RadioManager(17578): MCU[0xB1] len=17 : B1 00 00 25 A3 22 38 23 32 23 AA 23 BE 24 04 24 36 
02-19 21:11:32.416 D/K706RadioManager(17578): PresetList: band=0 presetIdx=0 currentFreq=9635 firstFreq=9635 (offset=3)
02-19 21:11:32.417 D/K706RadioManager(17578): >>> FREQ: 96300 -> 96350 (MCU=9635, 96,35 MHz)
02-19 21:11:32.419 D/TunerPresenter(15794): handleTunerRawData: b1 0 0 25 a3 22 38 23 32 23 aa 23 be 24 4 24 36 
02-19 21:11:32.421 D/TunerManagerForExt(15794): FMRadio main (TunerManagerForExt.java:147) onTunerPresetListChanged:  - mBand: 0 - mPresetIndex: 0 - mFrequency: 9635 - index: 0 - preset: 8760 - index: 1 - preset: 9010 - index: 2 - preset: 9130 - index: 3 - preset: 9150 - index: 4 - preset: 9220 - index: 5 - preset: 9270
02-19 21:11:32.462 E/mcu_services( 5512): MCU2APP : [ff fe fd 12 01 b1 00 00 25 a8 22 38 23 32 23 aa 23 be 24 04 24 36 10 ff ]
02-19 21:11:32.464 D/K706RadioManager(17578): IMcuListener.onTransact: code=1 flags=16
02-19 21:11:32.465 D/K706RadioManager(17578): >>> IMcuListener.onMcuInfoChanged received! data=B1 00 00 25 A8 22 38 23 32 23 AA 23 BE 24 04 24 36 
02-19 21:11:32.466 D/K706RadioManager(17578): MCU[0xB1] len=17 : B1 00 00 25 A8 22 38 23 32 23 AA 23 BE 24 04 24 36 
02-19 21:11:32.467 D/K706RadioManager(17578): PresetList: band=0 presetIdx=0 currentFreq=9640 firstFreq=9640 (offset=3)
02-19 21:11:32.467 D/K706RadioManager(17578): >>> FREQ: 96350 -> 96400 (MCU=9640, 96,40 MHz)
02-19 21:11:32.469 D/TunerPresenter(15794): handleTunerRawData: b1 0 0 25 a8 22 38 23 32 23 aa 23 be 24 4 24 36 
02-19 21:11:32.471 D/TunerManagerForExt(15794): FMRadio main (TunerManagerForExt.java:147) onTunerPresetListChanged:  - mBand: 0 - mPresetIndex: 0 - mFrequency: 9640 - index: 0 - preset: 8760 - index: 1 - preset: 9010 - index: 2 - preset: 9130 - index: 3 - preset: 9150 - index: 4 - preset: 9220 - index: 5 - preset: 9270
02-19 21:11:32.511 E/mcu_services( 5512): MCU2APP : [ff fe fd 12 01 b1 00 00 25 ad 22 38 23 32 23 aa 23 be 24 04 24 36 15 ff ]
02-19 21:11:32.513 D/K706RadioManager(17578): IMcuListener.onTransact: code=1 flags=16
02-19 21:11:32.515 D/K706RadioManager(17578): >>> IMcuListener.onMcuInfoChanged received! data=B1 00 00 25 AD 22 38 23 32 23 AA 23 BE 24 04 24 36 
02-19 21:11:32.516 D/K706RadioManager(17578): MCU[0xB1] len=17 : B1 00 00 25 AD 22 38 23 32 23 AA 23 BE 24 04 24 36 
02-19 21:11:32.516 D/K706RadioManager(17578): PresetList: band=0 presetIdx=0 currentFreq=9645 firstFreq=9645 (offset=3)
02-19 21:11:32.516 D/K706RadioManager(17578): >>> FREQ: 96400 -> 96450 (MCU=9645, 96,45 MHz)
02-19 21:11:32.518 D/TunerPresenter(15794): handleTunerRawData: b1 0 0 25 ad 22 38 23 32 23 aa 23 be 24 4 24 36 
02-19 21:11:32.521 D/TunerManagerForExt(15794): FMRadio main (TunerManagerForExt.java:147) onTunerPresetListChanged:  - mBand: 0 - mPresetIndex: 0 - mFrequency: 9645 - index: 0 - preset: 8760 - index: 1 - preset: 9010 - index: 2 - preset: 9130 - index: 3 - preset: 9150 - index: 4 - preset: 9220 - index: 5 - preset: 9270
02-19 21:11:32.561 E/mcu_services( 5512): MCU2APP : [ff fe fd 12 01 b1 00 00 25 b2 22 38 23 32 23 aa 23 be 24 04 24 36 0a ff ]
02-19 21:11:32.563 D/K706RadioManager(17578): IMcuListener.onTransact: code=1 flags=16
02-19 21:11:32.565 D/K706RadioManager(17578): >>> IMcuListener.onMcuInfoChanged received! data=B1 00 00 25 B2 22 38 23 32 23 AA 23 BE 24 04 24 36 
02-19 21:11:32.566 D/K706RadioManager(17578): MCU[0xB1] len=17 : B1 00 00 25 B2 22 38 23 32 23 AA 23 BE 24 04 24 36 
02-19 21:11:32.566 D/K706RadioManager(17578): PresetList: band=0 presetIdx=0 currentFreq=9650 firstFreq=9650 (offset=3)
02-19 21:11:32.566 D/K706RadioManager(17578): >>> FREQ: 96450 -> 96500 (MCU=9650, 96,50 MHz)
02-19 21:11:32.568 D/TunerPresenter(15794): handleTunerRawData: b1 0 0 25 b2 22 38 23 32 23 aa 23 be 24 4 24 36 
02-19 21:11:32.571 D/TunerManagerForExt(15794): FMRadio main (TunerManagerForExt.java:147) onTunerPresetListChanged:  - mBand: 0 - mPresetIndex: 0 - mFrequency: 9650 - index: 0 - preset: 8760 - index: 1 - preset: 9010 - index: 2 - preset: 9130 - index: 3 - preset: 9150 - index: 4 - preset: 9220 - index: 5 - preset: 9270
02-19 21:11:32.610 E/mcu_services( 5512): MCU2APP : [ff fe fd 12 01 b1 00 00 25 b7 22 38 23 32 23 aa 23 be 24 04 24 36 0f ff ]
02-19 21:11:32.614 D/K706RadioManager(17578): IMcuListener.onTransact: code=1 flags=16
02-19 21:11:32.615 D/K706RadioManager(17578): >>> IMcuListener.onMcuInfoChanged received! data=B1 00 00 25 B7 22 38 23 32 23 AA 23 BE 24 04 24 36 
02-19 21:11:32.616 D/K706RadioManager(17578): MCU[0xB1] len=17 : B1 00 00 25 B7 22 38 23 32 23 AA 23 BE 24 04 24 36 
02-19 21:11:32.616 D/K706RadioManager(17578): PresetList: band=0 presetIdx=0 currentFreq=9655 firstFreq=9655 (offset=3)
02-19 21:11:32.616 D/K706RadioManager(17578): >>> FREQ: 96500 -> 96550 (MCU=9655, 96,55 MHz)
02-19 21:11:32.618 D/TunerPresenter(15794): handleTunerRawData: b1 0 0 25 b7 22 38 23 32 23 aa 23 be 24 4 24 36 
02-19 21:11:32.621 D/TunerManagerForExt(15794): FMRadio main (TunerManagerForExt.java:147) onTunerPresetListChanged:  - mBand: 0 - mPresetIndex: 0 - mFrequency: 9655 - index: 0 - preset: 8760 - index: 1 - preset: 9010 - index: 2 - preset: 9130 - index: 3 - preset: 9150 - index: 4 - preset: 9220 - index: 5 - preset: 9270
02-19 21:11:32.660 E/mcu_services( 5512): MCU2APP : [ff fe fd 12 01 b1 00 00 25 bc 22 38 23 32 23 aa 23 be 24 04 24 36 04 ff ]
02-19 21:11:32.662 D/K706RadioManager(17578): IMcuListener.onTransact: code=1 flags=16
02-19 21:11:32.663 D/K706RadioManager(17578): >>> IMcuListener.onMcuInfoChanged received! data=B1 00 00 25 BC 22 38 23 32 23 AA 23 BE 24 04 24 36 
02-19 21:11:32.664 D/K706RadioManager(17578): MCU[0xB1] len=17 : B1 00 00 25 BC 22 38 23 32 23 AA 23 BE 24 04 24 36 
02-19 21:11:32.664 D/K706RadioManager(17578): PresetList: band=0 presetIdx=0 currentFreq=9660 firstFreq=9660 (offset=3)
02-19 21:11:32.664 D/K706RadioManager(17578): >>> FREQ: 96550 -> 96600 (MCU=9660, 96,60 MHz)
02-19 21:11:32.667 D/TunerPresenter(15794): handleTunerRawData: b1 0 0 25 bc 22 38 23 32 23 aa 23 be 24 4 24 36 
02-19 21:11:32.671 D/TunerManagerForExt(15794): FMRadio main (TunerManagerForExt.java:147) onTunerPresetListChanged:  - mBand: 0 - mPresetIndex: 0 - mFrequency: 9660 - index: 0 - preset: 8760 - index: 1 - preset: 9010 - index: 2 - preset: 9130 - index: 3 - preset: 9150 - index: 4 - preset: 9220 - index: 5 - preset: 9270
02-19 21:11:32.710 E/mcu_services( 5512): MCU2APP : [ff fe fd 12 01 b1 00 00 25 c1 22 38 23 32 23 aa 23 be 24 04 24 36 79 ff ]
02-19 21:11:32.712 D/K706RadioManager(17578): IMcuListener.onTransact: code=1 flags=16
02-19 21:11:32.713 D/K706RadioManager(17578): >>> IMcuListener.onMcuInfoChanged received! data=B1 00 00 25 C1 22 38 23 32 23 AA 23 BE 24 04 24 36 
02-19 21:11:32.714 D/K706RadioManager(17578): MCU[0xB1] len=17 : B1 00 00 25 C1 22 38 23 32 23 AA 23 BE 24 04 24 36 
02-19 21:11:32.714 D/K706RadioManager(17578): PresetList: band=0 presetIdx=0 currentFreq=9665 firstFreq=9665 (offset=3)
02-19 21:11:32.715 D/K706RadioManager(17578): >>> FREQ: 96600 -> 96650 (MCU=9665, 96,65 MHz)
02-19 21:11:32.716 D/TunerPresenter(15794): handleTunerRawData: b1 0 0 25 c1 22 38 23 32 23 aa 23 be 24 4 24 36 
02-19 21:11:32.720 D/TunerManagerForExt(15794): FMRadio main (TunerManagerForExt.java:147) onTunerPresetListChanged:  - mBand: 0 - mPresetIndex: 0 - mFrequency: 9665 - index: 0 - preset: 8760 - index: 1 - preset: 9010 - index: 2 - preset: 9130 - index: 3 - preset: 9150 - index: 4 - preset: 9220 - index: 5 - preset: 9270
02-19 21:11:32.760 E/mcu_services( 5512): MCU2APP : [ff fe fd 12 01 b1 00 00 25 c6 22 38 23 32 23 aa 23 be 24 04 24 36 7e ff ]
02-19 21:11:32.762 D/K706RadioManager(17578): IMcuListener.onTransact: code=1 flags=16
02-19 21:11:32.763 D/K706RadioManager(17578): >>> IMcuListener.onMcuInfoChanged received! data=B1 00 00 25 C6 22 38 23 32 23 AA 23 BE 24 04 24 36 
02-19 21:11:32.764 D/K706RadioManager(17578): MCU[0xB1] len=17 : B1 00 00 25 C6 22 38 23 32 23 AA 23 BE 24 04 24 36 
02-19 21:11:32.764 D/K706RadioManager(17578): PresetList: band=0 presetIdx=0 currentFreq=9670 firstFreq=9670 (offset=3)
02-19 21:11:32.764 D/K706RadioManager(17578): >>> FREQ: 96650 -> 96700 (MCU=9670, 96,70 MHz)
02-19 21:11:32.766 D/TunerPresenter(15794): handleTunerRawData: b1 0 0 25 c6 22 38 23 32 23 aa 23 be 24 4 24 36 
02-19 21:11:32.769 D/TunerManagerForExt(15794): FMRadio main (TunerManagerForExt.java:147) onTunerPresetListChanged:  - mBand: 0 - mPresetIndex: 0 - mFrequency: 9670 - index: 0 - preset: 8760 - index: 1 - preset: 9010 - index: 2 - preset: 9130 - index: 3 - preset: 9150 - index: 4 - preset: 9220 - index: 5 - preset: 9270
02-19 21:11:32.809 E/mcu_services( 5512): MCU2APP : [ff fe fd 12 01 b1 00 00 25 cb 22 38 23 32 23 aa 23 be 24 04 24 36 73 ff ]
02-19 21:11:32.811 D/K706RadioManager(17578): IMcuListener.onTransact: code=1 flags=16
02-19 21:11:32.813 D/K706RadioManager(17578): >>> IMcuListener.onMcuInfoChanged received! data=B1 00 00 25 CB 22 38 23 32 23 AA 23 BE 24 04 24 36 
02-19 21:11:32.814 D/K706RadioManager(17578): MCU[0xB1] len=17 : B1 00 00 25 CB 22 38 23 32 23 AA 23 BE 24 04 24 36 
02-19 21:11:32.814 D/K706RadioManager(17578): PresetList: band=0 presetIdx=0 currentFreq=9675 firstFreq=9675 (offset=3)
02-19 21:11:32.814 D/K706RadioManager(17578): >>> FREQ: 96700 -> 96750 (MCU=9675, 96,75 MHz)
02-19 21:11:32.816 D/TunerPresenter(15794): handleTunerRawData: b1 0 0 25 cb 22 38 23 32 23 aa 23 be 24 4 24 36 
02-19 21:11:32.819 D/TunerManagerForExt(15794): FMRadio main (TunerManagerForExt.java:147) onTunerPresetListChanged:  - mBand: 0 - mPresetIndex: 0 - mFrequency: 9675 - index: 0 - preset: 8760 - index: 1 - preset: 9010 - index: 2 - preset: 9130 - index: 3 - preset: 9150 - index: 4 - preset: 9220 - index: 5 - preset: 9270
02-19 21:11:32.859 E/mcu_services( 5512): MCU2APP : [ff fe fd 12 01 b1 00 00 25 d0 22 38 23 32 23 aa 23 be 24 04 24 36 68 ff ]
02-19 21:11:32.860 D/K706RadioManager(17578): IMcuListener.onTransact: code=1 flags=16
02-19 21:11:32.861 D/K706RadioManager(17578): >>> IMcuListener.onMcuInfoChanged received! data=B1 00 00 25 D0 22 38 23 32 23 AA 23 BE 24 04 24 36 
02-19 21:11:32.862 D/K706RadioManager(17578): MCU[0xB1] len=17 : B1 00 00 25 D0 22 38 23 32 23 AA 23 BE 24 04 24 36 
02-19 21:11:32.862 D/K706RadioManager(17578): PresetList: band=0 presetIdx=0 currentFreq=9680 firstFreq=9680 (offset=3)
02-19 21:11:32.862 D/K706RadioManager(17578): >>> FREQ: 96750 -> 96800 (MCU=9680, 96,80 MHz)
02-19 21:11:32.864 D/TunerPresenter(15794): handleTunerRawData: b1 0 0 25 d0 22 38 23 32 23 aa 23 be 24 4 24 36 
02-19 21:11:32.867 D/TunerManagerForExt(15794): FMRadio main (TunerManagerForExt.java:147) onTunerPresetListChanged:  - mBand: 0 - mPresetIndex: 0 - mFrequency: 9680 - index: 0 - preset: 8760 - index: 1 - preset: 9010 - index: 2 - preset: 9130 - index: 3 - preset: 9150 - index: 4 - preset: 9220 - index: 5 - preset: 9270
02-19 21:11:32.909 E/mcu_services( 5512): MCU2APP : [ff fe fd 12 01 b1 00 00 25 d5 22 38 23 32 23 aa 23 be 24 04 24 36 6d ff ]
02-19 21:11:32.911 D/K706RadioManager(17578): IMcuListener.onTransact: code=1 flags=16
02-19 21:11:32.912 D/K706RadioManager(17578): >>> IMcuListener.onMcuInfoChanged received! data=B1 00 00 25 D5 22 38 23 32 23 AA 23 BE 24 04 24 36 
02-19 21:11:32.913 D/K706RadioManager(17578): MCU[0xB1] len=17 : B1 00 00 25 D5 22 38 23 32 23 AA 23 BE 24 04 24 36 
02-19 21:11:32.913 D/K706RadioManager(17578): PresetList: band=0 presetIdx=0 currentFreq=9685 firstFreq=9685 (offset=3)
02-19 21:11:32.914 D/K706RadioManager(17578): >>> FREQ: 96800 -> 96850 (MCU=9685, 96,85 MHz)
02-19 21:11:32.915 D/TunerPresenter(15794): handleTunerRawData: b1 0 0 25 d5 22 38 23 32 23 aa 23 be 24 4 24 36 
02-19 21:11:32.918 D/TunerManagerForExt(15794): FMRadio main (TunerManagerForExt.java:147) onTunerPresetListChanged:  - mBand: 0 - mPresetIndex: 0 - mFrequency: 9685 - index: 0 - preset: 8760 - index: 1 - preset: 9010 - index: 2 - preset: 9130 - index: 3 - preset: 9150 - index: 4 - preset: 9220 - index: 5 - preset: 9270
02-19 21:11:32.959 E/mcu_services( 5512): MCU2APP : [ff fe fd 12 01 b1 00 00 25 da 22 38 23 32 23 aa 23 be 24 04 24 36 62 ff ]
02-19 21:11:32.961 D/K706RadioManager(17578): IMcuListener.onTransact: code=1 flags=16
02-19 21:11:32.962 D/K706RadioManager(17578): >>> IMcuListener.onMcuInfoChanged received! data=B1 00 00 25 DA 22 38 23 32 23 AA 23 BE 24 04 24 36 
02-19 21:11:32.963 D/K706RadioManager(17578): MCU[0xB1] len=17 : B1 00 00 25 DA 22 38 23 32 23 AA 23 BE 24 04 24 36 
02-19 21:11:32.963 D/K706RadioManager(17578): PresetList: band=0 presetIdx=0 currentFreq=9690 firstFreq=9690 (offset=3)
02-19 21:11:32.964 D/K706RadioManager(17578): >>> FREQ: 96850 -> 96900 (MCU=9690, 96,90 MHz)
02-19 21:11:32.966 D/TunerPresenter(15794): handleTunerRawData: b1 0 0 25 da 22 38 23 32 23 aa 23 be 24 4 24 36 
02-19 21:11:32.969 D/TunerManagerForExt(15794): FMRadio main (TunerManagerForExt.java:147) onTunerPresetListChanged:  - mBand: 0 - mPresetIndex: 0 - mFrequency: 9690 - index: 0 - preset: 8760 - index: 1 - preset: 9010 - index: 2 - preset: 9130 - index: 3 - preset: 9150 - index: 4 - preset: 9220 - index: 5 - preset: 9270
02-19 21:11:33.001 E/mcu_services( 5512): MCU2APP : [ff fe fd 12 01 b1 00 00 25 da 22 38 23 32 23 aa 23 be 24 04 24 36 62 ff ]
02-19 21:11:33.004 D/K706RadioManager(17578): IMcuListener.onTransact: code=1 flags=16
02-19 21:11:33.005 D/K706RadioManager(17578): >>> IMcuListener.onMcuInfoChanged received! data=B1 00 00 25 DA 22 38 23 32 23 AA 23 BE 24 04 24 36 
02-19 21:11:33.006 D/K706RadioManager(17578): MCU[0xB1] len=17 : B1 00 00 25 DA 22 38 23 32 23 AA 23 BE 24 04 24 36 
02-19 21:11:33.006 D/K706RadioManager(17578): PresetList: band=0 presetIdx=0 currentFreq=9690 firstFreq=9690 (offset=3)
02-19 21:11:33.009 D/TunerPresenter(15794): handleTunerRawData: b1 0 0 25 da 22 38 23 32 23 aa 23 be 24 4 24 36 
02-19 21:11:33.012 D/TunerManagerForExt(15794): FMRadio main (TunerManagerForExt.java:147) onTunerPresetListChanged:  - mBand: 0 - mPresetIndex: 0 - mFrequency: 9690 - index: 0 - preset: 8760 - index: 1 - preset: 9010 - index: 2 - preset: 9130 - index: 3 - preset: 9150 - index: 4 - preset: 9220 - index: 5 - preset: 9270
02-19 21:11:33.072 E/mcu_services( 5512): MCU2APP : [ff fe fd 12 01 b1 00 00 25 da 22 38 23 32 23 aa 23 be 24 04 24 36 62 ff ]
02-19 21:11:33.073 D/K706RadioManager(17578): IMcuListener.onTransact: code=1 flags=16
02-19 21:11:33.074 D/K706RadioManager(17578): >>> IMcuListener.onMcuInfoChanged received! data=B1 00 00 25 DA 22 38 23 32 23 AA 23 BE 24 04 24 36 
02-19 21:11:33.074 E/mcu_services( 5512): MCU2APP : [ff fe fd 03 01 b4 00 b5 ff ]
02-19 21:11:33.074 D/K706RadioManager(17578): MCU[0xB1] len=17 : B1 00 00 25 DA 22 38 23 32 23 AA 23 BE 24 04 24 36 
02-19 21:11:33.075 D/K706RadioManager(17578): PresetList: band=0 presetIdx=0 currentFreq=9690 firstFreq=9690 (offset=3)
02-19 21:11:33.075 E/mcu_services( 5512): sendAckSuccess : [ff fd fe 02 02 b4 b6 ff ]
02-19 21:11:33.075 E/mcu_services( 5512): APP2MCU - writeToUart: [ff fd fe 02 02 b4 b6 ff ]
02-19 21:11:33.077 D/TunerPresenter(15794): handleTunerRawData: b1 0 0 25 da 22 38 23 32 23 aa 23 be 24 4 24 36 
02-19 21:11:33.077 D/TunerManagerForExt(15794): FMRadio main (TunerManagerForExt.java:147) onTunerPresetListChanged:  - mBand: 0 - mPresetIndex: 0 - mFrequency: 9690 - index: 0 - preset: 8760 - index: 1 - preset: 9010 - index: 2 - preset: 9130 - index: 3 - preset: 9150 - index: 4 - preset: 9220 - index: 5 - preset: 9270
02-19 21:11:33.078 D/K706RadioManager(17578): IMcuListener.onTransact: code=1 flags=16
02-19 21:11:33.078 D/K706RadioManager(17578): >>> IMcuListener.onMcuInfoChanged received! data=B4 00 
02-19 21:11:33.078 D/K706RadioManager(17578): MCU[0xB4] len=2 : B4 00 
02-19 21:11:33.078 D/K706RadioManager(17578): RDS B4 Flags: 0x00
02-19 21:11:33.087 D/TunerPresenter(15794): handleTunerRawData: b4 0 
02-19 21:11:33.088 D/TunerManagerForExt(15794): FMRadio main (TunerManagerForExt.java:195) onTuneRdsIndicateInfo: onTuneRdsIndicateInfo - flag: 0 - mRdsSwitch: 0
02-19 21:11:33.095 E/mcu_services( 5512): MCU2APP : [ff fe fd 03 01 b0 50 e1 ff ]
02-19 21:11:33.096 D/K706RadioManager(17578): IMcuListener.onTransact: code=1 flags=16
02-19 21:11:33.097 D/K706RadioManager(17578): >>> IMcuListener.onMcuInfoChanged received! data=B0 50 
02-19 21:11:33.097 D/K706RadioManager(17578): MCU[0xB0] len=2 : B0 50 
02-19 21:11:33.097 D/K706RadioManager(17578): TunerInfo: flags=0x50 save=false AS=false finish=true valid=false ST=true LOC=false seek=false scan=false
02-19 21:11:33.098 D/TunerPresenter(15794): handleTunerRawData: b0 50 
02-19 21:11:33.099 D/TunerManagerForExt(15794): FMRadio main (TunerManagerForExt.java:108) onTunerInfoChanged: onTunerInfoChanged - flag: 80 - asFlag: 0 - psFlag: 0 - scanFlag: 0 - seekFlag: 0 - mStFlag: 1 - mLocFlag: 0 - mIsSearching: true - mTempSearching: false
02-19 21:11:33.099 D/TunerManagerForExt(15794): FMRadio main (TunerManagerForExt.java:118) onTunerInfoChanged: mIsSearching: false - mTempSearching: false - asFlag: 0 - seekFlag: 0
02-19 21:11:33.268 E/mcu_services( 5512): MCU2APP : [ff fe fd 03 01 b4 05 b0 ff ]
02-19 21:11:33.268 E/mcu_services( 5512): MCU2APP : [ff fe fd 04 01 b5 00 0a be ff ]
02-19 21:11:33.268 E/mcu_services( 5512): sendAckSuccess : [ff fd fe 02 02 b4 b6 ff ]
02-19 21:11:33.268 E/mcu_services( 5512): APP2MCU - writeToUart: [ff fd fe 02 02 b4 b6 ff ]
02-19 21:11:33.268 E/mcu_services( 5512): sendAckSuccess : [ff fd fe 02 02 b5 b7 ff ]
02-19 21:11:33.268 E/mcu_services( 5512): APP2MCU - writeToUart: [ff fd fe 02 02 b5 b7 ff ]
02-19 21:11:33.269 D/K706RadioManager(17578): IMcuListener.onTransact: code=1 flags=16
02-19 21:11:33.269 D/K706RadioManager(17578): >>> IMcuListener.onMcuInfoChanged received! data=B4 05 
02-19 21:11:33.270 D/K706RadioManager(17578): MCU[0xB4] len=2 : B4 05 
02-19 21:11:33.270 D/K706RadioManager(17578): RDS B4 Flags: 0x05
02-19 21:11:33.272 D/TunerPresenter(15794): handleTunerRawData: b4 5 
02-19 21:11:33.272 D/TunerManagerForExt(15794): FMRadio main (TunerManagerForExt.java:195) onTuneRdsIndicateInfo: onTuneRdsIndicateInfo - flag: 5 - mRdsSwitch: 1
02-19 21:11:33.273 D/K706RadioManager(17578): IMcuListener.onTransact: code=1 flags=16
02-19 21:11:33.274 D/K706RadioManager(17578): >>> IMcuListener.onMcuInfoChanged received! data=B5 00 0A 
02-19 21:11:33.274 D/K706RadioManager(17578): MCU[0xB5] len=3 : B5 00 0A 
02-19 21:11:33.274 D/K706RadioManager(17578): RDS PTY (0xB5): 0
02-19 21:11:33.276 D/TunerPresenter(15794): handleTunerRawData: b5 0 a 
02-19 21:11:33.276 D/TunerManagerForExt(15794): FMRadio main (TunerManagerForExt.java:220) onTuneRdsPtyTypeInfo: onTuneRdsPtyTypeInfo - mRdsPtyType: 0
02-19 21:11:33.991 E/mcu_services( 5512): MCU2APP : [ff fe fd 03 01 29 6d 45 ff ]
02-19 21:11:33.993 D/K706RadioManager(17578): IMcuListener.onTransact: code=1 flags=16
02-19 21:11:33.993 D/K706RadioManager(17578): >>> IMcuListener.onMcuInfoChanged received! data=29 6D 
02-19 21:11:33.994 D/K706RadioManager(17578): MCU[0x29] len=2 : 29 6D 
02-19 21:11:33.994 D/K706RadioManager(17578): Unknown MCU packet type: 0x29
02-19 21:11:35.654 E/mcu_services( 5512): MCU2APP : [ff fe fd 0a 01 b6 20 4c 4f 53 34 30 20 20 c3 ff ]
02-19 21:11:35.655 E/mcu_services( 5512): sendAckSuccess : [ff fd fe 02 02 b6 b4 ff ]
02-19 21:11:35.655 E/mcu_services( 5512): APP2MCU - writeToUart: [ff fd fe 02 02 b6 b4 ff ]
02-19 21:11:35.657 D/K706RadioManager(17578): IMcuListener.onTransact: code=1 flags=16
02-19 21:11:35.658 D/K706RadioManager(17578): >>> IMcuListener.onMcuInfoChanged received! data=B6 20 4C 4F 53 34 30 20 20 
02-19 21:11:35.659 D/K706RadioManager(17578): MCU[0xB6] len=9 : B6 20 4C 4F 53 34 30 20 20 
02-19 21:11:35.659 D/K706RadioManager(17578): RDS PS: 'LOS40'
02-19 21:11:35.661 D/TunerPresenter(15794): handleTunerRawData: b6 20 4c 4f 53 34 30 20 20 
02-19 21:11:35.661 D/TunerManagerForExt(15794): FMRadio main (TunerManagerForExt.java:234) onTuneRdsPSInfo: onTuneRdsPSInfo - len: 9 - data: b6 20 4c 4f 53 34 30 20 20 
02-19 21:11:35.661 D/TunerManagerForExt(15794): FMRadio main (TunerManagerForExt.java:258) onTuneRdsPSInfo: onTuneRdsPSInfo - mRdsPsInfo:  LOS40  
02-19 21:11:35.980 E/mcu_services( 5512): MCU2APP : [ff fe fd 03 01 29 6d 45 ff ]
02-19 21:11:35.981 D/K706RadioManager(17578): IMcuListener.onTransact: code=1 flags=16
02-19 21:11:35.982 D/K706RadioManager(17578): >>> IMcuListener.onMcuInfoChanged received! data=29 6D 
02-19 21:11:35.982 D/K706RadioManager(17578): MCU[0x29] len=2 : 29 6D 
02-19 21:11:35.982 D/K706RadioManager(17578): Unknown MCU packet type: 0x29
02-19 21:11:37.969 E/mcu_services( 5512): MCU2APP : [ff fe fd 03 01 29 6d 45 ff ]
02-19 21:11:37.971 D/K706RadioManager(17578): IMcuListener.onTransact: code=1 flags=16
02-19 21:11:37.972 D/K706RadioManager(17578): >>> IMcuListener.onMcuInfoChanged received! data=29 6D 
02-19 21:11:37.972 D/K706RadioManager(17578): MCU[0x29] len=2 : 29 6D 
02-19 21:11:37.972 D/K706RadioManager(17578): Unknown MCU packet type: 0x29
02-19 21:11:39.064 E/mcu_services( 5512): APP2MCU - writeToUartNormal : [ff fd fe 05 01 a0 01 00 00 a0 ff ]
02-19 21:11:39.065 D/K706RadioManager(17578): CMD Enviado: sub=0x01 p1=0x00 p2=0x00
02-19 21:11:39.065 D/K706RadioManager(17578): Seek UP iniciado
02-19 21:11:39.138 E/mcu_services( 5512): MCU2APP : [ff fe fd 12 01 b1 00 00 25 df 22 38 23 32 23 aa 23 be 24 04 24 36 67 ff ]
02-19 21:11:39.139 E/mcu_services( 5512): MCU2APP : [ff fe fd 03 01 b0 58 e9 ff ]
02-19 21:11:39.141 D/K706RadioManager(17578): IMcuListener.onTransact: code=1 flags=16
02-19 21:11:39.143 D/K706RadioManager(17578): >>> IMcuListener.onMcuInfoChanged received! data=B1 00 00 25 DF 22 38 23 32 23 AA 23 BE 24 04 24 36 
02-19 21:11:39.145 D/K706RadioManager(17578): MCU[0xB1] len=17 : B1 00 00 25 DF 22 38 23 32 23 AA 23 BE 24 04 24 36 
02-19 21:11:39.145 D/K706RadioManager(17578): PresetList: band=0 presetIdx=0 currentFreq=9695 firstFreq=9695 (offset=3)
02-19 21:11:39.146 D/K706RadioManager(17578): >>> FREQ: 96900 -> 96950 (MCU=9695, 96,95 MHz)
02-19 21:11:39.148 D/TunerPresenter(15794): handleTunerRawData: b1 0 0 25 df 22 38 23 32 23 aa 23 be 24 4 24 36 
02-19 21:11:39.149 D/TunerManagerForExt(15794): FMRadio main (TunerManagerForExt.java:147) onTunerPresetListChanged:  - mBand: 0 - mPresetIndex: 0 - mFrequency: 9695 - index: 0 - preset: 8760 - index: 1 - preset: 9010 - index: 2 - preset: 9130 - index: 3 - preset: 9150 - index: 4 - preset: 9220 - index: 5 - preset: 9270
02-19 21:11:39.149 D/K706RadioManager(17578): IMcuListener.onTransact: code=1 flags=16
02-19 21:11:39.150 D/K706RadioManager(17578): >>> IMcuListener.onMcuInfoChanged received! data=B0 58 
02-19 21:11:39.150 D/K706RadioManager(17578): MCU[0xB0] len=2 : B0 58 
02-19 21:11:39.151 D/K706RadioManager(17578): TunerInfo: flags=0x58 save=false AS=true finish=true valid=false ST=true LOC=false seek=false scan=false
02-19 21:11:39.177 D/TunerPresenter(15794): handleTunerRawData: b0 58 
02-19 21:11:39.178 D/TunerManagerForExt(15794): FMRadio main (TunerManagerForExt.java:108) onTunerInfoChanged: onTunerInfoChanged - flag: 88 - asFlag: 0 - psFlag: 0 - scanFlag: 0 - seekFlag: 1 - mStFlag: 1 - mLocFlag: 0 - mIsSearching: false - mTempSearching: false
02-19 21:11:39.178 D/TunerManagerForExt(15794): FMRadio main (TunerManagerForExt.java:118) onTunerInfoChanged: mIsSearching: true - mTempSearching: false - asFlag: 0 - seekFlag: 1
02-19 21:11:39.184 E/mcu_services( 5512): MCU2APP : [ff fe fd 12 01 b1 00 00 25 e4 22 38 23 32 23 aa 23 be 24 04 24 36 5c ff ]
02-19 21:11:39.185 D/K706RadioManager(17578): IMcuListener.onTransact: code=1 flags=16
02-19 21:11:39.187 D/K706RadioManager(17578): >>> IMcuListener.onMcuInfoChanged received! data=B1 00 00 25 E4 22 38 23 32 23 AA 23 BE 24 04 24 36 
02-19 21:11:39.188 D/K706RadioManager(17578): MCU[0xB1] len=17 : B1 00 00 25 E4 22 38 23 32 23 AA 23 BE 24 04 24 36 
02-19 21:11:39.188 D/K706RadioManager(17578): PresetList: band=0 presetIdx=0 currentFreq=9700 firstFreq=9700 (offset=3)
02-19 21:11:39.188 D/K706RadioManager(17578): >>> FREQ: 96950 -> 97000 (MCU=9700, 97,00 MHz)
02-19 21:11:39.191 D/TunerPresenter(15794): handleTunerRawData: b1 0 0 25 e4 22 38 23 32 23 aa 23 be 24 4 24 36 
02-19 21:11:39.194 D/TunerManagerForExt(15794): FMRadio main (TunerManagerForExt.java:147) onTunerPresetListChanged:  - mBand: 0 - mPresetIndex: 0 - mFrequency: 9700 - index: 0 - preset: 8760 - index: 1 - preset: 9010 - index: 2 - preset: 9130 - index: 3 - preset: 9150 - index: 4 - preset: 9220 - index: 5 - preset: 9270
02-19 21:11:39.233 E/mcu_services( 5512): MCU2APP : [ff fe fd 12 01 b1 00 00 25 e9 22 38 23 32 23 aa 23 be 24 04 24 36 51 ff ]
02-19 21:11:39.235 D/K706RadioManager(17578): IMcuListener.onTransact: code=1 flags=16
02-19 21:11:39.236 D/K706RadioManager(17578): >>> IMcuListener.onMcuInfoChanged received! data=B1 00 00 25 E9 22 38 23 32 23 AA 23 BE 24 04 24 36 
02-19 21:11:39.237 D/K706RadioManager(17578): MCU[0xB1] len=17 : B1 00 00 25 E9 22 38 23 32 23 AA 23 BE 24 04 24 36 
02-19 21:11:39.237 D/K706RadioManager(17578): PresetList: band=0 presetIdx=0 currentFreq=9705 firstFreq=9705 (offset=3)
02-19 21:11:39.237 D/K706RadioManager(17578): >>> FREQ: 97000 -> 97050 (MCU=9705, 97,05 MHz)
02-19 21:11:39.240 D/TunerPresenter(15794): handleTunerRawData: b1 0 0 25 e9 22 38 23 32 23 aa 23 be 24 4 24 36 
02-19 21:11:39.242 D/TunerManagerForExt(15794): FMRadio main (TunerManagerForExt.java:147) onTunerPresetListChanged:  - mBand: 0 - mPresetIndex: 0 - mFrequency: 9705 - index: 0 - preset: 8760 - index: 1 - preset: 9010 - index: 2 - preset: 9130 - index: 3 - preset: 9150 - index: 4 - preset: 9220 - index: 5 - preset: 9270
02-19 21:11:39.283 E/mcu_services( 5512): MCU2APP : [ff fe fd 12 01 b1 00 00 25 ee 22 38 23 32 23 aa 23 be 24 04 24 36 56 ff ]
02-19 21:11:39.285 D/K706RadioManager(17578): IMcuListener.onTransact: code=1 flags=16
02-19 21:11:39.286 D/K706RadioManager(17578): >>> IMcuListener.onMcuInfoChanged received! data=B1 00 00 25 EE 22 38 23 32 23 AA 23 BE 24 04 24 36 
02-19 21:11:39.287 D/K706RadioManager(17578): MCU[0xB1] len=17 : B1 00 00 25 EE 22 38 23 32 23 AA 23 BE 24 04 24 36 
02-19 21:11:39.288 D/K706RadioManager(17578): PresetList: band=0 presetIdx=0 currentFreq=9710 firstFreq=9710 (offset=3)
02-19 21:11:39.288 D/K706RadioManager(17578): >>> FREQ: 97050 -> 97100 (MCU=9710, 97,10 MHz)
02-19 21:11:39.291 D/TunerPresenter(15794): handleTunerRawData: b1 0 0 25 ee 22 38 23 32 23 aa 23 be 24 4 24 36 
02-19 21:11:39.293 D/TunerManagerForExt(15794): FMRadio main (TunerManagerForExt.java:147) onTunerPresetListChanged:  - mBand: 0 - mPresetIndex: 0 - mFrequency: 9710 - index: 0 - preset: 8760 - index: 1 - preset: 9010 - index: 2 - preset: 9130 - index: 3 - preset: 9150 - index: 4 - preset: 9220 - index: 5 - preset: 9270
02-19 21:11:39.333 E/mcu_services( 5512): MCU2APP : [ff fe fd 12 01 b1 00 00 25 f3 22 38 23 32 23 aa 23 be 24 04 24 36 4b ff ]
02-19 21:11:39.334 D/K706RadioManager(17578): IMcuListener.onTransact: code=1 flags=16
02-19 21:11:39.335 D/K706RadioManager(17578): >>> IMcuListener.onMcuInfoChanged received! data=B1 00 00 25 F3 22 38 23 32 23 AA 23 BE 24 04 24 36 
02-19 21:11:39.336 D/K706RadioManager(17578): MCU[0xB1] len=17 : B1 00 00 25 F3 22 38 23 32 23 AA 23 BE 24 04 24 36 
02-19 21:11:39.336 D/K706RadioManager(17578): PresetList: band=0 presetIdx=0 currentFreq=9715 firstFreq=9715 (offset=3)
02-19 21:11:39.336 D/K706RadioManager(17578): >>> FREQ: 97100 -> 97150 (MCU=9715, 97,15 MHz)
02-19 21:11:39.338 D/TunerPresenter(15794): handleTunerRawData: b1 0 0 25 f3 22 38 23 32 23 aa 23 be 24 4 24 36 
02-19 21:11:39.341 D/TunerManagerForExt(15794): FMRadio main (TunerManagerForExt.java:147) onTunerPresetListChanged:  - mBand: 0 - mPresetIndex: 0 - mFrequency: 9715 - index: 0 - preset: 8760 - index: 1 - preset: 9010 - index: 2 - preset: 9130 - index: 3 - preset: 9150 - index: 4 - preset: 9220 - index: 5 - preset: 9270
02-19 21:11:39.383 E/mcu_services( 5512): MCU2APP : [ff fe fd 12 01 b1 00 00 25 f8 22 38 23 32 23 aa 23 be 24 04 24 36 40 ff ]
02-19 21:11:39.384 D/K706RadioManager(17578): IMcuListener.onTransact: code=1 flags=16
02-19 21:11:39.386 D/K706RadioManager(17578): >>> IMcuListener.onMcuInfoChanged received! data=B1 00 00 25 F8 22 38 23 32 23 AA 23 BE 24 04 24 36 
02-19 21:11:39.387 D/K706RadioManager(17578): MCU[0xB1] len=17 : B1 00 00 25 F8 22 38 23 32 23 AA 23 BE 24 04 24 36 
02-19 21:11:39.387 D/K706RadioManager(17578): PresetList: band=0 presetIdx=0 currentFreq=9720 firstFreq=9720 (offset=3)
02-19 21:11:39.387 D/K706RadioManager(17578): >>> FREQ: 97150 -> 97200 (MCU=9720, 97,20 MHz)
02-19 21:11:39.389 D/TunerPresenter(15794): handleTunerRawData: b1 0 0 25 f8 22 38 23 32 23 aa 23 be 24 4 24 36 
02-19 21:11:39.391 D/TunerManagerForExt(15794): FMRadio main (TunerManagerForExt.java:147) onTunerPresetListChanged:  - mBand: 0 - mPresetIndex: 0 - mFrequency: 9720 - index: 0 - preset: 8760 - index: 1 - preset: 9010 - index: 2 - preset: 9130 - index: 3 - preset: 9150 - index: 4 - preset: 9220 - index: 5 - preset: 9270
02-19 21:11:39.432 E/mcu_services( 5512): MCU2APP : [ff fe fd 12 01 b1 00 00 25 fd 22 38 23 32 23 aa 23 be 24 04 24 36 45 ff ]
02-19 21:11:39.435 D/K706RadioManager(17578): IMcuListener.onTransact: code=1 flags=16
02-19 21:11:39.436 D/K706RadioManager(17578): >>> IMcuListener.onMcuInfoChanged received! data=B1 00 00 25 FD 22 38 23 32 23 AA 23 BE 24 04 24 36 
02-19 21:11:39.437 D/K706RadioManager(17578): MCU[0xB1] len=17 : B1 00 00 25 FD 22 38 23 32 23 AA 23 BE 24 04 24 36 
02-19 21:11:39.437 D/K706RadioManager(17578): PresetList: band=0 presetIdx=0 currentFreq=9725 firstFreq=9725 (offset=3)
02-19 21:11:39.437 D/K706RadioManager(17578): >>> FREQ: 97200 -> 97250 (MCU=9725, 97,25 MHz)
02-19 21:11:39.440 D/TunerPresenter(15794): handleTunerRawData: b1 0 0 25 fd 22 38 23 32 23 aa 23 be 24 4 24 36 
02-19 21:11:39.442 D/TunerManagerForExt(15794): FMRadio main (TunerManagerForExt.java:147) onTunerPresetListChanged:  - mBand: 0 - mPresetIndex: 0 - mFrequency: 9725 - index: 0 - preset: 8760 - index: 1 - preset: 9010 - index: 2 - preset: 9130 - index: 3 - preset: 9150 - index: 4 - preset: 9220 - index: 5 - preset: 9270
02-19 21:11:39.482 E/mcu_services( 5512): MCU2APP : [ff fe fd 12 01 b1 00 00 26 02 22 38 23 32 23 aa 23 be 24 04 24 36 b9 ff ]
02-19 21:11:39.484 D/K706RadioManager(17578): IMcuListener.onTransact: code=1 flags=16
02-19 21:11:39.486 D/K706RadioManager(17578): >>> IMcuListener.onMcuInfoChanged received! data=B1 00 00 26 02 22 38 23 32 23 AA 23 BE 24 04 24 36 
02-19 21:11:39.487 D/K706RadioManager(17578): MCU[0xB1] len=17 : B1 00 00 26 02 22 38 23 32 23 AA 23 BE 24 04 24 36 
02-19 21:11:39.487 D/K706RadioManager(17578): PresetList: band=0 presetIdx=0 currentFreq=9730 firstFreq=9730 (offset=3)
02-19 21:11:39.487 D/K706RadioManager(17578): >>> FREQ: 97250 -> 97300 (MCU=9730, 97,30 MHz)
02-19 21:11:39.490 D/TunerPresenter(15794): handleTunerRawData: b1 0 0 26 2 22 38 23 32 23 aa 23 be 24 4 24 36 
02-19 21:11:39.493 D/TunerManagerForExt(15794): FMRadio main (TunerManagerForExt.java:147) onTunerPresetListChanged:  - mBand: 0 - mPresetIndex: 0 - mFrequency: 9730 - index: 0 - preset: 8760 - index: 1 - preset: 9010 - index: 2 - preset: 9130 - index: 3 - preset: 9150 - index: 4 - preset: 9220 - index: 5 - preset: 9270
02-19 21:11:39.532 E/mcu_services( 5512): MCU2APP : [ff fe fd 12 01 b1 00 00 26 07 22 38 23 32 23 aa 23 be 24 04 24 36 bc ff ]
02-19 21:11:39.534 D/K706RadioManager(17578): IMcuListener.onTransact: code=1 flags=16
02-19 21:11:39.535 D/K706RadioManager(17578): >>> IMcuListener.onMcuInfoChanged received! data=B1 00 00 26 07 22 38 23 32 23 AA 23 BE 24 04 24 36 
02-19 21:11:39.536 D/K706RadioManager(17578): MCU[0xB1] len=17 : B1 00 00 26 07 22 38 23 32 23 AA 23 BE 24 04 24 36 
02-19 21:11:39.536 D/K706RadioManager(17578): PresetList: band=0 presetIdx=0 currentFreq=9735 firstFreq=9735 (offset=3)
02-19 21:11:39.537 D/K706RadioManager(17578): >>> FREQ: 97300 -> 97350 (MCU=9735, 97,35 MHz)
02-19 21:11:39.540 D/TunerPresenter(15794): handleTunerRawData: b1 0 0 26 7 22 38 23 32 23 aa 23 be 24 4 24 36 
02-19 21:11:39.543 D/TunerManagerForExt(15794): FMRadio main (TunerManagerForExt.java:147) onTunerPresetListChanged:  - mBand: 0 - mPresetIndex: 0 - mFrequency: 9735 - index: 0 - preset: 8760 - index: 1 - preset: 9010 - index: 2 - preset: 9130 - index: 3 - preset: 9150 - index: 4 - preset: 9220 - index: 5 - preset: 9270
02-19 21:11:39.582 E/mcu_services( 5512): MCU2APP : [ff fe fd 12 01 b1 00 00 26 0c 22 38 23 32 23 aa 23 be 24 04 24 36 b7 ff ]
02-19 21:11:39.583 D/K706RadioManager(17578): IMcuListener.onTransact: code=1 flags=16
02-19 21:11:39.585 D/K706RadioManager(17578): >>> IMcuListener.onMcuInfoChanged received! data=B1 00 00 26 0C 22 38 23 32 23 AA 23 BE 24 04 24 36 
02-19 21:11:39.587 D/K706RadioManager(17578): MCU[0xB1] len=17 : B1 00 00 26 0C 22 38 23 32 23 AA 23 BE 24 04 24 36 
02-19 21:11:39.587 D/K706RadioManager(17578): PresetList: band=0 presetIdx=0 currentFreq=9740 firstFreq=9740 (offset=3)
02-19 21:11:39.587 D/K706RadioManager(17578): >>> FREQ: 97350 -> 97400 (MCU=9740, 97,40 MHz)
02-19 21:11:39.589 D/TunerPresenter(15794): handleTunerRawData: b1 0 0 26 c 22 38 23 32 23 aa 23 be 24 4 24 36 
02-19 21:11:39.592 D/TunerManagerForExt(15794): FMRadio main (TunerManagerForExt.java:147) onTunerPresetListChanged:  - mBand: 0 - mPresetIndex: 0 - mFrequency: 9740 - index: 0 - preset: 8760 - index: 1 - preset: 9010 - index: 2 - preset: 9130 - index: 3 - preset: 9150 - index: 4 - preset: 9220 - index: 5 - preset: 9270
02-19 21:11:39.631 E/mcu_services( 5512): MCU2APP : [ff fe fd 12 01 b1 00 00 26 11 22 38 23 32 23 aa 23 be 24 04 24 36 aa ff ]
02-19 21:11:39.633 D/K706RadioManager(17578): IMcuListener.onTransact: code=1 flags=16
02-19 21:11:39.634 D/K706RadioManager(17578): >>> IMcuListener.onMcuInfoChanged received! data=B1 00 00 26 11 22 38 23 32 23 AA 23 BE 24 04 24 36 
02-19 21:11:39.635 D/K706RadioManager(17578): MCU[0xB1] len=17 : B1 00 00 26 11 22 38 23 32 23 AA 23 BE 24 04 24 36 
02-19 21:11:39.636 D/K706RadioManager(17578): PresetList: band=0 presetIdx=0 currentFreq=9745 firstFreq=9745 (offset=3)
02-19 21:11:39.636 D/K706RadioManager(17578): >>> FREQ: 97400 -> 97450 (MCU=9745, 97,45 MHz)
02-19 21:11:39.638 D/TunerPresenter(15794): handleTunerRawData: b1 0 0 26 11 22 38 23 32 23 aa 23 be 24 4 24 36 
02-19 21:11:39.641 D/TunerManagerForExt(15794): FMRadio main (TunerManagerForExt.java:147) onTunerPresetListChanged:  - mBand: 0 - mPresetIndex: 0 - mFrequency: 9745 - index: 0 - preset: 8760 - index: 1 - preset: 9010 - index: 2 - preset: 9130 - index: 3 - preset: 9150 - index: 4 - preset: 9220 - index: 5 - preset: 9270
02-19 21:11:39.681 E/mcu_services( 5512): MCU2APP : [ff fe fd 12 01 b1 00 00 26 16 22 38 23 32 23 aa 23 be 24 04 24 36 ad ff ]
02-19 21:11:39.682 D/K706RadioManager(17578): IMcuListener.onTransact: code=1 flags=16
02-19 21:11:39.683 D/K706RadioManager(17578): >>> IMcuListener.onMcuInfoChanged received! data=B1 00 00 26 16 22 38 23 32 23 AA 23 BE 24 04 24 36 
02-19 21:11:39.684 D/K706RadioManager(17578): MCU[0xB1] len=17 : B1 00 00 26 16 22 38 23 32 23 AA 23 BE 24 04 24 36 
02-19 21:11:39.684 D/K706RadioManager(17578): PresetList: band=0 presetIdx=0 currentFreq=9750 firstFreq=9750 (offset=3)
02-19 21:11:39.685 D/K706RadioManager(17578): >>> FREQ: 97450 -> 97500 (MCU=9750, 97,50 MHz)
02-19 21:11:39.686 D/TunerPresenter(15794): handleTunerRawData: b1 0 0 26 16 22 38 23 32 23 aa 23 be 24 4 24 36 
02-19 21:11:39.689 D/TunerManagerForExt(15794): FMRadio main (TunerManagerForExt.java:147) onTunerPresetListChanged:  - mBand: 0 - mPresetIndex: 0 - mFrequency: 9750 - index: 0 - preset: 8760 - index: 1 - preset: 9010 - index: 2 - preset: 9130 - index: 3 - preset: 9150 - index: 4 - preset: 9220 - index: 5 - preset: 9270
02-19 21:11:39.731 E/mcu_services( 5512): MCU2APP : [ff fe fd 12 01 b1 00 00 26 1b 22 38 23 32 23 aa 23 be 24 04 24 36 a0 ff ]
02-19 21:11:39.733 D/K706RadioManager(17578): IMcuListener.onTransact: code=1 flags=16
02-19 21:11:39.734 D/K706RadioManager(17578): >>> IMcuListener.onMcuInfoChanged received! data=B1 00 00 26 1B 22 38 23 32 23 AA 23 BE 24 04 24 36 
02-19 21:11:39.735 D/K706RadioManager(17578): MCU[0xB1] len=17 : B1 00 00 26 1B 22 38 23 32 23 AA 23 BE 24 04 24 36 
02-19 21:11:39.735 D/K706RadioManager(17578): PresetList: band=0 presetIdx=0 currentFreq=9755 firstFreq=9755 (offset=3)
02-19 21:11:39.736 D/K706RadioManager(17578): >>> FREQ: 97500 -> 97550 (MCU=9755, 97,55 MHz)
02-19 21:11:39.738 D/TunerPresenter(15794): handleTunerRawData: b1 0 0 26 1b 22 38 23 32 23 aa 23 be 24 4 24 36 
02-19 21:11:39.740 D/TunerManagerForExt(15794): FMRadio main (TunerManagerForExt.java:147) onTunerPresetListChanged:  - mBand: 0 - mPresetIndex: 0 - mFrequency: 9755 - index: 0 - preset: 8760 - index: 1 - preset: 9010 - index: 2 - preset: 9130 - index: 3 - preset: 9150 - index: 4 - preset: 9220 - index: 5 - preset: 9270
02-19 21:11:39.780 E/mcu_services( 5512): MCU2APP : [ff fe fd 12 01 b1 00 00 26 20 22 38 23 32 23 aa 23 be 24 04 24 36 9b ff ]
02-19 21:11:39.783 D/K706RadioManager(17578): IMcuListener.onTransact: code=1 flags=16
02-19 21:11:39.784 D/K706RadioManager(17578): >>> IMcuListener.onMcuInfoChanged received! data=B1 00 00 26 20 22 38 23 32 23 AA 23 BE 24 04 24 36 
02-19 21:11:39.785 D/K706RadioManager(17578): MCU[0xB1] len=17 : B1 00 00 26 20 22 38 23 32 23 AA 23 BE 24 04 24 36 
02-19 21:11:39.785 D/K706RadioManager(17578): PresetList: band=0 presetIdx=0 currentFreq=9760 firstFreq=9760 (offset=3)
02-19 21:11:39.785 D/K706RadioManager(17578): >>> FREQ: 97550 -> 97600 (MCU=9760, 97,60 MHz)
02-19 21:11:39.787 D/TunerPresenter(15794): handleTunerRawData: b1 0 0 26 20 22 38 23 32 23 aa 23 be 24 4 24 36 
02-19 21:11:39.789 D/TunerManagerForExt(15794): FMRadio main (TunerManagerForExt.java:147) onTunerPresetListChanged:  - mBand: 0 - mPresetIndex: 0 - mFrequency: 9760 - index: 0 - preset: 8760 - index: 1 - preset: 9010 - index: 2 - preset: 9130 - index: 3 - preset: 9150 - index: 4 - preset: 9220 - index: 5 - preset: 9270
02-19 21:11:39.830 E/mcu_services( 5512): MCU2APP : [ff fe fd 12 01 b1 00 00 26 25 22 38 23 32 23 aa 23 be 24 04 24 36 9e ff ]
02-19 21:11:39.832 D/K706RadioManager(17578): IMcuListener.onTransact: code=1 flags=16
02-19 21:11:39.833 D/K706RadioManager(17578): >>> IMcuListener.onMcuInfoChanged received! data=B1 00 00 26 25 22 38 23 32 23 AA 23 BE 24 04 24 36 
02-19 21:11:39.834 D/K706RadioManager(17578): MCU[0xB1] len=17 : B1 00 00 26 25 22 38 23 32 23 AA 23 BE 24 04 24 36 
02-19 21:11:39.834 D/K706RadioManager(17578): PresetList: band=0 presetIdx=0 currentFreq=9765 firstFreq=9765 (offset=3)
02-19 21:11:39.834 D/K706RadioManager(17578): >>> FREQ: 97600 -> 97650 (MCU=9765, 97,65 MHz)
02-19 21:11:39.836 D/TunerPresenter(15794): handleTunerRawData: b1 0 0 26 25 22 38 23 32 23 aa 23 be 24 4 24 36 
02-19 21:11:39.840 D/TunerManagerForExt(15794): FMRadio main (TunerManagerForExt.java:147) onTunerPresetListChanged:  - mBand: 0 - mPresetIndex: 0 - mFrequency: 9765 - index: 0 - preset: 8760 - index: 1 - preset: 9010 - index: 2 - preset: 9130 - index: 3 - preset: 9150 - index: 4 - preset: 9220 - index: 5 - preset: 9270
02-19 21:11:39.880 E/mcu_services( 5512): MCU2APP : [ff fe fd 12 01 b1 00 00 26 2a 22 38 23 32 23 aa 23 be 24 04 24 36 91 ff ]
02-19 21:11:39.882 D/K706RadioManager(17578): IMcuListener.onTransact: code=1 flags=16
02-19 21:11:39.884 D/K706RadioManager(17578): >>> IMcuListener.onMcuInfoChanged received! data=B1 00 00 26 2A 22 38 23 32 23 AA 23 BE 24 04 24 36 
02-19 21:11:39.884 D/K706RadioManager(17578): MCU[0xB1] len=17 : B1 00 00 26 2A 22 38 23 32 23 AA 23 BE 24 04 24 36 
02-19 21:11:39.885 D/K706RadioManager(17578): PresetList: band=0 presetIdx=0 currentFreq=9770 firstFreq=9770 (offset=3)
02-19 21:11:39.885 D/K706RadioManager(17578): >>> FREQ: 97650 -> 97700 (MCU=9770, 97,70 MHz)
02-19 21:11:39.887 D/TunerPresenter(15794): handleTunerRawData: b1 0 0 26 2a 22 38 23 32 23 aa 23 be 24 4 24 36 
02-19 21:11:39.889 D/TunerManagerForExt(15794): FMRadio main (TunerManagerForExt.java:147) onTunerPresetListChanged:  - mBand: 0 - mPresetIndex: 0 - mFrequency: 9770 - index: 0 - preset: 8760 - index: 1 - preset: 9010 - index: 2 - preset: 9130 - index: 3 - preset: 9150 - index: 4 - preset: 9220 - index: 5 - preset: 9270
02-19 21:11:39.923 E/mcu_services( 5512): MCU2APP : [ff fe fd 12 01 b1 00 00 26 2a 22 38 23 32 23 aa 23 be 24 04 24 36 91 ff ]
02-19 21:11:39.926 D/K706RadioManager(17578): IMcuListener.onTransact: code=1 flags=16
02-19 21:11:39.927 D/K706RadioManager(17578): >>> IMcuListener.onMcuInfoChanged received! data=B1 00 00 26 2A 22 38 23 32 23 AA 23 BE 24 04 24 36 
02-19 21:11:39.927 D/K706RadioManager(17578): MCU[0xB1] len=17 : B1 00 00 26 2A 22 38 23 32 23 AA 23 BE 24 04 24 36 
02-19 21:11:39.927 D/K706RadioManager(17578): PresetList: band=0 presetIdx=0 currentFreq=9770 firstFreq=9770 (offset=3)
02-19 21:11:39.929 D/TunerPresenter(15794): handleTunerRawData: b1 0 0 26 2a 22 38 23 32 23 aa 23 be 24 4 24 36 
02-19 21:11:39.932 D/TunerManagerForExt(15794): FMRadio main (TunerManagerForExt.java:147) onTunerPresetListChanged:  - mBand: 0 - mPresetIndex: 0 - mFrequency: 9770 - index: 0 - preset: 8760 - index: 1 - preset: 9010 - index: 2 - preset: 9130 - index: 3 - preset: 9150 - index: 4 - preset: 9220 - index: 5 - preset: 9270
02-19 21:11:39.994 E/mcu_services( 5512): MCU2APP : [ff fe fd 12 01 b1 00 00 26 2a 22 38 23 32 23 aa 23 be 24 04 24 36 91 ff ]
02-19 21:11:39.994 E/mcu_services( 5512): MCU2APP : [ff fe fd 03 01 b4 00 b5 ff ]
02-19 21:11:39.995 E/mcu_services( 5512): sendAckSuccess : [ff fd fe 02 02 b4 b6 ff ]
02-19 21:11:39.995 E/mcu_services( 5512): APP2MCU - writeToUart: [ff fd fe 02 02 b4 b6 ff ]
02-19 21:11:39.996 D/K706RadioManager(17578): IMcuListener.onTransact: code=1 flags=16
02-19 21:11:39.998 D/K706RadioManager(17578): >>> IMcuListener.onMcuInfoChanged received! data=B1 00 00 26 2A 22 38 23 32 23 AA 23 BE 24 04 24 36 
02-19 21:11:39.998 D/K706RadioManager(17578): MCU[0xB1] len=17 : B1 00 00 26 2A 22 38 23 32 23 AA 23 BE 24 04 24 36 
02-19 21:11:39.999 D/K706RadioManager(17578): PresetList: band=0 presetIdx=0 currentFreq=9770 firstFreq=9770 (offset=3)
02-19 21:11:40.000 D/TunerPresenter(15794): handleTunerRawData: b1 0 0 26 2a 22 38 23 32 23 aa 23 be 24 4 24 36 
02-19 21:11:40.000 D/TunerManagerForExt(15794): FMRadio main (TunerManagerForExt.java:147) onTunerPresetListChanged:  - mBand: 0 - mPresetIndex: 0 - mFrequency: 9770 - index: 0 - preset: 8760 - index: 1 - preset: 9010 - index: 2 - preset: 9130 - index: 3 - preset: 9150 - index: 4 - preset: 9220 - index: 5 - preset: 9270
02-19 21:11:40.001 D/K706RadioManager(17578): IMcuListener.onTransact: code=1 flags=16
02-19 21:11:40.001 D/K706RadioManager(17578): >>> IMcuListener.onMcuInfoChanged received! data=B4 00 
02-19 21:11:40.002 D/K706RadioManager(17578): MCU[0xB4] len=2 : B4 00 
02-19 21:11:40.002 D/K706RadioManager(17578): RDS B4 Flags: 0x00
02-19 21:11:40.007 D/TunerPresenter(15794): handleTunerRawData: b4 0 
02-19 21:11:40.007 D/TunerManagerForExt(15794): FMRadio main (TunerManagerForExt.java:195) onTuneRdsIndicateInfo: onTuneRdsIndicateInfo - flag: 0 - mRdsSwitch: 0
02-19 21:11:40.067 E/mcu_services( 5512): MCU2APP : [ff fe fd 03 01 29 6d 45 ff ]
02-19 21:11:40.068 E/mcu_services( 5512): MCU2APP : [ff fe fd 03 01 b0 50 e1 ff ]
02-19 21:11:40.069 D/K706RadioManager(17578): IMcuListener.onTransact: code=1 flags=16
02-19 21:11:40.069 D/K706RadioManager(17578): >>> IMcuListener.onMcuInfoChanged received! data=29 6D 
02-19 21:11:40.070 D/K706RadioManager(17578): MCU[0x29] len=2 : 29 6D 
02-19 21:11:40.070 D/K706RadioManager(17578): Unknown MCU packet type: 0x29
02-19 21:11:40.072 D/K706RadioManager(17578): IMcuListener.onTransact: code=1 flags=16
02-19 21:11:40.072 D/K706RadioManager(17578): >>> IMcuListener.onMcuInfoChanged received! data=B0 50 
02-19 21:11:40.072 D/K706RadioManager(17578): MCU[0xB0] len=2 : B0 50 
02-19 21:11:40.072 D/K706RadioManager(17578): TunerInfo: flags=0x50 save=false AS=false finish=true valid=false ST=true LOC=false seek=false scan=false
02-19 21:11:40.074 D/TunerPresenter(15794): handleTunerRawData: b0 50 
02-19 21:11:40.074 D/TunerManagerForExt(15794): FMRadio main (TunerManagerForExt.java:108) onTunerInfoChanged: onTunerInfoChanged - flag: 80 - asFlag: 0 - psFlag: 0 - scanFlag: 0 - seekFlag: 0 - mStFlag: 1 - mLocFlag: 0 - mIsSearching: true - mTempSearching: false
02-19 21:11:40.074 D/TunerManagerForExt(15794): FMRadio main (TunerManagerForExt.java:118) onTunerInfoChanged: mIsSearching: false - mTempSearching: false - asFlag: 0 - seekFlag: 0
02-19 21:11:40.663 E/mcu_services( 5512): MCU2APP : [ff fe fd 03 01 b0 40 f1 ff ]
02-19 21:11:40.666 D/K706RadioManager(17578): IMcuListener.onTransact: code=1 flags=16
02-19 21:11:40.666 D/K706RadioManager(17578): >>> IMcuListener.onMcuInfoChanged received! data=B0 40 
02-19 21:11:40.666 D/K706RadioManager(17578): MCU[0xB0] len=2 : B0 40 
02-19 21:11:40.667 D/K706RadioManager(17578): TunerInfo: flags=0x40 save=false AS=false finish=false valid=false ST=true LOC=false seek=false scan=false
02-19 21:11:40.670 D/TunerPresenter(15794): handleTunerRawData: b0 40 
02-19 21:11:40.670 D/TunerManagerForExt(15794): FMRadio main (TunerManagerForExt.java:108) onTunerInfoChanged: onTunerInfoChanged - flag: 64 - asFlag: 0 - psFlag: 0 - scanFlag: 0 - seekFlag: 0 - mStFlag: 0 - mLocFlag: 0 - mIsSearching: false - mTempSearching: false
02-19 21:11:40.670 D/TunerManagerForExt(15794): FMRadio main (TunerManagerForExt.java:118) onTunerInfoChanged: mIsSearching: false - mTempSearching: false - asFlag: 0 - seekFlag: 0
02-19 21:11:41.161 E/mcu_services( 5512): MCU2APP : [ff fe fd 03 01 b0 50 e1 ff ]
02-19 21:11:41.164 D/K706RadioManager(17578): IMcuListener.onTransact: code=1 flags=16
02-19 21:11:41.164 D/K706RadioManager(17578): >>> IMcuListener.onMcuInfoChanged received! data=B0 50 
02-19 21:11:41.165 D/K706RadioManager(17578): MCU[0xB0] len=2 : B0 50 
02-19 21:11:41.165 D/K706RadioManager(17578): TunerInfo: flags=0x50 save=false AS=false finish=true valid=false ST=true LOC=false seek=false scan=false
02-19 21:11:41.167 D/TunerPresenter(15794): handleTunerRawData: b0 50 
02-19 21:11:41.168 D/TunerManagerForExt(15794): FMRadio main (TunerManagerForExt.java:108) onTunerInfoChanged: onTunerInfoChanged - flag: 80 - asFlag: 0 - psFlag: 0 - scanFlag: 0 - seekFlag: 0 - mStFlag: 1 - mLocFlag: 0 - mIsSearching: false - mTempSearching: false
02-19 21:11:41.168 D/TunerManagerForExt(15794): FMRadio main (TunerManagerForExt.java:118) onTunerInfoChanged: mIsSearching: false - mTempSearching: false - asFlag: 0 - seekFlag: 0
02-19 21:11:42.056 E/mcu_services( 5512): MCU2APP : [ff fe fd 03 01 29 6d 45 ff ]
02-19 21:11:42.058 D/K706RadioManager(17578): IMcuListener.onTransact: code=1 flags=16
02-19 21:11:42.058 D/K706RadioManager(17578): >>> IMcuListener.onMcuInfoChanged received! data=29 6D 
02-19 21:11:42.059 D/K706RadioManager(17578): MCU[0x29] len=2 : 29 6D 
02-19 21:11:42.059 D/K706RadioManager(17578): Unknown MCU packet type: 0x29
02-19 21:11:42.318 E/mcu_services( 5512): APP2MCU - writeToUartNormal : [ff fd fe 05 01 a0 01 00 00 a0 ff ]
02-19 21:11:42.319 D/K706RadioManager(17578): CMD Enviado: sub=0x01 p1=0x00 p2=0x00
02-19 21:11:42.319 D/K706RadioManager(17578): Seek UP iniciado
02-19 21:11:42.390 E/mcu_services( 5512): MCU2APP : [ff fe fd 12 01 b1 00 00 26 2f 22 38 23 32 23 aa 23 be 24 04 24 36 94 ff ]
02-19 21:11:42.390 E/mcu_services( 5512): MCU2APP : [ff fe fd 03 01 b0 58 e9 ff ]
02-19 21:11:42.393 D/K706RadioManager(17578): IMcuListener.onTransact: code=1 flags=16
02-19 21:11:42.394 D/K706RadioManager(17578): >>> IMcuListener.onMcuInfoChanged received! data=B1 00 00 26 2F 22 38 23 32 23 AA 23 BE 24 04 24 36 
02-19 21:11:42.396 D/K706RadioManager(17578): MCU[0xB1] len=17 : B1 00 00 26 2F 22 38 23 32 23 AA 23 BE 24 04 24 36 
02-19 21:11:42.397 D/K706RadioManager(17578): PresetList: band=0 presetIdx=0 currentFreq=9775 firstFreq=9775 (offset=3)
02-19 21:11:42.397 D/K706RadioManager(17578): >>> FREQ: 97700 -> 97750 (MCU=9775, 97,75 MHz)
02-19 21:11:42.399 D/TunerPresenter(15794): handleTunerRawData: b1 0 0 26 2f 22 38 23 32 23 aa 23 be 24 4 24 36 
02-19 21:11:42.400 D/K706RadioManager(17578): IMcuListener.onTransact: code=1 flags=16
02-19 21:11:42.400 D/TunerManagerForExt(15794): FMRadio main (TunerManagerForExt.java:147) onTunerPresetListChanged:  - mBand: 0 - mPresetIndex: 0 - mFrequency: 9775 - index: 0 - preset: 8760 - index: 1 - preset: 9010 - index: 2 - preset: 9130 - index: 3 - preset: 9150 - index: 4 - preset: 9220 - index: 5 - preset: 9270
02-19 21:11:42.400 D/K706RadioManager(17578): >>> IMcuListener.onMcuInfoChanged received! data=B0 58 
02-19 21:11:42.400 D/K706RadioManager(17578): MCU[0xB0] len=2 : B0 58 
02-19 21:11:42.401 D/K706RadioManager(17578): TunerInfo: flags=0x58 save=false AS=true finish=true valid=false ST=true LOC=false seek=false scan=false
02-19 21:11:42.421 D/TunerPresenter(15794): handleTunerRawData: b0 58 
02-19 21:11:42.422 D/TunerManagerForExt(15794): FMRadio main (TunerManagerForExt.java:108) onTunerInfoChanged: onTunerInfoChanged - flag: 88 - asFlag: 0 - psFlag: 0 - scanFlag: 0 - seekFlag: 1 - mStFlag: 1 - mLocFlag: 0 - mIsSearching: false - mTempSearching: false
02-19 21:11:42.422 D/TunerManagerForExt(15794): FMRadio main (TunerManagerForExt.java:118) onTunerInfoChanged: mIsSearching: true - mTempSearching: false - asFlag: 0 - seekFlag: 1
02-19 21:11:42.435 E/mcu_services( 5512): MCU2APP : [ff fe fd 12 01 b1 00 00 26 34 22 38 23 32 23 aa 23 be 24 04 24 36 8f ff ]
02-19 21:11:42.437 D/K706RadioManager(17578): IMcuListener.onTransact: code=1 flags=16
02-19 21:11:42.438 D/K706RadioManager(17578): >>> IMcuListener.onMcuInfoChanged received! data=B1 00 00 26 34 22 38 23 32 23 AA 23 BE 24 04 24 36 
02-19 21:11:42.439 D/K706RadioManager(17578): MCU[0xB1] len=17 : B1 00 00 26 34 22 38 23 32 23 AA 23 BE 24 04 24 36 
02-19 21:11:42.439 D/K706RadioManager(17578): PresetList: band=0 presetIdx=0 currentFreq=9780 firstFreq=9780 (offset=3)
02-19 21:11:42.439 D/K706RadioManager(17578): >>> FREQ: 97750 -> 97800 (MCU=9780, 97,80 MHz)
02-19 21:11:42.441 D/TunerPresenter(15794): handleTunerRawData: b1 0 0 26 34 22 38 23 32 23 aa 23 be 24 4 24 36 
02-19 21:11:42.444 D/TunerManagerForExt(15794): FMRadio main (TunerManagerForExt.java:147) onTunerPresetListChanged:  - mBand: 0 - mPresetIndex: 0 - mFrequency: 9780 - index: 0 - preset: 8760 - index: 1 - preset: 9010 - index: 2 - preset: 9130 - index: 3 - preset: 9150 - index: 4 - preset: 9220 - index: 5 - preset: 9270
02-19 21:11:42.485 E/mcu_services( 5512): MCU2APP : [ff fe fd 12 01 b1 00 00 26 39 22 38 23 32 23 aa 23 be 24 04 24 36 82 ff ]
02-19 21:11:42.487 D/K706RadioManager(17578): IMcuListener.onTransact: code=1 flags=16
02-19 21:11:42.488 D/K706RadioManager(17578): >>> IMcuListener.onMcuInfoChanged received! data=B1 00 00 26 39 22 38 23 32 23 AA 23 BE 24 04 24 36 
02-19 21:11:42.489 D/K706RadioManager(17578): MCU[0xB1] len=17 : B1 00 00 26 39 22 38 23 32 23 AA 23 BE 24 04 24 36 
02-19 21:11:42.490 D/K706RadioManager(17578): PresetList: band=0 presetIdx=0 currentFreq=9785 firstFreq=9785 (offset=3)
02-19 21:11:42.490 D/K706RadioManager(17578): >>> FREQ: 97800 -> 97850 (MCU=9785, 97,85 MHz)
02-19 21:11:42.492 D/TunerPresenter(15794): handleTunerRawData: b1 0 0 26 39 22 38 23 32 23 aa 23 be 24 4 24 36 
02-19 21:11:42.494 D/TunerManagerForExt(15794): FMRadio main (TunerManagerForExt.java:147) onTunerPresetListChanged:  - mBand: 0 - mPresetIndex: 0 - mFrequency: 9785 - index: 0 - preset: 8760 - index: 1 - preset: 9010 - index: 2 - preset: 9130 - index: 3 - preset: 9150 - index: 4 - preset: 9220 - index: 5 - preset: 9270
02-19 21:11:42.535 E/mcu_services( 5512): MCU2APP : [ff fe fd 12 01 b1 00 00 26 3e 22 38 23 32 23 aa 23 be 24 04 24 36 85 ff ]
02-19 21:11:42.537 D/K706RadioManager(17578): IMcuListener.onTransact: code=1 flags=16
02-19 21:11:42.538 D/K706RadioManager(17578): >>> IMcuListener.onMcuInfoChanged received! data=B1 00 00 26 3E 22 38 23 32 23 AA 23 BE 24 04 24 36 
02-19 21:11:42.540 D/K706RadioManager(17578): MCU[0xB1] len=17 : B1 00 00 26 3E 22 38 23 32 23 AA 23 BE 24 04 24 36 
02-19 21:11:42.540 D/K706RadioManager(17578): PresetList: band=0 presetIdx=0 currentFreq=9790 firstFreq=9790 (offset=3)
02-19 21:11:42.540 D/K706RadioManager(17578): >>> FREQ: 97850 -> 97900 (MCU=9790, 97,90 MHz)
02-19 21:11:42.542 D/TunerPresenter(15794): handleTunerRawData: b1 0 0 26 3e 22 38 23 32 23 aa 23 be 24 4 24 36 
02-19 21:11:42.544 D/TunerManagerForExt(15794): FMRadio main (TunerManagerForExt.java:147) onTunerPresetListChanged:  - mBand: 0 - mPresetIndex: 0 - mFrequency: 9790 - index: 0 - preset: 8760 - index: 1 - preset: 9010 - index: 2 - preset: 9130 - index: 3 - preset: 9150 - index: 4 - preset: 9220 - index: 5 - preset: 9270
02-19 21:11:42.585 E/mcu_services( 5512): MCU2APP : [ff fe fd 12 01 b1 00 00 26 43 22 38 23 32 23 aa 23 be 24 04 24 36 f8 ff ]
02-19 21:11:42.587 D/K706RadioManager(17578): IMcuListener.onTransact: code=1 flags=16
02-19 21:11:42.589 D/K706RadioManager(17578): >>> IMcuListener.onMcuInfoChanged received! data=B1 00 00 26 43 22 38 23 32 23 AA 23 BE 24 04 24 36 
02-19 21:11:42.590 D/K706RadioManager(17578): MCU[0xB1] len=17 : B1 00 00 26 43 22 38 23 32 23 AA 23 BE 24 04 24 36 
02-19 21:11:42.590 D/K706RadioManager(17578): PresetList: band=0 presetIdx=0 currentFreq=9795 firstFreq=9795 (offset=3)
02-19 21:11:42.590 D/K706RadioManager(17578): >>> FREQ: 97900 -> 97950 (MCU=9795, 97,95 MHz)
02-19 21:11:42.592 D/TunerPresenter(15794): handleTunerRawData: b1 0 0 26 43 22 38 23 32 23 aa 23 be 24 4 24 36 
02-19 21:11:42.595 D/TunerManagerForExt(15794): FMRadio main (TunerManagerForExt.java:147) onTunerPresetListChanged:  - mBand: 0 - mPresetIndex: 0 - mFrequency: 9795 - index: 0 - preset: 8760 - index: 1 - preset: 9010 - index: 2 - preset: 9130 - index: 3 - preset: 9150 - index: 4 - preset: 9220 - index: 5 - preset: 9270
02-19 21:11:42.635 E/mcu_services( 5512): MCU2APP : [ff fe fd 12 01 b1 00 00 26 48 22 38 23 32 23 aa 23 be 24 04 24 36 f3 ff ]
02-19 21:11:42.636 D/K706RadioManager(17578): IMcuListener.onTransact: code=1 flags=16
02-19 21:11:42.637 D/K706RadioManager(17578): >>> IMcuListener.onMcuInfoChanged received! data=B1 00 00 26 48 22 38 23 32 23 AA 23 BE 24 04 24 36 
02-19 21:11:42.638 D/K706RadioManager(17578): MCU[0xB1] len=17 : B1 00 00 26 48 22 38 23 32 23 AA 23 BE 24 04 24 36 
02-19 21:11:42.638 D/K706RadioManager(17578): PresetList: band=0 presetIdx=0 currentFreq=9800 firstFreq=9800 (offset=3)
02-19 21:11:42.639 D/K706RadioManager(17578): >>> FREQ: 97950 -> 98000 (MCU=9800, 98,00 MHz)
02-19 21:11:42.641 D/TunerPresenter(15794): handleTunerRawData: b1 0 0 26 48 22 38 23 32 23 aa 23 be 24 4 24 36 
02-19 21:11:42.644 D/TunerManagerForExt(15794): FMRadio main (TunerManagerForExt.java:147) onTunerPresetListChanged:  - mBand: 0 - mPresetIndex: 0 - mFrequency: 9800 - index: 0 - preset: 8760 - index: 1 - preset: 9010 - index: 2 - preset: 9130 - index: 3 - preset: 9150 - index: 4 - preset: 9220 - index: 5 - preset: 9270
02-19 21:11:42.684 E/mcu_services( 5512): MCU2APP : [ff fe fd 12 01 b1 00 00 26 4d 22 38 23 32 23 aa 23 be 24 04 24 36 f6 ff ]
02-19 21:11:42.686 D/K706RadioManager(17578): IMcuListener.onTransact: code=1 flags=16
02-19 21:11:42.687 D/K706RadioManager(17578): >>> IMcuListener.onMcuInfoChanged received! data=B1 00 00 26 4D 22 38 23 32 23 AA 23 BE 24 04 24 36 
02-19 21:11:42.688 D/K706RadioManager(17578): MCU[0xB1] len=17 : B1 00 00 26 4D 22 38 23 32 23 AA 23 BE 24 04 24 36 
02-19 21:11:42.688 D/K706RadioManager(17578): PresetList: band=0 presetIdx=0 currentFreq=9805 firstFreq=9805 (offset=3)
02-19 21:11:42.688 D/K706RadioManager(17578): >>> FREQ: 98000 -> 98050 (MCU=9805, 98,05 MHz)
02-19 21:11:42.691 D/TunerPresenter(15794): handleTunerRawData: b1 0 0 26 4d 22 38 23 32 23 aa 23 be 24 4 24 36 
02-19 21:11:42.693 D/TunerManagerForExt(15794): FMRadio main (TunerManagerForExt.java:147) onTunerPresetListChanged:  - mBand: 0 - mPresetIndex: 0 - mFrequency: 9805 - index: 0 - preset: 8760 - index: 1 - preset: 9010 - index: 2 - preset: 9130 - index: 3 - preset: 9150 - index: 4 - preset: 9220 - index: 5 - preset: 9270
02-19 21:11:42.734 E/mcu_services( 5512): MCU2APP : [ff fe fd 12 01 b1 00 00 26 52 22 38 23 32 23 aa 23 be 24 04 24 36 e9 ff ]
02-19 21:11:42.735 D/K706RadioManager(17578): IMcuListener.onTransact: code=1 flags=16
02-19 21:11:42.736 D/K706RadioManager(17578): >>> IMcuListener.onMcuInfoChanged received! data=B1 00 00 26 52 22 38 23 32 23 AA 23 BE 24 04 24 36 
02-19 21:11:42.737 D/K706RadioManager(17578): MCU[0xB1] len=17 : B1 00 00 26 52 22 38 23 32 23 AA 23 BE 24 04 24 36 
02-19 21:11:42.738 D/K706RadioManager(17578): PresetList: band=0 presetIdx=0 currentFreq=9810 firstFreq=9810 (offset=3)
02-19 21:11:42.738 D/K706RadioManager(17578): >>> FREQ: 98050 -> 98100 (MCU=9810, 98,10 MHz)
02-19 21:11:42.740 D/TunerPresenter(15794): handleTunerRawData: b1 0 0 26 52 22 38 23 32 23 aa 23 be 24 4 24 36 
02-19 21:11:42.742 D/TunerManagerForExt(15794): FMRadio main (TunerManagerForExt.java:147) onTunerPresetListChanged:  - mBand: 0 - mPresetIndex: 0 - mFrequency: 9810 - index: 0 - preset: 8760 - index: 1 - preset: 9010 - index: 2 - preset: 9130 - index: 3 - preset: 9150 - index: 4 - preset: 9220 - index: 5 - preset: 9270
02-19 21:11:42.784 E/mcu_services( 5512): MCU2APP : [ff fe fd 12 01 b1 00 00 26 57 22 38 23 32 23 aa 23 be 24 04 24 36 ec ff ]
02-19 21:11:42.785 D/K706RadioManager(17578): IMcuListener.onTransact: code=1 flags=16
02-19 21:11:42.786 D/K706RadioManager(17578): >>> IMcuListener.onMcuInfoChanged received! data=B1 00 00 26 57 22 38 23 32 23 AA 23 BE 24 04 24 36 
02-19 21:11:42.787 D/K706RadioManager(17578): MCU[0xB1] len=17 : B1 00 00 26 57 22 38 23 32 23 AA 23 BE 24 04 24 36 
02-19 21:11:42.787 D/K706RadioManager(17578): PresetList: band=0 presetIdx=0 currentFreq=9815 firstFreq=9815 (offset=3)
02-19 21:11:42.788 D/K706RadioManager(17578): >>> FREQ: 98100 -> 98150 (MCU=9815, 98,15 MHz)
02-19 21:11:42.790 D/TunerPresenter(15794): handleTunerRawData: b1 0 0 26 57 22 38 23 32 23 aa 23 be 24 4 24 36 
02-19 21:11:42.792 D/TunerManagerForExt(15794): FMRadio main (TunerManagerForExt.java:147) onTunerPresetListChanged:  - mBand: 0 - mPresetIndex: 0 - mFrequency: 9815 - index: 0 - preset: 8760 - index: 1 - preset: 9010 - index: 2 - preset: 9130 - index: 3 - preset: 9150 - index: 4 - preset: 9220 - index: 5 - preset: 9270
02-19 21:11:42.833 E/mcu_services( 5512): MCU2APP : [ff fe fd 12 01 b1 00 00 26 5c 22 38 23 32 23 aa 23 be 24 04 24 36 e7 ff ]
02-19 21:11:42.835 D/K706RadioManager(17578): IMcuListener.onTransact: code=1 flags=16
02-19 21:11:42.836 D/K706RadioManager(17578): >>> IMcuListener.onMcuInfoChanged received! data=B1 00 00 26 5C 22 38 23 32 23 AA 23 BE 24 04 24 36 
02-19 21:11:42.838 D/K706RadioManager(17578): MCU[0xB1] len=17 : B1 00 00 26 5C 22 38 23 32 23 AA 23 BE 24 04 24 36 
02-19 21:11:42.839 D/K706RadioManager(17578): PresetList: band=0 presetIdx=0 currentFreq=9820 firstFreq=9820 (offset=3)
02-19 21:11:42.839 D/K706RadioManager(17578): >>> FREQ: 98150 -> 98200 (MCU=9820, 98,20 MHz)
02-19 21:11:42.840 D/TunerPresenter(15794): handleTunerRawData: b1 0 0 26 5c 22 38 23 32 23 aa 23 be 24 4 24 36 
02-19 21:11:42.843 D/TunerManagerForExt(15794): FMRadio main (TunerManagerForExt.java:147) onTunerPresetListChanged:  - mBand: 0 - mPresetIndex: 0 - mFrequency: 9820 - index: 0 - preset: 8760 - index: 1 - preset: 9010 - index: 2 - preset: 9130 - index: 3 - preset: 9150 - index: 4 - preset: 9220 - index: 5 - preset: 9270
02-19 21:11:42.883 E/mcu_services( 5512): MCU2APP : [ff fe fd 12 01 b1 00 00 26 61 22 38 23 32 23 aa 23 be 24 04 24 36 da ff ]
02-19 21:11:42.884 D/K706RadioManager(17578): IMcuListener.onTransact: code=1 flags=16
02-19 21:11:42.886 D/K706RadioManager(17578): >>> IMcuListener.onMcuInfoChanged received! data=B1 00 00 26 61 22 38 23 32 23 AA 23 BE 24 04 24 36 
02-19 21:11:42.887 D/K706RadioManager(17578): MCU[0xB1] len=17 : B1 00 00 26 61 22 38 23 32 23 AA 23 BE 24 04 24 36 
02-19 21:11:42.887 D/K706RadioManager(17578): PresetList: band=0 presetIdx=0 currentFreq=9825 firstFreq=9825 (offset=3)
02-19 21:11:42.887 D/K706RadioManager(17578): >>> FREQ: 98200 -> 98250 (MCU=9825, 98,25 MHz)
02-19 21:11:42.889 D/TunerPresenter(15794): handleTunerRawData: b1 0 0 26 61 22 38 23 32 23 aa 23 be 24 4 24 36 
02-19 21:11:42.892 D/TunerManagerForExt(15794): FMRadio main (TunerManagerForExt.java:147) onTunerPresetListChanged:  - mBand: 0 - mPresetIndex: 0 - mFrequency: 9825 - index: 0 - preset: 8760 - index: 1 - preset: 9010 - index: 2 - preset: 9130 - index: 3 - preset: 9150 - index: 4 - preset: 9220 - index: 5 - preset: 9270
02-19 21:11:42.933 E/mcu_services( 5512): MCU2APP : [ff fe fd 12 01 b1 00 00 26 66 22 38 23 32 23 aa 23 be 24 04 24 36 dd ff ]
02-19 21:11:42.935 D/K706RadioManager(17578): IMcuListener.onTransact: code=1 flags=16
02-19 21:11:42.937 D/K706RadioManager(17578): >>> IMcuListener.onMcuInfoChanged received! data=B1 00 00 26 66 22 38 23 32 23 AA 23 BE 24 04 24 36 
02-19 21:11:42.938 D/K706RadioManager(17578): MCU[0xB1] len=17 : B1 00 00 26 66 22 38 23 32 23 AA 23 BE 24 04 24 36 
02-19 21:11:42.938 D/K706RadioManager(17578): PresetList: band=0 presetIdx=0 currentFreq=9830 firstFreq=9830 (offset=3)
02-19 21:11:42.938 D/K706RadioManager(17578): >>> FREQ: 98250 -> 98300 (MCU=9830, 98,30 MHz)
02-19 21:11:42.940 D/TunerPresenter(15794): handleTunerRawData: b1 0 0 26 66 22 38 23 32 23 aa 23 be 24 4 24 36 
02-19 21:11:42.943 D/TunerManagerForExt(15794): FMRadio main (TunerManagerForExt.java:147) onTunerPresetListChanged:  - mBand: 0 - mPresetIndex: 0 - mFrequency: 9830 - index: 0 - preset: 8760 - index: 1 - preset: 9010 - index: 2 - preset: 9130 - index: 3 - preset: 9150 - index: 4 - preset: 9220 - index: 5 - preset: 9270
02-19 21:11:42.983 E/mcu_services( 5512): MCU2APP : [ff fe fd 12 01 b1 00 00 26 6b 22 38 23 32 23 aa 23 be 24 04 24 36 d0 ff ]
02-19 21:11:42.984 D/K706RadioManager(17578): IMcuListener.onTransact: code=1 flags=16
02-19 21:11:42.985 D/K706RadioManager(17578): >>> IMcuListener.onMcuInfoChanged received! data=B1 00 00 26 6B 22 38 23 32 23 AA 23 BE 24 04 24 36 
02-19 21:11:42.986 D/K706RadioManager(17578): MCU[0xB1] len=17 : B1 00 00 26 6B 22 38 23 32 23 AA 23 BE 24 04 24 36 
02-19 21:11:42.987 D/K706RadioManager(17578): PresetList: band=0 presetIdx=0 currentFreq=9835 firstFreq=9835 (offset=3)
02-19 21:11:42.987 D/K706RadioManager(17578): >>> FREQ: 98300 -> 98350 (MCU=9835, 98,35 MHz)
02-19 21:11:42.988 D/TunerPresenter(15794): handleTunerRawData: b1 0 0 26 6b 22 38 23 32 23 aa 23 be 24 4 24 36 
02-19 21:11:42.992 D/TunerManagerForExt(15794): FMRadio main (TunerManagerForExt.java:147) onTunerPresetListChanged:  - mBand: 0 - mPresetIndex: 0 - mFrequency: 9835 - index: 0 - preset: 8760 - index: 1 - preset: 9010 - index: 2 - preset: 9130 - index: 3 - preset: 9150 - index: 4 - preset: 9220 - index: 5 - preset: 9270
02-19 21:11:43.032 E/mcu_services( 5512): MCU2APP : [ff fe fd 12 01 b1 00 00 26 70 22 38 23 32 23 aa 23 be 24 04 24 36 cb ff ]
02-19 21:11:43.034 D/K706RadioManager(17578): IMcuListener.onTransact: code=1 flags=16
02-19 21:11:43.035 D/K706RadioManager(17578): >>> IMcuListener.onMcuInfoChanged received! data=B1 00 00 26 70 22 38 23 32 23 AA 23 BE 24 04 24 36 
02-19 21:11:43.036 D/K706RadioManager(17578): MCU[0xB1] len=17 : B1 00 00 26 70 22 38 23 32 23 AA 23 BE 24 04 24 36 
02-19 21:11:43.036 D/K706RadioManager(17578): PresetList: band=0 presetIdx=0 currentFreq=9840 firstFreq=9840 (offset=3)
02-19 21:11:43.036 D/K706RadioManager(17578): >>> FREQ: 98350 -> 98400 (MCU=9840, 98,40 MHz)
02-19 21:11:43.038 D/TunerPresenter(15794): handleTunerRawData: b1 0 0 26 70 22 38 23 32 23 aa 23 be 24 4 24 36 
02-19 21:11:43.040 D/TunerManagerForExt(15794): FMRadio main (TunerManagerForExt.java:147) onTunerPresetListChanged:  - mBand: 0 - mPresetIndex: 0 - mFrequency: 9840 - index: 0 - preset: 8760 - index: 1 - preset: 9010 - index: 2 - preset: 9130 - index: 3 - preset: 9150 - index: 4 - preset: 9220 - index: 5 - preset: 9270
02-19 21:11:43.082 E/mcu_services( 5512): MCU2APP : [ff fe fd 12 01 b1 00 00 26 75 22 38 23 32 23 aa 23 be 24 04 24 36 ce ff ]
02-19 21:11:43.084 D/K706RadioManager(17578): IMcuListener.onTransact: code=1 flags=16
02-19 21:11:43.086 D/K706RadioManager(17578): >>> IMcuListener.onMcuInfoChanged received! data=B1 00 00 26 75 22 38 23 32 23 AA 23 BE 24 04 24 36 
02-19 21:11:43.087 D/K706RadioManager(17578): MCU[0xB1] len=17 : B1 00 00 26 75 22 38 23 32 23 AA 23 BE 24 04 24 36 
02-19 21:11:43.087 D/K706RadioManager(17578): PresetList: band=0 presetIdx=0 currentFreq=9845 firstFreq=9845 (offset=3)
02-19 21:11:43.087 D/K706RadioManager(17578): >>> FREQ: 98400 -> 98450 (MCU=9845, 98,45 MHz)
02-19 21:11:43.089 D/TunerPresenter(15794): handleTunerRawData: b1 0 0 26 75 22 38 23 32 23 aa 23 be 24 4 24 36 
02-19 21:11:43.092 D/TunerManagerForExt(15794): FMRadio main (TunerManagerForExt.java:147) onTunerPresetListChanged:  - mBand: 0 - mPresetIndex: 0 - mFrequency: 9845 - index: 0 - preset: 8760 - index: 1 - preset: 9010 - index: 2 - preset: 9130 - index: 3 - preset: 9150 - index: 4 - preset: 9220 - index: 5 - preset: 9270
02-19 21:11:43.132 E/mcu_services( 5512): MCU2APP : [ff fe fd 12 01 b1 00 00 26 7a 22 38 23 32 23 aa 23 be 24 04 24 36 c1 ff ]
02-19 21:11:43.133 D/K706RadioManager(17578): IMcuListener.onTransact: code=1 flags=16
02-19 21:11:43.134 D/K706RadioManager(17578): >>> IMcuListener.onMcuInfoChanged received! data=B1 00 00 26 7A 22 38 23 32 23 AA 23 BE 24 04 24 36 
02-19 21:11:43.135 D/K706RadioManager(17578): MCU[0xB1] len=17 : B1 00 00 26 7A 22 38 23 32 23 AA 23 BE 24 04 24 36 
02-19 21:11:43.135 D/K706RadioManager(17578): PresetList: band=0 presetIdx=0 currentFreq=9850 firstFreq=9850 (offset=3)
02-19 21:11:43.135 D/K706RadioManager(17578): >>> FREQ: 98450 -> 98500 (MCU=9850, 98,50 MHz)
02-19 21:11:43.137 D/TunerPresenter(15794): handleTunerRawData: b1 0 0 26 7a 22 38 23 32 23 aa 23 be 24 4 24 36 
02-19 21:11:43.141 D/TunerManagerForExt(15794): FMRadio main (TunerManagerForExt.java:147) onTunerPresetListChanged:  - mBand: 0 - mPresetIndex: 0 - mFrequency: 9850 - index: 0 - preset: 8760 - index: 1 - preset: 9010 - index: 2 - preset: 9130 - index: 3 - preset: 9150 - index: 4 - preset: 9220 - index: 5 - preset: 9270
02-19 21:11:43.182 E/mcu_services( 5512): MCU2APP : [ff fe fd 12 01 b1 00 00 26 7f 22 38 23 32 23 aa 23 be 24 04 24 36 c4 ff ]
02-19 21:11:43.184 D/K706RadioManager(17578): IMcuListener.onTransact: code=1 flags=16
02-19 21:11:43.185 D/K706RadioManager(17578): >>> IMcuListener.onMcuInfoChanged received! data=B1 00 00 26 7F 22 38 23 32 23 AA 23 BE 24 04 24 36 
02-19 21:11:43.186 D/K706RadioManager(17578): MCU[0xB1] len=17 : B1 00 00 26 7F 22 38 23 32 23 AA 23 BE 24 04 24 36 
02-19 21:11:43.186 D/K706RadioManager(17578): PresetList: band=0 presetIdx=0 currentFreq=9855 firstFreq=9855 (offset=3)
02-19 21:11:43.187 D/K706RadioManager(17578): >>> FREQ: 98500 -> 98550 (MCU=9855, 98,55 MHz)
02-19 21:11:43.191 D/TunerPresenter(15794): handleTunerRawData: b1 0 0 26 7f 22 38 23 32 23 aa 23 be 24 4 24 36 
02-19 21:11:43.193 D/TunerManagerForExt(15794): FMRadio main (TunerManagerForExt.java:147) onTunerPresetListChanged:  - mBand: 0 - mPresetIndex: 0 - mFrequency: 9855 - index: 0 - preset: 8760 - index: 1 - preset: 9010 - index: 2 - preset: 9130 - index: 3 - preset: 9150 - index: 4 - preset: 9220 - index: 5 - preset: 9270
02-19 21:11:43.231 E/mcu_services( 5512): MCU2APP : [ff fe fd 12 01 b1 00 00 26 84 22 38 23 32 23 aa 23 be 24 04 24 36 3f ff ]
02-19 21:11:43.233 D/K706RadioManager(17578): IMcuListener.onTransact: code=1 flags=16
02-19 21:11:43.234 D/K706RadioManager(17578): >>> IMcuListener.onMcuInfoChanged received! data=B1 00 00 26 84 22 38 23 32 23 AA 23 BE 24 04 24 36 
02-19 21:11:43.235 D/K706RadioManager(17578): MCU[0xB1] len=17 : B1 00 00 26 84 22 38 23 32 23 AA 23 BE 24 04 24 36 
02-19 21:11:43.235 D/K706RadioManager(17578): PresetList: band=0 presetIdx=0 currentFreq=9860 firstFreq=9860 (offset=3)
02-19 21:11:43.235 D/K706RadioManager(17578): >>> FREQ: 98550 -> 98600 (MCU=9860, 98,60 MHz)
02-19 21:11:43.238 D/TunerPresenter(15794): handleTunerRawData: b1 0 0 26 84 22 38 23 32 23 aa 23 be 24 4 24 36 
02-19 21:11:43.241 D/TunerManagerForExt(15794): FMRadio main (TunerManagerForExt.java:147) onTunerPresetListChanged:  - mBand: 0 - mPresetIndex: 0 - mFrequency: 9860 - index: 0 - preset: 8760 - index: 1 - preset: 9010 - index: 2 - preset: 9130 - index: 3 - preset: 9150 - index: 4 - preset: 9220 - index: 5 - preset: 9270
02-19 21:11:43.273 E/mcu_services( 5512): MCU2APP : [ff fe fd 12 01 b1 00 00 26 84 22 38 23 32 23 aa 23 be 24 04 24 36 3f ff ]
02-19 21:11:43.275 D/K706RadioManager(17578): IMcuListener.onTransact: code=1 flags=16
02-19 21:11:43.277 D/K706RadioManager(17578): >>> IMcuListener.onMcuInfoChanged received! data=B1 00 00 26 84 22 38 23 32 23 AA 23 BE 24 04 24 36 
02-19 21:11:43.278 D/K706RadioManager(17578): MCU[0xB1] len=17 : B1 00 00 26 84 22 38 23 32 23 AA 23 BE 24 04 24 36 
02-19 21:11:43.278 D/K706RadioManager(17578): PresetList: band=0 presetIdx=0 currentFreq=9860 firstFreq=9860 (offset=3)
02-19 21:11:43.281 D/TunerPresenter(15794): handleTunerRawData: b1 0 0 26 84 22 38 23 32 23 aa 23 be 24 4 24 36 
02-19 21:11:43.284 D/TunerManagerForExt(15794): FMRadio main (TunerManagerForExt.java:147) onTunerPresetListChanged:  - mBand: 0 - mPresetIndex: 0 - mFrequency: 9860 - index: 0 - preset: 8760 - index: 1 - preset: 9010 - index: 2 - preset: 9130 - index: 3 - preset: 9150 - index: 4 - preset: 9220 - index: 5 - preset: 9270
02-19 21:11:43.344 E/mcu_services( 5512): MCU2APP : [ff fe fd 12 01 b1 00 00 26 84 22 38 23 32 23 aa 23 be 24 04 24 36 3f ff ]
02-19 21:11:43.345 D/K706RadioManager(17578): IMcuListener.onTransact: code=1 flags=16
02-19 21:11:43.347 D/K706RadioManager(17578): >>> IMcuListener.onMcuInfoChanged received! data=B1 00 00 26 84 22 38 23 32 23 AA 23 BE 24 04 24 36 
02-19 21:11:43.348 D/K706RadioManager(17578): MCU[0xB1] len=17 : B1 00 00 26 84 22 38 23 32 23 AA 23 BE 24 04 24 36 
02-19 21:11:43.348 D/K706RadioManager(17578): PresetList: band=0 presetIdx=0 currentFreq=9860 firstFreq=9860 (offset=3)
02-19 21:11:43.350 D/TunerPresenter(15794): handleTunerRawData: b1 0 0 26 84 22 38 23 32 23 aa 23 be 24 4 24 36 
02-19 21:11:43.351 D/TunerManagerForExt(15794): FMRadio main (TunerManagerForExt.java:147) onTunerPresetListChanged:  - mBand: 0 - mPresetIndex: 0 - mFrequency: 9860 - index: 0 - preset: 8760 - index: 1 - preset: 9010 - index: 2 - preset: 9130 - index: 3 - preset: 9150 - index: 4 - preset: 9220 - index: 5 - preset: 9270
02-19 21:11:43.358 E/mcu_services( 5512): MCU2APP : [ff fe fd 03 01 b0 50 e1 ff ]
02-19 21:11:43.360 D/K706RadioManager(17578): IMcuListener.onTransact: code=1 flags=16
02-19 21:11:43.360 D/K706RadioManager(17578): >>> IMcuListener.onMcuInfoChanged received! data=B0 50 
02-19 21:11:43.361 D/K706RadioManager(17578): MCU[0xB0] len=2 : B0 50 
02-19 21:11:43.361 D/K706RadioManager(17578): TunerInfo: flags=0x50 save=false AS=false finish=true valid=false ST=true LOC=false seek=false scan=false
02-19 21:11:43.363 D/TunerPresenter(15794): handleTunerRawData: b0 50 
02-19 21:11:43.363 D/TunerManagerForExt(15794): FMRadio main (TunerManagerForExt.java:108) onTunerInfoChanged: onTunerInfoChanged - flag: 80 - asFlag: 0 - psFlag: 0 - scanFlag: 0 - seekFlag: 0 - mStFlag: 1 - mLocFlag: 0 - mIsSearching: true - mTempSearching: false
02-19 21:11:43.363 D/TunerManagerForExt(15794): FMRadio main (TunerManagerForExt.java:118) onTunerInfoChanged: mIsSearching: false - mTempSearching: false - asFlag: 0 - seekFlag: 0
02-19 21:11:43.511 E/mcu_services( 5512): MCU2APP : [ff fe fd 03 01 b4 04 b1 ff ]
02-19 21:11:43.511 E/mcu_services( 5512): MCU2APP : [ff fe fd 04 01 b5 00 07 b3 ff ]
02-19 21:11:43.511 E/mcu_services( 5512): sendAckSuccess : [ff fd fe 02 02 b4 b6 ff ]
02-19 21:11:43.512 E/mcu_services( 5512): APP2MCU - writeToUart: [ff fd fe 02 02 b4 b6 ff ]
02-19 21:11:43.512 E/mcu_services( 5512): sendAckSuccess : [ff fd fe 02 02 b5 b7 ff ]
02-19 21:11:43.512 E/mcu_services( 5512): APP2MCU - writeToUart: [ff fd fe 02 02 b5 b7 ff ]
02-19 21:11:43.514 D/K706RadioManager(17578): IMcuListener.onTransact: code=1 flags=16
02-19 21:11:43.514 D/K706RadioManager(17578): >>> IMcuListener.onMcuInfoChanged received! data=B4 04 
02-19 21:11:43.514 D/K706RadioManager(17578): MCU[0xB4] len=2 : B4 04 
02-19 21:11:43.514 D/K706RadioManager(17578): RDS B4 Flags: 0x04
02-19 21:11:43.517 D/TunerPresenter(15794): handleTunerRawData: b4 4 
02-19 21:11:43.517 D/TunerManagerForExt(15794): FMRadio main (TunerManagerForExt.java:195) onTuneRdsIndicateInfo: onTuneRdsIndicateInfo - flag: 4 - mRdsSwitch: 1
02-19 21:11:43.518 D/K706RadioManager(17578): IMcuListener.onTransact: code=1 flags=16
02-19 21:11:43.519 D/K706RadioManager(17578): >>> IMcuListener.onMcuInfoChanged received! data=B5 00 07 
02-19 21:11:43.519 D/K706RadioManager(17578): MCU[0xB5] len=3 : B5 00 07 
02-19 21:11:43.519 D/K706RadioManager(17578): RDS PTY (0xB5): 0
02-19 21:11:43.521 D/TunerPresenter(15794): handleTunerRawData: b5 0 7 
02-19 21:11:43.521 D/TunerManagerForExt(15794): FMRadio main (TunerManagerForExt.java:220) onTuneRdsPtyTypeInfo: onTuneRdsPtyTypeInfo - mRdsPtyType: 0
02-19 21:11:44.154 E/mcu_services( 5512): MCU2APP : [ff fe fd 03 01 29 6d 45 ff ]
02-19 21:11:44.156 D/K706RadioManager(17578): IMcuListener.onTransact: code=1 flags=16
02-19 21:11:44.156 D/K706RadioManager(17578): >>> IMcuListener.onMcuInfoChanged received! data=29 6D 
02-19 21:11:44.156 D/K706RadioManager(17578): MCU[0x29] len=2 : 29 6D 
02-19 21:11:44.157 D/K706RadioManager(17578): Unknown MCU packet type: 0x29
02-19 21:11:46.143 E/mcu_services( 5512): MCU2APP : [ff fe fd 03 01 29 6d 45 ff ]
02-19 21:11:46.146 D/K706RadioManager(17578): IMcuListener.onTransact: code=1 flags=16
02-19 21:11:46.146 D/K706RadioManager(17578): >>> IMcuListener.onMcuInfoChanged received! data=29 6D 
02-19 21:11:46.147 D/K706RadioManager(17578): MCU[0x29] len=2 : 29 6D 
02-19 21:11:46.147 D/K706RadioManager(17578): Unknown MCU packet type: 0x29
02-19 21:11:48.133 E/mcu_services( 5512): MCU2APP : [ff fe fd 03 01 29 6d 45 ff ]
02-19 21:11:48.134 D/K706RadioManager(17578): IMcuListener.onTransact: code=1 flags=16
02-19 21:11:48.135 D/K706RadioManager(17578): >>> IMcuListener.onMcuInfoChanged received! data=29 6D 
02-19 21:11:48.135 D/K706RadioManager(17578): MCU[0x29] len=2 : 29 6D 
02-19 21:11:48.135 D/K706RadioManager(17578): Unknown MCU packet type: 0x29
02-19 21:11:50.121 E/mcu_services( 5512): MCU2APP : [ff fe fd 03 01 29 6d 45 ff ]
02-19 21:11:50.123 D/K706RadioManager(17578): IMcuListener.onTransact: code=1 flags=16
02-19 21:11:50.124 D/K706RadioManager(17578): >>> IMcuListener.onMcuInfoChanged received! data=29 6D 
02-19 21:11:50.124 D/K706RadioManager(17578): MCU[0x29] len=2 : 29 6D 
02-19 21:11:50.124 D/K706RadioManager(17578): Unknown MCU packet type: 0x29
02-19 21:11:52.110 E/mcu_services( 5512): MCU2APP : [ff fe fd 03 01 29 6d 45 ff ]
02-19 21:11:52.112 D/K706RadioManager(17578): IMcuListener.onTransact: code=1 flags=16
02-19 21:11:52.113 D/K706RadioManager(17578): >>> IMcuListener.onMcuInfoChanged received! data=29 6D 
02-19 21:11:52.113 D/K706RadioManager(17578): MCU[0x29] len=2 : 29 6D 
02-19 21:11:52.113 D/K706RadioManager(17578): Unknown MCU packet type: 0x29
02-19 21:11:54.098 E/mcu_services( 5512): MCU2APP : [ff fe fd 03 01 29 6d 45 ff ]
02-19 21:11:54.100 D/K706RadioManager(17578): IMcuListener.onTransact: code=1 flags=16
02-19 21:11:54.101 D/K706RadioManager(17578): >>> IMcuListener.onMcuInfoChanged received! data=29 6D 
02-19 21:11:54.102 D/K706RadioManager(17578): MCU[0x29] len=2 : 29 6D 
02-19 21:11:54.102 D/K706RadioManager(17578): Unknown MCU packet type: 0x29
02-19 21:11:56.087 E/mcu_services( 5512): MCU2APP : [ff fe fd 03 01 29 6d 45 ff ]
02-19 21:11:56.089 D/K706RadioManager(17578): IMcuListener.onTransact: code=1 flags=16
02-19 21:11:56.090 D/K706RadioManager(17578): >>> IMcuListener.onMcuInfoChanged received! data=29 6D 
02-19 21:11:56.091 D/K706RadioManager(17578): MCU[0x29] len=2 : 29 6D 
02-19 21:11:56.091 D/K706RadioManager(17578): Unknown MCU packet type: 0x29
02-19 21:11:58.076 E/mcu_services( 5512): MCU2APP : [ff fe fd 03 01 29 6d 45 ff ]
02-19 21:11:58.078 D/K706RadioManager(17578): IMcuListener.onTransact: code=1 flags=16
02-19 21:11:58.079 D/K706RadioManager(17578): >>> IMcuListener.onMcuInfoChanged received! data=29 6D 
02-19 21:11:58.080 D/K706RadioManager(17578): MCU[0x29] len=2 : 29 6D 
02-19 21:11:58.080 D/K706RadioManager(17578): Unknown MCU packet type: 0x29
02-19 21:12:00.065 E/mcu_services( 5512): MCU2APP : [ff fe fd 03 01 29 6d 45 ff ]
02-19 21:12:00.067 D/K706RadioManager(17578): IMcuListener.onTransact: code=1 flags=16
02-19 21:12:00.068 D/K706RadioManager(17578): >>> IMcuListener.onMcuInfoChanged received! data=29 6D 
02-19 21:12:00.069 D/K706RadioManager(17578): MCU[0x29] len=2 : 29 6D 
02-19 21:12:00.069 D/K706RadioManager(17578): Unknown MCU packet type: 0x29
02-19 21:12:02.053 E/mcu_services( 5512): MCU2APP : [ff fe fd 03 01 29 6d 45 ff ]
02-19 21:12:02.056 D/K706RadioManager(17578): IMcuListener.onTransact: code=1 flags=16
02-19 21:12:02.056 D/K706RadioManager(17578): >>> IMcuListener.onMcuInfoChanged received! data=29 6D 
02-19 21:12:02.057 D/K706RadioManager(17578): MCU[0x29] len=2 : 29 6D 
02-19 21:12:02.057 D/K706RadioManager(17578): Unknown MCU packet type: 0x29
02-19 21:12:02.935 E/mcu_services( 5512): APP2MCU - writeToUartNormal : [ff fd fe 05 01 a0 01 00 00 a0 ff ]
02-19 21:12:02.937 D/K706RadioManager(17578): CMD Enviado: sub=0x01 p1=0x00 p2=0x00
02-19 21:12:02.937 D/K706RadioManager(17578): Seek UP iniciado
02-19 21:12:03.008 E/mcu_services( 5512): MCU2APP : [ff fe fd 03 01 b0 58 e9 ff ]
02-19 21:12:03.010 D/K706RadioManager(17578): IMcuListener.onTransact: code=1 flags=16
02-19 21:12:03.011 D/K706RadioManager(17578): >>> IMcuListener.onMcuInfoChanged received! data=B0 58 
02-19 21:12:03.012 D/K706RadioManager(17578): MCU[0xB0] len=2 : B0 58 
02-19 21:12:03.012 D/K706RadioManager(17578): TunerInfo: flags=0x58 save=false AS=true finish=true valid=false ST=true LOC=false seek=false scan=false
02-19 21:12:03.013 E/mcu_services( 5512): MCU2APP : [ff fe fd 12 01 b1 00 00 26 89 22 38 23 32 23 aa 23 be 24 04 24 36 32 ff ]
02-19 21:12:03.014 D/TunerPresenter(15794): handleTunerRawData: b0 58 
02-19 21:12:03.014 D/TunerManagerForExt(15794): FMRadio main (TunerManagerForExt.java:108) onTunerInfoChanged: onTunerInfoChanged - flag: 88 - asFlag: 0 - psFlag: 0 - scanFlag: 0 - seekFlag: 1 - mStFlag: 1 - mLocFlag: 0 - mIsSearching: false - mTempSearching: false
02-19 21:12:03.015 D/TunerManagerForExt(15794): FMRadio main (TunerManagerForExt.java:118) onTunerInfoChanged: mIsSearching: true - mTempSearching: false - asFlag: 0 - seekFlag: 1
02-19 21:12:03.016 D/K706RadioManager(17578): IMcuListener.onTransact: code=1 flags=16
02-19 21:12:03.018 D/K706RadioManager(17578): >>> IMcuListener.onMcuInfoChanged received! data=B1 00 00 26 89 22 38 23 32 23 AA 23 BE 24 04 24 36 
02-19 21:12:03.019 D/K706RadioManager(17578): MCU[0xB1] len=17 : B1 00 00 26 89 22 38 23 32 23 AA 23 BE 24 04 24 36 
02-19 21:12:03.019 D/K706RadioManager(17578): PresetList: band=0 presetIdx=0 currentFreq=9865 firstFreq=9865 (offset=3)
02-19 21:12:03.019 D/K706RadioManager(17578): >>> FREQ: 98600 -> 98650 (MCU=9865, 98,65 MHz)
02-19 21:12:03.022 D/TunerPresenter(15794): handleTunerRawData: b1 0 0 26 89 22 38 23 32 23 aa 23 be 24 4 24 36 
02-19 21:12:03.022 D/TunerManagerForExt(15794): FMRadio main (TunerManagerForExt.java:147) onTunerPresetListChanged:  - mBand: 0 - mPresetIndex: 0 - mFrequency: 9865 - index: 0 - preset: 8760 - index: 1 - preset: 9010 - index: 2 - preset: 9130 - index: 3 - preset: 9150 - index: 4 - preset: 9220 - index: 5 - preset: 9270
02-19 21:12:03.059 E/mcu_services( 5512): MCU2APP : [ff fe fd 12 01 b1 00 00 26 8e 22 38 23 32 23 aa 23 be 24 04 24 36 35 ff ]
02-19 21:12:03.061 D/K706RadioManager(17578): IMcuListener.onTransact: code=1 flags=16
02-19 21:12:03.062 D/K706RadioManager(17578): >>> IMcuListener.onMcuInfoChanged received! data=B1 00 00 26 8E 22 38 23 32 23 AA 23 BE 24 04 24 36 
02-19 21:12:03.063 D/K706RadioManager(17578): MCU[0xB1] len=17 : B1 00 00 26 8E 22 38 23 32 23 AA 23 BE 24 04 24 36 
02-19 21:12:03.063 D/K706RadioManager(17578): PresetList: band=0 presetIdx=0 currentFreq=9870 firstFreq=9870 (offset=3)
02-19 21:12:03.064 D/K706RadioManager(17578): >>> FREQ: 98650 -> 98700 (MCU=9870, 98,70 MHz)
02-19 21:12:03.066 D/TunerPresenter(15794): handleTunerRawData: b1 0 0 26 8e 22 38 23 32 23 aa 23 be 24 4 24 36 
02-19 21:12:03.068 D/TunerManagerForExt(15794): FMRadio main (TunerManagerForExt.java:147) onTunerPresetListChanged:  - mBand: 0 - mPresetIndex: 0 - mFrequency: 9870 - index: 0 - preset: 8760 - index: 1 - preset: 9010 - index: 2 - preset: 9130 - index: 3 - preset: 9150 - index: 4 - preset: 9220 - index: 5 - preset: 9270
02-19 21:12:03.109 E/mcu_services( 5512): MCU2APP : [ff fe fd 12 01 b1 00 00 26 93 22 38 23 32 23 aa 23 be 24 04 24 36 28 ff ]
02-19 21:12:03.111 D/K706RadioManager(17578): IMcuListener.onTransact: code=1 flags=16
02-19 21:12:03.112 D/K706RadioManager(17578): >>> IMcuListener.onMcuInfoChanged received! data=B1 00 00 26 93 22 38 23 32 23 AA 23 BE 24 04 24 36 
02-19 21:12:03.113 D/K706RadioManager(17578): MCU[0xB1] len=17 : B1 00 00 26 93 22 38 23 32 23 AA 23 BE 24 04 24 36 
02-19 21:12:03.113 D/K706RadioManager(17578): PresetList: band=0 presetIdx=0 currentFreq=9875 firstFreq=9875 (offset=3)
02-19 21:12:03.113 D/K706RadioManager(17578): >>> FREQ: 98700 -> 98750 (MCU=9875, 98,75 MHz)
02-19 21:12:03.115 D/TunerPresenter(15794): handleTunerRawData: b1 0 0 26 93 22 38 23 32 23 aa 23 be 24 4 24 36 
02-19 21:12:03.118 D/TunerManagerForExt(15794): FMRadio main (TunerManagerForExt.java:147) onTunerPresetListChanged:  - mBand: 0 - mPresetIndex: 0 - mFrequency: 9875 - index: 0 - preset: 8760 - index: 1 - preset: 9010 - index: 2 - preset: 9130 - index: 3 - preset: 9150 - index: 4 - preset: 9220 - index: 5 - preset: 9270
02-19 21:12:03.159 E/mcu_services( 5512): MCU2APP : [ff fe fd 12 01 b1 00 00 26 98 22 38 23 32 23 aa 23 be 24 04 24 36 23 ff ]
02-19 21:12:03.161 D/K706RadioManager(17578): IMcuListener.onTransact: code=1 flags=16
02-19 21:12:03.162 D/K706RadioManager(17578): >>> IMcuListener.onMcuInfoChanged received! data=B1 00 00 26 98 22 38 23 32 23 AA 23 BE 24 04 24 36 
02-19 21:12:03.163 D/K706RadioManager(17578): MCU[0xB1] len=17 : B1 00 00 26 98 22 38 23 32 23 AA 23 BE 24 04 24 36 
02-19 21:12:03.163 D/K706RadioManager(17578): PresetList: band=0 presetIdx=0 currentFreq=9880 firstFreq=9880 (offset=3)
02-19 21:12:03.163 D/K706RadioManager(17578): >>> FREQ: 98750 -> 98800 (MCU=9880, 98,80 MHz)
02-19 21:12:03.165 D/TunerPresenter(15794): handleTunerRawData: b1 0 0 26 98 22 38 23 32 23 aa 23 be 24 4 24 36 
02-19 21:12:03.167 D/TunerManagerForExt(15794): FMRadio main (TunerManagerForExt.java:147) onTunerPresetListChanged:  - mBand: 0 - mPresetIndex: 0 - mFrequency: 9880 - index: 0 - preset: 8760 - index: 1 - preset: 9010 - index: 2 - preset: 9130 - index: 3 - preset: 9150 - index: 4 - preset: 9220 - index: 5 - preset: 9270
02-19 21:12:03.208 E/mcu_services( 5512): MCU2APP : [ff fe fd 12 01 b1 00 00 26 9d 22 38 23 32 23 aa 23 be 24 04 24 36 26 ff ]
02-19 21:12:03.210 D/K706RadioManager(17578): IMcuListener.onTransact: code=1 flags=16
02-19 21:12:03.211 D/K706RadioManager(17578): >>> IMcuListener.onMcuInfoChanged received! data=B1 00 00 26 9D 22 38 23 32 23 AA 23 BE 24 04 24 36 
02-19 21:12:03.212 D/K706RadioManager(17578): MCU[0xB1] len=17 : B1 00 00 26 9D 22 38 23 32 23 AA 23 BE 24 04 24 36 
02-19 21:12:03.212 D/K706RadioManager(17578): PresetList: band=0 presetIdx=0 currentFreq=9885 firstFreq=9885 (offset=3)
02-19 21:12:03.212 D/K706RadioManager(17578): >>> FREQ: 98800 -> 98850 (MCU=9885, 98,85 MHz)
02-19 21:12:03.214 D/TunerPresenter(15794): handleTunerRawData: b1 0 0 26 9d 22 38 23 32 23 aa 23 be 24 4 24 36 
02-19 21:12:03.217 D/TunerManagerForExt(15794): FMRadio main (TunerManagerForExt.java:147) onTunerPresetListChanged:  - mBand: 0 - mPresetIndex: 0 - mFrequency: 9885 - index: 0 - preset: 8760 - index: 1 - preset: 9010 - index: 2 - preset: 9130 - index: 3 - preset: 9150 - index: 4 - preset: 9220 - index: 5 - preset: 9270
02-19 21:12:03.258 E/mcu_services( 5512): MCU2APP : [ff fe fd 12 01 b1 00 00 26 a2 22 38 23 32 23 aa 23 be 24 04 24 36 19 ff ]
02-19 21:12:03.260 D/K706RadioManager(17578): IMcuListener.onTransact: code=1 flags=16
02-19 21:12:03.261 D/K706RadioManager(17578): >>> IMcuListener.onMcuInfoChanged received! data=B1 00 00 26 A2 22 38 23 32 23 AA 23 BE 24 04 24 36 
02-19 21:12:03.262 D/K706RadioManager(17578): MCU[0xB1] len=17 : B1 00 00 26 A2 22 38 23 32 23 AA 23 BE 24 04 24 36 
02-19 21:12:03.262 D/K706RadioManager(17578): PresetList: band=0 presetIdx=0 currentFreq=9890 firstFreq=9890 (offset=3)
02-19 21:12:03.263 D/K706RadioManager(17578): >>> FREQ: 98850 -> 98900 (MCU=9890, 98,90 MHz)
02-19 21:12:03.265 D/TunerPresenter(15794): handleTunerRawData: b1 0 0 26 a2 22 38 23 32 23 aa 23 be 24 4 24 36 
02-19 21:12:03.267 D/TunerManagerForExt(15794): FMRadio main (TunerManagerForExt.java:147) onTunerPresetListChanged:  - mBand: 0 - mPresetIndex: 0 - mFrequency: 9890 - index: 0 - preset: 8760 - index: 1 - preset: 9010 - index: 2 - preset: 9130 - index: 3 - preset: 9150 - index: 4 - preset: 9220 - index: 5 - preset: 9270
02-19 21:12:03.308 E/mcu_services( 5512): MCU2APP : [ff fe fd 12 01 b1 00 00 26 a7 22 38 23 32 23 aa 23 be 24 04 24 36 1c ff ]
02-19 21:12:03.310 D/K706RadioManager(17578): IMcuListener.onTransact: code=1 flags=16
02-19 21:12:03.312 D/K706RadioManager(17578): >>> IMcuListener.onMcuInfoChanged received! data=B1 00 00 26 A7 22 38 23 32 23 AA 23 BE 24 04 24 36 
02-19 21:12:03.312 D/K706RadioManager(17578): MCU[0xB1] len=17 : B1 00 00 26 A7 22 38 23 32 23 AA 23 BE 24 04 24 36 
02-19 21:12:03.313 D/K706RadioManager(17578): PresetList: band=0 presetIdx=0 currentFreq=9895 firstFreq=9895 (offset=3)
02-19 21:12:03.313 D/K706RadioManager(17578): >>> FREQ: 98900 -> 98950 (MCU=9895, 98,95 MHz)
02-19 21:12:03.315 D/TunerPresenter(15794): handleTunerRawData: b1 0 0 26 a7 22 38 23 32 23 aa 23 be 24 4 24 36 
02-19 21:12:03.317 D/TunerManagerForExt(15794): FMRadio main (TunerManagerForExt.java:147) onTunerPresetListChanged:  - mBand: 0 - mPresetIndex: 0 - mFrequency: 9895 - index: 0 - preset: 8760 - index: 1 - preset: 9010 - index: 2 - preset: 9130 - index: 3 - preset: 9150 - index: 4 - preset: 9220 - index: 5 - preset: 9270
02-19 21:12:03.358 E/mcu_services( 5512): MCU2APP : [ff fe fd 12 01 b1 00 00 26 ac 22 38 23 32 23 aa 23 be 24 04 24 36 17 ff ]
02-19 21:12:03.360 D/K706RadioManager(17578): IMcuListener.onTransact: code=1 flags=16
02-19 21:12:03.361 D/K706RadioManager(17578): >>> IMcuListener.onMcuInfoChanged received! data=B1 00 00 26 AC 22 38 23 32 23 AA 23 BE 24 04 24 36 
02-19 21:12:03.362 D/K706RadioManager(17578): MCU[0xB1] len=17 : B1 00 00 26 AC 22 38 23 32 23 AA 23 BE 24 04 24 36 
02-19 21:12:03.362 D/K706RadioManager(17578): PresetList: band=0 presetIdx=0 currentFreq=9900 firstFreq=9900 (offset=3)
02-19 21:12:03.363 D/K706RadioManager(17578): >>> FREQ: 98950 -> 99000 (MCU=9900, 99,00 MHz)
02-19 21:12:03.364 D/TunerPresenter(15794): handleTunerRawData: b1 0 0 26 ac 22 38 23 32 23 aa 23 be 24 4 24 36 
02-19 21:12:03.367 D/TunerManagerForExt(15794): FMRadio main (TunerManagerForExt.java:147) onTunerPresetListChanged:  - mBand: 0 - mPresetIndex: 0 - mFrequency: 9900 - index: 0 - preset: 8760 - index: 1 - preset: 9010 - index: 2 - preset: 9130 - index: 3 - preset: 9150 - index: 4 - preset: 9220 - index: 5 - preset: 9270
02-19 21:12:03.408 E/mcu_services( 5512): MCU2APP : [ff fe fd 12 01 b1 00 00 26 b1 22 38 23 32 23 aa 23 be 24 04 24 36 0a ff ]
02-19 21:12:03.409 D/K706RadioManager(17578): IMcuListener.onTransact: code=1 flags=16
02-19 21:12:03.410 D/K706RadioManager(17578): >>> IMcuListener.onMcuInfoChanged received! data=B1 00 00 26 B1 22 38 23 32 23 AA 23 BE 24 04 24 36 
02-19 21:12:03.411 D/K706RadioManager(17578): MCU[0xB1] len=17 : B1 00 00 26 B1 22 38 23 32 23 AA 23 BE 24 04 24 36 
02-19 21:12:03.411 D/K706RadioManager(17578): PresetList: band=0 presetIdx=0 currentFreq=9905 firstFreq=9905 (offset=3)
02-19 21:12:03.412 D/K706RadioManager(17578): >>> FREQ: 99000 -> 99050 (MCU=9905, 99,05 MHz)
02-19 21:12:03.414 D/TunerPresenter(15794): handleTunerRawData: b1 0 0 26 b1 22 38 23 32 23 aa 23 be 24 4 24 36 
02-19 21:12:03.417 D/TunerManagerForExt(15794): FMRadio main (TunerManagerForExt.java:147) onTunerPresetListChanged:  - mBand: 0 - mPresetIndex: 0 - mFrequency: 9905 - index: 0 - preset: 8760 - index: 1 - preset: 9010 - index: 2 - preset: 9130 - index: 3 - preset: 9150 - index: 4 - preset: 9220 - index: 5 - preset: 9270
02-19 21:12:03.457 E/mcu_services( 5512): MCU2APP : [ff fe fd 12 01 b1 00 00 26 b6 22 38 23 32 23 aa 23 be 24 04 24 36 0d ff ]
02-19 21:12:03.459 D/K706RadioManager(17578): IMcuListener.onTransact: code=1 flags=16
02-19 21:12:03.460 D/K706RadioManager(17578): >>> IMcuListener.onMcuInfoChanged received! data=B1 00 00 26 B6 22 38 23 32 23 AA 23 BE 24 04 24 36 
02-19 21:12:03.461 D/K706RadioManager(17578): MCU[0xB1] len=17 : B1 00 00 26 B6 22 38 23 32 23 AA 23 BE 24 04 24 36 
02-19 21:12:03.462 D/K706RadioManager(17578): PresetList: band=0 presetIdx=0 currentFreq=9910 firstFreq=9910 (offset=3)
02-19 21:12:03.462 D/K706RadioManager(17578): >>> FREQ: 99050 -> 99100 (MCU=9910, 99,10 MHz)
02-19 21:12:03.464 D/TunerPresenter(15794): handleTunerRawData: b1 0 0 26 b6 22 38 23 32 23 aa 23 be 24 4 24 36 
02-19 21:12:03.469 D/TunerManagerForExt(15794): FMRadio main (TunerManagerForExt.java:147) onTunerPresetListChanged:  - mBand: 0 - mPresetIndex: 0 - mFrequency: 9910 - index: 0 - preset: 8760 - index: 1 - preset: 9010 - index: 2 - preset: 9130 - index: 3 - preset: 9150 - index: 4 - preset: 9220 - index: 5 - preset: 9270
02-19 21:12:03.507 E/mcu_services( 5512): MCU2APP : [ff fe fd 12 01 b1 00 00 26 bb 22 38 23 32 23 aa 23 be 24 04 24 36 00 ff ]
02-19 21:12:03.509 D/K706RadioManager(17578): IMcuListener.onTransact: code=1 flags=16
02-19 21:12:03.511 D/K706RadioManager(17578): >>> IMcuListener.onMcuInfoChanged received! data=B1 00 00 26 BB 22 38 23 32 23 AA 23 BE 24 04 24 36 
02-19 21:12:03.512 D/K706RadioManager(17578): MCU[0xB1] len=17 : B1 00 00 26 BB 22 38 23 32 23 AA 23 BE 24 04 24 36 
02-19 21:12:03.512 D/K706RadioManager(17578): PresetList: band=0 presetIdx=0 currentFreq=9915 firstFreq=9915 (offset=3)
02-19 21:12:03.512 D/K706RadioManager(17578): >>> FREQ: 99100 -> 99150 (MCU=9915, 99,15 MHz)
02-19 21:12:03.515 D/TunerPresenter(15794): handleTunerRawData: b1 0 0 26 bb 22 38 23 32 23 aa 23 be 24 4 24 36 
02-19 21:12:03.517 D/TunerManagerForExt(15794): FMRadio main (TunerManagerForExt.java:147) onTunerPresetListChanged:  - mBand: 0 - mPresetIndex: 0 - mFrequency: 9915 - index: 0 - preset: 8760 - index: 1 - preset: 9010 - index: 2 - preset: 9130 - index: 3 - preset: 9150 - index: 4 - preset: 9220 - index: 5 - preset: 9270
02-19 21:12:03.557 E/mcu_services( 5512): MCU2APP : [ff fe fd 12 01 b1 00 00 26 c0 22 38 23 32 23 aa 23 be 24 04 24 36 7b ff ]
02-19 21:12:03.559 D/K706RadioManager(17578): IMcuListener.onTransact: code=1 flags=16
02-19 21:12:03.560 D/K706RadioManager(17578): >>> IMcuListener.onMcuInfoChanged received! data=B1 00 00 26 C0 22 38 23 32 23 AA 23 BE 24 04 24 36 
02-19 21:12:03.561 D/K706RadioManager(17578): MCU[0xB1] len=17 : B1 00 00 26 C0 22 38 23 32 23 AA 23 BE 24 04 24 36 
02-19 21:12:03.561 D/K706RadioManager(17578): PresetList: band=0 presetIdx=0 currentFreq=9920 firstFreq=9920 (offset=3)
02-19 21:12:03.561 D/K706RadioManager(17578): >>> FREQ: 99150 -> 99200 (MCU=9920, 99,20 MHz)
02-19 21:12:03.563 D/TunerPresenter(15794): handleTunerRawData: b1 0 0 26 c0 22 38 23 32 23 aa 23 be 24 4 24 36 
02-19 21:12:03.565 D/TunerManagerForExt(15794): FMRadio main (TunerManagerForExt.java:147) onTunerPresetListChanged:  - mBand: 0 - mPresetIndex: 0 - mFrequency: 9920 - index: 0 - preset: 8760 - index: 1 - preset: 9010 - index: 2 - preset: 9130 - index: 3 - preset: 9150 - index: 4 - preset: 9220 - index: 5 - preset: 9270
02-19 21:12:03.606 E/mcu_services( 5512): MCU2APP : [ff fe fd 12 01 b1 00 00 26 c5 22 38 23 32 23 aa 23 be 24 04 24 36 7e ff ]
02-19 21:12:03.609 D/K706RadioManager(17578): IMcuListener.onTransact: code=1 flags=16
02-19 21:12:03.611 D/K706RadioManager(17578): >>> IMcuListener.onMcuInfoChanged received! data=B1 00 00 26 C5 22 38 23 32 23 AA 23 BE 24 04 24 36 
02-19 21:12:03.614 D/K706RadioManager(17578): MCU[0xB1] len=17 : B1 00 00 26 C5 22 38 23 32 23 AA 23 BE 24 04 24 36 
02-19 21:12:03.614 D/K706RadioManager(17578): PresetList: band=0 presetIdx=0 currentFreq=9925 firstFreq=9925 (offset=3)
02-19 21:12:03.614 D/K706RadioManager(17578): >>> FREQ: 99200 -> 99250 (MCU=9925, 99,25 MHz)
02-19 21:12:03.616 D/TunerPresenter(15794): handleTunerRawData: b1 0 0 26 c5 22 38 23 32 23 aa 23 be 24 4 24 36 
02-19 21:12:03.619 D/TunerManagerForExt(15794): FMRadio main (TunerManagerForExt.java:147) onTunerPresetListChanged:  - mBand: 0 - mPresetIndex: 0 - mFrequency: 9925 - index: 0 - preset: 8760 - index: 1 - preset: 9010 - index: 2 - preset: 9130 - index: 3 - preset: 9150 - index: 4 - preset: 9220 - index: 5 - preset: 9270
02-19 21:12:03.656 E/mcu_services( 5512): MCU2APP : [ff fe fd 12 01 b1 00 00 26 ca 22 38 23 32 23 aa 23 be 24 04 24 36 71 ff ]
02-19 21:12:03.658 D/K706RadioManager(17578): IMcuListener.onTransact: code=1 flags=16
02-19 21:12:03.661 D/K706RadioManager(17578): >>> IMcuListener.onMcuInfoChanged received! data=B1 00 00 26 CA 22 38 23 32 23 AA 23 BE 24 04 24 36 
02-19 21:12:03.663 D/K706RadioManager(17578): MCU[0xB1] len=17 : B1 00 00 26 CA 22 38 23 32 23 AA 23 BE 24 04 24 36 
02-19 21:12:03.663 D/K706RadioManager(17578): PresetList: band=0 presetIdx=0 currentFreq=9930 firstFreq=9930 (offset=3)
02-19 21:12:03.663 D/K706RadioManager(17578): >>> FREQ: 99250 -> 99300 (MCU=9930, 99,30 MHz)
02-19 21:12:03.666 D/TunerPresenter(15794): handleTunerRawData: b1 0 0 26 ca 22 38 23 32 23 aa 23 be 24 4 24 36 
02-19 21:12:03.669 D/TunerManagerForExt(15794): FMRadio main (TunerManagerForExt.java:147) onTunerPresetListChanged:  - mBand: 0 - mPresetIndex: 0 - mFrequency: 9930 - index: 0 - preset: 8760 - index: 1 - preset: 9010 - index: 2 - preset: 9130 - index: 3 - preset: 9150 - index: 4 - preset: 9220 - index: 5 - preset: 9270
02-19 21:12:03.706 E/mcu_services( 5512): MCU2APP : [ff fe fd 12 01 b1 00 00 26 cf 22 38 23 32 23 aa 23 be 24 04 24 36 74 ff ]
02-19 21:12:03.707 D/K706RadioManager(17578): IMcuListener.onTransact: code=1 flags=16
02-19 21:12:03.708 D/K706RadioManager(17578): >>> IMcuListener.onMcuInfoChanged received! data=B1 00 00 26 CF 22 38 23 32 23 AA 23 BE 24 04 24 36 
02-19 21:12:03.709 D/K706RadioManager(17578): MCU[0xB1] len=17 : B1 00 00 26 CF 22 38 23 32 23 AA 23 BE 24 04 24 36 
02-19 21:12:03.709 D/K706RadioManager(17578): PresetList: band=0 presetIdx=0 currentFreq=9935 firstFreq=9935 (offset=3)
02-19 21:12:03.709 D/K706RadioManager(17578): >>> FREQ: 99300 -> 99350 (MCU=9935, 99,35 MHz)
02-19 21:12:03.711 D/TunerPresenter(15794): handleTunerRawData: b1 0 0 26 cf 22 38 23 32 23 aa 23 be 24 4 24 36 
02-19 21:12:03.713 D/TunerManagerForExt(15794): FMRadio main (TunerManagerForExt.java:147) onTunerPresetListChanged:  - mBand: 0 - mPresetIndex: 0 - mFrequency: 9935 - index: 0 - preset: 8760 - index: 1 - preset: 9010 - index: 2 - preset: 9130 - index: 3 - preset: 9150 - index: 4 - preset: 9220 - index: 5 - preset: 9270
02-19 21:12:03.756 E/mcu_services( 5512): MCU2APP : [ff fe fd 12 01 b1 00 00 26 d4 22 38 23 32 23 aa 23 be 24 04 24 36 6f ff ]
02-19 21:12:03.758 D/K706RadioManager(17578): IMcuListener.onTransact: code=1 flags=16
02-19 21:12:03.760 D/K706RadioManager(17578): >>> IMcuListener.onMcuInfoChanged received! data=B1 00 00 26 D4 22 38 23 32 23 AA 23 BE 24 04 24 36 
02-19 21:12:03.761 D/K706RadioManager(17578): MCU[0xB1] len=17 : B1 00 00 26 D4 22 38 23 32 23 AA 23 BE 24 04 24 36 
02-19 21:12:03.761 D/K706RadioManager(17578): PresetList: band=0 presetIdx=0 currentFreq=9940 firstFreq=9940 (offset=3)
02-19 21:12:03.762 D/K706RadioManager(17578): >>> FREQ: 99350 -> 99400 (MCU=9940, 99,40 MHz)
02-19 21:12:03.764 D/TunerPresenter(15794): handleTunerRawData: b1 0 0 26 d4 22 38 23 32 23 aa 23 be 24 4 24 36 
02-19 21:12:03.766 D/TunerManagerForExt(15794): FMRadio main (TunerManagerForExt.java:147) onTunerPresetListChanged:  - mBand: 0 - mPresetIndex: 0 - mFrequency: 9940 - index: 0 - preset: 8760 - index: 1 - preset: 9010 - index: 2 - preset: 9130 - index: 3 - preset: 9150 - index: 4 - preset: 9220 - index: 5 - preset: 9270
02-19 21:12:03.805 E/mcu_services( 5512): MCU2APP : [ff fe fd 12 01 b1 00 00 26 d9 22 38 23 32 23 aa 23 be 24 04 24 36 62 ff ]
02-19 21:12:03.806 D/K706RadioManager(17578): IMcuListener.onTransact: code=1 flags=16
02-19 21:12:03.808 D/K706RadioManager(17578): >>> IMcuListener.onMcuInfoChanged received! data=B1 00 00 26 D9 22 38 23 32 23 AA 23 BE 24 04 24 36 
02-19 21:12:03.809 D/K706RadioManager(17578): MCU[0xB1] len=17 : B1 00 00 26 D9 22 38 23 32 23 AA 23 BE 24 04 24 36 
02-19 21:12:03.809 D/K706RadioManager(17578): PresetList: band=0 presetIdx=0 currentFreq=9945 firstFreq=9945 (offset=3)
02-19 21:12:03.809 D/K706RadioManager(17578): >>> FREQ: 99400 -> 99450 (MCU=9945, 99,45 MHz)
02-19 21:12:03.811 D/TunerPresenter(15794): handleTunerRawData: b1 0 0 26 d9 22 38 23 32 23 aa 23 be 24 4 24 36 
02-19 21:12:03.814 D/TunerManagerForExt(15794): FMRadio main (TunerManagerForExt.java:147) onTunerPresetListChanged:  - mBand: 0 - mPresetIndex: 0 - mFrequency: 9945 - index: 0 - preset: 8760 - index: 1 - preset: 9010 - index: 2 - preset: 9130 - index: 3 - preset: 9150 - index: 4 - preset: 9220 - index: 5 - preset: 9270
02-19 21:12:03.855 E/mcu_services( 5512): MCU2APP : [ff fe fd 12 01 b1 00 00 26 de 22 38 23 32 23 aa 23 be 24 04 24 36 65 ff ]
02-19 21:12:03.856 D/K706RadioManager(17578): IMcuListener.onTransact: code=1 flags=16
02-19 21:12:03.857 D/K706RadioManager(17578): >>> IMcuListener.onMcuInfoChanged received! data=B1 00 00 26 DE 22 38 23 32 23 AA 23 BE 24 04 24 36 
02-19 21:12:03.858 D/K706RadioManager(17578): MCU[0xB1] len=17 : B1 00 00 26 DE 22 38 23 32 23 AA 23 BE 24 04 24 36 
02-19 21:12:03.858 D/K706RadioManager(17578): PresetList: band=0 presetIdx=0 currentFreq=9950 firstFreq=9950 (offset=3)
02-19 21:12:03.858 D/K706RadioManager(17578): >>> FREQ: 99450 -> 99500 (MCU=9950, 99,50 MHz)
02-19 21:12:03.860 D/TunerPresenter(15794): handleTunerRawData: b1 0 0 26 de 22 38 23 32 23 aa 23 be 24 4 24 36 
02-19 21:12:03.862 D/TunerManagerForExt(15794): FMRadio main (TunerManagerForExt.java:147) onTunerPresetListChanged:  - mBand: 0 - mPresetIndex: 0 - mFrequency: 9950 - index: 0 - preset: 8760 - index: 1 - preset: 9010 - index: 2 - preset: 9130 - index: 3 - preset: 9150 - index: 4 - preset: 9220 - index: 5 - preset: 9270
02-19 21:12:03.898 E/mcu_services( 5512): MCU2APP : [ff fe fd 12 01 b1 00 00 26 de 22 38 23 32 23 aa 23 be 24 04 24 36 65 ff ]
02-19 21:12:03.899 D/K706RadioManager(17578): IMcuListener.onTransact: code=1 flags=16
02-19 21:12:03.900 D/K706RadioManager(17578): >>> IMcuListener.onMcuInfoChanged received! data=B1 00 00 26 DE 22 38 23 32 23 AA 23 BE 24 04 24 36 
02-19 21:12:03.901 D/K706RadioManager(17578): MCU[0xB1] len=17 : B1 00 00 26 DE 22 38 23 32 23 AA 23 BE 24 04 24 36 
02-19 21:12:03.901 D/K706RadioManager(17578): PresetList: band=0 presetIdx=0 currentFreq=9950 firstFreq=9950 (offset=3)
02-19 21:12:03.903 D/TunerPresenter(15794): handleTunerRawData: b1 0 0 26 de 22 38 23 32 23 aa 23 be 24 4 24 36 
02-19 21:12:03.905 D/TunerManagerForExt(15794): FMRadio main (TunerManagerForExt.java:147) onTunerPresetListChanged:  - mBand: 0 - mPresetIndex: 0 - mFrequency: 9950 - index: 0 - preset: 8760 - index: 1 - preset: 9010 - index: 2 - preset: 9130 - index: 3 - preset: 9150 - index: 4 - preset: 9220 - index: 5 - preset: 9270
02-19 21:12:03.970 E/mcu_services( 5512): MCU2APP : [ff fe fd 12 01 b1 00 00 26 de 22 38 23 32 23 aa 23 be 24 04 24 36 65 ff ]
02-19 21:12:03.970 E/mcu_services( 5512): MCU2APP : [ff fe fd 03 01 b0 50 e1 ff ]
02-19 21:12:03.970 E/mcu_services( 5512): MCU2APP : [ff fe fd 03 01 b4 00 b5 ff ]
02-19 21:12:03.971 E/mcu_services( 5512): sendAckSuccess : [ff fd fe 02 02 b4 b6 ff ]
02-19 21:12:03.971 E/mcu_services( 5512): APP2MCU - writeToUart: [ff fd fe 02 02 b4 b6 ff ]
02-19 21:12:03.972 D/K706RadioManager(17578): IMcuListener.onTransact: code=1 flags=16
02-19 21:12:03.973 D/K706RadioManager(17578): >>> IMcuListener.onMcuInfoChanged received! data=B1 00 00 26 DE 22 38 23 32 23 AA 23 BE 24 04 24 36 
02-19 21:12:03.974 D/K706RadioManager(17578): MCU[0xB1] len=17 : B1 00 00 26 DE 22 38 23 32 23 AA 23 BE 24 04 24 36 
02-19 21:12:03.974 D/K706RadioManager(17578): PresetList: band=0 presetIdx=0 currentFreq=9950 firstFreq=9950 (offset=3)
02-19 21:12:03.975 D/TunerPresenter(15794): handleTunerRawData: b1 0 0 26 de 22 38 23 32 23 aa 23 be 24 4 24 36 
02-19 21:12:03.976 D/TunerManagerForExt(15794): FMRadio main (TunerManagerForExt.java:147) onTunerPresetListChanged:  - mBand: 0 - mPresetIndex: 0 - mFrequency: 9950 - index: 0 - preset: 8760 - index: 1 - preset: 9010 - index: 2 - preset: 9130 - index: 3 - preset: 9150 - index: 4 - preset: 9220 - index: 5 - preset: 9270
02-19 21:12:03.977 D/K706RadioManager(17578): IMcuListener.onTransact: code=1 flags=16
02-19 21:12:03.977 D/K706RadioManager(17578): >>> IMcuListener.onMcuInfoChanged received! data=B0 50 
02-19 21:12:03.978 D/K706RadioManager(17578): MCU[0xB0] len=2 : B0 50 
02-19 21:12:03.978 D/K706RadioManager(17578): TunerInfo: flags=0x50 save=false AS=false finish=true valid=false ST=true LOC=false seek=false scan=false
02-19 21:12:03.981 D/K706RadioManager(17578): IMcuListener.onTransact: code=1 flags=16
02-19 21:12:03.982 D/K706RadioManager(17578): >>> IMcuListener.onMcuInfoChanged received! data=B4 00 
02-19 21:12:03.982 D/K706RadioManager(17578): MCU[0xB4] len=2 : B4 00 
02-19 21:12:03.982 D/K706RadioManager(17578): RDS B4 Flags: 0x00
02-19 21:12:03.983 D/TunerPresenter(15794): handleTunerRawData: b0 50 
02-19 21:12:03.983 D/TunerManagerForExt(15794): FMRadio main (TunerManagerForExt.java:108) onTunerInfoChanged: onTunerInfoChanged - flag: 80 - asFlag: 0 - psFlag: 0 - scanFlag: 0 - seekFlag: 0 - mStFlag: 1 - mLocFlag: 0 - mIsSearching: true - mTempSearching: false
02-19 21:12:03.983 D/TunerManagerForExt(15794): FMRadio main (TunerManagerForExt.java:118) onTunerInfoChanged: mIsSearching: false - mTempSearching: false - asFlag: 0 - seekFlag: 0
02-19 21:12:03.984 D/TunerPresenter(15794): handleTunerRawData: b4 0 
02-19 21:12:03.984 D/TunerManagerForExt(15794): FMRadio main (TunerManagerForExt.java:195) onTuneRdsIndicateInfo: onTuneRdsIndicateInfo - flag: 0 - mRdsSwitch: 0
02-19 21:12:04.095 E/mcu_services( 5512): MCU2APP : [ff fe fd 03 01 b4 05 b0 ff ]
02-19 21:12:04.095 E/mcu_services( 5512): MCU2APP : [ff fe fd 04 01 b5 00 01 b5 ff ]
02-19 21:12:04.095 E/mcu_services( 5512): sendAckSuccess : [ff fd fe 02 02 b4 b6 ff ]
02-19 21:12:04.096 E/mcu_services( 5512): APP2MCU - writeToUart: [ff fd fe 02 02 b4 b6 ff ]
02-19 21:12:04.096 E/mcu_services( 5512): sendAckSuccess : [ff fd fe 02 02 b5 b7 ff ]
02-19 21:12:04.096 E/mcu_services( 5512): APP2MCU - writeToUart: [ff fd fe 02 02 b5 b7 ff ]
02-19 21:12:04.097 D/K706RadioManager(17578): IMcuListener.onTransact: code=1 flags=16
02-19 21:12:04.098 D/K706RadioManager(17578): >>> IMcuListener.onMcuInfoChanged received! data=B4 05 
02-19 21:12:04.098 D/K706RadioManager(17578): MCU[0xB4] len=2 : B4 05 
02-19 21:12:04.098 D/K706RadioManager(17578): RDS B4 Flags: 0x05
02-19 21:12:04.100 D/TunerPresenter(15794): handleTunerRawData: b4 5 
02-19 21:12:04.100 D/TunerManagerForExt(15794): FMRadio main (TunerManagerForExt.java:195) onTuneRdsIndicateInfo: onTuneRdsIndicateInfo - flag: 5 - mRdsSwitch: 1
02-19 21:12:04.101 D/K706RadioManager(17578): IMcuListener.onTransact: code=1 flags=16
02-19 21:12:04.101 D/K706RadioManager(17578): >>> IMcuListener.onMcuInfoChanged received! data=B5 00 01 
02-19 21:12:04.102 D/K706RadioManager(17578): MCU[0xB5] len=3 : B5 00 01 
02-19 21:12:04.102 D/K706RadioManager(17578): RDS PTY (0xB5): 0
02-19 21:12:04.103 D/TunerPresenter(15794): handleTunerRawData: b5 0 1 
02-19 21:12:04.104 D/TunerManagerForExt(15794): FMRadio main (TunerManagerForExt.java:220) onTuneRdsPtyTypeInfo: onTuneRdsPtyTypeInfo - mRdsPtyType: 0
02-19 21:12:04.151 E/mcu_services( 5512): MCU2APP : [ff fe fd 03 01 29 6d 45 ff ]
02-19 21:12:04.153 D/K706RadioManager(17578): IMcuListener.onTransact: code=1 flags=16
02-19 21:12:04.153 D/K706RadioManager(17578): >>> IMcuListener.onMcuInfoChanged received! data=29 6D 
02-19 21:12:04.154 D/K706RadioManager(17578): MCU[0x29] len=2 : 29 6D 
02-19 21:12:04.154 D/K706RadioManager(17578): Unknown MCU packet type: 0x29
02-19 21:12:06.140 E/mcu_services( 5512): MCU2APP : [ff fe fd 03 01 29 6d 45 ff ]
02-19 21:12:06.142 D/K706RadioManager(17578): IMcuListener.onTransact: code=1 flags=16
02-19 21:12:06.143 D/K706RadioManager(17578): >>> IMcuListener.onMcuInfoChanged received! data=29 6D 
02-19 21:12:06.143 D/K706RadioManager(17578): MCU[0x29] len=2 : 29 6D 
02-19 21:12:06.143 D/K706RadioManager(17578): Unknown MCU packet type: 0x29
02-19 21:12:08.129 E/mcu_services( 5512): MCU2APP : [ff fe fd 03 01 29 6d 45 ff ]
02-19 21:12:08.131 D/K706RadioManager(17578): IMcuListener.onTransact: code=1 flags=16
02-19 21:12:08.131 D/K706RadioManager(17578): >>> IMcuListener.onMcuInfoChanged received! data=29 6D 
02-19 21:12:08.132 D/K706RadioManager(17578): MCU[0x29] len=2 : 29 6D 
02-19 21:12:08.132 D/K706RadioManager(17578): Unknown MCU packet type: 0x29
02-19 21:12:10.117 E/mcu_services( 5512): MCU2APP : [ff fe fd 03 01 29 6d 45 ff ]
02-19 21:12:10.120 D/K706RadioManager(17578): IMcuListener.onTransact: code=1 flags=16
02-19 21:12:10.121 D/K706RadioManager(17578): >>> IMcuListener.onMcuInfoChanged received! data=29 6D 
02-19 21:12:10.121 D/K706RadioManager(17578): MCU[0x29] len=2 : 29 6D 
02-19 21:12:10.121 D/K706RadioManager(17578): Unknown MCU packet type: 0x29
02-19 21:12:10.856 E/mcu_services( 5512): MCU2APP : [ff fe fd 0a 01 b6 52 4e 45 20 35 2d 42 41 d5 ff ]
02-19 21:12:10.857 E/mcu_services( 5512): sendAckSuccess : [ff fd fe 02 02 b6 b4 ff ]
02-19 21:12:10.857 E/mcu_services( 5512): APP2MCU - writeToUart: [ff fd fe 02 02 b6 b4 ff ]
02-19 21:12:10.859 D/K706RadioManager(17578): IMcuListener.onTransact: code=1 flags=16
02-19 21:12:10.860 D/K706RadioManager(17578): >>> IMcuListener.onMcuInfoChanged received! data=B6 52 4E 45 20 35 2D 42 41 
02-19 21:12:10.860 D/K706RadioManager(17578): MCU[0xB6] len=9 : B6 52 4E 45 20 35 2D 42 41 
02-19 21:12:10.861 D/K706RadioManager(17578): RDS PS: 'RNE 5-BA'
02-19 21:12:10.862 D/TunerPresenter(15794): handleTunerRawData: b6 52 4e 45 20 35 2d 42 41 
02-19 21:12:10.863 D/TunerManagerForExt(15794): FMRadio main (TunerManagerForExt.java:234) onTuneRdsPSInfo: onTuneRdsPSInfo - len: 9 - data: b6 52 4e 45 20 35 2d 42 41 
02-19 21:12:10.863 D/TunerManagerForExt(15794): FMRadio main (TunerManagerForExt.java:258) onTuneRdsPSInfo: onTuneRdsPSInfo - mRdsPsInfo: RNE 5-BA
02-19 21:12:12.106 E/mcu_services( 5512): MCU2APP : [ff fe fd 03 01 29 6d 45 ff ]
02-19 21:12:12.108 D/K706RadioManager(17578): IMcuListener.onTransact: code=1 flags=16
02-19 21:12:12.109 D/K706RadioManager(17578): >>> IMcuListener.onMcuInfoChanged received! data=29 6D 
02-19 21:12:12.110 D/K706RadioManager(17578): MCU[0x29] len=2 : 29 6D 
02-19 21:12:12.110 D/K706RadioManager(17578): Unknown MCU packet type: 0x29
02-19 21:12:14.095 E/mcu_services( 5512): MCU2APP : [ff fe fd 03 01 29 6d 45 ff ]
02-19 21:12:14.097 D/K706RadioManager(17578): IMcuListener.onTransact: code=1 flags=16
02-19 21:12:14.098 D/K706RadioManager(17578): >>> IMcuListener.onMcuInfoChanged received! data=29 6D 
02-19 21:12:14.099 D/K706RadioManager(17578): MCU[0x29] len=2 : 29 6D 
02-19 21:12:14.099 D/K706RadioManager(17578): Unknown MCU packet type: 0x29
02-19 21:12:16.083 E/mcu_services( 5512): MCU2APP : [ff fe fd 03 01 29 6d 45 ff ]
02-19 21:12:16.086 D/K706RadioManager(17578): IMcuListener.onTransact: code=1 flags=16
02-19 21:12:16.087 D/K706RadioManager(17578): >>> IMcuListener.onMcuInfoChanged received! data=29 6D 
02-19 21:12:16.087 D/K706RadioManager(17578): MCU[0x29] len=2 : 29 6D 
02-19 21:12:16.087 D/K706RadioManager(17578): Unknown MCU packet type: 0x29
02-19 21:12:18.072 E/mcu_services( 5512): MCU2APP : [ff fe fd 03 01 29 6d 45 ff ]
02-19 21:12:18.075 D/K706RadioManager(17578): IMcuListener.onTransact: code=1 flags=16
02-19 21:12:18.076 D/K706RadioManager(17578): >>> IMcuListener.onMcuInfoChanged received! data=29 6D 
02-19 21:12:18.076 D/K706RadioManager(17578): MCU[0x29] len=2 : 29 6D 
02-19 21:12:18.076 D/K706RadioManager(17578): Unknown MCU packet type: 0x29
02-19 21:12:18.808 E/mcu_services( 5512): APP2MCU - writeToUartNormal : [ff fd fe 05 01 a0 01 00 00 a0 ff ]
02-19 21:12:18.809 D/K706RadioManager(17578): CMD Enviado: sub=0x01 p1=0x00 p2=0x00
02-19 21:12:18.809 D/K706RadioManager(17578): Seek UP iniciado
02-19 21:12:18.884 E/mcu_services( 5512): MCU2APP : [ff fe fd 12 01 b1 00 00 26 e3 22 38 23 32 23 aa 23 be 24 04 24 36 58 ff ]
02-19 21:12:18.884 E/mcu_services( 5512): MCU2APP : [ff fe fd 03 01 b0 58 e9 ff ]
02-19 21:12:18.886 D/K706RadioManager(17578): IMcuListener.onTransact: code=1 flags=16
02-19 21:12:18.889 D/K706RadioManager(17578): >>> IMcuListener.onMcuInfoChanged received! data=B1 00 00 26 E3 22 38 23 32 23 AA 23 BE 24 04 24 36 
02-19 21:12:18.892 D/K706RadioManager(17578): MCU[0xB1] len=17 : B1 00 00 26 E3 22 38 23 32 23 AA 23 BE 24 04 24 36 
02-19 21:12:18.892 D/K706RadioManager(17578): PresetList: band=0 presetIdx=0 currentFreq=9955 firstFreq=9955 (offset=3)
02-19 21:12:18.892 D/K706RadioManager(17578): >>> FREQ: 99500 -> 99550 (MCU=9955, 99,55 MHz)
02-19 21:12:18.895 D/TunerPresenter(15794): handleTunerRawData: b1 0 0 26 e3 22 38 23 32 23 aa 23 be 24 4 24 36 
02-19 21:12:18.895 D/TunerManagerForExt(15794): FMRadio main (TunerManagerForExt.java:147) onTunerPresetListChanged:  - mBand: 0 - mPresetIndex: 0 - mFrequency: 9955 - index: 0 - preset: 8760 - index: 1 - preset: 9010 - index: 2 - preset: 9130 - index: 3 - preset: 9150 - index: 4 - preset: 9220 - index: 5 - preset: 9270
02-19 21:12:18.896 D/K706RadioManager(17578): IMcuListener.onTransact: code=1 flags=16
02-19 21:12:18.896 D/K706RadioManager(17578): >>> IMcuListener.onMcuInfoChanged received! data=B0 58 
02-19 21:12:18.897 D/K706RadioManager(17578): MCU[0xB0] len=2 : B0 58 
02-19 21:12:18.897 D/K706RadioManager(17578): TunerInfo: flags=0x58 save=false AS=true finish=true valid=false ST=true LOC=false seek=false scan=false
02-19 21:12:18.916 D/TunerPresenter(15794): handleTunerRawData: b0 58 
02-19 21:12:18.917 D/TunerManagerForExt(15794): FMRadio main (TunerManagerForExt.java:108) onTunerInfoChanged: onTunerInfoChanged - flag: 88 - asFlag: 0 - psFlag: 0 - scanFlag: 0 - seekFlag: 1 - mStFlag: 1 - mLocFlag: 0 - mIsSearching: false - mTempSearching: false
02-19 21:12:18.917 D/TunerManagerForExt(15794): FMRadio main (TunerManagerForExt.java:118) onTunerInfoChanged: mIsSearching: true - mTempSearching: false - asFlag: 0 - seekFlag: 1
02-19 21:12:18.929 E/mcu_services( 5512): MCU2APP : [ff fe fd 12 01 b1 00 00 26 e8 22 38 23 32 23 aa 23 be 24 04 24 36 53 ff ]
02-19 21:12:18.931 D/K706RadioManager(17578): IMcuListener.onTransact: code=1 flags=16
02-19 21:12:18.932 D/K706RadioManager(17578): >>> IMcuListener.onMcuInfoChanged received! data=B1 00 00 26 E8 22 38 23 32 23 AA 23 BE 24 04 24 36 
02-19 21:12:18.933 D/K706RadioManager(17578): MCU[0xB1] len=17 : B1 00 00 26 E8 22 38 23 32 23 AA 23 BE 24 04 24 36 
02-19 21:12:18.933 D/K706RadioManager(17578): PresetList: band=0 presetIdx=0 currentFreq=9960 firstFreq=9960 (offset=3)
02-19 21:12:18.933 D/K706RadioManager(17578): >>> FREQ: 99550 -> 99600 (MCU=9960, 99,60 MHz)
02-19 21:12:18.936 D/TunerPresenter(15794): handleTunerRawData: b1 0 0 26 e8 22 38 23 32 23 aa 23 be 24 4 24 36 
02-19 21:12:18.938 D/TunerManagerForExt(15794): FMRadio main (TunerManagerForExt.java:147) onTunerPresetListChanged:  - mBand: 0 - mPresetIndex: 0 - mFrequency: 9960 - index: 0 - preset: 8760 - index: 1 - preset: 9010 - index: 2 - preset: 9130 - index: 3 - preset: 9150 - index: 4 - preset: 9220 - index: 5 - preset: 9270
02-19 21:12:18.979 E/mcu_services( 5512): MCU2APP : [ff fe fd 12 01 b1 00 00 26 ed 22 38 23 32 23 aa 23 be 24 04 24 36 56 ff ]
02-19 21:12:18.980 D/K706RadioManager(17578): IMcuListener.onTransact: code=1 flags=16
02-19 21:12:18.981 D/K706RadioManager(17578): >>> IMcuListener.onMcuInfoChanged received! data=B1 00 00 26 ED 22 38 23 32 23 AA 23 BE 24 04 24 36 
02-19 21:12:18.982 D/K706RadioManager(17578): MCU[0xB1] len=17 : B1 00 00 26 ED 22 38 23 32 23 AA 23 BE 24 04 24 36 
02-19 21:12:18.982 D/K706RadioManager(17578): PresetList: band=0 presetIdx=0 currentFreq=9965 firstFreq=9965 (offset=3)
02-19 21:12:18.983 D/K706RadioManager(17578): >>> FREQ: 99600 -> 99650 (MCU=9965, 99,65 MHz)
02-19 21:12:18.984 D/TunerPresenter(15794): handleTunerRawData: b1 0 0 26 ed 22 38 23 32 23 aa 23 be 24 4 24 36 
02-19 21:12:18.987 D/TunerManagerForExt(15794): FMRadio main (TunerManagerForExt.java:147) onTunerPresetListChanged:  - mBand: 0 - mPresetIndex: 0 - mFrequency: 9965 - index: 0 - preset: 8760 - index: 1 - preset: 9010 - index: 2 - preset: 9130 - index: 3 - preset: 9150 - index: 4 - preset: 9220 - index: 5 - preset: 9270
02-19 21:12:19.029 E/mcu_services( 5512): MCU2APP : [ff fe fd 12 01 b1 00 00 26 f2 22 38 23 32 23 aa 23 be 24 04 24 36 49 ff ]
02-19 21:12:19.031 D/K706RadioManager(17578): IMcuListener.onTransact: code=1 flags=16
02-19 21:12:19.033 D/K706RadioManager(17578): >>> IMcuListener.onMcuInfoChanged received! data=B1 00 00 26 F2 22 38 23 32 23 AA 23 BE 24 04 24 36 
02-19 21:12:19.034 D/K706RadioManager(17578): MCU[0xB1] len=17 : B1 00 00 26 F2 22 38 23 32 23 AA 23 BE 24 04 24 36 
02-19 21:12:19.034 D/K706RadioManager(17578): PresetList: band=0 presetIdx=0 currentFreq=9970 firstFreq=9970 (offset=3)
02-19 21:12:19.034 D/K706RadioManager(17578): >>> FREQ: 99650 -> 99700 (MCU=9970, 99,70 MHz)
02-19 21:12:19.037 D/TunerPresenter(15794): handleTunerRawData: b1 0 0 26 f2 22 38 23 32 23 aa 23 be 24 4 24 36 
02-19 21:12:19.039 D/TunerManagerForExt(15794): FMRadio main (TunerManagerForExt.java:147) onTunerPresetListChanged:  - mBand: 0 - mPresetIndex: 0 - mFrequency: 9970 - index: 0 - preset: 8760 - index: 1 - preset: 9010 - index: 2 - preset: 9130 - index: 3 - preset: 9150 - index: 4 - preset: 9220 - index: 5 - preset: 9270
02-19 21:12:19.079 E/mcu_services( 5512): MCU2APP : [ff fe fd 12 01 b1 00 00 26 f7 22 38 23 32 23 aa 23 be 24 04 24 36 4c ff ]
02-19 21:12:19.081 D/K706RadioManager(17578): IMcuListener.onTransact: code=1 flags=16
02-19 21:12:19.082 D/K706RadioManager(17578): >>> IMcuListener.onMcuInfoChanged received! data=B1 00 00 26 F7 22 38 23 32 23 AA 23 BE 24 04 24 36 
02-19 21:12:19.083 D/K706RadioManager(17578): MCU[0xB1] len=17 : B1 00 00 26 F7 22 38 23 32 23 AA 23 BE 24 04 24 36 
02-19 21:12:19.083 D/K706RadioManager(17578): PresetList: band=0 presetIdx=0 currentFreq=9975 firstFreq=9975 (offset=3)
02-19 21:12:19.083 D/K706RadioManager(17578): >>> FREQ: 99700 -> 99750 (MCU=9975, 99,75 MHz)
02-19 21:12:19.085 D/TunerPresenter(15794): handleTunerRawData: b1 0 0 26 f7 22 38 23 32 23 aa 23 be 24 4 24 36 
02-19 21:12:19.088 D/TunerManagerForExt(15794): FMRadio main (TunerManagerForExt.java:147) onTunerPresetListChanged:  - mBand: 0 - mPresetIndex: 0 - mFrequency: 9975 - index: 0 - preset: 8760 - index: 1 - preset: 9010 - index: 2 - preset: 9130 - index: 3 - preset: 9150 - index: 4 - preset: 9220 - index: 5 - preset: 9270
02-19 21:12:19.128 E/mcu_services( 5512): MCU2APP : [ff fe fd 12 01 b1 00 00 26 fc 22 38 23 32 23 aa 23 be 24 04 24 36 47 ff ]
02-19 21:12:19.130 D/K706RadioManager(17578): IMcuListener.onTransact: code=1 flags=16
02-19 21:12:19.131 D/K706RadioManager(17578): >>> IMcuListener.onMcuInfoChanged received! data=B1 00 00 26 FC 22 38 23 32 23 AA 23 BE 24 04 24 36 
02-19 21:12:19.132 D/K706RadioManager(17578): MCU[0xB1] len=17 : B1 00 00 26 FC 22 38 23 32 23 AA 23 BE 24 04 24 36 
02-19 21:12:19.132 D/K706RadioManager(17578): PresetList: band=0 presetIdx=0 currentFreq=9980 firstFreq=9980 (offset=3)
02-19 21:12:19.132 D/K706RadioManager(17578): >>> FREQ: 99750 -> 99800 (MCU=9980, 99,80 MHz)
02-19 21:12:19.134 D/TunerPresenter(15794): handleTunerRawData: b1 0 0 26 fc 22 38 23 32 23 aa 23 be 24 4 24 36 
02-19 21:12:19.137 D/TunerManagerForExt(15794): FMRadio main (TunerManagerForExt.java:147) onTunerPresetListChanged:  - mBand: 0 - mPresetIndex: 0 - mFrequency: 9980 - index: 0 - preset: 8760 - index: 1 - preset: 9010 - index: 2 - preset: 9130 - index: 3 - preset: 9150 - index: 4 - preset: 9220 - index: 5 - preset: 9270
02-19 21:12:19.171 E/mcu_services( 5512): MCU2APP : [ff fe fd 12 01 b1 00 00 26 fc 22 38 23 32 23 aa 23 be 24 04 24 36 47 ff ]
02-19 21:12:19.173 D/K706RadioManager(17578): IMcuListener.onTransact: code=1 flags=16
02-19 21:12:19.176 D/K706RadioManager(17578): >>> IMcuListener.onMcuInfoChanged received! data=B1 00 00 26 FC 22 38 23 32 23 AA 23 BE 24 04 24 36 
02-19 21:12:19.177 D/K706RadioManager(17578): MCU[0xB1] len=17 : B1 00 00 26 FC 22 38 23 32 23 AA 23 BE 24 04 24 36 
02-19 21:12:19.177 D/K706RadioManager(17578): PresetList: band=0 presetIdx=0 currentFreq=9980 firstFreq=9980 (offset=3)
02-19 21:12:19.179 D/TunerPresenter(15794): handleTunerRawData: b1 0 0 26 fc 22 38 23 32 23 aa 23 be 24 4 24 36 
02-19 21:12:19.182 D/TunerManagerForExt(15794): FMRadio main (TunerManagerForExt.java:147) onTunerPresetListChanged:  - mBand: 0 - mPresetIndex: 0 - mFrequency: 9980 - index: 0 - preset: 8760 - index: 1 - preset: 9010 - index: 2 - preset: 9130 - index: 3 - preset: 9150 - index: 4 - preset: 9220 - index: 5 - preset: 9270
02-19 21:12:19.243 E/mcu_services( 5512): MCU2APP : [ff fe fd 12 01 b1 00 00 26 fc 22 38 23 32 23 aa 23 be 24 04 24 36 47 ff ]
02-19 21:12:19.243 E/mcu_services( 5512): MCU2APP : [ff fe fd 03 01 b4 00 b5 ff ]
02-19 21:12:19.244 E/mcu_services( 5512): sendAckSuccess : [ff fd fe 02 02 b4 b6 ff ]
02-19 21:12:19.244 E/mcu_services( 5512): APP2MCU - writeToUart: [ff fd fe 02 02 b4 b6 ff ]
02-19 21:12:19.245 D/K706RadioManager(17578): IMcuListener.onTransact: code=1 flags=16
02-19 21:12:19.246 D/K706RadioManager(17578): >>> IMcuListener.onMcuInfoChanged received! data=B1 00 00 26 FC 22 38 23 32 23 AA 23 BE 24 04 24 36 
02-19 21:12:19.247 D/K706RadioManager(17578): MCU[0xB1] len=17 : B1 00 00 26 FC 22 38 23 32 23 AA 23 BE 24 04 24 36 
02-19 21:12:19.247 D/K706RadioManager(17578): PresetList: band=0 presetIdx=0 currentFreq=9980 firstFreq=9980 (offset=3)
02-19 21:12:19.249 D/TunerPresenter(15794): handleTunerRawData: b1 0 0 26 fc 22 38 23 32 23 aa 23 be 24 4 24 36 
02-19 21:12:19.250 D/TunerManagerForExt(15794): FMRadio main (TunerManagerForExt.java:147) onTunerPresetListChanged:  - mBand: 0 - mPresetIndex: 0 - mFrequency: 9980 - index: 0 - preset: 8760 - index: 1 - preset: 9010 - index: 2 - preset: 9130 - index: 3 - preset: 9150 - index: 4 - preset: 9220 - index: 5 - preset: 9270
02-19 21:12:19.250 D/K706RadioManager(17578): IMcuListener.onTransact: code=1 flags=16
02-19 21:12:19.250 D/K706RadioManager(17578): >>> IMcuListener.onMcuInfoChanged received! data=B4 00 
02-19 21:12:19.251 D/K706RadioManager(17578): MCU[0xB4] len=2 : B4 00 
02-19 21:12:19.251 D/K706RadioManager(17578): RDS B4 Flags: 0x00
02-19 21:12:19.264 D/TunerPresenter(15794): handleTunerRawData: b4 0 
02-19 21:12:19.264 D/TunerManagerForExt(15794): FMRadio main (TunerManagerForExt.java:195) onTuneRdsIndicateInfo: onTuneRdsIndicateInfo - flag: 0 - mRdsSwitch: 0
02-19 21:12:19.275 E/mcu_services( 5512): MCU2APP : [ff fe fd 03 01 b0 50 e1 ff ]
02-19 21:12:19.276 D/K706RadioManager(17578): IMcuListener.onTransact: code=1 flags=16
02-19 21:12:19.277 D/K706RadioManager(17578): >>> IMcuListener.onMcuInfoChanged received! data=B0 50 
02-19 21:12:19.277 D/K706RadioManager(17578): MCU[0xB0] len=2 : B0 50 
02-19 21:12:19.277 D/K706RadioManager(17578): TunerInfo: flags=0x50 save=false AS=false finish=true valid=false ST=true LOC=false seek=false scan=false
02-19 21:12:19.279 D/TunerPresenter(15794): handleTunerRawData: b0 50 
02-19 21:12:19.279 D/TunerManagerForExt(15794): FMRadio main (TunerManagerForExt.java:108) onTunerInfoChanged: onTunerInfoChanged - flag: 80 - asFlag: 0 - psFlag: 0 - scanFlag: 0 - seekFlag: 0 - mStFlag: 1 - mLocFlag: 0 - mIsSearching: true - mTempSearching: false
02-19 21:12:19.279 D/TunerManagerForExt(15794): FMRadio main (TunerManagerForExt.java:118) onTunerInfoChanged: mIsSearching: false - mTempSearching: false - asFlag: 0 - seekFlag: 0
02-19 21:12:20.170 E/mcu_services( 5512): MCU2APP : [ff fe fd 03 01 29 6d 45 ff ]
02-19 21:12:20.172 D/K706RadioManager(17578): IMcuListener.onTransact: code=1 flags=16
02-19 21:12:20.172 D/K706RadioManager(17578): >>> IMcuListener.onMcuInfoChanged received! data=29 6D 
02-19 21:12:20.173 D/K706RadioManager(17578): MCU[0x29] len=2 : 29 6D 
02-19 21:12:20.173 D/K706RadioManager(17578): Unknown MCU packet type: 0x29
02-19 21:12:22.159 E/mcu_services( 5512): MCU2APP : [ff fe fd 03 01 29 6d 45 ff ]
02-19 21:12:22.161 D/K706RadioManager(17578): IMcuListener.onTransact: code=1 flags=16
02-19 21:12:22.162 D/K706RadioManager(17578): >>> IMcuListener.onMcuInfoChanged received! data=29 6D 
02-19 21:12:22.163 D/K706RadioManager(17578): MCU[0x29] len=2 : 29 6D 
02-19 21:12:22.163 D/K706RadioManager(17578): Unknown MCU packet type: 0x29
02-19 21:12:24.148 E/mcu_services( 5512): MCU2APP : [ff fe fd 03 01 29 6d 45 ff ]
02-19 21:12:24.150 D/K706RadioManager(17578): IMcuListener.onTransact: code=1 flags=16
02-19 21:12:24.151 D/K706RadioManager(17578): >>> IMcuListener.onMcuInfoChanged received! data=29 6D 
02-19 21:12:24.152 D/K706RadioManager(17578): MCU[0x29] len=2 : 29 6D 
02-19 21:12:24.152 D/K706RadioManager(17578): Unknown MCU packet type: 0x29
02-19 21:12:26.136 E/mcu_services( 5512): MCU2APP : [ff fe fd 03 01 29 6d 45 ff ]
02-19 21:12:26.138 D/K706RadioManager(17578): IMcuListener.onTransact: code=1 flags=16
02-19 21:12:26.139 D/K706RadioManager(17578): >>> IMcuListener.onMcuInfoChanged received! data=29 6D 
02-19 21:12:26.139 D/K706RadioManager(17578): MCU[0x29] len=2 : 29 6D 
02-19 21:12:26.140 D/K706RadioManager(17578): Unknown MCU packet type: 0x29
02-19 21:12:28.125 E/mcu_services( 5512): MCU2APP : [ff fe fd 03 01 29 6d 45 ff ]
02-19 21:12:28.128 D/K706RadioManager(17578): IMcuListener.onTransact: code=1 flags=16
02-19 21:12:28.129 D/K706RadioManager(17578): >>> IMcuListener.onMcuInfoChanged received! data=29 6D 
02-19 21:12:28.129 D/K706RadioManager(17578): MCU[0x29] len=2 : 29 6D 
02-19 21:12:28.129 D/K706RadioManager(17578): Unknown MCU packet type: 0x29
02-19 21:12:30.114 E/mcu_services( 5512): MCU2APP : [ff fe fd 03 01 29 6d 45 ff ]
02-19 21:12:30.116 D/K706RadioManager(17578): IMcuListener.onTransact: code=1 flags=16
02-19 21:12:30.117 D/K706RadioManager(17578): >>> IMcuListener.onMcuInfoChanged received! data=29 6D 
02-19 21:12:30.118 D/K706RadioManager(17578): MCU[0x29] len=2 : 29 6D 
02-19 21:12:30.118 D/K706RadioManager(17578): Unknown MCU packet type: 0x29
02-19 21:12:32.102 E/mcu_services( 5512): MCU2APP : [ff fe fd 03 01 29 6d 45 ff ]
02-19 21:12:32.104 D/K706RadioManager(17578): IMcuListener.onTransact: code=1 flags=16
02-19 21:12:32.105 D/K706RadioManager(17578): >>> IMcuListener.onMcuInfoChanged received! data=29 6D 
02-19 21:12:32.106 D/K706RadioManager(17578): MCU[0x29] len=2 : 29 6D 
02-19 21:12:32.106 D/K706RadioManager(17578): Unknown MCU packet type: 0x29
02-19 21:12:32.652 E/mcu_services( 5512): APP2MCU - writeToUartNormal : [ff fd fe 05 01 a0 01 00 00 a0 ff ]
02-19 21:12:32.654 D/K706RadioManager(17578): CMD Enviado: sub=0x01 p1=0x00 p2=0x00
02-19 21:12:32.654 D/K706RadioManager(17578): Seek UP iniciado
02-19 21:12:32.725 E/mcu_services( 5512): MCU2APP : [ff fe fd 12 01 b1 00 00 27 01 22 38 23 32 23 aa 23 be 24 04 24 36 bb ff ]
02-19 21:12:32.725 E/mcu_services( 5512): MCU2APP : [ff fe fd 03 01 b0 58 e9 ff ]
02-19 21:12:32.727 D/K706RadioManager(17578): IMcuListener.onTransact: code=1 flags=16
02-19 21:12:32.730 D/K706RadioManager(17578): >>> IMcuListener.onMcuInfoChanged received! data=B1 00 00 27 01 22 38 23 32 23 AA 23 BE 24 04 24 36 
02-19 21:12:32.732 D/K706RadioManager(17578): MCU[0xB1] len=17 : B1 00 00 27 01 22 38 23 32 23 AA 23 BE 24 04 24 36 
02-19 21:12:32.732 D/K706RadioManager(17578): PresetList: band=0 presetIdx=0 currentFreq=9985 firstFreq=9985 (offset=3)
02-19 21:12:32.732 D/K706RadioManager(17578): >>> FREQ: 99800 -> 99850 (MCU=9985, 99,85 MHz)
02-19 21:12:32.735 D/TunerPresenter(15794): handleTunerRawData: b1 0 0 27 1 22 38 23 32 23 aa 23 be 24 4 24 36 
02-19 21:12:32.736 D/TunerManagerForExt(15794): FMRadio main (TunerManagerForExt.java:147) onTunerPresetListChanged:  - mBand: 0 - mPresetIndex: 0 - mFrequency: 9985 - index: 0 - preset: 8760 - index: 1 - preset: 9010 - index: 2 - preset: 9130 - index: 3 - preset: 9150 - index: 4 - preset: 9220 - index: 5 - preset: 9270
02-19 21:12:32.742 D/K706RadioManager(17578): IMcuListener.onTransact: code=1 flags=16
02-19 21:12:32.743 D/K706RadioManager(17578): >>> IMcuListener.onMcuInfoChanged received! data=B0 58 
02-19 21:12:32.743 D/K706RadioManager(17578): MCU[0xB0] len=2 : B0 58 
02-19 21:12:32.743 D/K706RadioManager(17578): TunerInfo: flags=0x58 save=false AS=true finish=true valid=false ST=true LOC=false seek=false scan=false
02-19 21:12:32.756 D/TunerPresenter(15794): handleTunerRawData: b0 58 
02-19 21:12:32.757 D/TunerManagerForExt(15794): FMRadio main (TunerManagerForExt.java:108) onTunerInfoChanged: onTunerInfoChanged - flag: 88 - asFlag: 0 - psFlag: 0 - scanFlag: 0 - seekFlag: 1 - mStFlag: 1 - mLocFlag: 0 - mIsSearching: false - mTempSearching: false
02-19 21:12:32.757 D/TunerManagerForExt(15794): FMRadio main (TunerManagerForExt.java:118) onTunerInfoChanged: mIsSearching: true - mTempSearching: false - asFlag: 0 - seekFlag: 1
02-19 21:12:32.771 E/mcu_services( 5512): MCU2APP : [ff fe fd 12 01 b1 00 00 27 06 22 38 23 32 23 aa 23 be 24 04 24 36 bc ff ]
02-19 21:12:32.773 D/K706RadioManager(17578): IMcuListener.onTransact: code=1 flags=16
02-19 21:12:32.775 D/K706RadioManager(17578): >>> IMcuListener.onMcuInfoChanged received! data=B1 00 00 27 06 22 38 23 32 23 AA 23 BE 24 04 24 36 
02-19 21:12:32.777 D/K706RadioManager(17578): MCU[0xB1] len=17 : B1 00 00 27 06 22 38 23 32 23 AA 23 BE 24 04 24 36 
02-19 21:12:32.777 D/K706RadioManager(17578): PresetList: band=0 presetIdx=0 currentFreq=9990 firstFreq=9990 (offset=3)
02-19 21:12:32.777 D/K706RadioManager(17578): >>> FREQ: 99850 -> 99900 (MCU=9990, 99,90 MHz)
02-19 21:12:32.779 D/TunerPresenter(15794): handleTunerRawData: b1 0 0 27 6 22 38 23 32 23 aa 23 be 24 4 24 36 
02-19 21:12:32.783 D/TunerManagerForExt(15794): FMRadio main (TunerManagerForExt.java:147) onTunerPresetListChanged:  - mBand: 0 - mPresetIndex: 0 - mFrequency: 9990 - index: 0 - preset: 8760 - index: 1 - preset: 9010 - index: 2 - preset: 9130 - index: 3 - preset: 9150 - index: 4 - preset: 9220 - index: 5 - preset: 9270
02-19 21:12:32.820 E/mcu_services( 5512): MCU2APP : [ff fe fd 12 01 b1 00 00 27 0b 22 38 23 32 23 aa 23 be 24 04 24 36 b1 ff ]
02-19 21:12:32.822 D/K706RadioManager(17578): IMcuListener.onTransact: code=1 flags=16
02-19 21:12:32.824 D/K706RadioManager(17578): >>> IMcuListener.onMcuInfoChanged received! data=B1 00 00 27 0B 22 38 23 32 23 AA 23 BE 24 04 24 36 
02-19 21:12:32.826 D/K706RadioManager(17578): MCU[0xB1] len=17 : B1 00 00 27 0B 22 38 23 32 23 AA 23 BE 24 04 24 36 
02-19 21:12:32.826 D/K706RadioManager(17578): PresetList: band=0 presetIdx=0 currentFreq=9995 firstFreq=9995 (offset=3)
02-19 21:12:32.827 D/K706RadioManager(17578): >>> FREQ: 99900 -> 99950 (MCU=9995, 99,95 MHz)
02-19 21:12:32.830 D/TunerPresenter(15794): handleTunerRawData: b1 0 0 27 b 22 38 23 32 23 aa 23 be 24 4 24 36 
02-19 21:12:32.833 D/TunerManagerForExt(15794): FMRadio main (TunerManagerForExt.java:147) onTunerPresetListChanged:  - mBand: 0 - mPresetIndex: 0 - mFrequency: 9995 - index: 0 - preset: 8760 - index: 1 - preset: 9010 - index: 2 - preset: 9130 - index: 3 - preset: 9150 - index: 4 - preset: 9220 - index: 5 - preset: 9270
02-19 21:12:32.870 E/mcu_services( 5512): MCU2APP : [ff fe fd 12 01 b1 00 00 27 10 22 38 23 32 23 aa 23 be 24 04 24 36 aa ff ]
02-19 21:12:32.871 D/K706RadioManager(17578): IMcuListener.onTransact: code=1 flags=16
02-19 21:12:32.872 D/K706RadioManager(17578): >>> IMcuListener.onMcuInfoChanged received! data=B1 00 00 27 10 22 38 23 32 23 AA 23 BE 24 04 24 36 
02-19 21:12:32.873 D/K706RadioManager(17578): MCU[0xB1] len=17 : B1 00 00 27 10 22 38 23 32 23 AA 23 BE 24 04 24 36 
02-19 21:12:32.873 D/K706RadioManager(17578): PresetList: band=0 presetIdx=0 currentFreq=10000 firstFreq=10000 (offset=3)
02-19 21:12:32.874 D/K706RadioManager(17578): >>> FREQ: 99950 -> 100000 (MCU=10000, 100,00 MHz)
02-19 21:12:32.876 D/TunerPresenter(15794): handleTunerRawData: b1 0 0 27 10 22 38 23 32 23 aa 23 be 24 4 24 36 
02-19 21:12:32.879 D/TunerManagerForExt(15794): FMRadio main (TunerManagerForExt.java:147) onTunerPresetListChanged:  - mBand: 0 - mPresetIndex: 0 - mFrequency: 10000 - index: 0 - preset: 8760 - index: 1 - preset: 9010 - index: 2 - preset: 9130 - index: 3 - preset: 9150 - index: 4 - preset: 9220 - index: 5 - preset: 9270
02-19 21:12:32.920 E/mcu_services( 5512): MCU2APP : [ff fe fd 12 01 b1 00 00 27 15 22 38 23 32 23 aa 23 be 24 04 24 36 af ff ]
02-19 21:12:32.921 D/K706RadioManager(17578): IMcuListener.onTransact: code=1 flags=16
02-19 21:12:32.922 D/K706RadioManager(17578): >>> IMcuListener.onMcuInfoChanged received! data=B1 00 00 27 15 22 38 23 32 23 AA 23 BE 24 04 24 36 
02-19 21:12:32.923 D/K706RadioManager(17578): MCU[0xB1] len=17 : B1 00 00 27 15 22 38 23 32 23 AA 23 BE 24 04 24 36 
02-19 21:12:32.923 D/K706RadioManager(17578): PresetList: band=0 presetIdx=0 currentFreq=10005 firstFreq=10005 (offset=3)
02-19 21:12:32.923 D/K706RadioManager(17578): >>> FREQ: 100000 -> 100050 (MCU=10005, 100,05 MHz)
02-19 21:12:32.925 D/TunerPresenter(15794): handleTunerRawData: b1 0 0 27 15 22 38 23 32 23 aa 23 be 24 4 24 36 
02-19 21:12:32.928 D/TunerManagerForExt(15794): FMRadio main (TunerManagerForExt.java:147) onTunerPresetListChanged:  - mBand: 0 - mPresetIndex: 0 - mFrequency: 10005 - index: 0 - preset: 8760 - index: 1 - preset: 9010 - index: 2 - preset: 9130 - index: 3 - preset: 9150 - index: 4 - preset: 9220 - index: 5 - preset: 9270
02-19 21:12:32.970 E/mcu_services( 5512): MCU2APP : [ff fe fd 12 01 b1 00 00 27 1a 22 38 23 32 23 aa 23 be 24 04 24 36 a0 ff ]
02-19 21:12:32.972 D/K706RadioManager(17578): IMcuListener.onTransact: code=1 flags=16
02-19 21:12:32.973 D/K706RadioManager(17578): >>> IMcuListener.onMcuInfoChanged received! data=B1 00 00 27 1A 22 38 23 32 23 AA 23 BE 24 04 24 36 
02-19 21:12:32.974 D/K706RadioManager(17578): MCU[0xB1] len=17 : B1 00 00 27 1A 22 38 23 32 23 AA 23 BE 24 04 24 36 
02-19 21:12:32.974 D/K706RadioManager(17578): PresetList: band=0 presetIdx=0 currentFreq=10010 firstFreq=10010 (offset=3)
02-19 21:12:32.974 D/K706RadioManager(17578): >>> FREQ: 100050 -> 100100 (MCU=10010, 100,10 MHz)
02-19 21:12:32.976 D/TunerPresenter(15794): handleTunerRawData: b1 0 0 27 1a 22 38 23 32 23 aa 23 be 24 4 24 36 
02-19 21:12:32.979 D/TunerManagerForExt(15794): FMRadio main (TunerManagerForExt.java:147) onTunerPresetListChanged:  - mBand: 0 - mPresetIndex: 0 - mFrequency: 10010 - index: 0 - preset: 8760 - index: 1 - preset: 9010 - index: 2 - preset: 9130 - index: 3 - preset: 9150 - index: 4 - preset: 9220 - index: 5 - preset: 9270
02-19 21:12:33.019 E/mcu_services( 5512): MCU2APP : [ff fe fd 12 01 b1 00 00 27 1f 22 38 23 32 23 aa 23 be 24 04 24 36 a5 ff ]
02-19 21:12:33.021 D/K706RadioManager(17578): IMcuListener.onTransact: code=1 flags=16
02-19 21:12:33.022 D/K706RadioManager(17578): >>> IMcuListener.onMcuInfoChanged received! data=B1 00 00 27 1F 22 38 23 32 23 AA 23 BE 24 04 24 36 
02-19 21:12:33.023 D/K706RadioManager(17578): MCU[0xB1] len=17 : B1 00 00 27 1F 22 38 23 32 23 AA 23 BE 24 04 24 36 
02-19 21:12:33.023 D/K706RadioManager(17578): PresetList: band=0 presetIdx=0 currentFreq=10015 firstFreq=10015 (offset=3)
02-19 21:12:33.024 D/K706RadioManager(17578): >>> FREQ: 100100 -> 100150 (MCU=10015, 100,15 MHz)
02-19 21:12:33.026 D/TunerPresenter(15794): handleTunerRawData: b1 0 0 27 1f 22 38 23 32 23 aa 23 be 24 4 24 36 
02-19 21:12:33.028 D/TunerManagerForExt(15794): FMRadio main (TunerManagerForExt.java:147) onTunerPresetListChanged:  - mBand: 0 - mPresetIndex: 0 - mFrequency: 10015 - index: 0 - preset: 8760 - index: 1 - preset: 9010 - index: 2 - preset: 9130 - index: 3 - preset: 9150 - index: 4 - preset: 9220 - index: 5 - preset: 9270
02-19 21:12:33.069 E/mcu_services( 5512): MCU2APP : [ff fe fd 12 01 b1 00 00 27 24 22 38 23 32 23 aa 23 be 24 04 24 36 9e ff ]
02-19 21:12:33.071 D/K706RadioManager(17578): IMcuListener.onTransact: code=1 flags=16
02-19 21:12:33.072 D/K706RadioManager(17578): >>> IMcuListener.onMcuInfoChanged received! data=B1 00 00 27 24 22 38 23 32 23 AA 23 BE 24 04 24 36 
02-19 21:12:33.073 D/K706RadioManager(17578): MCU[0xB1] len=17 : B1 00 00 27 24 22 38 23 32 23 AA 23 BE 24 04 24 36 
02-19 21:12:33.073 D/K706RadioManager(17578): PresetList: band=0 presetIdx=0 currentFreq=10020 firstFreq=10020 (offset=3)
02-19 21:12:33.073 D/K706RadioManager(17578): >>> FREQ: 100150 -> 100200 (MCU=10020, 100,20 MHz)
02-19 21:12:33.075 D/TunerPresenter(15794): handleTunerRawData: b1 0 0 27 24 22 38 23 32 23 aa 23 be 24 4 24 36 
02-19 21:12:33.078 D/TunerManagerForExt(15794): FMRadio main (TunerManagerForExt.java:147) onTunerPresetListChanged:  - mBand: 0 - mPresetIndex: 0 - mFrequency: 10020 - index: 0 - preset: 8760 - index: 1 - preset: 9010 - index: 2 - preset: 9130 - index: 3 - preset: 9150 - index: 4 - preset: 9220 - index: 5 - preset: 9270
02-19 21:12:33.119 E/mcu_services( 5512): MCU2APP : [ff fe fd 12 01 b1 00 00 27 29 22 38 23 32 23 aa 23 be 24 04 24 36 93 ff ]
02-19 21:12:33.121 D/K706RadioManager(17578): IMcuListener.onTransact: code=1 flags=16
02-19 21:12:33.122 D/K706RadioManager(17578): >>> IMcuListener.onMcuInfoChanged received! data=B1 00 00 27 29 22 38 23 32 23 AA 23 BE 24 04 24 36 
02-19 21:12:33.141 D/K706RadioManager(17578): MCU[0xB1] len=17 : B1 00 00 27 29 22 38 23 32 23 AA 23 BE 24 04 24 36 
02-19 21:12:33.141 D/K706RadioManager(17578): PresetList: band=0 presetIdx=0 currentFreq=10025 firstFreq=10025 (offset=3)
02-19 21:12:33.141 D/K706RadioManager(17578): >>> FREQ: 100200 -> 100250 (MCU=10025, 100,25 MHz)
02-19 21:12:33.144 D/TunerPresenter(15794): handleTunerRawData: b1 0 0 27 29 22 38 23 32 23 aa 23 be 24 4 24 36 
02-19 21:12:33.147 D/TunerManagerForExt(15794): FMRadio main (TunerManagerForExt.java:147) onTunerPresetListChanged:  - mBand: 0 - mPresetIndex: 0 - mFrequency: 10025 - index: 0 - preset: 8760 - index: 1 - preset: 9010 - index: 2 - preset: 9130 - index: 3 - preset: 9150 - index: 4 - preset: 9220 - index: 5 - preset: 9270
02-19 21:12:33.168 E/mcu_services( 5512): MCU2APP : [ff fe fd 12 01 b1 00 00 27 2e 22 38 23 32 23 aa 23 be 24 04 24 36 94 ff ]
02-19 21:12:33.170 D/K706RadioManager(17578): IMcuListener.onTransact: code=1 flags=16
02-19 21:12:33.171 D/K706RadioManager(17578): >>> IMcuListener.onMcuInfoChanged received! data=B1 00 00 27 2E 22 38 23 32 23 AA 23 BE 24 04 24 36 
02-19 21:12:33.172 D/K706RadioManager(17578): MCU[0xB1] len=17 : B1 00 00 27 2E 22 38 23 32 23 AA 23 BE 24 04 24 36 
02-19 21:12:33.172 D/K706RadioManager(17578): PresetList: band=0 presetIdx=0 currentFreq=10030 firstFreq=10030 (offset=3)
02-19 21:12:33.172 D/K706RadioManager(17578): >>> FREQ: 100250 -> 100300 (MCU=10030, 100,30 MHz)
02-19 21:12:33.176 D/TunerPresenter(15794): handleTunerRawData: b1 0 0 27 2e 22 38 23 32 23 aa 23 be 24 4 24 36 
02-19 21:12:33.180 D/TunerManagerForExt(15794): FMRadio main (TunerManagerForExt.java:147) onTunerPresetListChanged:  - mBand: 0 - mPresetIndex: 0 - mFrequency: 10030 - index: 0 - preset: 8760 - index: 1 - preset: 9010 - index: 2 - preset: 9130 - index: 3 - preset: 9150 - index: 4 - preset: 9220 - index: 5 - preset: 9270
02-19 21:12:33.218 E/mcu_services( 5512): MCU2APP : [ff fe fd 12 01 b1 00 00 27 33 22 38 23 32 23 aa 23 be 24 04 24 36 89 ff ]
02-19 21:12:33.220 D/K706RadioManager(17578): IMcuListener.onTransact: code=1 flags=16
02-19 21:12:33.221 D/K706RadioManager(17578): >>> IMcuListener.onMcuInfoChanged received! data=B1 00 00 27 33 22 38 23 32 23 AA 23 BE 24 04 24 36 
02-19 21:12:33.222 D/K706RadioManager(17578): MCU[0xB1] len=17 : B1 00 00 27 33 22 38 23 32 23 AA 23 BE 24 04 24 36 
02-19 21:12:33.222 D/K706RadioManager(17578): PresetList: band=0 presetIdx=0 currentFreq=10035 firstFreq=10035 (offset=3)
02-19 21:12:33.222 D/K706RadioManager(17578): >>> FREQ: 100300 -> 100350 (MCU=10035, 100,35 MHz)
02-19 21:12:33.224 D/TunerPresenter(15794): handleTunerRawData: b1 0 0 27 33 22 38 23 32 23 aa 23 be 24 4 24 36 
02-19 21:12:33.226 D/TunerManagerForExt(15794): FMRadio main (TunerManagerForExt.java:147) onTunerPresetListChanged:  - mBand: 0 - mPresetIndex: 0 - mFrequency: 10035 - index: 0 - preset: 8760 - index: 1 - preset: 9010 - index: 2 - preset: 9130 - index: 3 - preset: 9150 - index: 4 - preset: 9220 - index: 5 - preset: 9270
02-19 21:12:33.268 E/mcu_services( 5512): MCU2APP : [ff fe fd 12 01 b1 00 00 27 38 22 38 23 32 23 aa 23 be 24 04 24 36 82 ff ]
02-19 21:12:33.270 D/K706RadioManager(17578): IMcuListener.onTransact: code=1 flags=16
02-19 21:12:33.271 D/K706RadioManager(17578): >>> IMcuListener.onMcuInfoChanged received! data=B1 00 00 27 38 22 38 23 32 23 AA 23 BE 24 04 24 36 
02-19 21:12:33.272 D/K706RadioManager(17578): MCU[0xB1] len=17 : B1 00 00 27 38 22 38 23 32 23 AA 23 BE 24 04 24 36 
02-19 21:12:33.272 D/K706RadioManager(17578): PresetList: band=0 presetIdx=0 currentFreq=10040 firstFreq=10040 (offset=3)
02-19 21:12:33.272 D/K706RadioManager(17578): >>> FREQ: 100350 -> 100400 (MCU=10040, 100,40 MHz)
02-19 21:12:33.275 D/TunerPresenter(15794): handleTunerRawData: b1 0 0 27 38 22 38 23 32 23 aa 23 be 24 4 24 36 
02-19 21:12:33.278 D/TunerManagerForExt(15794): FMRadio main (TunerManagerForExt.java:147) onTunerPresetListChanged:  - mBand: 0 - mPresetIndex: 0 - mFrequency: 10040 - index: 0 - preset: 8760 - index: 1 - preset: 9010 - index: 2 - preset: 9130 - index: 3 - preset: 9150 - index: 4 - preset: 9220 - index: 5 - preset: 9270
02-19 21:12:33.318 E/mcu_services( 5512): MCU2APP : [ff fe fd 12 01 b1 00 00 27 3d 22 38 23 32 23 aa 23 be 24 04 24 36 87 ff ]
02-19 21:12:33.320 D/K706RadioManager(17578): IMcuListener.onTransact: code=1 flags=16
02-19 21:12:33.321 D/K706RadioManager(17578): >>> IMcuListener.onMcuInfoChanged received! data=B1 00 00 27 3D 22 38 23 32 23 AA 23 BE 24 04 24 36 
02-19 21:12:33.322 D/K706RadioManager(17578): MCU[0xB1] len=17 : B1 00 00 27 3D 22 38 23 32 23 AA 23 BE 24 04 24 36 
02-19 21:12:33.322 D/K706RadioManager(17578): PresetList: band=0 presetIdx=0 currentFreq=10045 firstFreq=10045 (offset=3)
02-19 21:12:33.323 D/K706RadioManager(17578): >>> FREQ: 100400 -> 100450 (MCU=10045, 100,45 MHz)
02-19 21:12:33.325 D/TunerPresenter(15794): handleTunerRawData: b1 0 0 27 3d 22 38 23 32 23 aa 23 be 24 4 24 36 
02-19 21:12:33.327 D/TunerManagerForExt(15794): FMRadio main (TunerManagerForExt.java:147) onTunerPresetListChanged:  - mBand: 0 - mPresetIndex: 0 - mFrequency: 10045 - index: 0 - preset: 8760 - index: 1 - preset: 9010 - index: 2 - preset: 9130 - index: 3 - preset: 9150 - index: 4 - preset: 9220 - index: 5 - preset: 9270
02-19 21:12:33.367 E/mcu_services( 5512): MCU2APP : [ff fe fd 12 01 b1 00 00 27 42 22 38 23 32 23 aa 23 be 24 04 24 36 f8 ff ]
02-19 21:12:33.370 D/K706RadioManager(17578): IMcuListener.onTransact: code=1 flags=16
02-19 21:12:33.371 D/K706RadioManager(17578): >>> IMcuListener.onMcuInfoChanged received! data=B1 00 00 27 42 22 38 23 32 23 AA 23 BE 24 04 24 36 
02-19 21:12:33.373 D/K706RadioManager(17578): MCU[0xB1] len=17 : B1 00 00 27 42 22 38 23 32 23 AA 23 BE 24 04 24 36 
02-19 21:12:33.373 D/K706RadioManager(17578): PresetList: band=0 presetIdx=0 currentFreq=10050 firstFreq=10050 (offset=3)
02-19 21:12:33.374 D/K706RadioManager(17578): >>> FREQ: 100450 -> 100500 (MCU=10050, 100,50 MHz)
02-19 21:12:33.376 D/TunerPresenter(15794): handleTunerRawData: b1 0 0 27 42 22 38 23 32 23 aa 23 be 24 4 24 36 
02-19 21:12:33.379 D/TunerManagerForExt(15794): FMRadio main (TunerManagerForExt.java:147) onTunerPresetListChanged:  - mBand: 0 - mPresetIndex: 0 - mFrequency: 10050 - index: 0 - preset: 8760 - index: 1 - preset: 9010 - index: 2 - preset: 9130 - index: 3 - preset: 9150 - index: 4 - preset: 9220 - index: 5 - preset: 9270
02-19 21:12:33.417 E/mcu_services( 5512): MCU2APP : [ff fe fd 12 01 b1 00 00 27 47 22 38 23 32 23 aa 23 be 24 04 24 36 fd ff ]
02-19 21:12:33.419 D/K706RadioManager(17578): IMcuListener.onTransact: code=1 flags=16
02-19 21:12:33.421 D/K706RadioManager(17578): >>> IMcuListener.onMcuInfoChanged received! data=B1 00 00 27 47 22 38 23 32 23 AA 23 BE 24 04 24 36 
02-19 21:12:33.423 D/K706RadioManager(17578): MCU[0xB1] len=17 : B1 00 00 27 47 22 38 23 32 23 AA 23 BE 24 04 24 36 
02-19 21:12:33.424 D/K706RadioManager(17578): PresetList: band=0 presetIdx=0 currentFreq=10055 firstFreq=10055 (offset=3)
02-19 21:12:33.424 D/K706RadioManager(17578): >>> FREQ: 100500 -> 100550 (MCU=10055, 100,55 MHz)
02-19 21:12:33.426 D/TunerPresenter(15794): handleTunerRawData: b1 0 0 27 47 22 38 23 32 23 aa 23 be 24 4 24 36 
02-19 21:12:33.429 D/TunerManagerForExt(15794): FMRadio main (TunerManagerForExt.java:147) onTunerPresetListChanged:  - mBand: 0 - mPresetIndex: 0 - mFrequency: 10055 - index: 0 - preset: 8760 - index: 1 - preset: 9010 - index: 2 - preset: 9130 - index: 3 - preset: 9150 - index: 4 - preset: 9220 - index: 5 - preset: 9270
02-19 21:12:33.467 E/mcu_services( 5512): MCU2APP : [ff fe fd 12 01 b1 00 00 27 4c 22 38 23 32 23 aa 23 be 24 04 24 36 f6 ff ]
02-19 21:12:33.469 D/K706RadioManager(17578): IMcuListener.onTransact: code=1 flags=16
02-19 21:12:33.470 D/K706RadioManager(17578): >>> IMcuListener.onMcuInfoChanged received! data=B1 00 00 27 4C 22 38 23 32 23 AA 23 BE 24 04 24 36 
02-19 21:12:33.471 D/K706RadioManager(17578): MCU[0xB1] len=17 : B1 00 00 27 4C 22 38 23 32 23 AA 23 BE 24 04 24 36 
02-19 21:12:33.471 D/K706RadioManager(17578): PresetList: band=0 presetIdx=0 currentFreq=10060 firstFreq=10060 (offset=3)
02-19 21:12:33.471 D/K706RadioManager(17578): >>> FREQ: 100550 -> 100600 (MCU=10060, 100,60 MHz)
02-19 21:12:33.473 D/TunerPresenter(15794): handleTunerRawData: b1 0 0 27 4c 22 38 23 32 23 aa 23 be 24 4 24 36 
02-19 21:12:33.475 D/TunerManagerForExt(15794): FMRadio main (TunerManagerForExt.java:147) onTunerPresetListChanged:  - mBand: 0 - mPresetIndex: 0 - mFrequency: 10060 - index: 0 - preset: 8760 - index: 1 - preset: 9010 - index: 2 - preset: 9130 - index: 3 - preset: 9150 - index: 4 - preset: 9220 - index: 5 - preset: 9270
02-19 21:12:33.516 E/mcu_services( 5512): MCU2APP : [ff fe fd 12 01 b1 00 00 27 51 22 38 23 32 23 aa 23 be 24 04 24 36 eb ff ]
02-19 21:12:33.519 D/K706RadioManager(17578): IMcuListener.onTransact: code=1 flags=16
02-19 21:12:33.520 D/K706RadioManager(17578): >>> IMcuListener.onMcuInfoChanged received! data=B1 00 00 27 51 22 38 23 32 23 AA 23 BE 24 04 24 36 
02-19 21:12:33.521 D/K706RadioManager(17578): MCU[0xB1] len=17 : B1 00 00 27 51 22 38 23 32 23 AA 23 BE 24 04 24 36 
02-19 21:12:33.521 D/K706RadioManager(17578): PresetList: band=0 presetIdx=0 currentFreq=10065 firstFreq=10065 (offset=3)
02-19 21:12:33.521 D/K706RadioManager(17578): >>> FREQ: 100600 -> 100650 (MCU=10065, 100,65 MHz)
02-19 21:12:33.523 D/TunerPresenter(15794): handleTunerRawData: b1 0 0 27 51 22 38 23 32 23 aa 23 be 24 4 24 36 
02-19 21:12:33.526 D/TunerManagerForExt(15794): FMRadio main (TunerManagerForExt.java:147) onTunerPresetListChanged:  - mBand: 0 - mPresetIndex: 0 - mFrequency: 10065 - index: 0 - preset: 8760 - index: 1 - preset: 9010 - index: 2 - preset: 9130 - index: 3 - preset: 9150 - index: 4 - preset: 9220 - index: 5 - preset: 9270
02-19 21:12:33.566 E/mcu_services( 5512): MCU2APP : [ff fe fd 12 01 b1 00 00 27 56 22 38 23 32 23 aa 23 be 24 04 24 36 ec ff ]
02-19 21:12:33.568 D/K706RadioManager(17578): IMcuListener.onTransact: code=1 flags=16
02-19 21:12:33.570 D/K706RadioManager(17578): >>> IMcuListener.onMcuInfoChanged received! data=B1 00 00 27 56 22 38 23 32 23 AA 23 BE 24 04 24 36 
02-19 21:12:33.571 D/K706RadioManager(17578): MCU[0xB1] len=17 : B1 00 00 27 56 22 38 23 32 23 AA 23 BE 24 04 24 36 
02-19 21:12:33.571 D/K706RadioManager(17578): PresetList: band=0 presetIdx=0 currentFreq=10070 firstFreq=10070 (offset=3)
02-19 21:12:33.571 D/K706RadioManager(17578): >>> FREQ: 100650 -> 100700 (MCU=10070, 100,70 MHz)
02-19 21:12:33.573 D/TunerPresenter(15794): handleTunerRawData: b1 0 0 27 56 22 38 23 32 23 aa 23 be 24 4 24 36 
02-19 21:12:33.575 D/TunerManagerForExt(15794): FMRadio main (TunerManagerForExt.java:147) onTunerPresetListChanged:  - mBand: 0 - mPresetIndex: 0 - mFrequency: 10070 - index: 0 - preset: 8760 - index: 1 - preset: 9010 - index: 2 - preset: 9130 - index: 3 - preset: 9150 - index: 4 - preset: 9220 - index: 5 - preset: 9270
02-19 21:12:33.616 E/mcu_services( 5512): MCU2APP : [ff fe fd 12 01 b1 00 00 27 5b 22 38 23 32 23 aa 23 be 24 04 24 36 e1 ff ]
02-19 21:12:33.618 D/K706RadioManager(17578): IMcuListener.onTransact: code=1 flags=16
02-19 21:12:33.619 D/K706RadioManager(17578): >>> IMcuListener.onMcuInfoChanged received! data=B1 00 00 27 5B 22 38 23 32 23 AA 23 BE 24 04 24 36 
02-19 21:12:33.620 D/K706RadioManager(17578): MCU[0xB1] len=17 : B1 00 00 27 5B 22 38 23 32 23 AA 23 BE 24 04 24 36 
02-19 21:12:33.620 D/K706RadioManager(17578): PresetList: band=0 presetIdx=0 currentFreq=10075 firstFreq=10075 (offset=3)
02-19 21:12:33.620 D/K706RadioManager(17578): >>> FREQ: 100700 -> 100750 (MCU=10075, 100,75 MHz)
02-19 21:12:33.622 D/TunerPresenter(15794): handleTunerRawData: b1 0 0 27 5b 22 38 23 32 23 aa 23 be 24 4 24 36 
02-19 21:12:33.625 D/TunerManagerForExt(15794): FMRadio main (TunerManagerForExt.java:147) onTunerPresetListChanged:  - mBand: 0 - mPresetIndex: 0 - mFrequency: 10075 - index: 0 - preset: 8760 - index: 1 - preset: 9010 - index: 2 - preset: 9130 - index: 3 - preset: 9150 - index: 4 - preset: 9220 - index: 5 - preset: 9270
02-19 21:12:33.666 E/mcu_services( 5512): MCU2APP : [ff fe fd 12 01 b1 00 00 27 60 22 38 23 32 23 aa 23 be 24 04 24 36 da ff ]
02-19 21:12:33.668 D/K706RadioManager(17578): IMcuListener.onTransact: code=1 flags=16
02-19 21:12:33.670 D/K706RadioManager(17578): >>> IMcuListener.onMcuInfoChanged received! data=B1 00 00 27 60 22 38 23 32 23 AA 23 BE 24 04 24 36 
02-19 21:12:33.672 D/K706RadioManager(17578): MCU[0xB1] len=17 : B1 00 00 27 60 22 38 23 32 23 AA 23 BE 24 04 24 36 
02-19 21:12:33.672 D/K706RadioManager(17578): PresetList: band=0 presetIdx=0 currentFreq=10080 firstFreq=10080 (offset=3)
02-19 21:12:33.672 D/K706RadioManager(17578): >>> FREQ: 100750 -> 100800 (MCU=10080, 100,80 MHz)
02-19 21:12:33.675 D/TunerPresenter(15794): handleTunerRawData: b1 0 0 27 60 22 38 23 32 23 aa 23 be 24 4 24 36 
02-19 21:12:33.678 D/TunerManagerForExt(15794): FMRadio main (TunerManagerForExt.java:147) onTunerPresetListChanged:  - mBand: 0 - mPresetIndex: 0 - mFrequency: 10080 - index: 0 - preset: 8760 - index: 1 - preset: 9010 - index: 2 - preset: 9130 - index: 3 - preset: 9150 - index: 4 - preset: 9220 - index: 5 - preset: 9270
02-19 21:12:33.716 E/mcu_services( 5512): MCU2APP : [ff fe fd 12 01 b1 00 00 27 65 22 38 23 32 23 aa 23 be 24 04 24 36 df ff ]
02-19 21:12:33.718 D/K706RadioManager(17578): IMcuListener.onTransact: code=1 flags=16
02-19 21:12:33.720 D/K706RadioManager(17578): >>> IMcuListener.onMcuInfoChanged received! data=B1 00 00 27 65 22 38 23 32 23 AA 23 BE 24 04 24 36 
02-19 21:12:33.723 D/K706RadioManager(17578): MCU[0xB1] len=17 : B1 00 00 27 65 22 38 23 32 23 AA 23 BE 24 04 24 36 
02-19 21:12:33.723 D/K706RadioManager(17578): PresetList: band=0 presetIdx=0 currentFreq=10085 firstFreq=10085 (offset=3)
02-19 21:12:33.723 D/K706RadioManager(17578): >>> FREQ: 100800 -> 100850 (MCU=10085, 100,85 MHz)
02-19 21:12:33.725 D/TunerPresenter(15794): handleTunerRawData: b1 0 0 27 65 22 38 23 32 23 aa 23 be 24 4 24 36 
02-19 21:12:33.727 D/TunerManagerForExt(15794): FMRadio main (TunerManagerForExt.java:147) onTunerPresetListChanged:  - mBand: 0 - mPresetIndex: 0 - mFrequency: 10085 - index: 0 - preset: 8760 - index: 1 - preset: 9010 - index: 2 - preset: 9130 - index: 3 - preset: 9150 - index: 4 - preset: 9220 - index: 5 - preset: 9270
02-19 21:12:33.765 E/mcu_services( 5512): MCU2APP : [ff fe fd 12 01 b1 00 00 27 6a 22 38 23 32 23 aa 23 be 24 04 24 36 d0 ff ]
02-19 21:12:33.766 D/K706RadioManager(17578): IMcuListener.onTransact: code=1 flags=16
02-19 21:12:33.768 D/K706RadioManager(17578): >>> IMcuListener.onMcuInfoChanged received! data=B1 00 00 27 6A 22 38 23 32 23 AA 23 BE 24 04 24 36 
02-19 21:12:33.769 D/K706RadioManager(17578): MCU[0xB1] len=17 : B1 00 00 27 6A 22 38 23 32 23 AA 23 BE 24 04 24 36 
02-19 21:12:33.769 D/K706RadioManager(17578): PresetList: band=0 presetIdx=0 currentFreq=10090 firstFreq=10090 (offset=3)
02-19 21:12:33.769 D/K706RadioManager(17578): >>> FREQ: 100850 -> 100900 (MCU=10090, 100,90 MHz)
02-19 21:12:33.771 D/TunerPresenter(15794): handleTunerRawData: b1 0 0 27 6a 22 38 23 32 23 aa 23 be 24 4 24 36 
02-19 21:12:33.774 D/TunerManagerForExt(15794): FMRadio main (TunerManagerForExt.java:147) onTunerPresetListChanged:  - mBand: 0 - mPresetIndex: 0 - mFrequency: 10090 - index: 0 - preset: 8760 - index: 1 - preset: 9010 - index: 2 - preset: 9130 - index: 3 - preset: 9150 - index: 4 - preset: 9220 - index: 5 - preset: 9270
02-19 21:12:33.815 E/mcu_services( 5512): MCU2APP : [ff fe fd 12 01 b1 00 00 27 6f 22 38 23 32 23 aa 23 be 24 04 24 36 d5 ff ]
02-19 21:12:33.816 D/K706RadioManager(17578): IMcuListener.onTransact: code=1 flags=16
02-19 21:12:33.817 D/K706RadioManager(17578): >>> IMcuListener.onMcuInfoChanged received! data=B1 00 00 27 6F 22 38 23 32 23 AA 23 BE 24 04 24 36 
02-19 21:12:33.818 D/K706RadioManager(17578): MCU[0xB1] len=17 : B1 00 00 27 6F 22 38 23 32 23 AA 23 BE 24 04 24 36 
02-19 21:12:33.818 D/K706RadioManager(17578): PresetList: band=0 presetIdx=0 currentFreq=10095 firstFreq=10095 (offset=3)
02-19 21:12:33.820 D/K706RadioManager(17578): >>> FREQ: 100900 -> 100950 (MCU=10095, 100,95 MHz)
02-19 21:12:33.821 D/TunerPresenter(15794): handleTunerRawData: b1 0 0 27 6f 22 38 23 32 23 aa 23 be 24 4 24 36 
02-19 21:12:33.824 D/TunerManagerForExt(15794): FMRadio main (TunerManagerForExt.java:147) onTunerPresetListChanged:  - mBand: 0 - mPresetIndex: 0 - mFrequency: 10095 - index: 0 - preset: 8760 - index: 1 - preset: 9010 - index: 2 - preset: 9130 - index: 3 - preset: 9150 - index: 4 - preset: 9220 - index: 5 - preset: 9270
02-19 21:12:33.864 E/mcu_services( 5512): MCU2APP : [ff fe fd 12 01 b1 00 00 27 74 22 38 23 32 23 aa 23 be 24 04 24 36 ce ff ]
02-19 21:12:33.866 D/K706RadioManager(17578): IMcuListener.onTransact: code=1 flags=16
02-19 21:12:33.867 D/K706RadioManager(17578): >>> IMcuListener.onMcuInfoChanged received! data=B1 00 00 27 74 22 38 23 32 23 AA 23 BE 24 04 24 36 
02-19 21:12:33.868 D/K706RadioManager(17578): MCU[0xB1] len=17 : B1 00 00 27 74 22 38 23 32 23 AA 23 BE 24 04 24 36 
02-19 21:12:33.868 D/K706RadioManager(17578): PresetList: band=0 presetIdx=0 currentFreq=10100 firstFreq=10100 (offset=3)
02-19 21:12:33.869 D/K706RadioManager(17578): >>> FREQ: 100950 -> 101000 (MCU=10100, 101,00 MHz)
02-19 21:12:33.871 D/TunerPresenter(15794): handleTunerRawData: b1 0 0 27 74 22 38 23 32 23 aa 23 be 24 4 24 36 
02-19 21:12:33.873 D/TunerManagerForExt(15794): FMRadio main (TunerManagerForExt.java:147) onTunerPresetListChanged:  - mBand: 0 - mPresetIndex: 0 - mFrequency: 10100 - index: 0 - preset: 8760 - index: 1 - preset: 9010 - index: 2 - preset: 9130 - index: 3 - preset: 9150 - index: 4 - preset: 9220 - index: 5 - preset: 9270
02-19 21:12:33.914 E/mcu_services( 5512): MCU2APP : [ff fe fd 12 01 b1 00 00 27 79 22 38 23 32 23 aa 23 be 24 04 24 36 c3 ff ]
02-19 21:12:33.916 D/K706RadioManager(17578): IMcuListener.onTransact: code=1 flags=16
02-19 21:12:33.917 D/K706RadioManager(17578): >>> IMcuListener.onMcuInfoChanged received! data=B1 00 00 27 79 22 38 23 32 23 AA 23 BE 24 04 24 36 
02-19 21:12:33.918 D/K706RadioManager(17578): MCU[0xB1] len=17 : B1 00 00 27 79 22 38 23 32 23 AA 23 BE 24 04 24 36 
02-19 21:12:33.918 D/K706RadioManager(17578): PresetList: band=0 presetIdx=0 currentFreq=10105 firstFreq=10105 (offset=3)
02-19 21:12:33.919 D/K706RadioManager(17578): >>> FREQ: 101000 -> 101050 (MCU=10105, 101,05 MHz)
02-19 21:12:33.921 D/TunerPresenter(15794): handleTunerRawData: b1 0 0 27 79 22 38 23 32 23 aa 23 be 24 4 24 36 
02-19 21:12:33.926 D/TunerManagerForExt(15794): FMRadio main (TunerManagerForExt.java:147) onTunerPresetListChanged:  - mBand: 0 - mPresetIndex: 0 - mFrequency: 10105 - index: 0 - preset: 8760 - index: 1 - preset: 9010 - index: 2 - preset: 9130 - index: 3 - preset: 9150 - index: 4 - preset: 9220 - index: 5 - preset: 9270
02-19 21:12:33.964 E/mcu_services( 5512): MCU2APP : [ff fe fd 12 01 b1 00 00 27 7e 22 38 23 32 23 aa 23 be 24 04 24 36 c4 ff ]
02-19 21:12:33.966 D/K706RadioManager(17578): IMcuListener.onTransact: code=1 flags=16
02-19 21:12:33.967 D/K706RadioManager(17578): >>> IMcuListener.onMcuInfoChanged received! data=B1 00 00 27 7E 22 38 23 32 23 AA 23 BE 24 04 24 36 
02-19 21:12:33.968 D/K706RadioManager(17578): MCU[0xB1] len=17 : B1 00 00 27 7E 22 38 23 32 23 AA 23 BE 24 04 24 36 
02-19 21:12:33.968 D/K706RadioManager(17578): PresetList: band=0 presetIdx=0 currentFreq=10110 firstFreq=10110 (offset=3)
02-19 21:12:33.968 D/K706RadioManager(17578): >>> FREQ: 101050 -> 101100 (MCU=10110, 101,10 MHz)
02-19 21:12:33.970 D/TunerPresenter(15794): handleTunerRawData: b1 0 0 27 7e 22 38 23 32 23 aa 23 be 24 4 24 36 
02-19 21:12:33.974 D/TunerManagerForExt(15794): FMRadio main (TunerManagerForExt.java:147) onTunerPresetListChanged:  - mBand: 0 - mPresetIndex: 0 - mFrequency: 10110 - index: 0 - preset: 8760 - index: 1 - preset: 9010 - index: 2 - preset: 9130 - index: 3 - preset: 9150 - index: 4 - preset: 9220 - index: 5 - preset: 9270
02-19 21:12:34.014 E/mcu_services( 5512): MCU2APP : [ff fe fd 12 01 b1 00 00 27 83 22 38 23 32 23 aa 23 be 24 04 24 36 39 ff ]
02-19 21:12:34.015 D/K706RadioManager(17578): IMcuListener.onTransact: code=1 flags=16
02-19 21:12:34.017 D/K706RadioManager(17578): >>> IMcuListener.onMcuInfoChanged received! data=B1 00 00 27 83 22 38 23 32 23 AA 23 BE 24 04 24 36 
02-19 21:12:34.018 D/K706RadioManager(17578): MCU[0xB1] len=17 : B1 00 00 27 83 22 38 23 32 23 AA 23 BE 24 04 24 36 
02-19 21:12:34.018 D/K706RadioManager(17578): PresetList: band=0 presetIdx=0 currentFreq=10115 firstFreq=10115 (offset=3)
02-19 21:12:34.018 D/K706RadioManager(17578): >>> FREQ: 101100 -> 101150 (MCU=10115, 101,15 MHz)
02-19 21:12:34.020 D/TunerPresenter(15794): handleTunerRawData: b1 0 0 27 83 22 38 23 32 23 aa 23 be 24 4 24 36 
02-19 21:12:34.023 D/TunerManagerForExt(15794): FMRadio main (TunerManagerForExt.java:147) onTunerPresetListChanged:  - mBand: 0 - mPresetIndex: 0 - mFrequency: 10115 - index: 0 - preset: 8760 - index: 1 - preset: 9010 - index: 2 - preset: 9130 - index: 3 - preset: 9150 - index: 4 - preset: 9220 - index: 5 - preset: 9270
02-19 21:12:34.063 E/mcu_services( 5512): MCU2APP : [ff fe fd 12 01 b1 00 00 27 88 22 38 23 32 23 aa 23 be 24 04 24 36 32 ff ]
02-19 21:12:34.066 D/K706RadioManager(17578): IMcuListener.onTransact: code=1 flags=16
02-19 21:12:34.068 D/K706RadioManager(17578): >>> IMcuListener.onMcuInfoChanged received! data=B1 00 00 27 88 22 38 23 32 23 AA 23 BE 24 04 24 36 
02-19 21:12:34.068 D/K706RadioManager(17578): MCU[0xB1] len=17 : B1 00 00 27 88 22 38 23 32 23 AA 23 BE 24 04 24 36 
02-19 21:12:34.069 D/K706RadioManager(17578): PresetList: band=0 presetIdx=0 currentFreq=10120 firstFreq=10120 (offset=3)
02-19 21:12:34.069 D/K706RadioManager(17578): >>> FREQ: 101150 -> 101200 (MCU=10120, 101,20 MHz)
02-19 21:12:34.070 D/TunerPresenter(15794): handleTunerRawData: b1 0 0 27 88 22 38 23 32 23 aa 23 be 24 4 24 36 
02-19 21:12:34.073 D/TunerManagerForExt(15794): FMRadio main (TunerManagerForExt.java:147) onTunerPresetListChanged:  - mBand: 0 - mPresetIndex: 0 - mFrequency: 10120 - index: 0 - preset: 8760 - index: 1 - preset: 9010 - index: 2 - preset: 9130 - index: 3 - preset: 9150 - index: 4 - preset: 9220 - index: 5 - preset: 9270
02-19 21:12:34.113 E/mcu_services( 5512): MCU2APP : [ff fe fd 12 01 b1 00 00 27 8d 22 38 23 32 23 aa 23 be 24 04 24 36 37 ff ]
02-19 21:12:34.116 D/K706RadioManager(17578): IMcuListener.onTransact: code=1 flags=16
02-19 21:12:34.118 D/K706RadioManager(17578): >>> IMcuListener.onMcuInfoChanged received! data=B1 00 00 27 8D 22 38 23 32 23 AA 23 BE 24 04 24 36 
02-19 21:12:34.121 D/K706RadioManager(17578): MCU[0xB1] len=17 : B1 00 00 27 8D 22 38 23 32 23 AA 23 BE 24 04 24 36 
02-19 21:12:34.121 D/K706RadioManager(17578): PresetList: band=0 presetIdx=0 currentFreq=10125 firstFreq=10125 (offset=3)
02-19 21:12:34.121 D/K706RadioManager(17578): >>> FREQ: 101200 -> 101250 (MCU=10125, 101,25 MHz)
02-19 21:12:34.124 D/TunerPresenter(15794): handleTunerRawData: b1 0 0 27 8d 22 38 23 32 23 aa 23 be 24 4 24 36 
02-19 21:12:34.126 D/TunerManagerForExt(15794): FMRadio main (TunerManagerForExt.java:147) onTunerPresetListChanged:  - mBand: 0 - mPresetIndex: 0 - mFrequency: 10125 - index: 0 - preset: 8760 - index: 1 - preset: 9010 - index: 2 - preset: 9130 - index: 3 - preset: 9150 - index: 4 - preset: 9220 - index: 5 - preset: 9270
02-19 21:12:34.141 E/mcu_services( 5512): MCU2APP : [ff fe fd 03 01 29 6d 45 ff ]
02-19 21:12:34.142 D/K706RadioManager(17578): IMcuListener.onTransact: code=1 flags=16
02-19 21:12:34.143 D/K706RadioManager(17578): >>> IMcuListener.onMcuInfoChanged received! data=29 6D 
02-19 21:12:34.143 D/K706RadioManager(17578): MCU[0x29] len=2 : 29 6D 
02-19 21:12:34.143 D/K706RadioManager(17578): Unknown MCU packet type: 0x29
02-19 21:12:34.163 E/mcu_services( 5512): MCU2APP : [ff fe fd 12 01 b1 00 00 27 92 22 38 23 32 23 aa 23 be 24 04 24 36 28 ff ]
02-19 21:12:34.164 D/K706RadioManager(17578): IMcuListener.onTransact: code=1 flags=16
02-19 21:12:34.165 D/K706RadioManager(17578): >>> IMcuListener.onMcuInfoChanged received! data=B1 00 00 27 92 22 38 23 32 23 AA 23 BE 24 04 24 36 
02-19 21:12:34.166 D/K706RadioManager(17578): MCU[0xB1] len=17 : B1 00 00 27 92 22 38 23 32 23 AA 23 BE 24 04 24 36 
02-19 21:12:34.166 D/K706RadioManager(17578): PresetList: band=0 presetIdx=0 currentFreq=10130 firstFreq=10130 (offset=3)
02-19 21:12:34.166 D/K706RadioManager(17578): >>> FREQ: 101250 -> 101300 (MCU=10130, 101,30 MHz)
02-19 21:12:34.170 D/TunerPresenter(15794): handleTunerRawData: b1 0 0 27 92 22 38 23 32 23 aa 23 be 24 4 24 36 
02-19 21:12:34.172 D/TunerManagerForExt(15794): FMRadio main (TunerManagerForExt.java:147) onTunerPresetListChanged:  - mBand: 0 - mPresetIndex: 0 - mFrequency: 10130 - index: 0 - preset: 8760 - index: 1 - preset: 9010 - index: 2 - preset: 9130 - index: 3 - preset: 9150 - index: 4 - preset: 9220 - index: 5 - preset: 9270
02-19 21:12:34.212 E/mcu_services( 5512): MCU2APP : [ff fe fd 12 01 b1 00 00 27 97 22 38 23 32 23 aa 23 be 24 04 24 36 2d ff ]
02-19 21:12:34.214 D/K706RadioManager(17578): IMcuListener.onTransact: code=1 flags=16
02-19 21:12:34.216 D/K706RadioManager(17578): >>> IMcuListener.onMcuInfoChanged received! data=B1 00 00 27 97 22 38 23 32 23 AA 23 BE 24 04 24 36 
02-19 21:12:34.217 D/K706RadioManager(17578): MCU[0xB1] len=17 : B1 00 00 27 97 22 38 23 32 23 AA 23 BE 24 04 24 36 
02-19 21:12:34.217 D/K706RadioManager(17578): PresetList: band=0 presetIdx=0 currentFreq=10135 firstFreq=10135 (offset=3)
02-19 21:12:34.217 D/K706RadioManager(17578): >>> FREQ: 101300 -> 101350 (MCU=10135, 101,35 MHz)
02-19 21:12:34.219 D/TunerPresenter(15794): handleTunerRawData: b1 0 0 27 97 22 38 23 32 23 aa 23 be 24 4 24 36 
02-19 21:12:34.221 D/TunerManagerForExt(15794): FMRadio main (TunerManagerForExt.java:147) onTunerPresetListChanged:  - mBand: 0 - mPresetIndex: 0 - mFrequency: 10135 - index: 0 - preset: 8760 - index: 1 - preset: 9010 - index: 2 - preset: 9130 - index: 3 - preset: 9150 - index: 4 - preset: 9220 - index: 5 - preset: 9270
02-19 21:12:34.262 E/mcu_services( 5512): MCU2APP : [ff fe fd 12 01 b1 00 00 27 9c 22 38 23 32 23 aa 23 be 24 04 24 36 26 ff ]
02-19 21:12:34.263 D/K706RadioManager(17578): IMcuListener.onTransact: code=1 flags=16
02-19 21:12:34.264 D/K706RadioManager(17578): >>> IMcuListener.onMcuInfoChanged received! data=B1 00 00 27 9C 22 38 23 32 23 AA 23 BE 24 04 24 36 
02-19 21:12:34.266 D/K706RadioManager(17578): MCU[0xB1] len=17 : B1 00 00 27 9C 22 38 23 32 23 AA 23 BE 24 04 24 36 
02-19 21:12:34.266 D/K706RadioManager(17578): PresetList: band=0 presetIdx=0 currentFreq=10140 firstFreq=10140 (offset=3)
02-19 21:12:34.266 D/K706RadioManager(17578): >>> FREQ: 101350 -> 101400 (MCU=10140, 101,40 MHz)
02-19 21:12:34.268 D/TunerPresenter(15794): handleTunerRawData: b1 0 0 27 9c 22 38 23 32 23 aa 23 be 24 4 24 36 
02-19 21:12:34.271 D/TunerManagerForExt(15794): FMRadio main (TunerManagerForExt.java:147) onTunerPresetListChanged:  - mBand: 0 - mPresetIndex: 0 - mFrequency: 10140 - index: 0 - preset: 8760 - index: 1 - preset: 9010 - index: 2 - preset: 9130 - index: 3 - preset: 9150 - index: 4 - preset: 9220 - index: 5 - preset: 9270
02-19 21:12:34.312 E/mcu_services( 5512): MCU2APP : [ff fe fd 12 01 b1 00 00 27 a1 22 38 23 32 23 aa 23 be 24 04 24 36 1b ff ]
02-19 21:12:34.314 D/K706RadioManager(17578): IMcuListener.onTransact: code=1 flags=16
02-19 21:12:34.315 D/K706RadioManager(17578): >>> IMcuListener.onMcuInfoChanged received! data=B1 00 00 27 A1 22 38 23 32 23 AA 23 BE 24 04 24 36 
02-19 21:12:34.316 D/K706RadioManager(17578): MCU[0xB1] len=17 : B1 00 00 27 A1 22 38 23 32 23 AA 23 BE 24 04 24 36 
02-19 21:12:34.316 D/K706RadioManager(17578): PresetList: band=0 presetIdx=0 currentFreq=10145 firstFreq=10145 (offset=3)
02-19 21:12:34.316 D/K706RadioManager(17578): >>> FREQ: 101400 -> 101450 (MCU=10145, 101,45 MHz)
02-19 21:12:34.319 D/TunerPresenter(15794): handleTunerRawData: b1 0 0 27 a1 22 38 23 32 23 aa 23 be 24 4 24 36 
02-19 21:12:34.321 D/TunerManagerForExt(15794): FMRadio main (TunerManagerForExt.java:147) onTunerPresetListChanged:  - mBand: 0 - mPresetIndex: 0 - mFrequency: 10145 - index: 0 - preset: 8760 - index: 1 - preset: 9010 - index: 2 - preset: 9130 - index: 3 - preset: 9150 - index: 4 - preset: 9220 - index: 5 - preset: 9270
02-19 21:12:34.361 E/mcu_services( 5512): MCU2APP : [ff fe fd 12 01 b1 00 00 27 a6 22 38 23 32 23 aa 23 be 24 04 24 36 1c ff ]
02-19 21:12:34.363 D/K706RadioManager(17578): IMcuListener.onTransact: code=1 flags=16
02-19 21:12:34.364 D/K706RadioManager(17578): >>> IMcuListener.onMcuInfoChanged received! data=B1 00 00 27 A6 22 38 23 32 23 AA 23 BE 24 04 24 36 
02-19 21:12:34.365 D/K706RadioManager(17578): MCU[0xB1] len=17 : B1 00 00 27 A6 22 38 23 32 23 AA 23 BE 24 04 24 36 
02-19 21:12:34.365 D/K706RadioManager(17578): PresetList: band=0 presetIdx=0 currentFreq=10150 firstFreq=10150 (offset=3)
02-19 21:12:34.365 D/K706RadioManager(17578): >>> FREQ: 101450 -> 101500 (MCU=10150, 101,50 MHz)
02-19 21:12:34.367 D/TunerPresenter(15794): handleTunerRawData: b1 0 0 27 a6 22 38 23 32 23 aa 23 be 24 4 24 36 
02-19 21:12:34.370 D/TunerManagerForExt(15794): FMRadio main (TunerManagerForExt.java:147) onTunerPresetListChanged:  - mBand: 0 - mPresetIndex: 0 - mFrequency: 10150 - index: 0 - preset: 8760 - index: 1 - preset: 9010 - index: 2 - preset: 9130 - index: 3 - preset: 9150 - index: 4 - preset: 9220 - index: 5 - preset: 9270
02-19 21:12:34.411 E/mcu_services( 5512): MCU2APP : [ff fe fd 12 01 b1 00 00 27 ab 22 38 23 32 23 aa 23 be 24 04 24 36 11 ff ]
02-19 21:12:34.413 D/K706RadioManager(17578): IMcuListener.onTransact: code=1 flags=16
02-19 21:12:34.414 D/K706RadioManager(17578): >>> IMcuListener.onMcuInfoChanged received! data=B1 00 00 27 AB 22 38 23 32 23 AA 23 BE 24 04 24 36 
02-19 21:12:34.415 D/K706RadioManager(17578): MCU[0xB1] len=17 : B1 00 00 27 AB 22 38 23 32 23 AA 23 BE 24 04 24 36 
02-19 21:12:34.415 D/K706RadioManager(17578): PresetList: band=0 presetIdx=0 currentFreq=10155 firstFreq=10155 (offset=3)
02-19 21:12:34.415 D/K706RadioManager(17578): >>> FREQ: 101500 -> 101550 (MCU=10155, 101,55 MHz)
02-19 21:12:34.417 D/TunerPresenter(15794): handleTunerRawData: b1 0 0 27 ab 22 38 23 32 23 aa 23 be 24 4 24 36 
02-19 21:12:34.419 D/TunerManagerForExt(15794): FMRadio main (TunerManagerForExt.java:147) onTunerPresetListChanged:  - mBand: 0 - mPresetIndex: 0 - mFrequency: 10155 - index: 0 - preset: 8760 - index: 1 - preset: 9010 - index: 2 - preset: 9130 - index: 3 - preset: 9150 - index: 4 - preset: 9220 - index: 5 - preset: 9270
02-19 21:12:34.461 E/mcu_services( 5512): MCU2APP : [ff fe fd 12 01 b1 00 00 27 b0 22 38 23 32 23 aa 23 be 24 04 24 36 0a ff ]
02-19 21:12:34.464 D/K706RadioManager(17578): IMcuListener.onTransact: code=1 flags=16
02-19 21:12:34.465 D/K706RadioManager(17578): >>> IMcuListener.onMcuInfoChanged received! data=B1 00 00 27 B0 22 38 23 32 23 AA 23 BE 24 04 24 36 
02-19 21:12:34.467 D/K706RadioManager(17578): MCU[0xB1] len=17 : B1 00 00 27 B0 22 38 23 32 23 AA 23 BE 24 04 24 36 
02-19 21:12:34.467 D/K706RadioManager(17578): PresetList: band=0 presetIdx=0 currentFreq=10160 firstFreq=10160 (offset=3)
02-19 21:12:34.467 D/K706RadioManager(17578): >>> FREQ: 101550 -> 101600 (MCU=10160, 101,60 MHz)
02-19 21:12:34.470 D/TunerPresenter(15794): handleTunerRawData: b1 0 0 27 b0 22 38 23 32 23 aa 23 be 24 4 24 36 
02-19 21:12:34.472 D/TunerManagerForExt(15794): FMRadio main (TunerManagerForExt.java:147) onTunerPresetListChanged:  - mBand: 0 - mPresetIndex: 0 - mFrequency: 10160 - index: 0 - preset: 8760 - index: 1 - preset: 9010 - index: 2 - preset: 9130 - index: 3 - preset: 9150 - index: 4 - preset: 9220 - index: 5 - preset: 9270
02-19 21:12:34.504 E/mcu_services( 5512): MCU2APP : [ff fe fd 12 01 b1 00 00 27 b0 22 38 23 32 23 aa 23 be 24 04 24 36 0a ff ]
02-19 21:12:34.507 D/K706RadioManager(17578): IMcuListener.onTransact: code=1 flags=16
02-19 21:12:34.508 D/K706RadioManager(17578): >>> IMcuListener.onMcuInfoChanged received! data=B1 00 00 27 B0 22 38 23 32 23 AA 23 BE 24 04 24 36 
02-19 21:12:34.509 D/K706RadioManager(17578): MCU[0xB1] len=17 : B1 00 00 27 B0 22 38 23 32 23 AA 23 BE 24 04 24 36 
02-19 21:12:34.509 D/K706RadioManager(17578): PresetList: band=0 presetIdx=0 currentFreq=10160 firstFreq=10160 (offset=3)
02-19 21:12:34.511 D/TunerPresenter(15794): handleTunerRawData: b1 0 0 27 b0 22 38 23 32 23 aa 23 be 24 4 24 36 
02-19 21:12:34.514 D/TunerManagerForExt(15794): FMRadio main (TunerManagerForExt.java:147) onTunerPresetListChanged:  - mBand: 0 - mPresetIndex: 0 - mFrequency: 10160 - index: 0 - preset: 8760 - index: 1 - preset: 9010 - index: 2 - preset: 9130 - index: 3 - preset: 9150 - index: 4 - preset: 9220 - index: 5 - preset: 9270
02-19 21:12:34.575 E/mcu_services( 5512): MCU2APP : [ff fe fd 12 01 b1 00 00 27 b0 22 38 23 32 23 aa 23 be 24 04 24 36 0a ff ]
02-19 21:12:34.577 D/K706RadioManager(17578): IMcuListener.onTransact: code=1 flags=16
02-19 21:12:34.578 D/K706RadioManager(17578): >>> IMcuListener.onMcuInfoChanged received! data=B1 00 00 27 B0 22 38 23 32 23 AA 23 BE 24 04 24 36 
02-19 21:12:34.579 D/K706RadioManager(17578): MCU[0xB1] len=17 : B1 00 00 27 B0 22 38 23 32 23 AA 23 BE 24 04 24 36 
02-19 21:12:34.579 D/K706RadioManager(17578): PresetList: band=0 presetIdx=0 currentFreq=10160 firstFreq=10160 (offset=3)
02-19 21:12:34.581 D/TunerPresenter(15794): handleTunerRawData: b1 0 0 27 b0 22 38 23 32 23 aa 23 be 24 4 24 36 
02-19 21:12:34.582 D/TunerManagerForExt(15794): FMRadio main (TunerManagerForExt.java:147) onTunerPresetListChanged:  - mBand: 0 - mPresetIndex: 0 - mFrequency: 10160 - index: 0 - preset: 8760 - index: 1 - preset: 9010 - index: 2 - preset: 9130 - index: 3 - preset: 9150 - index: 4 - preset: 9220 - index: 5 - preset: 9270
02-19 21:12:34.598 E/mcu_services( 5512): MCU2APP : [ff fe fd 03 01 b0 50 e1 ff ]
02-19 21:12:34.600 D/K706RadioManager(17578): IMcuListener.onTransact: code=1 flags=16
02-19 21:12:34.600 D/K706RadioManager(17578): >>> IMcuListener.onMcuInfoChanged received! data=B0 50 
02-19 21:12:34.601 D/K706RadioManager(17578): MCU[0xB0] len=2 : B0 50 
02-19 21:12:34.601 D/K706RadioManager(17578): TunerInfo: flags=0x50 save=false AS=false finish=true valid=false ST=true LOC=false seek=false scan=false
02-19 21:12:34.604 D/TunerPresenter(15794): handleTunerRawData: b0 50 
02-19 21:12:34.604 D/TunerManagerForExt(15794): FMRadio main (TunerManagerForExt.java:108) onTunerInfoChanged: onTunerInfoChanged - flag: 80 - asFlag: 0 - psFlag: 0 - scanFlag: 0 - seekFlag: 0 - mStFlag: 1 - mLocFlag: 0 - mIsSearching: true - mTempSearching: false
02-19 21:12:34.604 D/TunerManagerForExt(15794): FMRadio main (TunerManagerForExt.java:118) onTunerInfoChanged: mIsSearching: false - mTempSearching: false - asFlag: 0 - seekFlag: 0
02-19 21:12:34.770 E/mcu_services( 5512): MCU2APP : [ff fe fd 03 01 b4 04 b1 ff ]
02-19 21:12:34.771 E/mcu_services( 5512): MCU2APP : [ff fe fd 04 01 b5 00 0a be ff ]
02-19 21:12:34.771 E/mcu_services( 5512): sendAckSuccess : [ff fd fe 02 02 b4 b6 ff ]
02-19 21:12:34.771 E/mcu_services( 5512): APP2MCU - writeToUart: [ff fd fe 02 02 b4 b6 ff ]
02-19 21:12:34.771 E/mcu_services( 5512): sendAckSuccess : [ff fd fe 02 02 b5 b7 ff ]
02-19 21:12:34.771 E/mcu_services( 5512): APP2MCU - writeToUart: [ff fd fe 02 02 b5 b7 ff ]
02-19 21:12:34.772 D/K706RadioManager(17578): IMcuListener.onTransact: code=1 flags=16
02-19 21:12:34.773 D/K706RadioManager(17578): >>> IMcuListener.onMcuInfoChanged received! data=B4 04 
02-19 21:12:34.773 D/K706RadioManager(17578): MCU[0xB4] len=2 : B4 04 
02-19 21:12:34.773 D/K706RadioManager(17578): RDS B4 Flags: 0x04
02-19 21:12:34.775 D/TunerPresenter(15794): handleTunerRawData: b4 4 
02-19 21:12:34.775 D/TunerManagerForExt(15794): FMRadio main (TunerManagerForExt.java:195) onTuneRdsIndicateInfo: onTuneRdsIndicateInfo - flag: 4 - mRdsSwitch: 1
02-19 21:12:34.776 D/K706RadioManager(17578): IMcuListener.onTransact: code=1 flags=16
02-19 21:12:34.776 D/K706RadioManager(17578): >>> IMcuListener.onMcuInfoChanged received! data=B5 00 0A 
02-19 21:12:34.777 D/K706RadioManager(17578): MCU[0xB5] len=3 : B5 00 0A 
02-19 21:12:34.777 D/K706RadioManager(17578): RDS PTY (0xB5): 0
02-19 21:12:34.778 D/TunerPresenter(15794): handleTunerRawData: b5 0 a 
02-19 21:12:34.778 D/TunerManagerForExt(15794): FMRadio main (TunerManagerForExt.java:220) onTuneRdsPtyTypeInfo: onTuneRdsPtyTypeInfo - mRdsPtyType: 0
02-19 21:12:34.968 E/mcu_services( 5512): MCU2APP : [ff fe fd 03 01 b4 06 b3 ff ]
02-19 21:12:34.969 E/mcu_services( 5512): sendAckSuccess : [ff fd fe 02 02 b4 b6 ff ]
02-19 21:12:34.969 E/mcu_services( 5512): APP2MCU - writeToUart: [ff fd fe 02 02 b4 b6 ff ]
02-19 21:12:34.970 D/K706RadioManager(17578): IMcuListener.onTransact: code=1 flags=16
02-19 21:12:34.971 D/K706RadioManager(17578): >>> IMcuListener.onMcuInfoChanged received! data=B4 06 
02-19 21:12:34.971 D/K706RadioManager(17578): MCU[0xB4] len=2 : B4 06 
02-19 21:12:34.971 D/K706RadioManager(17578): RDS B4 Flags: 0x06
02-19 21:12:34.973 D/TunerPresenter(15794): handleTunerRawData: b4 6 
02-19 21:12:34.973 D/TunerManagerForExt(15794): FMRadio main (TunerManagerForExt.java:195) onTuneRdsIndicateInfo: onTuneRdsIndicateInfo - flag: 6 - mRdsSwitch: 1
02-19 21:12:36.189 E/mcu_services( 5512): MCU2APP : [ff fe fd 03 01 29 6d 45 ff ]
02-19 21:12:36.191 D/K706RadioManager(17578): IMcuListener.onTransact: code=1 flags=16
02-19 21:12:36.192 D/K706RadioManager(17578): >>> IMcuListener.onMcuInfoChanged received! data=29 6D 
02-19 21:12:36.192 D/K706RadioManager(17578): MCU[0x29] len=2 : 29 6D 
02-19 21:12:36.192 D/K706RadioManager(17578): Unknown MCU packet type: 0x29
02-19 21:12:37.855 E/mcu_services( 5512): APP2MCU - writeToUartNormal : [ff fd fe 05 01 a0 01 00 00 a0 ff ]
02-19 21:12:37.856 D/K706RadioManager(17578): CMD Enviado: sub=0x01 p1=0x00 p2=0x00
02-19 21:12:37.856 D/K706RadioManager(17578): Seek UP iniciado
02-19 21:12:37.926 E/mcu_services( 5512): MCU2APP : [ff fe fd 12 01 b1 00 00 27 b5 22 38 23 32 23 aa 23 be 24 04 24 36 0f ff ]
02-19 21:12:37.926 E/mcu_services( 5512): MCU2APP : [ff fe fd 03 01 b0 58 e9 ff ]
02-19 21:12:37.927 D/K706RadioManager(17578): IMcuListener.onTransact: code=1 flags=16
02-19 21:12:37.929 D/K706RadioManager(17578): >>> IMcuListener.onMcuInfoChanged received! data=B1 00 00 27 B5 22 38 23 32 23 AA 23 BE 24 04 24 36 
02-19 21:12:37.932 D/K706RadioManager(17578): MCU[0xB1] len=17 : B1 00 00 27 B5 22 38 23 32 23 AA 23 BE 24 04 24 36 
02-19 21:12:37.932 D/K706RadioManager(17578): PresetList: band=0 presetIdx=0 currentFreq=10165 firstFreq=10165 (offset=3)
02-19 21:12:37.932 D/K706RadioManager(17578): >>> FREQ: 101600 -> 101650 (MCU=10165, 101,65 MHz)
02-19 21:12:37.935 D/TunerPresenter(15794): handleTunerRawData: b1 0 0 27 b5 22 38 23 32 23 aa 23 be 24 4 24 36 
02-19 21:12:37.935 D/K706RadioManager(17578): IMcuListener.onTransact: code=1 flags=16
02-19 21:12:37.935 D/TunerManagerForExt(15794): FMRadio main (TunerManagerForExt.java:147) onTunerPresetListChanged:  - mBand: 0 - mPresetIndex: 0 - mFrequency: 10165 - index: 0 - preset: 8760 - index: 1 - preset: 9010 - index: 2 - preset: 9130 - index: 3 - preset: 9150 - index: 4 - preset: 9220 - index: 5 - preset: 9270
02-19 21:12:37.936 D/K706RadioManager(17578): >>> IMcuListener.onMcuInfoChanged received! data=B0 58 
02-19 21:12:37.936 D/K706RadioManager(17578): MCU[0xB0] len=2 : B0 58 
02-19 21:12:37.936 D/K706RadioManager(17578): TunerInfo: flags=0x58 save=false AS=true finish=true valid=false ST=true LOC=false seek=false scan=false
02-19 21:12:37.950 D/TunerPresenter(15794): handleTunerRawData: b0 58 
02-19 21:12:37.950 D/TunerManagerForExt(15794): FMRadio main (TunerManagerForExt.java:108) onTunerInfoChanged: onTunerInfoChanged - flag: 88 - asFlag: 0 - psFlag: 0 - scanFlag: 0 - seekFlag: 1 - mStFlag: 1 - mLocFlag: 0 - mIsSearching: false - mTempSearching: false
02-19 21:12:37.951 D/TunerManagerForExt(15794): FMRadio main (TunerManagerForExt.java:118) onTunerInfoChanged: mIsSearching: true - mTempSearching: false - asFlag: 0 - seekFlag: 1
02-19 21:12:37.971 E/mcu_services( 5512): MCU2APP : [ff fe fd 12 01 b1 00 00 27 ba 22 38 23 32 23 aa 23 be 24 04 24 36 00 ff ]
02-19 21:12:37.973 D/K706RadioManager(17578): IMcuListener.onTransact: code=1 flags=16
02-19 21:12:37.974 D/K706RadioManager(17578): >>> IMcuListener.onMcuInfoChanged received! data=B1 00 00 27 BA 22 38 23 32 23 AA 23 BE 24 04 24 36 
02-19 21:12:37.975 D/K706RadioManager(17578): MCU[0xB1] len=17 : B1 00 00 27 BA 22 38 23 32 23 AA 23 BE 24 04 24 36 
02-19 21:12:37.975 D/K706RadioManager(17578): PresetList: band=0 presetIdx=0 currentFreq=10170 firstFreq=10170 (offset=3)
02-19 21:12:37.976 D/K706RadioManager(17578): >>> FREQ: 101650 -> 101700 (MCU=10170, 101,70 MHz)
02-19 21:12:37.978 D/TunerPresenter(15794): handleTunerRawData: b1 0 0 27 ba 22 38 23 32 23 aa 23 be 24 4 24 36 
02-19 21:12:37.981 D/TunerManagerForExt(15794): FMRadio main (TunerManagerForExt.java:147) onTunerPresetListChanged:  - mBand: 0 - mPresetIndex: 0 - mFrequency: 10170 - index: 0 - preset: 8760 - index: 1 - preset: 9010 - index: 2 - preset: 9130 - index: 3 - preset: 9150 - index: 4 - preset: 9220 - index: 5 - preset: 9270
02-19 21:12:38.021 E/mcu_services( 5512): MCU2APP : [ff fe fd 12 01 b1 00 00 27 bf 22 38 23 32 23 aa 23 be 24 04 24 36 05 ff ]
02-19 21:12:38.024 D/K706RadioManager(17578): IMcuListener.onTransact: code=1 flags=16
02-19 21:12:38.025 D/K706RadioManager(17578): >>> IMcuListener.onMcuInfoChanged received! data=B1 00 00 27 BF 22 38 23 32 23 AA 23 BE 24 04 24 36 
02-19 21:12:38.026 D/K706RadioManager(17578): MCU[0xB1] len=17 : B1 00 00 27 BF 22 38 23 32 23 AA 23 BE 24 04 24 36 
02-19 21:12:38.026 D/K706RadioManager(17578): PresetList: band=0 presetIdx=0 currentFreq=10175 firstFreq=10175 (offset=3)
02-19 21:12:38.026 D/K706RadioManager(17578): >>> FREQ: 101700 -> 101750 (MCU=10175, 101,75 MHz)
02-19 21:12:38.028 D/TunerPresenter(15794): handleTunerRawData: b1 0 0 27 bf 22 38 23 32 23 aa 23 be 24 4 24 36 
02-19 21:12:38.031 D/TunerManagerForExt(15794): FMRadio main (TunerManagerForExt.java:147) onTunerPresetListChanged:  - mBand: 0 - mPresetIndex: 0 - mFrequency: 10175 - index: 0 - preset: 8760 - index: 1 - preset: 9010 - index: 2 - preset: 9130 - index: 3 - preset: 9150 - index: 4 - preset: 9220 - index: 5 - preset: 9270
02-19 21:12:38.071 E/mcu_services( 5512): MCU2APP : [ff fe fd 12 01 b1 00 00 27 c4 22 38 23 32 23 aa 23 be 24 04 24 36 7e ff ]
02-19 21:12:38.072 D/K706RadioManager(17578): IMcuListener.onTransact: code=1 flags=16
02-19 21:12:38.074 D/K706RadioManager(17578): >>> IMcuListener.onMcuInfoChanged received! data=B1 00 00 27 C4 22 38 23 32 23 AA 23 BE 24 04 24 36 
02-19 21:12:38.074 D/K706RadioManager(17578): MCU[0xB1] len=17 : B1 00 00 27 C4 22 38 23 32 23 AA 23 BE 24 04 24 36 
02-19 21:12:38.074 D/K706RadioManager(17578): PresetList: band=0 presetIdx=0 currentFreq=10180 firstFreq=10180 (offset=3)
02-19 21:12:38.075 D/K706RadioManager(17578): >>> FREQ: 101750 -> 101800 (MCU=10180, 101,80 MHz)
02-19 21:12:38.077 D/TunerPresenter(15794): handleTunerRawData: b1 0 0 27 c4 22 38 23 32 23 aa 23 be 24 4 24 36 
02-19 21:12:38.080 D/TunerManagerForExt(15794): FMRadio main (TunerManagerForExt.java:147) onTunerPresetListChanged:  - mBand: 0 - mPresetIndex: 0 - mFrequency: 10180 - index: 0 - preset: 8760 - index: 1 - preset: 9010 - index: 2 - preset: 9130 - index: 3 - preset: 9150 - index: 4 - preset: 9220 - index: 5 - preset: 9270
02-19 21:12:38.120 E/mcu_services( 5512): MCU2APP : [ff fe fd 12 01 b1 00 00 27 c9 22 38 23 32 23 aa 23 be 24 04 24 36 73 ff ]
02-19 21:12:38.122 D/K706RadioManager(17578): IMcuListener.onTransact: code=1 flags=16
02-19 21:12:38.123 D/K706RadioManager(17578): >>> IMcuListener.onMcuInfoChanged received! data=B1 00 00 27 C9 22 38 23 32 23 AA 23 BE 24 04 24 36 
02-19 21:12:38.124 D/K706RadioManager(17578): MCU[0xB1] len=17 : B1 00 00 27 C9 22 38 23 32 23 AA 23 BE 24 04 24 36 
02-19 21:12:38.124 D/K706RadioManager(17578): PresetList: band=0 presetIdx=0 currentFreq=10185 firstFreq=10185 (offset=3)
02-19 21:12:38.124 D/K706RadioManager(17578): >>> FREQ: 101800 -> 101850 (MCU=10185, 101,85 MHz)
02-19 21:12:38.126 D/TunerPresenter(15794): handleTunerRawData: b1 0 0 27 c9 22 38 23 32 23 aa 23 be 24 4 24 36 
02-19 21:12:38.129 D/TunerManagerForExt(15794): FMRadio main (TunerManagerForExt.java:147) onTunerPresetListChanged:  - mBand: 0 - mPresetIndex: 0 - mFrequency: 10185 - index: 0 - preset: 8760 - index: 1 - preset: 9010 - index: 2 - preset: 9130 - index: 3 - preset: 9150 - index: 4 - preset: 9220 - index: 5 - preset: 9270
02-19 21:12:38.170 E/mcu_services( 5512): MCU2APP : [ff fe fd 12 01 b1 00 00 27 ce 22 38 23 32 23 aa 23 be 24 04 24 36 74 ff ]
02-19 21:12:38.172 D/K706RadioManager(17578): IMcuListener.onTransact: code=1 flags=16
02-19 21:12:38.173 D/K706RadioManager(17578): >>> IMcuListener.onMcuInfoChanged received! data=B1 00 00 27 CE 22 38 23 32 23 AA 23 BE 24 04 24 36 
02-19 21:12:38.174 D/K706RadioManager(17578): MCU[0xB1] len=17 : B1 00 00 27 CE 22 38 23 32 23 AA 23 BE 24 04 24 36 
02-19 21:12:38.174 D/K706RadioManager(17578): PresetList: band=0 presetIdx=0 currentFreq=10190 firstFreq=10190 (offset=3)
02-19 21:12:38.174 D/K706RadioManager(17578): >>> FREQ: 101850 -> 101900 (MCU=10190, 101,90 MHz)
02-19 21:12:38.176 D/TunerPresenter(15794): handleTunerRawData: b1 0 0 27 ce 22 38 23 32 23 aa 23 be 24 4 24 36 
02-19 21:12:38.179 D/TunerManagerForExt(15794): FMRadio main (TunerManagerForExt.java:147) onTunerPresetListChanged:  - mBand: 0 - mPresetIndex: 0 - mFrequency: 10190 - index: 0 - preset: 8760 - index: 1 - preset: 9010 - index: 2 - preset: 9130 - index: 3 - preset: 9150 - index: 4 - preset: 9220 - index: 5 - preset: 9270
02-19 21:12:38.220 E/mcu_services( 5512): MCU2APP : [ff fe fd 12 01 b1 00 00 27 d3 22 38 23 32 23 aa 23 be 24 04 24 36 69 ff ]
02-19 21:12:38.222 D/K706RadioManager(17578): IMcuListener.onTransact: code=1 flags=16
02-19 21:12:38.223 D/K706RadioManager(17578): >>> IMcuListener.onMcuInfoChanged received! data=B1 00 00 27 D3 22 38 23 32 23 AA 23 BE 24 04 24 36 
02-19 21:12:38.224 D/K706RadioManager(17578): MCU[0xB1] len=17 : B1 00 00 27 D3 22 38 23 32 23 AA 23 BE 24 04 24 36 
02-19 21:12:38.224 D/K706RadioManager(17578): PresetList: band=0 presetIdx=0 currentFreq=10195 firstFreq=10195 (offset=3)
02-19 21:12:38.224 D/K706RadioManager(17578): >>> FREQ: 101900 -> 101950 (MCU=10195, 101,95 MHz)
02-19 21:12:38.226 D/TunerPresenter(15794): handleTunerRawData: b1 0 0 27 d3 22 38 23 32 23 aa 23 be 24 4 24 36 
02-19 21:12:38.227 E/mcu_services( 5512): MCU2APP : [ff fe fd 03 01 29 6d 45 ff ]
02-19 21:12:38.229 D/K706RadioManager(17578): IMcuListener.onTransact: code=1 flags=16
02-19 21:12:38.229 D/K706RadioManager(17578): >>> IMcuListener.onMcuInfoChanged received! data=29 6D 
02-19 21:12:38.229 D/TunerManagerForExt(15794): FMRadio main (TunerManagerForExt.java:147) onTunerPresetListChanged:  - mBand: 0 - mPresetIndex: 0 - mFrequency: 10195 - index: 0 - preset: 8760 - index: 1 - preset: 9010 - index: 2 - preset: 9130 - index: 3 - preset: 9150 - index: 4 - preset: 9220 - index: 5 - preset: 9270
02-19 21:12:38.230 D/K706RadioManager(17578): MCU[0x29] len=2 : 29 6D 
02-19 21:12:38.230 D/K706RadioManager(17578): Unknown MCU packet type: 0x29
02-19 21:12:38.270 E/mcu_services( 5512): MCU2APP : [ff fe fd 12 01 b1 00 00 27 d8 22 38 23 32 23 aa 23 be 24 04 24 36 62 ff ]
02-19 21:12:38.272 D/K706RadioManager(17578): IMcuListener.onTransact: code=1 flags=16
02-19 21:12:38.273 D/K706RadioManager(17578): >>> IMcuListener.onMcuInfoChanged received! data=B1 00 00 27 D8 22 38 23 32 23 AA 23 BE 24 04 24 36 
02-19 21:12:38.274 D/K706RadioManager(17578): MCU[0xB1] len=17 : B1 00 00 27 D8 22 38 23 32 23 AA 23 BE 24 04 24 36 
02-19 21:12:38.274 D/K706RadioManager(17578): PresetList: band=0 presetIdx=0 currentFreq=10200 firstFreq=10200 (offset=3)
02-19 21:12:38.275 D/K706RadioManager(17578): >>> FREQ: 101950 -> 102000 (MCU=10200, 102,00 MHz)
02-19 21:12:38.277 D/TunerPresenter(15794): handleTunerRawData: b1 0 0 27 d8 22 38 23 32 23 aa 23 be 24 4 24 36 
02-19 21:12:38.280 D/TunerManagerForExt(15794): FMRadio main (TunerManagerForExt.java:147) onTunerPresetListChanged:  - mBand: 0 - mPresetIndex: 0 - mFrequency: 10200 - index: 0 - preset: 8760 - index: 1 - preset: 9010 - index: 2 - preset: 9130 - index: 3 - preset: 9150 - index: 4 - preset: 9220 - index: 5 - preset: 9270
02-19 21:12:38.319 E/mcu_services( 5512): MCU2APP : [ff fe fd 12 01 b1 00 00 27 dd 22 38 23 32 23 aa 23 be 24 04 24 36 67 ff ]
02-19 21:12:38.322 D/K706RadioManager(17578): IMcuListener.onTransact: code=1 flags=16
02-19 21:12:38.323 D/K706RadioManager(17578): >>> IMcuListener.onMcuInfoChanged received! data=B1 00 00 27 DD 22 38 23 32 23 AA 23 BE 24 04 24 36 
02-19 21:12:38.324 D/K706RadioManager(17578): MCU[0xB1] len=17 : B1 00 00 27 DD 22 38 23 32 23 AA 23 BE 24 04 24 36 
02-19 21:12:38.324 D/K706RadioManager(17578): PresetList: band=0 presetIdx=0 currentFreq=10205 firstFreq=10205 (offset=3)
02-19 21:12:38.325 D/K706RadioManager(17578): >>> FREQ: 102000 -> 102050 (MCU=10205, 102,05 MHz)
02-19 21:12:38.327 D/TunerPresenter(15794): handleTunerRawData: b1 0 0 27 dd 22 38 23 32 23 aa 23 be 24 4 24 36 
02-19 21:12:38.330 D/TunerManagerForExt(15794): FMRadio main (TunerManagerForExt.java:147) onTunerPresetListChanged:  - mBand: 0 - mPresetIndex: 0 - mFrequency: 10205 - index: 0 - preset: 8760 - index: 1 - preset: 9010 - index: 2 - preset: 9130 - index: 3 - preset: 9150 - index: 4 - preset: 9220 - index: 5 - preset: 9270
02-19 21:12:38.369 E/mcu_services( 5512): MCU2APP : [ff fe fd 12 01 b1 00 00 27 e2 22 38 23 32 23 aa 23 be 24 04 24 36 58 ff ]
02-19 21:12:38.371 D/K706RadioManager(17578): IMcuListener.onTransact: code=1 flags=16
02-19 21:12:38.373 D/K706RadioManager(17578): >>> IMcuListener.onMcuInfoChanged received! data=B1 00 00 27 E2 22 38 23 32 23 AA 23 BE 24 04 24 36 
02-19 21:12:38.374 D/K706RadioManager(17578): MCU[0xB1] len=17 : B1 00 00 27 E2 22 38 23 32 23 AA 23 BE 24 04 24 36 
02-19 21:12:38.374 D/K706RadioManager(17578): PresetList: band=0 presetIdx=0 currentFreq=10210 firstFreq=10210 (offset=3)
02-19 21:12:38.374 D/K706RadioManager(17578): >>> FREQ: 102050 -> 102100 (MCU=10210, 102,10 MHz)
02-19 21:12:38.376 D/TunerPresenter(15794): handleTunerRawData: b1 0 0 27 e2 22 38 23 32 23 aa 23 be 24 4 24 36 
02-19 21:12:38.379 D/TunerManagerForExt(15794): FMRadio main (TunerManagerForExt.java:147) onTunerPresetListChanged:  - mBand: 0 - mPresetIndex: 0 - mFrequency: 10210 - index: 0 - preset: 8760 - index: 1 - preset: 9010 - index: 2 - preset: 9130 - index: 3 - preset: 9150 - index: 4 - preset: 9220 - index: 5 - preset: 9270
02-19 21:12:38.419 E/mcu_services( 5512): MCU2APP : [ff fe fd 12 01 b1 00 00 27 e7 22 38 23 32 23 aa 23 be 24 04 24 36 5d ff ]
02-19 21:12:38.421 D/K706RadioManager(17578): IMcuListener.onTransact: code=1 flags=16
02-19 21:12:38.423 D/K706RadioManager(17578): >>> IMcuListener.onMcuInfoChanged received! data=B1 00 00 27 E7 22 38 23 32 23 AA 23 BE 24 04 24 36 
02-19 21:12:38.424 D/K706RadioManager(17578): MCU[0xB1] len=17 : B1 00 00 27 E7 22 38 23 32 23 AA 23 BE 24 04 24 36 
02-19 21:12:38.424 D/K706RadioManager(17578): PresetList: band=0 presetIdx=0 currentFreq=10215 firstFreq=10215 (offset=3)
02-19 21:12:38.424 D/K706RadioManager(17578): >>> FREQ: 102100 -> 102150 (MCU=10215, 102,15 MHz)
02-19 21:12:38.426 D/TunerPresenter(15794): handleTunerRawData: b1 0 0 27 e7 22 38 23 32 23 aa 23 be 24 4 24 36 
02-19 21:12:38.429 D/TunerManagerForExt(15794): FMRadio main (TunerManagerForExt.java:147) onTunerPresetListChanged:  - mBand: 0 - mPresetIndex: 0 - mFrequency: 10215 - index: 0 - preset: 8760 - index: 1 - preset: 9010 - index: 2 - preset: 9130 - index: 3 - preset: 9150 - index: 4 - preset: 9220 - index: 5 - preset: 9270
02-19 21:12:38.468 E/mcu_services( 5512): MCU2APP : [ff fe fd 12 01 b1 00 00 27 ec 22 38 23 32 23 aa 23 be 24 04 24 36 56 ff ]
02-19 21:12:38.471 D/K706RadioManager(17578): IMcuListener.onTransact: code=1 flags=16
02-19 21:12:38.472 D/K706RadioManager(17578): >>> IMcuListener.onMcuInfoChanged received! data=B1 00 00 27 EC 22 38 23 32 23 AA 23 BE 24 04 24 36 
02-19 21:12:38.473 D/K706RadioManager(17578): MCU[0xB1] len=17 : B1 00 00 27 EC 22 38 23 32 23 AA 23 BE 24 04 24 36 
02-19 21:12:38.473 D/K706RadioManager(17578): PresetList: band=0 presetIdx=0 currentFreq=10220 firstFreq=10220 (offset=3)
02-19 21:12:38.473 D/K706RadioManager(17578): >>> FREQ: 102150 -> 102200 (MCU=10220, 102,20 MHz)
02-19 21:12:38.475 D/TunerPresenter(15794): handleTunerRawData: b1 0 0 27 ec 22 38 23 32 23 aa 23 be 24 4 24 36 
02-19 21:12:38.478 D/TunerManagerForExt(15794): FMRadio main (TunerManagerForExt.java:147) onTunerPresetListChanged:  - mBand: 0 - mPresetIndex: 0 - mFrequency: 10220 - index: 0 - preset: 8760 - index: 1 - preset: 9010 - index: 2 - preset: 9130 - index: 3 - preset: 9150 - index: 4 - preset: 9220 - index: 5 - preset: 9270
02-19 21:12:38.518 E/mcu_services( 5512): MCU2APP : [ff fe fd 12 01 b1 00 00 27 f1 22 38 23 32 23 aa 23 be 24 04 24 36 4b ff ]
02-19 21:12:38.519 D/K706RadioManager(17578): IMcuListener.onTransact: code=1 flags=16
02-19 21:12:38.521 D/K706RadioManager(17578): >>> IMcuListener.onMcuInfoChanged received! data=B1 00 00 27 F1 22 38 23 32 23 AA 23 BE 24 04 24 36 
02-19 21:12:38.522 D/K706RadioManager(17578): MCU[0xB1] len=17 : B1 00 00 27 F1 22 38 23 32 23 AA 23 BE 24 04 24 36 
02-19 21:12:38.522 D/K706RadioManager(17578): PresetList: band=0 presetIdx=0 currentFreq=10225 firstFreq=10225 (offset=3)
02-19 21:12:38.522 D/K706RadioManager(17578): >>> FREQ: 102200 -> 102250 (MCU=10225, 102,25 MHz)
02-19 21:12:38.531 D/TunerPresenter(15794): handleTunerRawData: b1 0 0 27 f1 22 38 23 32 23 aa 23 be 24 4 24 36 
02-19 21:12:38.533 D/TunerManagerForExt(15794): FMRadio main (TunerManagerForExt.java:147) onTunerPresetListChanged:  - mBand: 0 - mPresetIndex: 0 - mFrequency: 10225 - index: 0 - preset: 8760 - index: 1 - preset: 9010 - index: 2 - preset: 9130 - index: 3 - preset: 9150 - index: 4 - preset: 9220 - index: 5 - preset: 9270
02-19 21:12:38.568 E/mcu_services( 5512): MCU2APP : [ff fe fd 12 01 b1 00 00 27 f6 22 38 23 32 23 aa 23 be 24 04 24 36 4c ff ]
02-19 21:12:38.570 D/K706RadioManager(17578): IMcuListener.onTransact: code=1 flags=16
02-19 21:12:38.571 D/K706RadioManager(17578): >>> IMcuListener.onMcuInfoChanged received! data=B1 00 00 27 F6 22 38 23 32 23 AA 23 BE 24 04 24 36 
02-19 21:12:38.572 D/K706RadioManager(17578): MCU[0xB1] len=17 : B1 00 00 27 F6 22 38 23 32 23 AA 23 BE 24 04 24 36 
02-19 21:12:38.572 D/K706RadioManager(17578): PresetList: band=0 presetIdx=0 currentFreq=10230 firstFreq=10230 (offset=3)
02-19 21:12:38.572 D/K706RadioManager(17578): >>> FREQ: 102250 -> 102300 (MCU=10230, 102,30 MHz)
02-19 21:12:38.574 D/TunerPresenter(15794): handleTunerRawData: b1 0 0 27 f6 22 38 23 32 23 aa 23 be 24 4 24 36 
02-19 21:12:38.577 D/TunerManagerForExt(15794): FMRadio main (TunerManagerForExt.java:147) onTunerPresetListChanged:  - mBand: 0 - mPresetIndex: 0 - mFrequency: 10230 - index: 0 - preset: 8760 - index: 1 - preset: 9010 - index: 2 - preset: 9130 - index: 3 - preset: 9150 - index: 4 - preset: 9220 - index: 5 - preset: 9270
02-19 21:12:38.618 E/mcu_services( 5512): MCU2APP : [ff fe fd 12 01 b1 00 00 27 fb 22 38 23 32 23 aa 23 be 24 04 24 36 41 ff ]
02-19 21:12:38.620 D/K706RadioManager(17578): IMcuListener.onTransact: code=1 flags=16
02-19 21:12:38.621 D/K706RadioManager(17578): >>> IMcuListener.onMcuInfoChanged received! data=B1 00 00 27 FB 22 38 23 32 23 AA 23 BE 24 04 24 36 
02-19 21:12:38.622 D/K706RadioManager(17578): MCU[0xB1] len=17 : B1 00 00 27 FB 22 38 23 32 23 AA 23 BE 24 04 24 36 
02-19 21:12:38.622 D/K706RadioManager(17578): PresetList: band=0 presetIdx=0 currentFreq=10235 firstFreq=10235 (offset=3)
02-19 21:12:38.622 D/K706RadioManager(17578): >>> FREQ: 102300 -> 102350 (MCU=10235, 102,35 MHz)
02-19 21:12:38.624 D/TunerPresenter(15794): handleTunerRawData: b1 0 0 27 fb 22 38 23 32 23 aa 23 be 24 4 24 36 
02-19 21:12:38.628 D/TunerManagerForExt(15794): FMRadio main (TunerManagerForExt.java:147) onTunerPresetListChanged:  - mBand: 0 - mPresetIndex: 0 - mFrequency: 10235 - index: 0 - preset: 8760 - index: 1 - preset: 9010 - index: 2 - preset: 9130 - index: 3 - preset: 9150 - index: 4 - preset: 9220 - index: 5 - preset: 9270
02-19 21:12:38.667 E/mcu_services( 5512): MCU2APP : [ff fe fd 12 01 b1 00 00 28 00 22 38 23 32 23 aa 23 be 24 04 24 36 b5 ff ]
02-19 21:12:38.669 D/K706RadioManager(17578): IMcuListener.onTransact: code=1 flags=16
02-19 21:12:38.670 D/K706RadioManager(17578): >>> IMcuListener.onMcuInfoChanged received! data=B1 00 00 28 00 22 38 23 32 23 AA 23 BE 24 04 24 36 
02-19 21:12:38.671 D/K706RadioManager(17578): MCU[0xB1] len=17 : B1 00 00 28 00 22 38 23 32 23 AA 23 BE 24 04 24 36 
02-19 21:12:38.671 D/K706RadioManager(17578): PresetList: band=0 presetIdx=0 currentFreq=10240 firstFreq=10240 (offset=3)
02-19 21:12:38.672 D/K706RadioManager(17578): >>> FREQ: 102350 -> 102400 (MCU=10240, 102,40 MHz)
02-19 21:12:38.674 D/TunerPresenter(15794): handleTunerRawData: b1 0 0 28 0 22 38 23 32 23 aa 23 be 24 4 24 36 
02-19 21:12:38.677 D/TunerManagerForExt(15794): FMRadio main (TunerManagerForExt.java:147) onTunerPresetListChanged:  - mBand: 0 - mPresetIndex: 0 - mFrequency: 10240 - index: 0 - preset: 8760 - index: 1 - preset: 9010 - index: 2 - preset: 9130 - index: 3 - preset: 9150 - index: 4 - preset: 9220 - index: 5 - preset: 9270
02-19 21:12:38.717 E/mcu_services( 5512): MCU2APP : [ff fe fd 12 01 b1 00 00 28 05 22 38 23 32 23 aa 23 be 24 04 24 36 b0 ff ]
02-19 21:12:38.722 D/K706RadioManager(17578): IMcuListener.onTransact: code=1 flags=16
02-19 21:12:38.724 D/K706RadioManager(17578): >>> IMcuListener.onMcuInfoChanged received! data=B1 00 00 28 05 22 38 23 32 23 AA 23 BE 24 04 24 36 
02-19 21:12:38.725 D/K706RadioManager(17578): MCU[0xB1] len=17 : B1 00 00 28 05 22 38 23 32 23 AA 23 BE 24 04 24 36 
02-19 21:12:38.725 D/K706RadioManager(17578): PresetList: band=0 presetIdx=0 currentFreq=10245 firstFreq=10245 (offset=3)
02-19 21:12:38.725 D/K706RadioManager(17578): >>> FREQ: 102400 -> 102450 (MCU=10245, 102,45 MHz)
02-19 21:12:38.727 D/TunerPresenter(15794): handleTunerRawData: b1 0 0 28 5 22 38 23 32 23 aa 23 be 24 4 24 36 
02-19 21:12:38.730 D/TunerManagerForExt(15794): FMRadio main (TunerManagerForExt.java:147) onTunerPresetListChanged:  - mBand: 0 - mPresetIndex: 0 - mFrequency: 10245 - index: 0 - preset: 8760 - index: 1 - preset: 9010 - index: 2 - preset: 9130 - index: 3 - preset: 9150 - index: 4 - preset: 9220 - index: 5 - preset: 9270
02-19 21:12:38.766 E/mcu_services( 5512): MCU2APP : [ff fe fd 12 01 b1 00 00 28 0a 22 38 23 32 23 aa 23 be 24 04 24 36 bf ff ]
02-19 21:12:38.768 D/K706RadioManager(17578): IMcuListener.onTransact: code=1 flags=16
02-19 21:12:38.769 D/K706RadioManager(17578): >>> IMcuListener.onMcuInfoChanged received! data=B1 00 00 28 0A 22 38 23 32 23 AA 23 BE 24 04 24 36 
02-19 21:12:38.770 D/K706RadioManager(17578): MCU[0xB1] len=17 : B1 00 00 28 0A 22 38 23 32 23 AA 23 BE 24 04 24 36 
02-19 21:12:38.770 D/K706RadioManager(17578): PresetList: band=0 presetIdx=0 currentFreq=10250 firstFreq=10250 (offset=3)
02-19 21:12:38.770 D/K706RadioManager(17578): >>> FREQ: 102450 -> 102500 (MCU=10250, 102,50 MHz)
02-19 21:12:38.772 D/TunerPresenter(15794): handleTunerRawData: b1 0 0 28 a 22 38 23 32 23 aa 23 be 24 4 24 36 
02-19 21:12:38.775 D/TunerManagerForExt(15794): FMRadio main (TunerManagerForExt.java:147) onTunerPresetListChanged:  - mBand: 0 - mPresetIndex: 0 - mFrequency: 10250 - index: 0 - preset: 8760 - index: 1 - preset: 9010 - index: 2 - preset: 9130 - index: 3 - preset: 9150 - index: 4 - preset: 9220 - index: 5 - preset: 9270
02-19 21:12:38.816 E/mcu_services( 5512): MCU2APP : [ff fe fd 12 01 b1 00 00 28 0f 22 38 23 32 23 aa 23 be 24 04 24 36 ba ff ]
02-19 21:12:38.818 D/K706RadioManager(17578): IMcuListener.onTransact: code=1 flags=16
02-19 21:12:38.820 D/K706RadioManager(17578): >>> IMcuListener.onMcuInfoChanged received! data=B1 00 00 28 0F 22 38 23 32 23 AA 23 BE 24 04 24 36 
02-19 21:12:38.822 D/K706RadioManager(17578): MCU[0xB1] len=17 : B1 00 00 28 0F 22 38 23 32 23 AA 23 BE 24 04 24 36 
02-19 21:12:38.823 D/K706RadioManager(17578): PresetList: band=0 presetIdx=0 currentFreq=10255 firstFreq=10255 (offset=3)
02-19 21:12:38.823 D/K706RadioManager(17578): >>> FREQ: 102500 -> 102550 (MCU=10255, 102,55 MHz)
02-19 21:12:38.825 D/TunerPresenter(15794): handleTunerRawData: b1 0 0 28 f 22 38 23 32 23 aa 23 be 24 4 24 36 
02-19 21:12:38.828 D/TunerManagerForExt(15794): FMRadio main (TunerManagerForExt.java:147) onTunerPresetListChanged:  - mBand: 0 - mPresetIndex: 0 - mFrequency: 10255 - index: 0 - preset: 8760 - index: 1 - preset: 9010 - index: 2 - preset: 9130 - index: 3 - preset: 9150 - index: 4 - preset: 9220 - index: 5 - preset: 9270
02-19 21:12:38.866 E/mcu_services( 5512): MCU2APP : [ff fe fd 12 01 b1 00 00 28 14 22 38 23 32 23 aa 23 be 24 04 24 36 a1 ff ]
02-19 21:12:38.868 D/K706RadioManager(17578): IMcuListener.onTransact: code=1 flags=16
02-19 21:12:38.869 D/K706RadioManager(17578): >>> IMcuListener.onMcuInfoChanged received! data=B1 00 00 28 14 22 38 23 32 23 AA 23 BE 24 04 24 36 
02-19 21:12:38.870 D/K706RadioManager(17578): MCU[0xB1] len=17 : B1 00 00 28 14 22 38 23 32 23 AA 23 BE 24 04 24 36 
02-19 21:12:38.870 D/K706RadioManager(17578): PresetList: band=0 presetIdx=0 currentFreq=10260 firstFreq=10260 (offset=3)
02-19 21:12:38.870 D/K706RadioManager(17578): >>> FREQ: 102550 -> 102600 (MCU=10260, 102,60 MHz)
02-19 21:12:38.873 D/TunerPresenter(15794): handleTunerRawData: b1 0 0 28 14 22 38 23 32 23 aa 23 be 24 4 24 36 
02-19 21:12:38.875 D/TunerManagerForExt(15794): FMRadio main (TunerManagerForExt.java:147) onTunerPresetListChanged:  - mBand: 0 - mPresetIndex: 0 - mFrequency: 10260 - index: 0 - preset: 8760 - index: 1 - preset: 9010 - index: 2 - preset: 9130 - index: 3 - preset: 9150 - index: 4 - preset: 9220 - index: 5 - preset: 9270
02-19 21:12:38.916 E/mcu_services( 5512): MCU2APP : [ff fe fd 12 01 b1 00 00 28 19 22 38 23 32 23 aa 23 be 24 04 24 36 ac ff ]
02-19 21:12:38.918 D/K706RadioManager(17578): IMcuListener.onTransact: code=1 flags=16
02-19 21:12:38.919 D/K706RadioManager(17578): >>> IMcuListener.onMcuInfoChanged received! data=B1 00 00 28 19 22 38 23 32 23 AA 23 BE 24 04 24 36 
02-19 21:12:38.920 D/K706RadioManager(17578): MCU[0xB1] len=17 : B1 00 00 28 19 22 38 23 32 23 AA 23 BE 24 04 24 36 
02-19 21:12:38.920 D/K706RadioManager(17578): PresetList: band=0 presetIdx=0 currentFreq=10265 firstFreq=10265 (offset=3)
02-19 21:12:38.920 D/K706RadioManager(17578): >>> FREQ: 102600 -> 102650 (MCU=10265, 102,65 MHz)
02-19 21:12:38.923 D/TunerPresenter(15794): handleTunerRawData: b1 0 0 28 19 22 38 23 32 23 aa 23 be 24 4 24 36 
02-19 21:12:38.926 D/TunerManagerForExt(15794): FMRadio main (TunerManagerForExt.java:147) onTunerPresetListChanged:  - mBand: 0 - mPresetIndex: 0 - mFrequency: 10265 - index: 0 - preset: 8760 - index: 1 - preset: 9010 - index: 2 - preset: 9130 - index: 3 - preset: 9150 - index: 4 - preset: 9220 - index: 5 - preset: 9270
02-19 21:12:38.965 E/mcu_services( 5512): MCU2APP : [ff fe fd 12 01 b1 00 00 28 1e 22 38 23 32 23 aa 23 be 24 04 24 36 ab ff ]
02-19 21:12:38.967 D/K706RadioManager(17578): IMcuListener.onTransact: code=1 flags=16
02-19 21:12:38.968 D/K706RadioManager(17578): >>> IMcuListener.onMcuInfoChanged received! data=B1 00 00 28 1E 22 38 23 32 23 AA 23 BE 24 04 24 36 
02-19 21:12:38.968 D/K706RadioManager(17578): MCU[0xB1] len=17 : B1 00 00 28 1E 22 38 23 32 23 AA 23 BE 24 04 24 36 
02-19 21:12:38.968 D/K706RadioManager(17578): PresetList: band=0 presetIdx=0 currentFreq=10270 firstFreq=10270 (offset=3)
02-19 21:12:38.969 D/K706RadioManager(17578): >>> FREQ: 102650 -> 102700 (MCU=10270, 102,70 MHz)
02-19 21:12:38.971 D/TunerPresenter(15794): handleTunerRawData: b1 0 0 28 1e 22 38 23 32 23 aa 23 be 24 4 24 36 
02-19 21:12:38.973 D/TunerManagerForExt(15794): FMRadio main (TunerManagerForExt.java:147) onTunerPresetListChanged:  - mBand: 0 - mPresetIndex: 0 - mFrequency: 10270 - index: 0 - preset: 8760 - index: 1 - preset: 9010 - index: 2 - preset: 9130 - index: 3 - preset: 9150 - index: 4 - preset: 9220 - index: 5 - preset: 9270
02-19 21:12:39.015 E/mcu_services( 5512): MCU2APP : [ff fe fd 12 01 b1 00 00 28 23 22 38 23 32 23 aa 23 be 24 04 24 36 96 ff ]
02-19 21:12:39.016 D/K706RadioManager(17578): IMcuListener.onTransact: code=1 flags=16
02-19 21:12:39.018 D/K706RadioManager(17578): >>> IMcuListener.onMcuInfoChanged received! data=B1 00 00 28 23 22 38 23 32 23 AA 23 BE 24 04 24 36 
02-19 21:12:39.019 D/K706RadioManager(17578): MCU[0xB1] len=17 : B1 00 00 28 23 22 38 23 32 23 AA 23 BE 24 04 24 36 
02-19 21:12:39.019 D/K706RadioManager(17578): PresetList: band=0 presetIdx=0 currentFreq=10275 firstFreq=10275 (offset=3)
02-19 21:12:39.019 D/K706RadioManager(17578): >>> FREQ: 102700 -> 102750 (MCU=10275, 102,75 MHz)
02-19 21:12:39.021 D/TunerPresenter(15794): handleTunerRawData: b1 0 0 28 23 22 38 23 32 23 aa 23 be 24 4 24 36 
02-19 21:12:39.024 D/TunerManagerForExt(15794): FMRadio main (TunerManagerForExt.java:147) onTunerPresetListChanged:  - mBand: 0 - mPresetIndex: 0 - mFrequency: 10275 - index: 0 - preset: 8760 - index: 1 - preset: 9010 - index: 2 - preset: 9130 - index: 3 - preset: 9150 - index: 4 - preset: 9220 - index: 5 - preset: 9270
02-19 21:12:39.065 E/mcu_services( 5512): MCU2APP : [ff fe fd 12 01 b1 00 00 28 28 22 38 23 32 23 aa 23 be 24 04 24 36 9d ff ]
02-19 21:12:39.066 D/K706RadioManager(17578): IMcuListener.onTransact: code=1 flags=16
02-19 21:12:39.068 D/K706RadioManager(17578): >>> IMcuListener.onMcuInfoChanged received! data=B1 00 00 28 28 22 38 23 32 23 AA 23 BE 24 04 24 36 
02-19 21:12:39.069 D/K706RadioManager(17578): MCU[0xB1] len=17 : B1 00 00 28 28 22 38 23 32 23 AA 23 BE 24 04 24 36 
02-19 21:12:39.069 D/K706RadioManager(17578): PresetList: band=0 presetIdx=0 currentFreq=10280 firstFreq=10280 (offset=3)
02-19 21:12:39.069 D/K706RadioManager(17578): >>> FREQ: 102750 -> 102800 (MCU=10280, 102,80 MHz)
02-19 21:12:39.071 D/TunerPresenter(15794): handleTunerRawData: b1 0 0 28 28 22 38 23 32 23 aa 23 be 24 4 24 36 
02-19 21:12:39.074 D/TunerManagerForExt(15794): FMRadio main (TunerManagerForExt.java:147) onTunerPresetListChanged:  - mBand: 0 - mPresetIndex: 0 - mFrequency: 10280 - index: 0 - preset: 8760 - index: 1 - preset: 9010 - index: 2 - preset: 9130 - index: 3 - preset: 9150 - index: 4 - preset: 9220 - index: 5 - preset: 9270
02-19 21:12:39.115 E/mcu_services( 5512): MCU2APP : [ff fe fd 12 01 b1 00 00 28 2d 22 38 23 32 23 aa 23 be 24 04 24 36 98 ff ]
02-19 21:12:39.117 D/K706RadioManager(17578): IMcuListener.onTransact: code=1 flags=16
02-19 21:12:39.118 D/K706RadioManager(17578): >>> IMcuListener.onMcuInfoChanged received! data=B1 00 00 28 2D 22 38 23 32 23 AA 23 BE 24 04 24 36 
02-19 21:12:39.119 D/K706RadioManager(17578): MCU[0xB1] len=17 : B1 00 00 28 2D 22 38 23 32 23 AA 23 BE 24 04 24 36 
02-19 21:12:39.119 D/K706RadioManager(17578): PresetList: band=0 presetIdx=0 currentFreq=10285 firstFreq=10285 (offset=3)
02-19 21:12:39.119 D/K706RadioManager(17578): >>> FREQ: 102800 -> 102850 (MCU=10285, 102,85 MHz)
02-19 21:12:39.121 D/TunerPresenter(15794): handleTunerRawData: b1 0 0 28 2d 22 38 23 32 23 aa 23 be 24 4 24 36 
02-19 21:12:39.124 D/TunerManagerForExt(15794): FMRadio main (TunerManagerForExt.java:147) onTunerPresetListChanged:  - mBand: 0 - mPresetIndex: 0 - mFrequency: 10285 - index: 0 - preset: 8760 - index: 1 - preset: 9010 - index: 2 - preset: 9130 - index: 3 - preset: 9150 - index: 4 - preset: 9220 - index: 5 - preset: 9270
02-19 21:12:39.164 E/mcu_services( 5512): MCU2APP : [ff fe fd 12 01 b1 00 00 28 32 22 38 23 32 23 aa 23 be 24 04 24 36 87 ff ]
02-19 21:12:39.167 D/K706RadioManager(17578): IMcuListener.onTransact: code=1 flags=16
02-19 21:12:39.169 D/K706RadioManager(17578): >>> IMcuListener.onMcuInfoChanged received! data=B1 00 00 28 32 22 38 23 32 23 AA 23 BE 24 04 24 36 
02-19 21:12:39.171 D/K706RadioManager(17578): MCU[0xB1] len=17 : B1 00 00 28 32 22 38 23 32 23 AA 23 BE 24 04 24 36 
02-19 21:12:39.171 D/K706RadioManager(17578): PresetList: band=0 presetIdx=0 currentFreq=10290 firstFreq=10290 (offset=3)
02-19 21:12:39.172 D/K706RadioManager(17578): >>> FREQ: 102850 -> 102900 (MCU=10290, 102,90 MHz)
02-19 21:12:39.174 D/TunerPresenter(15794): handleTunerRawData: b1 0 0 28 32 22 38 23 32 23 aa 23 be 24 4 24 36 
02-19 21:12:39.177 D/TunerManagerForExt(15794): FMRadio main (TunerManagerForExt.java:147) onTunerPresetListChanged:  - mBand: 0 - mPresetIndex: 0 - mFrequency: 10290 - index: 0 - preset: 8760 - index: 1 - preset: 9010 - index: 2 - preset: 9130 - index: 3 - preset: 9150 - index: 4 - preset: 9220 - index: 5 - preset: 9270
02-19 21:12:39.214 E/mcu_services( 5512): MCU2APP : [ff fe fd 12 01 b1 00 00 28 37 22 38 23 32 23 aa 23 be 24 04 24 36 82 ff ]
02-19 21:12:39.215 D/K706RadioManager(17578): IMcuListener.onTransact: code=1 flags=16
02-19 21:12:39.216 D/K706RadioManager(17578): >>> IMcuListener.onMcuInfoChanged received! data=B1 00 00 28 37 22 38 23 32 23 AA 23 BE 24 04 24 36 
02-19 21:12:39.217 D/K706RadioManager(17578): MCU[0xB1] len=17 : B1 00 00 28 37 22 38 23 32 23 AA 23 BE 24 04 24 36 
02-19 21:12:39.217 D/K706RadioManager(17578): PresetList: band=0 presetIdx=0 currentFreq=10295 firstFreq=10295 (offset=3)
02-19 21:12:39.217 D/K706RadioManager(17578): >>> FREQ: 102900 -> 102950 (MCU=10295, 102,95 MHz)
02-19 21:12:39.220 D/TunerPresenter(15794): handleTunerRawData: b1 0 0 28 37 22 38 23 32 23 aa 23 be 24 4 24 36 
02-19 21:12:39.223 D/TunerManagerForExt(15794): FMRadio main (TunerManagerForExt.java:147) onTunerPresetListChanged:  - mBand: 0 - mPresetIndex: 0 - mFrequency: 10295 - index: 0 - preset: 8760 - index: 1 - preset: 9010 - index: 2 - preset: 9130 - index: 3 - preset: 9150 - index: 4 - preset: 9220 - index: 5 - preset: 9270
02-19 21:12:39.264 E/mcu_services( 5512): MCU2APP : [ff fe fd 12 01 b1 00 00 28 3c 22 38 23 32 23 aa 23 be 24 04 24 36 89 ff ]
02-19 21:12:39.266 D/K706RadioManager(17578): IMcuListener.onTransact: code=1 flags=16
02-19 21:12:39.267 D/K706RadioManager(17578): >>> IMcuListener.onMcuInfoChanged received! data=B1 00 00 28 3C 22 38 23 32 23 AA 23 BE 24 04 24 36 
02-19 21:12:39.268 D/K706RadioManager(17578): MCU[0xB1] len=17 : B1 00 00 28 3C 22 38 23 32 23 AA 23 BE 24 04 24 36 
02-19 21:12:39.268 D/K706RadioManager(17578): PresetList: band=0 presetIdx=0 currentFreq=10300 firstFreq=10300 (offset=3)
02-19 21:12:39.268 D/K706RadioManager(17578): >>> FREQ: 102950 -> 103000 (MCU=10300, 103,00 MHz)
02-19 21:12:39.270 D/TunerPresenter(15794): handleTunerRawData: b1 0 0 28 3c 22 38 23 32 23 aa 23 be 24 4 24 36 
02-19 21:12:39.272 D/TunerManagerForExt(15794): FMRadio main (TunerManagerForExt.java:147) onTunerPresetListChanged:  - mBand: 0 - mPresetIndex: 0 - mFrequency: 10300 - index: 0 - preset: 8760 - index: 1 - preset: 9010 - index: 2 - preset: 9130 - index: 3 - preset: 9150 - index: 4 - preset: 9220 - index: 5 - preset: 9270
02-19 21:12:39.313 E/mcu_services( 5512): MCU2APP : [ff fe fd 12 01 b1 00 00 28 41 22 38 23 32 23 aa 23 be 24 04 24 36 f4 ff ]
02-19 21:12:39.316 D/K706RadioManager(17578): IMcuListener.onTransact: code=1 flags=16
02-19 21:12:39.317 D/K706RadioManager(17578): >>> IMcuListener.onMcuInfoChanged received! data=B1 00 00 28 41 22 38 23 32 23 AA 23 BE 24 04 24 36 
02-19 21:12:39.318 D/K706RadioManager(17578): MCU[0xB1] len=17 : B1 00 00 28 41 22 38 23 32 23 AA 23 BE 24 04 24 36 
02-19 21:12:39.318 D/K706RadioManager(17578): PresetList: band=0 presetIdx=0 currentFreq=10305 firstFreq=10305 (offset=3)
02-19 21:12:39.318 D/K706RadioManager(17578): >>> FREQ: 103000 -> 103050 (MCU=10305, 103,05 MHz)
02-19 21:12:39.320 D/TunerPresenter(15794): handleTunerRawData: b1 0 0 28 41 22 38 23 32 23 aa 23 be 24 4 24 36 
02-19 21:12:39.323 D/TunerManagerForExt(15794): FMRadio main (TunerManagerForExt.java:147) onTunerPresetListChanged:  - mBand: 0 - mPresetIndex: 0 - mFrequency: 10305 - index: 0 - preset: 8760 - index: 1 - preset: 9010 - index: 2 - preset: 9130 - index: 3 - preset: 9150 - index: 4 - preset: 9220 - index: 5 - preset: 9270
02-19 21:12:39.363 E/mcu_services( 5512): MCU2APP : [ff fe fd 12 01 b1 00 00 28 46 22 38 23 32 23 aa 23 be 24 04 24 36 f3 ff ]
02-19 21:12:39.365 D/K706RadioManager(17578): IMcuListener.onTransact: code=1 flags=16
02-19 21:12:39.366 D/K706RadioManager(17578): >>> IMcuListener.onMcuInfoChanged received! data=B1 00 00 28 46 22 38 23 32 23 AA 23 BE 24 04 24 36 
02-19 21:12:39.367 D/K706RadioManager(17578): MCU[0xB1] len=17 : B1 00 00 28 46 22 38 23 32 23 AA 23 BE 24 04 24 36 
02-19 21:12:39.367 D/K706RadioManager(17578): PresetList: band=0 presetIdx=0 currentFreq=10310 firstFreq=10310 (offset=3)
02-19 21:12:39.367 D/K706RadioManager(17578): >>> FREQ: 103050 -> 103100 (MCU=10310, 103,10 MHz)
02-19 21:12:39.369 D/TunerPresenter(15794): handleTunerRawData: b1 0 0 28 46 22 38 23 32 23 aa 23 be 24 4 24 36 
02-19 21:12:39.372 D/TunerManagerForExt(15794): FMRadio main (TunerManagerForExt.java:147) onTunerPresetListChanged:  - mBand: 0 - mPresetIndex: 0 - mFrequency: 10310 - index: 0 - preset: 8760 - index: 1 - preset: 9010 - index: 2 - preset: 9130 - index: 3 - preset: 9150 - index: 4 - preset: 9220 - index: 5 - preset: 9270
02-19 21:12:39.413 E/mcu_services( 5512): MCU2APP : [ff fe fd 12 01 b1 00 00 28 4b 22 38 23 32 23 aa 23 be 24 04 24 36 fe ff ]
02-19 21:12:39.415 D/K706RadioManager(17578): IMcuListener.onTransact: code=1 flags=16
02-19 21:12:39.417 D/K706RadioManager(17578): >>> IMcuListener.onMcuInfoChanged received! data=B1 00 00 28 4B 22 38 23 32 23 AA 23 BE 24 04 24 36 
02-19 21:12:39.418 D/K706RadioManager(17578): MCU[0xB1] len=17 : B1 00 00 28 4B 22 38 23 32 23 AA 23 BE 24 04 24 36 
02-19 21:12:39.418 D/K706RadioManager(17578): PresetList: band=0 presetIdx=0 currentFreq=10315 firstFreq=10315 (offset=3)
02-19 21:12:39.418 D/K706RadioManager(17578): >>> FREQ: 103100 -> 103150 (MCU=10315, 103,15 MHz)
02-19 21:12:39.420 D/TunerPresenter(15794): handleTunerRawData: b1 0 0 28 4b 22 38 23 32 23 aa 23 be 24 4 24 36 
02-19 21:12:39.423 D/TunerManagerForExt(15794): FMRadio main (TunerManagerForExt.java:147) onTunerPresetListChanged:  - mBand: 0 - mPresetIndex: 0 - mFrequency: 10315 - index: 0 - preset: 8760 - index: 1 - preset: 9010 - index: 2 - preset: 9130 - index: 3 - preset: 9150 - index: 4 - preset: 9220 - index: 5 - preset: 9270
02-19 21:12:39.463 E/mcu_services( 5512): MCU2APP : [ff fe fd 12 01 b1 00 00 28 50 22 38 23 32 23 aa 23 be 24 04 24 36 e5 ff ]
02-19 21:12:39.464 D/K706RadioManager(17578): IMcuListener.onTransact: code=1 flags=16
02-19 21:12:39.466 D/K706RadioManager(17578): >>> IMcuListener.onMcuInfoChanged received! data=B1 00 00 28 50 22 38 23 32 23 AA 23 BE 24 04 24 36 
02-19 21:12:39.467 D/K706RadioManager(17578): MCU[0xB1] len=17 : B1 00 00 28 50 22 38 23 32 23 AA 23 BE 24 04 24 36 
02-19 21:12:39.467 D/K706RadioManager(17578): PresetList: band=0 presetIdx=0 currentFreq=10320 firstFreq=10320 (offset=3)
02-19 21:12:39.467 D/K706RadioManager(17578): >>> FREQ: 103150 -> 103200 (MCU=10320, 103,20 MHz)
02-19 21:12:39.469 D/TunerPresenter(15794): handleTunerRawData: b1 0 0 28 50 22 38 23 32 23 aa 23 be 24 4 24 36 
02-19 21:12:39.472 D/TunerManagerForExt(15794): FMRadio main (TunerManagerForExt.java:147) onTunerPresetListChanged:  - mBand: 0 - mPresetIndex: 0 - mFrequency: 10320 - index: 0 - preset: 8760 - index: 1 - preset: 9010 - index: 2 - preset: 9130 - index: 3 - preset: 9150 - index: 4 - preset: 9220 - index: 5 - preset: 9270
02-19 21:12:39.512 E/mcu_services( 5512): MCU2APP : [ff fe fd 12 01 b1 00 00 28 55 22 38 23 32 23 aa 23 be 24 04 24 36 e0 ff ]
02-19 21:12:39.514 D/K706RadioManager(17578): IMcuListener.onTransact: code=1 flags=16
02-19 21:12:39.515 D/K706RadioManager(17578): >>> IMcuListener.onMcuInfoChanged received! data=B1 00 00 28 55 22 38 23 32 23 AA 23 BE 24 04 24 36 
02-19 21:12:39.516 D/K706RadioManager(17578): MCU[0xB1] len=17 : B1 00 00 28 55 22 38 23 32 23 AA 23 BE 24 04 24 36 
02-19 21:12:39.516 D/K706RadioManager(17578): PresetList: band=0 presetIdx=0 currentFreq=10325 firstFreq=10325 (offset=3)
02-19 21:12:39.516 D/K706RadioManager(17578): >>> FREQ: 103200 -> 103250 (MCU=10325, 103,25 MHz)
02-19 21:12:39.518 D/TunerPresenter(15794): handleTunerRawData: b1 0 0 28 55 22 38 23 32 23 aa 23 be 24 4 24 36 
02-19 21:12:39.521 D/TunerManagerForExt(15794): FMRadio main (TunerManagerForExt.java:147) onTunerPresetListChanged:  - mBand: 0 - mPresetIndex: 0 - mFrequency: 10325 - index: 0 - preset: 8760 - index: 1 - preset: 9010 - index: 2 - preset: 9130 - index: 3 - preset: 9150 - index: 4 - preset: 9220 - index: 5 - preset: 9270
02-19 21:12:39.562 E/mcu_services( 5512): MCU2APP : [ff fe fd 12 01 b1 00 00 28 5a 22 38 23 32 23 aa 23 be 24 04 24 36 ef ff ]
02-19 21:12:39.564 D/K706RadioManager(17578): IMcuListener.onTransact: code=1 flags=16
02-19 21:12:39.566 D/K706RadioManager(17578): >>> IMcuListener.onMcuInfoChanged received! data=B1 00 00 28 5A 22 38 23 32 23 AA 23 BE 24 04 24 36 
02-19 21:12:39.567 D/K706RadioManager(17578): MCU[0xB1] len=17 : B1 00 00 28 5A 22 38 23 32 23 AA 23 BE 24 04 24 36 
02-19 21:12:39.567 D/K706RadioManager(17578): PresetList: band=0 presetIdx=0 currentFreq=10330 firstFreq=10330 (offset=3)
02-19 21:12:39.568 D/K706RadioManager(17578): >>> FREQ: 103250 -> 103300 (MCU=10330, 103,30 MHz)
02-19 21:12:39.570 D/TunerPresenter(15794): handleTunerRawData: b1 0 0 28 5a 22 38 23 32 23 aa 23 be 24 4 24 36 
02-19 21:12:39.572 D/TunerManagerForExt(15794): FMRadio main (TunerManagerForExt.java:147) onTunerPresetListChanged:  - mBand: 0 - mPresetIndex: 0 - mFrequency: 10330 - index: 0 - preset: 8760 - index: 1 - preset: 9010 - index: 2 - preset: 9130 - index: 3 - preset: 9150 - index: 4 - preset: 9220 - index: 5 - preset: 9270
02-19 21:12:39.612 E/mcu_services( 5512): MCU2APP : [ff fe fd 12 01 b1 00 00 28 5f 22 38 23 32 23 aa 23 be 24 04 24 36 ea ff ]
02-19 21:12:39.613 D/K706RadioManager(17578): IMcuListener.onTransact: code=1 flags=16
02-19 21:12:39.614 D/K706RadioManager(17578): >>> IMcuListener.onMcuInfoChanged received! data=B1 00 00 28 5F 22 38 23 32 23 AA 23 BE 24 04 24 36 
02-19 21:12:39.615 D/K706RadioManager(17578): MCU[0xB1] len=17 : B1 00 00 28 5F 22 38 23 32 23 AA 23 BE 24 04 24 36 
02-19 21:12:39.616 D/K706RadioManager(17578): PresetList: band=0 presetIdx=0 currentFreq=10335 firstFreq=10335 (offset=3)
02-19 21:12:39.616 D/K706RadioManager(17578): >>> FREQ: 103300 -> 103350 (MCU=10335, 103,35 MHz)
02-19 21:12:39.618 D/TunerPresenter(15794): handleTunerRawData: b1 0 0 28 5f 22 38 23 32 23 aa 23 be 24 4 24 36 
02-19 21:12:39.620 D/TunerManagerForExt(15794): FMRadio main (TunerManagerForExt.java:147) onTunerPresetListChanged:  - mBand: 0 - mPresetIndex: 0 - mFrequency: 10335 - index: 0 - preset: 8760 - index: 1 - preset: 9010 - index: 2 - preset: 9130 - index: 3 - preset: 9150 - index: 4 - preset: 9220 - index: 5 - preset: 9270
02-19 21:12:39.661 E/mcu_services( 5512): MCU2APP : [ff fe fd 12 01 b1 00 00 28 64 22 38 23 32 23 aa 23 be 24 04 24 36 d1 ff ]
02-19 21:12:39.663 D/K706RadioManager(17578): IMcuListener.onTransact: code=1 flags=16
02-19 21:12:39.664 D/K706RadioManager(17578): >>> IMcuListener.onMcuInfoChanged received! data=B1 00 00 28 64 22 38 23 32 23 AA 23 BE 24 04 24 36 
02-19 21:12:39.665 D/K706RadioManager(17578): MCU[0xB1] len=17 : B1 00 00 28 64 22 38 23 32 23 AA 23 BE 24 04 24 36 
02-19 21:12:39.665 D/K706RadioManager(17578): PresetList: band=0 presetIdx=0 currentFreq=10340 firstFreq=10340 (offset=3)
02-19 21:12:39.666 D/K706RadioManager(17578): >>> FREQ: 103350 -> 103400 (MCU=10340, 103,40 MHz)
02-19 21:12:39.668 D/TunerPresenter(15794): handleTunerRawData: b1 0 0 28 64 22 38 23 32 23 aa 23 be 24 4 24 36 
02-19 21:12:39.670 D/TunerManagerForExt(15794): FMRadio main (TunerManagerForExt.java:147) onTunerPresetListChanged:  - mBand: 0 - mPresetIndex: 0 - mFrequency: 10340 - index: 0 - preset: 8760 - index: 1 - preset: 9010 - index: 2 - preset: 9130 - index: 3 - preset: 9150 - index: 4 - preset: 9220 - index: 5 - preset: 9270
02-19 21:12:39.711 E/mcu_services( 5512): MCU2APP : [ff fe fd 12 01 b1 00 00 28 69 22 38 23 32 23 aa 23 be 24 04 24 36 dc ff ]
02-19 21:12:39.712 D/K706RadioManager(17578): IMcuListener.onTransact: code=1 flags=16
02-19 21:12:39.713 D/K706RadioManager(17578): >>> IMcuListener.onMcuInfoChanged received! data=B1 00 00 28 69 22 38 23 32 23 AA 23 BE 24 04 24 36 
02-19 21:12:39.714 D/K706RadioManager(17578): MCU[0xB1] len=17 : B1 00 00 28 69 22 38 23 32 23 AA 23 BE 24 04 24 36 
02-19 21:12:39.714 D/K706RadioManager(17578): PresetList: band=0 presetIdx=0 currentFreq=10345 firstFreq=10345 (offset=3)
02-19 21:12:39.714 D/K706RadioManager(17578): >>> FREQ: 103400 -> 103450 (MCU=10345, 103,45 MHz)
02-19 21:12:39.716 D/TunerPresenter(15794): handleTunerRawData: b1 0 0 28 69 22 38 23 32 23 aa 23 be 24 4 24 36 
02-19 21:12:39.719 D/TunerManagerForExt(15794): FMRadio main (TunerManagerForExt.java:147) onTunerPresetListChanged:  - mBand: 0 - mPresetIndex: 0 - mFrequency: 10345 - index: 0 - preset: 8760 - index: 1 - preset: 9010 - index: 2 - preset: 9130 - index: 3 - preset: 9150 - index: 4 - preset: 9220 - index: 5 - preset: 9270
02-19 21:12:39.761 E/mcu_services( 5512): MCU2APP : [ff fe fd 12 01 b1 00 00 28 6e 22 38 23 32 23 aa 23 be 24 04 24 36 db ff ]
02-19 21:12:39.763 D/K706RadioManager(17578): IMcuListener.onTransact: code=1 flags=16
02-19 21:12:39.765 D/K706RadioManager(17578): >>> IMcuListener.onMcuInfoChanged received! data=B1 00 00 28 6E 22 38 23 32 23 AA 23 BE 24 04 24 36 
02-19 21:12:39.766 D/K706RadioManager(17578): MCU[0xB1] len=17 : B1 00 00 28 6E 22 38 23 32 23 AA 23 BE 24 04 24 36 
02-19 21:12:39.766 D/K706RadioManager(17578): PresetList: band=0 presetIdx=0 currentFreq=10350 firstFreq=10350 (offset=3)
02-19 21:12:39.766 D/K706RadioManager(17578): >>> FREQ: 103450 -> 103500 (MCU=10350, 103,50 MHz)
02-19 21:12:39.768 D/TunerPresenter(15794): handleTunerRawData: b1 0 0 28 6e 22 38 23 32 23 aa 23 be 24 4 24 36 
02-19 21:12:39.772 D/TunerManagerForExt(15794): FMRadio main (TunerManagerForExt.java:147) onTunerPresetListChanged:  - mBand: 0 - mPresetIndex: 0 - mFrequency: 10350 - index: 0 - preset: 8760 - index: 1 - preset: 9010 - index: 2 - preset: 9130 - index: 3 - preset: 9150 - index: 4 - preset: 9220 - index: 5 - preset: 9270
02-19 21:12:39.811 E/mcu_services( 5512): MCU2APP : [ff fe fd 12 01 b1 00 00 28 73 22 38 23 32 23 aa 23 be 24 04 24 36 c6 ff ]
02-19 21:12:39.813 D/K706RadioManager(17578): IMcuListener.onTransact: code=1 flags=16
02-19 21:12:39.814 D/K706RadioManager(17578): >>> IMcuListener.onMcuInfoChanged received! data=B1 00 00 28 73 22 38 23 32 23 AA 23 BE 24 04 24 36 
02-19 21:12:39.815 D/K706RadioManager(17578): MCU[0xB1] len=17 : B1 00 00 28 73 22 38 23 32 23 AA 23 BE 24 04 24 36 
02-19 21:12:39.815 D/K706RadioManager(17578): PresetList: band=0 presetIdx=0 currentFreq=10355 firstFreq=10355 (offset=3)
02-19 21:12:39.815 D/K706RadioManager(17578): >>> FREQ: 103500 -> 103550 (MCU=10355, 103,55 MHz)
02-19 21:12:39.817 D/TunerPresenter(15794): handleTunerRawData: b1 0 0 28 73 22 38 23 32 23 aa 23 be 24 4 24 36 
02-19 21:12:39.821 D/TunerManagerForExt(15794): FMRadio main (TunerManagerForExt.java:147) onTunerPresetListChanged:  - mBand: 0 - mPresetIndex: 0 - mFrequency: 10355 - index: 0 - preset: 8760 - index: 1 - preset: 9010 - index: 2 - preset: 9130 - index: 3 - preset: 9150 - index: 4 - preset: 9220 - index: 5 - preset: 9270
02-19 21:12:39.860 E/mcu_services( 5512): MCU2APP : [ff fe fd 12 01 b1 00 00 28 78 22 38 23 32 23 aa 23 be 24 04 24 36 cd ff ]
02-19 21:12:39.863 D/K706RadioManager(17578): IMcuListener.onTransact: code=1 flags=16
02-19 21:12:39.864 D/K706RadioManager(17578): >>> IMcuListener.onMcuInfoChanged received! data=B1 00 00 28 78 22 38 23 32 23 AA 23 BE 24 04 24 36 
02-19 21:12:39.865 D/K706RadioManager(17578): MCU[0xB1] len=17 : B1 00 00 28 78 22 38 23 32 23 AA 23 BE 24 04 24 36 
02-19 21:12:39.865 D/K706RadioManager(17578): PresetList: band=0 presetIdx=0 currentFreq=10360 firstFreq=10360 (offset=3)
02-19 21:12:39.865 D/K706RadioManager(17578): >>> FREQ: 103550 -> 103600 (MCU=10360, 103,60 MHz)
02-19 21:12:39.867 D/TunerPresenter(15794): handleTunerRawData: b1 0 0 28 78 22 38 23 32 23 aa 23 be 24 4 24 36 
02-19 21:12:39.870 D/TunerManagerForExt(15794): FMRadio main (TunerManagerForExt.java:147) onTunerPresetListChanged:  - mBand: 0 - mPresetIndex: 0 - mFrequency: 10360 - index: 0 - preset: 8760 - index: 1 - preset: 9010 - index: 2 - preset: 9130 - index: 3 - preset: 9150 - index: 4 - preset: 9220 - index: 5 - preset: 9270
02-19 21:12:39.910 E/mcu_services( 5512): MCU2APP : [ff fe fd 12 01 b1 00 00 28 7d 22 38 23 32 23 aa 23 be 24 04 24 36 c8 ff ]
02-19 21:12:39.912 D/K706RadioManager(17578): IMcuListener.onTransact: code=1 flags=16
02-19 21:12:39.914 D/K706RadioManager(17578): >>> IMcuListener.onMcuInfoChanged received! data=B1 00 00 28 7D 22 38 23 32 23 AA 23 BE 24 04 24 36 
02-19 21:12:39.915 D/K706RadioManager(17578): MCU[0xB1] len=17 : B1 00 00 28 7D 22 38 23 32 23 AA 23 BE 24 04 24 36 
02-19 21:12:39.915 D/K706RadioManager(17578): PresetList: band=0 presetIdx=0 currentFreq=10365 firstFreq=10365 (offset=3)
02-19 21:12:39.915 D/K706RadioManager(17578): >>> FREQ: 103600 -> 103650 (MCU=10365, 103,65 MHz)
02-19 21:12:39.917 D/TunerPresenter(15794): handleTunerRawData: b1 0 0 28 7d 22 38 23 32 23 aa 23 be 24 4 24 36 
02-19 21:12:39.920 D/TunerManagerForExt(15794): FMRadio main (TunerManagerForExt.java:147) onTunerPresetListChanged:  - mBand: 0 - mPresetIndex: 0 - mFrequency: 10365 - index: 0 - preset: 8760 - index: 1 - preset: 9010 - index: 2 - preset: 9130 - index: 3 - preset: 9150 - index: 4 - preset: 9220 - index: 5 - preset: 9270
02-19 21:12:39.960 E/mcu_services( 5512): MCU2APP : [ff fe fd 12 01 b1 00 00 28 82 22 38 23 32 23 aa 23 be 24 04 24 36 37 ff ]
02-19 21:12:39.962 D/K706RadioManager(17578): IMcuListener.onTransact: code=1 flags=16
02-19 21:12:39.964 D/K706RadioManager(17578): >>> IMcuListener.onMcuInfoChanged received! data=B1 00 00 28 82 22 38 23 32 23 AA 23 BE 24 04 24 36 
02-19 21:12:39.965 D/K706RadioManager(17578): MCU[0xB1] len=17 : B1 00 00 28 82 22 38 23 32 23 AA 23 BE 24 04 24 36 
02-19 21:12:39.965 D/K706RadioManager(17578): PresetList: band=0 presetIdx=0 currentFreq=10370 firstFreq=10370 (offset=3)
02-19 21:12:39.965 D/K706RadioManager(17578): >>> FREQ: 103650 -> 103700 (MCU=10370, 103,70 MHz)
02-19 21:12:39.967 D/TunerPresenter(15794): handleTunerRawData: b1 0 0 28 82 22 38 23 32 23 aa 23 be 24 4 24 36 
02-19 21:12:39.971 D/TunerManagerForExt(15794): FMRadio main (TunerManagerForExt.java:147) onTunerPresetListChanged:  - mBand: 0 - mPresetIndex: 0 - mFrequency: 10370 - index: 0 - preset: 8760 - index: 1 - preset: 9010 - index: 2 - preset: 9130 - index: 3 - preset: 9150 - index: 4 - preset: 9220 - index: 5 - preset: 9270
02-19 21:12:40.010 E/mcu_services( 5512): MCU2APP : [ff fe fd 12 01 b1 00 00 28 87 22 38 23 32 23 aa 23 be 24 04 24 36 32 ff ]
02-19 21:12:40.012 D/K706RadioManager(17578): IMcuListener.onTransact: code=1 flags=16
02-19 21:12:40.015 D/K706RadioManager(17578): >>> IMcuListener.onMcuInfoChanged received! data=B1 00 00 28 87 22 38 23 32 23 AA 23 BE 24 04 24 36 
02-19 21:12:40.017 D/K706RadioManager(17578): MCU[0xB1] len=17 : B1 00 00 28 87 22 38 23 32 23 AA 23 BE 24 04 24 36 
02-19 21:12:40.017 D/K706RadioManager(17578): PresetList: band=0 presetIdx=0 currentFreq=10375 firstFreq=10375 (offset=3)
02-19 21:12:40.017 D/K706RadioManager(17578): >>> FREQ: 103700 -> 103750 (MCU=10375, 103,75 MHz)
02-19 21:12:40.019 D/TunerPresenter(15794): handleTunerRawData: b1 0 0 28 87 22 38 23 32 23 aa 23 be 24 4 24 36 
02-19 21:12:40.023 D/TunerManagerForExt(15794): FMRadio main (TunerManagerForExt.java:147) onTunerPresetListChanged:  - mBand: 0 - mPresetIndex: 0 - mFrequency: 10375 - index: 0 - preset: 8760 - index: 1 - preset: 9010 - index: 2 - preset: 9130 - index: 3 - preset: 9150 - index: 4 - preset: 9220 - index: 5 - preset: 9270
02-19 21:12:40.059 E/mcu_services( 5512): MCU2APP : [ff fe fd 12 01 b1 00 00 28 8c 22 38 23 32 23 aa 23 be 24 04 24 36 39 ff ]
02-19 21:12:40.061 D/K706RadioManager(17578): IMcuListener.onTransact: code=1 flags=16
02-19 21:12:40.064 D/K706RadioManager(17578): >>> IMcuListener.onMcuInfoChanged received! data=B1 00 00 28 8C 22 38 23 32 23 AA 23 BE 24 04 24 36 
02-19 21:12:40.066 D/K706RadioManager(17578): MCU[0xB1] len=17 : B1 00 00 28 8C 22 38 23 32 23 AA 23 BE 24 04 24 36 
02-19 21:12:40.066 D/K706RadioManager(17578): PresetList: band=0 presetIdx=0 currentFreq=10380 firstFreq=10380 (offset=3)
02-19 21:12:40.066 D/K706RadioManager(17578): >>> FREQ: 103750 -> 103800 (MCU=10380, 103,80 MHz)
02-19 21:12:40.068 D/TunerPresenter(15794): handleTunerRawData: b1 0 0 28 8c 22 38 23 32 23 aa 23 be 24 4 24 36 
02-19 21:12:40.071 D/TunerManagerForExt(15794): FMRadio main (TunerManagerForExt.java:147) onTunerPresetListChanged:  - mBand: 0 - mPresetIndex: 0 - mFrequency: 10380 - index: 0 - preset: 8760 - index: 1 - preset: 9010 - index: 2 - preset: 9130 - index: 3 - preset: 9150 - index: 4 - preset: 9220 - index: 5 - preset: 9270
02-19 21:12:40.103 E/mcu_services( 5512): MCU2APP : [ff fe fd 12 01 b1 00 00 28 8c 22 38 23 32 23 aa 23 be 24 04 24 36 39 ff ]
02-19 21:12:40.106 D/K706RadioManager(17578): IMcuListener.onTransact: code=1 flags=16
02-19 21:12:40.107 D/K706RadioManager(17578): >>> IMcuListener.onMcuInfoChanged received! data=B1 00 00 28 8C 22 38 23 32 23 AA 23 BE 24 04 24 36 
02-19 21:12:40.109 D/K706RadioManager(17578): MCU[0xB1] len=17 : B1 00 00 28 8C 22 38 23 32 23 AA 23 BE 24 04 24 36 
02-19 21:12:40.109 D/K706RadioManager(17578): PresetList: band=0 presetIdx=0 currentFreq=10380 firstFreq=10380 (offset=3)
02-19 21:12:40.112 D/TunerPresenter(15794): handleTunerRawData: b1 0 0 28 8c 22 38 23 32 23 aa 23 be 24 4 24 36 
02-19 21:12:40.115 D/TunerManagerForExt(15794): FMRadio main (TunerManagerForExt.java:147) onTunerPresetListChanged:  - mBand: 0 - mPresetIndex: 0 - mFrequency: 10380 - index: 0 - preset: 8760 - index: 1 - preset: 9010 - index: 2 - preset: 9130 - index: 3 - preset: 9150 - index: 4 - preset: 9220 - index: 5 - preset: 9270
02-19 21:12:40.173 E/mcu_services( 5512): MCU2APP : [ff fe fd 12 01 b1 00 00 28 8c 22 38 23 32 23 aa 23 be 24 04 24 36 39 ff ]
02-19 21:12:40.175 D/K706RadioManager(17578): IMcuListener.onTransact: code=1 flags=16
02-19 21:12:40.176 D/K706RadioManager(17578): >>> IMcuListener.onMcuInfoChanged received! data=B1 00 00 28 8C 22 38 23 32 23 AA 23 BE 24 04 24 36 
02-19 21:12:40.176 E/mcu_services( 5512): MCU2APP : [ff fe fd 03 01 b4 00 b5 ff ]
02-19 21:12:40.177 E/mcu_services( 5512): sendAckSuccess : [ff fd fe 02 02 b4 b6 ff ]
02-19 21:12:40.177 E/mcu_services( 5512): APP2MCU - writeToUart: [ff fd fe 02 02 b4 b6 ff ]
02-19 21:12:40.182 D/K706RadioManager(17578): MCU[0xB1] len=17 : B1 00 00 28 8C 22 38 23 32 23 AA 23 BE 24 04 24 36 
02-19 21:12:40.182 D/K706RadioManager(17578): PresetList: band=0 presetIdx=0 currentFreq=10380 firstFreq=10380 (offset=3)
02-19 21:12:40.184 D/TunerPresenter(15794): handleTunerRawData: b1 0 0 28 8c 22 38 23 32 23 aa 23 be 24 4 24 36 
02-19 21:12:40.185 D/K706RadioManager(17578): IMcuListener.onTransact: code=1 flags=16
02-19 21:12:40.185 D/TunerManagerForExt(15794): FMRadio main (TunerManagerForExt.java:147) onTunerPresetListChanged:  - mBand: 0 - mPresetIndex: 0 - mFrequency: 10380 - index: 0 - preset: 8760 - index: 1 - preset: 9010 - index: 2 - preset: 9130 - index: 3 - preset: 9150 - index: 4 - preset: 9220 - index: 5 - preset: 9270
02-19 21:12:40.185 D/K706RadioManager(17578): >>> IMcuListener.onMcuInfoChanged received! data=B4 00 
02-19 21:12:40.185 D/K706RadioManager(17578): MCU[0xB4] len=2 : B4 00 
02-19 21:12:40.186 D/K706RadioManager(17578): RDS B4 Flags: 0x00
02-19 21:12:40.186 E/mcu_services( 5512): MCU2APP : [ff fe fd 03 01 b0 50 e1 ff ]
02-19 21:12:40.188 D/K706RadioManager(17578): IMcuListener.onTransact: code=1 flags=16
02-19 21:12:40.189 D/K706RadioManager(17578): >>> IMcuListener.onMcuInfoChanged received! data=B0 50 
02-19 21:12:40.189 D/K706RadioManager(17578): MCU[0xB0] len=2 : B0 50 
02-19 21:12:40.189 D/K706RadioManager(17578): TunerInfo: flags=0x50 save=false AS=false finish=true valid=false ST=true LOC=false seek=false scan=false
02-19 21:12:40.194 D/TunerPresenter(15794): handleTunerRawData: b4 0 
02-19 21:12:40.194 D/TunerManagerForExt(15794): FMRadio main (TunerManagerForExt.java:195) onTuneRdsIndicateInfo: onTuneRdsIndicateInfo - flag: 0 - mRdsSwitch: 0
02-19 21:12:40.194 D/TunerPresenter(15794): handleTunerRawData: b0 50 
02-19 21:12:40.195 D/TunerManagerForExt(15794): FMRadio main (TunerManagerForExt.java:108) onTunerInfoChanged: onTunerInfoChanged - flag: 80 - asFlag: 0 - psFlag: 0 - scanFlag: 0 - seekFlag: 0 - mStFlag: 1 - mLocFlag: 0 - mIsSearching: true - mTempSearching: false
02-19 21:12:40.195 D/TunerManagerForExt(15794): FMRadio main (TunerManagerForExt.java:118) onTunerInfoChanged: mIsSearching: false - mTempSearching: false - asFlag: 0 - seekFlag: 0
02-19 21:12:40.286 E/mcu_services( 5512): MCU2APP : [ff fe fd 03 01 29 6d 45 ff ]
02-19 21:12:40.287 D/K706RadioManager(17578): IMcuListener.onTransact: code=1 flags=16
02-19 21:12:40.288 D/K706RadioManager(17578): >>> IMcuListener.onMcuInfoChanged received! data=29 6D 
02-19 21:12:40.288 D/K706RadioManager(17578): MCU[0x29] len=2 : 29 6D 
02-19 21:12:40.288 D/K706RadioManager(17578): Unknown MCU packet type: 0x29
02-19 21:12:40.339 E/mcu_services( 5512): MCU2APP : [ff fe fd 03 01 b4 05 b0 ff ]
02-19 21:12:40.339 E/mcu_services( 5512): MCU2APP : [ff fe fd 04 01 b5 00 09 bd ff ]
02-19 21:12:40.339 E/mcu_services( 5512): sendAckSuccess : [ff fd fe 02 02 b4 b6 ff ]
02-19 21:12:40.339 E/mcu_services( 5512): APP2MCU - writeToUart: [ff fd fe 02 02 b4 b6 ff ]
02-19 21:12:40.340 E/mcu_services( 5512): sendAckSuccess : [ff fd fe 02 02 b5 b7 ff ]
02-19 21:12:40.340 E/mcu_services( 5512): APP2MCU - writeToUart: [ff fd fe 02 02 b5 b7 ff ]
02-19 21:12:40.342 D/K706RadioManager(17578): IMcuListener.onTransact: code=1 flags=16
02-19 21:12:40.342 D/K706RadioManager(17578): >>> IMcuListener.onMcuInfoChanged received! data=B4 05 
02-19 21:12:40.342 D/K706RadioManager(17578): MCU[0xB4] len=2 : B4 05 
02-19 21:12:40.342 D/K706RadioManager(17578): RDS B4 Flags: 0x05
02-19 21:12:40.345 D/TunerPresenter(15794): handleTunerRawData: b4 5 
02-19 21:12:40.345 D/TunerManagerForExt(15794): FMRadio main (TunerManagerForExt.java:195) onTuneRdsIndicateInfo: onTuneRdsIndicateInfo - flag: 5 - mRdsSwitch: 1
02-19 21:12:40.346 D/K706RadioManager(17578): IMcuListener.onTransact: code=1 flags=16
02-19 21:12:40.347 D/K706RadioManager(17578): >>> IMcuListener.onMcuInfoChanged received! data=B5 00 09 
02-19 21:12:40.347 D/K706RadioManager(17578): MCU[0xB5] len=3 : B5 00 09 
02-19 21:12:40.347 D/K706RadioManager(17578): RDS PTY (0xB5): 0
02-19 21:12:40.349 D/TunerPresenter(15794): handleTunerRawData: b5 0 9 
02-19 21:12:40.349 D/TunerManagerForExt(15794): FMRadio main (TunerManagerForExt.java:220) onTuneRdsPtyTypeInfo: onTuneRdsPtyTypeInfo - mRdsPtyType: 0
02-19 21:12:42.005 E/mcu_services( 5512): APP2MCU - writeToUartNormal : [ff fd fe 05 01 a0 01 00 00 a0 ff ]
02-19 21:12:42.006 D/K706RadioManager(17578): CMD Enviado: sub=0x01 p1=0x00 p2=0x00
02-19 21:12:42.006 D/K706RadioManager(17578): Seek UP iniciado
02-19 21:12:42.082 E/mcu_services( 5512): MCU2APP : [ff fe fd 12 01 b1 00 00 28 91 22 38 23 32 23 aa 23 be 24 04 24 36 24 ff ]
02-19 21:12:42.082 E/mcu_services( 5512): MCU2APP : [ff fe fd 03 01 b0 58 e9 ff ]
02-19 21:12:42.083 D/K706RadioManager(17578): IMcuListener.onTransact: code=1 flags=16
02-19 21:12:42.084 D/K706RadioManager(17578): >>> IMcuListener.onMcuInfoChanged received! data=B1 00 00 28 91 22 38 23 32 23 AA 23 BE 24 04 24 36 
02-19 21:12:42.085 D/K706RadioManager(17578): MCU[0xB1] len=17 : B1 00 00 28 91 22 38 23 32 23 AA 23 BE 24 04 24 36 
02-19 21:12:42.085 D/K706RadioManager(17578): PresetList: band=0 presetIdx=0 currentFreq=10385 firstFreq=10385 (offset=3)
02-19 21:12:42.085 D/K706RadioManager(17578): >>> FREQ: 103800 -> 103850 (MCU=10385, 103,85 MHz)
02-19 21:12:42.087 D/TunerPresenter(15794): handleTunerRawData: b1 0 0 28 91 22 38 23 32 23 aa 23 be 24 4 24 36 
02-19 21:12:42.088 D/TunerManagerForExt(15794): FMRadio main (TunerManagerForExt.java:147) onTunerPresetListChanged:  - mBand: 0 - mPresetIndex: 0 - mFrequency: 10385 - index: 0 - preset: 8760 - index: 1 - preset: 9010 - index: 2 - preset: 9130 - index: 3 - preset: 9150 - index: 4 - preset: 9220 - index: 5 - preset: 9270
02-19 21:12:42.088 D/K706RadioManager(17578): IMcuListener.onTransact: code=1 flags=16
02-19 21:12:42.088 D/K706RadioManager(17578): >>> IMcuListener.onMcuInfoChanged received! data=B0 58 
02-19 21:12:42.088 D/K706RadioManager(17578): MCU[0xB0] len=2 : B0 58 
02-19 21:12:42.088 D/K706RadioManager(17578): TunerInfo: flags=0x58 save=false AS=true finish=true valid=false ST=true LOC=false seek=false scan=false
02-19 21:12:42.104 D/TunerPresenter(15794): handleTunerRawData: b0 58 
02-19 21:12:42.104 D/TunerManagerForExt(15794): FMRadio main (TunerManagerForExt.java:108) onTunerInfoChanged: onTunerInfoChanged - flag: 88 - asFlag: 0 - psFlag: 0 - scanFlag: 0 - seekFlag: 1 - mStFlag: 1 - mLocFlag: 0 - mIsSearching: false - mTempSearching: false
02-19 21:12:42.104 D/TunerManagerForExt(15794): FMRadio main (TunerManagerForExt.java:118) onTunerInfoChanged: mIsSearching: true - mTempSearching: false - asFlag: 0 - seekFlag: 1
02-19 21:12:42.127 E/mcu_services( 5512): MCU2APP : [ff fe fd 12 01 b1 00 00 28 96 22 38 23 32 23 aa 23 be 24 04 24 36 23 ff ]
02-19 21:12:42.129 D/K706RadioManager(17578): IMcuListener.onTransact: code=1 flags=16
02-19 21:12:42.130 D/K706RadioManager(17578): >>> IMcuListener.onMcuInfoChanged received! data=B1 00 00 28 96 22 38 23 32 23 AA 23 BE 24 04 24 36 
02-19 21:12:42.131 D/K706RadioManager(17578): MCU[0xB1] len=17 : B1 00 00 28 96 22 38 23 32 23 AA 23 BE 24 04 24 36 
02-19 21:12:42.131 D/K706RadioManager(17578): PresetList: band=0 presetIdx=0 currentFreq=10390 firstFreq=10390 (offset=3)
02-19 21:12:42.131 D/K706RadioManager(17578): >>> FREQ: 103850 -> 103900 (MCU=10390, 103,90 MHz)
02-19 21:12:42.133 D/TunerPresenter(15794): handleTunerRawData: b1 0 0 28 96 22 38 23 32 23 aa 23 be 24 4 24 36 
02-19 21:12:42.135 D/TunerManagerForExt(15794): FMRadio main (TunerManagerForExt.java:147) onTunerPresetListChanged:  - mBand: 0 - mPresetIndex: 0 - mFrequency: 10390 - index: 0 - preset: 8760 - index: 1 - preset: 9010 - index: 2 - preset: 9130 - index: 3 - preset: 9150 - index: 4 - preset: 9220 - index: 5 - preset: 9270
02-19 21:12:42.177 E/mcu_services( 5512): MCU2APP : [ff fe fd 12 01 b1 00 00 28 9b 22 38 23 32 23 aa 23 be 24 04 24 36 2e ff ]
02-19 21:12:42.179 D/K706RadioManager(17578): IMcuListener.onTransact: code=1 flags=16
02-19 21:12:42.180 D/K706RadioManager(17578): >>> IMcuListener.onMcuInfoChanged received! data=B1 00 00 28 9B 22 38 23 32 23 AA 23 BE 24 04 24 36 
02-19 21:12:42.181 D/K706RadioManager(17578): MCU[0xB1] len=17 : B1 00 00 28 9B 22 38 23 32 23 AA 23 BE 24 04 24 36 
02-19 21:12:42.181 D/K706RadioManager(17578): PresetList: band=0 presetIdx=0 currentFreq=10395 firstFreq=10395 (offset=3)
02-19 21:12:42.181 D/K706RadioManager(17578): >>> FREQ: 103900 -> 103950 (MCU=10395, 103,95 MHz)
02-19 21:12:42.183 D/TunerPresenter(15794): handleTunerRawData: b1 0 0 28 9b 22 38 23 32 23 aa 23 be 24 4 24 36 
02-19 21:12:42.185 D/TunerManagerForExt(15794): FMRadio main (TunerManagerForExt.java:147) onTunerPresetListChanged:  - mBand: 0 - mPresetIndex: 0 - mFrequency: 10395 - index: 0 - preset: 8760 - index: 1 - preset: 9010 - index: 2 - preset: 9130 - index: 3 - preset: 9150 - index: 4 - preset: 9220 - index: 5 - preset: 9270
02-19 21:12:42.227 E/mcu_services( 5512): MCU2APP : [ff fe fd 12 01 b1 00 00 28 a0 22 38 23 32 23 aa 23 be 24 04 24 36 15 ff ]
02-19 21:12:42.228 D/K706RadioManager(17578): IMcuListener.onTransact: code=1 flags=16
02-19 21:12:42.229 D/K706RadioManager(17578): >>> IMcuListener.onMcuInfoChanged received! data=B1 00 00 28 A0 22 38 23 32 23 AA 23 BE 24 04 24 36 
02-19 21:12:42.230 D/K706RadioManager(17578): MCU[0xB1] len=17 : B1 00 00 28 A0 22 38 23 32 23 AA 23 BE 24 04 24 36 
02-19 21:12:42.230 D/K706RadioManager(17578): PresetList: band=0 presetIdx=0 currentFreq=10400 firstFreq=10400 (offset=3)
02-19 21:12:42.230 D/K706RadioManager(17578): >>> FREQ: 103950 -> 104000 (MCU=10400, 104,00 MHz)
02-19 21:12:42.232 D/TunerPresenter(15794): handleTunerRawData: b1 0 0 28 a0 22 38 23 32 23 aa 23 be 24 4 24 36 
02-19 21:12:42.235 D/TunerManagerForExt(15794): FMRadio main (TunerManagerForExt.java:147) onTunerPresetListChanged:  - mBand: 0 - mPresetIndex: 0 - mFrequency: 10400 - index: 0 - preset: 8760 - index: 1 - preset: 9010 - index: 2 - preset: 9130 - index: 3 - preset: 9150 - index: 4 - preset: 9220 - index: 5 - preset: 9270
02-19 21:12:42.277 E/mcu_services( 5512): MCU2APP : [ff fe fd 12 01 b1 00 00 28 a5 22 38 23 32 23 aa 23 be 24 04 24 36 10 ff ]
02-19 21:12:42.278 D/K706RadioManager(17578): IMcuListener.onTransact: code=1 flags=16
02-19 21:12:42.279 D/K706RadioManager(17578): >>> IMcuListener.onMcuInfoChanged received! data=B1 00 00 28 A5 22 38 23 32 23 AA 23 BE 24 04 24 36 
02-19 21:12:42.280 D/K706RadioManager(17578): MCU[0xB1] len=17 : B1 00 00 28 A5 22 38 23 32 23 AA 23 BE 24 04 24 36 
02-19 21:12:42.280 D/K706RadioManager(17578): PresetList: band=0 presetIdx=0 currentFreq=10405 firstFreq=10405 (offset=3)
02-19 21:12:42.280 D/K706RadioManager(17578): >>> FREQ: 104000 -> 104050 (MCU=10405, 104,05 MHz)
02-19 21:12:42.282 D/TunerPresenter(15794): handleTunerRawData: b1 0 0 28 a5 22 38 23 32 23 aa 23 be 24 4 24 36 
02-19 21:12:42.285 D/TunerManagerForExt(15794): FMRadio main (TunerManagerForExt.java:147) onTunerPresetListChanged:  - mBand: 0 - mPresetIndex: 0 - mFrequency: 10405 - index: 0 - preset: 8760 - index: 1 - preset: 9010 - index: 2 - preset: 9130 - index: 3 - preset: 9150 - index: 4 - preset: 9220 - index: 5 - preset: 9270
02-19 21:12:42.326 E/mcu_services( 5512): MCU2APP : [ff fe fd 03 01 29 6d 45 ff ]
02-19 21:12:42.327 E/mcu_services( 5512): MCU2APP : [ff fe fd 12 01 b1 00 00 28 aa 22 38 23 32 23 aa 23 be 24 04 24 36 1f ff ]
02-19 21:12:42.328 D/K706RadioManager(17578): IMcuListener.onTransact: code=1 flags=16
02-19 21:12:42.328 D/K706RadioManager(17578): >>> IMcuListener.onMcuInfoChanged received! data=29 6D 
02-19 21:12:42.328 D/K706RadioManager(17578): MCU[0x29] len=2 : 29 6D 
02-19 21:12:42.328 D/K706RadioManager(17578): Unknown MCU packet type: 0x29
02-19 21:12:42.333 D/K706RadioManager(17578): IMcuListener.onTransact: code=1 flags=16
02-19 21:12:42.335 D/K706RadioManager(17578): >>> IMcuListener.onMcuInfoChanged received! data=B1 00 00 28 AA 22 38 23 32 23 AA 23 BE 24 04 24 36 
02-19 21:12:42.336 D/K706RadioManager(17578): MCU[0xB1] len=17 : B1 00 00 28 AA 22 38 23 32 23 AA 23 BE 24 04 24 36 
02-19 21:12:42.336 D/K706RadioManager(17578): PresetList: band=0 presetIdx=0 currentFreq=10410 firstFreq=10410 (offset=3)
02-19 21:12:42.336 D/K706RadioManager(17578): >>> FREQ: 104050 -> 104100 (MCU=10410, 104,10 MHz)
02-19 21:12:42.341 D/TunerPresenter(15794): handleTunerRawData: b1 0 0 28 aa 22 38 23 32 23 aa 23 be 24 4 24 36 
02-19 21:12:42.343 D/TunerManagerForExt(15794): FMRadio main (TunerManagerForExt.java:147) onTunerPresetListChanged:  - mBand: 0 - mPresetIndex: 0 - mFrequency: 10410 - index: 0 - preset: 8760 - index: 1 - preset: 9010 - index: 2 - preset: 9130 - index: 3 - preset: 9150 - index: 4 - preset: 9220 - index: 5 - preset: 9270
02-19 21:12:42.376 E/mcu_services( 5512): MCU2APP : [ff fe fd 12 01 b1 00 00 28 af 22 38 23 32 23 aa 23 be 24 04 24 36 1a ff ]
02-19 21:12:42.378 D/K706RadioManager(17578): IMcuListener.onTransact: code=1 flags=16
02-19 21:12:42.379 D/K706RadioManager(17578): >>> IMcuListener.onMcuInfoChanged received! data=B1 00 00 28 AF 22 38 23 32 23 AA 23 BE 24 04 24 36 
02-19 21:12:42.380 D/K706RadioManager(17578): MCU[0xB1] len=17 : B1 00 00 28 AF 22 38 23 32 23 AA 23 BE 24 04 24 36 
02-19 21:12:42.380 D/K706RadioManager(17578): PresetList: band=0 presetIdx=0 currentFreq=10415 firstFreq=10415 (offset=3)
02-19 21:12:42.380 D/K706RadioManager(17578): >>> FREQ: 104100 -> 104150 (MCU=10415, 104,15 MHz)
02-19 21:12:42.382 D/TunerPresenter(15794): handleTunerRawData: b1 0 0 28 af 22 38 23 32 23 aa 23 be 24 4 24 36 
02-19 21:12:42.384 D/TunerManagerForExt(15794): FMRadio main (TunerManagerForExt.java:147) onTunerPresetListChanged:  - mBand: 0 - mPresetIndex: 0 - mFrequency: 10415 - index: 0 - preset: 8760 - index: 1 - preset: 9010 - index: 2 - preset: 9130 - index: 3 - preset: 9150 - index: 4 - preset: 9220 - index: 5 - preset: 9270
02-19 21:12:42.426 E/mcu_services( 5512): MCU2APP : [ff fe fd 12 01 b1 00 00 28 b4 22 38 23 32 23 aa 23 be 24 04 24 36 01 ff ]
02-19 21:12:42.427 D/K706RadioManager(17578): IMcuListener.onTransact: code=1 flags=16
02-19 21:12:42.428 D/K706RadioManager(17578): >>> IMcuListener.onMcuInfoChanged received! data=B1 00 00 28 B4 22 38 23 32 23 AA 23 BE 24 04 24 36 
02-19 21:12:42.429 D/K706RadioManager(17578): MCU[0xB1] len=17 : B1 00 00 28 B4 22 38 23 32 23 AA 23 BE 24 04 24 36 
02-19 21:12:42.429 D/K706RadioManager(17578): PresetList: band=0 presetIdx=0 currentFreq=10420 firstFreq=10420 (offset=3)
02-19 21:12:42.429 D/K706RadioManager(17578): >>> FREQ: 104150 -> 104200 (MCU=10420, 104,20 MHz)
02-19 21:12:42.431 D/TunerPresenter(15794): handleTunerRawData: b1 0 0 28 b4 22 38 23 32 23 aa 23 be 24 4 24 36 
02-19 21:12:42.434 D/TunerManagerForExt(15794): FMRadio main (TunerManagerForExt.java:147) onTunerPresetListChanged:  - mBand: 0 - mPresetIndex: 0 - mFrequency: 10420 - index: 0 - preset: 8760 - index: 1 - preset: 9010 - index: 2 - preset: 9130 - index: 3 - preset: 9150 - index: 4 - preset: 9220 - index: 5 - preset: 9270
02-19 21:12:42.476 E/mcu_services( 5512): MCU2APP : [ff fe fd 12 01 b1 00 00 28 b9 22 38 23 32 23 aa 23 be 24 04 24 36 0c ff ]
02-19 21:12:42.477 D/K706RadioManager(17578): IMcuListener.onTransact: code=1 flags=16
02-19 21:12:42.478 D/K706RadioManager(17578): >>> IMcuListener.onMcuInfoChanged received! data=B1 00 00 28 B9 22 38 23 32 23 AA 23 BE 24 04 24 36 
02-19 21:12:42.479 D/K706RadioManager(17578): MCU[0xB1] len=17 : B1 00 00 28 B9 22 38 23 32 23 AA 23 BE 24 04 24 36 
02-19 21:12:42.479 D/K706RadioManager(17578): PresetList: band=0 presetIdx=0 currentFreq=10425 firstFreq=10425 (offset=3)
02-19 21:12:42.479 D/K706RadioManager(17578): >>> FREQ: 104200 -> 104250 (MCU=10425, 104,25 MHz)
02-19 21:12:42.481 D/TunerPresenter(15794): handleTunerRawData: b1 0 0 28 b9 22 38 23 32 23 aa 23 be 24 4 24 36 
02-19 21:12:42.484 D/TunerManagerForExt(15794): FMRadio main (TunerManagerForExt.java:147) onTunerPresetListChanged:  - mBand: 0 - mPresetIndex: 0 - mFrequency: 10425 - index: 0 - preset: 8760 - index: 1 - preset: 9010 - index: 2 - preset: 9130 - index: 3 - preset: 9150 - index: 4 - preset: 9220 - index: 5 - preset: 9270
02-19 21:12:42.525 E/mcu_services( 5512): MCU2APP : [ff fe fd 12 01 b1 00 00 28 be 22 38 23 32 23 aa 23 be 24 04 24 36 0b ff ]
02-19 21:12:42.528 D/K706RadioManager(17578): IMcuListener.onTransact: code=1 flags=16
02-19 21:12:42.529 D/K706RadioManager(17578): >>> IMcuListener.onMcuInfoChanged received! data=B1 00 00 28 BE 22 38 23 32 23 AA 23 BE 24 04 24 36 
02-19 21:12:42.530 D/K706RadioManager(17578): MCU[0xB1] len=17 : B1 00 00 28 BE 22 38 23 32 23 AA 23 BE 24 04 24 36 
02-19 21:12:42.530 D/K706RadioManager(17578): PresetList: band=0 presetIdx=0 currentFreq=10430 firstFreq=10430 (offset=3)
02-19 21:12:42.530 D/K706RadioManager(17578): >>> FREQ: 104250 -> 104300 (MCU=10430, 104,30 MHz)
02-19 21:12:42.532 D/TunerPresenter(15794): handleTunerRawData: b1 0 0 28 be 22 38 23 32 23 aa 23 be 24 4 24 36 
02-19 21:12:42.534 D/TunerManagerForExt(15794): FMRadio main (TunerManagerForExt.java:147) onTunerPresetListChanged:  - mBand: 0 - mPresetIndex: 0 - mFrequency: 10430 - index: 0 - preset: 8760 - index: 1 - preset: 9010 - index: 2 - preset: 9130 - index: 3 - preset: 9150 - index: 4 - preset: 9220 - index: 5 - preset: 9270
02-19 21:12:42.575 E/mcu_services( 5512): MCU2APP : [ff fe fd 12 01 b1 00 00 28 c3 22 38 23 32 23 aa 23 be 24 04 24 36 76 ff ]
02-19 21:12:42.576 D/K706RadioManager(17578): IMcuListener.onTransact: code=1 flags=16
02-19 21:12:42.578 D/K706RadioManager(17578): >>> IMcuListener.onMcuInfoChanged received! data=B1 00 00 28 C3 22 38 23 32 23 AA 23 BE 24 04 24 36 
02-19 21:12:42.579 D/K706RadioManager(17578): MCU[0xB1] len=17 : B1 00 00 28 C3 22 38 23 32 23 AA 23 BE 24 04 24 36 
02-19 21:12:42.579 D/K706RadioManager(17578): PresetList: band=0 presetIdx=0 currentFreq=10435 firstFreq=10435 (offset=3)
02-19 21:12:42.579 D/K706RadioManager(17578): >>> FREQ: 104300 -> 104350 (MCU=10435, 104,35 MHz)
02-19 21:12:42.582 D/TunerPresenter(15794): handleTunerRawData: b1 0 0 28 c3 22 38 23 32 23 aa 23 be 24 4 24 36 
02-19 21:12:42.584 D/TunerManagerForExt(15794): FMRadio main (TunerManagerForExt.java:147) onTunerPresetListChanged:  - mBand: 0 - mPresetIndex: 0 - mFrequency: 10435 - index: 0 - preset: 8760 - index: 1 - preset: 9010 - index: 2 - preset: 9130 - index: 3 - preset: 9150 - index: 4 - preset: 9220 - index: 5 - preset: 9270
02-19 21:12:42.625 E/mcu_services( 5512): MCU2APP : [ff fe fd 12 01 b1 00 00 28 c8 22 38 23 32 23 aa 23 be 24 04 24 36 7d ff ]
02-19 21:12:42.627 D/K706RadioManager(17578): IMcuListener.onTransact: code=1 flags=16
02-19 21:12:42.628 D/K706RadioManager(17578): >>> IMcuListener.onMcuInfoChanged received! data=B1 00 00 28 C8 22 38 23 32 23 AA 23 BE 24 04 24 36 
02-19 21:12:42.629 D/K706RadioManager(17578): MCU[0xB1] len=17 : B1 00 00 28 C8 22 38 23 32 23 AA 23 BE 24 04 24 36 
02-19 21:12:42.629 D/K706RadioManager(17578): PresetList: band=0 presetIdx=0 currentFreq=10440 firstFreq=10440 (offset=3)
02-19 21:12:42.629 D/K706RadioManager(17578): >>> FREQ: 104350 -> 104400 (MCU=10440, 104,40 MHz)
02-19 21:12:42.631 D/TunerPresenter(15794): handleTunerRawData: b1 0 0 28 c8 22 38 23 32 23 aa 23 be 24 4 24 36 
02-19 21:12:42.634 D/TunerManagerForExt(15794): FMRadio main (TunerManagerForExt.java:147) onTunerPresetListChanged:  - mBand: 0 - mPresetIndex: 0 - mFrequency: 10440 - index: 0 - preset: 8760 - index: 1 - preset: 9010 - index: 2 - preset: 9130 - index: 3 - preset: 9150 - index: 4 - preset: 9220 - index: 5 - preset: 9270
02-19 21:12:42.675 E/mcu_services( 5512): MCU2APP : [ff fe fd 12 01 b1 00 00 28 cd 22 38 23 32 23 aa 23 be 24 04 24 36 78 ff ]
02-19 21:12:42.676 D/K706RadioManager(17578): IMcuListener.onTransact: code=1 flags=16
02-19 21:12:42.677 D/K706RadioManager(17578): >>> IMcuListener.onMcuInfoChanged received! data=B1 00 00 28 CD 22 38 23 32 23 AA 23 BE 24 04 24 36 
02-19 21:12:42.678 D/K706RadioManager(17578): MCU[0xB1] len=17 : B1 00 00 28 CD 22 38 23 32 23 AA 23 BE 24 04 24 36 
02-19 21:12:42.678 D/K706RadioManager(17578): PresetList: band=0 presetIdx=0 currentFreq=10445 firstFreq=10445 (offset=3)
02-19 21:12:42.678 D/K706RadioManager(17578): >>> FREQ: 104400 -> 104450 (MCU=10445, 104,45 MHz)
02-19 21:12:42.680 D/TunerPresenter(15794): handleTunerRawData: b1 0 0 28 cd 22 38 23 32 23 aa 23 be 24 4 24 36 
02-19 21:12:42.683 D/TunerManagerForExt(15794): FMRadio main (TunerManagerForExt.java:147) onTunerPresetListChanged:  - mBand: 0 - mPresetIndex: 0 - mFrequency: 10445 - index: 0 - preset: 8760 - index: 1 - preset: 9010 - index: 2 - preset: 9130 - index: 3 - preset: 9150 - index: 4 - preset: 9220 - index: 5 - preset: 9270
02-19 21:12:42.725 E/mcu_services( 5512): MCU2APP : [ff fe fd 12 01 b1 00 00 28 d2 22 38 23 32 23 aa 23 be 24 04 24 36 67 ff ]
02-19 21:12:42.727 D/K706RadioManager(17578): IMcuListener.onTransact: code=1 flags=16
02-19 21:12:42.728 D/K706RadioManager(17578): >>> IMcuListener.onMcuInfoChanged received! data=B1 00 00 28 D2 22 38 23 32 23 AA 23 BE 24 04 24 36 
02-19 21:12:42.729 D/K706RadioManager(17578): MCU[0xB1] len=17 : B1 00 00 28 D2 22 38 23 32 23 AA 23 BE 24 04 24 36 
02-19 21:12:42.729 D/K706RadioManager(17578): PresetList: band=0 presetIdx=0 currentFreq=10450 firstFreq=10450 (offset=3)
02-19 21:12:42.729 D/K706RadioManager(17578): >>> FREQ: 104450 -> 104500 (MCU=10450, 104,50 MHz)
02-19 21:12:42.731 D/TunerPresenter(15794): handleTunerRawData: b1 0 0 28 d2 22 38 23 32 23 aa 23 be 24 4 24 36 
02-19 21:12:42.733 D/TunerManagerForExt(15794): FMRadio main (TunerManagerForExt.java:147) onTunerPresetListChanged:  - mBand: 0 - mPresetIndex: 0 - mFrequency: 10450 - index: 0 - preset: 8760 - index: 1 - preset: 9010 - index: 2 - preset: 9130 - index: 3 - preset: 9150 - index: 4 - preset: 9220 - index: 5 - preset: 9270
02-19 21:12:42.774 E/mcu_services( 5512): MCU2APP : [ff fe fd 12 01 b1 00 00 28 d7 22 38 23 32 23 aa 23 be 24 04 24 36 62 ff ]
02-19 21:12:42.776 D/K706RadioManager(17578): IMcuListener.onTransact: code=1 flags=16
02-19 21:12:42.777 D/K706RadioManager(17578): >>> IMcuListener.onMcuInfoChanged received! data=B1 00 00 28 D7 22 38 23 32 23 AA 23 BE 24 04 24 36 
02-19 21:12:42.778 D/K706RadioManager(17578): MCU[0xB1] len=17 : B1 00 00 28 D7 22 38 23 32 23 AA 23 BE 24 04 24 36 
02-19 21:12:42.778 D/K706RadioManager(17578): PresetList: band=0 presetIdx=0 currentFreq=10455 firstFreq=10455 (offset=3)
02-19 21:12:42.778 D/K706RadioManager(17578): >>> FREQ: 104500 -> 104550 (MCU=10455, 104,55 MHz)
02-19 21:12:42.780 D/TunerPresenter(15794): handleTunerRawData: b1 0 0 28 d7 22 38 23 32 23 aa 23 be 24 4 24 36 
02-19 21:12:42.783 D/TunerManagerForExt(15794): FMRadio main (TunerManagerForExt.java:147) onTunerPresetListChanged:  - mBand: 0 - mPresetIndex: 0 - mFrequency: 10455 - index: 0 - preset: 8760 - index: 1 - preset: 9010 - index: 2 - preset: 9130 - index: 3 - preset: 9150 - index: 4 - preset: 9220 - index: 5 - preset: 9270
02-19 21:12:42.824 E/mcu_services( 5512): MCU2APP : [ff fe fd 12 01 b1 00 00 28 dc 22 38 23 32 23 aa 23 be 24 04 24 36 69 ff ]
02-19 21:12:42.826 D/K706RadioManager(17578): IMcuListener.onTransact: code=1 flags=16
02-19 21:12:42.827 D/K706RadioManager(17578): >>> IMcuListener.onMcuInfoChanged received! data=B1 00 00 28 DC 22 38 23 32 23 AA 23 BE 24 04 24 36 
02-19 21:12:42.828 D/K706RadioManager(17578): MCU[0xB1] len=17 : B1 00 00 28 DC 22 38 23 32 23 AA 23 BE 24 04 24 36 
02-19 21:12:42.828 D/K706RadioManager(17578): PresetList: band=0 presetIdx=0 currentFreq=10460 firstFreq=10460 (offset=3)
02-19 21:12:42.828 D/K706RadioManager(17578): >>> FREQ: 104550 -> 104600 (MCU=10460, 104,60 MHz)
02-19 21:12:42.830 D/TunerPresenter(15794): handleTunerRawData: b1 0 0 28 dc 22 38 23 32 23 aa 23 be 24 4 24 36 
02-19 21:12:42.833 D/TunerManagerForExt(15794): FMRadio main (TunerManagerForExt.java:147) onTunerPresetListChanged:  - mBand: 0 - mPresetIndex: 0 - mFrequency: 10460 - index: 0 - preset: 8760 - index: 1 - preset: 9010 - index: 2 - preset: 9130 - index: 3 - preset: 9150 - index: 4 - preset: 9220 - index: 5 - preset: 9270
02-19 21:12:42.873 E/mcu_services( 5512): MCU2APP : [ff fe fd 12 01 b1 00 00 28 e1 22 38 23 32 23 aa 23 be 24 04 24 36 54 ff ]
02-19 21:12:42.875 D/K706RadioManager(17578): IMcuListener.onTransact: code=1 flags=16
02-19 21:12:42.876 D/K706RadioManager(17578): >>> IMcuListener.onMcuInfoChanged received! data=B1 00 00 28 E1 22 38 23 32 23 AA 23 BE 24 04 24 36 
02-19 21:12:42.877 D/K706RadioManager(17578): MCU[0xB1] len=17 : B1 00 00 28 E1 22 38 23 32 23 AA 23 BE 24 04 24 36 
02-19 21:12:42.877 D/K706RadioManager(17578): PresetList: band=0 presetIdx=0 currentFreq=10465 firstFreq=10465 (offset=3)
02-19 21:12:42.877 D/K706RadioManager(17578): >>> FREQ: 104600 -> 104650 (MCU=10465, 104,65 MHz)
02-19 21:12:42.879 D/TunerPresenter(15794): handleTunerRawData: b1 0 0 28 e1 22 38 23 32 23 aa 23 be 24 4 24 36 
02-19 21:12:42.882 D/TunerManagerForExt(15794): FMRadio main (TunerManagerForExt.java:147) onTunerPresetListChanged:  - mBand: 0 - mPresetIndex: 0 - mFrequency: 10465 - index: 0 - preset: 8760 - index: 1 - preset: 9010 - index: 2 - preset: 9130 - index: 3 - preset: 9150 - index: 4 - preset: 9220 - index: 5 - preset: 9270
02-19 21:12:42.923 E/mcu_services( 5512): MCU2APP : [ff fe fd 12 01 b1 00 00 28 e6 22 38 23 32 23 aa 23 be 24 04 24 36 53 ff ]
02-19 21:12:42.925 D/K706RadioManager(17578): IMcuListener.onTransact: code=1 flags=16
02-19 21:12:42.928 D/K706RadioManager(17578): >>> IMcuListener.onMcuInfoChanged received! data=B1 00 00 28 E6 22 38 23 32 23 AA 23 BE 24 04 24 36 
02-19 21:12:42.929 D/K706RadioManager(17578): MCU[0xB1] len=17 : B1 00 00 28 E6 22 38 23 32 23 AA 23 BE 24 04 24 36 
02-19 21:12:42.929 D/K706RadioManager(17578): PresetList: band=0 presetIdx=0 currentFreq=10470 firstFreq=10470 (offset=3)
02-19 21:12:42.929 D/K706RadioManager(17578): >>> FREQ: 104650 -> 104700 (MCU=10470, 104,70 MHz)
02-19 21:12:42.931 D/TunerPresenter(15794): handleTunerRawData: b1 0 0 28 e6 22 38 23 32 23 aa 23 be 24 4 24 36 
02-19 21:12:42.933 D/TunerManagerForExt(15794): FMRadio main (TunerManagerForExt.java:147) onTunerPresetListChanged:  - mBand: 0 - mPresetIndex: 0 - mFrequency: 10470 - index: 0 - preset: 8760 - index: 1 - preset: 9010 - index: 2 - preset: 9130 - index: 3 - preset: 9150 - index: 4 - preset: 9220 - index: 5 - preset: 9270
02-19 21:12:42.973 E/mcu_services( 5512): MCU2APP : [ff fe fd 12 01 b1 00 00 28 eb 22 38 23 32 23 aa 23 be 24 04 24 36 5e ff ]
02-19 21:12:42.975 D/K706RadioManager(17578): IMcuListener.onTransact: code=1 flags=16
02-19 21:12:42.977 D/K706RadioManager(17578): >>> IMcuListener.onMcuInfoChanged received! data=B1 00 00 28 EB 22 38 23 32 23 AA 23 BE 24 04 24 36 
02-19 21:12:42.979 D/K706RadioManager(17578): MCU[0xB1] len=17 : B1 00 00 28 EB 22 38 23 32 23 AA 23 BE 24 04 24 36 
02-19 21:12:42.980 D/K706RadioManager(17578): PresetList: band=0 presetIdx=0 currentFreq=10475 firstFreq=10475 (offset=3)
02-19 21:12:42.980 D/K706RadioManager(17578): >>> FREQ: 104700 -> 104750 (MCU=10475, 104,75 MHz)
02-19 21:12:42.982 D/TunerPresenter(15794): handleTunerRawData: b1 0 0 28 eb 22 38 23 32 23 aa 23 be 24 4 24 36 
02-19 21:12:42.984 D/TunerManagerForExt(15794): FMRadio main (TunerManagerForExt.java:147) onTunerPresetListChanged:  - mBand: 0 - mPresetIndex: 0 - mFrequency: 10475 - index: 0 - preset: 8760 - index: 1 - preset: 9010 - index: 2 - preset: 9130 - index: 3 - preset: 9150 - index: 4 - preset: 9220 - index: 5 - preset: 9270
02-19 21:12:43.023 E/mcu_services( 5512): MCU2APP : [ff fe fd 12 01 b1 00 00 28 f0 22 38 23 32 23 aa 23 be 24 04 24 36 45 ff ]
02-19 21:12:43.025 D/K706RadioManager(17578): IMcuListener.onTransact: code=1 flags=16
02-19 21:12:43.026 D/K706RadioManager(17578): >>> IMcuListener.onMcuInfoChanged received! data=B1 00 00 28 F0 22 38 23 32 23 AA 23 BE 24 04 24 36 
02-19 21:12:43.027 D/K706RadioManager(17578): MCU[0xB1] len=17 : B1 00 00 28 F0 22 38 23 32 23 AA 23 BE 24 04 24 36 
02-19 21:12:43.027 D/K706RadioManager(17578): PresetList: band=0 presetIdx=0 currentFreq=10480 firstFreq=10480 (offset=3)
02-19 21:12:43.027 D/K706RadioManager(17578): >>> FREQ: 104750 -> 104800 (MCU=10480, 104,80 MHz)
02-19 21:12:43.029 D/TunerPresenter(15794): handleTunerRawData: b1 0 0 28 f0 22 38 23 32 23 aa 23 be 24 4 24 36 
02-19 21:12:43.032 D/TunerManagerForExt(15794): FMRadio main (TunerManagerForExt.java:147) onTunerPresetListChanged:  - mBand: 0 - mPresetIndex: 0 - mFrequency: 10480 - index: 0 - preset: 8760 - index: 1 - preset: 9010 - index: 2 - preset: 9130 - index: 3 - preset: 9150 - index: 4 - preset: 9220 - index: 5 - preset: 9270
02-19 21:12:43.066 E/mcu_services( 5512): MCU2APP : [ff fe fd 12 01 b1 00 00 28 f0 22 38 23 32 23 aa 23 be 24 04 24 36 45 ff ]
02-19 21:12:43.068 D/K706RadioManager(17578): IMcuListener.onTransact: code=1 flags=16
02-19 21:12:43.069 D/K706RadioManager(17578): >>> IMcuListener.onMcuInfoChanged received! data=B1 00 00 28 F0 22 38 23 32 23 AA 23 BE 24 04 24 36 
02-19 21:12:43.070 D/K706RadioManager(17578): MCU[0xB1] len=17 : B1 00 00 28 F0 22 38 23 32 23 AA 23 BE 24 04 24 36 
02-19 21:12:43.070 D/K706RadioManager(17578): PresetList: band=0 presetIdx=0 currentFreq=10480 firstFreq=10480 (offset=3)
02-19 21:12:43.072 D/TunerPresenter(15794): handleTunerRawData: b1 0 0 28 f0 22 38 23 32 23 aa 23 be 24 4 24 36 
02-19 21:12:43.075 D/TunerManagerForExt(15794): FMRadio main (TunerManagerForExt.java:147) onTunerPresetListChanged:  - mBand: 0 - mPresetIndex: 0 - mFrequency: 10480 - index: 0 - preset: 8760 - index: 1 - preset: 9010 - index: 2 - preset: 9130 - index: 3 - preset: 9150 - index: 4 - preset: 9220 - index: 5 - preset: 9270
02-19 21:12:43.137 E/mcu_services( 5512): MCU2APP : [ff fe fd 12 01 b1 00 00 28 f0 22 38 23 32 23 aa 23 be 24 04 24 36 45 ff ]
02-19 21:12:43.138 E/mcu_services( 5512): MCU2APP : [ff fe fd 03 01 b4 00 b5 ff ]
02-19 21:12:43.138 E/mcu_services( 5512): sendAckSuccess : [ff fd fe 02 02 b4 b6 ff ]
02-19 21:12:43.138 E/mcu_services( 5512): APP2MCU - writeToUart: [ff fd fe 02 02 b4 b6 ff ]
02-19 21:12:43.140 D/K706RadioManager(17578): IMcuListener.onTransact: code=1 flags=16
02-19 21:12:43.141 D/K706RadioManager(17578): >>> IMcuListener.onMcuInfoChanged received! data=B1 00 00 28 F0 22 38 23 32 23 AA 23 BE 24 04 24 36 
02-19 21:12:43.142 D/K706RadioManager(17578): MCU[0xB1] len=17 : B1 00 00 28 F0 22 38 23 32 23 AA 23 BE 24 04 24 36 
02-19 21:12:43.142 D/K706RadioManager(17578): PresetList: band=0 presetIdx=0 currentFreq=10480 firstFreq=10480 (offset=3)
02-19 21:12:43.145 D/TunerPresenter(15794): handleTunerRawData: b1 0 0 28 f0 22 38 23 32 23 aa 23 be 24 4 24 36 
02-19 21:12:43.145 D/TunerManagerForExt(15794): FMRadio main (TunerManagerForExt.java:147) onTunerPresetListChanged:  - mBand: 0 - mPresetIndex: 0 - mFrequency: 10480 - index: 0 - preset: 8760 - index: 1 - preset: 9010 - index: 2 - preset: 9130 - index: 3 - preset: 9150 - index: 4 - preset: 9220 - index: 5 - preset: 9270
02-19 21:12:43.146 D/K706RadioManager(17578): IMcuListener.onTransact: code=1 flags=16
02-19 21:12:43.147 D/K706RadioManager(17578): >>> IMcuListener.onMcuInfoChanged received! data=B4 00 
02-19 21:12:43.147 D/K706RadioManager(17578): MCU[0xB4] len=2 : B4 00 
02-19 21:12:43.147 D/K706RadioManager(17578): RDS B4 Flags: 0x00
02-19 21:12:43.152 D/TunerPresenter(15794): handleTunerRawData: b4 0 
02-19 21:12:43.152 D/TunerManagerForExt(15794): FMRadio main (TunerManagerForExt.java:195) onTuneRdsIndicateInfo: onTuneRdsIndicateInfo - flag: 0 - mRdsSwitch: 0
02-19 21:12:43.180 E/mcu_services( 5512): MCU2APP : [ff fe fd 03 01 b0 50 e1 ff ]
02-19 21:12:43.181 D/K706RadioManager(17578): IMcuListener.onTransact: code=1 flags=16
02-19 21:12:43.181 D/K706RadioManager(17578): >>> IMcuListener.onMcuInfoChanged received! data=B0 50 
02-19 21:12:43.182 D/K706RadioManager(17578): MCU[0xB0] len=2 : B0 50 
02-19 21:12:43.182 D/K706RadioManager(17578): TunerInfo: flags=0x50 save=false AS=false finish=true valid=false ST=true LOC=false seek=false scan=false
02-19 21:12:43.184 D/TunerPresenter(15794): handleTunerRawData: b0 50 
02-19 21:12:43.184 D/TunerManagerForExt(15794): FMRadio main (TunerManagerForExt.java:108) onTunerInfoChanged: onTunerInfoChanged - flag: 80 - asFlag: 0 - psFlag: 0 - scanFlag: 0 - seekFlag: 0 - mStFlag: 1 - mLocFlag: 0 - mIsSearching: true - mTempSearching: false
02-19 21:12:43.184 D/TunerManagerForExt(15794): FMRadio main (TunerManagerForExt.java:118) onTunerInfoChanged: mIsSearching: false - mTempSearching: false - asFlag: 0 - seekFlag: 0
02-19 21:12:43.422 E/mcu_services( 5512): MCU2APP : [ff fe fd 03 01 b4 05 b0 ff ]
02-19 21:12:43.422 E/mcu_services( 5512): MCU2APP : [ff fe fd 04 01 b5 00 03 b7 ff ]
02-19 21:12:43.422 E/mcu_services( 5512): sendAckSuccess : [ff fd fe 02 02 b4 b6 ff ]
02-19 21:12:43.422 E/mcu_services( 5512): APP2MCU - writeToUart: [ff fd fe 02 02 b4 b6 ff ]
02-19 21:12:43.422 E/mcu_services( 5512): sendAckSuccess : [ff fd fe 02 02 b5 b7 ff ]
02-19 21:12:43.422 E/mcu_services( 5512): APP2MCU - writeToUart: [ff fd fe 02 02 b5 b7 ff ]
02-19 21:12:43.424 D/K706RadioManager(17578): IMcuListener.onTransact: code=1 flags=16
02-19 21:12:43.424 D/K706RadioManager(17578): >>> IMcuListener.onMcuInfoChanged received! data=B4 05 
02-19 21:12:43.424 D/K706RadioManager(17578): MCU[0xB4] len=2 : B4 05 
02-19 21:12:43.424 D/K706RadioManager(17578): RDS B4 Flags: 0x05
02-19 21:12:43.426 D/TunerPresenter(15794): handleTunerRawData: b4 5 
02-19 21:12:43.427 D/TunerManagerForExt(15794): FMRadio main (TunerManagerForExt.java:195) onTuneRdsIndicateInfo: onTuneRdsIndicateInfo - flag: 5 - mRdsSwitch: 1
02-19 21:12:43.427 D/K706RadioManager(17578): IMcuListener.onTransact: code=1 flags=16
02-19 21:12:43.427 D/K706RadioManager(17578): >>> IMcuListener.onMcuInfoChanged received! data=B5 00 03 
02-19 21:12:43.428 D/K706RadioManager(17578): MCU[0xB5] len=3 : B5 00 03 
02-19 21:12:43.428 D/K706RadioManager(17578): RDS PTY (0xB5): 0
02-19 21:12:43.430 D/TunerPresenter(15794): handleTunerRawData: b5 0 3 
02-19 21:12:43.430 D/TunerManagerForExt(15794): FMRadio main (TunerManagerForExt.java:220) onTuneRdsPtyTypeInfo: onTuneRdsPtyTypeInfo - mRdsPtyType: 0
02-19 21:12:44.373 E/mcu_services( 5512): MCU2APP : [ff fe fd 03 01 29 6d 45 ff ]
02-19 21:12:44.375 D/K706RadioManager(17578): IMcuListener.onTransact: code=1 flags=16
02-19 21:12:44.376 D/K706RadioManager(17578): >>> IMcuListener.onMcuInfoChanged received! data=29 6D 
02-19 21:12:44.376 D/K706RadioManager(17578): MCU[0x29] len=2 : 29 6D 
02-19 21:12:44.376 D/K706RadioManager(17578): Unknown MCU packet type: 0x29
02-19 21:12:46.362 E/mcu_services( 5512): MCU2APP : [ff fe fd 03 01 29 6d 45 ff ]
02-19 21:12:46.363 D/K706RadioManager(17578): IMcuListener.onTransact: code=1 flags=16
02-19 21:12:46.364 D/K706RadioManager(17578): >>> IMcuListener.onMcuInfoChanged received! data=29 6D 
02-19 21:12:46.364 D/K706RadioManager(17578): MCU[0x29] len=2 : 29 6D 
02-19 21:12:46.364 D/K706RadioManager(17578): Unknown MCU packet type: 0x29
02-19 21:12:48.350 E/mcu_services( 5512): MCU2APP : [ff fe fd 03 01 29 6d 45 ff ]
02-19 21:12:48.353 D/K706RadioManager(17578): IMcuListener.onTransact: code=1 flags=16
02-19 21:12:48.353 D/K706RadioManager(17578): >>> IMcuListener.onMcuInfoChanged received! data=29 6D 
02-19 21:12:48.354 D/K706RadioManager(17578): MCU[0x29] len=2 : 29 6D 
02-19 21:12:48.354 D/K706RadioManager(17578): Unknown MCU packet type: 0x29
02-19 21:12:50.339 E/mcu_services( 5512): MCU2APP : [ff fe fd 03 01 29 6d 45 ff ]
02-19 21:12:50.342 D/K706RadioManager(17578): IMcuListener.onTransact: code=1 flags=16
02-19 21:12:50.343 D/K706RadioManager(17578): >>> IMcuListener.onMcuInfoChanged received! data=29 6D 
02-19 21:12:50.344 D/K706RadioManager(17578): MCU[0x29] len=2 : 29 6D 
02-19 21:12:50.344 D/K706RadioManager(17578): Unknown MCU packet type: 0x29
02-19 21:12:52.328 E/mcu_services( 5512): MCU2APP : [ff fe fd 03 01 29 6d 45 ff ]
02-19 21:12:52.331 D/K706RadioManager(17578): IMcuListener.onTransact: code=1 flags=16
02-19 21:12:52.331 D/K706RadioManager(17578): >>> IMcuListener.onMcuInfoChanged received! data=29 6D 
02-19 21:12:52.332 D/K706RadioManager(17578): MCU[0x29] len=2 : 29 6D 
02-19 21:12:52.332 D/K706RadioManager(17578): Unknown MCU packet type: 0x29
02-19 21:12:53.564 E/mcu_services( 5512): MCU2APP : [ff fe fd 0a 01 b6 4f 4e 44 41 43 45 52 4f a8 ff ]
02-19 21:12:53.564 E/mcu_services( 5512): sendAckSuccess : [ff fd fe 02 02 b6 b4 ff ]
02-19 21:12:53.564 E/mcu_services( 5512): APP2MCU - writeToUart: [ff fd fe 02 02 b6 b4 ff ]
02-19 21:12:53.566 D/K706RadioManager(17578): IMcuListener.onTransact: code=1 flags=16
02-19 21:12:53.567 D/K706RadioManager(17578): >>> IMcuListener.onMcuInfoChanged received! data=B6 4F 4E 44 41 43 45 52 4F 
02-19 21:12:53.567 D/K706RadioManager(17578): MCU[0xB6] len=9 : B6 4F 4E 44 41 43 45 52 4F 
02-19 21:12:53.568 D/K706RadioManager(17578): RDS PS: 'ONDACERO'
02-19 21:12:53.571 D/TunerPresenter(15794): handleTunerRawData: b6 4f 4e 44 41 43 45 52 4f 
02-19 21:12:53.571 D/TunerManagerForExt(15794): FMRadio main (TunerManagerForExt.java:234) onTuneRdsPSInfo: onTuneRdsPSInfo - len: 9 - data: b6 4f 4e 44 41 43 45 52 4f 
02-19 21:12:53.571 D/TunerManagerForExt(15794): FMRadio main (TunerManagerForExt.java:258) onTuneRdsPSInfo: onTuneRdsPSInfo - mRdsPsInfo: ONDACERO
02-19 21:12:54.317 E/mcu_services( 5512): MCU2APP : [ff fe fd 03 01 29 6d 45 ff ]
02-19 21:12:54.320 D/K706RadioManager(17578): IMcuListener.onTransact: code=1 flags=16
02-19 21:12:54.321 D/K706RadioManager(17578): >>> IMcuListener.onMcuInfoChanged received! data=29 6D 
02-19 21:12:54.321 D/K706RadioManager(17578): MCU[0x29] len=2 : 29 6D 
02-19 21:12:54.321 D/K706RadioManager(17578): Unknown MCU packet type: 0x29
02-19 21:12:56.306 E/mcu_services( 5512): MCU2APP : [ff fe fd 03 01 29 6d 45 ff ]
02-19 21:12:56.308 D/K706RadioManager(17578): IMcuListener.onTransact: code=1 flags=16
02-19 21:12:56.309 D/K706RadioManager(17578): >>> IMcuListener.onMcuInfoChanged received! data=29 6D 
02-19 21:12:56.309 D/K706RadioManager(17578): MCU[0x29] len=2 : 29 6D 
02-19 21:12:56.309 D/K706RadioManager(17578): Unknown MCU packet type: 0x29
02-19 21:12:57.647 E/mcu_services( 5512): APP2MCU - writeToUartNormal : [ff fd fe 05 01 a0 07 01 00 a7 ff ]
02-19 21:12:57.648 D/K706RadioManager(17578): CMD Enviado: sub=0x07 p1=0x01 p2=0x00
02-19 21:12:57.648 D/K706RadioManager(17578): DX/Local toggle -> LOCAL
02-19 21:12:57.698 E/mcu_services( 5512): MCU2APP : [ff fe fd 03 01 b0 70 c1 ff ]
02-19 21:12:57.699 D/K706RadioManager(17578): IMcuListener.onTransact: code=1 flags=16
02-19 21:12:57.700 D/K706RadioManager(17578): >>> IMcuListener.onMcuInfoChanged received! data=B0 70 
02-19 21:12:57.701 D/K706RadioManager(17578): MCU[0xB0] len=2 : B0 70 
02-19 21:12:57.701 D/K706RadioManager(17578): TunerInfo: flags=0x70 save=false AS=false finish=true valid=true ST=true LOC=false seek=false scan=false
02-19 21:12:57.703 D/TunerPresenter(15794): handleTunerRawData: b0 70 
02-19 21:12:57.703 D/TunerManagerForExt(15794): FMRadio main (TunerManagerForExt.java:108) onTunerInfoChanged: onTunerInfoChanged - flag: 112 - asFlag: 0 - psFlag: 0 - scanFlag: 0 - seekFlag: 0 - mStFlag: 1 - mLocFlag: 1 - mIsSearching: false - mTempSearching: false
02-19 21:12:57.704 D/TunerManagerForExt(15794): FMRadio main (TunerManagerForExt.java:118) onTunerInfoChanged: mIsSearching: false - mTempSearching: false - asFlag: 0 - seekFlag: 0
02-19 21:12:58.295 E/mcu_services( 5512): MCU2APP : [ff fe fd 03 01 29 6d 45 ff ]
02-19 21:12:58.297 D/K706RadioManager(17578): IMcuListener.onTransact: code=1 flags=16
02-19 21:12:58.298 D/K706RadioManager(17578): >>> IMcuListener.onMcuInfoChanged received! data=29 6D 
02-19 21:12:58.298 D/K706RadioManager(17578): MCU[0x29] len=2 : 29 6D 
02-19 21:12:58.299 D/K706RadioManager(17578): Unknown MCU packet type: 0x29
02-19 21:12:59.120 E/mcu_services( 5512): APP2MCU - writeToUartNormal : [ff fd fe 05 01 a0 02 00 00 a3 ff ]
02-19 21:12:59.120 D/K706RadioManager(17578): CMD Enviado: sub=0x02 p1=0x00 p2=0x00
02-19 21:12:59.120 D/K706RadioManager(17578): Seek DOWN iniciado
02-19 21:12:59.197 E/mcu_services( 5512): MCU2APP : [ff fe fd 12 01 b1 00 00 28 eb 22 38 23 32 23 aa 23 be 24 04 24 36 5e ff ]
02-19 21:12:59.198 E/mcu_services( 5512): MCU2APP : [ff fe fd 03 01 b0 78 c9 ff ]
02-19 21:12:59.200 D/K706RadioManager(17578): IMcuListener.onTransact: code=1 flags=16
02-19 21:12:59.202 D/K706RadioManager(17578): >>> IMcuListener.onMcuInfoChanged received! data=B1 00 00 28 EB 22 38 23 32 23 AA 23 BE 24 04 24 36 
02-19 21:12:59.204 D/K706RadioManager(17578): MCU[0xB1] len=17 : B1 00 00 28 EB 22 38 23 32 23 AA 23 BE 24 04 24 36 
02-19 21:12:59.204 D/K706RadioManager(17578): PresetList: band=0 presetIdx=0 currentFreq=10475 firstFreq=10475 (offset=3)
02-19 21:12:59.205 D/K706RadioManager(17578): >>> FREQ: 104800 -> 104750 (MCU=10475, 104,75 MHz)
02-19 21:12:59.207 D/TunerPresenter(15794): handleTunerRawData: b1 0 0 28 eb 22 38 23 32 23 aa 23 be 24 4 24 36 
02-19 21:12:59.208 D/TunerManagerForExt(15794): FMRadio main (TunerManagerForExt.java:147) onTunerPresetListChanged:  - mBand: 0 - mPresetIndex: 0 - mFrequency: 10475 - index: 0 - preset: 8760 - index: 1 - preset: 9010 - index: 2 - preset: 9130 - index: 3 - preset: 9150 - index: 4 - preset: 9220 - index: 5 - preset: 9270
02-19 21:12:59.208 D/K706RadioManager(17578): IMcuListener.onTransact: code=1 flags=16
02-19 21:12:59.208 D/K706RadioManager(17578): >>> IMcuListener.onMcuInfoChanged received! data=B0 78 
02-19 21:12:59.209 D/K706RadioManager(17578): MCU[0xB0] len=2 : B0 78 
02-19 21:12:59.209 D/K706RadioManager(17578): TunerInfo: flags=0x78 save=false AS=true finish=true valid=true ST=true LOC=false seek=false scan=false
02-19 21:12:59.228 D/TunerPresenter(15794): handleTunerRawData: b0 78 
02-19 21:12:59.228 D/TunerManagerForExt(15794): FMRadio main (TunerManagerForExt.java:108) onTunerInfoChanged: onTunerInfoChanged - flag: 120 - asFlag: 0 - psFlag: 0 - scanFlag: 0 - seekFlag: 1 - mStFlag: 1 - mLocFlag: 1 - mIsSearching: false - mTempSearching: false
02-19 21:12:59.228 D/TunerManagerForExt(15794): FMRadio main (TunerManagerForExt.java:118) onTunerInfoChanged: mIsSearching: true - mTempSearching: false - asFlag: 0 - seekFlag: 1
02-19 21:12:59.241 E/mcu_services( 5512): MCU2APP : [ff fe fd 12 01 b1 00 00 28 e6 22 38 23 32 23 aa 23 be 24 04 24 36 53 ff ]
02-19 21:12:59.243 D/K706RadioManager(17578): IMcuListener.onTransact: code=1 flags=16
02-19 21:12:59.245 D/K706RadioManager(17578): >>> IMcuListener.onMcuInfoChanged received! data=B1 00 00 28 E6 22 38 23 32 23 AA 23 BE 24 04 24 36 
02-19 21:12:59.246 D/K706RadioManager(17578): MCU[0xB1] len=17 : B1 00 00 28 E6 22 38 23 32 23 AA 23 BE 24 04 24 36 
02-19 21:12:59.246 D/K706RadioManager(17578): PresetList: band=0 presetIdx=0 currentFreq=10470 firstFreq=10470 (offset=3)
02-19 21:12:59.246 D/K706RadioManager(17578): >>> FREQ: 104750 -> 104700 (MCU=10470, 104,70 MHz)
02-19 21:12:59.248 D/TunerPresenter(15794): handleTunerRawData: b1 0 0 28 e6 22 38 23 32 23 aa 23 be 24 4 24 36 
02-19 21:12:59.252 D/TunerManagerForExt(15794): FMRadio main (TunerManagerForExt.java:147) onTunerPresetListChanged:  - mBand: 0 - mPresetIndex: 0 - mFrequency: 10470 - index: 0 - preset: 8760 - index: 1 - preset: 9010 - index: 2 - preset: 9130 - index: 3 - preset: 9150 - index: 4 - preset: 9220 - index: 5 - preset: 9270
02-19 21:12:59.291 E/mcu_services( 5512): MCU2APP : [ff fe fd 12 01 b1 00 00 28 e1 22 38 23 32 23 aa 23 be 24 04 24 36 54 ff ]
02-19 21:12:59.292 D/K706RadioManager(17578): IMcuListener.onTransact: code=1 flags=16
02-19 21:12:59.294 D/K706RadioManager(17578): >>> IMcuListener.onMcuInfoChanged received! data=B1 00 00 28 E1 22 38 23 32 23 AA 23 BE 24 04 24 36 
02-19 21:12:59.294 D/K706RadioManager(17578): MCU[0xB1] len=17 : B1 00 00 28 E1 22 38 23 32 23 AA 23 BE 24 04 24 36 
02-19 21:12:59.295 D/K706RadioManager(17578): PresetList: band=0 presetIdx=0 currentFreq=10465 firstFreq=10465 (offset=3)
02-19 21:12:59.295 D/K706RadioManager(17578): >>> FREQ: 104700 -> 104650 (MCU=10465, 104,65 MHz)
02-19 21:12:59.296 D/TunerPresenter(15794): handleTunerRawData: b1 0 0 28 e1 22 38 23 32 23 aa 23 be 24 4 24 36 
02-19 21:12:59.299 D/TunerManagerForExt(15794): FMRadio main (TunerManagerForExt.java:147) onTunerPresetListChanged:  - mBand: 0 - mPresetIndex: 0 - mFrequency: 10465 - index: 0 - preset: 8760 - index: 1 - preset: 9010 - index: 2 - preset: 9130 - index: 3 - preset: 9150 - index: 4 - preset: 9220 - index: 5 - preset: 9270
02-19 21:12:59.341 E/mcu_services( 5512): MCU2APP : [ff fe fd 12 01 b1 00 00 28 dc 22 38 23 32 23 aa 23 be 24 04 24 36 69 ff ]
02-19 21:12:59.342 D/K706RadioManager(17578): IMcuListener.onTransact: code=1 flags=16
02-19 21:12:59.343 D/K706RadioManager(17578): >>> IMcuListener.onMcuInfoChanged received! data=B1 00 00 28 DC 22 38 23 32 23 AA 23 BE 24 04 24 36 
02-19 21:12:59.344 D/K706RadioManager(17578): MCU[0xB1] len=17 : B1 00 00 28 DC 22 38 23 32 23 AA 23 BE 24 04 24 36 
02-19 21:12:59.344 D/K706RadioManager(17578): PresetList: band=0 presetIdx=0 currentFreq=10460 firstFreq=10460 (offset=3)
02-19 21:12:59.344 D/K706RadioManager(17578): >>> FREQ: 104650 -> 104600 (MCU=10460, 104,60 MHz)
02-19 21:12:59.347 D/TunerPresenter(15794): handleTunerRawData: b1 0 0 28 dc 22 38 23 32 23 aa 23 be 24 4 24 36 
02-19 21:12:59.349 D/TunerManagerForExt(15794): FMRadio main (TunerManagerForExt.java:147) onTunerPresetListChanged:  - mBand: 0 - mPresetIndex: 0 - mFrequency: 10460 - index: 0 - preset: 8760 - index: 1 - preset: 9010 - index: 2 - preset: 9130 - index: 3 - preset: 9150 - index: 4 - preset: 9220 - index: 5 - preset: 9270
02-19 21:12:59.390 E/mcu_services( 5512): MCU2APP : [ff fe fd 12 01 b1 00 00 28 d7 22 38 23 32 23 aa 23 be 24 04 24 36 62 ff ]
02-19 21:12:59.392 D/K706RadioManager(17578): IMcuListener.onTransact: code=1 flags=16
02-19 21:12:59.394 D/K706RadioManager(17578): >>> IMcuListener.onMcuInfoChanged received! data=B1 00 00 28 D7 22 38 23 32 23 AA 23 BE 24 04 24 36 
02-19 21:12:59.395 D/K706RadioManager(17578): MCU[0xB1] len=17 : B1 00 00 28 D7 22 38 23 32 23 AA 23 BE 24 04 24 36 
02-19 21:12:59.395 D/K706RadioManager(17578): PresetList: band=0 presetIdx=0 currentFreq=10455 firstFreq=10455 (offset=3)
02-19 21:12:59.395 D/K706RadioManager(17578): >>> FREQ: 104600 -> 104550 (MCU=10455, 104,55 MHz)
02-19 21:12:59.397 D/TunerPresenter(15794): handleTunerRawData: b1 0 0 28 d7 22 38 23 32 23 aa 23 be 24 4 24 36 
02-19 21:12:59.399 D/TunerManagerForExt(15794): FMRadio main (TunerManagerForExt.java:147) onTunerPresetListChanged:  - mBand: 0 - mPresetIndex: 0 - mFrequency: 10455 - index: 0 - preset: 8760 - index: 1 - preset: 9010 - index: 2 - preset: 9130 - index: 3 - preset: 9150 - index: 4 - preset: 9220 - index: 5 - preset: 9270
02-19 21:12:59.440 E/mcu_services( 5512): MCU2APP : [ff fe fd 12 01 b1 00 00 28 d2 22 38 23 32 23 aa 23 be 24 04 24 36 67 ff ]
02-19 21:12:59.442 D/K706RadioManager(17578): IMcuListener.onTransact: code=1 flags=16
02-19 21:12:59.443 D/K706RadioManager(17578): >>> IMcuListener.onMcuInfoChanged received! data=B1 00 00 28 D2 22 38 23 32 23 AA 23 BE 24 04 24 36 
02-19 21:12:59.444 D/K706RadioManager(17578): MCU[0xB1] len=17 : B1 00 00 28 D2 22 38 23 32 23 AA 23 BE 24 04 24 36 
02-19 21:12:59.444 D/K706RadioManager(17578): PresetList: band=0 presetIdx=0 currentFreq=10450 firstFreq=10450 (offset=3)
02-19 21:12:59.445 D/K706RadioManager(17578): >>> FREQ: 104550 -> 104500 (MCU=10450, 104,50 MHz)
02-19 21:12:59.447 D/TunerPresenter(15794): handleTunerRawData: b1 0 0 28 d2 22 38 23 32 23 aa 23 be 24 4 24 36 
02-19 21:12:59.449 D/TunerManagerForExt(15794): FMRadio main (TunerManagerForExt.java:147) onTunerPresetListChanged:  - mBand: 0 - mPresetIndex: 0 - mFrequency: 10450 - index: 0 - preset: 8760 - index: 1 - preset: 9010 - index: 2 - preset: 9130 - index: 3 - preset: 9150 - index: 4 - preset: 9220 - index: 5 - preset: 9270
02-19 21:12:59.490 E/mcu_services( 5512): MCU2APP : [ff fe fd 12 01 b1 00 00 28 cd 22 38 23 32 23 aa 23 be 24 04 24 36 78 ff ]
02-19 21:12:59.492 D/K706RadioManager(17578): IMcuListener.onTransact: code=1 flags=16
02-19 21:12:59.493 D/K706RadioManager(17578): >>> IMcuListener.onMcuInfoChanged received! data=B1 00 00 28 CD 22 38 23 32 23 AA 23 BE 24 04 24 36 
02-19 21:12:59.494 D/K706RadioManager(17578): MCU[0xB1] len=17 : B1 00 00 28 CD 22 38 23 32 23 AA 23 BE 24 04 24 36 
02-19 21:12:59.494 D/K706RadioManager(17578): PresetList: band=0 presetIdx=0 currentFreq=10445 firstFreq=10445 (offset=3)
02-19 21:12:59.494 D/K706RadioManager(17578): >>> FREQ: 104500 -> 104450 (MCU=10445, 104,45 MHz)
02-19 21:12:59.496 D/TunerPresenter(15794): handleTunerRawData: b1 0 0 28 cd 22 38 23 32 23 aa 23 be 24 4 24 36 
02-19 21:12:59.499 D/TunerManagerForExt(15794): FMRadio main (TunerManagerForExt.java:147) onTunerPresetListChanged:  - mBand: 0 - mPresetIndex: 0 - mFrequency: 10445 - index: 0 - preset: 8760 - index: 1 - preset: 9010 - index: 2 - preset: 9130 - index: 3 - preset: 9150 - index: 4 - preset: 9220 - index: 5 - preset: 9270
02-19 21:12:59.540 E/mcu_services( 5512): MCU2APP : [ff fe fd 12 01 b1 00 00 28 c8 22 38 23 32 23 aa 23 be 24 04 24 36 7d ff ]
02-19 21:12:59.541 D/K706RadioManager(17578): IMcuListener.onTransact: code=1 flags=16
02-19 21:12:59.542 D/K706RadioManager(17578): >>> IMcuListener.onMcuInfoChanged received! data=B1 00 00 28 C8 22 38 23 32 23 AA 23 BE 24 04 24 36 
02-19 21:12:59.544 D/K706RadioManager(17578): MCU[0xB1] len=17 : B1 00 00 28 C8 22 38 23 32 23 AA 23 BE 24 04 24 36 
02-19 21:12:59.544 D/K706RadioManager(17578): PresetList: band=0 presetIdx=0 currentFreq=10440 firstFreq=10440 (offset=3)
02-19 21:12:59.544 D/K706RadioManager(17578): >>> FREQ: 104450 -> 104400 (MCU=10440, 104,40 MHz)
02-19 21:12:59.546 D/TunerPresenter(15794): handleTunerRawData: b1 0 0 28 c8 22 38 23 32 23 aa 23 be 24 4 24 36 
02-19 21:12:59.548 D/TunerManagerForExt(15794): FMRadio main (TunerManagerForExt.java:147) onTunerPresetListChanged:  - mBand: 0 - mPresetIndex: 0 - mFrequency: 10440 - index: 0 - preset: 8760 - index: 1 - preset: 9010 - index: 2 - preset: 9130 - index: 3 - preset: 9150 - index: 4 - preset: 9220 - index: 5 - preset: 9270
02-19 21:12:59.589 E/mcu_services( 5512): MCU2APP : [ff fe fd 12 01 b1 00 00 28 c3 22 38 23 32 23 aa 23 be 24 04 24 36 76 ff ]
02-19 21:12:59.592 D/K706RadioManager(17578): IMcuListener.onTransact: code=1 flags=16
02-19 21:12:59.593 D/K706RadioManager(17578): >>> IMcuListener.onMcuInfoChanged received! data=B1 00 00 28 C3 22 38 23 32 23 AA 23 BE 24 04 24 36 
02-19 21:12:59.594 D/K706RadioManager(17578): MCU[0xB1] len=17 : B1 00 00 28 C3 22 38 23 32 23 AA 23 BE 24 04 24 36 
02-19 21:12:59.595 D/K706RadioManager(17578): PresetList: band=0 presetIdx=0 currentFreq=10435 firstFreq=10435 (offset=3)
02-19 21:12:59.595 D/K706RadioManager(17578): >>> FREQ: 104400 -> 104350 (MCU=10435, 104,35 MHz)
02-19 21:12:59.597 D/TunerPresenter(15794): handleTunerRawData: b1 0 0 28 c3 22 38 23 32 23 aa 23 be 24 4 24 36 
02-19 21:12:59.599 D/TunerManagerForExt(15794): FMRadio main (TunerManagerForExt.java:147) onTunerPresetListChanged:  - mBand: 0 - mPresetIndex: 0 - mFrequency: 10435 - index: 0 - preset: 8760 - index: 1 - preset: 9010 - index: 2 - preset: 9130 - index: 3 - preset: 9150 - index: 4 - preset: 9220 - index: 5 - preset: 9270
02-19 21:12:59.639 E/mcu_services( 5512): MCU2APP : [ff fe fd 12 01 b1 00 00 28 be 22 38 23 32 23 aa 23 be 24 04 24 36 0b ff ]
02-19 21:12:59.641 D/K706RadioManager(17578): IMcuListener.onTransact: code=1 flags=16
02-19 21:12:59.642 D/K706RadioManager(17578): >>> IMcuListener.onMcuInfoChanged received! data=B1 00 00 28 BE 22 38 23 32 23 AA 23 BE 24 04 24 36 
02-19 21:12:59.643 D/K706RadioManager(17578): MCU[0xB1] len=17 : B1 00 00 28 BE 22 38 23 32 23 AA 23 BE 24 04 24 36 
02-19 21:12:59.643 D/K706RadioManager(17578): PresetList: band=0 presetIdx=0 currentFreq=10430 firstFreq=10430 (offset=3)
02-19 21:12:59.643 D/K706RadioManager(17578): >>> FREQ: 104350 -> 104300 (MCU=10430, 104,30 MHz)
02-19 21:12:59.646 D/TunerPresenter(15794): handleTunerRawData: b1 0 0 28 be 22 38 23 32 23 aa 23 be 24 4 24 36 
02-19 21:12:59.648 D/TunerManagerForExt(15794): FMRadio main (TunerManagerForExt.java:147) onTunerPresetListChanged:  - mBand: 0 - mPresetIndex: 0 - mFrequency: 10430 - index: 0 - preset: 8760 - index: 1 - preset: 9010 - index: 2 - preset: 9130 - index: 3 - preset: 9150 - index: 4 - preset: 9220 - index: 5 - preset: 9270
02-19 21:12:59.689 E/mcu_services( 5512): MCU2APP : [ff fe fd 12 01 b1 00 00 28 b9 22 38 23 32 23 aa 23 be 24 04 24 36 0c ff ]
02-19 21:12:59.690 D/K706RadioManager(17578): IMcuListener.onTransact: code=1 flags=16
02-19 21:12:59.691 D/K706RadioManager(17578): >>> IMcuListener.onMcuInfoChanged received! data=B1 00 00 28 B9 22 38 23 32 23 AA 23 BE 24 04 24 36 
02-19 21:12:59.692 D/K706RadioManager(17578): MCU[0xB1] len=17 : B1 00 00 28 B9 22 38 23 32 23 AA 23 BE 24 04 24 36 
02-19 21:12:59.692 D/K706RadioManager(17578): PresetList: band=0 presetIdx=0 currentFreq=10425 firstFreq=10425 (offset=3)
02-19 21:12:59.692 D/K706RadioManager(17578): >>> FREQ: 104300 -> 104250 (MCU=10425, 104,25 MHz)
02-19 21:12:59.694 D/TunerPresenter(15794): handleTunerRawData: b1 0 0 28 b9 22 38 23 32 23 aa 23 be 24 4 24 36 
02-19 21:12:59.696 D/TunerManagerForExt(15794): FMRadio main (TunerManagerForExt.java:147) onTunerPresetListChanged:  - mBand: 0 - mPresetIndex: 0 - mFrequency: 10425 - index: 0 - preset: 8760 - index: 1 - preset: 9010 - index: 2 - preset: 9130 - index: 3 - preset: 9150 - index: 4 - preset: 9220 - index: 5 - preset: 9270
02-19 21:12:59.738 E/mcu_services( 5512): MCU2APP : [ff fe fd 12 01 b1 00 00 28 b4 22 38 23 32 23 aa 23 be 24 04 24 36 01 ff ]
02-19 21:12:59.739 D/K706RadioManager(17578): IMcuListener.onTransact: code=1 flags=16
02-19 21:12:59.740 D/K706RadioManager(17578): >>> IMcuListener.onMcuInfoChanged received! data=B1 00 00 28 B4 22 38 23 32 23 AA 23 BE 24 04 24 36 
02-19 21:12:59.741 D/K706RadioManager(17578): MCU[0xB1] len=17 : B1 00 00 28 B4 22 38 23 32 23 AA 23 BE 24 04 24 36 
02-19 21:12:59.741 D/K706RadioManager(17578): PresetList: band=0 presetIdx=0 currentFreq=10420 firstFreq=10420 (offset=3)
02-19 21:12:59.741 D/K706RadioManager(17578): >>> FREQ: 104250 -> 104200 (MCU=10420, 104,20 MHz)
02-19 21:12:59.743 D/TunerPresenter(15794): handleTunerRawData: b1 0 0 28 b4 22 38 23 32 23 aa 23 be 24 4 24 36 
02-19 21:12:59.745 D/TunerManagerForExt(15794): FMRadio main (TunerManagerForExt.java:147) onTunerPresetListChanged:  - mBand: 0 - mPresetIndex: 0 - mFrequency: 10420 - index: 0 - preset: 8760 - index: 1 - preset: 9010 - index: 2 - preset: 9130 - index: 3 - preset: 9150 - index: 4 - preset: 9220 - index: 5 - preset: 9270
02-19 21:12:59.788 E/mcu_services( 5512): MCU2APP : [ff fe fd 12 01 b1 00 00 28 af 22 38 23 32 23 aa 23 be 24 04 24 36 1a ff ]
02-19 21:12:59.789 D/K706RadioManager(17578): IMcuListener.onTransact: code=1 flags=16
02-19 21:12:59.791 D/K706RadioManager(17578): >>> IMcuListener.onMcuInfoChanged received! data=B1 00 00 28 AF 22 38 23 32 23 AA 23 BE 24 04 24 36 
02-19 21:12:59.791 D/K706RadioManager(17578): MCU[0xB1] len=17 : B1 00 00 28 AF 22 38 23 32 23 AA 23 BE 24 04 24 36 
02-19 21:12:59.791 D/K706RadioManager(17578): PresetList: band=0 presetIdx=0 currentFreq=10415 firstFreq=10415 (offset=3)
02-19 21:12:59.792 D/K706RadioManager(17578): >>> FREQ: 104200 -> 104150 (MCU=10415, 104,15 MHz)
02-19 21:12:59.794 D/TunerPresenter(15794): handleTunerRawData: b1 0 0 28 af 22 38 23 32 23 aa 23 be 24 4 24 36 
02-19 21:12:59.796 D/TunerManagerForExt(15794): FMRadio main (TunerManagerForExt.java:147) onTunerPresetListChanged:  - mBand: 0 - mPresetIndex: 0 - mFrequency: 10415 - index: 0 - preset: 8760 - index: 1 - preset: 9010 - index: 2 - preset: 9130 - index: 3 - preset: 9150 - index: 4 - preset: 9220 - index: 5 - preset: 9270
02-19 21:12:59.838 E/mcu_services( 5512): MCU2APP : [ff fe fd 12 01 b1 00 00 28 aa 22 38 23 32 23 aa 23 be 24 04 24 36 1f ff ]
02-19 21:12:59.840 D/K706RadioManager(17578): IMcuListener.onTransact: code=1 flags=16
02-19 21:12:59.841 D/K706RadioManager(17578): >>> IMcuListener.onMcuInfoChanged received! data=B1 00 00 28 AA 22 38 23 32 23 AA 23 BE 24 04 24 36 
02-19 21:12:59.842 D/K706RadioManager(17578): MCU[0xB1] len=17 : B1 00 00 28 AA 22 38 23 32 23 AA 23 BE 24 04 24 36 
02-19 21:12:59.842 D/K706RadioManager(17578): PresetList: band=0 presetIdx=0 currentFreq=10410 firstFreq=10410 (offset=3)
02-19 21:12:59.842 D/K706RadioManager(17578): >>> FREQ: 104150 -> 104100 (MCU=10410, 104,10 MHz)
02-19 21:12:59.844 D/TunerPresenter(15794): handleTunerRawData: b1 0 0 28 aa 22 38 23 32 23 aa 23 be 24 4 24 36 
02-19 21:12:59.847 D/TunerManagerForExt(15794): FMRadio main (TunerManagerForExt.java:147) onTunerPresetListChanged:  - mBand: 0 - mPresetIndex: 0 - mFrequency: 10410 - index: 0 - preset: 8760 - index: 1 - preset: 9010 - index: 2 - preset: 9130 - index: 3 - preset: 9150 - index: 4 - preset: 9220 - index: 5 - preset: 9270
02-19 21:12:59.888 E/mcu_services( 5512): MCU2APP : [ff fe fd 12 01 b1 00 00 28 a5 22 38 23 32 23 aa 23 be 24 04 24 36 10 ff ]
02-19 21:12:59.889 D/K706RadioManager(17578): IMcuListener.onTransact: code=1 flags=16
02-19 21:12:59.890 D/K706RadioManager(17578): >>> IMcuListener.onMcuInfoChanged received! data=B1 00 00 28 A5 22 38 23 32 23 AA 23 BE 24 04 24 36 
02-19 21:12:59.891 D/K706RadioManager(17578): MCU[0xB1] len=17 : B1 00 00 28 A5 22 38 23 32 23 AA 23 BE 24 04 24 36 
02-19 21:12:59.891 D/K706RadioManager(17578): PresetList: band=0 presetIdx=0 currentFreq=10405 firstFreq=10405 (offset=3)
02-19 21:12:59.891 D/K706RadioManager(17578): >>> FREQ: 104100 -> 104050 (MCU=10405, 104,05 MHz)
02-19 21:12:59.893 D/TunerPresenter(15794): handleTunerRawData: b1 0 0 28 a5 22 38 23 32 23 aa 23 be 24 4 24 36 
02-19 21:12:59.895 D/TunerManagerForExt(15794): FMRadio main (TunerManagerForExt.java:147) onTunerPresetListChanged:  - mBand: 0 - mPresetIndex: 0 - mFrequency: 10405 - index: 0 - preset: 8760 - index: 1 - preset: 9010 - index: 2 - preset: 9130 - index: 3 - preset: 9150 - index: 4 - preset: 9220 - index: 5 - preset: 9270
02-19 21:12:59.937 E/mcu_services( 5512): MCU2APP : [ff fe fd 12 01 b1 00 00 28 a0 22 38 23 32 23 aa 23 be 24 04 24 36 15 ff ]
02-19 21:12:59.939 D/K706RadioManager(17578): IMcuListener.onTransact: code=1 flags=16
02-19 21:12:59.940 D/K706RadioManager(17578): >>> IMcuListener.onMcuInfoChanged received! data=B1 00 00 28 A0 22 38 23 32 23 AA 23 BE 24 04 24 36 
02-19 21:12:59.941 D/K706RadioManager(17578): MCU[0xB1] len=17 : B1 00 00 28 A0 22 38 23 32 23 AA 23 BE 24 04 24 36 
02-19 21:12:59.942 D/K706RadioManager(17578): PresetList: band=0 presetIdx=0 currentFreq=10400 firstFreq=10400 (offset=3)
02-19 21:12:59.942 D/K706RadioManager(17578): >>> FREQ: 104050 -> 104000 (MCU=10400, 104,00 MHz)
02-19 21:12:59.945 D/TunerPresenter(15794): handleTunerRawData: b1 0 0 28 a0 22 38 23 32 23 aa 23 be 24 4 24 36 
02-19 21:12:59.948 D/TunerManagerForExt(15794): FMRadio main (TunerManagerForExt.java:147) onTunerPresetListChanged:  - mBand: 0 - mPresetIndex: 0 - mFrequency: 10400 - index: 0 - preset: 8760 - index: 1 - preset: 9010 - index: 2 - preset: 9130 - index: 3 - preset: 9150 - index: 4 - preset: 9220 - index: 5 - preset: 9270
02-19 21:12:59.987 E/mcu_services( 5512): MCU2APP : [ff fe fd 12 01 b1 00 00 28 9b 22 38 23 32 23 aa 23 be 24 04 24 36 2e ff ]
02-19 21:12:59.989 D/K706RadioManager(17578): IMcuListener.onTransact: code=1 flags=16
02-19 21:12:59.990 D/K706RadioManager(17578): >>> IMcuListener.onMcuInfoChanged received! data=B1 00 00 28 9B 22 38 23 32 23 AA 23 BE 24 04 24 36 
02-19 21:12:59.991 D/K706RadioManager(17578): MCU[0xB1] len=17 : B1 00 00 28 9B 22 38 23 32 23 AA 23 BE 24 04 24 36 
02-19 21:12:59.991 D/K706RadioManager(17578): PresetList: band=0 presetIdx=0 currentFreq=10395 firstFreq=10395 (offset=3)
02-19 21:12:59.991 D/K706RadioManager(17578): >>> FREQ: 104000 -> 103950 (MCU=10395, 103,95 MHz)
02-19 21:12:59.994 D/TunerPresenter(15794): handleTunerRawData: b1 0 0 28 9b 22 38 23 32 23 aa 23 be 24 4 24 36 
02-19 21:12:59.997 D/TunerManagerForExt(15794): FMRadio main (TunerManagerForExt.java:147) onTunerPresetListChanged:  - mBand: 0 - mPresetIndex: 0 - mFrequency: 10395 - index: 0 - preset: 8760 - index: 1 - preset: 9010 - index: 2 - preset: 9130 - index: 3 - preset: 9150 - index: 4 - preset: 9220 - index: 5 - preset: 9270
02-19 21:13:00.037 E/mcu_services( 5512): MCU2APP : [ff fe fd 12 01 b1 00 00 28 96 22 38 23 32 23 aa 23 be 24 04 24 36 23 ff ]
02-19 21:13:00.038 D/K706RadioManager(17578): IMcuListener.onTransact: code=1 flags=16
02-19 21:13:00.039 D/K706RadioManager(17578): >>> IMcuListener.onMcuInfoChanged received! data=B1 00 00 28 96 22 38 23 32 23 AA 23 BE 24 04 24 36 
02-19 21:13:00.040 D/K706RadioManager(17578): MCU[0xB1] len=17 : B1 00 00 28 96 22 38 23 32 23 AA 23 BE 24 04 24 36 
02-19 21:13:00.040 D/K706RadioManager(17578): PresetList: band=0 presetIdx=0 currentFreq=10390 firstFreq=10390 (offset=3)
02-19 21:13:00.040 D/K706RadioManager(17578): >>> FREQ: 103950 -> 103900 (MCU=10390, 103,90 MHz)
02-19 21:13:00.042 D/TunerPresenter(15794): handleTunerRawData: b1 0 0 28 96 22 38 23 32 23 aa 23 be 24 4 24 36 
02-19 21:13:00.045 D/TunerManagerForExt(15794): FMRadio main (TunerManagerForExt.java:147) onTunerPresetListChanged:  - mBand: 0 - mPresetIndex: 0 - mFrequency: 10390 - index: 0 - preset: 8760 - index: 1 - preset: 9010 - index: 2 - preset: 9130 - index: 3 - preset: 9150 - index: 4 - preset: 9220 - index: 5 - preset: 9270
02-19 21:13:00.086 E/mcu_services( 5512): MCU2APP : [ff fe fd 12 01 b1 00 00 28 91 22 38 23 32 23 aa 23 be 24 04 24 36 24 ff ]
02-19 21:13:00.087 D/K706RadioManager(17578): IMcuListener.onTransact: code=1 flags=16
02-19 21:13:00.089 D/K706RadioManager(17578): >>> IMcuListener.onMcuInfoChanged received! data=B1 00 00 28 91 22 38 23 32 23 AA 23 BE 24 04 24 36 
02-19 21:13:00.090 D/K706RadioManager(17578): MCU[0xB1] len=17 : B1 00 00 28 91 22 38 23 32 23 AA 23 BE 24 04 24 36 
02-19 21:13:00.090 D/K706RadioManager(17578): PresetList: band=0 presetIdx=0 currentFreq=10385 firstFreq=10385 (offset=3)
02-19 21:13:00.090 D/K706RadioManager(17578): >>> FREQ: 103900 -> 103850 (MCU=10385, 103,85 MHz)
02-19 21:13:00.092 D/TunerPresenter(15794): handleTunerRawData: b1 0 0 28 91 22 38 23 32 23 aa 23 be 24 4 24 36 
02-19 21:13:00.094 D/TunerManagerForExt(15794): FMRadio main (TunerManagerForExt.java:147) onTunerPresetListChanged:  - mBand: 0 - mPresetIndex: 0 - mFrequency: 10385 - index: 0 - preset: 8760 - index: 1 - preset: 9010 - index: 2 - preset: 9130 - index: 3 - preset: 9150 - index: 4 - preset: 9220 - index: 5 - preset: 9270
02-19 21:13:00.136 E/mcu_services( 5512): MCU2APP : [ff fe fd 12 01 b1 00 00 28 8c 22 38 23 32 23 aa 23 be 24 04 24 36 39 ff ]
02-19 21:13:00.138 D/K706RadioManager(17578): IMcuListener.onTransact: code=1 flags=16
02-19 21:13:00.140 D/K706RadioManager(17578): >>> IMcuListener.onMcuInfoChanged received! data=B1 00 00 28 8C 22 38 23 32 23 AA 23 BE 24 04 24 36 
02-19 21:13:00.141 D/K706RadioManager(17578): MCU[0xB1] len=17 : B1 00 00 28 8C 22 38 23 32 23 AA 23 BE 24 04 24 36 
02-19 21:13:00.141 D/K706RadioManager(17578): PresetList: band=0 presetIdx=0 currentFreq=10380 firstFreq=10380 (offset=3)
02-19 21:13:00.141 D/K706RadioManager(17578): >>> FREQ: 103850 -> 103800 (MCU=10380, 103,80 MHz)
02-19 21:13:00.143 D/TunerPresenter(15794): handleTunerRawData: b1 0 0 28 8c 22 38 23 32 23 aa 23 be 24 4 24 36 
02-19 21:13:00.146 D/TunerManagerForExt(15794): FMRadio main (TunerManagerForExt.java:147) onTunerPresetListChanged:  - mBand: 0 - mPresetIndex: 0 - mFrequency: 10380 - index: 0 - preset: 8760 - index: 1 - preset: 9010 - index: 2 - preset: 9130 - index: 3 - preset: 9150 - index: 4 - preset: 9220 - index: 5 - preset: 9270
02-19 21:13:00.179 E/mcu_services( 5512): MCU2APP : [ff fe fd 12 01 b1 00 00 28 8c 22 38 23 32 23 aa 23 be 24 04 24 36 39 ff ]
02-19 21:13:00.181 D/K706RadioManager(17578): IMcuListener.onTransact: code=1 flags=16
02-19 21:13:00.182 D/K706RadioManager(17578): >>> IMcuListener.onMcuInfoChanged received! data=B1 00 00 28 8C 22 38 23 32 23 AA 23 BE 24 04 24 36 
02-19 21:13:00.184 D/K706RadioManager(17578): MCU[0xB1] len=17 : B1 00 00 28 8C 22 38 23 32 23 AA 23 BE 24 04 24 36 
02-19 21:13:00.184 D/K706RadioManager(17578): PresetList: band=0 presetIdx=0 currentFreq=10380 firstFreq=10380 (offset=3)
02-19 21:13:00.188 D/TunerPresenter(15794): handleTunerRawData: b1 0 0 28 8c 22 38 23 32 23 aa 23 be 24 4 24 36 
02-19 21:13:00.193 D/TunerManagerForExt(15794): FMRadio main (TunerManagerForExt.java:147) onTunerPresetListChanged:  - mBand: 0 - mPresetIndex: 0 - mFrequency: 10380 - index: 0 - preset: 8760 - index: 1 - preset: 9010 - index: 2 - preset: 9130 - index: 3 - preset: 9150 - index: 4 - preset: 9220 - index: 5 - preset: 9270
02-19 21:13:00.249 E/mcu_services( 5512): MCU2APP : [ff fe fd 12 01 b1 00 00 28 8c 22 38 23 32 23 aa 23 be 24 04 24 36 39 ff ]
02-19 21:13:00.251 D/K706RadioManager(17578): IMcuListener.onTransact: code=1 flags=16
02-19 21:13:00.252 D/K706RadioManager(17578): >>> IMcuListener.onMcuInfoChanged received! data=B1 00 00 28 8C 22 38 23 32 23 AA 23 BE 24 04 24 36 
02-19 21:13:00.252 E/mcu_services( 5512): MCU2APP : [ff fe fd 03 01 b4 00 b5 ff ]
02-19 21:13:00.252 E/mcu_services( 5512): sendAckSuccess : [ff fd fe 02 02 b4 b6 ff ]
02-19 21:13:00.252 E/mcu_services( 5512): APP2MCU - writeToUart: [ff fd fe 02 02 b4 b6 ff ]
02-19 21:13:00.253 D/K706RadioManager(17578): MCU[0xB1] len=17 : B1 00 00 28 8C 22 38 23 32 23 AA 23 BE 24 04 24 36 
02-19 21:13:00.253 D/K706RadioManager(17578): PresetList: band=0 presetIdx=0 currentFreq=10380 firstFreq=10380 (offset=3)
02-19 21:13:00.256 D/TunerPresenter(15794): handleTunerRawData: b1 0 0 28 8c 22 38 23 32 23 aa 23 be 24 4 24 36 
02-19 21:13:00.257 D/TunerManagerForExt(15794): FMRadio main (TunerManagerForExt.java:147) onTunerPresetListChanged:  - mBand: 0 - mPresetIndex: 0 - mFrequency: 10380 - index: 0 - preset: 8760 - index: 1 - preset: 9010 - index: 2 - preset: 9130 - index: 3 - preset: 9150 - index: 4 - preset: 9220 - index: 5 - preset: 9270
02-19 21:13:00.257 D/K706RadioManager(17578): IMcuListener.onTransact: code=1 flags=16
02-19 21:13:00.258 D/K706RadioManager(17578): >>> IMcuListener.onMcuInfoChanged received! data=B4 00 
02-19 21:13:00.258 D/K706RadioManager(17578): MCU[0xB4] len=2 : B4 00 
02-19 21:13:00.258 D/K706RadioManager(17578): RDS B4 Flags: 0x00
02-19 21:13:00.265 D/TunerPresenter(15794): handleTunerRawData: b4 0 
02-19 21:13:00.265 D/TunerManagerForExt(15794): FMRadio main (TunerManagerForExt.java:195) onTuneRdsIndicateInfo: onTuneRdsIndicateInfo - flag: 0 - mRdsSwitch: 0
02-19 21:13:00.293 E/mcu_services( 5512): MCU2APP : [ff fe fd 03 01 b0 70 c1 ff ]
02-19 21:13:00.294 D/K706RadioManager(17578): IMcuListener.onTransact: code=1 flags=16
02-19 21:13:00.295 D/K706RadioManager(17578): >>> IMcuListener.onMcuInfoChanged received! data=B0 70 
02-19 21:13:00.295 D/K706RadioManager(17578): MCU[0xB0] len=2 : B0 70 
02-19 21:13:00.295 D/K706RadioManager(17578): TunerInfo: flags=0x70 save=false AS=false finish=true valid=true ST=true LOC=false seek=false scan=false
02-19 21:13:00.297 D/TunerPresenter(15794): handleTunerRawData: b0 70 
02-19 21:13:00.297 D/TunerManagerForExt(15794): FMRadio main (TunerManagerForExt.java:108) onTunerInfoChanged: onTunerInfoChanged - flag: 112 - asFlag: 0 - psFlag: 0 - scanFlag: 0 - seekFlag: 0 - mStFlag: 1 - mLocFlag: 1 - mIsSearching: true - mTempSearching: false
02-19 21:13:00.297 D/TunerManagerForExt(15794): FMRadio main (TunerManagerForExt.java:118) onTunerInfoChanged: mIsSearching: false - mTempSearching: false - asFlag: 0 - seekFlag: 0
02-19 21:13:00.393 E/mcu_services( 5512): MCU2APP : [ff fe fd 03 01 29 6d 45 ff ]
02-19 21:13:00.395 D/K706RadioManager(17578): IMcuListener.onTransact: code=1 flags=16
02-19 21:13:00.395 D/K706RadioManager(17578): >>> IMcuListener.onMcuInfoChanged received! data=29 6D 
02-19 21:13:00.396 D/K706RadioManager(17578): MCU[0x29] len=2 : 29 6D 
02-19 21:13:00.396 D/K706RadioManager(17578): Unknown MCU packet type: 0x29
02-19 21:13:00.625 E/mcu_services( 5512): MCU2APP : [ff fe fd 03 01 b4 05 b0 ff ]
02-19 21:13:00.625 E/mcu_services( 5512): MCU2APP : [ff fe fd 04 01 b5 00 09 bd ff ]
02-19 21:13:00.625 E/mcu_services( 5512): sendAckSuccess : [ff fd fe 02 02 b4 b6 ff ]
02-19 21:13:00.625 E/mcu_services( 5512): APP2MCU - writeToUart: [ff fd fe 02 02 b4 b6 ff ]
02-19 21:13:00.626 E/mcu_services( 5512): sendAckSuccess : [ff fd fe 02 02 b5 b7 ff ]
02-19 21:13:00.626 E/mcu_services( 5512): APP2MCU - writeToUart: [ff fd fe 02 02 b5 b7 ff ]
02-19 21:13:00.627 D/K706RadioManager(17578): IMcuListener.onTransact: code=1 flags=16
02-19 21:13:00.628 D/K706RadioManager(17578): >>> IMcuListener.onMcuInfoChanged received! data=B4 05 
02-19 21:13:00.628 D/K706RadioManager(17578): MCU[0xB4] len=2 : B4 05 
02-19 21:13:00.628 D/K706RadioManager(17578): RDS B4 Flags: 0x05
02-19 21:13:00.631 D/TunerPresenter(15794): handleTunerRawData: b4 5 
02-19 21:13:00.631 D/TunerManagerForExt(15794): FMRadio main (TunerManagerForExt.java:195) onTuneRdsIndicateInfo: onTuneRdsIndicateInfo - flag: 5 - mRdsSwitch: 1
02-19 21:13:00.632 D/K706RadioManager(17578): IMcuListener.onTransact: code=1 flags=16
02-19 21:13:00.632 D/K706RadioManager(17578): >>> IMcuListener.onMcuInfoChanged received! data=B5 00 09 
02-19 21:13:00.633 D/K706RadioManager(17578): MCU[0xB5] len=3 : B5 00 09 
02-19 21:13:00.633 D/K706RadioManager(17578): RDS PTY (0xB5): 0
02-19 21:13:00.635 D/TunerPresenter(15794): handleTunerRawData: b5 0 9 
02-19 21:13:00.635 D/TunerManagerForExt(15794): FMRadio main (TunerManagerForExt.java:220) onTuneRdsPtyTypeInfo: onTuneRdsPtyTypeInfo - mRdsPtyType: 0
02-19 21:13:02.021 E/mcu_services( 5512): APP2MCU - writeToUartNormal : [ff fd fe 05 01 a0 02 00 00 a3 ff ]
02-19 21:13:02.022 D/K706RadioManager(17578): CMD Enviado: sub=0x02 p1=0x00 p2=0x00
02-19 21:13:02.022 D/K706RadioManager(17578): Seek DOWN iniciado
02-19 21:13:02.099 E/mcu_services( 5512): MCU2APP : [ff fe fd 12 01 b1 00 00 28 87 22 38 23 32 23 aa 23 be 24 04 24 36 32 ff ]
02-19 21:13:02.099 E/mcu_services( 5512): MCU2APP : [ff fe fd 03 01 b0 78 c9 ff ]
02-19 21:13:02.102 D/K706RadioManager(17578): IMcuListener.onTransact: code=1 flags=16
02-19 21:13:02.103 D/K706RadioManager(17578): >>> IMcuListener.onMcuInfoChanged received! data=B1 00 00 28 87 22 38 23 32 23 AA 23 BE 24 04 24 36 
02-19 21:13:02.104 D/K706RadioManager(17578): MCU[0xB1] len=17 : B1 00 00 28 87 22 38 23 32 23 AA 23 BE 24 04 24 36 
02-19 21:13:02.104 D/K706RadioManager(17578): PresetList: band=0 presetIdx=0 currentFreq=10375 firstFreq=10375 (offset=3)
02-19 21:13:02.105 D/K706RadioManager(17578): >>> FREQ: 103800 -> 103750 (MCU=10375, 103,75 MHz)
02-19 21:13:02.107 D/TunerPresenter(15794): handleTunerRawData: b1 0 0 28 87 22 38 23 32 23 aa 23 be 24 4 24 36 
02-19 21:13:02.108 D/TunerManagerForExt(15794): FMRadio main (TunerManagerForExt.java:147) onTunerPresetListChanged:  - mBand: 0 - mPresetIndex: 0 - mFrequency: 10375 - index: 0 - preset: 8760 - index: 1 - preset: 9010 - index: 2 - preset: 9130 - index: 3 - preset: 9150 - index: 4 - preset: 9220 - index: 5 - preset: 9270
02-19 21:13:02.108 D/K706RadioManager(17578): IMcuListener.onTransact: code=1 flags=16
02-19 21:13:02.108 D/K706RadioManager(17578): >>> IMcuListener.onMcuInfoChanged received! data=B0 78 
02-19 21:13:02.108 D/K706RadioManager(17578): MCU[0xB0] len=2 : B0 78 
02-19 21:13:02.109 D/K706RadioManager(17578): TunerInfo: flags=0x78 save=false AS=true finish=true valid=true ST=true LOC=false seek=false scan=false
02-19 21:13:02.126 D/TunerPresenter(15794): handleTunerRawData: b0 78 
02-19 21:13:02.126 D/TunerManagerForExt(15794): FMRadio main (TunerManagerForExt.java:108) onTunerInfoChanged: onTunerInfoChanged - flag: 120 - asFlag: 0 - psFlag: 0 - scanFlag: 0 - seekFlag: 1 - mStFlag: 1 - mLocFlag: 1 - mIsSearching: false - mTempSearching: false
02-19 21:13:02.126 D/TunerManagerForExt(15794): FMRadio main (TunerManagerForExt.java:118) onTunerInfoChanged: mIsSearching: true - mTempSearching: false - asFlag: 0 - seekFlag: 1
02-19 21:13:02.145 E/mcu_services( 5512): MCU2APP : [ff fe fd 12 01 b1 00 00 28 82 22 38 23 32 23 aa 23 be 24 04 24 36 37 ff ]
02-19 21:13:02.147 D/K706RadioManager(17578): IMcuListener.onTransact: code=1 flags=16
02-19 21:13:02.148 D/K706RadioManager(17578): >>> IMcuListener.onMcuInfoChanged received! data=B1 00 00 28 82 22 38 23 32 23 AA 23 BE 24 04 24 36 
02-19 21:13:02.149 D/K706RadioManager(17578): MCU[0xB1] len=17 : B1 00 00 28 82 22 38 23 32 23 AA 23 BE 24 04 24 36 
02-19 21:13:02.149 D/K706RadioManager(17578): PresetList: band=0 presetIdx=0 currentFreq=10370 firstFreq=10370 (offset=3)
02-19 21:13:02.149 D/K706RadioManager(17578): >>> FREQ: 103750 -> 103700 (MCU=10370, 103,70 MHz)
02-19 21:13:02.152 D/TunerPresenter(15794): handleTunerRawData: b1 0 0 28 82 22 38 23 32 23 aa 23 be 24 4 24 36 
02-19 21:13:02.155 D/TunerManagerForExt(15794): FMRadio main (TunerManagerForExt.java:147) onTunerPresetListChanged:  - mBand: 0 - mPresetIndex: 0 - mFrequency: 10370 - index: 0 - preset: 8760 - index: 1 - preset: 9010 - index: 2 - preset: 9130 - index: 3 - preset: 9150 - index: 4 - preset: 9220 - index: 5 - preset: 9270
02-19 21:13:02.194 E/mcu_services( 5512): MCU2APP : [ff fe fd 12 01 b1 00 00 28 7d 22 38 23 32 23 aa 23 be 24 04 24 36 c8 ff ]
02-19 21:13:02.196 D/K706RadioManager(17578): IMcuListener.onTransact: code=1 flags=16
02-19 21:13:02.197 D/K706RadioManager(17578): >>> IMcuListener.onMcuInfoChanged received! data=B1 00 00 28 7D 22 38 23 32 23 AA 23 BE 24 04 24 36 
02-19 21:13:02.198 D/K706RadioManager(17578): MCU[0xB1] len=17 : B1 00 00 28 7D 22 38 23 32 23 AA 23 BE 24 04 24 36 
02-19 21:13:02.198 D/K706RadioManager(17578): PresetList: band=0 presetIdx=0 currentFreq=10365 firstFreq=10365 (offset=3)
02-19 21:13:02.198 D/K706RadioManager(17578): >>> FREQ: 103700 -> 103650 (MCU=10365, 103,65 MHz)
02-19 21:13:02.200 D/TunerPresenter(15794): handleTunerRawData: b1 0 0 28 7d 22 38 23 32 23 aa 23 be 24 4 24 36 
02-19 21:13:02.203 D/TunerManagerForExt(15794): FMRadio main (TunerManagerForExt.java:147) onTunerPresetListChanged:  - mBand: 0 - mPresetIndex: 0 - mFrequency: 10365 - index: 0 - preset: 8760 - index: 1 - preset: 9010 - index: 2 - preset: 9130 - index: 3 - preset: 9150 - index: 4 - preset: 9220 - index: 5 - preset: 9270
02-19 21:13:02.244 E/mcu_services( 5512): MCU2APP : [ff fe fd 12 01 b1 00 00 28 78 22 38 23 32 23 aa 23 be 24 04 24 36 cd ff ]
02-19 21:13:02.246 D/K706RadioManager(17578): IMcuListener.onTransact: code=1 flags=16
02-19 21:13:02.247 D/K706RadioManager(17578): >>> IMcuListener.onMcuInfoChanged received! data=B1 00 00 28 78 22 38 23 32 23 AA 23 BE 24 04 24 36 
02-19 21:13:02.248 D/K706RadioManager(17578): MCU[0xB1] len=17 : B1 00 00 28 78 22 38 23 32 23 AA 23 BE 24 04 24 36 
02-19 21:13:02.248 D/K706RadioManager(17578): PresetList: band=0 presetIdx=0 currentFreq=10360 firstFreq=10360 (offset=3)
02-19 21:13:02.248 D/K706RadioManager(17578): >>> FREQ: 103650 -> 103600 (MCU=10360, 103,60 MHz)
02-19 21:13:02.250 D/TunerPresenter(15794): handleTunerRawData: b1 0 0 28 78 22 38 23 32 23 aa 23 be 24 4 24 36 
02-19 21:13:02.253 D/TunerManagerForExt(15794): FMRadio main (TunerManagerForExt.java:147) onTunerPresetListChanged:  - mBand: 0 - mPresetIndex: 0 - mFrequency: 10360 - index: 0 - preset: 8760 - index: 1 - preset: 9010 - index: 2 - preset: 9130 - index: 3 - preset: 9150 - index: 4 - preset: 9220 - index: 5 - preset: 9270
02-19 21:13:02.294 E/mcu_services( 5512): MCU2APP : [ff fe fd 12 01 b1 00 00 28 73 22 38 23 32 23 aa 23 be 24 04 24 36 c6 ff ]
02-19 21:13:02.296 D/K706RadioManager(17578): IMcuListener.onTransact: code=1 flags=16
02-19 21:13:02.297 D/K706RadioManager(17578): >>> IMcuListener.onMcuInfoChanged received! data=B1 00 00 28 73 22 38 23 32 23 AA 23 BE 24 04 24 36 
02-19 21:13:02.298 D/K706RadioManager(17578): MCU[0xB1] len=17 : B1 00 00 28 73 22 38 23 32 23 AA 23 BE 24 04 24 36 
02-19 21:13:02.298 D/K706RadioManager(17578): PresetList: band=0 presetIdx=0 currentFreq=10355 firstFreq=10355 (offset=3)
02-19 21:13:02.299 D/K706RadioManager(17578): >>> FREQ: 103600 -> 103550 (MCU=10355, 103,55 MHz)
02-19 21:13:02.300 D/TunerPresenter(15794): handleTunerRawData: b1 0 0 28 73 22 38 23 32 23 aa 23 be 24 4 24 36 
02-19 21:13:02.303 D/TunerManagerForExt(15794): FMRadio main (TunerManagerForExt.java:147) onTunerPresetListChanged:  - mBand: 0 - mPresetIndex: 0 - mFrequency: 10355 - index: 0 - preset: 8760 - index: 1 - preset: 9010 - index: 2 - preset: 9130 - index: 3 - preset: 9150 - index: 4 - preset: 9220 - index: 5 - preset: 9270
02-19 21:13:02.344 E/mcu_services( 5512): MCU2APP : [ff fe fd 12 01 b1 00 00 28 6e 22 38 23 32 23 aa 23 be 24 04 24 36 db ff ]
02-19 21:13:02.346 D/K706RadioManager(17578): IMcuListener.onTransact: code=1 flags=16
02-19 21:13:02.347 D/K706RadioManager(17578): >>> IMcuListener.onMcuInfoChanged received! data=B1 00 00 28 6E 22 38 23 32 23 AA 23 BE 24 04 24 36 
02-19 21:13:02.348 D/K706RadioManager(17578): MCU[0xB1] len=17 : B1 00 00 28 6E 22 38 23 32 23 AA 23 BE 24 04 24 36 
02-19 21:13:02.348 D/K706RadioManager(17578): PresetList: band=0 presetIdx=0 currentFreq=10350 firstFreq=10350 (offset=3)
02-19 21:13:02.348 D/K706RadioManager(17578): >>> FREQ: 103550 -> 103500 (MCU=10350, 103,50 MHz)
02-19 21:13:02.350 D/TunerPresenter(15794): handleTunerRawData: b1 0 0 28 6e 22 38 23 32 23 aa 23 be 24 4 24 36 
02-19 21:13:02.353 D/TunerManagerForExt(15794): FMRadio main (TunerManagerForExt.java:147) onTunerPresetListChanged:  - mBand: 0 - mPresetIndex: 0 - mFrequency: 10350 - index: 0 - preset: 8760 - index: 1 - preset: 9010 - index: 2 - preset: 9130 - index: 3 - preset: 9150 - index: 4 - preset: 9220 - index: 5 - preset: 9270
02-19 21:13:02.393 E/mcu_services( 5512): MCU2APP : [ff fe fd 12 01 b1 00 00 28 69 22 38 23 32 23 aa 23 be 24 04 24 36 dc ff ]
02-19 21:13:02.395 D/K706RadioManager(17578): IMcuListener.onTransact: code=1 flags=16
02-19 21:13:02.396 D/K706RadioManager(17578): >>> IMcuListener.onMcuInfoChanged received! data=B1 00 00 28 69 22 38 23 32 23 AA 23 BE 24 04 24 36 
02-19 21:13:02.397 D/K706RadioManager(17578): MCU[0xB1] len=17 : B1 00 00 28 69 22 38 23 32 23 AA 23 BE 24 04 24 36 
02-19 21:13:02.397 D/K706RadioManager(17578): PresetList: band=0 presetIdx=0 currentFreq=10345 firstFreq=10345 (offset=3)
02-19 21:13:02.398 D/K706RadioManager(17578): >>> FREQ: 103500 -> 103450 (MCU=10345, 103,45 MHz)
02-19 21:13:02.400 D/TunerPresenter(15794): handleTunerRawData: b1 0 0 28 69 22 38 23 32 23 aa 23 be 24 4 24 36 
02-19 21:13:02.403 D/TunerManagerForExt(15794): FMRadio main (TunerManagerForExt.java:147) onTunerPresetListChanged:  - mBand: 0 - mPresetIndex: 0 - mFrequency: 10345 - index: 0 - preset: 8760 - index: 1 - preset: 9010 - index: 2 - preset: 9130 - index: 3 - preset: 9150 - index: 4 - preset: 9220 - index: 5 - preset: 9270
02-19 21:13:02.431 E/mcu_services( 5512): MCU2APP : [ff fe fd 03 01 29 6d 45 ff ]
02-19 21:13:02.432 D/K706RadioManager(17578): IMcuListener.onTransact: code=1 flags=16
02-19 21:13:02.432 D/K706RadioManager(17578): >>> IMcuListener.onMcuInfoChanged received! data=29 6D 
02-19 21:13:02.433 D/K706RadioManager(17578): MCU[0x29] len=2 : 29 6D 
02-19 21:13:02.433 D/K706RadioManager(17578): Unknown MCU packet type: 0x29
02-19 21:13:02.443 E/mcu_services( 5512): MCU2APP : [ff fe fd 12 01 b1 00 00 28 64 22 38 23 32 23 aa 23 be 24 04 24 36 d1 ff ]
02-19 21:13:02.445 D/K706RadioManager(17578): IMcuListener.onTransact: code=1 flags=16
02-19 21:13:02.446 D/K706RadioManager(17578): >>> IMcuListener.onMcuInfoChanged received! data=B1 00 00 28 64 22 38 23 32 23 AA 23 BE 24 04 24 36 
02-19 21:13:02.447 D/K706RadioManager(17578): MCU[0xB1] len=17 : B1 00 00 28 64 22 38 23 32 23 AA 23 BE 24 04 24 36 
02-19 21:13:02.447 D/K706RadioManager(17578): PresetList: band=0 presetIdx=0 currentFreq=10340 firstFreq=10340 (offset=3)
02-19 21:13:02.447 D/K706RadioManager(17578): >>> FREQ: 103450 -> 103400 (MCU=10340, 103,40 MHz)
02-19 21:13:02.449 D/TunerPresenter(15794): handleTunerRawData: b1 0 0 28 64 22 38 23 32 23 aa 23 be 24 4 24 36 
02-19 21:13:02.452 D/TunerManagerForExt(15794): FMRadio main (TunerManagerForExt.java:147) onTunerPresetListChanged:  - mBand: 0 - mPresetIndex: 0 - mFrequency: 10340 - index: 0 - preset: 8760 - index: 1 - preset: 9010 - index: 2 - preset: 9130 - index: 3 - preset: 9150 - index: 4 - preset: 9220 - index: 5 - preset: 9270
02-19 21:13:02.493 E/mcu_services( 5512): MCU2APP : [ff fe fd 12 01 b1 00 00 28 5f 22 38 23 32 23 aa 23 be 24 04 24 36 ea ff ]
02-19 21:13:02.494 D/K706RadioManager(17578): IMcuListener.onTransact: code=1 flags=16
02-19 21:13:02.495 D/K706RadioManager(17578): >>> IMcuListener.onMcuInfoChanged received! data=B1 00 00 28 5F 22 38 23 32 23 AA 23 BE 24 04 24 36 
02-19 21:13:02.496 D/K706RadioManager(17578): MCU[0xB1] len=17 : B1 00 00 28 5F 22 38 23 32 23 AA 23 BE 24 04 24 36 
02-19 21:13:02.496 D/K706RadioManager(17578): PresetList: band=0 presetIdx=0 currentFreq=10335 firstFreq=10335 (offset=3)
02-19 21:13:02.497 D/K706RadioManager(17578): >>> FREQ: 103400 -> 103350 (MCU=10335, 103,35 MHz)
02-19 21:13:02.499 D/TunerPresenter(15794): handleTunerRawData: b1 0 0 28 5f 22 38 23 32 23 aa 23 be 24 4 24 36 
02-19 21:13:02.503 D/TunerManagerForExt(15794): FMRadio main (TunerManagerForExt.java:147) onTunerPresetListChanged:  - mBand: 0 - mPresetIndex: 0 - mFrequency: 10335 - index: 0 - preset: 8760 - index: 1 - preset: 9010 - index: 2 - preset: 9130 - index: 3 - preset: 9150 - index: 4 - preset: 9220 - index: 5 - preset: 9270
02-19 21:13:02.542 E/mcu_services( 5512): MCU2APP : [ff fe fd 12 01 b1 00 00 28 5a 22 38 23 32 23 aa 23 be 24 04 24 36 ef ff ]
02-19 21:13:02.544 D/K706RadioManager(17578): IMcuListener.onTransact: code=1 flags=16
02-19 21:13:02.546 D/K706RadioManager(17578): >>> IMcuListener.onMcuInfoChanged received! data=B1 00 00 28 5A 22 38 23 32 23 AA 23 BE 24 04 24 36 
02-19 21:13:02.546 D/K706RadioManager(17578): MCU[0xB1] len=17 : B1 00 00 28 5A 22 38 23 32 23 AA 23 BE 24 04 24 36 
02-19 21:13:02.547 D/K706RadioManager(17578): PresetList: band=0 presetIdx=0 currentFreq=10330 firstFreq=10330 (offset=3)
02-19 21:13:02.547 D/K706RadioManager(17578): >>> FREQ: 103350 -> 103300 (MCU=10330, 103,30 MHz)
02-19 21:13:02.549 D/TunerPresenter(15794): handleTunerRawData: b1 0 0 28 5a 22 38 23 32 23 aa 23 be 24 4 24 36 
02-19 21:13:02.551 D/TunerManagerForExt(15794): FMRadio main (TunerManagerForExt.java:147) onTunerPresetListChanged:  - mBand: 0 - mPresetIndex: 0 - mFrequency: 10330 - index: 0 - preset: 8760 - index: 1 - preset: 9010 - index: 2 - preset: 9130 - index: 3 - preset: 9150 - index: 4 - preset: 9220 - index: 5 - preset: 9270
02-19 21:13:02.592 E/mcu_services( 5512): MCU2APP : [ff fe fd 12 01 b1 00 00 28 55 22 38 23 32 23 aa 23 be 24 04 24 36 e0 ff ]
02-19 21:13:02.594 D/K706RadioManager(17578): IMcuListener.onTransact: code=1 flags=16
02-19 21:13:02.596 D/K706RadioManager(17578): >>> IMcuListener.onMcuInfoChanged received! data=B1 00 00 28 55 22 38 23 32 23 AA 23 BE 24 04 24 36 
02-19 21:13:02.597 D/K706RadioManager(17578): MCU[0xB1] len=17 : B1 00 00 28 55 22 38 23 32 23 AA 23 BE 24 04 24 36 
02-19 21:13:02.597 D/K706RadioManager(17578): PresetList: band=0 presetIdx=0 currentFreq=10325 firstFreq=10325 (offset=3)
02-19 21:13:02.597 D/K706RadioManager(17578): >>> FREQ: 103300 -> 103250 (MCU=10325, 103,25 MHz)
02-19 21:13:02.599 D/TunerPresenter(15794): handleTunerRawData: b1 0 0 28 55 22 38 23 32 23 aa 23 be 24 4 24 36 
02-19 21:13:02.601 D/TunerManagerForExt(15794): FMRadio main (TunerManagerForExt.java:147) onTunerPresetListChanged:  - mBand: 0 - mPresetIndex: 0 - mFrequency: 10325 - index: 0 - preset: 8760 - index: 1 - preset: 9010 - index: 2 - preset: 9130 - index: 3 - preset: 9150 - index: 4 - preset: 9220 - index: 5 - preset: 9270
02-19 21:13:02.642 E/mcu_services( 5512): MCU2APP : [ff fe fd 12 01 b1 00 00 28 50 22 38 23 32 23 aa 23 be 24 04 24 36 e5 ff ]
02-19 21:13:02.644 D/K706RadioManager(17578): IMcuListener.onTransact: code=1 flags=16
02-19 21:13:02.645 D/K706RadioManager(17578): >>> IMcuListener.onMcuInfoChanged received! data=B1 00 00 28 50 22 38 23 32 23 AA 23 BE 24 04 24 36 
02-19 21:13:02.646 D/K706RadioManager(17578): MCU[0xB1] len=17 : B1 00 00 28 50 22 38 23 32 23 AA 23 BE 24 04 24 36 
02-19 21:13:02.646 D/K706RadioManager(17578): PresetList: band=0 presetIdx=0 currentFreq=10320 firstFreq=10320 (offset=3)
02-19 21:13:02.647 D/K706RadioManager(17578): >>> FREQ: 103250 -> 103200 (MCU=10320, 103,20 MHz)
02-19 21:13:02.648 D/TunerPresenter(15794): handleTunerRawData: b1 0 0 28 50 22 38 23 32 23 aa 23 be 24 4 24 36 
02-19 21:13:02.651 D/TunerManagerForExt(15794): FMRadio main (TunerManagerForExt.java:147) onTunerPresetListChanged:  - mBand: 0 - mPresetIndex: 0 - mFrequency: 10320 - index: 0 - preset: 8760 - index: 1 - preset: 9010 - index: 2 - preset: 9130 - index: 3 - preset: 9150 - index: 4 - preset: 9220 - index: 5 - preset: 9270
02-19 21:13:02.692 E/mcu_services( 5512): MCU2APP : [ff fe fd 12 01 b1 00 00 28 4b 22 38 23 32 23 aa 23 be 24 04 24 36 fe ff ]
02-19 21:13:02.694 D/K706RadioManager(17578): IMcuListener.onTransact: code=1 flags=16
02-19 21:13:02.695 D/K706RadioManager(17578): >>> IMcuListener.onMcuInfoChanged received! data=B1 00 00 28 4B 22 38 23 32 23 AA 23 BE 24 04 24 36 
02-19 21:13:02.696 D/K706RadioManager(17578): MCU[0xB1] len=17 : B1 00 00 28 4B 22 38 23 32 23 AA 23 BE 24 04 24 36 
02-19 21:13:02.696 D/K706RadioManager(17578): PresetList: band=0 presetIdx=0 currentFreq=10315 firstFreq=10315 (offset=3)
02-19 21:13:02.696 D/K706RadioManager(17578): >>> FREQ: 103200 -> 103150 (MCU=10315, 103,15 MHz)
02-19 21:13:02.698 D/TunerPresenter(15794): handleTunerRawData: b1 0 0 28 4b 22 38 23 32 23 aa 23 be 24 4 24 36 
02-19 21:13:02.701 D/TunerManagerForExt(15794): FMRadio main (TunerManagerForExt.java:147) onTunerPresetListChanged:  - mBand: 0 - mPresetIndex: 0 - mFrequency: 10315 - index: 0 - preset: 8760 - index: 1 - preset: 9010 - index: 2 - preset: 9130 - index: 3 - preset: 9150 - index: 4 - preset: 9220 - index: 5 - preset: 9270
02-19 21:13:02.741 E/mcu_services( 5512): MCU2APP : [ff fe fd 12 01 b1 00 00 28 46 22 38 23 32 23 aa 23 be 24 04 24 36 f3 ff ]
02-19 21:13:02.743 D/K706RadioManager(17578): IMcuListener.onTransact: code=1 flags=16
02-19 21:13:02.744 D/K706RadioManager(17578): >>> IMcuListener.onMcuInfoChanged received! data=B1 00 00 28 46 22 38 23 32 23 AA 23 BE 24 04 24 36 
02-19 21:13:02.745 D/K706RadioManager(17578): MCU[0xB1] len=17 : B1 00 00 28 46 22 38 23 32 23 AA 23 BE 24 04 24 36 
02-19 21:13:02.745 D/K706RadioManager(17578): PresetList: band=0 presetIdx=0 currentFreq=10310 firstFreq=10310 (offset=3)
02-19 21:13:02.745 D/K706RadioManager(17578): >>> FREQ: 103150 -> 103100 (MCU=10310, 103,10 MHz)
02-19 21:13:02.747 D/TunerPresenter(15794): handleTunerRawData: b1 0 0 28 46 22 38 23 32 23 aa 23 be 24 4 24 36 
02-19 21:13:02.751 D/TunerManagerForExt(15794): FMRadio main (TunerManagerForExt.java:147) onTunerPresetListChanged:  - mBand: 0 - mPresetIndex: 0 - mFrequency: 10310 - index: 0 - preset: 8760 - index: 1 - preset: 9010 - index: 2 - preset: 9130 - index: 3 - preset: 9150 - index: 4 - preset: 9220 - index: 5 - preset: 9270
02-19 21:13:02.791 E/mcu_services( 5512): MCU2APP : [ff fe fd 12 01 b1 00 00 28 41 22 38 23 32 23 aa 23 be 24 04 24 36 f4 ff ]
02-19 21:13:02.793 D/K706RadioManager(17578): IMcuListener.onTransact: code=1 flags=16
02-19 21:13:02.795 D/K706RadioManager(17578): >>> IMcuListener.onMcuInfoChanged received! data=B1 00 00 28 41 22 38 23 32 23 AA 23 BE 24 04 24 36 
02-19 21:13:02.797 D/K706RadioManager(17578): MCU[0xB1] len=17 : B1 00 00 28 41 22 38 23 32 23 AA 23 BE 24 04 24 36 
02-19 21:13:02.797 D/K706RadioManager(17578): PresetList: band=0 presetIdx=0 currentFreq=10305 firstFreq=10305 (offset=3)
02-19 21:13:02.797 D/K706RadioManager(17578): >>> FREQ: 103100 -> 103050 (MCU=10305, 103,05 MHz)
02-19 21:13:02.799 D/TunerPresenter(15794): handleTunerRawData: b1 0 0 28 41 22 38 23 32 23 aa 23 be 24 4 24 36 
02-19 21:13:02.802 D/TunerManagerForExt(15794): FMRadio main (TunerManagerForExt.java:147) onTunerPresetListChanged:  - mBand: 0 - mPresetIndex: 0 - mFrequency: 10305 - index: 0 - preset: 8760 - index: 1 - preset: 9010 - index: 2 - preset: 9130 - index: 3 - preset: 9150 - index: 4 - preset: 9220 - index: 5 - preset: 9270
02-19 21:13:02.841 E/mcu_services( 5512): MCU2APP : [ff fe fd 12 01 b1 00 00 28 3c 22 38 23 32 23 aa 23 be 24 04 24 36 89 ff ]
02-19 21:13:02.843 D/K706RadioManager(17578): IMcuListener.onTransact: code=1 flags=16
02-19 21:13:02.845 D/K706RadioManager(17578): >>> IMcuListener.onMcuInfoChanged received! data=B1 00 00 28 3C 22 38 23 32 23 AA 23 BE 24 04 24 36 
02-19 21:13:02.847 D/K706RadioManager(17578): MCU[0xB1] len=17 : B1 00 00 28 3C 22 38 23 32 23 AA 23 BE 24 04 24 36 
02-19 21:13:02.848 D/K706RadioManager(17578): PresetList: band=0 presetIdx=0 currentFreq=10300 firstFreq=10300 (offset=3)
02-19 21:13:02.848 D/K706RadioManager(17578): >>> FREQ: 103050 -> 103000 (MCU=10300, 103,00 MHz)
02-19 21:13:02.850 D/TunerPresenter(15794): handleTunerRawData: b1 0 0 28 3c 22 38 23 32 23 aa 23 be 24 4 24 36 
02-19 21:13:02.853 D/TunerManagerForExt(15794): FMRadio main (TunerManagerForExt.java:147) onTunerPresetListChanged:  - mBand: 0 - mPresetIndex: 0 - mFrequency: 10300 - index: 0 - preset: 8760 - index: 1 - preset: 9010 - index: 2 - preset: 9130 - index: 3 - preset: 9150 - index: 4 - preset: 9220 - index: 5 - preset: 9270
02-19 21:13:02.891 E/mcu_services( 5512): MCU2APP : [ff fe fd 12 01 b1 00 00 28 37 22 38 23 32 23 aa 23 be 24 04 24 36 82 ff ]
02-19 21:13:02.893 D/K706RadioManager(17578): IMcuListener.onTransact: code=1 flags=16
02-19 21:13:02.896 D/K706RadioManager(17578): >>> IMcuListener.onMcuInfoChanged received! data=B1 00 00 28 37 22 38 23 32 23 AA 23 BE 24 04 24 36 
02-19 21:13:02.898 D/K706RadioManager(17578): MCU[0xB1] len=17 : B1 00 00 28 37 22 38 23 32 23 AA 23 BE 24 04 24 36 
02-19 21:13:02.898 D/K706RadioManager(17578): PresetList: band=0 presetIdx=0 currentFreq=10295 firstFreq=10295 (offset=3)
02-19 21:13:02.898 D/K706RadioManager(17578): >>> FREQ: 103000 -> 102950 (MCU=10295, 102,95 MHz)
02-19 21:13:02.900 D/TunerPresenter(15794): handleTunerRawData: b1 0 0 28 37 22 38 23 32 23 aa 23 be 24 4 24 36 
02-19 21:13:02.904 D/TunerManagerForExt(15794): FMRadio main (TunerManagerForExt.java:147) onTunerPresetListChanged:  - mBand: 0 - mPresetIndex: 0 - mFrequency: 10295 - index: 0 - preset: 8760 - index: 1 - preset: 9010 - index: 2 - preset: 9130 - index: 3 - preset: 9150 - index: 4 - preset: 9220 - index: 5 - preset: 9270
02-19 21:13:02.940 E/mcu_services( 5512): MCU2APP : [ff fe fd 12 01 b1 00 00 28 32 22 38 23 32 23 aa 23 be 24 04 24 36 87 ff ]
02-19 21:13:02.942 D/K706RadioManager(17578): IMcuListener.onTransact: code=1 flags=16
02-19 21:13:02.943 D/K706RadioManager(17578): >>> IMcuListener.onMcuInfoChanged received! data=B1 00 00 28 32 22 38 23 32 23 AA 23 BE 24 04 24 36 
02-19 21:13:02.944 D/K706RadioManager(17578): MCU[0xB1] len=17 : B1 00 00 28 32 22 38 23 32 23 AA 23 BE 24 04 24 36 
02-19 21:13:02.944 D/K706RadioManager(17578): PresetList: band=0 presetIdx=0 currentFreq=10290 firstFreq=10290 (offset=3)
02-19 21:13:02.945 D/K706RadioManager(17578): >>> FREQ: 102950 -> 102900 (MCU=10290, 102,90 MHz)
02-19 21:13:02.947 D/TunerPresenter(15794): handleTunerRawData: b1 0 0 28 32 22 38 23 32 23 aa 23 be 24 4 24 36 
02-19 21:13:02.950 D/TunerManagerForExt(15794): FMRadio main (TunerManagerForExt.java:147) onTunerPresetListChanged:  - mBand: 0 - mPresetIndex: 0 - mFrequency: 10290 - index: 0 - preset: 8760 - index: 1 - preset: 9010 - index: 2 - preset: 9130 - index: 3 - preset: 9150 - index: 4 - preset: 9220 - index: 5 - preset: 9270
02-19 21:13:02.990 E/mcu_services( 5512): MCU2APP : [ff fe fd 12 01 b1 00 00 28 2d 22 38 23 32 23 aa 23 be 24 04 24 36 98 ff ]
02-19 21:13:02.992 D/K706RadioManager(17578): IMcuListener.onTransact: code=1 flags=16
02-19 21:13:02.993 D/K706RadioManager(17578): >>> IMcuListener.onMcuInfoChanged received! data=B1 00 00 28 2D 22 38 23 32 23 AA 23 BE 24 04 24 36 
02-19 21:13:02.994 D/K706RadioManager(17578): MCU[0xB1] len=17 : B1 00 00 28 2D 22 38 23 32 23 AA 23 BE 24 04 24 36 
02-19 21:13:02.994 D/K706RadioManager(17578): PresetList: band=0 presetIdx=0 currentFreq=10285 firstFreq=10285 (offset=3)
02-19 21:13:02.995 D/K706RadioManager(17578): >>> FREQ: 102900 -> 102850 (MCU=10285, 102,85 MHz)
02-19 21:13:02.996 D/TunerPresenter(15794): handleTunerRawData: b1 0 0 28 2d 22 38 23 32 23 aa 23 be 24 4 24 36 
02-19 21:13:03.000 D/TunerManagerForExt(15794): FMRadio main (TunerManagerForExt.java:147) onTunerPresetListChanged:  - mBand: 0 - mPresetIndex: 0 - mFrequency: 10285 - index: 0 - preset: 8760 - index: 1 - preset: 9010 - index: 2 - preset: 9130 - index: 3 - preset: 9150 - index: 4 - preset: 9220 - index: 5 - preset: 9270
02-19 21:13:03.040 E/mcu_services( 5512): MCU2APP : [ff fe fd 12 01 b1 00 00 28 28 22 38 23 32 23 aa 23 be 24 04 24 36 9d ff ]
02-19 21:13:03.042 D/K706RadioManager(17578): IMcuListener.onTransact: code=1 flags=16
02-19 21:13:03.043 D/K706RadioManager(17578): >>> IMcuListener.onMcuInfoChanged received! data=B1 00 00 28 28 22 38 23 32 23 AA 23 BE 24 04 24 36 
02-19 21:13:03.044 D/K706RadioManager(17578): MCU[0xB1] len=17 : B1 00 00 28 28 22 38 23 32 23 AA 23 BE 24 04 24 36 
02-19 21:13:03.044 D/K706RadioManager(17578): PresetList: band=0 presetIdx=0 currentFreq=10280 firstFreq=10280 (offset=3)
02-19 21:13:03.045 D/K706RadioManager(17578): >>> FREQ: 102850 -> 102800 (MCU=10280, 102,80 MHz)
02-19 21:13:03.047 D/TunerPresenter(15794): handleTunerRawData: b1 0 0 28 28 22 38 23 32 23 aa 23 be 24 4 24 36 
02-19 21:13:03.049 D/TunerManagerForExt(15794): FMRadio main (TunerManagerForExt.java:147) onTunerPresetListChanged:  - mBand: 0 - mPresetIndex: 0 - mFrequency: 10280 - index: 0 - preset: 8760 - index: 1 - preset: 9010 - index: 2 - preset: 9130 - index: 3 - preset: 9150 - index: 4 - preset: 9220 - index: 5 - preset: 9270
02-19 21:13:03.089 E/mcu_services( 5512): MCU2APP : [ff fe fd 12 01 b1 00 00 28 23 22 38 23 32 23 aa 23 be 24 04 24 36 96 ff ]
02-19 21:13:03.092 D/K706RadioManager(17578): IMcuListener.onTransact: code=1 flags=16
02-19 21:13:03.093 D/K706RadioManager(17578): >>> IMcuListener.onMcuInfoChanged received! data=B1 00 00 28 23 22 38 23 32 23 AA 23 BE 24 04 24 36 
02-19 21:13:03.094 D/K706RadioManager(17578): MCU[0xB1] len=17 : B1 00 00 28 23 22 38 23 32 23 AA 23 BE 24 04 24 36 
02-19 21:13:03.094 D/K706RadioManager(17578): PresetList: band=0 presetIdx=0 currentFreq=10275 firstFreq=10275 (offset=3)
02-19 21:13:03.094 D/K706RadioManager(17578): >>> FREQ: 102800 -> 102750 (MCU=10275, 102,75 MHz)
02-19 21:13:03.096 D/TunerPresenter(15794): handleTunerRawData: b1 0 0 28 23 22 38 23 32 23 aa 23 be 24 4 24 36 
02-19 21:13:03.098 D/TunerManagerForExt(15794): FMRadio main (TunerManagerForExt.java:147) onTunerPresetListChanged:  - mBand: 0 - mPresetIndex: 0 - mFrequency: 10275 - index: 0 - preset: 8760 - index: 1 - preset: 9010 - index: 2 - preset: 9130 - index: 3 - preset: 9150 - index: 4 - preset: 9220 - index: 5 - preset: 9270
02-19 21:13:03.139 E/mcu_services( 5512): MCU2APP : [ff fe fd 12 01 b1 00 00 28 1e 22 38 23 32 23 aa 23 be 24 04 24 36 ab ff ]
02-19 21:13:03.141 D/K706RadioManager(17578): IMcuListener.onTransact: code=1 flags=16
02-19 21:13:03.143 D/K706RadioManager(17578): >>> IMcuListener.onMcuInfoChanged received! data=B1 00 00 28 1E 22 38 23 32 23 AA 23 BE 24 04 24 36 
02-19 21:13:03.144 D/K706RadioManager(17578): MCU[0xB1] len=17 : B1 00 00 28 1E 22 38 23 32 23 AA 23 BE 24 04 24 36 
02-19 21:13:03.144 D/K706RadioManager(17578): PresetList: band=0 presetIdx=0 currentFreq=10270 firstFreq=10270 (offset=3)
02-19 21:13:03.145 D/K706RadioManager(17578): >>> FREQ: 102750 -> 102700 (MCU=10270, 102,70 MHz)
02-19 21:13:03.147 D/TunerPresenter(15794): handleTunerRawData: b1 0 0 28 1e 22 38 23 32 23 aa 23 be 24 4 24 36 
02-19 21:13:03.149 D/TunerManagerForExt(15794): FMRadio main (TunerManagerForExt.java:147) onTunerPresetListChanged:  - mBand: 0 - mPresetIndex: 0 - mFrequency: 10270 - index: 0 - preset: 8760 - index: 1 - preset: 9010 - index: 2 - preset: 9130 - index: 3 - preset: 9150 - index: 4 - preset: 9220 - index: 5 - preset: 9270
02-19 21:13:03.189 E/mcu_services( 5512): MCU2APP : [ff fe fd 12 01 b1 00 00 28 19 22 38 23 32 23 aa 23 be 24 04 24 36 ac ff ]
02-19 21:13:03.191 D/K706RadioManager(17578): IMcuListener.onTransact: code=1 flags=16
02-19 21:13:03.193 D/K706RadioManager(17578): >>> IMcuListener.onMcuInfoChanged received! data=B1 00 00 28 19 22 38 23 32 23 AA 23 BE 24 04 24 36 
02-19 21:13:03.195 D/K706RadioManager(17578): MCU[0xB1] len=17 : B1 00 00 28 19 22 38 23 32 23 AA 23 BE 24 04 24 36 
02-19 21:13:03.196 D/K706RadioManager(17578): PresetList: band=0 presetIdx=0 currentFreq=10265 firstFreq=10265 (offset=3)
02-19 21:13:03.196 D/K706RadioManager(17578): >>> FREQ: 102700 -> 102650 (MCU=10265, 102,65 MHz)
02-19 21:13:03.198 D/TunerPresenter(15794): handleTunerRawData: b1 0 0 28 19 22 38 23 32 23 aa 23 be 24 4 24 36 
02-19 21:13:03.202 D/TunerManagerForExt(15794): FMRadio main (TunerManagerForExt.java:147) onTunerPresetListChanged:  - mBand: 0 - mPresetIndex: 0 - mFrequency: 10265 - index: 0 - preset: 8760 - index: 1 - preset: 9010 - index: 2 - preset: 9130 - index: 3 - preset: 9150 - index: 4 - preset: 9220 - index: 5 - preset: 9270
02-19 21:13:03.238 E/mcu_services( 5512): MCU2APP : [ff fe fd 12 01 b1 00 00 28 14 22 38 23 32 23 aa 23 be 24 04 24 36 a1 ff ]
02-19 21:13:03.240 D/K706RadioManager(17578): IMcuListener.onTransact: code=1 flags=16
02-19 21:13:03.242 D/K706RadioManager(17578): >>> IMcuListener.onMcuInfoChanged received! data=B1 00 00 28 14 22 38 23 32 23 AA 23 BE 24 04 24 36 
02-19 21:13:03.243 D/K706RadioManager(17578): MCU[0xB1] len=17 : B1 00 00 28 14 22 38 23 32 23 AA 23 BE 24 04 24 36 
02-19 21:13:03.243 D/K706RadioManager(17578): PresetList: band=0 presetIdx=0 currentFreq=10260 firstFreq=10260 (offset=3)
02-19 21:13:03.243 D/K706RadioManager(17578): >>> FREQ: 102650 -> 102600 (MCU=10260, 102,60 MHz)
02-19 21:13:03.245 D/TunerPresenter(15794): handleTunerRawData: b1 0 0 28 14 22 38 23 32 23 aa 23 be 24 4 24 36 
02-19 21:13:03.247 D/TunerManagerForExt(15794): FMRadio main (TunerManagerForExt.java:147) onTunerPresetListChanged:  - mBand: 0 - mPresetIndex: 0 - mFrequency: 10260 - index: 0 - preset: 8760 - index: 1 - preset: 9010 - index: 2 - preset: 9130 - index: 3 - preset: 9150 - index: 4 - preset: 9220 - index: 5 - preset: 9270
02-19 21:13:03.288 E/mcu_services( 5512): MCU2APP : [ff fe fd 12 01 b1 00 00 28 0f 22 38 23 32 23 aa 23 be 24 04 24 36 ba ff ]
02-19 21:13:03.290 D/K706RadioManager(17578): IMcuListener.onTransact: code=1 flags=16
02-19 21:13:03.291 D/K706RadioManager(17578): >>> IMcuListener.onMcuInfoChanged received! data=B1 00 00 28 0F 22 38 23 32 23 AA 23 BE 24 04 24 36 
02-19 21:13:03.292 D/K706RadioManager(17578): MCU[0xB1] len=17 : B1 00 00 28 0F 22 38 23 32 23 AA 23 BE 24 04 24 36 
02-19 21:13:03.292 D/K706RadioManager(17578): PresetList: band=0 presetIdx=0 currentFreq=10255 firstFreq=10255 (offset=3)
02-19 21:13:03.293 D/K706RadioManager(17578): >>> FREQ: 102600 -> 102550 (MCU=10255, 102,55 MHz)
02-19 21:13:03.295 D/TunerPresenter(15794): handleTunerRawData: b1 0 0 28 f 22 38 23 32 23 aa 23 be 24 4 24 36 
02-19 21:13:03.298 D/TunerManagerForExt(15794): FMRadio main (TunerManagerForExt.java:147) onTunerPresetListChanged:  - mBand: 0 - mPresetIndex: 0 - mFrequency: 10255 - index: 0 - preset: 8760 - index: 1 - preset: 9010 - index: 2 - preset: 9130 - index: 3 - preset: 9150 - index: 4 - preset: 9220 - index: 5 - preset: 9270
02-19 21:13:03.338 E/mcu_services( 5512): MCU2APP : [ff fe fd 12 01 b1 00 00 28 0a 22 38 23 32 23 aa 23 be 24 04 24 36 bf ff ]
02-19 21:13:03.340 D/K706RadioManager(17578): IMcuListener.onTransact: code=1 flags=16
02-19 21:13:03.341 D/K706RadioManager(17578): >>> IMcuListener.onMcuInfoChanged received! data=B1 00 00 28 0A 22 38 23 32 23 AA 23 BE 24 04 24 36 
02-19 21:13:03.342 D/K706RadioManager(17578): MCU[0xB1] len=17 : B1 00 00 28 0A 22 38 23 32 23 AA 23 BE 24 04 24 36 
02-19 21:13:03.342 D/K706RadioManager(17578): PresetList: band=0 presetIdx=0 currentFreq=10250 firstFreq=10250 (offset=3)
02-19 21:13:03.343 D/K706RadioManager(17578): >>> FREQ: 102550 -> 102500 (MCU=10250, 102,50 MHz)
02-19 21:13:03.345 D/TunerPresenter(15794): handleTunerRawData: b1 0 0 28 a 22 38 23 32 23 aa 23 be 24 4 24 36 
02-19 21:13:03.347 D/TunerManagerForExt(15794): FMRadio main (TunerManagerForExt.java:147) onTunerPresetListChanged:  - mBand: 0 - mPresetIndex: 0 - mFrequency: 10250 - index: 0 - preset: 8760 - index: 1 - preset: 9010 - index: 2 - preset: 9130 - index: 3 - preset: 9150 - index: 4 - preset: 9220 - index: 5 - preset: 9270
02-19 21:13:03.388 E/mcu_services( 5512): MCU2APP : [ff fe fd 12 01 b1 00 00 28 05 22 38 23 32 23 aa 23 be 24 04 24 36 b0 ff ]
02-19 21:13:03.390 D/K706RadioManager(17578): IMcuListener.onTransact: code=1 flags=16
02-19 21:13:03.391 D/K706RadioManager(17578): >>> IMcuListener.onMcuInfoChanged received! data=B1 00 00 28 05 22 38 23 32 23 AA 23 BE 24 04 24 36 
02-19 21:13:03.392 D/K706RadioManager(17578): MCU[0xB1] len=17 : B1 00 00 28 05 22 38 23 32 23 AA 23 BE 24 04 24 36 
02-19 21:13:03.392 D/K706RadioManager(17578): PresetList: band=0 presetIdx=0 currentFreq=10245 firstFreq=10245 (offset=3)
02-19 21:13:03.393 D/K706RadioManager(17578): >>> FREQ: 102500 -> 102450 (MCU=10245, 102,45 MHz)
02-19 21:13:03.395 D/TunerPresenter(15794): handleTunerRawData: b1 0 0 28 5 22 38 23 32 23 aa 23 be 24 4 24 36 
02-19 21:13:03.398 D/TunerManagerForExt(15794): FMRadio main (TunerManagerForExt.java:147) onTunerPresetListChanged:  - mBand: 0 - mPresetIndex: 0 - mFrequency: 10245 - index: 0 - preset: 8760 - index: 1 - preset: 9010 - index: 2 - preset: 9130 - index: 3 - preset: 9150 - index: 4 - preset: 9220 - index: 5 - preset: 9270
02-19 21:13:03.438 E/mcu_services( 5512): MCU2APP : [ff fe fd 12 01 b1 00 00 28 00 22 38 23 32 23 aa 23 be 24 04 24 36 b5 ff ]
02-19 21:13:03.440 D/K706RadioManager(17578): IMcuListener.onTransact: code=1 flags=16
02-19 21:13:03.441 D/K706RadioManager(17578): >>> IMcuListener.onMcuInfoChanged received! data=B1 00 00 28 00 22 38 23 32 23 AA 23 BE 24 04 24 36 
02-19 21:13:03.442 D/K706RadioManager(17578): MCU[0xB1] len=17 : B1 00 00 28 00 22 38 23 32 23 AA 23 BE 24 04 24 36 
02-19 21:13:03.443 D/K706RadioManager(17578): PresetList: band=0 presetIdx=0 currentFreq=10240 firstFreq=10240 (offset=3)
02-19 21:13:03.443 D/K706RadioManager(17578): >>> FREQ: 102450 -> 102400 (MCU=10240, 102,40 MHz)
02-19 21:13:03.448 D/TunerPresenter(15794): handleTunerRawData: b1 0 0 28 0 22 38 23 32 23 aa 23 be 24 4 24 36 
02-19 21:13:03.451 D/TunerManagerForExt(15794): FMRadio main (TunerManagerForExt.java:147) onTunerPresetListChanged:  - mBand: 0 - mPresetIndex: 0 - mFrequency: 10240 - index: 0 - preset: 8760 - index: 1 - preset: 9010 - index: 2 - preset: 9130 - index: 3 - preset: 9150 - index: 4 - preset: 9220 - index: 5 - preset: 9270
02-19 21:13:03.487 E/mcu_services( 5512): MCU2APP : [ff fe fd 12 01 b1 00 00 27 fb 22 38 23 32 23 aa 23 be 24 04 24 36 41 ff ]
02-19 21:13:03.489 D/K706RadioManager(17578): IMcuListener.onTransact: code=1 flags=16
02-19 21:13:03.490 D/K706RadioManager(17578): >>> IMcuListener.onMcuInfoChanged received! data=B1 00 00 27 FB 22 38 23 32 23 AA 23 BE 24 04 24 36 
02-19 21:13:03.491 D/K706RadioManager(17578): MCU[0xB1] len=17 : B1 00 00 27 FB 22 38 23 32 23 AA 23 BE 24 04 24 36 
02-19 21:13:03.491 D/K706RadioManager(17578): PresetList: band=0 presetIdx=0 currentFreq=10235 firstFreq=10235 (offset=3)
02-19 21:13:03.491 D/K706RadioManager(17578): >>> FREQ: 102400 -> 102350 (MCU=10235, 102,35 MHz)
02-19 21:13:03.493 D/TunerPresenter(15794): handleTunerRawData: b1 0 0 27 fb 22 38 23 32 23 aa 23 be 24 4 24 36 
02-19 21:13:03.496 D/TunerManagerForExt(15794): FMRadio main (TunerManagerForExt.java:147) onTunerPresetListChanged:  - mBand: 0 - mPresetIndex: 0 - mFrequency: 10235 - index: 0 - preset: 8760 - index: 1 - preset: 9010 - index: 2 - preset: 9130 - index: 3 - preset: 9150 - index: 4 - preset: 9220 - index: 5 - preset: 9270
02-19 21:13:03.537 E/mcu_services( 5512): MCU2APP : [ff fe fd 12 01 b1 00 00 27 f6 22 38 23 32 23 aa 23 be 24 04 24 36 4c ff ]
02-19 21:13:03.539 D/K706RadioManager(17578): IMcuListener.onTransact: code=1 flags=16
02-19 21:13:03.540 D/K706RadioManager(17578): >>> IMcuListener.onMcuInfoChanged received! data=B1 00 00 27 F6 22 38 23 32 23 AA 23 BE 24 04 24 36 
02-19 21:13:03.541 D/K706RadioManager(17578): MCU[0xB1] len=17 : B1 00 00 27 F6 22 38 23 32 23 AA 23 BE 24 04 24 36 
02-19 21:13:03.541 D/K706RadioManager(17578): PresetList: band=0 presetIdx=0 currentFreq=10230 firstFreq=10230 (offset=3)
02-19 21:13:03.542 D/K706RadioManager(17578): >>> FREQ: 102350 -> 102300 (MCU=10230, 102,30 MHz)
02-19 21:13:03.543 D/TunerPresenter(15794): handleTunerRawData: b1 0 0 27 f6 22 38 23 32 23 aa 23 be 24 4 24 36 
02-19 21:13:03.547 D/TunerManagerForExt(15794): FMRadio main (TunerManagerForExt.java:147) onTunerPresetListChanged:  - mBand: 0 - mPresetIndex: 0 - mFrequency: 10230 - index: 0 - preset: 8760 - index: 1 - preset: 9010 - index: 2 - preset: 9130 - index: 3 - preset: 9150 - index: 4 - preset: 9220 - index: 5 - preset: 9270
02-19 21:13:03.586 E/mcu_services( 5512): MCU2APP : [ff fe fd 12 01 b1 00 00 27 f1 22 38 23 32 23 aa 23 be 24 04 24 36 4b ff ]
02-19 21:13:03.589 D/K706RadioManager(17578): IMcuListener.onTransact: code=1 flags=16
02-19 21:13:03.590 D/K706RadioManager(17578): >>> IMcuListener.onMcuInfoChanged received! data=B1 00 00 27 F1 22 38 23 32 23 AA 23 BE 24 04 24 36 
02-19 21:13:03.591 D/K706RadioManager(17578): MCU[0xB1] len=17 : B1 00 00 27 F1 22 38 23 32 23 AA 23 BE 24 04 24 36 
02-19 21:13:03.591 D/K706RadioManager(17578): PresetList: band=0 presetIdx=0 currentFreq=10225 firstFreq=10225 (offset=3)
02-19 21:13:03.591 D/K706RadioManager(17578): >>> FREQ: 102300 -> 102250 (MCU=10225, 102,25 MHz)
02-19 21:13:03.594 D/TunerPresenter(15794): handleTunerRawData: b1 0 0 27 f1 22 38 23 32 23 aa 23 be 24 4 24 36 
02-19 21:13:03.597 D/TunerManagerForExt(15794): FMRadio main (TunerManagerForExt.java:147) onTunerPresetListChanged:  - mBand: 0 - mPresetIndex: 0 - mFrequency: 10225 - index: 0 - preset: 8760 - index: 1 - preset: 9010 - index: 2 - preset: 9130 - index: 3 - preset: 9150 - index: 4 - preset: 9220 - index: 5 - preset: 9270
02-19 21:13:03.636 E/mcu_services( 5512): MCU2APP : [ff fe fd 12 01 b1 00 00 27 ec 22 38 23 32 23 aa 23 be 24 04 24 36 56 ff ]
02-19 21:13:03.639 D/K706RadioManager(17578): IMcuListener.onTransact: code=1 flags=16
02-19 21:13:03.640 D/K706RadioManager(17578): >>> IMcuListener.onMcuInfoChanged received! data=B1 00 00 27 EC 22 38 23 32 23 AA 23 BE 24 04 24 36 
02-19 21:13:03.641 D/K706RadioManager(17578): MCU[0xB1] len=17 : B1 00 00 27 EC 22 38 23 32 23 AA 23 BE 24 04 24 36 
02-19 21:13:03.641 D/K706RadioManager(17578): PresetList: band=0 presetIdx=0 currentFreq=10220 firstFreq=10220 (offset=3)
02-19 21:13:03.641 D/K706RadioManager(17578): >>> FREQ: 102250 -> 102200 (MCU=10220, 102,20 MHz)
02-19 21:13:03.643 D/TunerPresenter(15794): handleTunerRawData: b1 0 0 27 ec 22 38 23 32 23 aa 23 be 24 4 24 36 
02-19 21:13:03.646 D/TunerManagerForExt(15794): FMRadio main (TunerManagerForExt.java:147) onTunerPresetListChanged:  - mBand: 0 - mPresetIndex: 0 - mFrequency: 10220 - index: 0 - preset: 8760 - index: 1 - preset: 9010 - index: 2 - preset: 9130 - index: 3 - preset: 9150 - index: 4 - preset: 9220 - index: 5 - preset: 9270
02-19 21:13:03.686 E/mcu_services( 5512): MCU2APP : [ff fe fd 12 01 b1 00 00 27 e7 22 38 23 32 23 aa 23 be 24 04 24 36 5d ff ]
02-19 21:13:03.687 D/K706RadioManager(17578): IMcuListener.onTransact: code=1 flags=16
02-19 21:13:03.689 D/K706RadioManager(17578): >>> IMcuListener.onMcuInfoChanged received! data=B1 00 00 27 E7 22 38 23 32 23 AA 23 BE 24 04 24 36 
02-19 21:13:03.689 D/K706RadioManager(17578): MCU[0xB1] len=17 : B1 00 00 27 E7 22 38 23 32 23 AA 23 BE 24 04 24 36 
02-19 21:13:03.689 D/K706RadioManager(17578): PresetList: band=0 presetIdx=0 currentFreq=10215 firstFreq=10215 (offset=3)
02-19 21:13:03.690 D/K706RadioManager(17578): >>> FREQ: 102200 -> 102150 (MCU=10215, 102,15 MHz)
02-19 21:13:03.692 D/TunerPresenter(15794): handleTunerRawData: b1 0 0 27 e7 22 38 23 32 23 aa 23 be 24 4 24 36 
02-19 21:13:03.695 D/TunerManagerForExt(15794): FMRadio main (TunerManagerForExt.java:147) onTunerPresetListChanged:  - mBand: 0 - mPresetIndex: 0 - mFrequency: 10215 - index: 0 - preset: 8760 - index: 1 - preset: 9010 - index: 2 - preset: 9130 - index: 3 - preset: 9150 - index: 4 - preset: 9220 - index: 5 - preset: 9270
02-19 21:13:03.736 E/mcu_services( 5512): MCU2APP : [ff fe fd 12 01 b1 00 00 27 e2 22 38 23 32 23 aa 23 be 24 04 24 36 58 ff ]
02-19 21:13:03.739 D/K706RadioManager(17578): IMcuListener.onTransact: code=1 flags=16
02-19 21:13:03.741 D/K706RadioManager(17578): >>> IMcuListener.onMcuInfoChanged received! data=B1 00 00 27 E2 22 38 23 32 23 AA 23 BE 24 04 24 36 
02-19 21:13:03.743 D/K706RadioManager(17578): MCU[0xB1] len=17 : B1 00 00 27 E2 22 38 23 32 23 AA 23 BE 24 04 24 36 
02-19 21:13:03.743 D/K706RadioManager(17578): PresetList: band=0 presetIdx=0 currentFreq=10210 firstFreq=10210 (offset=3)
02-19 21:13:03.744 D/K706RadioManager(17578): >>> FREQ: 102150 -> 102100 (MCU=10210, 102,10 MHz)
02-19 21:13:03.746 D/TunerPresenter(15794): handleTunerRawData: b1 0 0 27 e2 22 38 23 32 23 aa 23 be 24 4 24 36 
02-19 21:13:03.749 D/TunerManagerForExt(15794): FMRadio main (TunerManagerForExt.java:147) onTunerPresetListChanged:  - mBand: 0 - mPresetIndex: 0 - mFrequency: 10210 - index: 0 - preset: 8760 - index: 1 - preset: 9010 - index: 2 - preset: 9130 - index: 3 - preset: 9150 - index: 4 - preset: 9220 - index: 5 - preset: 9270
02-19 21:13:03.786 E/mcu_services( 5512): MCU2APP : [ff fe fd 12 01 b1 00 00 27 dd 22 38 23 32 23 aa 23 be 24 04 24 36 67 ff ]
02-19 21:13:03.788 D/K706RadioManager(17578): IMcuListener.onTransact: code=1 flags=16
02-19 21:13:03.791 D/K706RadioManager(17578): >>> IMcuListener.onMcuInfoChanged received! data=B1 00 00 27 DD 22 38 23 32 23 AA 23 BE 24 04 24 36 
02-19 21:13:03.794 D/K706RadioManager(17578): MCU[0xB1] len=17 : B1 00 00 27 DD 22 38 23 32 23 AA 23 BE 24 04 24 36 
02-19 21:13:03.794 D/K706RadioManager(17578): PresetList: band=0 presetIdx=0 currentFreq=10205 firstFreq=10205 (offset=3)
02-19 21:13:03.794 D/K706RadioManager(17578): >>> FREQ: 102100 -> 102050 (MCU=10205, 102,05 MHz)
02-19 21:13:03.796 D/TunerPresenter(15794): handleTunerRawData: b1 0 0 27 dd 22 38 23 32 23 aa 23 be 24 4 24 36 
02-19 21:13:03.799 D/TunerManagerForExt(15794): FMRadio main (TunerManagerForExt.java:147) onTunerPresetListChanged:  - mBand: 0 - mPresetIndex: 0 - mFrequency: 10205 - index: 0 - preset: 8760 - index: 1 - preset: 9010 - index: 2 - preset: 9130 - index: 3 - preset: 9150 - index: 4 - preset: 9220 - index: 5 - preset: 9270
02-19 21:13:03.835 E/mcu_services( 5512): MCU2APP : [ff fe fd 12 01 b1 00 00 27 d8 22 38 23 32 23 aa 23 be 24 04 24 36 62 ff ]
02-19 21:13:03.836 D/K706RadioManager(17578): IMcuListener.onTransact: code=1 flags=16
02-19 21:13:03.838 D/K706RadioManager(17578): >>> IMcuListener.onMcuInfoChanged received! data=B1 00 00 27 D8 22 38 23 32 23 AA 23 BE 24 04 24 36 
02-19 21:13:03.839 D/K706RadioManager(17578): MCU[0xB1] len=17 : B1 00 00 27 D8 22 38 23 32 23 AA 23 BE 24 04 24 36 
02-19 21:13:03.839 D/K706RadioManager(17578): PresetList: band=0 presetIdx=0 currentFreq=10200 firstFreq=10200 (offset=3)
02-19 21:13:03.840 D/K706RadioManager(17578): >>> FREQ: 102050 -> 102000 (MCU=10200, 102,00 MHz)
02-19 21:13:03.842 D/TunerPresenter(15794): handleTunerRawData: b1 0 0 27 d8 22 38 23 32 23 aa 23 be 24 4 24 36 
02-19 21:13:03.844 D/TunerManagerForExt(15794): FMRadio main (TunerManagerForExt.java:147) onTunerPresetListChanged:  - mBand: 0 - mPresetIndex: 0 - mFrequency: 10200 - index: 0 - preset: 8760 - index: 1 - preset: 9010 - index: 2 - preset: 9130 - index: 3 - preset: 9150 - index: 4 - preset: 9220 - index: 5 - preset: 9270
02-19 21:13:03.885 E/mcu_services( 5512): MCU2APP : [ff fe fd 12 01 b1 00 00 27 d3 22 38 23 32 23 aa 23 be 24 04 24 36 69 ff ]
02-19 21:13:03.887 D/K706RadioManager(17578): IMcuListener.onTransact: code=1 flags=16
02-19 21:13:03.889 D/K706RadioManager(17578): >>> IMcuListener.onMcuInfoChanged received! data=B1 00 00 27 D3 22 38 23 32 23 AA 23 BE 24 04 24 36 
02-19 21:13:03.891 D/K706RadioManager(17578): MCU[0xB1] len=17 : B1 00 00 27 D3 22 38 23 32 23 AA 23 BE 24 04 24 36 
02-19 21:13:03.891 D/K706RadioManager(17578): PresetList: band=0 presetIdx=0 currentFreq=10195 firstFreq=10195 (offset=3)
02-19 21:13:03.891 D/K706RadioManager(17578): >>> FREQ: 102000 -> 101950 (MCU=10195, 101,95 MHz)
02-19 21:13:03.894 D/TunerPresenter(15794): handleTunerRawData: b1 0 0 27 d3 22 38 23 32 23 aa 23 be 24 4 24 36 
02-19 21:13:03.897 D/TunerManagerForExt(15794): FMRadio main (TunerManagerForExt.java:147) onTunerPresetListChanged:  - mBand: 0 - mPresetIndex: 0 - mFrequency: 10195 - index: 0 - preset: 8760 - index: 1 - preset: 9010 - index: 2 - preset: 9130 - index: 3 - preset: 9150 - index: 4 - preset: 9220 - index: 5 - preset: 9270
02-19 21:13:03.934 E/mcu_services( 5512): MCU2APP : [ff fe fd 12 01 b1 00 00 27 ce 22 38 23 32 23 aa 23 be 24 04 24 36 74 ff ]
02-19 21:13:03.937 D/K706RadioManager(17578): IMcuListener.onTransact: code=1 flags=16
02-19 21:13:03.938 D/K706RadioManager(17578): >>> IMcuListener.onMcuInfoChanged received! data=B1 00 00 27 CE 22 38 23 32 23 AA 23 BE 24 04 24 36 
02-19 21:13:03.939 D/K706RadioManager(17578): MCU[0xB1] len=17 : B1 00 00 27 CE 22 38 23 32 23 AA 23 BE 24 04 24 36 
02-19 21:13:03.939 D/K706RadioManager(17578): PresetList: band=0 presetIdx=0 currentFreq=10190 firstFreq=10190 (offset=3)
02-19 21:13:03.939 D/K706RadioManager(17578): >>> FREQ: 101950 -> 101900 (MCU=10190, 101,90 MHz)
02-19 21:13:03.941 D/TunerPresenter(15794): handleTunerRawData: b1 0 0 27 ce 22 38 23 32 23 aa 23 be 24 4 24 36 
02-19 21:13:03.943 D/TunerManagerForExt(15794): FMRadio main (TunerManagerForExt.java:147) onTunerPresetListChanged:  - mBand: 0 - mPresetIndex: 0 - mFrequency: 10190 - index: 0 - preset: 8760 - index: 1 - preset: 9010 - index: 2 - preset: 9130 - index: 3 - preset: 9150 - index: 4 - preset: 9220 - index: 5 - preset: 9270
02-19 21:13:03.984 E/mcu_services( 5512): MCU2APP : [ff fe fd 12 01 b1 00 00 27 c9 22 38 23 32 23 aa 23 be 24 04 24 36 73 ff ]
02-19 21:13:03.987 D/K706RadioManager(17578): IMcuListener.onTransact: code=1 flags=16
02-19 21:13:03.988 D/K706RadioManager(17578): >>> IMcuListener.onMcuInfoChanged received! data=B1 00 00 27 C9 22 38 23 32 23 AA 23 BE 24 04 24 36 
02-19 21:13:03.989 D/K706RadioManager(17578): MCU[0xB1] len=17 : B1 00 00 27 C9 22 38 23 32 23 AA 23 BE 24 04 24 36 
02-19 21:13:03.989 D/K706RadioManager(17578): PresetList: band=0 presetIdx=0 currentFreq=10185 firstFreq=10185 (offset=3)
02-19 21:13:03.989 D/K706RadioManager(17578): >>> FREQ: 101900 -> 101850 (MCU=10185, 101,85 MHz)
02-19 21:13:03.992 D/TunerPresenter(15794): handleTunerRawData: b1 0 0 27 c9 22 38 23 32 23 aa 23 be 24 4 24 36 
02-19 21:13:03.997 D/TunerManagerForExt(15794): FMRadio main (TunerManagerForExt.java:147) onTunerPresetListChanged:  - mBand: 0 - mPresetIndex: 0 - mFrequency: 10185 - index: 0 - preset: 8760 - index: 1 - preset: 9010 - index: 2 - preset: 9130 - index: 3 - preset: 9150 - index: 4 - preset: 9220 - index: 5 - preset: 9270
02-19 21:13:04.034 E/mcu_services( 5512): MCU2APP : [ff fe fd 12 01 b1 00 00 27 c4 22 38 23 32 23 aa 23 be 24 04 24 36 7e ff ]
02-19 21:13:04.036 D/K706RadioManager(17578): IMcuListener.onTransact: code=1 flags=16
02-19 21:13:04.037 D/K706RadioManager(17578): >>> IMcuListener.onMcuInfoChanged received! data=B1 00 00 27 C4 22 38 23 32 23 AA 23 BE 24 04 24 36 
02-19 21:13:04.038 D/K706RadioManager(17578): MCU[0xB1] len=17 : B1 00 00 27 C4 22 38 23 32 23 AA 23 BE 24 04 24 36 
02-19 21:13:04.038 D/K706RadioManager(17578): PresetList: band=0 presetIdx=0 currentFreq=10180 firstFreq=10180 (offset=3)
02-19 21:13:04.038 D/K706RadioManager(17578): >>> FREQ: 101850 -> 101800 (MCU=10180, 101,80 MHz)
02-19 21:13:04.040 D/TunerPresenter(15794): handleTunerRawData: b1 0 0 27 c4 22 38 23 32 23 aa 23 be 24 4 24 36 
02-19 21:13:04.043 D/TunerManagerForExt(15794): FMRadio main (TunerManagerForExt.java:147) onTunerPresetListChanged:  - mBand: 0 - mPresetIndex: 0 - mFrequency: 10180 - index: 0 - preset: 8760 - index: 1 - preset: 9010 - index: 2 - preset: 9130 - index: 3 - preset: 9150 - index: 4 - preset: 9220 - index: 5 - preset: 9270
02-19 21:13:04.084 E/mcu_services( 5512): MCU2APP : [ff fe fd 12 01 b1 00 00 27 bf 22 38 23 32 23 aa 23 be 24 04 24 36 05 ff ]
02-19 21:13:04.086 D/K706RadioManager(17578): IMcuListener.onTransact: code=1 flags=16
02-19 21:13:04.087 D/K706RadioManager(17578): >>> IMcuListener.onMcuInfoChanged received! data=B1 00 00 27 BF 22 38 23 32 23 AA 23 BE 24 04 24 36 
02-19 21:13:04.088 D/K706RadioManager(17578): MCU[0xB1] len=17 : B1 00 00 27 BF 22 38 23 32 23 AA 23 BE 24 04 24 36 
02-19 21:13:04.088 D/K706RadioManager(17578): PresetList: band=0 presetIdx=0 currentFreq=10175 firstFreq=10175 (offset=3)
02-19 21:13:04.088 D/K706RadioManager(17578): >>> FREQ: 101800 -> 101750 (MCU=10175, 101,75 MHz)
02-19 21:13:04.091 D/TunerPresenter(15794): handleTunerRawData: b1 0 0 27 bf 22 38 23 32 23 aa 23 be 24 4 24 36 
02-19 21:13:04.093 D/TunerManagerForExt(15794): FMRadio main (TunerManagerForExt.java:147) onTunerPresetListChanged:  - mBand: 0 - mPresetIndex: 0 - mFrequency: 10175 - index: 0 - preset: 8760 - index: 1 - preset: 9010 - index: 2 - preset: 9130 - index: 3 - preset: 9150 - index: 4 - preset: 9220 - index: 5 - preset: 9270
02-19 21:13:04.133 E/mcu_services( 5512): MCU2APP : [ff fe fd 12 01 b1 00 00 27 ba 22 38 23 32 23 aa 23 be 24 04 24 36 00 ff ]
02-19 21:13:04.136 D/K706RadioManager(17578): IMcuListener.onTransact: code=1 flags=16
02-19 21:13:04.137 D/K706RadioManager(17578): >>> IMcuListener.onMcuInfoChanged received! data=B1 00 00 27 BA 22 38 23 32 23 AA 23 BE 24 04 24 36 
02-19 21:13:04.138 D/K706RadioManager(17578): MCU[0xB1] len=17 : B1 00 00 27 BA 22 38 23 32 23 AA 23 BE 24 04 24 36 
02-19 21:13:04.138 D/K706RadioManager(17578): PresetList: band=0 presetIdx=0 currentFreq=10170 firstFreq=10170 (offset=3)
02-19 21:13:04.138 D/K706RadioManager(17578): >>> FREQ: 101750 -> 101700 (MCU=10170, 101,70 MHz)
02-19 21:13:04.140 D/TunerPresenter(15794): handleTunerRawData: b1 0 0 27 ba 22 38 23 32 23 aa 23 be 24 4 24 36 
02-19 21:13:04.143 D/TunerManagerForExt(15794): FMRadio main (TunerManagerForExt.java:147) onTunerPresetListChanged:  - mBand: 0 - mPresetIndex: 0 - mFrequency: 10170 - index: 0 - preset: 8760 - index: 1 - preset: 9010 - index: 2 - preset: 9130 - index: 3 - preset: 9150 - index: 4 - preset: 9220 - index: 5 - preset: 9270
02-19 21:13:04.183 E/mcu_services( 5512): MCU2APP : [ff fe fd 12 01 b1 00 00 27 b5 22 38 23 32 23 aa 23 be 24 04 24 36 0f ff ]
02-19 21:13:04.185 D/K706RadioManager(17578): IMcuListener.onTransact: code=1 flags=16
02-19 21:13:04.186 D/K706RadioManager(17578): >>> IMcuListener.onMcuInfoChanged received! data=B1 00 00 27 B5 22 38 23 32 23 AA 23 BE 24 04 24 36 
02-19 21:13:04.187 D/K706RadioManager(17578): MCU[0xB1] len=17 : B1 00 00 27 B5 22 38 23 32 23 AA 23 BE 24 04 24 36 
02-19 21:13:04.187 D/K706RadioManager(17578): PresetList: band=0 presetIdx=0 currentFreq=10165 firstFreq=10165 (offset=3)
02-19 21:13:04.187 D/K706RadioManager(17578): >>> FREQ: 101700 -> 101650 (MCU=10165, 101,65 MHz)
02-19 21:13:04.190 D/TunerPresenter(15794): handleTunerRawData: b1 0 0 27 b5 22 38 23 32 23 aa 23 be 24 4 24 36 
02-19 21:13:04.193 D/TunerManagerForExt(15794): FMRadio main (TunerManagerForExt.java:147) onTunerPresetListChanged:  - mBand: 0 - mPresetIndex: 0 - mFrequency: 10165 - index: 0 - preset: 8760 - index: 1 - preset: 9010 - index: 2 - preset: 9130 - index: 3 - preset: 9150 - index: 4 - preset: 9220 - index: 5 - preset: 9270
02-19 21:13:04.233 E/mcu_services( 5512): MCU2APP : [ff fe fd 12 01 b1 00 00 27 b0 22 38 23 32 23 aa 23 be 24 04 24 36 0a ff ]
02-19 21:13:04.235 D/K706RadioManager(17578): IMcuListener.onTransact: code=1 flags=16
02-19 21:13:04.236 D/K706RadioManager(17578): >>> IMcuListener.onMcuInfoChanged received! data=B1 00 00 27 B0 22 38 23 32 23 AA 23 BE 24 04 24 36 
02-19 21:13:04.237 D/K706RadioManager(17578): MCU[0xB1] len=17 : B1 00 00 27 B0 22 38 23 32 23 AA 23 BE 24 04 24 36 
02-19 21:13:04.238 D/K706RadioManager(17578): PresetList: band=0 presetIdx=0 currentFreq=10160 firstFreq=10160 (offset=3)
02-19 21:13:04.238 D/K706RadioManager(17578): >>> FREQ: 101650 -> 101600 (MCU=10160, 101,60 MHz)
02-19 21:13:04.240 D/TunerPresenter(15794): handleTunerRawData: b1 0 0 27 b0 22 38 23 32 23 aa 23 be 24 4 24 36 
02-19 21:13:04.242 D/TunerManagerForExt(15794): FMRadio main (TunerManagerForExt.java:147) onTunerPresetListChanged:  - mBand: 0 - mPresetIndex: 0 - mFrequency: 10160 - index: 0 - preset: 8760 - index: 1 - preset: 9010 - index: 2 - preset: 9130 - index: 3 - preset: 9150 - index: 4 - preset: 9220 - index: 5 - preset: 9270
02-19 21:13:04.275 E/mcu_services( 5512): MCU2APP : [ff fe fd 12 01 b1 00 00 27 b0 22 38 23 32 23 aa 23 be 24 04 24 36 0a ff ]
02-19 21:13:04.276 D/K706RadioManager(17578): IMcuListener.onTransact: code=1 flags=16
02-19 21:13:04.278 D/K706RadioManager(17578): >>> IMcuListener.onMcuInfoChanged received! data=B1 00 00 27 B0 22 38 23 32 23 AA 23 BE 24 04 24 36 
02-19 21:13:04.279 D/K706RadioManager(17578): MCU[0xB1] len=17 : B1 00 00 27 B0 22 38 23 32 23 AA 23 BE 24 04 24 36 
02-19 21:13:04.279 D/K706RadioManager(17578): PresetList: band=0 presetIdx=0 currentFreq=10160 firstFreq=10160 (offset=3)
02-19 21:13:04.281 D/TunerPresenter(15794): handleTunerRawData: b1 0 0 27 b0 22 38 23 32 23 aa 23 be 24 4 24 36 
02-19 21:13:04.284 D/TunerManagerForExt(15794): FMRadio main (TunerManagerForExt.java:147) onTunerPresetListChanged:  - mBand: 0 - mPresetIndex: 0 - mFrequency: 10160 - index: 0 - preset: 8760 - index: 1 - preset: 9010 - index: 2 - preset: 9130 - index: 3 - preset: 9150 - index: 4 - preset: 9220 - index: 5 - preset: 9270
02-19 21:13:04.347 E/mcu_services( 5512): MCU2APP : [ff fe fd 12 01 b1 00 00 27 b0 22 38 23 32 23 aa 23 be 24 04 24 36 0a ff ]
02-19 21:13:04.347 E/mcu_services( 5512): MCU2APP : [ff fe fd 03 01 b4 00 b5 ff ]
02-19 21:13:04.348 E/mcu_services( 5512): sendAckSuccess : [ff fd fe 02 02 b4 b6 ff ]
02-19 21:13:04.348 E/mcu_services( 5512): APP2MCU - writeToUart: [ff fd fe 02 02 b4 b6 ff ]
02-19 21:13:04.349 D/K706RadioManager(17578): IMcuListener.onTransact: code=1 flags=16
02-19 21:13:04.351 D/K706RadioManager(17578): >>> IMcuListener.onMcuInfoChanged received! data=B1 00 00 27 B0 22 38 23 32 23 AA 23 BE 24 04 24 36 
02-19 21:13:04.352 D/K706RadioManager(17578): MCU[0xB1] len=17 : B1 00 00 27 B0 22 38 23 32 23 AA 23 BE 24 04 24 36 
02-19 21:13:04.352 D/K706RadioManager(17578): PresetList: band=0 presetIdx=0 currentFreq=10160 firstFreq=10160 (offset=3)
02-19 21:13:04.354 D/TunerPresenter(15794): handleTunerRawData: b1 0 0 27 b0 22 38 23 32 23 aa 23 be 24 4 24 36 
02-19 21:13:04.355 D/TunerManagerForExt(15794): FMRadio main (TunerManagerForExt.java:147) onTunerPresetListChanged:  - mBand: 0 - mPresetIndex: 0 - mFrequency: 10160 - index: 0 - preset: 8760 - index: 1 - preset: 9010 - index: 2 - preset: 9130 - index: 3 - preset: 9150 - index: 4 - preset: 9220 - index: 5 - preset: 9270
02-19 21:13:04.355 D/K706RadioManager(17578): IMcuListener.onTransact: code=1 flags=16
02-19 21:13:04.356 D/K706RadioManager(17578): >>> IMcuListener.onMcuInfoChanged received! data=B4 00 
02-19 21:13:04.356 D/K706RadioManager(17578): MCU[0xB4] len=2 : B4 00 
02-19 21:13:04.356 D/K706RadioManager(17578): RDS B4 Flags: 0x00
02-19 21:13:04.363 D/TunerPresenter(15794): handleTunerRawData: b4 0 
02-19 21:13:04.363 D/TunerManagerForExt(15794): FMRadio main (TunerManagerForExt.java:195) onTuneRdsIndicateInfo: onTuneRdsIndicateInfo - flag: 0 - mRdsSwitch: 0
02-19 21:13:04.380 E/mcu_services( 5512): MCU2APP : [ff fe fd 03 01 b0 70 c1 ff ]
02-19 21:13:04.382 D/K706RadioManager(17578): IMcuListener.onTransact: code=1 flags=16
02-19 21:13:04.382 D/K706RadioManager(17578): >>> IMcuListener.onMcuInfoChanged received! data=B0 70 
02-19 21:13:04.382 D/K706RadioManager(17578): MCU[0xB0] len=2 : B0 70 
02-19 21:13:04.383 D/K706RadioManager(17578): TunerInfo: flags=0x70 save=false AS=false finish=true valid=true ST=true LOC=false seek=false scan=false
02-19 21:13:04.384 D/TunerPresenter(15794): handleTunerRawData: b0 70 
02-19 21:13:04.385 D/TunerManagerForExt(15794): FMRadio main (TunerManagerForExt.java:108) onTunerInfoChanged: onTunerInfoChanged - flag: 112 - asFlag: 0 - psFlag: 0 - scanFlag: 0 - seekFlag: 0 - mStFlag: 1 - mLocFlag: 1 - mIsSearching: true - mTempSearching: false
02-19 21:13:04.385 D/TunerManagerForExt(15794): FMRadio main (TunerManagerForExt.java:118) onTunerInfoChanged: mIsSearching: false - mTempSearching: false - asFlag: 0 - seekFlag: 0
02-19 21:13:04.403 E/mcu_services( 5512): MCU2APP : [ff fe fd 03 01 b4 06 b3 ff ]
02-19 21:13:04.403 E/mcu_services( 5512): MCU2APP : [ff fe fd 04 01 b5 00 0a be ff ]
02-19 21:13:04.403 E/mcu_services( 5512): sendAckSuccess : [ff fd fe 02 02 b4 b6 ff ]
02-19 21:13:04.403 E/mcu_services( 5512): APP2MCU - writeToUart: [ff fd fe 02 02 b4 b6 ff ]
02-19 21:13:04.404 E/mcu_services( 5512): sendAckSuccess : [ff fd fe 02 02 b5 b7 ff ]
02-19 21:13:04.404 E/mcu_services( 5512): APP2MCU - writeToUart: [ff fd fe 02 02 b5 b7 ff ]
02-19 21:13:04.405 D/K706RadioManager(17578): IMcuListener.onTransact: code=1 flags=16
02-19 21:13:04.406 D/K706RadioManager(17578): >>> IMcuListener.onMcuInfoChanged received! data=B4 06 
02-19 21:13:04.406 D/K706RadioManager(17578): MCU[0xB4] len=2 : B4 06 
02-19 21:13:04.406 D/K706RadioManager(17578): RDS B4 Flags: 0x06
02-19 21:13:04.409 D/TunerPresenter(15794): handleTunerRawData: b4 6 
02-19 21:13:04.409 D/TunerManagerForExt(15794): FMRadio main (TunerManagerForExt.java:195) onTuneRdsIndicateInfo: onTuneRdsIndicateInfo - flag: 6 - mRdsSwitch: 1
02-19 21:13:04.410 D/K706RadioManager(17578): IMcuListener.onTransact: code=1 flags=16
02-19 21:13:04.410 D/K706RadioManager(17578): >>> IMcuListener.onMcuInfoChanged received! data=B5 00 0A 
02-19 21:13:04.411 D/K706RadioManager(17578): MCU[0xB5] len=3 : B5 00 0A 
02-19 21:13:04.411 D/K706RadioManager(17578): RDS PTY (0xB5): 0
02-19 21:13:04.413 D/TunerPresenter(15794): handleTunerRawData: b5 0 a 
02-19 21:13:04.413 D/TunerManagerForExt(15794): FMRadio main (TunerManagerForExt.java:220) onTuneRdsPtyTypeInfo: onTuneRdsPtyTypeInfo - mRdsPtyType: 0
02-19 21:13:04.479 E/mcu_services( 5512): MCU2APP : [ff fe fd 03 01 29 6d 45 ff ]
02-19 21:13:04.481 D/K706RadioManager(17578): IMcuListener.onTransact: code=1 flags=16
02-19 21:13:04.481 D/K706RadioManager(17578): >>> IMcuListener.onMcuInfoChanged received! data=29 6D 
02-19 21:13:04.482 D/K706RadioManager(17578): MCU[0x29] len=2 : 29 6D 
02-19 21:13:04.482 D/K706RadioManager(17578): Unknown MCU packet type: 0x29
02-19 21:13:06.198 E/mcu_services( 5512): APP2MCU - writeToUartNormal : [ff fd fe 05 01 a0 02 00 00 a3 ff ]
02-19 21:13:06.199 D/K706RadioManager(17578): CMD Enviado: sub=0x02 p1=0x00 p2=0x00
02-19 21:13:06.199 D/K706RadioManager(17578): Seek DOWN iniciado
02-19 21:13:06.275 E/mcu_services( 5512): MCU2APP : [ff fe fd 12 01 b1 00 00 27 ab 22 38 23 32 23 aa 23 be 24 04 24 36 11 ff ]
02-19 21:13:06.276 E/mcu_services( 5512): MCU2APP : [ff fe fd 03 01 b0 78 c9 ff ]
02-19 21:13:06.278 D/K706RadioManager(17578): IMcuListener.onTransact: code=1 flags=16
02-19 21:13:06.279 D/K706RadioManager(17578): >>> IMcuListener.onMcuInfoChanged received! data=B1 00 00 27 AB 22 38 23 32 23 AA 23 BE 24 04 24 36 
02-19 21:13:06.281 D/K706RadioManager(17578): MCU[0xB1] len=17 : B1 00 00 27 AB 22 38 23 32 23 AA 23 BE 24 04 24 36 
02-19 21:13:06.281 D/K706RadioManager(17578): PresetList: band=0 presetIdx=0 currentFreq=10155 firstFreq=10155 (offset=3)
02-19 21:13:06.282 D/K706RadioManager(17578): >>> FREQ: 101600 -> 101550 (MCU=10155, 101,55 MHz)
02-19 21:13:06.285 D/TunerPresenter(15794): handleTunerRawData: b1 0 0 27 ab 22 38 23 32 23 aa 23 be 24 4 24 36 
02-19 21:13:06.285 D/TunerManagerForExt(15794): FMRadio main (TunerManagerForExt.java:147) onTunerPresetListChanged:  - mBand: 0 - mPresetIndex: 0 - mFrequency: 10155 - index: 0 - preset: 8760 - index: 1 - preset: 9010 - index: 2 - preset: 9130 - index: 3 - preset: 9150 - index: 4 - preset: 9220 - index: 5 - preset: 9270
02-19 21:13:06.285 D/K706RadioManager(17578): IMcuListener.onTransact: code=1 flags=16
02-19 21:13:06.286 D/K706RadioManager(17578): >>> IMcuListener.onMcuInfoChanged received! data=B0 78 
02-19 21:13:06.286 D/K706RadioManager(17578): MCU[0xB0] len=2 : B0 78 
02-19 21:13:06.286 D/K706RadioManager(17578): TunerInfo: flags=0x78 save=false AS=true finish=true valid=true ST=true LOC=false seek=false scan=false
02-19 21:13:06.298 D/TunerPresenter(15794): handleTunerRawData: b0 78 
02-19 21:13:06.298 D/TunerManagerForExt(15794): FMRadio main (TunerManagerForExt.java:108) onTunerInfoChanged: onTunerInfoChanged - flag: 120 - asFlag: 0 - psFlag: 0 - scanFlag: 0 - seekFlag: 1 - mStFlag: 1 - mLocFlag: 1 - mIsSearching: false - mTempSearching: false
02-19 21:13:06.298 D/TunerManagerForExt(15794): FMRadio main (TunerManagerForExt.java:118) onTunerInfoChanged: mIsSearching: true - mTempSearching: false - asFlag: 0 - seekFlag: 1
02-19 21:13:06.321 E/mcu_services( 5512): MCU2APP : [ff fe fd 12 01 b1 00 00 27 a6 22 38 23 32 23 aa 23 be 24 04 24 36 1c ff ]
02-19 21:13:06.323 D/K706RadioManager(17578): IMcuListener.onTransact: code=1 flags=16
02-19 21:13:06.324 D/K706RadioManager(17578): >>> IMcuListener.onMcuInfoChanged received! data=B1 00 00 27 A6 22 38 23 32 23 AA 23 BE 24 04 24 36 
02-19 21:13:06.325 D/K706RadioManager(17578): MCU[0xB1] len=17 : B1 00 00 27 A6 22 38 23 32 23 AA 23 BE 24 04 24 36 
02-19 21:13:06.325 D/K706RadioManager(17578): PresetList: band=0 presetIdx=0 currentFreq=10150 firstFreq=10150 (offset=3)
02-19 21:13:06.326 D/K706RadioManager(17578): >>> FREQ: 101550 -> 101500 (MCU=10150, 101,50 MHz)
02-19 21:13:06.327 D/TunerPresenter(15794): handleTunerRawData: b1 0 0 27 a6 22 38 23 32 23 aa 23 be 24 4 24 36 
02-19 21:13:06.329 D/TunerManagerForExt(15794): FMRadio main (TunerManagerForExt.java:147) onTunerPresetListChanged:  - mBand: 0 - mPresetIndex: 0 - mFrequency: 10150 - index: 0 - preset: 8760 - index: 1 - preset: 9010 - index: 2 - preset: 9130 - index: 3 - preset: 9150 - index: 4 - preset: 9220 - index: 5 - preset: 9270
02-19 21:13:06.371 E/mcu_services( 5512): MCU2APP : [ff fe fd 12 01 b1 00 00 27 a1 22 38 23 32 23 aa 23 be 24 04 24 36 1b ff ]
02-19 21:13:06.372 D/K706RadioManager(17578): IMcuListener.onTransact: code=1 flags=16
02-19 21:13:06.373 D/K706RadioManager(17578): >>> IMcuListener.onMcuInfoChanged received! data=B1 00 00 27 A1 22 38 23 32 23 AA 23 BE 24 04 24 36 
02-19 21:13:06.374 D/K706RadioManager(17578): MCU[0xB1] len=17 : B1 00 00 27 A1 22 38 23 32 23 AA 23 BE 24 04 24 36 
02-19 21:13:06.374 D/K706RadioManager(17578): PresetList: band=0 presetIdx=0 currentFreq=10145 firstFreq=10145 (offset=3)
02-19 21:13:06.374 D/K706RadioManager(17578): >>> FREQ: 101500 -> 101450 (MCU=10145, 101,45 MHz)
02-19 21:13:06.376 D/TunerPresenter(15794): handleTunerRawData: b1 0 0 27 a1 22 38 23 32 23 aa 23 be 24 4 24 36 
02-19 21:13:06.379 D/TunerManagerForExt(15794): FMRadio main (TunerManagerForExt.java:147) onTunerPresetListChanged:  - mBand: 0 - mPresetIndex: 0 - mFrequency: 10145 - index: 0 - preset: 8760 - index: 1 - preset: 9010 - index: 2 - preset: 9130 - index: 3 - preset: 9150 - index: 4 - preset: 9220 - index: 5 - preset: 9270
02-19 21:13:06.421 E/mcu_services( 5512): MCU2APP : [ff fe fd 12 01 b1 00 00 27 9c 22 38 23 32 23 aa 23 be 24 04 24 36 26 ff ]
02-19 21:13:06.422 D/K706RadioManager(17578): IMcuListener.onTransact: code=1 flags=16
02-19 21:13:06.423 D/K706RadioManager(17578): >>> IMcuListener.onMcuInfoChanged received! data=B1 00 00 27 9C 22 38 23 32 23 AA 23 BE 24 04 24 36 
02-19 21:13:06.424 D/K706RadioManager(17578): MCU[0xB1] len=17 : B1 00 00 27 9C 22 38 23 32 23 AA 23 BE 24 04 24 36 
02-19 21:13:06.424 D/K706RadioManager(17578): PresetList: band=0 presetIdx=0 currentFreq=10140 firstFreq=10140 (offset=3)
02-19 21:13:06.425 D/K706RadioManager(17578): >>> FREQ: 101450 -> 101400 (MCU=10140, 101,40 MHz)
02-19 21:13:06.427 D/TunerPresenter(15794): handleTunerRawData: b1 0 0 27 9c 22 38 23 32 23 aa 23 be 24 4 24 36 
02-19 21:13:06.432 D/TunerManagerForExt(15794): FMRadio main (TunerManagerForExt.java:147) onTunerPresetListChanged:  - mBand: 0 - mPresetIndex: 0 - mFrequency: 10140 - index: 0 - preset: 8760 - index: 1 - preset: 9010 - index: 2 - preset: 9130 - index: 3 - preset: 9150 - index: 4 - preset: 9220 - index: 5 - preset: 9270
02-19 21:13:06.470 E/mcu_services( 5512): MCU2APP : [ff fe fd 12 01 b1 00 00 27 97 22 38 23 32 23 aa 23 be 24 04 24 36 2d ff ]
02-19 21:13:06.472 D/K706RadioManager(17578): IMcuListener.onTransact: code=1 flags=16
02-19 21:13:06.473 D/K706RadioManager(17578): >>> IMcuListener.onMcuInfoChanged received! data=B1 00 00 27 97 22 38 23 32 23 AA 23 BE 24 04 24 36 
02-19 21:13:06.474 D/K706RadioManager(17578): MCU[0xB1] len=17 : B1 00 00 27 97 22 38 23 32 23 AA 23 BE 24 04 24 36 
02-19 21:13:06.474 D/K706RadioManager(17578): PresetList: band=0 presetIdx=0 currentFreq=10135 firstFreq=10135 (offset=3)
02-19 21:13:06.475 D/K706RadioManager(17578): >>> FREQ: 101400 -> 101350 (MCU=10135, 101,35 MHz)
02-19 21:13:06.478 D/TunerPresenter(15794): handleTunerRawData: b1 0 0 27 97 22 38 23 32 23 aa 23 be 24 4 24 36 
02-19 21:13:06.480 D/TunerManagerForExt(15794): FMRadio main (TunerManagerForExt.java:147) onTunerPresetListChanged:  - mBand: 0 - mPresetIndex: 0 - mFrequency: 10135 - index: 0 - preset: 8760 - index: 1 - preset: 9010 - index: 2 - preset: 9130 - index: 3 - preset: 9150 - index: 4 - preset: 9220 - index: 5 - preset: 9270
02-19 21:13:06.520 E/mcu_services( 5512): MCU2APP : [ff fe fd 03 01 29 6d 45 ff ]
02-19 21:13:06.520 E/mcu_services( 5512): MCU2APP : [ff fe fd 12 01 b1 00 00 27 92 22 38 23 32 23 aa 23 be 24 04 24 36 28 ff ]
02-19 21:13:06.522 D/K706RadioManager(17578): IMcuListener.onTransact: code=1 flags=16
02-19 21:13:06.522 D/K706RadioManager(17578): >>> IMcuListener.onMcuInfoChanged received! data=29 6D 
02-19 21:13:06.522 D/K706RadioManager(17578): MCU[0x29] len=2 : 29 6D 
02-19 21:13:06.522 D/K706RadioManager(17578): Unknown MCU packet type: 0x29
02-19 21:13:06.526 D/K706RadioManager(17578): IMcuListener.onTransact: code=1 flags=16
02-19 21:13:06.528 D/K706RadioManager(17578): >>> IMcuListener.onMcuInfoChanged received! data=B1 00 00 27 92 22 38 23 32 23 AA 23 BE 24 04 24 36 
02-19 21:13:06.529 D/K706RadioManager(17578): MCU[0xB1] len=17 : B1 00 00 27 92 22 38 23 32 23 AA 23 BE 24 04 24 36 
02-19 21:13:06.529 D/K706RadioManager(17578): PresetList: band=0 presetIdx=0 currentFreq=10130 firstFreq=10130 (offset=3)
02-19 21:13:06.529 D/K706RadioManager(17578): >>> FREQ: 101350 -> 101300 (MCU=10130, 101,30 MHz)
02-19 21:13:06.531 D/TunerPresenter(15794): handleTunerRawData: b1 0 0 27 92 22 38 23 32 23 aa 23 be 24 4 24 36 
02-19 21:13:06.533 D/TunerManagerForExt(15794): FMRadio main (TunerManagerForExt.java:147) onTunerPresetListChanged:  - mBand: 0 - mPresetIndex: 0 - mFrequency: 10130 - index: 0 - preset: 8760 - index: 1 - preset: 9010 - index: 2 - preset: 9130 - index: 3 - preset: 9150 - index: 4 - preset: 9220 - index: 5 - preset: 9270
02-19 21:13:06.570 E/mcu_services( 5512): MCU2APP : [ff fe fd 12 01 b1 00 00 27 8d 22 38 23 32 23 aa 23 be 24 04 24 36 37 ff ]
02-19 21:13:06.572 D/K706RadioManager(17578): IMcuListener.onTransact: code=1 flags=16
02-19 21:13:06.573 D/K706RadioManager(17578): >>> IMcuListener.onMcuInfoChanged received! data=B1 00 00 27 8D 22 38 23 32 23 AA 23 BE 24 04 24 36 
02-19 21:13:06.574 D/K706RadioManager(17578): MCU[0xB1] len=17 : B1 00 00 27 8D 22 38 23 32 23 AA 23 BE 24 04 24 36 
02-19 21:13:06.574 D/K706RadioManager(17578): PresetList: band=0 presetIdx=0 currentFreq=10125 firstFreq=10125 (offset=3)
02-19 21:13:06.574 D/K706RadioManager(17578): >>> FREQ: 101300 -> 101250 (MCU=10125, 101,25 MHz)
02-19 21:13:06.576 D/TunerPresenter(15794): handleTunerRawData: b1 0 0 27 8d 22 38 23 32 23 aa 23 be 24 4 24 36 
02-19 21:13:06.579 D/TunerManagerForExt(15794): FMRadio main (TunerManagerForExt.java:147) onTunerPresetListChanged:  - mBand: 0 - mPresetIndex: 0 - mFrequency: 10125 - index: 0 - preset: 8760 - index: 1 - preset: 9010 - index: 2 - preset: 9130 - index: 3 - preset: 9150 - index: 4 - preset: 9220 - index: 5 - preset: 9270
02-19 21:13:06.619 E/mcu_services( 5512): MCU2APP : [ff fe fd 12 01 b1 00 00 27 88 22 38 23 32 23 aa 23 be 24 04 24 36 32 ff ]
02-19 21:13:06.622 D/K706RadioManager(17578): IMcuListener.onTransact: code=1 flags=16
02-19 21:13:06.623 D/K706RadioManager(17578): >>> IMcuListener.onMcuInfoChanged received! data=B1 00 00 27 88 22 38 23 32 23 AA 23 BE 24 04 24 36 
02-19 21:13:06.624 D/K706RadioManager(17578): MCU[0xB1] len=17 : B1 00 00 27 88 22 38 23 32 23 AA 23 BE 24 04 24 36 
02-19 21:13:06.624 D/K706RadioManager(17578): PresetList: band=0 presetIdx=0 currentFreq=10120 firstFreq=10120 (offset=3)
02-19 21:13:06.624 D/K706RadioManager(17578): >>> FREQ: 101250 -> 101200 (MCU=10120, 101,20 MHz)
02-19 21:13:06.630 D/TunerPresenter(15794): handleTunerRawData: b1 0 0 27 88 22 38 23 32 23 aa 23 be 24 4 24 36 
02-19 21:13:06.632 D/TunerManagerForExt(15794): FMRadio main (TunerManagerForExt.java:147) onTunerPresetListChanged:  - mBand: 0 - mPresetIndex: 0 - mFrequency: 10120 - index: 0 - preset: 8760 - index: 1 - preset: 9010 - index: 2 - preset: 9130 - index: 3 - preset: 9150 - index: 4 - preset: 9220 - index: 5 - preset: 9270
02-19 21:13:06.669 E/mcu_services( 5512): MCU2APP : [ff fe fd 12 01 b1 00 00 27 83 22 38 23 32 23 aa 23 be 24 04 24 36 39 ff ]
02-19 21:13:06.671 D/K706RadioManager(17578): IMcuListener.onTransact: code=1 flags=16
02-19 21:13:06.672 D/K706RadioManager(17578): >>> IMcuListener.onMcuInfoChanged received! data=B1 00 00 27 83 22 38 23 32 23 AA 23 BE 24 04 24 36 
02-19 21:13:06.673 D/K706RadioManager(17578): MCU[0xB1] len=17 : B1 00 00 27 83 22 38 23 32 23 AA 23 BE 24 04 24 36 
02-19 21:13:06.673 D/K706RadioManager(17578): PresetList: band=0 presetIdx=0 currentFreq=10115 firstFreq=10115 (offset=3)
02-19 21:13:06.673 D/K706RadioManager(17578): >>> FREQ: 101200 -> 101150 (MCU=10115, 101,15 MHz)
02-19 21:13:06.676 D/TunerPresenter(15794): handleTunerRawData: b1 0 0 27 83 22 38 23 32 23 aa 23 be 24 4 24 36 
02-19 21:13:06.678 D/TunerManagerForExt(15794): FMRadio main (TunerManagerForExt.java:147) onTunerPresetListChanged:  - mBand: 0 - mPresetIndex: 0 - mFrequency: 10115 - index: 0 - preset: 8760 - index: 1 - preset: 9010 - index: 2 - preset: 9130 - index: 3 - preset: 9150 - index: 4 - preset: 9220 - index: 5 - preset: 9270
02-19 21:13:06.719 E/mcu_services( 5512): MCU2APP : [ff fe fd 12 01 b1 00 00 27 7e 22 38 23 32 23 aa 23 be 24 04 24 36 c4 ff ]
02-19 21:13:06.720 D/K706RadioManager(17578): IMcuListener.onTransact: code=1 flags=16
02-19 21:13:06.721 D/K706RadioManager(17578): >>> IMcuListener.onMcuInfoChanged received! data=B1 00 00 27 7E 22 38 23 32 23 AA 23 BE 24 04 24 36 
02-19 21:13:06.722 D/K706RadioManager(17578): MCU[0xB1] len=17 : B1 00 00 27 7E 22 38 23 32 23 AA 23 BE 24 04 24 36 
02-19 21:13:06.722 D/K706RadioManager(17578): PresetList: band=0 presetIdx=0 currentFreq=10110 firstFreq=10110 (offset=3)
02-19 21:13:06.722 D/K706RadioManager(17578): >>> FREQ: 101150 -> 101100 (MCU=10110, 101,10 MHz)
02-19 21:13:06.724 D/TunerPresenter(15794): handleTunerRawData: b1 0 0 27 7e 22 38 23 32 23 aa 23 be 24 4 24 36 
02-19 21:13:06.726 D/TunerManagerForExt(15794): FMRadio main (TunerManagerForExt.java:147) onTunerPresetListChanged:  - mBand: 0 - mPresetIndex: 0 - mFrequency: 10110 - index: 0 - preset: 8760 - index: 1 - preset: 9010 - index: 2 - preset: 9130 - index: 3 - preset: 9150 - index: 4 - preset: 9220 - index: 5 - preset: 9270
02-19 21:13:06.769 E/mcu_services( 5512): MCU2APP : [ff fe fd 12 01 b1 00 00 27 79 22 38 23 32 23 aa 23 be 24 04 24 36 c3 ff ]
02-19 21:13:06.771 D/K706RadioManager(17578): IMcuListener.onTransact: code=1 flags=16
02-19 21:13:06.773 D/K706RadioManager(17578): >>> IMcuListener.onMcuInfoChanged received! data=B1 00 00 27 79 22 38 23 32 23 AA 23 BE 24 04 24 36 
02-19 21:13:06.775 D/K706RadioManager(17578): MCU[0xB1] len=17 : B1 00 00 27 79 22 38 23 32 23 AA 23 BE 24 04 24 36 
02-19 21:13:06.775 D/K706RadioManager(17578): PresetList: band=0 presetIdx=0 currentFreq=10105 firstFreq=10105 (offset=3)
02-19 21:13:06.776 D/K706RadioManager(17578): >>> FREQ: 101100 -> 101050 (MCU=10105, 101,05 MHz)
02-19 21:13:06.778 D/TunerPresenter(15794): handleTunerRawData: b1 0 0 27 79 22 38 23 32 23 aa 23 be 24 4 24 36 
02-19 21:13:06.781 D/TunerManagerForExt(15794): FMRadio main (TunerManagerForExt.java:147) onTunerPresetListChanged:  - mBand: 0 - mPresetIndex: 0 - mFrequency: 10105 - index: 0 - preset: 8760 - index: 1 - preset: 9010 - index: 2 - preset: 9130 - index: 3 - preset: 9150 - index: 4 - preset: 9220 - index: 5 - preset: 9270
02-19 21:13:06.818 E/mcu_services( 5512): MCU2APP : [ff fe fd 12 01 b1 00 00 27 74 22 38 23 32 23 aa 23 be 24 04 24 36 ce ff ]
02-19 21:13:06.820 D/K706RadioManager(17578): IMcuListener.onTransact: code=1 flags=16
02-19 21:13:06.821 D/K706RadioManager(17578): >>> IMcuListener.onMcuInfoChanged received! data=B1 00 00 27 74 22 38 23 32 23 AA 23 BE 24 04 24 36 
02-19 21:13:06.822 D/K706RadioManager(17578): MCU[0xB1] len=17 : B1 00 00 27 74 22 38 23 32 23 AA 23 BE 24 04 24 36 
02-19 21:13:06.822 D/K706RadioManager(17578): PresetList: band=0 presetIdx=0 currentFreq=10100 firstFreq=10100 (offset=3)
02-19 21:13:06.822 D/K706RadioManager(17578): >>> FREQ: 101050 -> 101000 (MCU=10100, 101,00 MHz)
02-19 21:13:06.824 D/TunerPresenter(15794): handleTunerRawData: b1 0 0 27 74 22 38 23 32 23 aa 23 be 24 4 24 36 
02-19 21:13:06.827 D/TunerManagerForExt(15794): FMRadio main (TunerManagerForExt.java:147) onTunerPresetListChanged:  - mBand: 0 - mPresetIndex: 0 - mFrequency: 10100 - index: 0 - preset: 8760 - index: 1 - preset: 9010 - index: 2 - preset: 9130 - index: 3 - preset: 9150 - index: 4 - preset: 9220 - index: 5 - preset: 9270
02-19 21:13:06.868 E/mcu_services( 5512): MCU2APP : [ff fe fd 12 01 b1 00 00 27 6f 22 38 23 32 23 aa 23 be 24 04 24 36 d5 ff ]
02-19 21:13:06.870 D/K706RadioManager(17578): IMcuListener.onTransact: code=1 flags=16
02-19 21:13:06.871 D/K706RadioManager(17578): >>> IMcuListener.onMcuInfoChanged received! data=B1 00 00 27 6F 22 38 23 32 23 AA 23 BE 24 04 24 36 
02-19 21:13:06.872 D/K706RadioManager(17578): MCU[0xB1] len=17 : B1 00 00 27 6F 22 38 23 32 23 AA 23 BE 24 04 24 36 
02-19 21:13:06.872 D/K706RadioManager(17578): PresetList: band=0 presetIdx=0 currentFreq=10095 firstFreq=10095 (offset=3)
02-19 21:13:06.872 D/K706RadioManager(17578): >>> FREQ: 101000 -> 100950 (MCU=10095, 100,95 MHz)
02-19 21:13:06.874 D/TunerPresenter(15794): handleTunerRawData: b1 0 0 27 6f 22 38 23 32 23 aa 23 be 24 4 24 36 
02-19 21:13:06.877 D/TunerManagerForExt(15794): FMRadio main (TunerManagerForExt.java:147) onTunerPresetListChanged:  - mBand: 0 - mPresetIndex: 0 - mFrequency: 10095 - index: 0 - preset: 8760 - index: 1 - preset: 9010 - index: 2 - preset: 9130 - index: 3 - preset: 9150 - index: 4 - preset: 9220 - index: 5 - preset: 9270
02-19 21:13:06.918 E/mcu_services( 5512): MCU2APP : [ff fe fd 12 01 b1 00 00 27 6a 22 38 23 32 23 aa 23 be 24 04 24 36 d0 ff ]
02-19 21:13:06.920 D/K706RadioManager(17578): IMcuListener.onTransact: code=1 flags=16
02-19 21:13:06.921 D/K706RadioManager(17578): >>> IMcuListener.onMcuInfoChanged received! data=B1 00 00 27 6A 22 38 23 32 23 AA 23 BE 24 04 24 36 
02-19 21:13:06.922 D/K706RadioManager(17578): MCU[0xB1] len=17 : B1 00 00 27 6A 22 38 23 32 23 AA 23 BE 24 04 24 36 
02-19 21:13:06.922 D/K706RadioManager(17578): PresetList: band=0 presetIdx=0 currentFreq=10090 firstFreq=10090 (offset=3)
02-19 21:13:06.922 D/K706RadioManager(17578): >>> FREQ: 100950 -> 100900 (MCU=10090, 100,90 MHz)
02-19 21:13:06.924 D/TunerPresenter(15794): handleTunerRawData: b1 0 0 27 6a 22 38 23 32 23 aa 23 be 24 4 24 36 
02-19 21:13:06.927 D/TunerManagerForExt(15794): FMRadio main (TunerManagerForExt.java:147) onTunerPresetListChanged:  - mBand: 0 - mPresetIndex: 0 - mFrequency: 10090 - index: 0 - preset: 8760 - index: 1 - preset: 9010 - index: 2 - preset: 9130 - index: 3 - preset: 9150 - index: 4 - preset: 9220 - index: 5 - preset: 9270
02-19 21:13:06.967 E/mcu_services( 5512): MCU2APP : [ff fe fd 12 01 b1 00 00 27 65 22 38 23 32 23 aa 23 be 24 04 24 36 df ff ]
02-19 21:13:06.970 D/K706RadioManager(17578): IMcuListener.onTransact: code=1 flags=16
02-19 21:13:06.971 D/K706RadioManager(17578): >>> IMcuListener.onMcuInfoChanged received! data=B1 00 00 27 65 22 38 23 32 23 AA 23 BE 24 04 24 36 
02-19 21:13:06.972 D/K706RadioManager(17578): MCU[0xB1] len=17 : B1 00 00 27 65 22 38 23 32 23 AA 23 BE 24 04 24 36 
02-19 21:13:06.972 D/K706RadioManager(17578): PresetList: band=0 presetIdx=0 currentFreq=10085 firstFreq=10085 (offset=3)
02-19 21:13:06.972 D/K706RadioManager(17578): >>> FREQ: 100900 -> 100850 (MCU=10085, 100,85 MHz)
02-19 21:13:06.974 D/TunerPresenter(15794): handleTunerRawData: b1 0 0 27 65 22 38 23 32 23 aa 23 be 24 4 24 36 
02-19 21:13:06.976 D/TunerManagerForExt(15794): FMRadio main (TunerManagerForExt.java:147) onTunerPresetListChanged:  - mBand: 0 - mPresetIndex: 0 - mFrequency: 10085 - index: 0 - preset: 8760 - index: 1 - preset: 9010 - index: 2 - preset: 9130 - index: 3 - preset: 9150 - index: 4 - preset: 9220 - index: 5 - preset: 9270
02-19 21:13:07.017 E/mcu_services( 5512): MCU2APP : [ff fe fd 12 01 b1 00 00 27 60 22 38 23 32 23 aa 23 be 24 04 24 36 da ff ]
02-19 21:13:07.019 D/K706RadioManager(17578): IMcuListener.onTransact: code=1 flags=16
02-19 21:13:07.020 D/K706RadioManager(17578): >>> IMcuListener.onMcuInfoChanged received! data=B1 00 00 27 60 22 38 23 32 23 AA 23 BE 24 04 24 36 
02-19 21:13:07.021 D/K706RadioManager(17578): MCU[0xB1] len=17 : B1 00 00 27 60 22 38 23 32 23 AA 23 BE 24 04 24 36 
02-19 21:13:07.021 D/K706RadioManager(17578): PresetList: band=0 presetIdx=0 currentFreq=10080 firstFreq=10080 (offset=3)
02-19 21:13:07.022 D/K706RadioManager(17578): >>> FREQ: 100850 -> 100800 (MCU=10080, 100,80 MHz)
02-19 21:13:07.024 D/TunerPresenter(15794): handleTunerRawData: b1 0 0 27 60 22 38 23 32 23 aa 23 be 24 4 24 36 
02-19 21:13:07.027 D/TunerManagerForExt(15794): FMRadio main (TunerManagerForExt.java:147) onTunerPresetListChanged:  - mBand: 0 - mPresetIndex: 0 - mFrequency: 10080 - index: 0 - preset: 8760 - index: 1 - preset: 9010 - index: 2 - preset: 9130 - index: 3 - preset: 9150 - index: 4 - preset: 9220 - index: 5 - preset: 9270
02-19 21:13:07.067 E/mcu_services( 5512): MCU2APP : [ff fe fd 12 01 b1 00 00 27 5b 22 38 23 32 23 aa 23 be 24 04 24 36 e1 ff ]
02-19 21:13:07.069 D/K706RadioManager(17578): IMcuListener.onTransact: code=1 flags=16
02-19 21:13:07.071 D/K706RadioManager(17578): >>> IMcuListener.onMcuInfoChanged received! data=B1 00 00 27 5B 22 38 23 32 23 AA 23 BE 24 04 24 36 
02-19 21:13:07.072 D/K706RadioManager(17578): MCU[0xB1] len=17 : B1 00 00 27 5B 22 38 23 32 23 AA 23 BE 24 04 24 36 
02-19 21:13:07.072 D/K706RadioManager(17578): PresetList: band=0 presetIdx=0 currentFreq=10075 firstFreq=10075 (offset=3)
02-19 21:13:07.072 D/K706RadioManager(17578): >>> FREQ: 100800 -> 100750 (MCU=10075, 100,75 MHz)
02-19 21:13:07.074 D/TunerPresenter(15794): handleTunerRawData: b1 0 0 27 5b 22 38 23 32 23 aa 23 be 24 4 24 36 
02-19 21:13:07.076 D/TunerManagerForExt(15794): FMRadio main (TunerManagerForExt.java:147) onTunerPresetListChanged:  - mBand: 0 - mPresetIndex: 0 - mFrequency: 10075 - index: 0 - preset: 8760 - index: 1 - preset: 9010 - index: 2 - preset: 9130 - index: 3 - preset: 9150 - index: 4 - preset: 9220 - index: 5 - preset: 9270
02-19 21:13:07.116 E/mcu_services( 5512): MCU2APP : [ff fe fd 12 01 b1 00 00 27 56 22 38 23 32 23 aa 23 be 24 04 24 36 ec ff ]
02-19 21:13:07.119 D/K706RadioManager(17578): IMcuListener.onTransact: code=1 flags=16
02-19 21:13:07.120 D/K706RadioManager(17578): >>> IMcuListener.onMcuInfoChanged received! data=B1 00 00 27 56 22 38 23 32 23 AA 23 BE 24 04 24 36 
02-19 21:13:07.121 D/K706RadioManager(17578): MCU[0xB1] len=17 : B1 00 00 27 56 22 38 23 32 23 AA 23 BE 24 04 24 36 
02-19 21:13:07.121 D/K706RadioManager(17578): PresetList: band=0 presetIdx=0 currentFreq=10070 firstFreq=10070 (offset=3)
02-19 21:13:07.121 D/K706RadioManager(17578): >>> FREQ: 100750 -> 100700 (MCU=10070, 100,70 MHz)
02-19 21:13:07.124 D/TunerPresenter(15794): handleTunerRawData: b1 0 0 27 56 22 38 23 32 23 aa 23 be 24 4 24 36 
02-19 21:13:07.126 D/TunerManagerForExt(15794): FMRadio main (TunerManagerForExt.java:147) onTunerPresetListChanged:  - mBand: 0 - mPresetIndex: 0 - mFrequency: 10070 - index: 0 - preset: 8760 - index: 1 - preset: 9010 - index: 2 - preset: 9130 - index: 3 - preset: 9150 - index: 4 - preset: 9220 - index: 5 - preset: 9270
02-19 21:13:07.166 E/mcu_services( 5512): MCU2APP : [ff fe fd 12 01 b1 00 00 27 51 22 38 23 32 23 aa 23 be 24 04 24 36 eb ff ]
02-19 21:13:07.169 D/K706RadioManager(17578): IMcuListener.onTransact: code=1 flags=16
02-19 21:13:07.171 D/K706RadioManager(17578): >>> IMcuListener.onMcuInfoChanged received! data=B1 00 00 27 51 22 38 23 32 23 AA 23 BE 24 04 24 36 
02-19 21:13:07.173 D/K706RadioManager(17578): MCU[0xB1] len=17 : B1 00 00 27 51 22 38 23 32 23 AA 23 BE 24 04 24 36 
02-19 21:13:07.173 D/K706RadioManager(17578): PresetList: band=0 presetIdx=0 currentFreq=10065 firstFreq=10065 (offset=3)
02-19 21:13:07.174 D/K706RadioManager(17578): >>> FREQ: 100700 -> 100650 (MCU=10065, 100,65 MHz)
02-19 21:13:07.176 D/TunerPresenter(15794): handleTunerRawData: b1 0 0 27 51 22 38 23 32 23 aa 23 be 24 4 24 36 
02-19 21:13:07.178 D/TunerManagerForExt(15794): FMRadio main (TunerManagerForExt.java:147) onTunerPresetListChanged:  - mBand: 0 - mPresetIndex: 0 - mFrequency: 10065 - index: 0 - preset: 8760 - index: 1 - preset: 9010 - index: 2 - preset: 9130 - index: 3 - preset: 9150 - index: 4 - preset: 9220 - index: 5 - preset: 9270
02-19 21:13:07.216 E/mcu_services( 5512): MCU2APP : [ff fe fd 12 01 b1 00 00 27 4c 22 38 23 32 23 aa 23 be 24 04 24 36 f6 ff ]
02-19 21:13:07.218 D/K706RadioManager(17578): IMcuListener.onTransact: code=1 flags=16
02-19 21:13:07.221 D/K706RadioManager(17578): >>> IMcuListener.onMcuInfoChanged received! data=B1 00 00 27 4C 22 38 23 32 23 AA 23 BE 24 04 24 36 
02-19 21:13:07.223 D/K706RadioManager(17578): MCU[0xB1] len=17 : B1 00 00 27 4C 22 38 23 32 23 AA 23 BE 24 04 24 36 
02-19 21:13:07.223 D/K706RadioManager(17578): PresetList: band=0 presetIdx=0 currentFreq=10060 firstFreq=10060 (offset=3)
02-19 21:13:07.223 D/K706RadioManager(17578): >>> FREQ: 100650 -> 100600 (MCU=10060, 100,60 MHz)
02-19 21:13:07.225 D/TunerPresenter(15794): handleTunerRawData: b1 0 0 27 4c 22 38 23 32 23 aa 23 be 24 4 24 36 
02-19 21:13:07.227 D/TunerManagerForExt(15794): FMRadio main (TunerManagerForExt.java:147) onTunerPresetListChanged:  - mBand: 0 - mPresetIndex: 0 - mFrequency: 10060 - index: 0 - preset: 8760 - index: 1 - preset: 9010 - index: 2 - preset: 9130 - index: 3 - preset: 9150 - index: 4 - preset: 9220 - index: 5 - preset: 9270
02-19 21:13:07.266 E/mcu_services( 5512): MCU2APP : [ff fe fd 12 01 b1 00 00 27 47 22 38 23 32 23 aa 23 be 24 04 24 36 fd ff ]
02-19 21:13:07.267 D/K706RadioManager(17578): IMcuListener.onTransact: code=1 flags=16
02-19 21:13:07.269 D/K706RadioManager(17578): >>> IMcuListener.onMcuInfoChanged received! data=B1 00 00 27 47 22 38 23 32 23 AA 23 BE 24 04 24 36 
02-19 21:13:07.269 D/K706RadioManager(17578): MCU[0xB1] len=17 : B1 00 00 27 47 22 38 23 32 23 AA 23 BE 24 04 24 36 
02-19 21:13:07.270 D/K706RadioManager(17578): PresetList: band=0 presetIdx=0 currentFreq=10055 firstFreq=10055 (offset=3)
02-19 21:13:07.270 D/K706RadioManager(17578): >>> FREQ: 100600 -> 100550 (MCU=10055, 100,55 MHz)
02-19 21:13:07.272 D/TunerPresenter(15794): handleTunerRawData: b1 0 0 27 47 22 38 23 32 23 aa 23 be 24 4 24 36 
02-19 21:13:07.274 D/TunerManagerForExt(15794): FMRadio main (TunerManagerForExt.java:147) onTunerPresetListChanged:  - mBand: 0 - mPresetIndex: 0 - mFrequency: 10055 - index: 0 - preset: 8760 - index: 1 - preset: 9010 - index: 2 - preset: 9130 - index: 3 - preset: 9150 - index: 4 - preset: 9220 - index: 5 - preset: 9270
02-19 21:13:07.315 E/mcu_services( 5512): MCU2APP : [ff fe fd 12 01 b1 00 00 27 42 22 38 23 32 23 aa 23 be 24 04 24 36 f8 ff ]
02-19 21:13:07.318 D/K706RadioManager(17578): IMcuListener.onTransact: code=1 flags=16
02-19 21:13:07.319 D/K706RadioManager(17578): >>> IMcuListener.onMcuInfoChanged received! data=B1 00 00 27 42 22 38 23 32 23 AA 23 BE 24 04 24 36 
02-19 21:13:07.320 D/K706RadioManager(17578): MCU[0xB1] len=17 : B1 00 00 27 42 22 38 23 32 23 AA 23 BE 24 04 24 36 
02-19 21:13:07.320 D/K706RadioManager(17578): PresetList: band=0 presetIdx=0 currentFreq=10050 firstFreq=10050 (offset=3)
02-19 21:13:07.320 D/K706RadioManager(17578): >>> FREQ: 100550 -> 100500 (MCU=10050, 100,50 MHz)
02-19 21:13:07.322 D/TunerPresenter(15794): handleTunerRawData: b1 0 0 27 42 22 38 23 32 23 aa 23 be 24 4 24 36 
02-19 21:13:07.325 D/TunerManagerForExt(15794): FMRadio main (TunerManagerForExt.java:147) onTunerPresetListChanged:  - mBand: 0 - mPresetIndex: 0 - mFrequency: 10050 - index: 0 - preset: 8760 - index: 1 - preset: 9010 - index: 2 - preset: 9130 - index: 3 - preset: 9150 - index: 4 - preset: 9220 - index: 5 - preset: 9270
02-19 21:13:07.365 E/mcu_services( 5512): MCU2APP : [ff fe fd 12 01 b1 00 00 27 3d 22 38 23 32 23 aa 23 be 24 04 24 36 87 ff ]
02-19 21:13:07.367 D/K706RadioManager(17578): IMcuListener.onTransact: code=1 flags=16
02-19 21:13:07.369 D/K706RadioManager(17578): >>> IMcuListener.onMcuInfoChanged received! data=B1 00 00 27 3D 22 38 23 32 23 AA 23 BE 24 04 24 36 
02-19 21:13:07.370 D/K706RadioManager(17578): MCU[0xB1] len=17 : B1 00 00 27 3D 22 38 23 32 23 AA 23 BE 24 04 24 36 
02-19 21:13:07.370 D/K706RadioManager(17578): PresetList: band=0 presetIdx=0 currentFreq=10045 firstFreq=10045 (offset=3)
02-19 21:13:07.370 D/K706RadioManager(17578): >>> FREQ: 100500 -> 100450 (MCU=10045, 100,45 MHz)
02-19 21:13:07.372 D/TunerPresenter(15794): handleTunerRawData: b1 0 0 27 3d 22 38 23 32 23 aa 23 be 24 4 24 36 
02-19 21:13:07.374 D/TunerManagerForExt(15794): FMRadio main (TunerManagerForExt.java:147) onTunerPresetListChanged:  - mBand: 0 - mPresetIndex: 0 - mFrequency: 10045 - index: 0 - preset: 8760 - index: 1 - preset: 9010 - index: 2 - preset: 9130 - index: 3 - preset: 9150 - index: 4 - preset: 9220 - index: 5 - preset: 9270
02-19 21:13:07.415 E/mcu_services( 5512): MCU2APP : [ff fe fd 12 01 b1 00 00 27 38 22 38 23 32 23 aa 23 be 24 04 24 36 82 ff ]
02-19 21:13:07.418 D/K706RadioManager(17578): IMcuListener.onTransact: code=1 flags=16
02-19 21:13:07.420 D/K706RadioManager(17578): >>> IMcuListener.onMcuInfoChanged received! data=B1 00 00 27 38 22 38 23 32 23 AA 23 BE 24 04 24 36 
02-19 21:13:07.421 D/K706RadioManager(17578): MCU[0xB1] len=17 : B1 00 00 27 38 22 38 23 32 23 AA 23 BE 24 04 24 36 
02-19 21:13:07.421 D/K706RadioManager(17578): PresetList: band=0 presetIdx=0 currentFreq=10040 firstFreq=10040 (offset=3)
02-19 21:13:07.421 D/K706RadioManager(17578): >>> FREQ: 100450 -> 100400 (MCU=10040, 100,40 MHz)
02-19 21:13:07.423 D/TunerPresenter(15794): handleTunerRawData: b1 0 0 27 38 22 38 23 32 23 aa 23 be 24 4 24 36 
02-19 21:13:07.426 D/TunerManagerForExt(15794): FMRadio main (TunerManagerForExt.java:147) onTunerPresetListChanged:  - mBand: 0 - mPresetIndex: 0 - mFrequency: 10040 - index: 0 - preset: 8760 - index: 1 - preset: 9010 - index: 2 - preset: 9130 - index: 3 - preset: 9150 - index: 4 - preset: 9220 - index: 5 - preset: 9270
02-19 21:13:07.465 E/mcu_services( 5512): MCU2APP : [ff fe fd 12 01 b1 00 00 27 33 22 38 23 32 23 aa 23 be 24 04 24 36 89 ff ]
02-19 21:13:07.467 D/K706RadioManager(17578): IMcuListener.onTransact: code=1 flags=16
02-19 21:13:07.468 D/K706RadioManager(17578): >>> IMcuListener.onMcuInfoChanged received! data=B1 00 00 27 33 22 38 23 32 23 AA 23 BE 24 04 24 36 
02-19 21:13:07.469 D/K706RadioManager(17578): MCU[0xB1] len=17 : B1 00 00 27 33 22 38 23 32 23 AA 23 BE 24 04 24 36 
02-19 21:13:07.469 D/K706RadioManager(17578): PresetList: band=0 presetIdx=0 currentFreq=10035 firstFreq=10035 (offset=3)
02-19 21:13:07.469 D/K706RadioManager(17578): >>> FREQ: 100400 -> 100350 (MCU=10035, 100,35 MHz)
02-19 21:13:07.471 D/TunerPresenter(15794): handleTunerRawData: b1 0 0 27 33 22 38 23 32 23 aa 23 be 24 4 24 36 
02-19 21:13:07.474 D/TunerManagerForExt(15794): FMRadio main (TunerManagerForExt.java:147) onTunerPresetListChanged:  - mBand: 0 - mPresetIndex: 0 - mFrequency: 10035 - index: 0 - preset: 8760 - index: 1 - preset: 9010 - index: 2 - preset: 9130 - index: 3 - preset: 9150 - index: 4 - preset: 9220 - index: 5 - preset: 9270
02-19 21:13:07.514 E/mcu_services( 5512): MCU2APP : [ff fe fd 12 01 b1 00 00 27 2e 22 38 23 32 23 aa 23 be 24 04 24 36 94 ff ]
02-19 21:13:07.516 D/K706RadioManager(17578): IMcuListener.onTransact: code=1 flags=16
02-19 21:13:07.517 D/K706RadioManager(17578): >>> IMcuListener.onMcuInfoChanged received! data=B1 00 00 27 2E 22 38 23 32 23 AA 23 BE 24 04 24 36 
02-19 21:13:07.518 D/K706RadioManager(17578): MCU[0xB1] len=17 : B1 00 00 27 2E 22 38 23 32 23 AA 23 BE 24 04 24 36 
02-19 21:13:07.518 D/K706RadioManager(17578): PresetList: band=0 presetIdx=0 currentFreq=10030 firstFreq=10030 (offset=3)
02-19 21:13:07.518 D/K706RadioManager(17578): >>> FREQ: 100350 -> 100300 (MCU=10030, 100,30 MHz)
02-19 21:13:07.520 D/TunerPresenter(15794): handleTunerRawData: b1 0 0 27 2e 22 38 23 32 23 aa 23 be 24 4 24 36 
02-19 21:13:07.523 D/TunerManagerForExt(15794): FMRadio main (TunerManagerForExt.java:147) onTunerPresetListChanged:  - mBand: 0 - mPresetIndex: 0 - mFrequency: 10030 - index: 0 - preset: 8760 - index: 1 - preset: 9010 - index: 2 - preset: 9130 - index: 3 - preset: 9150 - index: 4 - preset: 9220 - index: 5 - preset: 9270
02-19 21:13:07.564 E/mcu_services( 5512): MCU2APP : [ff fe fd 12 01 b1 00 00 27 29 22 38 23 32 23 aa 23 be 24 04 24 36 93 ff ]
02-19 21:13:07.566 D/K706RadioManager(17578): IMcuListener.onTransact: code=1 flags=16
02-19 21:13:07.567 D/K706RadioManager(17578): >>> IMcuListener.onMcuInfoChanged received! data=B1 00 00 27 29 22 38 23 32 23 AA 23 BE 24 04 24 36 
02-19 21:13:07.568 D/K706RadioManager(17578): MCU[0xB1] len=17 : B1 00 00 27 29 22 38 23 32 23 AA 23 BE 24 04 24 36 
02-19 21:13:07.568 D/K706RadioManager(17578): PresetList: band=0 presetIdx=0 currentFreq=10025 firstFreq=10025 (offset=3)
02-19 21:13:07.569 D/K706RadioManager(17578): >>> FREQ: 100300 -> 100250 (MCU=10025, 100,25 MHz)
02-19 21:13:07.571 D/TunerPresenter(15794): handleTunerRawData: b1 0 0 27 29 22 38 23 32 23 aa 23 be 24 4 24 36 
02-19 21:13:07.574 D/TunerManagerForExt(15794): FMRadio main (TunerManagerForExt.java:147) onTunerPresetListChanged:  - mBand: 0 - mPresetIndex: 0 - mFrequency: 10025 - index: 0 - preset: 8760 - index: 1 - preset: 9010 - index: 2 - preset: 9130 - index: 3 - preset: 9150 - index: 4 - preset: 9220 - index: 5 - preset: 9270
02-19 21:13:07.614 E/mcu_services( 5512): MCU2APP : [ff fe fd 12 01 b1 00 00 27 24 22 38 23 32 23 aa 23 be 24 04 24 36 9e ff ]
02-19 21:13:07.616 D/K706RadioManager(17578): IMcuListener.onTransact: code=1 flags=16
02-19 21:13:07.618 D/K706RadioManager(17578): >>> IMcuListener.onMcuInfoChanged received! data=B1 00 00 27 24 22 38 23 32 23 AA 23 BE 24 04 24 36 
02-19 21:13:07.620 D/K706RadioManager(17578): MCU[0xB1] len=17 : B1 00 00 27 24 22 38 23 32 23 AA 23 BE 24 04 24 36 
02-19 21:13:07.620 D/K706RadioManager(17578): PresetList: band=0 presetIdx=0 currentFreq=10020 firstFreq=10020 (offset=3)
02-19 21:13:07.620 D/K706RadioManager(17578): >>> FREQ: 100250 -> 100200 (MCU=10020, 100,20 MHz)
02-19 21:13:07.623 D/TunerPresenter(15794): handleTunerRawData: b1 0 0 27 24 22 38 23 32 23 aa 23 be 24 4 24 36 
02-19 21:13:07.625 D/TunerManagerForExt(15794): FMRadio main (TunerManagerForExt.java:147) onTunerPresetListChanged:  - mBand: 0 - mPresetIndex: 0 - mFrequency: 10020 - index: 0 - preset: 8760 - index: 1 - preset: 9010 - index: 2 - preset: 9130 - index: 3 - preset: 9150 - index: 4 - preset: 9220 - index: 5 - preset: 9270
02-19 21:13:07.663 E/mcu_services( 5512): MCU2APP : [ff fe fd 12 01 b1 00 00 27 1f 22 38 23 32 23 aa 23 be 24 04 24 36 a5 ff ]
02-19 21:13:07.666 D/K706RadioManager(17578): IMcuListener.onTransact: code=1 flags=16
02-19 21:13:07.667 D/K706RadioManager(17578): >>> IMcuListener.onMcuInfoChanged received! data=B1 00 00 27 1F 22 38 23 32 23 AA 23 BE 24 04 24 36 
02-19 21:13:07.668 D/K706RadioManager(17578): MCU[0xB1] len=17 : B1 00 00 27 1F 22 38 23 32 23 AA 23 BE 24 04 24 36 
02-19 21:13:07.668 D/K706RadioManager(17578): PresetList: band=0 presetIdx=0 currentFreq=10015 firstFreq=10015 (offset=3)
02-19 21:13:07.668 D/K706RadioManager(17578): >>> FREQ: 100200 -> 100150 (MCU=10015, 100,15 MHz)
02-19 21:13:07.670 D/TunerPresenter(15794): handleTunerRawData: b1 0 0 27 1f 22 38 23 32 23 aa 23 be 24 4 24 36 
02-19 21:13:07.672 D/TunerManagerForExt(15794): FMRadio main (TunerManagerForExt.java:147) onTunerPresetListChanged:  - mBand: 0 - mPresetIndex: 0 - mFrequency: 10015 - index: 0 - preset: 8760 - index: 1 - preset: 9010 - index: 2 - preset: 9130 - index: 3 - preset: 9150 - index: 4 - preset: 9220 - index: 5 - preset: 9270
02-19 21:13:07.713 E/mcu_services( 5512): MCU2APP : [ff fe fd 12 01 b1 00 00 27 1a 22 38 23 32 23 aa 23 be 24 04 24 36 a0 ff ]
02-19 21:13:07.715 D/K706RadioManager(17578): IMcuListener.onTransact: code=1 flags=16
02-19 21:13:07.716 D/K706RadioManager(17578): >>> IMcuListener.onMcuInfoChanged received! data=B1 00 00 27 1A 22 38 23 32 23 AA 23 BE 24 04 24 36 
02-19 21:13:07.717 D/K706RadioManager(17578): MCU[0xB1] len=17 : B1 00 00 27 1A 22 38 23 32 23 AA 23 BE 24 04 24 36 
02-19 21:13:07.717 D/K706RadioManager(17578): PresetList: band=0 presetIdx=0 currentFreq=10010 firstFreq=10010 (offset=3)
02-19 21:13:07.718 D/K706RadioManager(17578): >>> FREQ: 100150 -> 100100 (MCU=10010, 100,10 MHz)
02-19 21:13:07.720 D/TunerPresenter(15794): handleTunerRawData: b1 0 0 27 1a 22 38 23 32 23 aa 23 be 24 4 24 36 
02-19 21:13:07.723 D/TunerManagerForExt(15794): FMRadio main (TunerManagerForExt.java:147) onTunerPresetListChanged:  - mBand: 0 - mPresetIndex: 0 - mFrequency: 10010 - index: 0 - preset: 8760 - index: 1 - preset: 9010 - index: 2 - preset: 9130 - index: 3 - preset: 9150 - index: 4 - preset: 9220 - index: 5 - preset: 9270
02-19 21:13:07.763 E/mcu_services( 5512): MCU2APP : [ff fe fd 12 01 b1 00 00 27 15 22 38 23 32 23 aa 23 be 24 04 24 36 af ff ]
02-19 21:13:07.765 D/K706RadioManager(17578): IMcuListener.onTransact: code=1 flags=16
02-19 21:13:07.766 D/K706RadioManager(17578): >>> IMcuListener.onMcuInfoChanged received! data=B1 00 00 27 15 22 38 23 32 23 AA 23 BE 24 04 24 36 
02-19 21:13:07.767 D/K706RadioManager(17578): MCU[0xB1] len=17 : B1 00 00 27 15 22 38 23 32 23 AA 23 BE 24 04 24 36 
02-19 21:13:07.767 D/K706RadioManager(17578): PresetList: band=0 presetIdx=0 currentFreq=10005 firstFreq=10005 (offset=3)
02-19 21:13:07.767 D/K706RadioManager(17578): >>> FREQ: 100100 -> 100050 (MCU=10005, 100,05 MHz)
02-19 21:13:07.768 D/TunerPresenter(15794): handleTunerRawData: b1 0 0 27 15 22 38 23 32 23 aa 23 be 24 4 24 36 
02-19 21:13:07.771 D/TunerManagerForExt(15794): FMRadio main (TunerManagerForExt.java:147) onTunerPresetListChanged:  - mBand: 0 - mPresetIndex: 0 - mFrequency: 10005 - index: 0 - preset: 8760 - index: 1 - preset: 9010 - index: 2 - preset: 9130 - index: 3 - preset: 9150 - index: 4 - preset: 9220 - index: 5 - preset: 9270
02-19 21:13:07.813 E/mcu_services( 5512): MCU2APP : [ff fe fd 12 01 b1 00 00 27 10 22 38 23 32 23 aa 23 be 24 04 24 36 aa ff ]
02-19 21:13:07.814 D/K706RadioManager(17578): IMcuListener.onTransact: code=1 flags=16
02-19 21:13:07.816 D/K706RadioManager(17578): >>> IMcuListener.onMcuInfoChanged received! data=B1 00 00 27 10 22 38 23 32 23 AA 23 BE 24 04 24 36 
02-19 21:13:07.817 D/K706RadioManager(17578): MCU[0xB1] len=17 : B1 00 00 27 10 22 38 23 32 23 AA 23 BE 24 04 24 36 
02-19 21:13:07.817 D/K706RadioManager(17578): PresetList: band=0 presetIdx=0 currentFreq=10000 firstFreq=10000 (offset=3)
02-19 21:13:07.817 D/K706RadioManager(17578): >>> FREQ: 100050 -> 100000 (MCU=10000, 100,00 MHz)
02-19 21:13:07.819 D/TunerPresenter(15794): handleTunerRawData: b1 0 0 27 10 22 38 23 32 23 aa 23 be 24 4 24 36 
02-19 21:13:07.822 D/TunerManagerForExt(15794): FMRadio main (TunerManagerForExt.java:147) onTunerPresetListChanged:  - mBand: 0 - mPresetIndex: 0 - mFrequency: 10000 - index: 0 - preset: 8760 - index: 1 - preset: 9010 - index: 2 - preset: 9130 - index: 3 - preset: 9150 - index: 4 - preset: 9220 - index: 5 - preset: 9270
02-19 21:13:07.862 E/mcu_services( 5512): MCU2APP : [ff fe fd 12 01 b1 00 00 27 0b 22 38 23 32 23 aa 23 be 24 04 24 36 b1 ff ]
02-19 21:13:07.864 D/K706RadioManager(17578): IMcuListener.onTransact: code=1 flags=16
02-19 21:13:07.865 D/K706RadioManager(17578): >>> IMcuListener.onMcuInfoChanged received! data=B1 00 00 27 0B 22 38 23 32 23 AA 23 BE 24 04 24 36 
02-19 21:13:07.866 D/K706RadioManager(17578): MCU[0xB1] len=17 : B1 00 00 27 0B 22 38 23 32 23 AA 23 BE 24 04 24 36 
02-19 21:13:07.866 D/K706RadioManager(17578): PresetList: band=0 presetIdx=0 currentFreq=9995 firstFreq=9995 (offset=3)
02-19 21:13:07.867 D/K706RadioManager(17578): >>> FREQ: 100000 -> 99950 (MCU=9995, 99,95 MHz)
02-19 21:13:07.869 D/TunerPresenter(15794): handleTunerRawData: b1 0 0 27 b 22 38 23 32 23 aa 23 be 24 4 24 36 
02-19 21:13:07.872 D/TunerManagerForExt(15794): FMRadio main (TunerManagerForExt.java:147) onTunerPresetListChanged:  - mBand: 0 - mPresetIndex: 0 - mFrequency: 9995 - index: 0 - preset: 8760 - index: 1 - preset: 9010 - index: 2 - preset: 9130 - index: 3 - preset: 9150 - index: 4 - preset: 9220 - index: 5 - preset: 9270
02-19 21:13:07.912 E/mcu_services( 5512): MCU2APP : [ff fe fd 12 01 b1 00 00 27 06 22 38 23 32 23 aa 23 be 24 04 24 36 bc ff ]
02-19 21:13:07.914 D/K706RadioManager(17578): IMcuListener.onTransact: code=1 flags=16
02-19 21:13:07.915 D/K706RadioManager(17578): >>> IMcuListener.onMcuInfoChanged received! data=B1 00 00 27 06 22 38 23 32 23 AA 23 BE 24 04 24 36 
02-19 21:13:07.916 D/K706RadioManager(17578): MCU[0xB1] len=17 : B1 00 00 27 06 22 38 23 32 23 AA 23 BE 24 04 24 36 
02-19 21:13:07.916 D/K706RadioManager(17578): PresetList: band=0 presetIdx=0 currentFreq=9990 firstFreq=9990 (offset=3)
02-19 21:13:07.916 D/K706RadioManager(17578): >>> FREQ: 99950 -> 99900 (MCU=9990, 99,90 MHz)
02-19 21:13:07.919 D/TunerPresenter(15794): handleTunerRawData: b1 0 0 27 6 22 38 23 32 23 aa 23 be 24 4 24 36 
02-19 21:13:07.922 D/TunerManagerForExt(15794): FMRadio main (TunerManagerForExt.java:147) onTunerPresetListChanged:  - mBand: 0 - mPresetIndex: 0 - mFrequency: 9990 - index: 0 - preset: 8760 - index: 1 - preset: 9010 - index: 2 - preset: 9130 - index: 3 - preset: 9150 - index: 4 - preset: 9220 - index: 5 - preset: 9270
02-19 21:13:07.962 E/mcu_services( 5512): MCU2APP : [ff fe fd 12 01 b1 00 00 27 01 22 38 23 32 23 aa 23 be 24 04 24 36 bb ff ]
02-19 21:13:07.964 D/K706RadioManager(17578): IMcuListener.onTransact: code=1 flags=16
02-19 21:13:07.966 D/K706RadioManager(17578): >>> IMcuListener.onMcuInfoChanged received! data=B1 00 00 27 01 22 38 23 32 23 AA 23 BE 24 04 24 36 
02-19 21:13:07.969 D/K706RadioManager(17578): MCU[0xB1] len=17 : B1 00 00 27 01 22 38 23 32 23 AA 23 BE 24 04 24 36 
02-19 21:13:07.969 D/K706RadioManager(17578): PresetList: band=0 presetIdx=0 currentFreq=9985 firstFreq=9985 (offset=3)
02-19 21:13:07.969 D/K706RadioManager(17578): >>> FREQ: 99900 -> 99850 (MCU=9985, 99,85 MHz)
02-19 21:13:07.971 D/TunerPresenter(15794): handleTunerRawData: b1 0 0 27 1 22 38 23 32 23 aa 23 be 24 4 24 36 
02-19 21:13:07.974 D/TunerManagerForExt(15794): FMRadio main (TunerManagerForExt.java:147) onTunerPresetListChanged:  - mBand: 0 - mPresetIndex: 0 - mFrequency: 9985 - index: 0 - preset: 8760 - index: 1 - preset: 9010 - index: 2 - preset: 9130 - index: 3 - preset: 9150 - index: 4 - preset: 9220 - index: 5 - preset: 9270
02-19 21:13:08.011 E/mcu_services( 5512): MCU2APP : [ff fe fd 12 01 b1 00 00 26 fc 22 38 23 32 23 aa 23 be 24 04 24 36 47 ff ]
02-19 21:13:08.013 D/K706RadioManager(17578): IMcuListener.onTransact: code=1 flags=16
02-19 21:13:08.015 D/K706RadioManager(17578): >>> IMcuListener.onMcuInfoChanged received! data=B1 00 00 26 FC 22 38 23 32 23 AA 23 BE 24 04 24 36 
02-19 21:13:08.018 D/K706RadioManager(17578): MCU[0xB1] len=17 : B1 00 00 26 FC 22 38 23 32 23 AA 23 BE 24 04 24 36 
02-19 21:13:08.018 D/K706RadioManager(17578): PresetList: band=0 presetIdx=0 currentFreq=9980 firstFreq=9980 (offset=3)
02-19 21:13:08.018 D/K706RadioManager(17578): >>> FREQ: 99850 -> 99800 (MCU=9980, 99,80 MHz)
02-19 21:13:08.021 D/TunerPresenter(15794): handleTunerRawData: b1 0 0 26 fc 22 38 23 32 23 aa 23 be 24 4 24 36 
02-19 21:13:08.023 D/TunerManagerForExt(15794): FMRadio main (TunerManagerForExt.java:147) onTunerPresetListChanged:  - mBand: 0 - mPresetIndex: 0 - mFrequency: 9980 - index: 0 - preset: 8760 - index: 1 - preset: 9010 - index: 2 - preset: 9130 - index: 3 - preset: 9150 - index: 4 - preset: 9220 - index: 5 - preset: 9270
02-19 21:13:08.061 E/mcu_services( 5512): MCU2APP : [ff fe fd 12 01 b1 00 00 26 f7 22 38 23 32 23 aa 23 be 24 04 24 36 4c ff ]
02-19 21:13:08.064 D/K706RadioManager(17578): IMcuListener.onTransact: code=1 flags=16
02-19 21:13:08.065 D/K706RadioManager(17578): >>> IMcuListener.onMcuInfoChanged received! data=B1 00 00 26 F7 22 38 23 32 23 AA 23 BE 24 04 24 36 
02-19 21:13:08.066 D/K706RadioManager(17578): MCU[0xB1] len=17 : B1 00 00 26 F7 22 38 23 32 23 AA 23 BE 24 04 24 36 
02-19 21:13:08.067 D/K706RadioManager(17578): PresetList: band=0 presetIdx=0 currentFreq=9975 firstFreq=9975 (offset=3)
02-19 21:13:08.067 D/K706RadioManager(17578): >>> FREQ: 99800 -> 99750 (MCU=9975, 99,75 MHz)
02-19 21:13:08.070 D/TunerPresenter(15794): handleTunerRawData: b1 0 0 26 f7 22 38 23 32 23 aa 23 be 24 4 24 36 
02-19 21:13:08.072 D/TunerManagerForExt(15794): FMRadio main (TunerManagerForExt.java:147) onTunerPresetListChanged:  - mBand: 0 - mPresetIndex: 0 - mFrequency: 9975 - index: 0 - preset: 8760 - index: 1 - preset: 9010 - index: 2 - preset: 9130 - index: 3 - preset: 9150 - index: 4 - preset: 9220 - index: 5 - preset: 9270
02-19 21:13:08.111 E/mcu_services( 5512): MCU2APP : [ff fe fd 12 01 b1 00 00 26 f2 22 38 23 32 23 aa 23 be 24 04 24 36 49 ff ]
02-19 21:13:08.113 D/K706RadioManager(17578): IMcuListener.onTransact: code=1 flags=16
02-19 21:13:08.114 D/K706RadioManager(17578): >>> IMcuListener.onMcuInfoChanged received! data=B1 00 00 26 F2 22 38 23 32 23 AA 23 BE 24 04 24 36 
02-19 21:13:08.115 D/K706RadioManager(17578): MCU[0xB1] len=17 : B1 00 00 26 F2 22 38 23 32 23 AA 23 BE 24 04 24 36 
02-19 21:13:08.116 D/K706RadioManager(17578): PresetList: band=0 presetIdx=0 currentFreq=9970 firstFreq=9970 (offset=3)
02-19 21:13:08.116 D/K706RadioManager(17578): >>> FREQ: 99750 -> 99700 (MCU=9970, 99,70 MHz)
02-19 21:13:08.118 D/TunerPresenter(15794): handleTunerRawData: b1 0 0 26 f2 22 38 23 32 23 aa 23 be 24 4 24 36 
02-19 21:13:08.120 D/TunerManagerForExt(15794): FMRadio main (TunerManagerForExt.java:147) onTunerPresetListChanged:  - mBand: 0 - mPresetIndex: 0 - mFrequency: 9970 - index: 0 - preset: 8760 - index: 1 - preset: 9010 - index: 2 - preset: 9130 - index: 3 - preset: 9150 - index: 4 - preset: 9220 - index: 5 - preset: 9270
02-19 21:13:08.160 E/mcu_services( 5512): MCU2APP : [ff fe fd 12 01 b1 00 00 26 ed 22 38 23 32 23 aa 23 be 24 04 24 36 56 ff ]
02-19 21:13:08.162 D/K706RadioManager(17578): IMcuListener.onTransact: code=1 flags=16
02-19 21:13:08.164 D/K706RadioManager(17578): >>> IMcuListener.onMcuInfoChanged received! data=B1 00 00 26 ED 22 38 23 32 23 AA 23 BE 24 04 24 36 
02-19 21:13:08.167 D/K706RadioManager(17578): MCU[0xB1] len=17 : B1 00 00 26 ED 22 38 23 32 23 AA 23 BE 24 04 24 36 
02-19 21:13:08.167 D/K706RadioManager(17578): PresetList: band=0 presetIdx=0 currentFreq=9965 firstFreq=9965 (offset=3)
02-19 21:13:08.167 D/K706RadioManager(17578): >>> FREQ: 99700 -> 99650 (MCU=9965, 99,65 MHz)
02-19 21:13:08.170 D/TunerPresenter(15794): handleTunerRawData: b1 0 0 26 ed 22 38 23 32 23 aa 23 be 24 4 24 36 
02-19 21:13:08.173 D/TunerManagerForExt(15794): FMRadio main (TunerManagerForExt.java:147) onTunerPresetListChanged:  - mBand: 0 - mPresetIndex: 0 - mFrequency: 9965 - index: 0 - preset: 8760 - index: 1 - preset: 9010 - index: 2 - preset: 9130 - index: 3 - preset: 9150 - index: 4 - preset: 9220 - index: 5 - preset: 9270
02-19 21:13:08.210 E/mcu_services( 5512): MCU2APP : [ff fe fd 12 01 b1 00 00 26 e8 22 38 23 32 23 aa 23 be 24 04 24 36 53 ff ]
02-19 21:13:08.212 D/K706RadioManager(17578): IMcuListener.onTransact: code=1 flags=16
02-19 21:13:08.214 D/K706RadioManager(17578): >>> IMcuListener.onMcuInfoChanged received! data=B1 00 00 26 E8 22 38 23 32 23 AA 23 BE 24 04 24 36 
02-19 21:13:08.216 D/K706RadioManager(17578): MCU[0xB1] len=17 : B1 00 00 26 E8 22 38 23 32 23 AA 23 BE 24 04 24 36 
02-19 21:13:08.217 D/K706RadioManager(17578): PresetList: band=0 presetIdx=0 currentFreq=9960 firstFreq=9960 (offset=3)
02-19 21:13:08.217 D/K706RadioManager(17578): >>> FREQ: 99650 -> 99600 (MCU=9960, 99,60 MHz)
02-19 21:13:08.220 D/TunerPresenter(15794): handleTunerRawData: b1 0 0 26 e8 22 38 23 32 23 aa 23 be 24 4 24 36 
02-19 21:13:08.222 D/TunerManagerForExt(15794): FMRadio main (TunerManagerForExt.java:147) onTunerPresetListChanged:  - mBand: 0 - mPresetIndex: 0 - mFrequency: 9960 - index: 0 - preset: 8760 - index: 1 - preset: 9010 - index: 2 - preset: 9130 - index: 3 - preset: 9150 - index: 4 - preset: 9220 - index: 5 - preset: 9270
02-19 21:13:08.260 E/mcu_services( 5512): MCU2APP : [ff fe fd 12 01 b1 00 00 26 e3 22 38 23 32 23 aa 23 be 24 04 24 36 58 ff ]
02-19 21:13:08.262 D/K706RadioManager(17578): IMcuListener.onTransact: code=1 flags=16
02-19 21:13:08.265 D/K706RadioManager(17578): >>> IMcuListener.onMcuInfoChanged received! data=B1 00 00 26 E3 22 38 23 32 23 AA 23 BE 24 04 24 36 
02-19 21:13:08.267 D/K706RadioManager(17578): MCU[0xB1] len=17 : B1 00 00 26 E3 22 38 23 32 23 AA 23 BE 24 04 24 36 
02-19 21:13:08.267 D/K706RadioManager(17578): PresetList: band=0 presetIdx=0 currentFreq=9955 firstFreq=9955 (offset=3)
02-19 21:13:08.267 D/K706RadioManager(17578): >>> FREQ: 99600 -> 99550 (MCU=9955, 99,55 MHz)
02-19 21:13:08.269 D/TunerPresenter(15794): handleTunerRawData: b1 0 0 26 e3 22 38 23 32 23 aa 23 be 24 4 24 36 
02-19 21:13:08.271 D/TunerManagerForExt(15794): FMRadio main (TunerManagerForExt.java:147) onTunerPresetListChanged:  - mBand: 0 - mPresetIndex: 0 - mFrequency: 9955 - index: 0 - preset: 8760 - index: 1 - preset: 9010 - index: 2 - preset: 9130 - index: 3 - preset: 9150 - index: 4 - preset: 9220 - index: 5 - preset: 9270
02-19 21:13:08.310 E/mcu_services( 5512): MCU2APP : [ff fe fd 12 01 b1 00 00 26 de 22 38 23 32 23 aa 23 be 24 04 24 36 65 ff ]
02-19 21:13:08.312 D/K706RadioManager(17578): IMcuListener.onTransact: code=1 flags=16
02-19 21:13:08.314 D/K706RadioManager(17578): >>> IMcuListener.onMcuInfoChanged received! data=B1 00 00 26 DE 22 38 23 32 23 AA 23 BE 24 04 24 36 
02-19 21:13:08.317 D/K706RadioManager(17578): MCU[0xB1] len=17 : B1 00 00 26 DE 22 38 23 32 23 AA 23 BE 24 04 24 36 
02-19 21:13:08.317 D/K706RadioManager(17578): PresetList: band=0 presetIdx=0 currentFreq=9950 firstFreq=9950 (offset=3)
02-19 21:13:08.317 D/K706RadioManager(17578): >>> FREQ: 99550 -> 99500 (MCU=9950, 99,50 MHz)
02-19 21:13:08.319 D/TunerPresenter(15794): handleTunerRawData: b1 0 0 26 de 22 38 23 32 23 aa 23 be 24 4 24 36 
02-19 21:13:08.322 D/TunerManagerForExt(15794): FMRadio main (TunerManagerForExt.java:147) onTunerPresetListChanged:  - mBand: 0 - mPresetIndex: 0 - mFrequency: 9950 - index: 0 - preset: 8760 - index: 1 - preset: 9010 - index: 2 - preset: 9130 - index: 3 - preset: 9150 - index: 4 - preset: 9220 - index: 5 - preset: 9270
02-19 21:13:08.352 E/mcu_services( 5512): MCU2APP : [ff fe fd 12 01 b1 00 00 26 de 22 38 23 32 23 aa 23 be 24 04 24 36 65 ff ]
02-19 21:13:08.354 D/K706RadioManager(17578): IMcuListener.onTransact: code=1 flags=16
02-19 21:13:08.356 D/K706RadioManager(17578): >>> IMcuListener.onMcuInfoChanged received! data=B1 00 00 26 DE 22 38 23 32 23 AA 23 BE 24 04 24 36 
02-19 21:13:08.358 D/K706RadioManager(17578): MCU[0xB1] len=17 : B1 00 00 26 DE 22 38 23 32 23 AA 23 BE 24 04 24 36 
02-19 21:13:08.358 D/K706RadioManager(17578): PresetList: band=0 presetIdx=0 currentFreq=9950 firstFreq=9950 (offset=3)
02-19 21:13:08.361 D/TunerPresenter(15794): handleTunerRawData: b1 0 0 26 de 22 38 23 32 23 aa 23 be 24 4 24 36 
02-19 21:13:08.364 D/TunerManagerForExt(15794): FMRadio main (TunerManagerForExt.java:147) onTunerPresetListChanged:  - mBand: 0 - mPresetIndex: 0 - mFrequency: 9950 - index: 0 - preset: 8760 - index: 1 - preset: 9010 - index: 2 - preset: 9130 - index: 3 - preset: 9150 - index: 4 - preset: 9220 - index: 5 - preset: 9270
02-19 21:13:08.425 E/mcu_services( 5512): MCU2APP : [ff fe fd 12 01 b1 00 00 26 de 22 38 23 32 23 aa 23 be 24 04 24 36 65 ff ]
02-19 21:13:08.425 E/mcu_services( 5512): MCU2APP : [ff fe fd 03 01 b4 00 b5 ff ]
02-19 21:13:08.425 E/mcu_services( 5512): sendAckSuccess : [ff fd fe 02 02 b4 b6 ff ]
02-19 21:13:08.425 E/mcu_services( 5512): APP2MCU - writeToUart: [ff fd fe 02 02 b4 b6 ff ]
02-19 21:13:08.427 D/K706RadioManager(17578): IMcuListener.onTransact: code=1 flags=16
02-19 21:13:08.429 D/K706RadioManager(17578): >>> IMcuListener.onMcuInfoChanged received! data=B1 00 00 26 DE 22 38 23 32 23 AA 23 BE 24 04 24 36 
02-19 21:13:08.431 D/K706RadioManager(17578): MCU[0xB1] len=17 : B1 00 00 26 DE 22 38 23 32 23 AA 23 BE 24 04 24 36 
02-19 21:13:08.432 D/K706RadioManager(17578): PresetList: band=0 presetIdx=0 currentFreq=9950 firstFreq=9950 (offset=3)
02-19 21:13:08.434 D/TunerPresenter(15794): handleTunerRawData: b1 0 0 26 de 22 38 23 32 23 aa 23 be 24 4 24 36 
02-19 21:13:08.435 D/TunerManagerForExt(15794): FMRadio main (TunerManagerForExt.java:147) onTunerPresetListChanged:  - mBand: 0 - mPresetIndex: 0 - mFrequency: 9950 - index: 0 - preset: 8760 - index: 1 - preset: 9010 - index: 2 - preset: 9130 - index: 3 - preset: 9150 - index: 4 - preset: 9220 - index: 5 - preset: 9270
02-19 21:13:08.435 D/K706RadioManager(17578): IMcuListener.onTransact: code=1 flags=16
02-19 21:13:08.436 D/K706RadioManager(17578): >>> IMcuListener.onMcuInfoChanged received! data=B4 00 
02-19 21:13:08.436 D/K706RadioManager(17578): MCU[0xB4] len=2 : B4 00 
02-19 21:13:08.437 D/K706RadioManager(17578): RDS B4 Flags: 0x00
02-19 21:13:08.443 D/TunerPresenter(15794): handleTunerRawData: b4 0 
02-19 21:13:08.443 D/TunerManagerForExt(15794): FMRadio main (TunerManagerForExt.java:195) onTuneRdsIndicateInfo: onTuneRdsIndicateInfo - flag: 0 - mRdsSwitch: 0
02-19 21:13:08.467 E/mcu_services( 5512): MCU2APP : [ff fe fd 03 01 b0 70 c1 ff ]
02-19 21:13:08.469 D/K706RadioManager(17578): IMcuListener.onTransact: code=1 flags=16
02-19 21:13:08.469 D/K706RadioManager(17578): >>> IMcuListener.onMcuInfoChanged received! data=B0 70 
02-19 21:13:08.470 D/K706RadioManager(17578): MCU[0xB0] len=2 : B0 70 
02-19 21:13:08.470 D/K706RadioManager(17578): TunerInfo: flags=0x70 save=false AS=false finish=true valid=true ST=true LOC=false seek=false scan=false
02-19 21:13:08.472 D/TunerPresenter(15794): handleTunerRawData: b0 70 
02-19 21:13:08.472 D/TunerManagerForExt(15794): FMRadio main (TunerManagerForExt.java:108) onTunerInfoChanged: onTunerInfoChanged - flag: 112 - asFlag: 0 - psFlag: 0 - scanFlag: 0 - seekFlag: 0 - mStFlag: 1 - mLocFlag: 1 - mIsSearching: true - mTempSearching: false
02-19 21:13:08.472 D/TunerManagerForExt(15794): FMRadio main (TunerManagerForExt.java:118) onTunerInfoChanged: mIsSearching: false - mTempSearching: false - asFlag: 0 - seekFlag: 0
02-19 21:13:08.566 E/mcu_services( 5512): MCU2APP : [ff fe fd 03 01 29 6d 45 ff ]
02-19 21:13:08.569 D/K706RadioManager(17578): IMcuListener.onTransact: code=1 flags=16
02-19 21:13:08.570 D/K706RadioManager(17578): >>> IMcuListener.onMcuInfoChanged received! data=29 6D 
02-19 21:13:08.570 D/K706RadioManager(17578): MCU[0x29] len=2 : 29 6D 
02-19 21:13:08.570 D/K706RadioManager(17578): Unknown MCU packet type: 0x29
02-19 21:13:08.579 E/mcu_services( 5512): MCU2APP : [ff fe fd 03 01 b4 05 b0 ff ]
02-19 21:13:08.579 E/mcu_services( 5512): MCU2APP : [ff fe fd 04 01 b5 00 01 b5 ff ]
02-19 21:13:08.579 E/mcu_services( 5512): sendAckSuccess : [ff fd fe 02 02 b4 b6 ff ]
02-19 21:13:08.580 E/mcu_services( 5512): APP2MCU - writeToUart: [ff fd fe 02 02 b4 b6 ff ]
02-19 21:13:08.580 E/mcu_services( 5512): sendAckSuccess : [ff fd fe 02 02 b5 b7 ff ]
02-19 21:13:08.580 E/mcu_services( 5512): APP2MCU - writeToUart: [ff fd fe 02 02 b5 b7 ff ]
02-19 21:13:08.581 D/K706RadioManager(17578): IMcuListener.onTransact: code=1 flags=16
02-19 21:13:08.582 D/K706RadioManager(17578): >>> IMcuListener.onMcuInfoChanged received! data=B4 05 
02-19 21:13:08.582 D/K706RadioManager(17578): MCU[0xB4] len=2 : B4 05 
02-19 21:13:08.582 D/K706RadioManager(17578): RDS B4 Flags: 0x05
02-19 21:13:08.585 D/TunerPresenter(15794): handleTunerRawData: b4 5 
02-19 21:13:08.585 D/TunerManagerForExt(15794): FMRadio main (TunerManagerForExt.java:195) onTuneRdsIndicateInfo: onTuneRdsIndicateInfo - flag: 5 - mRdsSwitch: 1
02-19 21:13:08.586 D/K706RadioManager(17578): IMcuListener.onTransact: code=1 flags=16
02-19 21:13:08.587 D/K706RadioManager(17578): >>> IMcuListener.onMcuInfoChanged received! data=B5 00 01 
02-19 21:13:08.587 D/K706RadioManager(17578): MCU[0xB5] len=3 : B5 00 01 
02-19 21:13:08.587 D/K706RadioManager(17578): RDS PTY (0xB5): 0
02-19 21:13:08.590 D/TunerPresenter(15794): handleTunerRawData: b5 0 1 
02-19 21:13:08.590 D/TunerManagerForExt(15794): FMRadio main (TunerManagerForExt.java:220) onTuneRdsPtyTypeInfo: onTuneRdsPtyTypeInfo - mRdsPtyType: 0
02-19 21:13:10.555 E/mcu_services( 5512): MCU2APP : [ff fe fd 03 01 29 6d 45 ff ]
02-19 21:13:10.558 D/K706RadioManager(17578): IMcuListener.onTransact: code=1 flags=16
02-19 21:13:10.559 D/K706RadioManager(17578): >>> IMcuListener.onMcuInfoChanged received! data=29 6D 
02-19 21:13:10.559 D/K706RadioManager(17578): MCU[0x29] len=2 : 29 6D 
02-19 21:13:10.560 D/K706RadioManager(17578): Unknown MCU packet type: 0x29
02-19 21:13:11.106 E/mcu_services( 5512): APP2MCU - writeToUartNormal : [ff fd fe 05 01 a0 02 00 00 a3 ff ]
02-19 21:13:11.107 D/K706RadioManager(17578): CMD Enviado: sub=0x02 p1=0x00 p2=0x00
02-19 21:13:11.107 D/K706RadioManager(17578): Seek DOWN iniciado
02-19 21:13:11.178 E/mcu_services( 5512): MCU2APP : [ff fe fd 12 01 b1 00 00 26 d9 22 38 23 32 23 aa 23 be 24 04 24 36 62 ff ]
02-19 21:13:11.178 E/mcu_services( 5512): MCU2APP : [ff fe fd 03 01 b0 78 c9 ff ]
02-19 21:13:11.180 D/K706RadioManager(17578): IMcuListener.onTransact: code=1 flags=16
02-19 21:13:11.182 D/K706RadioManager(17578): >>> IMcuListener.onMcuInfoChanged received! data=B1 00 00 26 D9 22 38 23 32 23 AA 23 BE 24 04 24 36 
02-19 21:13:11.183 D/K706RadioManager(17578): MCU[0xB1] len=17 : B1 00 00 26 D9 22 38 23 32 23 AA 23 BE 24 04 24 36 
02-19 21:13:11.183 D/K706RadioManager(17578): PresetList: band=0 presetIdx=0 currentFreq=9945 firstFreq=9945 (offset=3)
02-19 21:13:11.183 D/K706RadioManager(17578): >>> FREQ: 99500 -> 99450 (MCU=9945, 99,45 MHz)
02-19 21:13:11.185 D/TunerPresenter(15794): handleTunerRawData: b1 0 0 26 d9 22 38 23 32 23 aa 23 be 24 4 24 36 
02-19 21:13:11.185 D/TunerManagerForExt(15794): FMRadio main (TunerManagerForExt.java:147) onTunerPresetListChanged:  - mBand: 0 - mPresetIndex: 0 - mFrequency: 9945 - index: 0 - preset: 8760 - index: 1 - preset: 9010 - index: 2 - preset: 9130 - index: 3 - preset: 9150 - index: 4 - preset: 9220 - index: 5 - preset: 9270
02-19 21:13:11.186 D/K706RadioManager(17578): IMcuListener.onTransact: code=1 flags=16
02-19 21:13:11.187 D/K706RadioManager(17578): >>> IMcuListener.onMcuInfoChanged received! data=B0 78 
02-19 21:13:11.187 D/K706RadioManager(17578): MCU[0xB0] len=2 : B0 78 
02-19 21:13:11.187 D/K706RadioManager(17578): TunerInfo: flags=0x78 save=false AS=true finish=true valid=true ST=true LOC=false seek=false scan=false
02-19 21:13:11.200 D/TunerPresenter(15794): handleTunerRawData: b0 78 
02-19 21:13:11.200 D/TunerManagerForExt(15794): FMRadio main (TunerManagerForExt.java:108) onTunerInfoChanged: onTunerInfoChanged - flag: 120 - asFlag: 0 - psFlag: 0 - scanFlag: 0 - seekFlag: 1 - mStFlag: 1 - mLocFlag: 1 - mIsSearching: false - mTempSearching: false
02-19 21:13:11.200 D/TunerManagerForExt(15794): FMRadio main (TunerManagerForExt.java:118) onTunerInfoChanged: mIsSearching: true - mTempSearching: false - asFlag: 0 - seekFlag: 1
02-19 21:13:11.223 E/mcu_services( 5512): MCU2APP : [ff fe fd 12 01 b1 00 00 26 d4 22 38 23 32 23 aa 23 be 24 04 24 36 6f ff ]
02-19 21:13:11.225 D/K706RadioManager(17578): IMcuListener.onTransact: code=1 flags=16
02-19 21:13:11.227 D/K706RadioManager(17578): >>> IMcuListener.onMcuInfoChanged received! data=B1 00 00 26 D4 22 38 23 32 23 AA 23 BE 24 04 24 36 
02-19 21:13:11.228 D/K706RadioManager(17578): MCU[0xB1] len=17 : B1 00 00 26 D4 22 38 23 32 23 AA 23 BE 24 04 24 36 
02-19 21:13:11.228 D/K706RadioManager(17578): PresetList: band=0 presetIdx=0 currentFreq=9940 firstFreq=9940 (offset=3)
02-19 21:13:11.228 D/K706RadioManager(17578): >>> FREQ: 99450 -> 99400 (MCU=9940, 99,40 MHz)
02-19 21:13:11.230 D/TunerPresenter(15794): handleTunerRawData: b1 0 0 26 d4 22 38 23 32 23 aa 23 be 24 4 24 36 
02-19 21:13:11.233 D/TunerManagerForExt(15794): FMRadio main (TunerManagerForExt.java:147) onTunerPresetListChanged:  - mBand: 0 - mPresetIndex: 0 - mFrequency: 9940 - index: 0 - preset: 8760 - index: 1 - preset: 9010 - index: 2 - preset: 9130 - index: 3 - preset: 9150 - index: 4 - preset: 9220 - index: 5 - preset: 9270
02-19 21:13:11.273 E/mcu_services( 5512): MCU2APP : [ff fe fd 12 01 b1 00 00 26 cf 22 38 23 32 23 aa 23 be 24 04 24 36 74 ff ]
02-19 21:13:11.274 D/K706RadioManager(17578): IMcuListener.onTransact: code=1 flags=16
02-19 21:13:11.276 D/K706RadioManager(17578): >>> IMcuListener.onMcuInfoChanged received! data=B1 00 00 26 CF 22 38 23 32 23 AA 23 BE 24 04 24 36 
02-19 21:13:11.277 D/K706RadioManager(17578): MCU[0xB1] len=17 : B1 00 00 26 CF 22 38 23 32 23 AA 23 BE 24 04 24 36 
02-19 21:13:11.277 D/K706RadioManager(17578): PresetList: band=0 presetIdx=0 currentFreq=9935 firstFreq=9935 (offset=3)
02-19 21:13:11.277 D/K706RadioManager(17578): >>> FREQ: 99400 -> 99350 (MCU=9935, 99,35 MHz)
02-19 21:13:11.279 D/TunerPresenter(15794): handleTunerRawData: b1 0 0 26 cf 22 38 23 32 23 aa 23 be 24 4 24 36 
02-19 21:13:11.281 D/TunerManagerForExt(15794): FMRadio main (TunerManagerForExt.java:147) onTunerPresetListChanged:  - mBand: 0 - mPresetIndex: 0 - mFrequency: 9935 - index: 0 - preset: 8760 - index: 1 - preset: 9010 - index: 2 - preset: 9130 - index: 3 - preset: 9150 - index: 4 - preset: 9220 - index: 5 - preset: 9270
02-19 21:13:11.322 E/mcu_services( 5512): MCU2APP : [ff fe fd 12 01 b1 00 00 26 ca 22 38 23 32 23 aa 23 be 24 04 24 36 71 ff ]
02-19 21:13:11.323 D/K706RadioManager(17578): IMcuListener.onTransact: code=1 flags=16
02-19 21:13:11.325 D/K706RadioManager(17578): >>> IMcuListener.onMcuInfoChanged received! data=B1 00 00 26 CA 22 38 23 32 23 AA 23 BE 24 04 24 36 
02-19 21:13:11.326 D/K706RadioManager(17578): MCU[0xB1] len=17 : B1 00 00 26 CA 22 38 23 32 23 AA 23 BE 24 04 24 36 
02-19 21:13:11.326 D/K706RadioManager(17578): PresetList: band=0 presetIdx=0 currentFreq=9930 firstFreq=9930 (offset=3)
02-19 21:13:11.326 D/K706RadioManager(17578): >>> FREQ: 99350 -> 99300 (MCU=9930, 99,30 MHz)
02-19 21:13:11.328 D/TunerPresenter(15794): handleTunerRawData: b1 0 0 26 ca 22 38 23 32 23 aa 23 be 24 4 24 36 
02-19 21:13:11.332 D/TunerManagerForExt(15794): FMRadio main (TunerManagerForExt.java:147) onTunerPresetListChanged:  - mBand: 0 - mPresetIndex: 0 - mFrequency: 9930 - index: 0 - preset: 8760 - index: 1 - preset: 9010 - index: 2 - preset: 9130 - index: 3 - preset: 9150 - index: 4 - preset: 9220 - index: 5 - preset: 9270
02-19 21:13:11.373 E/mcu_services( 5512): MCU2APP : [ff fe fd 12 01 b1 00 00 26 c5 22 38 23 32 23 aa 23 be 24 04 24 36 7e ff ]
02-19 21:13:11.375 D/K706RadioManager(17578): IMcuListener.onTransact: code=1 flags=16
02-19 21:13:11.376 D/K706RadioManager(17578): >>> IMcuListener.onMcuInfoChanged received! data=B1 00 00 26 C5 22 38 23 32 23 AA 23 BE 24 04 24 36 
02-19 21:13:11.378 D/K706RadioManager(17578): MCU[0xB1] len=17 : B1 00 00 26 C5 22 38 23 32 23 AA 23 BE 24 04 24 36 
02-19 21:13:11.378 D/K706RadioManager(17578): PresetList: band=0 presetIdx=0 currentFreq=9925 firstFreq=9925 (offset=3)
02-19 21:13:11.378 D/K706RadioManager(17578): >>> FREQ: 99300 -> 99250 (MCU=9925, 99,25 MHz)
02-19 21:13:11.380 D/TunerPresenter(15794): handleTunerRawData: b1 0 0 26 c5 22 38 23 32 23 aa 23 be 24 4 24 36 
02-19 21:13:11.383 D/TunerManagerForExt(15794): FMRadio main (TunerManagerForExt.java:147) onTunerPresetListChanged:  - mBand: 0 - mPresetIndex: 0 - mFrequency: 9925 - index: 0 - preset: 8760 - index: 1 - preset: 9010 - index: 2 - preset: 9130 - index: 3 - preset: 9150 - index: 4 - preset: 9220 - index: 5 - preset: 9270
02-19 21:13:11.422 E/mcu_services( 5512): MCU2APP : [ff fe fd 12 01 b1 00 00 26 c0 22 38 23 32 23 aa 23 be 24 04 24 36 7b ff ]
02-19 21:13:11.424 D/K706RadioManager(17578): IMcuListener.onTransact: code=1 flags=16
02-19 21:13:11.427 D/K706RadioManager(17578): >>> IMcuListener.onMcuInfoChanged received! data=B1 00 00 26 C0 22 38 23 32 23 AA 23 BE 24 04 24 36 
02-19 21:13:11.429 D/K706RadioManager(17578): MCU[0xB1] len=17 : B1 00 00 26 C0 22 38 23 32 23 AA 23 BE 24 04 24 36 
02-19 21:13:11.429 D/K706RadioManager(17578): PresetList: band=0 presetIdx=0 currentFreq=9920 firstFreq=9920 (offset=3)
02-19 21:13:11.429 D/K706RadioManager(17578): >>> FREQ: 99250 -> 99200 (MCU=9920, 99,20 MHz)
02-19 21:13:11.432 D/TunerPresenter(15794): handleTunerRawData: b1 0 0 26 c0 22 38 23 32 23 aa 23 be 24 4 24 36 
02-19 21:13:11.435 D/TunerManagerForExt(15794): FMRadio main (TunerManagerForExt.java:147) onTunerPresetListChanged:  - mBand: 0 - mPresetIndex: 0 - mFrequency: 9920 - index: 0 - preset: 8760 - index: 1 - preset: 9010 - index: 2 - preset: 9130 - index: 3 - preset: 9150 - index: 4 - preset: 9220 - index: 5 - preset: 9270
02-19 21:13:11.472 E/mcu_services( 5512): MCU2APP : [ff fe fd 12 01 b1 00 00 26 bb 22 38 23 32 23 aa 23 be 24 04 24 36 00 ff ]
02-19 21:13:11.474 D/K706RadioManager(17578): IMcuListener.onTransact: code=1 flags=16
02-19 21:13:11.476 D/K706RadioManager(17578): >>> IMcuListener.onMcuInfoChanged received! data=B1 00 00 26 BB 22 38 23 32 23 AA 23 BE 24 04 24 36 
02-19 21:13:11.478 D/K706RadioManager(17578): MCU[0xB1] len=17 : B1 00 00 26 BB 22 38 23 32 23 AA 23 BE 24 04 24 36 
02-19 21:13:11.479 D/K706RadioManager(17578): PresetList: band=0 presetIdx=0 currentFreq=9915 firstFreq=9915 (offset=3)
02-19 21:13:11.479 D/K706RadioManager(17578): >>> FREQ: 99200 -> 99150 (MCU=9915, 99,15 MHz)
02-19 21:13:11.481 D/TunerPresenter(15794): handleTunerRawData: b1 0 0 26 bb 22 38 23 32 23 aa 23 be 24 4 24 36 
02-19 21:13:11.483 D/TunerManagerForExt(15794): FMRadio main (TunerManagerForExt.java:147) onTunerPresetListChanged:  - mBand: 0 - mPresetIndex: 0 - mFrequency: 9915 - index: 0 - preset: 8760 - index: 1 - preset: 9010 - index: 2 - preset: 9130 - index: 3 - preset: 9150 - index: 4 - preset: 9220 - index: 5 - preset: 9270
02-19 21:13:11.521 E/mcu_services( 5512): MCU2APP : [ff fe fd 12 01 b1 00 00 26 b6 22 38 23 32 23 aa 23 be 24 04 24 36 0d ff ]
02-19 21:13:11.524 D/K706RadioManager(17578): IMcuListener.onTransact: code=1 flags=16
02-19 21:13:11.525 D/K706RadioManager(17578): >>> IMcuListener.onMcuInfoChanged received! data=B1 00 00 26 B6 22 38 23 32 23 AA 23 BE 24 04 24 36 
02-19 21:13:11.526 D/K706RadioManager(17578): MCU[0xB1] len=17 : B1 00 00 26 B6 22 38 23 32 23 AA 23 BE 24 04 24 36 
02-19 21:13:11.526 D/K706RadioManager(17578): PresetList: band=0 presetIdx=0 currentFreq=9910 firstFreq=9910 (offset=3)
02-19 21:13:11.526 D/K706RadioManager(17578): >>> FREQ: 99150 -> 99100 (MCU=9910, 99,10 MHz)
02-19 21:13:11.528 D/TunerPresenter(15794): handleTunerRawData: b1 0 0 26 b6 22 38 23 32 23 aa 23 be 24 4 24 36 
02-19 21:13:11.532 D/TunerManagerForExt(15794): FMRadio main (TunerManagerForExt.java:147) onTunerPresetListChanged:  - mBand: 0 - mPresetIndex: 0 - mFrequency: 9910 - index: 0 - preset: 8760 - index: 1 - preset: 9010 - index: 2 - preset: 9130 - index: 3 - preset: 9150 - index: 4 - preset: 9220 - index: 5 - preset: 9270
02-19 21:13:11.571 E/mcu_services( 5512): MCU2APP : [ff fe fd 12 01 b1 00 00 26 b1 22 38 23 32 23 aa 23 be 24 04 24 36 0a ff ]
02-19 21:13:11.573 D/K706RadioManager(17578): IMcuListener.onTransact: code=1 flags=16
02-19 21:13:11.575 D/K706RadioManager(17578): >>> IMcuListener.onMcuInfoChanged received! data=B1 00 00 26 B1 22 38 23 32 23 AA 23 BE 24 04 24 36 
02-19 21:13:11.575 D/K706RadioManager(17578): MCU[0xB1] len=17 : B1 00 00 26 B1 22 38 23 32 23 AA 23 BE 24 04 24 36 
02-19 21:13:11.576 D/K706RadioManager(17578): PresetList: band=0 presetIdx=0 currentFreq=9905 firstFreq=9905 (offset=3)
02-19 21:13:11.576 D/K706RadioManager(17578): >>> FREQ: 99100 -> 99050 (MCU=9905, 99,05 MHz)
02-19 21:13:11.578 D/TunerPresenter(15794): handleTunerRawData: b1 0 0 26 b1 22 38 23 32 23 aa 23 be 24 4 24 36 
02-19 21:13:11.580 D/TunerManagerForExt(15794): FMRadio main (TunerManagerForExt.java:147) onTunerPresetListChanged:  - mBand: 0 - mPresetIndex: 0 - mFrequency: 9905 - index: 0 - preset: 8760 - index: 1 - preset: 9010 - index: 2 - preset: 9130 - index: 3 - preset: 9150 - index: 4 - preset: 9220 - index: 5 - preset: 9270
02-19 21:13:11.621 E/mcu_services( 5512): MCU2APP : [ff fe fd 12 01 b1 00 00 26 ac 22 38 23 32 23 aa 23 be 24 04 24 36 17 ff ]
02-19 21:13:11.623 D/K706RadioManager(17578): IMcuListener.onTransact: code=1 flags=16
02-19 21:13:11.624 D/K706RadioManager(17578): >>> IMcuListener.onMcuInfoChanged received! data=B1 00 00 26 AC 22 38 23 32 23 AA 23 BE 24 04 24 36 
02-19 21:13:11.625 D/K706RadioManager(17578): MCU[0xB1] len=17 : B1 00 00 26 AC 22 38 23 32 23 AA 23 BE 24 04 24 36 
02-19 21:13:11.625 D/K706RadioManager(17578): PresetList: band=0 presetIdx=0 currentFreq=9900 firstFreq=9900 (offset=3)
02-19 21:13:11.625 D/K706RadioManager(17578): >>> FREQ: 99050 -> 99000 (MCU=9900, 99,00 MHz)
02-19 21:13:11.627 D/TunerPresenter(15794): handleTunerRawData: b1 0 0 26 ac 22 38 23 32 23 aa 23 be 24 4 24 36 
02-19 21:13:11.631 D/TunerManagerForExt(15794): FMRadio main (TunerManagerForExt.java:147) onTunerPresetListChanged:  - mBand: 0 - mPresetIndex: 0 - mFrequency: 9900 - index: 0 - preset: 8760 - index: 1 - preset: 9010 - index: 2 - preset: 9130 - index: 3 - preset: 9150 - index: 4 - preset: 9220 - index: 5 - preset: 9270
02-19 21:13:11.671 E/mcu_services( 5512): MCU2APP : [ff fe fd 12 01 b1 00 00 26 a7 22 38 23 32 23 aa 23 be 24 04 24 36 1c ff ]
02-19 21:13:11.673 D/K706RadioManager(17578): IMcuListener.onTransact: code=1 flags=16
02-19 21:13:11.674 D/K706RadioManager(17578): >>> IMcuListener.onMcuInfoChanged received! data=B1 00 00 26 A7 22 38 23 32 23 AA 23 BE 24 04 24 36 
02-19 21:13:11.675 D/K706RadioManager(17578): MCU[0xB1] len=17 : B1 00 00 26 A7 22 38 23 32 23 AA 23 BE 24 04 24 36 
02-19 21:13:11.675 D/K706RadioManager(17578): PresetList: band=0 presetIdx=0 currentFreq=9895 firstFreq=9895 (offset=3)
02-19 21:13:11.675 D/K706RadioManager(17578): >>> FREQ: 99000 -> 98950 (MCU=9895, 98,95 MHz)
02-19 21:13:11.677 D/TunerPresenter(15794): handleTunerRawData: b1 0 0 26 a7 22 38 23 32 23 aa 23 be 24 4 24 36 
02-19 21:13:11.680 D/TunerManagerForExt(15794): FMRadio main (TunerManagerForExt.java:147) onTunerPresetListChanged:  - mBand: 0 - mPresetIndex: 0 - mFrequency: 9895 - index: 0 - preset: 8760 - index: 1 - preset: 9010 - index: 2 - preset: 9130 - index: 3 - preset: 9150 - index: 4 - preset: 9220 - index: 5 - preset: 9270
02-19 21:13:11.720 E/mcu_services( 5512): MCU2APP : [ff fe fd 12 01 b1 00 00 26 a2 22 38 23 32 23 aa 23 be 24 04 24 36 19 ff ]
02-19 21:13:11.723 D/K706RadioManager(17578): IMcuListener.onTransact: code=1 flags=16
02-19 21:13:11.724 D/K706RadioManager(17578): >>> IMcuListener.onMcuInfoChanged received! data=B1 00 00 26 A2 22 38 23 32 23 AA 23 BE 24 04 24 36 
02-19 21:13:11.725 D/K706RadioManager(17578): MCU[0xB1] len=17 : B1 00 00 26 A2 22 38 23 32 23 AA 23 BE 24 04 24 36 
02-19 21:13:11.725 D/K706RadioManager(17578): PresetList: band=0 presetIdx=0 currentFreq=9890 firstFreq=9890 (offset=3)
02-19 21:13:11.725 D/K706RadioManager(17578): >>> FREQ: 98950 -> 98900 (MCU=9890, 98,90 MHz)
02-19 21:13:11.728 D/TunerPresenter(15794): handleTunerRawData: b1 0 0 26 a2 22 38 23 32 23 aa 23 be 24 4 24 36 
02-19 21:13:11.732 D/TunerManagerForExt(15794): FMRadio main (TunerManagerForExt.java:147) onTunerPresetListChanged:  - mBand: 0 - mPresetIndex: 0 - mFrequency: 9890 - index: 0 - preset: 8760 - index: 1 - preset: 9010 - index: 2 - preset: 9130 - index: 3 - preset: 9150 - index: 4 - preset: 9220 - index: 5 - preset: 9270
02-19 21:13:11.770 E/mcu_services( 5512): MCU2APP : [ff fe fd 12 01 b1 00 00 26 9d 22 38 23 32 23 aa 23 be 24 04 24 36 26 ff ]
02-19 21:13:11.772 D/K706RadioManager(17578): IMcuListener.onTransact: code=1 flags=16
02-19 21:13:11.774 D/K706RadioManager(17578): >>> IMcuListener.onMcuInfoChanged received! data=B1 00 00 26 9D 22 38 23 32 23 AA 23 BE 24 04 24 36 
02-19 21:13:11.775 D/K706RadioManager(17578): MCU[0xB1] len=17 : B1 00 00 26 9D 22 38 23 32 23 AA 23 BE 24 04 24 36 
02-19 21:13:11.775 D/K706RadioManager(17578): PresetList: band=0 presetIdx=0 currentFreq=9885 firstFreq=9885 (offset=3)
02-19 21:13:11.775 D/K706RadioManager(17578): >>> FREQ: 98900 -> 98850 (MCU=9885, 98,85 MHz)
02-19 21:13:11.777 D/TunerPresenter(15794): handleTunerRawData: b1 0 0 26 9d 22 38 23 32 23 aa 23 be 24 4 24 36 
02-19 21:13:11.779 D/TunerManagerForExt(15794): FMRadio main (TunerManagerForExt.java:147) onTunerPresetListChanged:  - mBand: 0 - mPresetIndex: 0 - mFrequency: 9885 - index: 0 - preset: 8760 - index: 1 - preset: 9010 - index: 2 - preset: 9130 - index: 3 - preset: 9150 - index: 4 - preset: 9220 - index: 5 - preset: 9270
02-19 21:13:11.820 E/mcu_services( 5512): MCU2APP : [ff fe fd 12 01 b1 00 00 26 98 22 38 23 32 23 aa 23 be 24 04 24 36 23 ff ]
02-19 21:13:11.822 D/K706RadioManager(17578): IMcuListener.onTransact: code=1 flags=16
02-19 21:13:11.824 D/K706RadioManager(17578): >>> IMcuListener.onMcuInfoChanged received! data=B1 00 00 26 98 22 38 23 32 23 AA 23 BE 24 04 24 36 
02-19 21:13:11.825 D/K706RadioManager(17578): MCU[0xB1] len=17 : B1 00 00 26 98 22 38 23 32 23 AA 23 BE 24 04 24 36 
02-19 21:13:11.825 D/K706RadioManager(17578): PresetList: band=0 presetIdx=0 currentFreq=9880 firstFreq=9880 (offset=3)
02-19 21:13:11.825 D/K706RadioManager(17578): >>> FREQ: 98850 -> 98800 (MCU=9880, 98,80 MHz)
02-19 21:13:11.827 D/TunerPresenter(15794): handleTunerRawData: b1 0 0 26 98 22 38 23 32 23 aa 23 be 24 4 24 36 
02-19 21:13:11.831 D/TunerManagerForExt(15794): FMRadio main (TunerManagerForExt.java:147) onTunerPresetListChanged:  - mBand: 0 - mPresetIndex: 0 - mFrequency: 9880 - index: 0 - preset: 8760 - index: 1 - preset: 9010 - index: 2 - preset: 9130 - index: 3 - preset: 9150 - index: 4 - preset: 9220 - index: 5 - preset: 9270
02-19 21:13:11.869 E/mcu_services( 5512): MCU2APP : [ff fe fd 12 01 b1 00 00 26 93 22 38 23 32 23 aa 23 be 24 04 24 36 28 ff ]
02-19 21:13:11.871 D/K706RadioManager(17578): IMcuListener.onTransact: code=1 flags=16
02-19 21:13:11.872 D/K706RadioManager(17578): >>> IMcuListener.onMcuInfoChanged received! data=B1 00 00 26 93 22 38 23 32 23 AA 23 BE 24 04 24 36 
02-19 21:13:11.873 D/K706RadioManager(17578): MCU[0xB1] len=17 : B1 00 00 26 93 22 38 23 32 23 AA 23 BE 24 04 24 36 
02-19 21:13:11.873 D/K706RadioManager(17578): PresetList: band=0 presetIdx=0 currentFreq=9875 firstFreq=9875 (offset=3)
02-19 21:13:11.873 D/K706RadioManager(17578): >>> FREQ: 98800 -> 98750 (MCU=9875, 98,75 MHz)
02-19 21:13:11.875 D/TunerPresenter(15794): handleTunerRawData: b1 0 0 26 93 22 38 23 32 23 aa 23 be 24 4 24 36 
02-19 21:13:11.878 D/TunerManagerForExt(15794): FMRadio main (TunerManagerForExt.java:147) onTunerPresetListChanged:  - mBand: 0 - mPresetIndex: 0 - mFrequency: 9875 - index: 0 - preset: 8760 - index: 1 - preset: 9010 - index: 2 - preset: 9130 - index: 3 - preset: 9150 - index: 4 - preset: 9220 - index: 5 - preset: 9270
02-19 21:13:11.919 E/mcu_services( 5512): MCU2APP : [ff fe fd 12 01 b1 00 00 26 8e 22 38 23 32 23 aa 23 be 24 04 24 36 35 ff ]
02-19 21:13:11.922 D/K706RadioManager(17578): IMcuListener.onTransact: code=1 flags=16
02-19 21:13:11.923 D/K706RadioManager(17578): >>> IMcuListener.onMcuInfoChanged received! data=B1 00 00 26 8E 22 38 23 32 23 AA 23 BE 24 04 24 36 
02-19 21:13:11.925 D/K706RadioManager(17578): MCU[0xB1] len=17 : B1 00 00 26 8E 22 38 23 32 23 AA 23 BE 24 04 24 36 
02-19 21:13:11.925 D/K706RadioManager(17578): PresetList: band=0 presetIdx=0 currentFreq=9870 firstFreq=9870 (offset=3)
02-19 21:13:11.925 D/K706RadioManager(17578): >>> FREQ: 98750 -> 98700 (MCU=9870, 98,70 MHz)
02-19 21:13:11.927 D/TunerPresenter(15794): handleTunerRawData: b1 0 0 26 8e 22 38 23 32 23 aa 23 be 24 4 24 36 
02-19 21:13:11.929 D/TunerManagerForExt(15794): FMRadio main (TunerManagerForExt.java:147) onTunerPresetListChanged:  - mBand: 0 - mPresetIndex: 0 - mFrequency: 9870 - index: 0 - preset: 8760 - index: 1 - preset: 9010 - index: 2 - preset: 9130 - index: 3 - preset: 9150 - index: 4 - preset: 9220 - index: 5 - preset: 9270
02-19 21:13:11.969 E/mcu_services( 5512): MCU2APP : [ff fe fd 12 01 b1 00 00 26 89 22 38 23 32 23 aa 23 be 24 04 24 36 32 ff ]
02-19 21:13:11.971 D/K706RadioManager(17578): IMcuListener.onTransact: code=1 flags=16
02-19 21:13:11.972 D/K706RadioManager(17578): >>> IMcuListener.onMcuInfoChanged received! data=B1 00 00 26 89 22 38 23 32 23 AA 23 BE 24 04 24 36 
02-19 21:13:11.974 D/K706RadioManager(17578): MCU[0xB1] len=17 : B1 00 00 26 89 22 38 23 32 23 AA 23 BE 24 04 24 36 
02-19 21:13:11.974 D/K706RadioManager(17578): PresetList: band=0 presetIdx=0 currentFreq=9865 firstFreq=9865 (offset=3)
02-19 21:13:11.975 D/K706RadioManager(17578): >>> FREQ: 98700 -> 98650 (MCU=9865, 98,65 MHz)
02-19 21:13:11.977 D/TunerPresenter(15794): handleTunerRawData: b1 0 0 26 89 22 38 23 32 23 aa 23 be 24 4 24 36 
02-19 21:13:11.979 D/TunerManagerForExt(15794): FMRadio main (TunerManagerForExt.java:147) onTunerPresetListChanged:  - mBand: 0 - mPresetIndex: 0 - mFrequency: 9865 - index: 0 - preset: 8760 - index: 1 - preset: 9010 - index: 2 - preset: 9130 - index: 3 - preset: 9150 - index: 4 - preset: 9220 - index: 5 - preset: 9270
02-19 21:13:12.019 E/mcu_services( 5512): MCU2APP : [ff fe fd 12 01 b1 00 00 26 84 22 38 23 32 23 aa 23 be 24 04 24 36 3f ff ]
02-19 21:13:12.021 D/K706RadioManager(17578): IMcuListener.onTransact: code=1 flags=16
02-19 21:13:12.024 D/K706RadioManager(17578): >>> IMcuListener.onMcuInfoChanged received! data=B1 00 00 26 84 22 38 23 32 23 AA 23 BE 24 04 24 36 
02-19 21:13:12.026 D/K706RadioManager(17578): MCU[0xB1] len=17 : B1 00 00 26 84 22 38 23 32 23 AA 23 BE 24 04 24 36 
02-19 21:13:12.026 D/K706RadioManager(17578): PresetList: band=0 presetIdx=0 currentFreq=9860 firstFreq=9860 (offset=3)
02-19 21:13:12.027 D/K706RadioManager(17578): >>> FREQ: 98650 -> 98600 (MCU=9860, 98,60 MHz)
02-19 21:13:12.029 D/TunerPresenter(15794): handleTunerRawData: b1 0 0 26 84 22 38 23 32 23 aa 23 be 24 4 24 36 
02-19 21:13:12.032 D/TunerManagerForExt(15794): FMRadio main (TunerManagerForExt.java:147) onTunerPresetListChanged:  - mBand: 0 - mPresetIndex: 0 - mFrequency: 9860 - index: 0 - preset: 8760 - index: 1 - preset: 9010 - index: 2 - preset: 9130 - index: 3 - preset: 9150 - index: 4 - preset: 9220 - index: 5 - preset: 9270
02-19 21:13:12.061 E/mcu_services( 5512): MCU2APP : [ff fe fd 12 01 b1 00 00 26 84 22 38 23 32 23 aa 23 be 24 04 24 36 3f ff ]
02-19 21:13:12.064 D/K706RadioManager(17578): IMcuListener.onTransact: code=1 flags=16
02-19 21:13:12.066 D/K706RadioManager(17578): >>> IMcuListener.onMcuInfoChanged received! data=B1 00 00 26 84 22 38 23 32 23 AA 23 BE 24 04 24 36 
02-19 21:13:12.068 D/K706RadioManager(17578): MCU[0xB1] len=17 : B1 00 00 26 84 22 38 23 32 23 AA 23 BE 24 04 24 36 
02-19 21:13:12.068 D/K706RadioManager(17578): PresetList: band=0 presetIdx=0 currentFreq=9860 firstFreq=9860 (offset=3)
02-19 21:13:12.071 D/TunerPresenter(15794): handleTunerRawData: b1 0 0 26 84 22 38 23 32 23 aa 23 be 24 4 24 36 
02-19 21:13:12.074 D/TunerManagerForExt(15794): FMRadio main (TunerManagerForExt.java:147) onTunerPresetListChanged:  - mBand: 0 - mPresetIndex: 0 - mFrequency: 9860 - index: 0 - preset: 8760 - index: 1 - preset: 9010 - index: 2 - preset: 9130 - index: 3 - preset: 9150 - index: 4 - preset: 9220 - index: 5 - preset: 9270
02-19 21:13:12.133 E/mcu_services( 5512): MCU2APP : [ff fe fd 12 01 b1 00 00 26 84 22 38 23 32 23 aa 23 be 24 04 24 36 3f ff ]
02-19 21:13:12.133 E/mcu_services( 5512): MCU2APP : [ff fe fd 03 01 b4 00 b5 ff ]
02-19 21:13:12.133 E/mcu_services( 5512): sendAckSuccess : [ff fd fe 02 02 b4 b6 ff ]
02-19 21:13:12.134 E/mcu_services( 5512): APP2MCU - writeToUart: [ff fd fe 02 02 b4 b6 ff ]
02-19 21:13:12.135 D/K706RadioManager(17578): IMcuListener.onTransact: code=1 flags=16
02-19 21:13:12.136 D/K706RadioManager(17578): >>> IMcuListener.onMcuInfoChanged received! data=B1 00 00 26 84 22 38 23 32 23 AA 23 BE 24 04 24 36 
02-19 21:13:12.139 D/K706RadioManager(17578): MCU[0xB1] len=17 : B1 00 00 26 84 22 38 23 32 23 AA 23 BE 24 04 24 36 
02-19 21:13:12.139 D/K706RadioManager(17578): PresetList: band=0 presetIdx=0 currentFreq=9860 firstFreq=9860 (offset=3)
02-19 21:13:12.141 D/TunerPresenter(15794): handleTunerRawData: b1 0 0 26 84 22 38 23 32 23 aa 23 be 24 4 24 36 
02-19 21:13:12.142 D/K706RadioManager(17578): IMcuListener.onTransact: code=1 flags=16
02-19 21:13:12.142 D/TunerManagerForExt(15794): FMRadio main (TunerManagerForExt.java:147) onTunerPresetListChanged:  - mBand: 0 - mPresetIndex: 0 - mFrequency: 9860 - index: 0 - preset: 8760 - index: 1 - preset: 9010 - index: 2 - preset: 9130 - index: 3 - preset: 9150 - index: 4 - preset: 9220 - index: 5 - preset: 9270
02-19 21:13:12.142 D/K706RadioManager(17578): >>> IMcuListener.onMcuInfoChanged received! data=B4 00 
02-19 21:13:12.143 D/K706RadioManager(17578): MCU[0xB4] len=2 : B4 00 
02-19 21:13:12.143 D/K706RadioManager(17578): RDS B4 Flags: 0x00
02-19 21:13:12.153 D/TunerPresenter(15794): handleTunerRawData: b4 0 
02-19 21:13:12.153 D/TunerManagerForExt(15794): FMRadio main (TunerManagerForExt.java:195) onTuneRdsIndicateInfo: onTuneRdsIndicateInfo - flag: 0 - mRdsSwitch: 0
02-19 21:13:12.156 E/mcu_services( 5512): MCU2APP : [ff fe fd 03 01 b0 70 c1 ff ]
02-19 21:13:12.157 D/K706RadioManager(17578): IMcuListener.onTransact: code=1 flags=16
02-19 21:13:12.158 D/K706RadioManager(17578): >>> IMcuListener.onMcuInfoChanged received! data=B0 70 
02-19 21:13:12.158 D/K706RadioManager(17578): MCU[0xB0] len=2 : B0 70 
02-19 21:13:12.158 D/K706RadioManager(17578): TunerInfo: flags=0x70 save=false AS=false finish=true valid=true ST=true LOC=false seek=false scan=false
02-19 21:13:12.160 D/TunerPresenter(15794): handleTunerRawData: b0 70 
02-19 21:13:12.161 D/TunerManagerForExt(15794): FMRadio main (TunerManagerForExt.java:108) onTunerInfoChanged: onTunerInfoChanged - flag: 112 - asFlag: 0 - psFlag: 0 - scanFlag: 0 - seekFlag: 0 - mStFlag: 1 - mLocFlag: 1 - mIsSearching: true - mTempSearching: false
02-19 21:13:12.161 D/TunerManagerForExt(15794): FMRadio main (TunerManagerForExt.java:118) onTunerInfoChanged: mIsSearching: false - mTempSearching: false - asFlag: 0 - seekFlag: 0
02-19 21:13:12.457 E/mcu_services( 5512): MCU2APP : [ff fe fd 03 01 b4 04 b1 ff ]
02-19 21:13:12.457 E/mcu_services( 5512): MCU2APP : [ff fe fd 04 01 b5 00 07 b3 ff ]
02-19 21:13:12.457 E/mcu_services( 5512): sendAckSuccess : [ff fd fe 02 02 b4 b6 ff ]
02-19 21:13:12.458 E/mcu_services( 5512): APP2MCU - writeToUart: [ff fd fe 02 02 b4 b6 ff ]
02-19 21:13:12.458 E/mcu_services( 5512): sendAckSuccess : [ff fd fe 02 02 b5 b7 ff ]
02-19 21:13:12.458 E/mcu_services( 5512): APP2MCU - writeToUart: [ff fd fe 02 02 b5 b7 ff ]
02-19 21:13:12.459 D/K706RadioManager(17578): IMcuListener.onTransact: code=1 flags=16
02-19 21:13:12.460 D/K706RadioManager(17578): >>> IMcuListener.onMcuInfoChanged received! data=B4 04 
02-19 21:13:12.460 D/K706RadioManager(17578): MCU[0xB4] len=2 : B4 04 
02-19 21:13:12.460 D/K706RadioManager(17578): RDS B4 Flags: 0x04
02-19 21:13:12.462 D/TunerPresenter(15794): handleTunerRawData: b4 4 
02-19 21:13:12.463 D/TunerManagerForExt(15794): FMRadio main (TunerManagerForExt.java:195) onTuneRdsIndicateInfo: onTuneRdsIndicateInfo - flag: 4 - mRdsSwitch: 1
02-19 21:13:12.464 D/K706RadioManager(17578): IMcuListener.onTransact: code=1 flags=16
02-19 21:13:12.464 D/K706RadioManager(17578): >>> IMcuListener.onMcuInfoChanged received! data=B5 00 07 
02-19 21:13:12.464 D/K706RadioManager(17578): MCU[0xB5] len=3 : B5 00 07 
02-19 21:13:12.464 D/K706RadioManager(17578): RDS PTY (0xB5): 0
02-19 21:13:12.466 D/TunerPresenter(15794): handleTunerRawData: b5 0 7 
02-19 21:13:12.466 D/TunerManagerForExt(15794): FMRadio main (TunerManagerForExt.java:220) onTuneRdsPtyTypeInfo: onTuneRdsPtyTypeInfo - mRdsPtyType: 0
02-19 21:13:12.653 E/mcu_services( 5512): MCU2APP : [ff fe fd 03 01 29 6d 45 ff ]
02-19 21:13:12.655 D/K706RadioManager(17578): IMcuListener.onTransact: code=1 flags=16
02-19 21:13:12.656 D/K706RadioManager(17578): >>> IMcuListener.onMcuInfoChanged received! data=29 6D 
02-19 21:13:12.656 D/K706RadioManager(17578): MCU[0x29] len=2 : 29 6D 
02-19 21:13:12.656 D/K706RadioManager(17578): Unknown MCU packet type: 0x29
02-19 21:13:13.249 E/mcu_services( 5512): APP2MCU - writeToUartNormal : [ff fd fe 05 01 a0 07 01 00 a7 ff ]
02-19 21:13:13.250 D/K706RadioManager(17578): CMD Enviado: sub=0x07 p1=0x01 p2=0x00
02-19 21:13:13.250 D/K706RadioManager(17578): DX/Local toggle -> LOCAL
02-19 21:13:13.349 E/mcu_services( 5512): MCU2APP : [ff fe fd 03 01 b0 50 e1 ff ]
02-19 21:13:13.350 D/K706RadioManager(17578): IMcuListener.onTransact: code=1 flags=16
02-19 21:13:13.350 D/K706RadioManager(17578): >>> IMcuListener.onMcuInfoChanged received! data=B0 50 
02-19 21:13:13.350 D/K706RadioManager(17578): MCU[0xB0] len=2 : B0 50 
02-19 21:13:13.351 D/K706RadioManager(17578): TunerInfo: flags=0x50 save=false AS=false finish=true valid=false ST=true LOC=false seek=false scan=false
02-19 21:13:13.353 D/TunerPresenter(15794): handleTunerRawData: b0 50 
02-19 21:13:13.353 D/TunerManagerForExt(15794): FMRadio main (TunerManagerForExt.java:108) onTunerInfoChanged: onTunerInfoChanged - flag: 80 - asFlag: 0 - psFlag: 0 - scanFlag: 0 - seekFlag: 0 - mStFlag: 1 - mLocFlag: 0 - mIsSearching: false - mTempSearching: false
02-19 21:13:13.353 D/TunerManagerForExt(15794): FMRadio main (TunerManagerForExt.java:118) onTunerInfoChanged: mIsSearching: false - mTempSearching: false - asFlag: 0 - seekFlag: 0
02-19 21:13:14.642 E/mcu_services( 5512): MCU2APP : [ff fe fd 03 01 29 6d 45 ff ]
02-19 21:13:14.644 D/K706RadioManager(17578): IMcuListener.onTransact: code=1 flags=16
02-19 21:13:14.645 D/K706RadioManager(17578): >>> IMcuListener.onMcuInfoChanged received! data=29 6D 
02-19 21:13:14.645 D/K706RadioManager(17578): MCU[0x29] len=2 : 29 6D 
02-19 21:13:14.645 D/K706RadioManager(17578): Unknown MCU packet type: 0x29
02-19 21:13:16.630 E/mcu_services( 5512): MCU2APP : [ff fe fd 03 01 29 6d 45 ff ]
02-19 21:13:16.632 D/K706RadioManager(17578): IMcuListener.onTransact: code=1 flags=16
02-19 21:13:16.633 D/K706RadioManager(17578): >>> IMcuListener.onMcuInfoChanged received! data=29 6D 
02-19 21:13:16.634 D/K706RadioManager(17578): MCU[0x29] len=2 : 29 6D 
02-19 21:13:16.634 D/K706RadioManager(17578): Unknown MCU packet type: 0x29
02-19 21:13:18.481 E/mcu_services( 5512): APP2MCU - writeToUartNormal : [ff fd fe 05 01 a0 01 00 00 a0 ff ]
02-19 21:13:18.482 D/K706RadioManager(17578): CMD Enviado: sub=0x01 p1=0x00 p2=0x00
02-19 21:13:18.482 D/K706RadioManager(17578): Seek UP iniciado
02-19 21:13:18.555 E/mcu_services( 5512): MCU2APP : [ff fe fd 12 01 b1 00 00 26 89 22 38 23 32 23 aa 23 be 24 04 24 36 32 ff ]
02-19 21:13:18.555 E/mcu_services( 5512): MCU2APP : [ff fe fd 03 01 b0 58 e9 ff ]
02-19 21:13:18.558 D/K706RadioManager(17578): IMcuListener.onTransact: code=1 flags=16
02-19 21:13:18.560 D/K706RadioManager(17578): >>> IMcuListener.onMcuInfoChanged received! data=B1 00 00 26 89 22 38 23 32 23 AA 23 BE 24 04 24 36 
02-19 21:13:18.562 D/K706RadioManager(17578): MCU[0xB1] len=17 : B1 00 00 26 89 22 38 23 32 23 AA 23 BE 24 04 24 36 
02-19 21:13:18.562 D/K706RadioManager(17578): PresetList: band=0 presetIdx=0 currentFreq=9865 firstFreq=9865 (offset=3)
02-19 21:13:18.562 D/K706RadioManager(17578): >>> FREQ: 98600 -> 98650 (MCU=9865, 98,65 MHz)
02-19 21:13:18.565 D/TunerPresenter(15794): handleTunerRawData: b1 0 0 26 89 22 38 23 32 23 aa 23 be 24 4 24 36 
02-19 21:13:18.566 D/TunerManagerForExt(15794): FMRadio main (TunerManagerForExt.java:147) onTunerPresetListChanged:  - mBand: 0 - mPresetIndex: 0 - mFrequency: 9865 - index: 0 - preset: 8760 - index: 1 - preset: 9010 - index: 2 - preset: 9130 - index: 3 - preset: 9150 - index: 4 - preset: 9220 - index: 5 - preset: 9270
02-19 21:13:18.566 D/K706RadioManager(17578): IMcuListener.onTransact: code=1 flags=16
02-19 21:13:18.566 D/K706RadioManager(17578): >>> IMcuListener.onMcuInfoChanged received! data=B0 58 
02-19 21:13:18.567 D/K706RadioManager(17578): MCU[0xB0] len=2 : B0 58 
02-19 21:13:18.567 D/K706RadioManager(17578): TunerInfo: flags=0x58 save=false AS=true finish=true valid=false ST=true LOC=false seek=false scan=false
02-19 21:13:18.593 D/TunerPresenter(15794): handleTunerRawData: b0 58 
02-19 21:13:18.593 D/TunerManagerForExt(15794): FMRadio main (TunerManagerForExt.java:108) onTunerInfoChanged: onTunerInfoChanged - flag: 88 - asFlag: 0 - psFlag: 0 - scanFlag: 0 - seekFlag: 1 - mStFlag: 1 - mLocFlag: 0 - mIsSearching: false - mTempSearching: false
02-19 21:13:18.593 D/TunerManagerForExt(15794): FMRadio main (TunerManagerForExt.java:118) onTunerInfoChanged: mIsSearching: true - mTempSearching: false - asFlag: 0 - seekFlag: 1
02-19 21:13:18.601 E/mcu_services( 5512): MCU2APP : [ff fe fd 12 01 b1 00 00 26 8e 22 38 23 32 23 aa 23 be 24 04 24 36 35 ff ]
02-19 21:13:18.604 D/K706RadioManager(17578): IMcuListener.onTransact: code=1 flags=16
02-19 21:13:18.605 D/K706RadioManager(17578): >>> IMcuListener.onMcuInfoChanged received! data=B1 00 00 26 8E 22 38 23 32 23 AA 23 BE 24 04 24 36 
02-19 21:13:18.606 D/K706RadioManager(17578): MCU[0xB1] len=17 : B1 00 00 26 8E 22 38 23 32 23 AA 23 BE 24 04 24 36 
02-19 21:13:18.606 D/K706RadioManager(17578): PresetList: band=0 presetIdx=0 currentFreq=9870 firstFreq=9870 (offset=3)
02-19 21:13:18.608 D/K706RadioManager(17578): >>> FREQ: 98650 -> 98700 (MCU=9870, 98,70 MHz)
02-19 21:13:18.611 D/TunerPresenter(15794): handleTunerRawData: b1 0 0 26 8e 22 38 23 32 23 aa 23 be 24 4 24 36 
02-19 21:13:18.615 D/TunerManagerForExt(15794): FMRadio main (TunerManagerForExt.java:147) onTunerPresetListChanged:  - mBand: 0 - mPresetIndex: 0 - mFrequency: 9870 - index: 0 - preset: 8760 - index: 1 - preset: 9010 - index: 2 - preset: 9130 - index: 3 - preset: 9150 - index: 4 - preset: 9220 - index: 5 - preset: 9270
02-19 21:13:18.651 E/mcu_services( 5512): MCU2APP : [ff fe fd 12 01 b1 00 00 26 93 22 38 23 32 23 aa 23 be 24 04 24 36 28 ff ]
02-19 21:13:18.652 D/K706RadioManager(17578): IMcuListener.onTransact: code=1 flags=16
02-19 21:13:18.653 D/K706RadioManager(17578): >>> IMcuListener.onMcuInfoChanged received! data=B1 00 00 26 93 22 38 23 32 23 AA 23 BE 24 04 24 36 
02-19 21:13:18.654 D/K706RadioManager(17578): MCU[0xB1] len=17 : B1 00 00 26 93 22 38 23 32 23 AA 23 BE 24 04 24 36 
02-19 21:13:18.654 D/K706RadioManager(17578): PresetList: band=0 presetIdx=0 currentFreq=9875 firstFreq=9875 (offset=3)
02-19 21:13:18.654 D/K706RadioManager(17578): >>> FREQ: 98700 -> 98750 (MCU=9875, 98,75 MHz)
02-19 21:13:18.658 D/TunerPresenter(15794): handleTunerRawData: b1 0 0 26 93 22 38 23 32 23 aa 23 be 24 4 24 36 
02-19 21:13:18.661 D/TunerManagerForExt(15794): FMRadio main (TunerManagerForExt.java:147) onTunerPresetListChanged:  - mBand: 0 - mPresetIndex: 0 - mFrequency: 9875 - index: 0 - preset: 8760 - index: 1 - preset: 9010 - index: 2 - preset: 9130 - index: 3 - preset: 9150 - index: 4 - preset: 9220 - index: 5 - preset: 9270
02-19 21:13:18.668 E/mcu_services( 5512): MCU2APP : [ff fe fd 03 01 29 6d 45 ff ]
02-19 21:13:18.669 D/K706RadioManager(17578): IMcuListener.onTransact: code=1 flags=16
02-19 21:13:18.670 D/K706RadioManager(17578): >>> IMcuListener.onMcuInfoChanged received! data=29 6D 
02-19 21:13:18.670 D/K706RadioManager(17578): MCU[0x29] len=2 : 29 6D 
02-19 21:13:18.670 D/K706RadioManager(17578): Unknown MCU packet type: 0x29
02-19 21:13:18.700 E/mcu_services( 5512): MCU2APP : [ff fe fd 12 01 b1 00 00 26 98 22 38 23 32 23 aa 23 be 24 04 24 36 23 ff ]
02-19 21:13:18.701 D/K706RadioManager(17578): IMcuListener.onTransact: code=1 flags=16
02-19 21:13:18.703 D/K706RadioManager(17578): >>> IMcuListener.onMcuInfoChanged received! data=B1 00 00 26 98 22 38 23 32 23 AA 23 BE 24 04 24 36 
02-19 21:13:18.703 D/K706RadioManager(17578): MCU[0xB1] len=17 : B1 00 00 26 98 22 38 23 32 23 AA 23 BE 24 04 24 36 
02-19 21:13:18.703 D/K706RadioManager(17578): PresetList: band=0 presetIdx=0 currentFreq=9880 firstFreq=9880 (offset=3)
02-19 21:13:18.704 D/K706RadioManager(17578): >>> FREQ: 98750 -> 98800 (MCU=9880, 98,80 MHz)
02-19 21:13:18.705 D/TunerPresenter(15794): handleTunerRawData: b1 0 0 26 98 22 38 23 32 23 aa 23 be 24 4 24 36 
02-19 21:13:18.708 D/TunerManagerForExt(15794): FMRadio main (TunerManagerForExt.java:147) onTunerPresetListChanged:  - mBand: 0 - mPresetIndex: 0 - mFrequency: 9880 - index: 0 - preset: 8760 - index: 1 - preset: 9010 - index: 2 - preset: 9130 - index: 3 - preset: 9150 - index: 4 - preset: 9220 - index: 5 - preset: 9270
02-19 21:13:18.750 E/mcu_services( 5512): MCU2APP : [ff fe fd 12 01 b1 00 00 26 9d 22 38 23 32 23 aa 23 be 24 04 24 36 26 ff ]
02-19 21:13:18.751 D/K706RadioManager(17578): IMcuListener.onTransact: code=1 flags=16
02-19 21:13:18.752 D/K706RadioManager(17578): >>> IMcuListener.onMcuInfoChanged received! data=B1 00 00 26 9D 22 38 23 32 23 AA 23 BE 24 04 24 36 
02-19 21:13:18.753 D/K706RadioManager(17578): MCU[0xB1] len=17 : B1 00 00 26 9D 22 38 23 32 23 AA 23 BE 24 04 24 36 
02-19 21:13:18.753 D/K706RadioManager(17578): PresetList: band=0 presetIdx=0 currentFreq=9885 firstFreq=9885 (offset=3)
02-19 21:13:18.754 D/K706RadioManager(17578): >>> FREQ: 98800 -> 98850 (MCU=9885, 98,85 MHz)
02-19 21:13:18.755 D/TunerPresenter(15794): handleTunerRawData: b1 0 0 26 9d 22 38 23 32 23 aa 23 be 24 4 24 36 
02-19 21:13:18.758 D/TunerManagerForExt(15794): FMRadio main (TunerManagerForExt.java:147) onTunerPresetListChanged:  - mBand: 0 - mPresetIndex: 0 - mFrequency: 9885 - index: 0 - preset: 8760 - index: 1 - preset: 9010 - index: 2 - preset: 9130 - index: 3 - preset: 9150 - index: 4 - preset: 9220 - index: 5 - preset: 9270
02-19 21:13:18.799 E/mcu_services( 5512): MCU2APP : [ff fe fd 12 01 b1 00 00 26 a2 22 38 23 32 23 aa 23 be 24 04 24 36 19 ff ]
02-19 21:13:18.801 D/K706RadioManager(17578): IMcuListener.onTransact: code=1 flags=16
02-19 21:13:18.802 D/K706RadioManager(17578): >>> IMcuListener.onMcuInfoChanged received! data=B1 00 00 26 A2 22 38 23 32 23 AA 23 BE 24 04 24 36 
02-19 21:13:18.803 D/K706RadioManager(17578): MCU[0xB1] len=17 : B1 00 00 26 A2 22 38 23 32 23 AA 23 BE 24 04 24 36 
02-19 21:13:18.803 D/K706RadioManager(17578): PresetList: band=0 presetIdx=0 currentFreq=9890 firstFreq=9890 (offset=3)
02-19 21:13:18.803 D/K706RadioManager(17578): >>> FREQ: 98850 -> 98900 (MCU=9890, 98,90 MHz)
02-19 21:13:18.805 D/TunerPresenter(15794): handleTunerRawData: b1 0 0 26 a2 22 38 23 32 23 aa 23 be 24 4 24 36 
02-19 21:13:18.807 D/TunerManagerForExt(15794): FMRadio main (TunerManagerForExt.java:147) onTunerPresetListChanged:  - mBand: 0 - mPresetIndex: 0 - mFrequency: 9890 - index: 0 - preset: 8760 - index: 1 - preset: 9010 - index: 2 - preset: 9130 - index: 3 - preset: 9150 - index: 4 - preset: 9220 - index: 5 - preset: 9270
02-19 21:13:18.849 E/mcu_services( 5512): MCU2APP : [ff fe fd 12 01 b1 00 00 26 a7 22 38 23 32 23 aa 23 be 24 04 24 36 1c ff ]
02-19 21:13:18.851 D/K706RadioManager(17578): IMcuListener.onTransact: code=1 flags=16
02-19 21:13:18.854 D/K706RadioManager(17578): >>> IMcuListener.onMcuInfoChanged received! data=B1 00 00 26 A7 22 38 23 32 23 AA 23 BE 24 04 24 36 
02-19 21:13:18.856 D/K706RadioManager(17578): MCU[0xB1] len=17 : B1 00 00 26 A7 22 38 23 32 23 AA 23 BE 24 04 24 36 
02-19 21:13:18.856 D/K706RadioManager(17578): PresetList: band=0 presetIdx=0 currentFreq=9895 firstFreq=9895 (offset=3)
02-19 21:13:18.856 D/K706RadioManager(17578): >>> FREQ: 98900 -> 98950 (MCU=9895, 98,95 MHz)
02-19 21:13:18.859 D/TunerPresenter(15794): handleTunerRawData: b1 0 0 26 a7 22 38 23 32 23 aa 23 be 24 4 24 36 
02-19 21:13:18.862 D/TunerManagerForExt(15794): FMRadio main (TunerManagerForExt.java:147) onTunerPresetListChanged:  - mBand: 0 - mPresetIndex: 0 - mFrequency: 9895 - index: 0 - preset: 8760 - index: 1 - preset: 9010 - index: 2 - preset: 9130 - index: 3 - preset: 9150 - index: 4 - preset: 9220 - index: 5 - preset: 9270
02-19 21:13:18.899 E/mcu_services( 5512): MCU2APP : [ff fe fd 12 01 b1 00 00 26 ac 22 38 23 32 23 aa 23 be 24 04 24 36 17 ff ]
02-19 21:13:18.901 D/K706RadioManager(17578): IMcuListener.onTransact: code=1 flags=16
02-19 21:13:18.903 D/K706RadioManager(17578): >>> IMcuListener.onMcuInfoChanged received! data=B1 00 00 26 AC 22 38 23 32 23 AA 23 BE 24 04 24 36 
02-19 21:13:18.905 D/K706RadioManager(17578): MCU[0xB1] len=17 : B1 00 00 26 AC 22 38 23 32 23 AA 23 BE 24 04 24 36 
02-19 21:13:18.905 D/K706RadioManager(17578): PresetList: band=0 presetIdx=0 currentFreq=9900 firstFreq=9900 (offset=3)
02-19 21:13:18.905 D/K706RadioManager(17578): >>> FREQ: 98950 -> 99000 (MCU=9900, 99,00 MHz)
02-19 21:13:18.907 D/TunerPresenter(15794): handleTunerRawData: b1 0 0 26 ac 22 38 23 32 23 aa 23 be 24 4 24 36 
02-19 21:13:18.910 D/TunerManagerForExt(15794): FMRadio main (TunerManagerForExt.java:147) onTunerPresetListChanged:  - mBand: 0 - mPresetIndex: 0 - mFrequency: 9900 - index: 0 - preset: 8760 - index: 1 - preset: 9010 - index: 2 - preset: 9130 - index: 3 - preset: 9150 - index: 4 - preset: 9220 - index: 5 - preset: 9270
02-19 21:13:18.949 E/mcu_services( 5512): MCU2APP : [ff fe fd 12 01 b1 00 00 26 b1 22 38 23 32 23 aa 23 be 24 04 24 36 0a ff ]
02-19 21:13:18.950 D/K706RadioManager(17578): IMcuListener.onTransact: code=1 flags=16
02-19 21:13:18.951 D/K706RadioManager(17578): >>> IMcuListener.onMcuInfoChanged received! data=B1 00 00 26 B1 22 38 23 32 23 AA 23 BE 24 04 24 36 
02-19 21:13:18.952 D/K706RadioManager(17578): MCU[0xB1] len=17 : B1 00 00 26 B1 22 38 23 32 23 AA 23 BE 24 04 24 36 
02-19 21:13:18.952 D/K706RadioManager(17578): PresetList: band=0 presetIdx=0 currentFreq=9905 firstFreq=9905 (offset=3)
02-19 21:13:18.953 D/K706RadioManager(17578): >>> FREQ: 99000 -> 99050 (MCU=9905, 99,05 MHz)
02-19 21:13:18.954 D/TunerPresenter(15794): handleTunerRawData: b1 0 0 26 b1 22 38 23 32 23 aa 23 be 24 4 24 36 
02-19 21:13:18.957 D/TunerManagerForExt(15794): FMRadio main (TunerManagerForExt.java:147) onTunerPresetListChanged:  - mBand: 0 - mPresetIndex: 0 - mFrequency: 9905 - index: 0 - preset: 8760 - index: 1 - preset: 9010 - index: 2 - preset: 9130 - index: 3 - preset: 9150 - index: 4 - preset: 9220 - index: 5 - preset: 9270
02-19 21:13:18.998 E/mcu_services( 5512): MCU2APP : [ff fe fd 12 01 b1 00 00 26 b6 22 38 23 32 23 aa 23 be 24 04 24 36 0d ff ]
02-19 21:13:19.000 D/K706RadioManager(17578): IMcuListener.onTransact: code=1 flags=16
02-19 21:13:19.001 D/K706RadioManager(17578): >>> IMcuListener.onMcuInfoChanged received! data=B1 00 00 26 B6 22 38 23 32 23 AA 23 BE 24 04 24 36 
02-19 21:13:19.002 D/K706RadioManager(17578): MCU[0xB1] len=17 : B1 00 00 26 B6 22 38 23 32 23 AA 23 BE 24 04 24 36 
02-19 21:13:19.002 D/K706RadioManager(17578): PresetList: band=0 presetIdx=0 currentFreq=9910 firstFreq=9910 (offset=3)
02-19 21:13:19.002 D/K706RadioManager(17578): >>> FREQ: 99050 -> 99100 (MCU=9910, 99,10 MHz)
02-19 21:13:19.004 D/TunerPresenter(15794): handleTunerRawData: b1 0 0 26 b6 22 38 23 32 23 aa 23 be 24 4 24 36 
02-19 21:13:19.007 D/TunerManagerForExt(15794): FMRadio main (TunerManagerForExt.java:147) onTunerPresetListChanged:  - mBand: 0 - mPresetIndex: 0 - mFrequency: 9910 - index: 0 - preset: 8760 - index: 1 - preset: 9010 - index: 2 - preset: 9130 - index: 3 - preset: 9150 - index: 4 - preset: 9220 - index: 5 - preset: 9270
02-19 21:13:19.048 E/mcu_services( 5512): MCU2APP : [ff fe fd 12 01 b1 00 00 26 bb 22 38 23 32 23 aa 23 be 24 04 24 36 00 ff ]
02-19 21:13:19.051 D/K706RadioManager(17578): IMcuListener.onTransact: code=1 flags=16
02-19 21:13:19.052 D/K706RadioManager(17578): >>> IMcuListener.onMcuInfoChanged received! data=B1 00 00 26 BB 22 38 23 32 23 AA 23 BE 24 04 24 36 
02-19 21:13:19.053 D/K706RadioManager(17578): MCU[0xB1] len=17 : B1 00 00 26 BB 22 38 23 32 23 AA 23 BE 24 04 24 36 
02-19 21:13:19.053 D/K706RadioManager(17578): PresetList: band=0 presetIdx=0 currentFreq=9915 firstFreq=9915 (offset=3)
02-19 21:13:19.053 D/K706RadioManager(17578): >>> FREQ: 99100 -> 99150 (MCU=9915, 99,15 MHz)
02-19 21:13:19.056 D/TunerPresenter(15794): handleTunerRawData: b1 0 0 26 bb 22 38 23 32 23 aa 23 be 24 4 24 36 
02-19 21:13:19.058 D/TunerManagerForExt(15794): FMRadio main (TunerManagerForExt.java:147) onTunerPresetListChanged:  - mBand: 0 - mPresetIndex: 0 - mFrequency: 9915 - index: 0 - preset: 8760 - index: 1 - preset: 9010 - index: 2 - preset: 9130 - index: 3 - preset: 9150 - index: 4 - preset: 9220 - index: 5 - preset: 9270
02-19 21:13:19.098 E/mcu_services( 5512): MCU2APP : [ff fe fd 12 01 b1 00 00 26 c0 22 38 23 32 23 aa 23 be 24 04 24 36 7b ff ]
02-19 21:13:19.100 D/K706RadioManager(17578): IMcuListener.onTransact: code=1 flags=16
02-19 21:13:19.102 D/K706RadioManager(17578): >>> IMcuListener.onMcuInfoChanged received! data=B1 00 00 26 C0 22 38 23 32 23 AA 23 BE 24 04 24 36 
02-19 21:13:19.102 D/K706RadioManager(17578): MCU[0xB1] len=17 : B1 00 00 26 C0 22 38 23 32 23 AA 23 BE 24 04 24 36 
02-19 21:13:19.103 D/K706RadioManager(17578): PresetList: band=0 presetIdx=0 currentFreq=9920 firstFreq=9920 (offset=3)
02-19 21:13:19.103 D/K706RadioManager(17578): >>> FREQ: 99150 -> 99200 (MCU=9920, 99,20 MHz)
02-19 21:13:19.105 D/TunerPresenter(15794): handleTunerRawData: b1 0 0 26 c0 22 38 23 32 23 aa 23 be 24 4 24 36 
02-19 21:13:19.107 D/TunerManagerForExt(15794): FMRadio main (TunerManagerForExt.java:147) onTunerPresetListChanged:  - mBand: 0 - mPresetIndex: 0 - mFrequency: 9920 - index: 0 - preset: 8760 - index: 1 - preset: 9010 - index: 2 - preset: 9130 - index: 3 - preset: 9150 - index: 4 - preset: 9220 - index: 5 - preset: 9270
02-19 21:13:19.148 E/mcu_services( 5512): MCU2APP : [ff fe fd 12 01 b1 00 00 26 c5 22 38 23 32 23 aa 23 be 24 04 24 36 7e ff ]
02-19 21:13:19.149 D/K706RadioManager(17578): IMcuListener.onTransact: code=1 flags=16
02-19 21:13:19.151 D/K706RadioManager(17578): >>> IMcuListener.onMcuInfoChanged received! data=B1 00 00 26 C5 22 38 23 32 23 AA 23 BE 24 04 24 36 
02-19 21:13:19.151 D/K706RadioManager(17578): MCU[0xB1] len=17 : B1 00 00 26 C5 22 38 23 32 23 AA 23 BE 24 04 24 36 
02-19 21:13:19.151 D/K706RadioManager(17578): PresetList: band=0 presetIdx=0 currentFreq=9925 firstFreq=9925 (offset=3)
02-19 21:13:19.152 D/K706RadioManager(17578): >>> FREQ: 99200 -> 99250 (MCU=9925, 99,25 MHz)
02-19 21:13:19.154 D/TunerPresenter(15794): handleTunerRawData: b1 0 0 26 c5 22 38 23 32 23 aa 23 be 24 4 24 36 
02-19 21:13:19.157 D/TunerManagerForExt(15794): FMRadio main (TunerManagerForExt.java:147) onTunerPresetListChanged:  - mBand: 0 - mPresetIndex: 0 - mFrequency: 9925 - index: 0 - preset: 8760 - index: 1 - preset: 9010 - index: 2 - preset: 9130 - index: 3 - preset: 9150 - index: 4 - preset: 9220 - index: 5 - preset: 9270
02-19 21:13:19.197 E/mcu_services( 5512): MCU2APP : [ff fe fd 12 01 b1 00 00 26 ca 22 38 23 32 23 aa 23 be 24 04 24 36 71 ff ]
02-19 21:13:19.198 D/K706RadioManager(17578): IMcuListener.onTransact: code=1 flags=16
02-19 21:13:19.200 D/K706RadioManager(17578): >>> IMcuListener.onMcuInfoChanged received! data=B1 00 00 26 CA 22 38 23 32 23 AA 23 BE 24 04 24 36 
02-19 21:13:19.200 D/K706RadioManager(17578): MCU[0xB1] len=17 : B1 00 00 26 CA 22 38 23 32 23 AA 23 BE 24 04 24 36 
02-19 21:13:19.200 D/K706RadioManager(17578): PresetList: band=0 presetIdx=0 currentFreq=9930 firstFreq=9930 (offset=3)
02-19 21:13:19.201 D/K706RadioManager(17578): >>> FREQ: 99250 -> 99300 (MCU=9930, 99,30 MHz)
02-19 21:13:19.203 D/TunerPresenter(15794): handleTunerRawData: b1 0 0 26 ca 22 38 23 32 23 aa 23 be 24 4 24 36 
02-19 21:13:19.206 D/TunerManagerForExt(15794): FMRadio main (TunerManagerForExt.java:147) onTunerPresetListChanged:  - mBand: 0 - mPresetIndex: 0 - mFrequency: 9930 - index: 0 - preset: 8760 - index: 1 - preset: 9010 - index: 2 - preset: 9130 - index: 3 - preset: 9150 - index: 4 - preset: 9220 - index: 5 - preset: 9270
02-19 21:13:19.247 E/mcu_services( 5512): MCU2APP : [ff fe fd 12 01 b1 00 00 26 cf 22 38 23 32 23 aa 23 be 24 04 24 36 74 ff ]
02-19 21:13:19.249 D/K706RadioManager(17578): IMcuListener.onTransact: code=1 flags=16
02-19 21:13:19.250 D/K706RadioManager(17578): >>> IMcuListener.onMcuInfoChanged received! data=B1 00 00 26 CF 22 38 23 32 23 AA 23 BE 24 04 24 36 
02-19 21:13:19.251 D/K706RadioManager(17578): MCU[0xB1] len=17 : B1 00 00 26 CF 22 38 23 32 23 AA 23 BE 24 04 24 36 
02-19 21:13:19.252 D/K706RadioManager(17578): PresetList: band=0 presetIdx=0 currentFreq=9935 firstFreq=9935 (offset=3)
02-19 21:13:19.252 D/K706RadioManager(17578): >>> FREQ: 99300 -> 99350 (MCU=9935, 99,35 MHz)
02-19 21:13:19.254 D/TunerPresenter(15794): handleTunerRawData: b1 0 0 26 cf 22 38 23 32 23 aa 23 be 24 4 24 36 
02-19 21:13:19.257 D/TunerManagerForExt(15794): FMRadio main (TunerManagerForExt.java:147) onTunerPresetListChanged:  - mBand: 0 - mPresetIndex: 0 - mFrequency: 9935 - index: 0 - preset: 8760 - index: 1 - preset: 9010 - index: 2 - preset: 9130 - index: 3 - preset: 9150 - index: 4 - preset: 9220 - index: 5 - preset: 9270
02-19 21:13:19.297 E/mcu_services( 5512): MCU2APP : [ff fe fd 12 01 b1 00 00 26 d4 22 38 23 32 23 aa 23 be 24 04 24 36 6f ff ]
02-19 21:13:19.298 D/K706RadioManager(17578): IMcuListener.onTransact: code=1 flags=16
02-19 21:13:19.299 D/K706RadioManager(17578): >>> IMcuListener.onMcuInfoChanged received! data=B1 00 00 26 D4 22 38 23 32 23 AA 23 BE 24 04 24 36 
02-19 21:13:19.300 D/K706RadioManager(17578): MCU[0xB1] len=17 : B1 00 00 26 D4 22 38 23 32 23 AA 23 BE 24 04 24 36 
02-19 21:13:19.300 D/K706RadioManager(17578): PresetList: band=0 presetIdx=0 currentFreq=9940 firstFreq=9940 (offset=3)
02-19 21:13:19.300 D/K706RadioManager(17578): >>> FREQ: 99350 -> 99400 (MCU=9940, 99,40 MHz)
02-19 21:13:19.302 D/TunerPresenter(15794): handleTunerRawData: b1 0 0 26 d4 22 38 23 32 23 aa 23 be 24 4 24 36 
02-19 21:13:19.305 D/TunerManagerForExt(15794): FMRadio main (TunerManagerForExt.java:147) onTunerPresetListChanged:  - mBand: 0 - mPresetIndex: 0 - mFrequency: 9940 - index: 0 - preset: 8760 - index: 1 - preset: 9010 - index: 2 - preset: 9130 - index: 3 - preset: 9150 - index: 4 - preset: 9220 - index: 5 - preset: 9270
02-19 21:13:19.347 E/mcu_services( 5512): MCU2APP : [ff fe fd 12 01 b1 00 00 26 d9 22 38 23 32 23 aa 23 be 24 04 24 36 62 ff ]
02-19 21:13:19.348 D/K706RadioManager(17578): IMcuListener.onTransact: code=1 flags=16
02-19 21:13:19.350 D/K706RadioManager(17578): >>> IMcuListener.onMcuInfoChanged received! data=B1 00 00 26 D9 22 38 23 32 23 AA 23 BE 24 04 24 36 
02-19 21:13:19.351 D/K706RadioManager(17578): MCU[0xB1] len=17 : B1 00 00 26 D9 22 38 23 32 23 AA 23 BE 24 04 24 36 
02-19 21:13:19.351 D/K706RadioManager(17578): PresetList: band=0 presetIdx=0 currentFreq=9945 firstFreq=9945 (offset=3)
02-19 21:13:19.351 D/K706RadioManager(17578): >>> FREQ: 99400 -> 99450 (MCU=9945, 99,45 MHz)
02-19 21:13:19.353 D/TunerPresenter(15794): handleTunerRawData: b1 0 0 26 d9 22 38 23 32 23 aa 23 be 24 4 24 36 
02-19 21:13:19.356 D/TunerManagerForExt(15794): FMRadio main (TunerManagerForExt.java:147) onTunerPresetListChanged:  - mBand: 0 - mPresetIndex: 0 - mFrequency: 9945 - index: 0 - preset: 8760 - index: 1 - preset: 9010 - index: 2 - preset: 9130 - index: 3 - preset: 9150 - index: 4 - preset: 9220 - index: 5 - preset: 9270
02-19 21:13:19.396 E/mcu_services( 5512): MCU2APP : [ff fe fd 12 01 b1 00 00 26 de 22 38 23 32 23 aa 23 be 24 04 24 36 65 ff ]
02-19 21:13:19.398 D/K706RadioManager(17578): IMcuListener.onTransact: code=1 flags=16
02-19 21:13:19.399 D/K706RadioManager(17578): >>> IMcuListener.onMcuInfoChanged received! data=B1 00 00 26 DE 22 38 23 32 23 AA 23 BE 24 04 24 36 
02-19 21:13:19.400 D/K706RadioManager(17578): MCU[0xB1] len=17 : B1 00 00 26 DE 22 38 23 32 23 AA 23 BE 24 04 24 36 
02-19 21:13:19.400 D/K706RadioManager(17578): PresetList: band=0 presetIdx=0 currentFreq=9950 firstFreq=9950 (offset=3)
02-19 21:13:19.401 D/K706RadioManager(17578): >>> FREQ: 99450 -> 99500 (MCU=9950, 99,50 MHz)
02-19 21:13:19.403 D/TunerPresenter(15794): handleTunerRawData: b1 0 0 26 de 22 38 23 32 23 aa 23 be 24 4 24 36 
02-19 21:13:19.406 D/TunerManagerForExt(15794): FMRadio main (TunerManagerForExt.java:147) onTunerPresetListChanged:  - mBand: 0 - mPresetIndex: 0 - mFrequency: 9950 - index: 0 - preset: 8760 - index: 1 - preset: 9010 - index: 2 - preset: 9130 - index: 3 - preset: 9150 - index: 4 - preset: 9220 - index: 5 - preset: 9270
02-19 21:13:19.439 E/mcu_services( 5512): MCU2APP : [ff fe fd 12 01 b1 00 00 26 de 22 38 23 32 23 aa 23 be 24 04 24 36 65 ff ]
02-19 21:13:19.442 D/K706RadioManager(17578): IMcuListener.onTransact: code=1 flags=16
02-19 21:13:19.443 D/K706RadioManager(17578): >>> IMcuListener.onMcuInfoChanged received! data=B1 00 00 26 DE 22 38 23 32 23 AA 23 BE 24 04 24 36 
02-19 21:13:19.444 D/K706RadioManager(17578): MCU[0xB1] len=17 : B1 00 00 26 DE 22 38 23 32 23 AA 23 BE 24 04 24 36 
02-19 21:13:19.444 D/K706RadioManager(17578): PresetList: band=0 presetIdx=0 currentFreq=9950 firstFreq=9950 (offset=3)
02-19 21:13:19.447 D/TunerPresenter(15794): handleTunerRawData: b1 0 0 26 de 22 38 23 32 23 aa 23 be 24 4 24 36 
02-19 21:13:19.450 D/TunerManagerForExt(15794): FMRadio main (TunerManagerForExt.java:147) onTunerPresetListChanged:  - mBand: 0 - mPresetIndex: 0 - mFrequency: 9950 - index: 0 - preset: 8760 - index: 1 - preset: 9010 - index: 2 - preset: 9130 - index: 3 - preset: 9150 - index: 4 - preset: 9220 - index: 5 - preset: 9270
02-19 21:13:19.511 E/mcu_services( 5512): MCU2APP : [ff fe fd 12 01 b1 00 00 26 de 22 38 23 32 23 aa 23 be 24 04 24 36 65 ff ]
02-19 21:13:19.511 E/mcu_services( 5512): MCU2APP : [ff fe fd 03 01 b4 00 b5 ff ]
02-19 21:13:19.511 E/mcu_services( 5512): sendAckSuccess : [ff fd fe 02 02 b4 b6 ff ]
02-19 21:13:19.511 E/mcu_services( 5512): APP2MCU - writeToUart: [ff fd fe 02 02 b4 b6 ff ]
02-19 21:13:19.513 D/K706RadioManager(17578): IMcuListener.onTransact: code=1 flags=16
02-19 21:13:19.514 D/K706RadioManager(17578): >>> IMcuListener.onMcuInfoChanged received! data=B1 00 00 26 DE 22 38 23 32 23 AA 23 BE 24 04 24 36 
02-19 21:13:19.515 D/K706RadioManager(17578): MCU[0xB1] len=17 : B1 00 00 26 DE 22 38 23 32 23 AA 23 BE 24 04 24 36 
02-19 21:13:19.515 D/K706RadioManager(17578): PresetList: band=0 presetIdx=0 currentFreq=9950 firstFreq=9950 (offset=3)
02-19 21:13:19.518 D/TunerPresenter(15794): handleTunerRawData: b1 0 0 26 de 22 38 23 32 23 aa 23 be 24 4 24 36 
02-19 21:13:19.519 D/K706RadioManager(17578): IMcuListener.onTransact: code=1 flags=16
02-19 21:13:19.519 D/TunerManagerForExt(15794): FMRadio main (TunerManagerForExt.java:147) onTunerPresetListChanged:  - mBand: 0 - mPresetIndex: 0 - mFrequency: 9950 - index: 0 - preset: 8760 - index: 1 - preset: 9010 - index: 2 - preset: 9130 - index: 3 - preset: 9150 - index: 4 - preset: 9220 - index: 5 - preset: 9270
02-19 21:13:19.519 D/K706RadioManager(17578): >>> IMcuListener.onMcuInfoChanged received! data=B4 00 
02-19 21:13:19.520 D/K706RadioManager(17578): MCU[0xB4] len=2 : B4 00 
02-19 21:13:19.520 D/K706RadioManager(17578): RDS B4 Flags: 0x00
02-19 21:13:19.523 E/mcu_services( 5512): MCU2APP : [ff fe fd 03 01 b0 50 e1 ff ]
02-19 21:13:19.524 D/K706RadioManager(17578): IMcuListener.onTransact: code=1 flags=16
02-19 21:13:19.524 D/K706RadioManager(17578): >>> IMcuListener.onMcuInfoChanged received! data=B0 50 
02-19 21:13:19.525 D/K706RadioManager(17578): MCU[0xB0] len=2 : B0 50 
02-19 21:13:19.525 D/K706RadioManager(17578): TunerInfo: flags=0x50 save=false AS=false finish=true valid=false ST=true LOC=false seek=false scan=false
02-19 21:13:19.530 D/TunerPresenter(15794): handleTunerRawData: b4 0 
02-19 21:13:19.531 D/TunerManagerForExt(15794): FMRadio main (TunerManagerForExt.java:195) onTuneRdsIndicateInfo: onTuneRdsIndicateInfo - flag: 0 - mRdsSwitch: 0
02-19 21:13:19.531 D/TunerPresenter(15794): handleTunerRawData: b0 50 
02-19 21:13:19.531 D/TunerManagerForExt(15794): FMRadio main (TunerManagerForExt.java:108) onTunerInfoChanged: onTunerInfoChanged - flag: 80 - asFlag: 0 - psFlag: 0 - scanFlag: 0 - seekFlag: 0 - mStFlag: 1 - mLocFlag: 0 - mIsSearching: true - mTempSearching: false
02-19 21:13:19.531 D/TunerManagerForExt(15794): FMRadio main (TunerManagerForExt.java:118) onTunerInfoChanged: mIsSearching: false - mTempSearching: false - asFlag: 0 - seekFlag: 0
02-19 21:13:19.615 E/mcu_services( 5512): MCU2APP : [ff fe fd 03 01 b4 05 b0 ff ]
02-19 21:13:19.616 E/mcu_services( 5512): MCU2APP : [ff fe fd 04 01 b5 00 01 b5 ff ]
02-19 21:13:19.616 E/mcu_services( 5512): sendAckSuccess : [ff fd fe 02 02 b4 b6 ff ]
02-19 21:13:19.616 E/mcu_services( 5512): APP2MCU - writeToUart: [ff fd fe 02 02 b4 b6 ff ]
02-19 21:13:19.616 E/mcu_services( 5512): sendAckSuccess : [ff fd fe 02 02 b5 b7 ff ]
02-19 21:13:19.616 E/mcu_services( 5512): APP2MCU - writeToUart: [ff fd fe 02 02 b5 b7 ff ]
02-19 21:13:19.618 D/K706RadioManager(17578): IMcuListener.onTransact: code=1 flags=16
02-19 21:13:19.618 D/K706RadioManager(17578): >>> IMcuListener.onMcuInfoChanged received! data=B4 05 
02-19 21:13:19.618 D/K706RadioManager(17578): MCU[0xB4] len=2 : B4 05 
02-19 21:13:19.618 D/K706RadioManager(17578): RDS B4 Flags: 0x05
02-19 21:13:19.620 D/TunerPresenter(15794): handleTunerRawData: b4 5 
02-19 21:13:19.621 D/TunerManagerForExt(15794): FMRadio main (TunerManagerForExt.java:195) onTuneRdsIndicateInfo: onTuneRdsIndicateInfo - flag: 5 - mRdsSwitch: 1
02-19 21:13:19.621 D/K706RadioManager(17578): IMcuListener.onTransact: code=1 flags=16
02-19 21:13:19.621 D/K706RadioManager(17578): >>> IMcuListener.onMcuInfoChanged received! data=B5 00 01 
02-19 21:13:19.622 D/K706RadioManager(17578): MCU[0xB5] len=3 : B5 00 01 
02-19 21:13:19.622 D/K706RadioManager(17578): RDS PTY (0xB5): 0
02-19 21:13:19.624 D/TunerPresenter(15794): handleTunerRawData: b5 0 1 
02-19 21:13:19.624 D/TunerManagerForExt(15794): FMRadio main (TunerManagerForExt.java:220) onTuneRdsPtyTypeInfo: onTuneRdsPtyTypeInfo - mRdsPtyType: 0
02-19 21:13:20.032 E/mcu_services( 5512): APP2MCU - writeToUartNormal : [ff fd fe 05 01 a0 00 28 f0 79 ff ]
02-19 21:13:20.033 D/K706RadioManager(17578): CMD Enviado: sub=0x00 p1=0x28 p2=0xF0
02-19 21:13:20.034 D/K706RadioManager(17578): gotoFreq: input=104800 mcuFreq=10480 (h=0x28 l=0xF0)
02-19 21:13:20.102 E/mcu_services( 5512): MCU2APP : [ff fe fd 03 01 b0 50 e1 ff ]
02-19 21:13:20.104 D/K706RadioManager(17578): IMcuListener.onTransact: code=1 flags=16
02-19 21:13:20.104 D/K706RadioManager(17578): >>> IMcuListener.onMcuInfoChanged received! data=B0 50 
02-19 21:13:20.104 D/K706RadioManager(17578): MCU[0xB0] len=2 : B0 50 
02-19 21:13:20.104 D/K706RadioManager(17578): TunerInfo: flags=0x50 save=false AS=false finish=true valid=false ST=true LOC=false seek=false scan=false
02-19 21:13:20.107 D/TunerPresenter(15794): handleTunerRawData: b0 50 
02-19 21:13:20.107 D/TunerManagerForExt(15794): FMRadio main (TunerManagerForExt.java:108) onTunerInfoChanged: onTunerInfoChanged - flag: 80 - asFlag: 0 - psFlag: 0 - scanFlag: 0 - seekFlag: 0 - mStFlag: 1 - mLocFlag: 0 - mIsSearching: false - mTempSearching: false
02-19 21:13:20.107 D/TunerManagerForExt(15794): FMRadio main (TunerManagerForExt.java:118) onTunerInfoChanged: mIsSearching: false - mTempSearching: false - asFlag: 0 - seekFlag: 0
02-19 21:13:20.172 E/mcu_services( 5512): MCU2APP : [ff fe fd 03 01 b4 00 b5 ff ]
02-19 21:13:20.173 E/mcu_services( 5512): sendAckSuccess : [ff fd fe 02 02 b4 b6 ff ]
02-19 21:13:20.173 E/mcu_services( 5512): APP2MCU - writeToUart: [ff fd fe 02 02 b4 b6 ff ]
02-19 21:13:20.175 D/K706RadioManager(17578): IMcuListener.onTransact: code=1 flags=16
02-19 21:13:20.175 D/K706RadioManager(17578): >>> IMcuListener.onMcuInfoChanged received! data=B4 00 
02-19 21:13:20.176 D/K706RadioManager(17578): MCU[0xB4] len=2 : B4 00 
02-19 21:13:20.176 D/K706RadioManager(17578): RDS B4 Flags: 0x00
02-19 21:13:20.179 D/TunerPresenter(15794): handleTunerRawData: b4 0 
02-19 21:13:20.179 D/TunerManagerForExt(15794): FMRadio main (TunerManagerForExt.java:195) onTuneRdsIndicateInfo: onTuneRdsIndicateInfo - flag: 0 - mRdsSwitch: 0
02-19 21:13:20.240 E/mcu_services( 5512): MCU2APP : [ff fe fd 12 01 b1 00 00 28 f0 22 38 23 32 23 aa 23 be 24 04 24 36 45 ff ]
02-19 21:13:20.243 D/K706RadioManager(17578): IMcuListener.onTransact: code=1 flags=16
02-19 21:13:20.244 D/K706RadioManager(17578): >>> IMcuListener.onMcuInfoChanged received! data=B1 00 00 28 F0 22 38 23 32 23 AA 23 BE 24 04 24 36 
02-19 21:13:20.245 D/K706RadioManager(17578): MCU[0xB1] len=17 : B1 00 00 28 F0 22 38 23 32 23 AA 23 BE 24 04 24 36 
02-19 21:13:20.245 D/K706RadioManager(17578): PresetList: band=0 presetIdx=0 currentFreq=10480 firstFreq=10480 (offset=3)
02-19 21:13:20.247 D/TunerPresenter(15794): handleTunerRawData: b1 0 0 28 f0 22 38 23 32 23 aa 23 be 24 4 24 36 
02-19 21:13:20.248 D/TunerManagerForExt(15794): FMRadio main (TunerManagerForExt.java:147) onTunerPresetListChanged:  - mBand: 0 - mPresetIndex: 0 - mFrequency: 10480 - index: 0 - preset: 8760 - index: 1 - preset: 9010 - index: 2 - preset: 9130 - index: 3 - preset: 9150 - index: 4 - preset: 9220 - index: 5 - preset: 9270
02-19 21:13:20.312 E/mcu_services( 5512): MCU2APP : [ff fe fd 03 01 b4 05 b0 ff ]
02-19 21:13:20.312 E/mcu_services( 5512): MCU2APP : [ff fe fd 04 01 b5 00 03 b7 ff ]
02-19 21:13:20.312 E/mcu_services( 5512): sendAckSuccess : [ff fd fe 02 02 b4 b6 ff ]
02-19 21:13:20.312 E/mcu_services( 5512): APP2MCU - writeToUart: [ff fd fe 02 02 b4 b6 ff ]
02-19 21:13:20.313 E/mcu_services( 5512): sendAckSuccess : [ff fd fe 02 02 b5 b7 ff ]
02-19 21:13:20.313 E/mcu_services( 5512): APP2MCU - writeToUart: [ff fd fe 02 02 b5 b7 ff ]
02-19 21:13:20.314 D/K706RadioManager(17578): IMcuListener.onTransact: code=1 flags=16
02-19 21:13:20.315 D/K706RadioManager(17578): >>> IMcuListener.onMcuInfoChanged received! data=B4 05 
02-19 21:13:20.315 D/K706RadioManager(17578): MCU[0xB4] len=2 : B4 05 
02-19 21:13:20.315 D/K706RadioManager(17578): RDS B4 Flags: 0x05
02-19 21:13:20.317 D/TunerPresenter(15794): handleTunerRawData: b4 5 
02-19 21:13:20.317 D/TunerManagerForExt(15794): FMRadio main (TunerManagerForExt.java:195) onTuneRdsIndicateInfo: onTuneRdsIndicateInfo - flag: 5 - mRdsSwitch: 1
02-19 21:13:20.318 D/K706RadioManager(17578): IMcuListener.onTransact: code=1 flags=16
02-19 21:13:20.318 D/K706RadioManager(17578): >>> IMcuListener.onMcuInfoChanged received! data=B5 00 03 
02-19 21:13:20.319 D/K706RadioManager(17578): MCU[0xB5] len=3 : B5 00 03 
02-19 21:13:20.319 D/K706RadioManager(17578): RDS PTY (0xB5): 0
02-19 21:13:20.320 D/TunerPresenter(15794): handleTunerRawData: b5 0 3 
02-19 21:13:20.321 D/TunerManagerForExt(15794): FMRadio main (TunerManagerForExt.java:220) onTuneRdsPtyTypeInfo: onTuneRdsPtyTypeInfo - mRdsPtyType: 0
02-19 21:13:20.836 E/mcu_services( 5512): MCU2APP : [ff fe fd 03 01 29 6d 45 ff ]
02-19 21:13:20.838 D/K706RadioManager(17578): IMcuListener.onTransact: code=1 flags=16
02-19 21:13:20.839 D/K706RadioManager(17578): >>> IMcuListener.onMcuInfoChanged received! data=29 6D 
02-19 21:13:20.839 D/K706RadioManager(17578): MCU[0x29] len=2 : 29 6D 
02-19 21:13:20.840 D/K706RadioManager(17578): Unknown MCU packet type: 0x29
02-19 21:13:21.477 E/mcu_services( 5512): APP2MCU - writeToUartNormal : [ff fd fe 05 01 a0 01 00 00 a0 ff ]
02-19 21:13:21.478 D/K706RadioManager(17578): CMD Enviado: sub=0x01 p1=0x00 p2=0x00
02-19 21:13:21.478 D/K706RadioManager(17578): Seek UP iniciado
02-19 21:13:21.550 E/mcu_services( 5512): MCU2APP : [ff fe fd 12 01 b1 00 00 28 f5 22 38 23 32 23 aa 23 be 24 04 24 36 40 ff ]
02-19 21:13:21.550 E/mcu_services( 5512): MCU2APP : [ff fe fd 03 01 b0 58 e9 ff ]
02-19 21:13:21.552 D/K706RadioManager(17578): IMcuListener.onTransact: code=1 flags=16
02-19 21:13:21.554 D/K706RadioManager(17578): >>> IMcuListener.onMcuInfoChanged received! data=B1 00 00 28 F5 22 38 23 32 23 AA 23 BE 24 04 24 36 
02-19 21:13:21.556 D/K706RadioManager(17578): MCU[0xB1] len=17 : B1 00 00 28 F5 22 38 23 32 23 AA 23 BE 24 04 24 36 
02-19 21:13:21.556 D/K706RadioManager(17578): PresetList: band=0 presetIdx=0 currentFreq=10485 firstFreq=10485 (offset=3)
02-19 21:13:21.557 D/K706RadioManager(17578): >>> FREQ: 104800 -> 104850 (MCU=10485, 104,85 MHz)
02-19 21:13:21.559 D/TunerPresenter(15794): handleTunerRawData: b1 0 0 28 f5 22 38 23 32 23 aa 23 be 24 4 24 36 
02-19 21:13:21.560 D/TunerManagerForExt(15794): FMRadio main (TunerManagerForExt.java:147) onTunerPresetListChanged:  - mBand: 0 - mPresetIndex: 0 - mFrequency: 10485 - index: 0 - preset: 8760 - index: 1 - preset: 9010 - index: 2 - preset: 9130 - index: 3 - preset: 9150 - index: 4 - preset: 9220 - index: 5 - preset: 9270
02-19 21:13:21.560 D/K706RadioManager(17578): IMcuListener.onTransact: code=1 flags=16
02-19 21:13:21.561 D/K706RadioManager(17578): >>> IMcuListener.onMcuInfoChanged received! data=B0 58 
02-19 21:13:21.561 D/K706RadioManager(17578): MCU[0xB0] len=2 : B0 58 
02-19 21:13:21.561 D/K706RadioManager(17578): TunerInfo: flags=0x58 save=false AS=true finish=true valid=false ST=true LOC=false seek=false scan=false
02-19 21:13:21.578 D/TunerPresenter(15794): handleTunerRawData: b0 58 
02-19 21:13:21.578 D/TunerManagerForExt(15794): FMRadio main (TunerManagerForExt.java:108) onTunerInfoChanged: onTunerInfoChanged - flag: 88 - asFlag: 0 - psFlag: 0 - scanFlag: 0 - seekFlag: 1 - mStFlag: 1 - mLocFlag: 0 - mIsSearching: false - mTempSearching: false
02-19 21:13:21.578 D/TunerManagerForExt(15794): FMRadio main (TunerManagerForExt.java:118) onTunerInfoChanged: mIsSearching: true - mTempSearching: false - asFlag: 0 - seekFlag: 1
02-19 21:13:21.593 E/mcu_services( 5512): MCU2APP : [ff fe fd 12 01 b1 00 00 28 fa 22 38 23 32 23 aa 23 be 24 04 24 36 4f ff ]
02-19 21:13:21.595 D/K706RadioManager(17578): IMcuListener.onTransact: code=1 flags=16
02-19 21:13:21.597 D/K706RadioManager(17578): >>> IMcuListener.onMcuInfoChanged received! data=B1 00 00 28 FA 22 38 23 32 23 AA 23 BE 24 04 24 36 
02-19 21:13:21.598 D/K706RadioManager(17578): MCU[0xB1] len=17 : B1 00 00 28 FA 22 38 23 32 23 AA 23 BE 24 04 24 36 
02-19 21:13:21.598 D/K706RadioManager(17578): PresetList: band=0 presetIdx=0 currentFreq=10490 firstFreq=10490 (offset=3)
02-19 21:13:21.598 D/K706RadioManager(17578): >>> FREQ: 104850 -> 104900 (MCU=10490, 104,90 MHz)
02-19 21:13:21.600 D/TunerPresenter(15794): handleTunerRawData: b1 0 0 28 fa 22 38 23 32 23 aa 23 be 24 4 24 36 
02-19 21:13:21.603 D/TunerManagerForExt(15794): FMRadio main (TunerManagerForExt.java:147) onTunerPresetListChanged:  - mBand: 0 - mPresetIndex: 0 - mFrequency: 10490 - index: 0 - preset: 8760 - index: 1 - preset: 9010 - index: 2 - preset: 9130 - index: 3 - preset: 9150 - index: 4 - preset: 9220 - index: 5 - preset: 9270
02-19 21:13:21.643 E/mcu_services( 5512): MCU2APP : [ff fe fd 12 01 b1 00 00 28 ff 22 38 23 32 23 aa 23 be 24 04 24 36 4a ff ]
02-19 21:13:21.644 D/K706RadioManager(17578): IMcuListener.onTransact: code=1 flags=16
02-19 21:13:21.646 D/K706RadioManager(17578): >>> IMcuListener.onMcuInfoChanged received! data=B1 00 00 28 FF 22 38 23 32 23 AA 23 BE 24 04 24 36 
02-19 21:13:21.647 D/K706RadioManager(17578): MCU[0xB1] len=17 : B1 00 00 28 FF 22 38 23 32 23 AA 23 BE 24 04 24 36 
02-19 21:13:21.647 D/K706RadioManager(17578): PresetList: band=0 presetIdx=0 currentFreq=10495 firstFreq=10495 (offset=3)
02-19 21:13:21.647 D/K706RadioManager(17578): >>> FREQ: 104900 -> 104950 (MCU=10495, 104,95 MHz)
02-19 21:13:21.649 D/TunerPresenter(15794): handleTunerRawData: b1 0 0 28 ff 22 38 23 32 23 aa 23 be 24 4 24 36 
02-19 21:13:21.652 D/TunerManagerForExt(15794): FMRadio main (TunerManagerForExt.java:147) onTunerPresetListChanged:  - mBand: 0 - mPresetIndex: 0 - mFrequency: 10495 - index: 0 - preset: 8760 - index: 1 - preset: 9010 - index: 2 - preset: 9130 - index: 3 - preset: 9150 - index: 4 - preset: 9220 - index: 5 - preset: 9270
02-19 21:13:21.693 E/mcu_services( 5512): MCU2APP : [ff fe fd 12 01 b1 00 00 29 04 22 38 23 32 23 aa 23 be 24 04 24 36 b0 ff ]
02-19 21:13:21.694 D/K706RadioManager(17578): IMcuListener.onTransact: code=1 flags=16
02-19 21:13:21.695 D/K706RadioManager(17578): >>> IMcuListener.onMcuInfoChanged received! data=B1 00 00 29 04 22 38 23 32 23 AA 23 BE 24 04 24 36 
02-19 21:13:21.697 D/K706RadioManager(17578): MCU[0xB1] len=17 : B1 00 00 29 04 22 38 23 32 23 AA 23 BE 24 04 24 36 
02-19 21:13:21.697 D/K706RadioManager(17578): PresetList: band=0 presetIdx=0 currentFreq=10500 firstFreq=10500 (offset=3)
02-19 21:13:21.697 D/K706RadioManager(17578): >>> FREQ: 104950 -> 105000 (MCU=10500, 105,00 MHz)
02-19 21:13:21.700 D/TunerPresenter(15794): handleTunerRawData: b1 0 0 29 4 22 38 23 32 23 aa 23 be 24 4 24 36 
02-19 21:13:21.703 D/TunerManagerForExt(15794): FMRadio main (TunerManagerForExt.java:147) onTunerPresetListChanged:  - mBand: 0 - mPresetIndex: 0 - mFrequency: 10500 - index: 0 - preset: 8760 - index: 1 - preset: 9010 - index: 2 - preset: 9130 - index: 3 - preset: 9150 - index: 4 - preset: 9220 - index: 5 - preset: 9270
02-19 21:13:21.742 E/mcu_services( 5512): MCU2APP : [ff fe fd 12 01 b1 00 00 29 09 22 38 23 32 23 aa 23 be 24 04 24 36 bd ff ]
02-19 21:13:21.744 D/K706RadioManager(17578): IMcuListener.onTransact: code=1 flags=16
02-19 21:13:21.745 D/K706RadioManager(17578): >>> IMcuListener.onMcuInfoChanged received! data=B1 00 00 29 09 22 38 23 32 23 AA 23 BE 24 04 24 36 
02-19 21:13:21.746 D/K706RadioManager(17578): MCU[0xB1] len=17 : B1 00 00 29 09 22 38 23 32 23 AA 23 BE 24 04 24 36 
02-19 21:13:21.746 D/K706RadioManager(17578): PresetList: band=0 presetIdx=0 currentFreq=10505 firstFreq=10505 (offset=3)
02-19 21:13:21.746 D/K706RadioManager(17578): >>> FREQ: 105000 -> 105050 (MCU=10505, 105,05 MHz)
02-19 21:13:21.748 D/TunerPresenter(15794): handleTunerRawData: b1 0 0 29 9 22 38 23 32 23 aa 23 be 24 4 24 36 
02-19 21:13:21.751 D/TunerManagerForExt(15794): FMRadio main (TunerManagerForExt.java:147) onTunerPresetListChanged:  - mBand: 0 - mPresetIndex: 0 - mFrequency: 10505 - index: 0 - preset: 8760 - index: 1 - preset: 9010 - index: 2 - preset: 9130 - index: 3 - preset: 9150 - index: 4 - preset: 9220 - index: 5 - preset: 9270
02-19 21:13:21.792 E/mcu_services( 5512): MCU2APP : [ff fe fd 12 01 b1 00 00 29 0e 22 38 23 32 23 aa 23 be 24 04 24 36 ba ff ]
02-19 21:13:21.794 D/K706RadioManager(17578): IMcuListener.onTransact: code=1 flags=16
02-19 21:13:21.796 D/K706RadioManager(17578): >>> IMcuListener.onMcuInfoChanged received! data=B1 00 00 29 0E 22 38 23 32 23 AA 23 BE 24 04 24 36 
02-19 21:13:21.797 D/K706RadioManager(17578): MCU[0xB1] len=17 : B1 00 00 29 0E 22 38 23 32 23 AA 23 BE 24 04 24 36 
02-19 21:13:21.797 D/K706RadioManager(17578): PresetList: band=0 presetIdx=0 currentFreq=10510 firstFreq=10510 (offset=3)
02-19 21:13:21.797 D/K706RadioManager(17578): >>> FREQ: 105050 -> 105100 (MCU=10510, 105,10 MHz)
02-19 21:13:21.799 D/TunerPresenter(15794): handleTunerRawData: b1 0 0 29 e 22 38 23 32 23 aa 23 be 24 4 24 36 
02-19 21:13:21.801 D/TunerManagerForExt(15794): FMRadio main (TunerManagerForExt.java:147) onTunerPresetListChanged:  - mBand: 0 - mPresetIndex: 0 - mFrequency: 10510 - index: 0 - preset: 8760 - index: 1 - preset: 9010 - index: 2 - preset: 9130 - index: 3 - preset: 9150 - index: 4 - preset: 9220 - index: 5 - preset: 9270
02-19 21:13:21.842 E/mcu_services( 5512): MCU2APP : [ff fe fd 12 01 b1 00 00 29 13 22 38 23 32 23 aa 23 be 24 04 24 36 a7 ff ]
02-19 21:13:21.843 D/K706RadioManager(17578): IMcuListener.onTransact: code=1 flags=16
02-19 21:13:21.844 D/K706RadioManager(17578): >>> IMcuListener.onMcuInfoChanged received! data=B1 00 00 29 13 22 38 23 32 23 AA 23 BE 24 04 24 36 
02-19 21:13:21.845 D/K706RadioManager(17578): MCU[0xB1] len=17 : B1 00 00 29 13 22 38 23 32 23 AA 23 BE 24 04 24 36 
02-19 21:13:21.845 D/K706RadioManager(17578): PresetList: band=0 presetIdx=0 currentFreq=10515 firstFreq=10515 (offset=3)
02-19 21:13:21.845 D/K706RadioManager(17578): >>> FREQ: 105100 -> 105150 (MCU=10515, 105,15 MHz)
02-19 21:13:21.847 D/TunerPresenter(15794): handleTunerRawData: b1 0 0 29 13 22 38 23 32 23 aa 23 be 24 4 24 36 
02-19 21:13:21.850 D/TunerManagerForExt(15794): FMRadio main (TunerManagerForExt.java:147) onTunerPresetListChanged:  - mBand: 0 - mPresetIndex: 0 - mFrequency: 10515 - index: 0 - preset: 8760 - index: 1 - preset: 9010 - index: 2 - preset: 9130 - index: 3 - preset: 9150 - index: 4 - preset: 9220 - index: 5 - preset: 9270
02-19 21:13:21.892 E/mcu_services( 5512): MCU2APP : [ff fe fd 12 01 b1 00 00 29 18 22 38 23 32 23 aa 23 be 24 04 24 36 ac ff ]
02-19 21:13:21.894 D/K706RadioManager(17578): IMcuListener.onTransact: code=1 flags=16
02-19 21:13:21.895 D/K706RadioManager(17578): >>> IMcuListener.onMcuInfoChanged received! data=B1 00 00 29 18 22 38 23 32 23 AA 23 BE 24 04 24 36 
02-19 21:13:21.896 D/K706RadioManager(17578): MCU[0xB1] len=17 : B1 00 00 29 18 22 38 23 32 23 AA 23 BE 24 04 24 36 
02-19 21:13:21.896 D/K706RadioManager(17578): PresetList: band=0 presetIdx=0 currentFreq=10520 firstFreq=10520 (offset=3)
02-19 21:13:21.896 D/K706RadioManager(17578): >>> FREQ: 105150 -> 105200 (MCU=10520, 105,20 MHz)
02-19 21:13:21.898 D/TunerPresenter(15794): handleTunerRawData: b1 0 0 29 18 22 38 23 32 23 aa 23 be 24 4 24 36 
02-19 21:13:21.901 D/TunerManagerForExt(15794): FMRadio main (TunerManagerForExt.java:147) onTunerPresetListChanged:  - mBand: 0 - mPresetIndex: 0 - mFrequency: 10520 - index: 0 - preset: 8760 - index: 1 - preset: 9010 - index: 2 - preset: 9130 - index: 3 - preset: 9150 - index: 4 - preset: 9220 - index: 5 - preset: 9270
02-19 21:13:21.942 E/mcu_services( 5512): MCU2APP : [ff fe fd 12 01 b1 00 00 29 1d 22 38 23 32 23 aa 23 be 24 04 24 36 a9 ff ]
02-19 21:13:21.944 D/K706RadioManager(17578): IMcuListener.onTransact: code=1 flags=16
02-19 21:13:21.945 D/K706RadioManager(17578): >>> IMcuListener.onMcuInfoChanged received! data=B1 00 00 29 1D 22 38 23 32 23 AA 23 BE 24 04 24 36 
02-19 21:13:21.946 D/K706RadioManager(17578): MCU[0xB1] len=17 : B1 00 00 29 1D 22 38 23 32 23 AA 23 BE 24 04 24 36 
02-19 21:13:21.946 D/K706RadioManager(17578): PresetList: band=0 presetIdx=0 currentFreq=10525 firstFreq=10525 (offset=3)
02-19 21:13:21.947 D/K706RadioManager(17578): >>> FREQ: 105200 -> 105250 (MCU=10525, 105,25 MHz)
02-19 21:13:21.948 D/TunerPresenter(15794): handleTunerRawData: b1 0 0 29 1d 22 38 23 32 23 aa 23 be 24 4 24 36 
02-19 21:13:21.951 D/TunerManagerForExt(15794): FMRadio main (TunerManagerForExt.java:147) onTunerPresetListChanged:  - mBand: 0 - mPresetIndex: 0 - mFrequency: 10525 - index: 0 - preset: 8760 - index: 1 - preset: 9010 - index: 2 - preset: 9130 - index: 3 - preset: 9150 - index: 4 - preset: 9220 - index: 5 - preset: 9270
02-19 21:13:21.991 E/mcu_services( 5512): MCU2APP : [ff fe fd 12 01 b1 00 00 29 22 22 38 23 32 23 aa 23 be 24 04 24 36 96 ff ]
02-19 21:13:21.994 D/K706RadioManager(17578): IMcuListener.onTransact: code=1 flags=16
02-19 21:13:21.995 D/K706RadioManager(17578): >>> IMcuListener.onMcuInfoChanged received! data=B1 00 00 29 22 22 38 23 32 23 AA 23 BE 24 04 24 36 
02-19 21:13:21.996 D/K706RadioManager(17578): MCU[0xB1] len=17 : B1 00 00 29 22 22 38 23 32 23 AA 23 BE 24 04 24 36 
02-19 21:13:21.996 D/K706RadioManager(17578): PresetList: band=0 presetIdx=0 currentFreq=10530 firstFreq=10530 (offset=3)
02-19 21:13:21.996 D/K706RadioManager(17578): >>> FREQ: 105250 -> 105300 (MCU=10530, 105,30 MHz)
02-19 21:13:21.999 D/TunerPresenter(15794): handleTunerRawData: b1 0 0 29 22 22 38 23 32 23 aa 23 be 24 4 24 36 
02-19 21:13:22.001 D/TunerManagerForExt(15794): FMRadio main (TunerManagerForExt.java:147) onTunerPresetListChanged:  - mBand: 0 - mPresetIndex: 0 - mFrequency: 10530 - index: 0 - preset: 8760 - index: 1 - preset: 9010 - index: 2 - preset: 9130 - index: 3 - preset: 9150 - index: 4 - preset: 9220 - index: 5 - preset: 9270
02-19 21:13:22.041 E/mcu_services( 5512): MCU2APP : [ff fe fd 12 01 b1 00 00 29 27 22 38 23 32 23 aa 23 be 24 04 24 36 93 ff ]
02-19 21:13:22.042 D/K706RadioManager(17578): IMcuListener.onTransact: code=1 flags=16
02-19 21:13:22.043 D/K706RadioManager(17578): >>> IMcuListener.onMcuInfoChanged received! data=B1 00 00 29 27 22 38 23 32 23 AA 23 BE 24 04 24 36 
02-19 21:13:22.044 D/K706RadioManager(17578): MCU[0xB1] len=17 : B1 00 00 29 27 22 38 23 32 23 AA 23 BE 24 04 24 36 
02-19 21:13:22.044 D/K706RadioManager(17578): PresetList: band=0 presetIdx=0 currentFreq=10535 firstFreq=10535 (offset=3)
02-19 21:13:22.045 D/K706RadioManager(17578): >>> FREQ: 105300 -> 105350 (MCU=10535, 105,35 MHz)
02-19 21:13:22.046 D/TunerPresenter(15794): handleTunerRawData: b1 0 0 29 27 22 38 23 32 23 aa 23 be 24 4 24 36 
02-19 21:13:22.049 D/TunerManagerForExt(15794): FMRadio main (TunerManagerForExt.java:147) onTunerPresetListChanged:  - mBand: 0 - mPresetIndex: 0 - mFrequency: 10535 - index: 0 - preset: 8760 - index: 1 - preset: 9010 - index: 2 - preset: 9130 - index: 3 - preset: 9150 - index: 4 - preset: 9220 - index: 5 - preset: 9270
02-19 21:13:22.091 E/mcu_services( 5512): MCU2APP : [ff fe fd 12 01 b1 00 00 29 2c 22 38 23 32 23 aa 23 be 24 04 24 36 98 ff ]
02-19 21:13:22.093 D/K706RadioManager(17578): IMcuListener.onTransact: code=1 flags=16
02-19 21:13:22.094 D/K706RadioManager(17578): >>> IMcuListener.onMcuInfoChanged received! data=B1 00 00 29 2C 22 38 23 32 23 AA 23 BE 24 04 24 36 
02-19 21:13:22.095 D/K706RadioManager(17578): MCU[0xB1] len=17 : B1 00 00 29 2C 22 38 23 32 23 AA 23 BE 24 04 24 36 
02-19 21:13:22.095 D/K706RadioManager(17578): PresetList: band=0 presetIdx=0 currentFreq=10540 firstFreq=10540 (offset=3)
02-19 21:13:22.096 D/K706RadioManager(17578): >>> FREQ: 105350 -> 105400 (MCU=10540, 105,40 MHz)
02-19 21:13:22.097 D/TunerPresenter(15794): handleTunerRawData: b1 0 0 29 2c 22 38 23 32 23 aa 23 be 24 4 24 36 
02-19 21:13:22.100 D/TunerManagerForExt(15794): FMRadio main (TunerManagerForExt.java:147) onTunerPresetListChanged:  - mBand: 0 - mPresetIndex: 0 - mFrequency: 10540 - index: 0 - preset: 8760 - index: 1 - preset: 9010 - index: 2 - preset: 9130 - index: 3 - preset: 9150 - index: 4 - preset: 9220 - index: 5 - preset: 9270
02-19 21:13:22.140 E/mcu_services( 5512): MCU2APP : [ff fe fd 12 01 b1 00 00 29 31 22 38 23 32 23 aa 23 be 24 04 24 36 85 ff ]
02-19 21:13:22.143 D/K706RadioManager(17578): IMcuListener.onTransact: code=1 flags=16
02-19 21:13:22.145 D/K706RadioManager(17578): >>> IMcuListener.onMcuInfoChanged received! data=B1 00 00 29 31 22 38 23 32 23 AA 23 BE 24 04 24 36 
02-19 21:13:22.147 D/K706RadioManager(17578): MCU[0xB1] len=17 : B1 00 00 29 31 22 38 23 32 23 AA 23 BE 24 04 24 36 
02-19 21:13:22.147 D/K706RadioManager(17578): PresetList: band=0 presetIdx=0 currentFreq=10545 firstFreq=10545 (offset=3)
02-19 21:13:22.147 D/K706RadioManager(17578): >>> FREQ: 105400 -> 105450 (MCU=10545, 105,45 MHz)
02-19 21:13:22.149 D/TunerPresenter(15794): handleTunerRawData: b1 0 0 29 31 22 38 23 32 23 aa 23 be 24 4 24 36 
02-19 21:13:22.152 D/TunerManagerForExt(15794): FMRadio main (TunerManagerForExt.java:147) onTunerPresetListChanged:  - mBand: 0 - mPresetIndex: 0 - mFrequency: 10545 - index: 0 - preset: 8760 - index: 1 - preset: 9010 - index: 2 - preset: 9130 - index: 3 - preset: 9150 - index: 4 - preset: 9220 - index: 5 - preset: 9270
02-19 21:13:22.190 E/mcu_services( 5512): MCU2APP : [ff fe fd 12 01 b1 00 00 29 36 22 38 23 32 23 aa 23 be 24 04 24 36 82 ff ]
02-19 21:13:22.192 D/K706RadioManager(17578): IMcuListener.onTransact: code=1 flags=16
02-19 21:13:22.194 D/K706RadioManager(17578): >>> IMcuListener.onMcuInfoChanged received! data=B1 00 00 29 36 22 38 23 32 23 AA 23 BE 24 04 24 36 
02-19 21:13:22.194 D/K706RadioManager(17578): MCU[0xB1] len=17 : B1 00 00 29 36 22 38 23 32 23 AA 23 BE 24 04 24 36 
02-19 21:13:22.194 D/K706RadioManager(17578): PresetList: band=0 presetIdx=0 currentFreq=10550 firstFreq=10550 (offset=3)
02-19 21:13:22.195 D/K706RadioManager(17578): >>> FREQ: 105450 -> 105500 (MCU=10550, 105,50 MHz)
02-19 21:13:22.196 D/TunerPresenter(15794): handleTunerRawData: b1 0 0 29 36 22 38 23 32 23 aa 23 be 24 4 24 36 
02-19 21:13:22.199 D/TunerManagerForExt(15794): FMRadio main (TunerManagerForExt.java:147) onTunerPresetListChanged:  - mBand: 0 - mPresetIndex: 0 - mFrequency: 10550 - index: 0 - preset: 8760 - index: 1 - preset: 9010 - index: 2 - preset: 9130 - index: 3 - preset: 9150 - index: 4 - preset: 9220 - index: 5 - preset: 9270
02-19 21:13:22.233 E/mcu_services( 5512): MCU2APP : [ff fe fd 12 01 b1 00 00 29 36 22 38 23 32 23 aa 23 be 24 04 24 36 82 ff ]
02-19 21:13:22.235 D/K706RadioManager(17578): IMcuListener.onTransact: code=1 flags=16
02-19 21:13:22.236 D/K706RadioManager(17578): >>> IMcuListener.onMcuInfoChanged received! data=B1 00 00 29 36 22 38 23 32 23 AA 23 BE 24 04 24 36 
02-19 21:13:22.236 D/K706RadioManager(17578): MCU[0xB1] len=17 : B1 00 00 29 36 22 38 23 32 23 AA 23 BE 24 04 24 36 
02-19 21:13:22.236 D/K706RadioManager(17578): PresetList: band=0 presetIdx=0 currentFreq=10550 firstFreq=10550 (offset=3)
02-19 21:13:22.238 D/TunerPresenter(15794): handleTunerRawData: b1 0 0 29 36 22 38 23 32 23 aa 23 be 24 4 24 36 
02-19 21:13:22.240 D/TunerManagerForExt(15794): FMRadio main (TunerManagerForExt.java:147) onTunerPresetListChanged:  - mBand: 0 - mPresetIndex: 0 - mFrequency: 10550 - index: 0 - preset: 8760 - index: 1 - preset: 9010 - index: 2 - preset: 9130 - index: 3 - preset: 9150 - index: 4 - preset: 9220 - index: 5 - preset: 9270
02-19 21:13:22.305 E/mcu_services( 5512): MCU2APP : [ff fe fd 12 01 b1 00 00 29 36 22 38 23 32 23 aa 23 be 24 04 24 36 82 ff ]
02-19 21:13:22.305 E/mcu_services( 5512): MCU2APP : [ff fe fd 03 01 b4 00 b5 ff ]
02-19 21:13:22.306 E/mcu_services( 5512): sendAckSuccess : [ff fd fe 02 02 b4 b6 ff ]
02-19 21:13:22.306 E/mcu_services( 5512): APP2MCU - writeToUart: [ff fd fe 02 02 b4 b6 ff ]
02-19 21:13:22.308 D/K706RadioManager(17578): IMcuListener.onTransact: code=1 flags=16
02-19 21:13:22.310 D/K706RadioManager(17578): >>> IMcuListener.onMcuInfoChanged received! data=B1 00 00 29 36 22 38 23 32 23 AA 23 BE 24 04 24 36 
02-19 21:13:22.312 D/K706RadioManager(17578): MCU[0xB1] len=17 : B1 00 00 29 36 22 38 23 32 23 AA 23 BE 24 04 24 36 
02-19 21:13:22.312 D/K706RadioManager(17578): PresetList: band=0 presetIdx=0 currentFreq=10550 firstFreq=10550 (offset=3)
02-19 21:13:22.315 D/TunerPresenter(15794): handleTunerRawData: b1 0 0 29 36 22 38 23 32 23 aa 23 be 24 4 24 36 
02-19 21:13:22.316 D/TunerManagerForExt(15794): FMRadio main (TunerManagerForExt.java:147) onTunerPresetListChanged:  - mBand: 0 - mPresetIndex: 0 - mFrequency: 10550 - index: 0 - preset: 8760 - index: 1 - preset: 9010 - index: 2 - preset: 9130 - index: 3 - preset: 9150 - index: 4 - preset: 9220 - index: 5 - preset: 9270
02-19 21:13:22.316 D/K706RadioManager(17578): IMcuListener.onTransact: code=1 flags=16
02-19 21:13:22.317 D/K706RadioManager(17578): >>> IMcuListener.onMcuInfoChanged received! data=B4 00 
02-19 21:13:22.318 D/K706RadioManager(17578): MCU[0xB4] len=2 : B4 00 
02-19 21:13:22.318 D/K706RadioManager(17578): RDS B4 Flags: 0x00
02-19 21:13:22.323 D/TunerPresenter(15794): handleTunerRawData: b4 0 
02-19 21:13:22.323 D/TunerManagerForExt(15794): FMRadio main (TunerManagerForExt.java:195) onTuneRdsIndicateInfo: onTuneRdsIndicateInfo - flag: 0 - mRdsSwitch: 0
02-19 21:13:22.337 E/mcu_services( 5512): MCU2APP : [ff fe fd 03 01 b0 50 e1 ff ]
02-19 21:13:22.339 D/K706RadioManager(17578): IMcuListener.onTransact: code=1 flags=16
02-19 21:13:22.340 D/K706RadioManager(17578): >>> IMcuListener.onMcuInfoChanged received! data=B0 50 
02-19 21:13:22.340 D/K706RadioManager(17578): MCU[0xB0] len=2 : B0 50 
02-19 21:13:22.341 D/K706RadioManager(17578): TunerInfo: flags=0x50 save=false AS=false finish=true valid=false ST=true LOC=false seek=false scan=false
02-19 21:13:22.343 D/TunerPresenter(15794): handleTunerRawData: b0 50 
02-19 21:13:22.343 D/TunerManagerForExt(15794): FMRadio main (TunerManagerForExt.java:108) onTunerInfoChanged: onTunerInfoChanged - flag: 80 - asFlag: 0 - psFlag: 0 - scanFlag: 0 - seekFlag: 0 - mStFlag: 1 - mLocFlag: 0 - mIsSearching: true - mTempSearching: false
02-19 21:13:22.343 D/TunerManagerForExt(15794): FMRadio main (TunerManagerForExt.java:118) onTunerInfoChanged: mIsSearching: false - mTempSearching: false - asFlag: 0 - seekFlag: 0
02-19 21:13:22.350 E/mcu_services( 5512): MCU2APP : [ff fe fd 03 01 b4 04 b1 ff ]
02-19 21:13:22.350 E/mcu_services( 5512): MCU2APP : [ff fe fd 04 01 b5 00 0a be ff ]
02-19 21:13:22.350 E/mcu_services( 5512): sendAckSuccess : [ff fd fe 02 02 b4 b6 ff ]
02-19 21:13:22.351 E/mcu_services( 5512): APP2MCU - writeToUart: [ff fd fe 02 02 b4 b6 ff ]
02-19 21:13:22.351 E/mcu_services( 5512): sendAckSuccess : [ff fd fe 02 02 b5 b7 ff ]
02-19 21:13:22.351 E/mcu_services( 5512): APP2MCU - writeToUart: [ff fd fe 02 02 b5 b7 ff ]
02-19 21:13:22.352 D/K706RadioManager(17578): IMcuListener.onTransact: code=1 flags=16
02-19 21:13:22.352 D/K706RadioManager(17578): >>> IMcuListener.onMcuInfoChanged received! data=B4 04 
02-19 21:13:22.352 D/K706RadioManager(17578): MCU[0xB4] len=2 : B4 04 
02-19 21:13:22.352 D/K706RadioManager(17578): RDS B4 Flags: 0x04
02-19 21:13:22.355 D/TunerPresenter(15794): handleTunerRawData: b4 4 
02-19 21:13:22.355 D/TunerManagerForExt(15794): FMRadio main (TunerManagerForExt.java:195) onTuneRdsIndicateInfo: onTuneRdsIndicateInfo - flag: 4 - mRdsSwitch: 1
02-19 21:13:22.356 D/K706RadioManager(17578): IMcuListener.onTransact: code=1 flags=16
02-19 21:13:22.356 D/K706RadioManager(17578): >>> IMcuListener.onMcuInfoChanged received! data=B5 00 0A 
02-19 21:13:22.356 D/K706RadioManager(17578): MCU[0xB5] len=3 : B5 00 0A 
02-19 21:13:22.356 D/K706RadioManager(17578): RDS PTY (0xB5): 0
02-19 21:13:22.358 D/TunerPresenter(15794): handleTunerRawData: b5 0 a 
02-19 21:13:22.359 D/TunerManagerForExt(15794): FMRadio main (TunerManagerForExt.java:220) onTuneRdsPtyTypeInfo: onTuneRdsPtyTypeInfo - mRdsPtyType: 0
02-19 21:13:22.934 E/mcu_services( 5512): MCU2APP : [ff fe fd 03 01 29 6d 45 ff ]
02-19 21:13:22.935 D/K706RadioManager(17578): IMcuListener.onTransact: code=1 flags=16
02-19 21:13:22.936 D/K706RadioManager(17578): >>> IMcuListener.onMcuInfoChanged received! data=29 6D 
02-19 21:13:22.936 D/K706RadioManager(17578): MCU[0x29] len=2 : 29 6D 
02-19 21:13:22.936 D/K706RadioManager(17578): Unknown MCU packet type: 0x29
02-19 21:13:24.339 E/mcu_services( 5512): MCU2APP : [ff fe fd 0a 01 b6 4b 49 53 53 20 46 4d 20 be ff ]
02-19 21:13:24.339 E/mcu_services( 5512): sendAckSuccess : [ff fd fe 02 02 b6 b4 ff ]
02-19 21:13:24.339 E/mcu_services( 5512): APP2MCU - writeToUart: [ff fd fe 02 02 b6 b4 ff ]
02-19 21:13:24.341 D/K706RadioManager(17578): IMcuListener.onTransact: code=1 flags=16
02-19 21:13:24.342 D/K706RadioManager(17578): >>> IMcuListener.onMcuInfoChanged received! data=B6 4B 49 53 53 20 46 4D 20 
02-19 21:13:24.344 D/K706RadioManager(17578): MCU[0xB6] len=9 : B6 4B 49 53 53 20 46 4D 20 
02-19 21:13:24.344 D/K706RadioManager(17578): RDS PS: 'KISS FM'
02-19 21:13:24.347 D/TunerPresenter(15794): handleTunerRawData: b6 4b 49 53 53 20 46 4d 20 
02-19 21:13:24.347 D/TunerManagerForExt(15794): FMRadio main (TunerManagerForExt.java:234) onTuneRdsPSInfo: onTuneRdsPSInfo - len: 9 - data: b6 4b 49 53 53 20 46 4d 20 
02-19 21:13:24.347 D/TunerManagerForExt(15794): FMRadio main (TunerManagerForExt.java:258) onTuneRdsPSInfo: onTuneRdsPSInfo - mRdsPsInfo: KISS FM 
02-19 21:13:24.923 E/mcu_services( 5512): MCU2APP : [ff fe fd 03 01 29 6d 45 ff ]
02-19 21:13:24.925 D/K706RadioManager(17578): IMcuListener.onTransact: code=1 flags=16
02-19 21:13:24.926 D/K706RadioManager(17578): >>> IMcuListener.onMcuInfoChanged received! data=29 6D 
02-19 21:13:24.926 D/K706RadioManager(17578): MCU[0x29] len=2 : 29 6D 
02-19 21:13:24.926 D/K706RadioManager(17578): Unknown MCU packet type: 0x29
02-19 21:13:26.911 E/mcu_services( 5512): MCU2APP : [ff fe fd 03 01 29 6d 45 ff ]
02-19 21:13:26.914 D/K706RadioManager(17578): IMcuListener.onTransact: code=1 flags=16
02-19 21:13:26.914 D/K706RadioManager(17578): >>> IMcuListener.onMcuInfoChanged received! data=29 6D 
02-19 21:13:26.915 D/K706RadioManager(17578): MCU[0x29] len=2 : 29 6D 
02-19 21:13:26.915 D/K706RadioManager(17578): Unknown MCU packet type: 0x29
02-19 21:13:28.900 E/mcu_services( 5512): MCU2APP : [ff fe fd 03 01 29 6d 45 ff ]
02-19 21:13:28.903 D/K706RadioManager(17578): IMcuListener.onTransact: code=1 flags=16
02-19 21:13:28.903 D/K706RadioManager(17578): >>> IMcuListener.onMcuInfoChanged received! data=29 6D 
02-19 21:13:28.904 D/K706RadioManager(17578): MCU[0x29] len=2 : 29 6D 
02-19 21:13:28.904 D/K706RadioManager(17578): Unknown MCU packet type: 0x29
02-19 21:13:30.888 E/mcu_services( 5512): MCU2APP : [ff fe fd 03 01 29 6d 45 ff ]
02-19 21:13:30.890 D/K706RadioManager(17578): IMcuListener.onTransact: code=1 flags=16
02-19 21:13:30.891 D/K706RadioManager(17578): >>> IMcuListener.onMcuInfoChanged received! data=29 6D 
02-19 21:13:30.892 D/K706RadioManager(17578): MCU[0x29] len=2 : 29 6D 
02-19 21:13:30.892 D/K706RadioManager(17578): Unknown MCU packet type: 0x29
02-19 21:13:31.037 E/mcu_services( 5512): APP2MCU - writeToUartNormal : [ff fd fe 05 01 a0 00 29 3b b3 ff ]
02-19 21:13:31.037 D/K706RadioManager(17578): CMD Enviado: sub=0x00 p1=0x29 p2=0x3B
02-19 21:13:31.038 D/K706RadioManager(17578): gotoFreq: input=105550 mcuFreq=10555 (h=0x29 l=0x3B)
02-19 21:13:31.109 E/mcu_services( 5512): MCU2APP : [ff fe fd 03 01 b0 50 e1 ff ]
02-19 21:13:31.110 D/K706RadioManager(17578): IMcuListener.onTransact: code=1 flags=16
02-19 21:13:31.111 D/K706RadioManager(17578): >>> IMcuListener.onMcuInfoChanged received! data=B0 50 
02-19 21:13:31.111 D/K706RadioManager(17578): MCU[0xB0] len=2 : B0 50 
02-19 21:13:31.111 D/K706RadioManager(17578): TunerInfo: flags=0x50 save=false AS=false finish=true valid=false ST=true LOC=false seek=false scan=false
02-19 21:13:31.113 D/TunerPresenter(15794): handleTunerRawData: b0 50 
02-19 21:13:31.113 D/TunerManagerForExt(15794): FMRadio main (TunerManagerForExt.java:108) onTunerInfoChanged: onTunerInfoChanged - flag: 80 - asFlag: 0 - psFlag: 0 - scanFlag: 0 - seekFlag: 0 - mStFlag: 1 - mLocFlag: 0 - mIsSearching: false - mTempSearching: false
02-19 21:13:31.113 D/TunerManagerForExt(15794): FMRadio main (TunerManagerForExt.java:118) onTunerInfoChanged: mIsSearching: false - mTempSearching: false - asFlag: 0 - seekFlag: 0
02-19 21:13:31.179 E/mcu_services( 5512): MCU2APP : [ff fe fd 03 01 b4 00 b5 ff ]
02-19 21:13:31.180 E/mcu_services( 5512): sendAckSuccess : [ff fd fe 02 02 b4 b6 ff ]
02-19 21:13:31.180 E/mcu_services( 5512): APP2MCU - writeToUart: [ff fd fe 02 02 b4 b6 ff ]
02-19 21:13:31.180 D/K706RadioManager(17578): IMcuListener.onTransact: code=1 flags=16
02-19 21:13:31.181 D/K706RadioManager(17578): >>> IMcuListener.onMcuInfoChanged received! data=B4 00 
02-19 21:13:31.181 D/K706RadioManager(17578): MCU[0xB4] len=2 : B4 00 
02-19 21:13:31.181 D/K706RadioManager(17578): RDS B4 Flags: 0x00
02-19 21:13:31.183 D/TunerPresenter(15794): handleTunerRawData: b4 0 
02-19 21:13:31.183 D/TunerManagerForExt(15794): FMRadio main (TunerManagerForExt.java:195) onTuneRdsIndicateInfo: onTuneRdsIndicateInfo - flag: 0 - mRdsSwitch: 0
02-19 21:13:31.208 E/mcu_services( 5512): MCU2APP : [ff fe fd 12 01 b1 00 00 29 3b 22 38 23 32 23 aa 23 be 24 04 24 36 8f ff ]
02-19 21:13:31.210 D/K706RadioManager(17578): IMcuListener.onTransact: code=1 flags=16
02-19 21:13:31.211 D/K706RadioManager(17578): >>> IMcuListener.onMcuInfoChanged received! data=B1 00 00 29 3B 22 38 23 32 23 AA 23 BE 24 04 24 36 
02-19 21:13:31.213 D/K706RadioManager(17578): MCU[0xB1] len=17 : B1 00 00 29 3B 22 38 23 32 23 AA 23 BE 24 04 24 36 
02-19 21:13:31.213 D/K706RadioManager(17578): PresetList: band=0 presetIdx=0 currentFreq=10555 firstFreq=10555 (offset=3)
02-19 21:13:31.215 D/TunerPresenter(15794): handleTunerRawData: b1 0 0 29 3b 22 38 23 32 23 aa 23 be 24 4 24 36 
02-19 21:13:31.215 D/TunerManagerForExt(15794): FMRadio main (TunerManagerForExt.java:147) onTunerPresetListChanged:  - mBand: 0 - mPresetIndex: 0 - mFrequency: 10555 - index: 0 - preset: 8760 - index: 1 - preset: 9010 - index: 2 - preset: 9130 - index: 3 - preset: 9150 - index: 4 - preset: 9220 - index: 5 - preset: 9270
02-19 21:13:32.730 E/mcu_services( 5512): APP2MCU - writeToUartNormal : [ff fd fe 05 01 a0 01 00 00 a0 ff ]
02-19 21:13:32.731 D/K706RadioManager(17578): CMD Enviado: sub=0x01 p1=0x00 p2=0x00
02-19 21:13:32.731 D/K706RadioManager(17578): Seek UP iniciado
02-19 21:13:32.802 E/mcu_services( 5512): MCU2APP : [ff fe fd 03 01 b0 58 e9 ff ]
02-19 21:13:32.804 D/K706RadioManager(17578): IMcuListener.onTransact: code=1 flags=16
02-19 21:13:32.805 D/K706RadioManager(17578): >>> IMcuListener.onMcuInfoChanged received! data=B0 58 
02-19 21:13:32.806 D/K706RadioManager(17578): MCU[0xB0] len=2 : B0 58 
02-19 21:13:32.806 D/K706RadioManager(17578): TunerInfo: flags=0x58 save=false AS=true finish=true valid=false ST=true LOC=false seek=false scan=false
02-19 21:13:32.808 D/TunerPresenter(15794): handleTunerRawData: b0 58 
02-19 21:13:32.808 D/TunerManagerForExt(15794): FMRadio main (TunerManagerForExt.java:108) onTunerInfoChanged: onTunerInfoChanged - flag: 88 - asFlag: 0 - psFlag: 0 - scanFlag: 0 - seekFlag: 1 - mStFlag: 1 - mLocFlag: 0 - mIsSearching: false - mTempSearching: false
02-19 21:13:32.808 D/TunerManagerForExt(15794): FMRadio main (TunerManagerForExt.java:118) onTunerInfoChanged: mIsSearching: true - mTempSearching: false - asFlag: 0 - seekFlag: 1
02-19 21:13:32.850 E/mcu_services( 5512): MCU2APP : [ff fe fd 12 01 b1 00 00 29 40 22 38 23 32 23 aa 23 be 24 04 24 36 f4 ff ]
02-19 21:13:32.852 D/K706RadioManager(17578): IMcuListener.onTransact: code=1 flags=16
02-19 21:13:32.854 D/K706RadioManager(17578): >>> IMcuListener.onMcuInfoChanged received! data=B1 00 00 29 40 22 38 23 32 23 AA 23 BE 24 04 24 36 
02-19 21:13:32.855 D/K706RadioManager(17578): MCU[0xB1] len=17 : B1 00 00 29 40 22 38 23 32 23 AA 23 BE 24 04 24 36 
02-19 21:13:32.855 D/K706RadioManager(17578): PresetList: band=0 presetIdx=0 currentFreq=10560 firstFreq=10560 (offset=3)
02-19 21:13:32.855 D/K706RadioManager(17578): >>> FREQ: 105550 -> 105600 (MCU=10560, 105,60 MHz)
02-19 21:13:32.857 D/TunerPresenter(15794): handleTunerRawData: b1 0 0 29 40 22 38 23 32 23 aa 23 be 24 4 24 36 
02-19 21:13:32.858 D/TunerManagerForExt(15794): FMRadio main (TunerManagerForExt.java:147) onTunerPresetListChanged:  - mBand: 0 - mPresetIndex: 0 - mFrequency: 10560 - index: 0 - preset: 8760 - index: 1 - preset: 9010 - index: 2 - preset: 9130 - index: 3 - preset: 9150 - index: 4 - preset: 9220 - index: 5 - preset: 9270
02-19 21:13:32.899 E/mcu_services( 5512): MCU2APP : [ff fe fd 12 01 b1 00 00 29 45 22 38 23 32 23 aa 23 be 24 04 24 36 f1 ff ]
02-19 21:13:32.901 D/K706RadioManager(17578): IMcuListener.onTransact: code=1 flags=16
02-19 21:13:32.902 D/K706RadioManager(17578): >>> IMcuListener.onMcuInfoChanged received! data=B1 00 00 29 45 22 38 23 32 23 AA 23 BE 24 04 24 36 
02-19 21:13:32.904 D/K706RadioManager(17578): MCU[0xB1] len=17 : B1 00 00 29 45 22 38 23 32 23 AA 23 BE 24 04 24 36 
02-19 21:13:32.904 D/K706RadioManager(17578): PresetList: band=0 presetIdx=0 currentFreq=10565 firstFreq=10565 (offset=3)
02-19 21:13:32.905 D/K706RadioManager(17578): >>> FREQ: 105600 -> 105650 (MCU=10565, 105,65 MHz)
02-19 21:13:32.907 D/TunerPresenter(15794): handleTunerRawData: b1 0 0 29 45 22 38 23 32 23 aa 23 be 24 4 24 36 
02-19 21:13:32.911 D/TunerManagerForExt(15794): FMRadio main (TunerManagerForExt.java:147) onTunerPresetListChanged:  - mBand: 0 - mPresetIndex: 0 - mFrequency: 10565 - index: 0 - preset: 8760 - index: 1 - preset: 9010 - index: 2 - preset: 9130 - index: 3 - preset: 9150 - index: 4 - preset: 9220 - index: 5 - preset: 9270
02-19 21:13:32.949 E/mcu_services( 5512): MCU2APP : [ff fe fd 12 01 b1 00 00 29 4a 22 38 23 32 23 aa 23 be 24 04 24 36 fe ff ]
02-19 21:13:32.951 D/K706RadioManager(17578): IMcuListener.onTransact: code=1 flags=16
02-19 21:13:32.952 D/K706RadioManager(17578): >>> IMcuListener.onMcuInfoChanged received! data=B1 00 00 29 4A 22 38 23 32 23 AA 23 BE 24 04 24 36 
02-19 21:13:32.953 D/K706RadioManager(17578): MCU[0xB1] len=17 : B1 00 00 29 4A 22 38 23 32 23 AA 23 BE 24 04 24 36 
02-19 21:13:32.953 D/K706RadioManager(17578): PresetList: band=0 presetIdx=0 currentFreq=10570 firstFreq=10570 (offset=3)
02-19 21:13:32.953 D/K706RadioManager(17578): >>> FREQ: 105650 -> 105700 (MCU=10570, 105,70 MHz)
02-19 21:13:32.955 D/TunerPresenter(15794): handleTunerRawData: b1 0 0 29 4a 22 38 23 32 23 aa 23 be 24 4 24 36 
02-19 21:13:32.959 D/TunerManagerForExt(15794): FMRadio main (TunerManagerForExt.java:147) onTunerPresetListChanged:  - mBand: 0 - mPresetIndex: 0 - mFrequency: 10570 - index: 0 - preset: 8760 - index: 1 - preset: 9010 - index: 2 - preset: 9130 - index: 3 - preset: 9150 - index: 4 - preset: 9220 - index: 5 - preset: 9270
02-19 21:13:32.999 E/mcu_services( 5512): MCU2APP : [ff fe fd 12 01 b1 00 00 29 4f 22 38 23 32 23 aa 23 be 24 04 24 36 fb ff ]
02-19 21:13:33.000 D/K706RadioManager(17578): IMcuListener.onTransact: code=1 flags=16
02-19 21:13:33.002 D/K706RadioManager(17578): >>> IMcuListener.onMcuInfoChanged received! data=B1 00 00 29 4F 22 38 23 32 23 AA 23 BE 24 04 24 36 
02-19 21:13:33.003 D/K706RadioManager(17578): MCU[0xB1] len=17 : B1 00 00 29 4F 22 38 23 32 23 AA 23 BE 24 04 24 36 
02-19 21:13:33.003 D/K706RadioManager(17578): PresetList: band=0 presetIdx=0 currentFreq=10575 firstFreq=10575 (offset=3)
02-19 21:13:33.003 D/K706RadioManager(17578): >>> FREQ: 105700 -> 105750 (MCU=10575, 105,75 MHz)
02-19 21:13:33.005 D/TunerPresenter(15794): handleTunerRawData: b1 0 0 29 4f 22 38 23 32 23 aa 23 be 24 4 24 36 
02-19 21:13:33.008 D/TunerManagerForExt(15794): FMRadio main (TunerManagerForExt.java:147) onTunerPresetListChanged:  - mBand: 0 - mPresetIndex: 0 - mFrequency: 10575 - index: 0 - preset: 8760 - index: 1 - preset: 9010 - index: 2 - preset: 9130 - index: 3 - preset: 9150 - index: 4 - preset: 9220 - index: 5 - preset: 9270
02-19 21:13:33.048 E/mcu_services( 5512): MCU2APP : [ff fe fd 03 01 29 6d 45 ff ]
02-19 21:13:33.049 E/mcu_services( 5512): MCU2APP : [ff fe fd 12 01 b1 00 00 29 54 22 38 23 32 23 aa 23 be 24 04 24 36 e0 ff ]
02-19 21:13:33.050 D/K706RadioManager(17578): IMcuListener.onTransact: code=1 flags=16
02-19 21:13:33.051 D/K706RadioManager(17578): >>> IMcuListener.onMcuInfoChanged received! data=29 6D 
02-19 21:13:33.051 D/K706RadioManager(17578): MCU[0x29] len=2 : 29 6D 
02-19 21:13:33.051 D/K706RadioManager(17578): Unknown MCU packet type: 0x29
02-19 21:13:33.053 D/K706RadioManager(17578): IMcuListener.onTransact: code=1 flags=16
02-19 21:13:33.055 D/K706RadioManager(17578): >>> IMcuListener.onMcuInfoChanged received! data=B1 00 00 29 54 22 38 23 32 23 AA 23 BE 24 04 24 36 
02-19 21:13:33.056 D/K706RadioManager(17578): MCU[0xB1] len=17 : B1 00 00 29 54 22 38 23 32 23 AA 23 BE 24 04 24 36 
02-19 21:13:33.056 D/K706RadioManager(17578): PresetList: band=0 presetIdx=0 currentFreq=10580 firstFreq=10580 (offset=3)
02-19 21:13:33.056 D/K706RadioManager(17578): >>> FREQ: 105750 -> 105800 (MCU=10580, 105,80 MHz)
02-19 21:13:33.058 D/TunerPresenter(15794): handleTunerRawData: b1 0 0 29 54 22 38 23 32 23 aa 23 be 24 4 24 36 
02-19 21:13:33.061 D/TunerManagerForExt(15794): FMRadio main (TunerManagerForExt.java:147) onTunerPresetListChanged:  - mBand: 0 - mPresetIndex: 0 - mFrequency: 10580 - index: 0 - preset: 8760 - index: 1 - preset: 9010 - index: 2 - preset: 9130 - index: 3 - preset: 9150 - index: 4 - preset: 9220 - index: 5 - preset: 9270
02-19 21:13:33.098 E/mcu_services( 5512): MCU2APP : [ff fe fd 12 01 b1 00 00 29 59 22 38 23 32 23 aa 23 be 24 04 24 36 ed ff ]
02-19 21:13:33.100 D/K706RadioManager(17578): IMcuListener.onTransact: code=1 flags=16
02-19 21:13:33.101 D/K706RadioManager(17578): >>> IMcuListener.onMcuInfoChanged received! data=B1 00 00 29 59 22 38 23 32 23 AA 23 BE 24 04 24 36 
02-19 21:13:33.102 D/K706RadioManager(17578): MCU[0xB1] len=17 : B1 00 00 29 59 22 38 23 32 23 AA 23 BE 24 04 24 36 
02-19 21:13:33.102 D/K706RadioManager(17578): PresetList: band=0 presetIdx=0 currentFreq=10585 firstFreq=10585 (offset=3)
02-19 21:13:33.102 D/K706RadioManager(17578): >>> FREQ: 105800 -> 105850 (MCU=10585, 105,85 MHz)
02-19 21:13:33.104 D/TunerPresenter(15794): handleTunerRawData: b1 0 0 29 59 22 38 23 32 23 aa 23 be 24 4 24 36 
02-19 21:13:33.106 D/TunerManagerForExt(15794): FMRadio main (TunerManagerForExt.java:147) onTunerPresetListChanged:  - mBand: 0 - mPresetIndex: 0 - mFrequency: 10585 - index: 0 - preset: 8760 - index: 1 - preset: 9010 - index: 2 - preset: 9130 - index: 3 - preset: 9150 - index: 4 - preset: 9220 - index: 5 - preset: 9270
02-19 21:13:33.148 E/mcu_services( 5512): MCU2APP : [ff fe fd 12 01 b1 00 00 29 5e 22 38 23 32 23 aa 23 be 24 04 24 36 ea ff ]
02-19 21:13:33.150 D/K706RadioManager(17578): IMcuListener.onTransact: code=1 flags=16
02-19 21:13:33.152 D/K706RadioManager(17578): >>> IMcuListener.onMcuInfoChanged received! data=B1 00 00 29 5E 22 38 23 32 23 AA 23 BE 24 04 24 36 
02-19 21:13:33.153 D/K706RadioManager(17578): MCU[0xB1] len=17 : B1 00 00 29 5E 22 38 23 32 23 AA 23 BE 24 04 24 36 
02-19 21:13:33.153 D/K706RadioManager(17578): PresetList: band=0 presetIdx=0 currentFreq=10590 firstFreq=10590 (offset=3)
02-19 21:13:33.153 D/K706RadioManager(17578): >>> FREQ: 105850 -> 105900 (MCU=10590, 105,90 MHz)
02-19 21:13:33.155 D/TunerPresenter(15794): handleTunerRawData: b1 0 0 29 5e 22 38 23 32 23 aa 23 be 24 4 24 36 
02-19 21:13:33.158 D/TunerManagerForExt(15794): FMRadio main (TunerManagerForExt.java:147) onTunerPresetListChanged:  - mBand: 0 - mPresetIndex: 0 - mFrequency: 10590 - index: 0 - preset: 8760 - index: 1 - preset: 9010 - index: 2 - preset: 9130 - index: 3 - preset: 9150 - index: 4 - preset: 9220 - index: 5 - preset: 9270
02-19 21:13:33.190 E/mcu_services( 5512): MCU2APP : [ff fe fd 12 01 b1 00 00 29 5e 22 38 23 32 23 aa 23 be 24 04 24 36 ea ff ]
02-19 21:13:33.192 D/K706RadioManager(17578): IMcuListener.onTransact: code=1 flags=16
02-19 21:13:33.193 D/K706RadioManager(17578): >>> IMcuListener.onMcuInfoChanged received! data=B1 00 00 29 5E 22 38 23 32 23 AA 23 BE 24 04 24 36 
02-19 21:13:33.194 D/K706RadioManager(17578): MCU[0xB1] len=17 : B1 00 00 29 5E 22 38 23 32 23 AA 23 BE 24 04 24 36 
02-19 21:13:33.194 D/K706RadioManager(17578): PresetList: band=0 presetIdx=0 currentFreq=10590 firstFreq=10590 (offset=3)
02-19 21:13:33.197 D/TunerPresenter(15794): handleTunerRawData: b1 0 0 29 5e 22 38 23 32 23 aa 23 be 24 4 24 36 
02-19 21:13:33.200 D/TunerManagerForExt(15794): FMRadio main (TunerManagerForExt.java:147) onTunerPresetListChanged:  - mBand: 0 - mPresetIndex: 0 - mFrequency: 10590 - index: 0 - preset: 8760 - index: 1 - preset: 9010 - index: 2 - preset: 9130 - index: 3 - preset: 9150 - index: 4 - preset: 9220 - index: 5 - preset: 9270
02-19 21:13:33.261 E/mcu_services( 5512): MCU2APP : [ff fe fd 12 01 b1 00 00 29 5e 22 38 23 32 23 aa 23 be 24 04 24 36 ea ff ]
02-19 21:13:33.263 D/K706RadioManager(17578): IMcuListener.onTransact: code=1 flags=16
02-19 21:13:33.264 D/K706RadioManager(17578): >>> IMcuListener.onMcuInfoChanged received! data=B1 00 00 29 5E 22 38 23 32 23 AA 23 BE 24 04 24 36 
02-19 21:13:33.265 D/K706RadioManager(17578): MCU[0xB1] len=17 : B1 00 00 29 5E 22 38 23 32 23 AA 23 BE 24 04 24 36 
02-19 21:13:33.265 D/K706RadioManager(17578): PresetList: band=0 presetIdx=0 currentFreq=10590 firstFreq=10590 (offset=3)
02-19 21:13:33.267 D/TunerPresenter(15794): handleTunerRawData: b1 0 0 29 5e 22 38 23 32 23 aa 23 be 24 4 24 36 
02-19 21:13:33.267 D/TunerManagerForExt(15794): FMRadio main (TunerManagerForExt.java:147) onTunerPresetListChanged:  - mBand: 0 - mPresetIndex: 0 - mFrequency: 10590 - index: 0 - preset: 8760 - index: 1 - preset: 9010 - index: 2 - preset: 9130 - index: 3 - preset: 9150 - index: 4 - preset: 9220 - index: 5 - preset: 9270
02-19 21:13:33.305 E/mcu_services( 5512): MCU2APP : [ff fe fd 03 01 b0 50 e1 ff ]
02-19 21:13:33.307 D/K706RadioManager(17578): IMcuListener.onTransact: code=1 flags=16
02-19 21:13:33.308 D/K706RadioManager(17578): >>> IMcuListener.onMcuInfoChanged received! data=B0 50 
02-19 21:13:33.308 D/K706RadioManager(17578): MCU[0xB0] len=2 : B0 50 
02-19 21:13:33.308 D/K706RadioManager(17578): TunerInfo: flags=0x50 save=false AS=false finish=true valid=false ST=true LOC=false seek=false scan=false
02-19 21:13:33.310 D/TunerPresenter(15794): handleTunerRawData: b0 50 
02-19 21:13:33.310 D/TunerManagerForExt(15794): FMRadio main (TunerManagerForExt.java:108) onTunerInfoChanged: onTunerInfoChanged - flag: 80 - asFlag: 0 - psFlag: 0 - scanFlag: 0 - seekFlag: 0 - mStFlag: 1 - mLocFlag: 0 - mIsSearching: true - mTempSearching: false
02-19 21:13:33.310 D/TunerManagerForExt(15794): FMRadio main (TunerManagerForExt.java:118) onTunerInfoChanged: mIsSearching: false - mTempSearching: false - asFlag: 0 - seekFlag: 0
02-19 21:13:34.283 E/mcu_services( 5512): MCU2APP : [ff fe fd 03 01 b4 04 b1 ff ]
02-19 21:13:34.283 E/mcu_services( 5512): MCU2APP : [ff fe fd 04 01 b5 00 0f bb ff ]
02-19 21:13:34.283 E/mcu_services( 5512): sendAckSuccess : [ff fd fe 02 02 b4 b6 ff ]
02-19 21:13:34.283 E/mcu_services( 5512): APP2MCU - writeToUart: [ff fd fe 02 02 b4 b6 ff ]
02-19 21:13:34.284 E/mcu_services( 5512): sendAckSuccess : [ff fd fe 02 02 b5 b7 ff ]
02-19 21:13:34.284 E/mcu_services( 5512): APP2MCU - writeToUart: [ff fd fe 02 02 b5 b7 ff ]
02-19 21:13:34.285 D/K706RadioManager(17578): IMcuListener.onTransact: code=1 flags=16
02-19 21:13:34.286 D/K706RadioManager(17578): >>> IMcuListener.onMcuInfoChanged received! data=B4 04 
02-19 21:13:34.286 D/K706RadioManager(17578): MCU[0xB4] len=2 : B4 04 
02-19 21:13:34.286 D/K706RadioManager(17578): RDS B4 Flags: 0x04
02-19 21:13:34.289 D/TunerPresenter(15794): handleTunerRawData: b4 4 
02-19 21:13:34.289 D/TunerManagerForExt(15794): FMRadio main (TunerManagerForExt.java:195) onTuneRdsIndicateInfo: onTuneRdsIndicateInfo - flag: 4 - mRdsSwitch: 1
02-19 21:13:34.290 D/K706RadioManager(17578): IMcuListener.onTransact: code=1 flags=16
02-19 21:13:34.291 D/K706RadioManager(17578): >>> IMcuListener.onMcuInfoChanged received! data=B5 00 0F 
02-19 21:13:34.291 D/K706RadioManager(17578): MCU[0xB5] len=3 : B5 00 0F 
02-19 21:13:34.292 D/K706RadioManager(17578): RDS PTY (0xB5): 0
02-19 21:13:34.294 D/TunerPresenter(15794): handleTunerRawData: b5 0 f 
02-19 21:13:34.294 D/TunerManagerForExt(15794): FMRadio main (TunerManagerForExt.java:220) onTuneRdsPtyTypeInfo: onTuneRdsPtyTypeInfo - mRdsPtyType: 0
02-19 21:13:35.095 E/mcu_services( 5512): MCU2APP : [ff fe fd 03 01 29 6d 45 ff ]
02-19 21:13:35.097 D/K706RadioManager(17578): IMcuListener.onTransact: code=1 flags=16
02-19 21:13:35.098 D/K706RadioManager(17578): >>> IMcuListener.onMcuInfoChanged received! data=29 6D 
02-19 21:13:35.099 D/K706RadioManager(17578): MCU[0x29] len=2 : 29 6D 
02-19 21:13:35.099 D/K706RadioManager(17578): Unknown MCU packet type: 0x29
02-19 21:13:37.084 E/mcu_services( 5512): MCU2APP : [ff fe fd 03 01 29 6d 45 ff ]
02-19 21:13:37.086 D/K706RadioManager(17578): IMcuListener.onTransact: code=1 flags=16
02-19 21:13:37.087 D/K706RadioManager(17578): >>> IMcuListener.onMcuInfoChanged received! data=29 6D 
02-19 21:13:37.087 D/K706RadioManager(17578): MCU[0x29] len=2 : 29 6D 
02-19 21:13:37.087 D/K706RadioManager(17578): Unknown MCU packet type: 0x29
02-19 21:13:38.361 E/mcu_services( 5512): APP2MCU - writeToUartNormal : [ff fd fe 05 01 a0 01 00 00 a0 ff ]
02-19 21:13:38.362 D/K706RadioManager(17578): CMD Enviado: sub=0x01 p1=0x00 p2=0x00
02-19 21:13:38.362 D/K706RadioManager(17578): Seek UP iniciado
02-19 21:13:38.433 E/mcu_services( 5512): MCU2APP : [ff fe fd 12 01 b1 00 00 29 63 22 38 23 32 23 aa 23 be 24 04 24 36 d7 ff ]
02-19 21:13:38.433 E/mcu_services( 5512): MCU2APP : [ff fe fd 03 01 b0 58 e9 ff ]
02-19 21:13:38.435 D/K706RadioManager(17578): IMcuListener.onTransact: code=1 flags=16
02-19 21:13:38.437 D/K706RadioManager(17578): >>> IMcuListener.onMcuInfoChanged received! data=B1 00 00 29 63 22 38 23 32 23 AA 23 BE 24 04 24 36 
02-19 21:13:38.439 D/K706RadioManager(17578): MCU[0xB1] len=17 : B1 00 00 29 63 22 38 23 32 23 AA 23 BE 24 04 24 36 
02-19 21:13:38.439 D/K706RadioManager(17578): PresetList: band=0 presetIdx=0 currentFreq=10595 firstFreq=10595 (offset=3)
02-19 21:13:38.439 D/K706RadioManager(17578): >>> FREQ: 105900 -> 105950 (MCU=10595, 105,95 MHz)
02-19 21:13:38.441 D/TunerPresenter(15794): handleTunerRawData: b1 0 0 29 63 22 38 23 32 23 aa 23 be 24 4 24 36 
02-19 21:13:38.442 D/K706RadioManager(17578): IMcuListener.onTransact: code=1 flags=16
02-19 21:13:38.442 D/TunerManagerForExt(15794): FMRadio main (TunerManagerForExt.java:147) onTunerPresetListChanged:  - mBand: 0 - mPresetIndex: 0 - mFrequency: 10595 - index: 0 - preset: 8760 - index: 1 - preset: 9010 - index: 2 - preset: 9130 - index: 3 - preset: 9150 - index: 4 - preset: 9220 - index: 5 - preset: 9270
02-19 21:13:38.442 D/K706RadioManager(17578): >>> IMcuListener.onMcuInfoChanged received! data=B0 58 
02-19 21:13:38.443 D/K706RadioManager(17578): MCU[0xB0] len=2 : B0 58 
02-19 21:13:38.443 D/K706RadioManager(17578): TunerInfo: flags=0x58 save=false AS=true finish=true valid=false ST=true LOC=false seek=false scan=false
02-19 21:13:38.459 D/TunerPresenter(15794): handleTunerRawData: b0 58 
02-19 21:13:38.459 D/TunerManagerForExt(15794): FMRadio main (TunerManagerForExt.java:108) onTunerInfoChanged: onTunerInfoChanged - flag: 88 - asFlag: 0 - psFlag: 0 - scanFlag: 0 - seekFlag: 1 - mStFlag: 1 - mLocFlag: 0 - mIsSearching: false - mTempSearching: false
02-19 21:13:38.459 D/TunerManagerForExt(15794): FMRadio main (TunerManagerForExt.java:118) onTunerInfoChanged: mIsSearching: true - mTempSearching: false - asFlag: 0 - seekFlag: 1
02-19 21:13:38.478 E/mcu_services( 5512): MCU2APP : [ff fe fd 12 01 b1 00 00 29 68 22 38 23 32 23 aa 23 be 24 04 24 36 dc ff ]
02-19 21:13:38.480 D/K706RadioManager(17578): IMcuListener.onTransact: code=1 flags=16
02-19 21:13:38.481 D/K706RadioManager(17578): >>> IMcuListener.onMcuInfoChanged received! data=B1 00 00 29 68 22 38 23 32 23 AA 23 BE 24 04 24 36 
02-19 21:13:38.482 D/K706RadioManager(17578): MCU[0xB1] len=17 : B1 00 00 29 68 22 38 23 32 23 AA 23 BE 24 04 24 36 
02-19 21:13:38.482 D/K706RadioManager(17578): PresetList: band=0 presetIdx=0 currentFreq=10600 firstFreq=10600 (offset=3)
02-19 21:13:38.483 D/K706RadioManager(17578): >>> FREQ: 105950 -> 106000 (MCU=10600, 106,00 MHz)
02-19 21:13:38.485 D/TunerPresenter(15794): handleTunerRawData: b1 0 0 29 68 22 38 23 32 23 aa 23 be 24 4 24 36 
02-19 21:13:38.487 D/TunerManagerForExt(15794): FMRadio main (TunerManagerForExt.java:147) onTunerPresetListChanged:  - mBand: 0 - mPresetIndex: 0 - mFrequency: 10600 - index: 0 - preset: 8760 - index: 1 - preset: 9010 - index: 2 - preset: 9130 - index: 3 - preset: 9150 - index: 4 - preset: 9220 - index: 5 - preset: 9270
02-19 21:13:38.528 E/mcu_services( 5512): MCU2APP : [ff fe fd 12 01 b1 00 00 29 6d 22 38 23 32 23 aa 23 be 24 04 24 36 d9 ff ]
02-19 21:13:38.530 D/K706RadioManager(17578): IMcuListener.onTransact: code=1 flags=16
02-19 21:13:38.531 D/K706RadioManager(17578): >>> IMcuListener.onMcuInfoChanged received! data=B1 00 00 29 6D 22 38 23 32 23 AA 23 BE 24 04 24 36 
02-19 21:13:38.532 D/K706RadioManager(17578): MCU[0xB1] len=17 : B1 00 00 29 6D 22 38 23 32 23 AA 23 BE 24 04 24 36 
02-19 21:13:38.532 D/K706RadioManager(17578): PresetList: band=0 presetIdx=0 currentFreq=10605 firstFreq=10605 (offset=3)
02-19 21:13:38.532 D/K706RadioManager(17578): >>> FREQ: 106000 -> 106050 (MCU=10605, 106,05 MHz)
02-19 21:13:38.534 D/TunerPresenter(15794): handleTunerRawData: b1 0 0 29 6d 22 38 23 32 23 aa 23 be 24 4 24 36 
02-19 21:13:38.537 D/TunerManagerForExt(15794): FMRadio main (TunerManagerForExt.java:147) onTunerPresetListChanged:  - mBand: 0 - mPresetIndex: 0 - mFrequency: 10605 - index: 0 - preset: 8760 - index: 1 - preset: 9010 - index: 2 - preset: 9130 - index: 3 - preset: 9150 - index: 4 - preset: 9220 - index: 5 - preset: 9270
02-19 21:13:38.577 E/mcu_services( 5512): MCU2APP : [ff fe fd 12 01 b1 00 00 29 72 22 38 23 32 23 aa 23 be 24 04 24 36 c6 ff ]
02-19 21:13:38.579 D/K706RadioManager(17578): IMcuListener.onTransact: code=1 flags=16
02-19 21:13:38.580 D/K706RadioManager(17578): >>> IMcuListener.onMcuInfoChanged received! data=B1 00 00 29 72 22 38 23 32 23 AA 23 BE 24 04 24 36 
02-19 21:13:38.581 D/K706RadioManager(17578): MCU[0xB1] len=17 : B1 00 00 29 72 22 38 23 32 23 AA 23 BE 24 04 24 36 
02-19 21:13:38.581 D/K706RadioManager(17578): PresetList: band=0 presetIdx=0 currentFreq=10610 firstFreq=10610 (offset=3)
02-19 21:13:38.582 D/K706RadioManager(17578): >>> FREQ: 106050 -> 106100 (MCU=10610, 106,10 MHz)
02-19 21:13:38.584 D/TunerPresenter(15794): handleTunerRawData: b1 0 0 29 72 22 38 23 32 23 aa 23 be 24 4 24 36 
02-19 21:13:38.586 D/TunerManagerForExt(15794): FMRadio main (TunerManagerForExt.java:147) onTunerPresetListChanged:  - mBand: 0 - mPresetIndex: 0 - mFrequency: 10610 - index: 0 - preset: 8760 - index: 1 - preset: 9010 - index: 2 - preset: 9130 - index: 3 - preset: 9150 - index: 4 - preset: 9220 - index: 5 - preset: 9270
02-19 21:13:38.627 E/mcu_services( 5512): MCU2APP : [ff fe fd 12 01 b1 00 00 29 77 22 38 23 32 23 aa 23 be 24 04 24 36 c3 ff ]
02-19 21:13:38.628 D/K706RadioManager(17578): IMcuListener.onTransact: code=1 flags=16
02-19 21:13:38.630 D/K706RadioManager(17578): >>> IMcuListener.onMcuInfoChanged received! data=B1 00 00 29 77 22 38 23 32 23 AA 23 BE 24 04 24 36 
02-19 21:13:38.631 D/K706RadioManager(17578): MCU[0xB1] len=17 : B1 00 00 29 77 22 38 23 32 23 AA 23 BE 24 04 24 36 
02-19 21:13:38.631 D/K706RadioManager(17578): PresetList: band=0 presetIdx=0 currentFreq=10615 firstFreq=10615 (offset=3)
02-19 21:13:38.631 D/K706RadioManager(17578): >>> FREQ: 106100 -> 106150 (MCU=10615, 106,15 MHz)
02-19 21:13:38.633 D/TunerPresenter(15794): handleTunerRawData: b1 0 0 29 77 22 38 23 32 23 aa 23 be 24 4 24 36 
02-19 21:13:38.635 D/TunerManagerForExt(15794): FMRadio main (TunerManagerForExt.java:147) onTunerPresetListChanged:  - mBand: 0 - mPresetIndex: 0 - mFrequency: 10615 - index: 0 - preset: 8760 - index: 1 - preset: 9010 - index: 2 - preset: 9130 - index: 3 - preset: 9150 - index: 4 - preset: 9220 - index: 5 - preset: 9270
02-19 21:13:38.677 E/mcu_services( 5512): MCU2APP : [ff fe fd 12 01 b1 00 00 29 7c 22 38 23 32 23 aa 23 be 24 04 24 36 c8 ff ]
02-19 21:13:38.679 D/K706RadioManager(17578): IMcuListener.onTransact: code=1 flags=16
02-19 21:13:38.680 D/K706RadioManager(17578): >>> IMcuListener.onMcuInfoChanged received! data=B1 00 00 29 7C 22 38 23 32 23 AA 23 BE 24 04 24 36 
02-19 21:13:38.680 D/K706RadioManager(17578): MCU[0xB1] len=17 : B1 00 00 29 7C 22 38 23 32 23 AA 23 BE 24 04 24 36 
02-19 21:13:38.681 D/K706RadioManager(17578): PresetList: band=0 presetIdx=0 currentFreq=10620 firstFreq=10620 (offset=3)
02-19 21:13:38.681 D/K706RadioManager(17578): >>> FREQ: 106150 -> 106200 (MCU=10620, 106,20 MHz)
02-19 21:13:38.683 D/TunerPresenter(15794): handleTunerRawData: b1 0 0 29 7c 22 38 23 32 23 aa 23 be 24 4 24 36 
02-19 21:13:38.686 D/TunerManagerForExt(15794): FMRadio main (TunerManagerForExt.java:147) onTunerPresetListChanged:  - mBand: 0 - mPresetIndex: 0 - mFrequency: 10620 - index: 0 - preset: 8760 - index: 1 - preset: 9010 - index: 2 - preset: 9130 - index: 3 - preset: 9150 - index: 4 - preset: 9220 - index: 5 - preset: 9270
02-19 21:13:38.727 E/mcu_services( 5512): MCU2APP : [ff fe fd 12 01 b1 00 00 29 81 22 38 23 32 23 aa 23 be 24 04 24 36 35 ff ]
02-19 21:13:38.729 D/K706RadioManager(17578): IMcuListener.onTransact: code=1 flags=16
02-19 21:13:38.730 D/K706RadioManager(17578): >>> IMcuListener.onMcuInfoChanged received! data=B1 00 00 29 81 22 38 23 32 23 AA 23 BE 24 04 24 36 
02-19 21:13:38.732 D/K706RadioManager(17578): MCU[0xB1] len=17 : B1 00 00 29 81 22 38 23 32 23 AA 23 BE 24 04 24 36 
02-19 21:13:38.732 D/K706RadioManager(17578): PresetList: band=0 presetIdx=0 currentFreq=10625 firstFreq=10625 (offset=3)
02-19 21:13:38.732 D/K706RadioManager(17578): >>> FREQ: 106200 -> 106250 (MCU=10625, 106,25 MHz)
02-19 21:13:38.735 D/TunerPresenter(15794): handleTunerRawData: b1 0 0 29 81 22 38 23 32 23 aa 23 be 24 4 24 36 
02-19 21:13:38.737 D/TunerManagerForExt(15794): FMRadio main (TunerManagerForExt.java:147) onTunerPresetListChanged:  - mBand: 0 - mPresetIndex: 0 - mFrequency: 10625 - index: 0 - preset: 8760 - index: 1 - preset: 9010 - index: 2 - preset: 9130 - index: 3 - preset: 9150 - index: 4 - preset: 9220 - index: 5 - preset: 9270
02-19 21:13:38.777 E/mcu_services( 5512): MCU2APP : [ff fe fd 12 01 b1 00 00 29 86 22 38 23 32 23 aa 23 be 24 04 24 36 32 ff ]
02-19 21:13:38.779 D/K706RadioManager(17578): IMcuListener.onTransact: code=1 flags=16
02-19 21:13:38.780 D/K706RadioManager(17578): >>> IMcuListener.onMcuInfoChanged received! data=B1 00 00 29 86 22 38 23 32 23 AA 23 BE 24 04 24 36 
02-19 21:13:38.781 D/K706RadioManager(17578): MCU[0xB1] len=17 : B1 00 00 29 86 22 38 23 32 23 AA 23 BE 24 04 24 36 
02-19 21:13:38.781 D/K706RadioManager(17578): PresetList: band=0 presetIdx=0 currentFreq=10630 firstFreq=10630 (offset=3)
02-19 21:13:38.781 D/K706RadioManager(17578): >>> FREQ: 106250 -> 106300 (MCU=10630, 106,30 MHz)
02-19 21:13:38.783 D/TunerPresenter(15794): handleTunerRawData: b1 0 0 29 86 22 38 23 32 23 aa 23 be 24 4 24 36 
02-19 21:13:38.785 D/TunerManagerForExt(15794): FMRadio main (TunerManagerForExt.java:147) onTunerPresetListChanged:  - mBand: 0 - mPresetIndex: 0 - mFrequency: 10630 - index: 0 - preset: 8760 - index: 1 - preset: 9010 - index: 2 - preset: 9130 - index: 3 - preset: 9150 - index: 4 - preset: 9220 - index: 5 - preset: 9270
02-19 21:13:38.826 E/mcu_services( 5512): MCU2APP : [ff fe fd 12 01 b1 00 00 29 8b 22 38 23 32 23 aa 23 be 24 04 24 36 3f ff ]
02-19 21:13:38.828 D/K706RadioManager(17578): IMcuListener.onTransact: code=1 flags=16
02-19 21:13:38.829 D/K706RadioManager(17578): >>> IMcuListener.onMcuInfoChanged received! data=B1 00 00 29 8B 22 38 23 32 23 AA 23 BE 24 04 24 36 
02-19 21:13:38.830 D/K706RadioManager(17578): MCU[0xB1] len=17 : B1 00 00 29 8B 22 38 23 32 23 AA 23 BE 24 04 24 36 
02-19 21:13:38.830 D/K706RadioManager(17578): PresetList: band=0 presetIdx=0 currentFreq=10635 firstFreq=10635 (offset=3)
02-19 21:13:38.830 D/K706RadioManager(17578): >>> FREQ: 106300 -> 106350 (MCU=10635, 106,35 MHz)
02-19 21:13:38.832 D/TunerPresenter(15794): handleTunerRawData: b1 0 0 29 8b 22 38 23 32 23 aa 23 be 24 4 24 36 
02-19 21:13:38.835 D/TunerManagerForExt(15794): FMRadio main (TunerManagerForExt.java:147) onTunerPresetListChanged:  - mBand: 0 - mPresetIndex: 0 - mFrequency: 10635 - index: 0 - preset: 8760 - index: 1 - preset: 9010 - index: 2 - preset: 9130 - index: 3 - preset: 9150 - index: 4 - preset: 9220 - index: 5 - preset: 9270
02-19 21:13:38.876 E/mcu_services( 5512): MCU2APP : [ff fe fd 12 01 b1 00 00 29 90 22 38 23 32 23 aa 23 be 24 04 24 36 24 ff ]
02-19 21:13:38.877 D/K706RadioManager(17578): IMcuListener.onTransact: code=1 flags=16
02-19 21:13:38.878 D/K706RadioManager(17578): >>> IMcuListener.onMcuInfoChanged received! data=B1 00 00 29 90 22 38 23 32 23 AA 23 BE 24 04 24 36 
02-19 21:13:38.879 D/K706RadioManager(17578): MCU[0xB1] len=17 : B1 00 00 29 90 22 38 23 32 23 AA 23 BE 24 04 24 36 
02-19 21:13:38.879 D/K706RadioManager(17578): PresetList: band=0 presetIdx=0 currentFreq=10640 firstFreq=10640 (offset=3)
02-19 21:13:38.880 D/K706RadioManager(17578): >>> FREQ: 106350 -> 106400 (MCU=10640, 106,40 MHz)
02-19 21:13:38.881 D/TunerPresenter(15794): handleTunerRawData: b1 0 0 29 90 22 38 23 32 23 aa 23 be 24 4 24 36 
02-19 21:13:38.884 D/TunerManagerForExt(15794): FMRadio main (TunerManagerForExt.java:147) onTunerPresetListChanged:  - mBand: 0 - mPresetIndex: 0 - mFrequency: 10640 - index: 0 - preset: 8760 - index: 1 - preset: 9010 - index: 2 - preset: 9130 - index: 3 - preset: 9150 - index: 4 - preset: 9220 - index: 5 - preset: 9270
02-19 21:13:38.926 E/mcu_services( 5512): MCU2APP : [ff fe fd 12 01 b1 00 00 29 95 22 38 23 32 23 aa 23 be 24 04 24 36 21 ff ]
02-19 21:13:38.928 D/K706RadioManager(17578): IMcuListener.onTransact: code=1 flags=16
02-19 21:13:38.929 D/K706RadioManager(17578): >>> IMcuListener.onMcuInfoChanged received! data=B1 00 00 29 95 22 38 23 32 23 AA 23 BE 24 04 24 36 
02-19 21:13:38.930 D/K706RadioManager(17578): MCU[0xB1] len=17 : B1 00 00 29 95 22 38 23 32 23 AA 23 BE 24 04 24 36 
02-19 21:13:38.930 D/K706RadioManager(17578): PresetList: band=0 presetIdx=0 currentFreq=10645 firstFreq=10645 (offset=3)
02-19 21:13:38.930 D/K706RadioManager(17578): >>> FREQ: 106400 -> 106450 (MCU=10645, 106,45 MHz)
02-19 21:13:38.932 D/TunerPresenter(15794): handleTunerRawData: b1 0 0 29 95 22 38 23 32 23 aa 23 be 24 4 24 36 
02-19 21:13:38.935 D/TunerManagerForExt(15794): FMRadio main (TunerManagerForExt.java:147) onTunerPresetListChanged:  - mBand: 0 - mPresetIndex: 0 - mFrequency: 10645 - index: 0 - preset: 8760 - index: 1 - preset: 9010 - index: 2 - preset: 9130 - index: 3 - preset: 9150 - index: 4 - preset: 9220 - index: 5 - preset: 9270
02-19 21:13:38.976 E/mcu_services( 5512): MCU2APP : [ff fe fd 12 01 b1 00 00 29 9a 22 38 23 32 23 aa 23 be 24 04 24 36 2e ff ]
02-19 21:13:38.977 D/K706RadioManager(17578): IMcuListener.onTransact: code=1 flags=16
02-19 21:13:38.978 D/K706RadioManager(17578): >>> IMcuListener.onMcuInfoChanged received! data=B1 00 00 29 9A 22 38 23 32 23 AA 23 BE 24 04 24 36 
02-19 21:13:38.979 D/K706RadioManager(17578): MCU[0xB1] len=17 : B1 00 00 29 9A 22 38 23 32 23 AA 23 BE 24 04 24 36 
02-19 21:13:38.979 D/K706RadioManager(17578): PresetList: band=0 presetIdx=0 currentFreq=10650 firstFreq=10650 (offset=3)
02-19 21:13:38.980 D/K706RadioManager(17578): >>> FREQ: 106450 -> 106500 (MCU=10650, 106,50 MHz)
02-19 21:13:38.982 D/TunerPresenter(15794): handleTunerRawData: b1 0 0 29 9a 22 38 23 32 23 aa 23 be 24 4 24 36 
02-19 21:13:38.984 D/TunerManagerForExt(15794): FMRadio main (TunerManagerForExt.java:147) onTunerPresetListChanged:  - mBand: 0 - mPresetIndex: 0 - mFrequency: 10650 - index: 0 - preset: 8760 - index: 1 - preset: 9010 - index: 2 - preset: 9130 - index: 3 - preset: 9150 - index: 4 - preset: 9220 - index: 5 - preset: 9270
02-19 21:13:39.025 E/mcu_services( 5512): MCU2APP : [ff fe fd 12 01 b1 00 00 29 9f 22 38 23 32 23 aa 23 be 24 04 24 36 2b ff ]
02-19 21:13:39.027 D/K706RadioManager(17578): IMcuListener.onTransact: code=1 flags=16
02-19 21:13:39.028 D/K706RadioManager(17578): >>> IMcuListener.onMcuInfoChanged received! data=B1 00 00 29 9F 22 38 23 32 23 AA 23 BE 24 04 24 36 
02-19 21:13:39.030 D/K706RadioManager(17578): MCU[0xB1] len=17 : B1 00 00 29 9F 22 38 23 32 23 AA 23 BE 24 04 24 36 
02-19 21:13:39.031 D/K706RadioManager(17578): PresetList: band=0 presetIdx=0 currentFreq=10655 firstFreq=10655 (offset=3)
02-19 21:13:39.031 D/K706RadioManager(17578): >>> FREQ: 106500 -> 106550 (MCU=10655, 106,55 MHz)
02-19 21:13:39.033 D/TunerPresenter(15794): handleTunerRawData: b1 0 0 29 9f 22 38 23 32 23 aa 23 be 24 4 24 36 
02-19 21:13:39.036 D/TunerManagerForExt(15794): FMRadio main (TunerManagerForExt.java:147) onTunerPresetListChanged:  - mBand: 0 - mPresetIndex: 0 - mFrequency: 10655 - index: 0 - preset: 8760 - index: 1 - preset: 9010 - index: 2 - preset: 9130 - index: 3 - preset: 9150 - index: 4 - preset: 9220 - index: 5 - preset: 9270
02-19 21:13:39.075 E/mcu_services( 5512): MCU2APP : [ff fe fd 12 01 b1 00 00 29 a4 22 38 23 32 23 aa 23 be 24 04 24 36 10 ff ]
02-19 21:13:39.077 D/K706RadioManager(17578): IMcuListener.onTransact: code=1 flags=16
02-19 21:13:39.078 D/K706RadioManager(17578): >>> IMcuListener.onMcuInfoChanged received! data=B1 00 00 29 A4 22 38 23 32 23 AA 23 BE 24 04 24 36 
02-19 21:13:39.079 D/K706RadioManager(17578): MCU[0xB1] len=17 : B1 00 00 29 A4 22 38 23 32 23 AA 23 BE 24 04 24 36 
02-19 21:13:39.079 D/K706RadioManager(17578): PresetList: band=0 presetIdx=0 currentFreq=10660 firstFreq=10660 (offset=3)
02-19 21:13:39.079 D/K706RadioManager(17578): >>> FREQ: 106550 -> 106600 (MCU=10660, 106,60 MHz)
02-19 21:13:39.081 D/TunerPresenter(15794): handleTunerRawData: b1 0 0 29 a4 22 38 23 32 23 aa 23 be 24 4 24 36 
02-19 21:13:39.084 D/TunerManagerForExt(15794): FMRadio main (TunerManagerForExt.java:147) onTunerPresetListChanged:  - mBand: 0 - mPresetIndex: 0 - mFrequency: 10660 - index: 0 - preset: 8760 - index: 1 - preset: 9010 - index: 2 - preset: 9130 - index: 3 - preset: 9150 - index: 4 - preset: 9220 - index: 5 - preset: 9270
02-19 21:13:39.124 E/mcu_services( 5512): MCU2APP : [ff fe fd 03 01 29 6d 45 ff ]
02-19 21:13:39.125 E/mcu_services( 5512): MCU2APP : [ff fe fd 12 01 b1 00 00 29 a9 22 38 23 32 23 aa 23 be 24 04 24 36 1d ff ]
02-19 21:13:39.126 D/K706RadioManager(17578): IMcuListener.onTransact: code=1 flags=16
02-19 21:13:39.126 D/K706RadioManager(17578): >>> IMcuListener.onMcuInfoChanged received! data=29 6D 
02-19 21:13:39.127 D/K706RadioManager(17578): MCU[0x29] len=2 : 29 6D 
02-19 21:13:39.128 D/K706RadioManager(17578): Unknown MCU packet type: 0x29
02-19 21:13:39.135 D/K706RadioManager(17578): IMcuListener.onTransact: code=1 flags=16
02-19 21:13:39.136 D/K706RadioManager(17578): >>> IMcuListener.onMcuInfoChanged received! data=B1 00 00 29 A9 22 38 23 32 23 AA 23 BE 24 04 24 36 
02-19 21:13:39.136 D/K706RadioManager(17578): MCU[0xB1] len=17 : B1 00 00 29 A9 22 38 23 32 23 AA 23 BE 24 04 24 36 
02-19 21:13:39.136 D/K706RadioManager(17578): PresetList: band=0 presetIdx=0 currentFreq=10665 firstFreq=10665 (offset=3)
02-19 21:13:39.137 D/K706RadioManager(17578): >>> FREQ: 106600 -> 106650 (MCU=10665, 106,65 MHz)
02-19 21:13:39.139 D/TunerPresenter(15794): handleTunerRawData: b1 0 0 29 a9 22 38 23 32 23 aa 23 be 24 4 24 36 
02-19 21:13:39.142 D/TunerManagerForExt(15794): FMRadio main (TunerManagerForExt.java:147) onTunerPresetListChanged:  - mBand: 0 - mPresetIndex: 0 - mFrequency: 10665 - index: 0 - preset: 8760 - index: 1 - preset: 9010 - index: 2 - preset: 9130 - index: 3 - preset: 9150 - index: 4 - preset: 9220 - index: 5 - preset: 9270
02-19 21:13:39.174 E/mcu_services( 5512): MCU2APP : [ff fe fd 12 01 b1 00 00 29 ae 22 38 23 32 23 aa 23 be 24 04 24 36 1a ff ]
02-19 21:13:39.175 D/K706RadioManager(17578): IMcuListener.onTransact: code=1 flags=16
02-19 21:13:39.177 D/K706RadioManager(17578): >>> IMcuListener.onMcuInfoChanged received! data=B1 00 00 29 AE 22 38 23 32 23 AA 23 BE 24 04 24 36 
02-19 21:13:39.178 D/K706RadioManager(17578): MCU[0xB1] len=17 : B1 00 00 29 AE 22 38 23 32 23 AA 23 BE 24 04 24 36 
02-19 21:13:39.178 D/K706RadioManager(17578): PresetList: band=0 presetIdx=0 currentFreq=10670 firstFreq=10670 (offset=3)
02-19 21:13:39.178 D/K706RadioManager(17578): >>> FREQ: 106650 -> 106700 (MCU=10670, 106,70 MHz)
02-19 21:13:39.180 D/TunerPresenter(15794): handleTunerRawData: b1 0 0 29 ae 22 38 23 32 23 aa 23 be 24 4 24 36 
02-19 21:13:39.182 D/TunerManagerForExt(15794): FMRadio main (TunerManagerForExt.java:147) onTunerPresetListChanged:  - mBand: 0 - mPresetIndex: 0 - mFrequency: 10670 - index: 0 - preset: 8760 - index: 1 - preset: 9010 - index: 2 - preset: 9130 - index: 3 - preset: 9150 - index: 4 - preset: 9220 - index: 5 - preset: 9270
02-19 21:13:39.224 E/mcu_services( 5512): MCU2APP : [ff fe fd 12 01 b1 00 00 29 b3 22 38 23 32 23 aa 23 be 24 04 24 36 07 ff ]
02-19 21:13:39.225 D/K706RadioManager(17578): IMcuListener.onTransact: code=1 flags=16
02-19 21:13:39.226 D/K706RadioManager(17578): >>> IMcuListener.onMcuInfoChanged received! data=B1 00 00 29 B3 22 38 23 32 23 AA 23 BE 24 04 24 36 
02-19 21:13:39.227 D/K706RadioManager(17578): MCU[0xB1] len=17 : B1 00 00 29 B3 22 38 23 32 23 AA 23 BE 24 04 24 36 
02-19 21:13:39.227 D/K706RadioManager(17578): PresetList: band=0 presetIdx=0 currentFreq=10675 firstFreq=10675 (offset=3)
02-19 21:13:39.228 D/K706RadioManager(17578): >>> FREQ: 106700 -> 106750 (MCU=10675, 106,75 MHz)
02-19 21:13:39.230 D/TunerPresenter(15794): handleTunerRawData: b1 0 0 29 b3 22 38 23 32 23 aa 23 be 24 4 24 36 
02-19 21:13:39.233 D/TunerManagerForExt(15794): FMRadio main (TunerManagerForExt.java:147) onTunerPresetListChanged:  - mBand: 0 - mPresetIndex: 0 - mFrequency: 10675 - index: 0 - preset: 8760 - index: 1 - preset: 9010 - index: 2 - preset: 9130 - index: 3 - preset: 9150 - index: 4 - preset: 9220 - index: 5 - preset: 9270
02-19 21:13:39.274 E/mcu_services( 5512): MCU2APP : [ff fe fd 12 01 b1 00 00 29 b8 22 38 23 32 23 aa 23 be 24 04 24 36 0c ff ]
02-19 21:13:39.276 D/K706RadioManager(17578): IMcuListener.onTransact: code=1 flags=16
02-19 21:13:39.277 D/K706RadioManager(17578): >>> IMcuListener.onMcuInfoChanged received! data=B1 00 00 29 B8 22 38 23 32 23 AA 23 BE 24 04 24 36 
02-19 21:13:39.278 D/K706RadioManager(17578): MCU[0xB1] len=17 : B1 00 00 29 B8 22 38 23 32 23 AA 23 BE 24 04 24 36 
02-19 21:13:39.278 D/K706RadioManager(17578): PresetList: band=0 presetIdx=0 currentFreq=10680 firstFreq=10680 (offset=3)
02-19 21:13:39.278 D/K706RadioManager(17578): >>> FREQ: 106750 -> 106800 (MCU=10680, 106,80 MHz)
02-19 21:13:39.280 D/TunerPresenter(15794): handleTunerRawData: b1 0 0 29 b8 22 38 23 32 23 aa 23 be 24 4 24 36 
02-19 21:13:39.282 D/TunerManagerForExt(15794): FMRadio main (TunerManagerForExt.java:147) onTunerPresetListChanged:  - mBand: 0 - mPresetIndex: 0 - mFrequency: 10680 - index: 0 - preset: 8760 - index: 1 - preset: 9010 - index: 2 - preset: 9130 - index: 3 - preset: 9150 - index: 4 - preset: 9220 - index: 5 - preset: 9270
02-19 21:13:39.323 E/mcu_services( 5512): MCU2APP : [ff fe fd 12 01 b1 00 00 29 bd 22 38 23 32 23 aa 23 be 24 04 24 36 09 ff ]
02-19 21:13:39.326 D/K706RadioManager(17578): IMcuListener.onTransact: code=1 flags=16
02-19 21:13:39.327 D/K706RadioManager(17578): >>> IMcuListener.onMcuInfoChanged received! data=B1 00 00 29 BD 22 38 23 32 23 AA 23 BE 24 04 24 36 
02-19 21:13:39.327 D/K706RadioManager(17578): MCU[0xB1] len=17 : B1 00 00 29 BD 22 38 23 32 23 AA 23 BE 24 04 24 36 
02-19 21:13:39.328 D/K706RadioManager(17578): PresetList: band=0 presetIdx=0 currentFreq=10685 firstFreq=10685 (offset=3)
02-19 21:13:39.328 D/K706RadioManager(17578): >>> FREQ: 106800 -> 106850 (MCU=10685, 106,85 MHz)
02-19 21:13:39.329 D/TunerPresenter(15794): handleTunerRawData: b1 0 0 29 bd 22 38 23 32 23 aa 23 be 24 4 24 36 
02-19 21:13:39.332 D/TunerManagerForExt(15794): FMRadio main (TunerManagerForExt.java:147) onTunerPresetListChanged:  - mBand: 0 - mPresetIndex: 0 - mFrequency: 10685 - index: 0 - preset: 8760 - index: 1 - preset: 9010 - index: 2 - preset: 9130 - index: 3 - preset: 9150 - index: 4 - preset: 9220 - index: 5 - preset: 9270
02-19 21:13:39.373 E/mcu_services( 5512): MCU2APP : [ff fe fd 12 01 b1 00 00 29 c2 22 38 23 32 23 aa 23 be 24 04 24 36 76 ff ]
02-19 21:13:39.375 D/K706RadioManager(17578): IMcuListener.onTransact: code=1 flags=16
02-19 21:13:39.376 D/K706RadioManager(17578): >>> IMcuListener.onMcuInfoChanged received! data=B1 00 00 29 C2 22 38 23 32 23 AA 23 BE 24 04 24 36 
02-19 21:13:39.377 D/K706RadioManager(17578): MCU[0xB1] len=17 : B1 00 00 29 C2 22 38 23 32 23 AA 23 BE 24 04 24 36 
02-19 21:13:39.377 D/K706RadioManager(17578): PresetList: band=0 presetIdx=0 currentFreq=10690 firstFreq=10690 (offset=3)
02-19 21:13:39.378 D/K706RadioManager(17578): >>> FREQ: 106850 -> 106900 (MCU=10690, 106,90 MHz)
02-19 21:13:39.380 D/TunerPresenter(15794): handleTunerRawData: b1 0 0 29 c2 22 38 23 32 23 aa 23 be 24 4 24 36 
02-19 21:13:39.382 D/TunerManagerForExt(15794): FMRadio main (TunerManagerForExt.java:147) onTunerPresetListChanged:  - mBand: 0 - mPresetIndex: 0 - mFrequency: 10690 - index: 0 - preset: 8760 - index: 1 - preset: 9010 - index: 2 - preset: 9130 - index: 3 - preset: 9150 - index: 4 - preset: 9220 - index: 5 - preset: 9270
02-19 21:13:39.423 E/mcu_services( 5512): MCU2APP : [ff fe fd 12 01 b1 00 00 29 c7 22 38 23 32 23 aa 23 be 24 04 24 36 73 ff ]
02-19 21:13:39.425 D/K706RadioManager(17578): IMcuListener.onTransact: code=1 flags=16
02-19 21:13:39.426 D/K706RadioManager(17578): >>> IMcuListener.onMcuInfoChanged received! data=B1 00 00 29 C7 22 38 23 32 23 AA 23 BE 24 04 24 36 
02-19 21:13:39.427 D/K706RadioManager(17578): MCU[0xB1] len=17 : B1 00 00 29 C7 22 38 23 32 23 AA 23 BE 24 04 24 36 
02-19 21:13:39.428 D/K706RadioManager(17578): PresetList: band=0 presetIdx=0 currentFreq=10695 firstFreq=10695 (offset=3)
02-19 21:13:39.428 D/K706RadioManager(17578): >>> FREQ: 106900 -> 106950 (MCU=10695, 106,95 MHz)
02-19 21:13:39.430 D/TunerPresenter(15794): handleTunerRawData: b1 0 0 29 c7 22 38 23 32 23 aa 23 be 24 4 24 36 
02-19 21:13:39.432 D/TunerManagerForExt(15794): FMRadio main (TunerManagerForExt.java:147) onTunerPresetListChanged:  - mBand: 0 - mPresetIndex: 0 - mFrequency: 10695 - index: 0 - preset: 8760 - index: 1 - preset: 9010 - index: 2 - preset: 9130 - index: 3 - preset: 9150 - index: 4 - preset: 9220 - index: 5 - preset: 9270
02-19 21:13:39.473 E/mcu_services( 5512): MCU2APP : [ff fe fd 12 01 b1 00 00 29 cc 22 38 23 32 23 aa 23 be 24 04 24 36 78 ff ]
02-19 21:13:39.475 D/K706RadioManager(17578): IMcuListener.onTransact: code=1 flags=16
02-19 21:13:39.477 D/K706RadioManager(17578): >>> IMcuListener.onMcuInfoChanged received! data=B1 00 00 29 CC 22 38 23 32 23 AA 23 BE 24 04 24 36 
02-19 21:13:39.479 D/K706RadioManager(17578): MCU[0xB1] len=17 : B1 00 00 29 CC 22 38 23 32 23 AA 23 BE 24 04 24 36 
02-19 21:13:39.479 D/K706RadioManager(17578): PresetList: band=0 presetIdx=0 currentFreq=10700 firstFreq=10700 (offset=3)
02-19 21:13:39.480 D/K706RadioManager(17578): >>> FREQ: 106950 -> 107000 (MCU=10700, 107,00 MHz)
02-19 21:13:39.482 D/TunerPresenter(15794): handleTunerRawData: b1 0 0 29 cc 22 38 23 32 23 aa 23 be 24 4 24 36 
02-19 21:13:39.484 D/TunerManagerForExt(15794): FMRadio main (TunerManagerForExt.java:147) onTunerPresetListChanged:  - mBand: 0 - mPresetIndex: 0 - mFrequency: 10700 - index: 0 - preset: 8760 - index: 1 - preset: 9010 - index: 2 - preset: 9130 - index: 3 - preset: 9150 - index: 4 - preset: 9220 - index: 5 - preset: 9270
02-19 21:13:39.523 E/mcu_services( 5512): MCU2APP : [ff fe fd 12 01 b1 00 00 29 d1 22 38 23 32 23 aa 23 be 24 04 24 36 65 ff ]
02-19 21:13:39.524 D/K706RadioManager(17578): IMcuListener.onTransact: code=1 flags=16
02-19 21:13:39.526 D/K706RadioManager(17578): >>> IMcuListener.onMcuInfoChanged received! data=B1 00 00 29 D1 22 38 23 32 23 AA 23 BE 24 04 24 36 
02-19 21:13:39.526 D/K706RadioManager(17578): MCU[0xB1] len=17 : B1 00 00 29 D1 22 38 23 32 23 AA 23 BE 24 04 24 36 
02-19 21:13:39.527 D/K706RadioManager(17578): PresetList: band=0 presetIdx=0 currentFreq=10705 firstFreq=10705 (offset=3)
02-19 21:13:39.527 D/K706RadioManager(17578): >>> FREQ: 107000 -> 107050 (MCU=10705, 107,05 MHz)
02-19 21:13:39.529 D/TunerPresenter(15794): handleTunerRawData: b1 0 0 29 d1 22 38 23 32 23 aa 23 be 24 4 24 36 
02-19 21:13:39.532 D/TunerManagerForExt(15794): FMRadio main (TunerManagerForExt.java:147) onTunerPresetListChanged:  - mBand: 0 - mPresetIndex: 0 - mFrequency: 10705 - index: 0 - preset: 8760 - index: 1 - preset: 9010 - index: 2 - preset: 9130 - index: 3 - preset: 9150 - index: 4 - preset: 9220 - index: 5 - preset: 9270
02-19 21:13:39.572 E/mcu_services( 5512): MCU2APP : [ff fe fd 12 01 b1 00 00 29 d6 22 38 23 32 23 aa 23 be 24 04 24 36 62 ff ]
02-19 21:13:39.574 D/K706RadioManager(17578): IMcuListener.onTransact: code=1 flags=16
02-19 21:13:39.575 D/K706RadioManager(17578): >>> IMcuListener.onMcuInfoChanged received! data=B1 00 00 29 D6 22 38 23 32 23 AA 23 BE 24 04 24 36 
02-19 21:13:39.576 D/K706RadioManager(17578): MCU[0xB1] len=17 : B1 00 00 29 D6 22 38 23 32 23 AA 23 BE 24 04 24 36 
02-19 21:13:39.576 D/K706RadioManager(17578): PresetList: band=0 presetIdx=0 currentFreq=10710 firstFreq=10710 (offset=3)
02-19 21:13:39.576 D/K706RadioManager(17578): >>> FREQ: 107050 -> 107100 (MCU=10710, 107,10 MHz)
02-19 21:13:39.579 D/TunerPresenter(15794): handleTunerRawData: b1 0 0 29 d6 22 38 23 32 23 aa 23 be 24 4 24 36 
02-19 21:13:39.582 D/TunerManagerForExt(15794): FMRadio main (TunerManagerForExt.java:147) onTunerPresetListChanged:  - mBand: 0 - mPresetIndex: 0 - mFrequency: 10710 - index: 0 - preset: 8760 - index: 1 - preset: 9010 - index: 2 - preset: 9130 - index: 3 - preset: 9150 - index: 4 - preset: 9220 - index: 5 - preset: 9270
02-19 21:13:39.622 E/mcu_services( 5512): MCU2APP : [ff fe fd 12 01 b1 00 00 29 db 22 38 23 32 23 aa 23 be 24 04 24 36 6f ff ]
02-19 21:13:39.624 D/K706RadioManager(17578): IMcuListener.onTransact: code=1 flags=16
02-19 21:13:39.626 D/K706RadioManager(17578): >>> IMcuListener.onMcuInfoChanged received! data=B1 00 00 29 DB 22 38 23 32 23 AA 23 BE 24 04 24 36 
02-19 21:13:39.626 D/K706RadioManager(17578): MCU[0xB1] len=17 : B1 00 00 29 DB 22 38 23 32 23 AA 23 BE 24 04 24 36 
02-19 21:13:39.627 D/K706RadioManager(17578): PresetList: band=0 presetIdx=0 currentFreq=10715 firstFreq=10715 (offset=3)
02-19 21:13:39.627 D/K706RadioManager(17578): >>> FREQ: 107100 -> 107150 (MCU=10715, 107,15 MHz)
02-19 21:13:39.629 D/TunerPresenter(15794): handleTunerRawData: b1 0 0 29 db 22 38 23 32 23 aa 23 be 24 4 24 36 
02-19 21:13:39.632 D/TunerManagerForExt(15794): FMRadio main (TunerManagerForExt.java:147) onTunerPresetListChanged:  - mBand: 0 - mPresetIndex: 0 - mFrequency: 10715 - index: 0 - preset: 8760 - index: 1 - preset: 9010 - index: 2 - preset: 9130 - index: 3 - preset: 9150 - index: 4 - preset: 9220 - index: 5 - preset: 9270
02-19 21:13:39.671 E/mcu_services( 5512): MCU2APP : [ff fe fd 12 01 b1 00 00 29 e0 22 38 23 32 23 aa 23 be 24 04 24 36 54 ff ]
02-19 21:13:39.674 D/K706RadioManager(17578): IMcuListener.onTransact: code=1 flags=16
02-19 21:13:39.675 D/K706RadioManager(17578): >>> IMcuListener.onMcuInfoChanged received! data=B1 00 00 29 E0 22 38 23 32 23 AA 23 BE 24 04 24 36 
02-19 21:13:39.676 D/K706RadioManager(17578): MCU[0xB1] len=17 : B1 00 00 29 E0 22 38 23 32 23 AA 23 BE 24 04 24 36 
02-19 21:13:39.676 D/K706RadioManager(17578): PresetList: band=0 presetIdx=0 currentFreq=10720 firstFreq=10720 (offset=3)
02-19 21:13:39.676 D/K706RadioManager(17578): >>> FREQ: 107150 -> 107200 (MCU=10720, 107,20 MHz)
02-19 21:13:39.678 D/TunerPresenter(15794): handleTunerRawData: b1 0 0 29 e0 22 38 23 32 23 aa 23 be 24 4 24 36 
02-19 21:13:39.680 D/TunerManagerForExt(15794): FMRadio main (TunerManagerForExt.java:147) onTunerPresetListChanged:  - mBand: 0 - mPresetIndex: 0 - mFrequency: 10720 - index: 0 - preset: 8760 - index: 1 - preset: 9010 - index: 2 - preset: 9130 - index: 3 - preset: 9150 - index: 4 - preset: 9220 - index: 5 - preset: 9270
02-19 21:13:39.721 E/mcu_services( 5512): MCU2APP : [ff fe fd 12 01 b1 00 00 29 e5 22 38 23 32 23 aa 23 be 24 04 24 36 51 ff ]
02-19 21:13:39.723 D/K706RadioManager(17578): IMcuListener.onTransact: code=1 flags=16
02-19 21:13:39.725 D/K706RadioManager(17578): >>> IMcuListener.onMcuInfoChanged received! data=B1 00 00 29 E5 22 38 23 32 23 AA 23 BE 24 04 24 36 
02-19 21:13:39.725 D/K706RadioManager(17578): MCU[0xB1] len=17 : B1 00 00 29 E5 22 38 23 32 23 AA 23 BE 24 04 24 36 
02-19 21:13:39.726 D/K706RadioManager(17578): PresetList: band=0 presetIdx=0 currentFreq=10725 firstFreq=10725 (offset=3)
02-19 21:13:39.726 D/K706RadioManager(17578): >>> FREQ: 107200 -> 107250 (MCU=10725, 107,25 MHz)
02-19 21:13:39.728 D/TunerPresenter(15794): handleTunerRawData: b1 0 0 29 e5 22 38 23 32 23 aa 23 be 24 4 24 36 
02-19 21:13:39.730 D/TunerManagerForExt(15794): FMRadio main (TunerManagerForExt.java:147) onTunerPresetListChanged:  - mBand: 0 - mPresetIndex: 0 - mFrequency: 10725 - index: 0 - preset: 8760 - index: 1 - preset: 9010 - index: 2 - preset: 9130 - index: 3 - preset: 9150 - index: 4 - preset: 9220 - index: 5 - preset: 9270
02-19 21:13:39.771 E/mcu_services( 5512): MCU2APP : [ff fe fd 12 01 b1 00 00 29 ea 22 38 23 32 23 aa 23 be 24 04 24 36 5e ff ]
02-19 21:13:39.772 D/K706RadioManager(17578): IMcuListener.onTransact: code=1 flags=16
02-19 21:13:39.773 D/K706RadioManager(17578): >>> IMcuListener.onMcuInfoChanged received! data=B1 00 00 29 EA 22 38 23 32 23 AA 23 BE 24 04 24 36 
02-19 21:13:39.774 D/K706RadioManager(17578): MCU[0xB1] len=17 : B1 00 00 29 EA 22 38 23 32 23 AA 23 BE 24 04 24 36 
02-19 21:13:39.774 D/K706RadioManager(17578): PresetList: band=0 presetIdx=0 currentFreq=10730 firstFreq=10730 (offset=3)
02-19 21:13:39.775 D/K706RadioManager(17578): >>> FREQ: 107250 -> 107300 (MCU=10730, 107,30 MHz)
02-19 21:13:39.777 D/TunerPresenter(15794): handleTunerRawData: b1 0 0 29 ea 22 38 23 32 23 aa 23 be 24 4 24 36 
02-19 21:13:39.780 D/TunerManagerForExt(15794): FMRadio main (TunerManagerForExt.java:147) onTunerPresetListChanged:  - mBand: 0 - mPresetIndex: 0 - mFrequency: 10730 - index: 0 - preset: 8760 - index: 1 - preset: 9010 - index: 2 - preset: 9130 - index: 3 - preset: 9150 - index: 4 - preset: 9220 - index: 5 - preset: 9270
02-19 21:13:39.820 E/mcu_services( 5512): MCU2APP : [ff fe fd 12 01 b1 00 00 29 ef 22 38 23 32 23 aa 23 be 24 04 24 36 5b ff ]
02-19 21:13:39.822 D/K706RadioManager(17578): IMcuListener.onTransact: code=1 flags=16
02-19 21:13:39.823 D/K706RadioManager(17578): >>> IMcuListener.onMcuInfoChanged received! data=B1 00 00 29 EF 22 38 23 32 23 AA 23 BE 24 04 24 36 
02-19 21:13:39.824 D/K706RadioManager(17578): MCU[0xB1] len=17 : B1 00 00 29 EF 22 38 23 32 23 AA 23 BE 24 04 24 36 
02-19 21:13:39.824 D/K706RadioManager(17578): PresetList: band=0 presetIdx=0 currentFreq=10735 firstFreq=10735 (offset=3)
02-19 21:13:39.824 D/K706RadioManager(17578): >>> FREQ: 107300 -> 107350 (MCU=10735, 107,35 MHz)
02-19 21:13:39.827 D/TunerPresenter(15794): handleTunerRawData: b1 0 0 29 ef 22 38 23 32 23 aa 23 be 24 4 24 36 
02-19 21:13:39.829 D/TunerManagerForExt(15794): FMRadio main (TunerManagerForExt.java:147) onTunerPresetListChanged:  - mBand: 0 - mPresetIndex: 0 - mFrequency: 10735 - index: 0 - preset: 8760 - index: 1 - preset: 9010 - index: 2 - preset: 9130 - index: 3 - preset: 9150 - index: 4 - preset: 9220 - index: 5 - preset: 9270
02-19 21:13:39.870 E/mcu_services( 5512): MCU2APP : [ff fe fd 12 01 b1 00 00 29 f4 22 38 23 32 23 aa 23 be 24 04 24 36 40 ff ]
02-19 21:13:39.873 D/K706RadioManager(17578): IMcuListener.onTransact: code=1 flags=16
02-19 21:13:39.874 D/K706RadioManager(17578): >>> IMcuListener.onMcuInfoChanged received! data=B1 00 00 29 F4 22 38 23 32 23 AA 23 BE 24 04 24 36 
02-19 21:13:39.875 D/K706RadioManager(17578): MCU[0xB1] len=17 : B1 00 00 29 F4 22 38 23 32 23 AA 23 BE 24 04 24 36 
02-19 21:13:39.875 D/K706RadioManager(17578): PresetList: band=0 presetIdx=0 currentFreq=10740 firstFreq=10740 (offset=3)
02-19 21:13:39.876 D/K706RadioManager(17578): >>> FREQ: 107350 -> 107400 (MCU=10740, 107,40 MHz)
02-19 21:13:39.878 D/TunerPresenter(15794): handleTunerRawData: b1 0 0 29 f4 22 38 23 32 23 aa 23 be 24 4 24 36 
02-19 21:13:39.880 D/TunerManagerForExt(15794): FMRadio main (TunerManagerForExt.java:147) onTunerPresetListChanged:  - mBand: 0 - mPresetIndex: 0 - mFrequency: 10740 - index: 0 - preset: 8760 - index: 1 - preset: 9010 - index: 2 - preset: 9130 - index: 3 - preset: 9150 - index: 4 - preset: 9220 - index: 5 - preset: 9270
02-19 21:13:39.920 E/mcu_services( 5512): MCU2APP : [ff fe fd 12 01 b1 00 00 29 f9 22 38 23 32 23 aa 23 be 24 04 24 36 4d ff ]
02-19 21:13:39.922 D/K706RadioManager(17578): IMcuListener.onTransact: code=1 flags=16
02-19 21:13:39.923 D/K706RadioManager(17578): >>> IMcuListener.onMcuInfoChanged received! data=B1 00 00 29 F9 22 38 23 32 23 AA 23 BE 24 04 24 36 
02-19 21:13:39.925 D/K706RadioManager(17578): MCU[0xB1] len=17 : B1 00 00 29 F9 22 38 23 32 23 AA 23 BE 24 04 24 36 
02-19 21:13:39.925 D/K706RadioManager(17578): PresetList: band=0 presetIdx=0 currentFreq=10745 firstFreq=10745 (offset=3)
02-19 21:13:39.926 D/K706RadioManager(17578): >>> FREQ: 107400 -> 107450 (MCU=10745, 107,45 MHz)
02-19 21:13:39.927 D/TunerPresenter(15794): handleTunerRawData: b1 0 0 29 f9 22 38 23 32 23 aa 23 be 24 4 24 36 
02-19 21:13:39.930 D/TunerManagerForExt(15794): FMRadio main (TunerManagerForExt.java:147) onTunerPresetListChanged:  - mBand: 0 - mPresetIndex: 0 - mFrequency: 10745 - index: 0 - preset: 8760 - index: 1 - preset: 9010 - index: 2 - preset: 9130 - index: 3 - preset: 9150 - index: 4 - preset: 9220 - index: 5 - preset: 9270
02-19 21:13:39.970 E/mcu_services( 5512): MCU2APP : [ff fe fd 12 01 b1 00 00 29 fe 22 38 23 32 23 aa 23 be 24 04 24 36 4a ff ]
02-19 21:13:39.972 D/K706RadioManager(17578): IMcuListener.onTransact: code=1 flags=16
02-19 21:13:39.973 D/K706RadioManager(17578): >>> IMcuListener.onMcuInfoChanged received! data=B1 00 00 29 FE 22 38 23 32 23 AA 23 BE 24 04 24 36 
02-19 21:13:39.973 D/K706RadioManager(17578): MCU[0xB1] len=17 : B1 00 00 29 FE 22 38 23 32 23 AA 23 BE 24 04 24 36 
02-19 21:13:39.973 D/K706RadioManager(17578): PresetList: band=0 presetIdx=0 currentFreq=10750 firstFreq=10750 (offset=3)
02-19 21:13:39.974 D/K706RadioManager(17578): >>> FREQ: 107450 -> 107500 (MCU=10750, 107,50 MHz)
02-19 21:13:39.975 D/TunerPresenter(15794): handleTunerRawData: b1 0 0 29 fe 22 38 23 32 23 aa 23 be 24 4 24 36 
02-19 21:13:39.978 D/TunerManagerForExt(15794): FMRadio main (TunerManagerForExt.java:147) onTunerPresetListChanged:  - mBand: 0 - mPresetIndex: 0 - mFrequency: 10750 - index: 0 - preset: 8760 - index: 1 - preset: 9010 - index: 2 - preset: 9130 - index: 3 - preset: 9150 - index: 4 - preset: 9220 - index: 5 - preset: 9270
02-19 21:13:40.020 E/mcu_services( 5512): MCU2APP : [ff fe fd 12 01 b1 00 00 2a 03 22 38 23 32 23 aa 23 be 24 04 24 36 b4 ff ]
02-19 21:13:40.022 D/K706RadioManager(17578): IMcuListener.onTransact: code=1 flags=16
02-19 21:13:40.023 D/K706RadioManager(17578): >>> IMcuListener.onMcuInfoChanged received! data=B1 00 00 2A 03 22 38 23 32 23 AA 23 BE 24 04 24 36 
02-19 21:13:40.025 D/K706RadioManager(17578): MCU[0xB1] len=17 : B1 00 00 2A 03 22 38 23 32 23 AA 23 BE 24 04 24 36 
02-19 21:13:40.025 D/K706RadioManager(17578): PresetList: band=0 presetIdx=0 currentFreq=10755 firstFreq=10755 (offset=3)
02-19 21:13:40.026 D/K706RadioManager(17578): >>> FREQ: 107500 -> 107550 (MCU=10755, 107,55 MHz)
02-19 21:13:40.027 D/TunerPresenter(15794): handleTunerRawData: b1 0 0 2a 3 22 38 23 32 23 aa 23 be 24 4 24 36 
02-19 21:13:40.030 D/TunerManagerForExt(15794): FMRadio main (TunerManagerForExt.java:147) onTunerPresetListChanged:  - mBand: 0 - mPresetIndex: 0 - mFrequency: 10755 - index: 0 - preset: 8760 - index: 1 - preset: 9010 - index: 2 - preset: 9130 - index: 3 - preset: 9150 - index: 4 - preset: 9220 - index: 5 - preset: 9270
02-19 21:13:40.070 E/mcu_services( 5512): MCU2APP : [ff fe fd 12 01 b1 00 00 2a 08 22 38 23 32 23 aa 23 be 24 04 24 36 bf ff ]
02-19 21:13:40.071 D/K706RadioManager(17578): IMcuListener.onTransact: code=1 flags=16
02-19 21:13:40.073 D/K706RadioManager(17578): >>> IMcuListener.onMcuInfoChanged received! data=B1 00 00 2A 08 22 38 23 32 23 AA 23 BE 24 04 24 36 
02-19 21:13:40.074 D/K706RadioManager(17578): MCU[0xB1] len=17 : B1 00 00 2A 08 22 38 23 32 23 AA 23 BE 24 04 24 36 
02-19 21:13:40.074 D/K706RadioManager(17578): PresetList: band=0 presetIdx=0 currentFreq=10760 firstFreq=10760 (offset=3)
02-19 21:13:40.075 D/K706RadioManager(17578): >>> FREQ: 107550 -> 107600 (MCU=10760, 107,60 MHz)
02-19 21:13:40.076 D/TunerPresenter(15794): handleTunerRawData: b1 0 0 2a 8 22 38 23 32 23 aa 23 be 24 4 24 36 
02-19 21:13:40.080 D/TunerManagerForExt(15794): FMRadio main (TunerManagerForExt.java:147) onTunerPresetListChanged:  - mBand: 0 - mPresetIndex: 0 - mFrequency: 10760 - index: 0 - preset: 8760 - index: 1 - preset: 9010 - index: 2 - preset: 9130 - index: 3 - preset: 9150 - index: 4 - preset: 9220 - index: 5 - preset: 9270
02-19 21:13:40.119 E/mcu_services( 5512): MCU2APP : [ff fe fd 12 01 b1 00 00 2a 0d 22 38 23 32 23 aa 23 be 24 04 24 36 ba ff ]
02-19 21:13:40.120 D/K706RadioManager(17578): IMcuListener.onTransact: code=1 flags=16
02-19 21:13:40.123 D/K706RadioManager(17578): >>> IMcuListener.onMcuInfoChanged received! data=B1 00 00 2A 0D 22 38 23 32 23 AA 23 BE 24 04 24 36 
02-19 21:13:40.125 D/K706RadioManager(17578): MCU[0xB1] len=17 : B1 00 00 2A 0D 22 38 23 32 23 AA 23 BE 24 04 24 36 
02-19 21:13:40.125 D/K706RadioManager(17578): PresetList: band=0 presetIdx=0 currentFreq=10765 firstFreq=10765 (offset=3)
02-19 21:13:40.125 D/K706RadioManager(17578): >>> FREQ: 107600 -> 107650 (MCU=10765, 107,65 MHz)
02-19 21:13:40.127 D/TunerPresenter(15794): handleTunerRawData: b1 0 0 2a d 22 38 23 32 23 aa 23 be 24 4 24 36 
02-19 21:13:40.130 D/TunerManagerForExt(15794): FMRadio main (TunerManagerForExt.java:147) onTunerPresetListChanged:  - mBand: 0 - mPresetIndex: 0 - mFrequency: 10765 - index: 0 - preset: 8760 - index: 1 - preset: 9010 - index: 2 - preset: 9130 - index: 3 - preset: 9150 - index: 4 - preset: 9220 - index: 5 - preset: 9270
02-19 21:13:40.169 E/mcu_services( 5512): MCU2APP : [ff fe fd 12 01 b1 00 00 2a 12 22 38 23 32 23 aa 23 be 24 04 24 36 a5 ff ]
02-19 21:13:40.171 D/K706RadioManager(17578): IMcuListener.onTransact: code=1 flags=16
02-19 21:13:40.172 D/K706RadioManager(17578): >>> IMcuListener.onMcuInfoChanged received! data=B1 00 00 2A 12 22 38 23 32 23 AA 23 BE 24 04 24 36 
02-19 21:13:40.174 D/K706RadioManager(17578): MCU[0xB1] len=17 : B1 00 00 2A 12 22 38 23 32 23 AA 23 BE 24 04 24 36 
02-19 21:13:40.174 D/K706RadioManager(17578): PresetList: band=0 presetIdx=0 currentFreq=10770 firstFreq=10770 (offset=3)
02-19 21:13:40.174 D/K706RadioManager(17578): >>> FREQ: 107650 -> 107700 (MCU=10770, 107,70 MHz)
02-19 21:13:40.177 D/TunerPresenter(15794): handleTunerRawData: b1 0 0 2a 12 22 38 23 32 23 aa 23 be 24 4 24 36 
02-19 21:13:40.179 D/TunerManagerForExt(15794): FMRadio main (TunerManagerForExt.java:147) onTunerPresetListChanged:  - mBand: 0 - mPresetIndex: 0 - mFrequency: 10770 - index: 0 - preset: 8760 - index: 1 - preset: 9010 - index: 2 - preset: 9130 - index: 3 - preset: 9150 - index: 4 - preset: 9220 - index: 5 - preset: 9270
02-19 21:13:40.218 E/mcu_services( 5512): MCU2APP : [ff fe fd 12 01 b1 00 00 2a 17 22 38 23 32 23 aa 23 be 24 04 24 36 a0 ff ]
02-19 21:13:40.220 D/K706RadioManager(17578): IMcuListener.onTransact: code=1 flags=16
02-19 21:13:40.221 D/K706RadioManager(17578): >>> IMcuListener.onMcuInfoChanged received! data=B1 00 00 2A 17 22 38 23 32 23 AA 23 BE 24 04 24 36 
02-19 21:13:40.221 D/K706RadioManager(17578): MCU[0xB1] len=17 : B1 00 00 2A 17 22 38 23 32 23 AA 23 BE 24 04 24 36 
02-19 21:13:40.222 D/K706RadioManager(17578): PresetList: band=0 presetIdx=0 currentFreq=10775 firstFreq=10775 (offset=3)
02-19 21:13:40.222 D/K706RadioManager(17578): >>> FREQ: 107700 -> 107750 (MCU=10775, 107,75 MHz)
02-19 21:13:40.223 D/TunerPresenter(15794): handleTunerRawData: b1 0 0 2a 17 22 38 23 32 23 aa 23 be 24 4 24 36 
02-19 21:13:40.225 D/TunerManagerForExt(15794): FMRadio main (TunerManagerForExt.java:147) onTunerPresetListChanged:  - mBand: 0 - mPresetIndex: 0 - mFrequency: 10775 - index: 0 - preset: 8760 - index: 1 - preset: 9010 - index: 2 - preset: 9130 - index: 3 - preset: 9150 - index: 4 - preset: 9220 - index: 5 - preset: 9270
02-19 21:13:40.268 E/mcu_services( 5512): MCU2APP : [ff fe fd 12 01 b1 00 00 2a 1c 22 38 23 32 23 aa 23 be 24 04 24 36 ab ff ]
02-19 21:13:40.269 D/K706RadioManager(17578): IMcuListener.onTransact: code=1 flags=16
02-19 21:13:40.270 D/K706RadioManager(17578): >>> IMcuListener.onMcuInfoChanged received! data=B1 00 00 2A 1C 22 38 23 32 23 AA 23 BE 24 04 24 36 
02-19 21:13:40.271 D/K706RadioManager(17578): MCU[0xB1] len=17 : B1 00 00 2A 1C 22 38 23 32 23 AA 23 BE 24 04 24 36 
02-19 21:13:40.271 D/K706RadioManager(17578): PresetList: band=0 presetIdx=0 currentFreq=10780 firstFreq=10780 (offset=3)
02-19 21:13:40.271 D/K706RadioManager(17578): >>> FREQ: 107750 -> 107800 (MCU=10780, 107,80 MHz)
02-19 21:13:40.273 D/TunerPresenter(15794): handleTunerRawData: b1 0 0 2a 1c 22 38 23 32 23 aa 23 be 24 4 24 36 
02-19 21:13:40.276 D/TunerManagerForExt(15794): FMRadio main (TunerManagerForExt.java:147) onTunerPresetListChanged:  - mBand: 0 - mPresetIndex: 0 - mFrequency: 10780 - index: 0 - preset: 8760 - index: 1 - preset: 9010 - index: 2 - preset: 9130 - index: 3 - preset: 9150 - index: 4 - preset: 9220 - index: 5 - preset: 9270
02-19 21:13:40.318 E/mcu_services( 5512): MCU2APP : [ff fe fd 12 01 b1 00 00 2a 21 22 38 23 32 23 aa 23 be 24 04 24 36 96 ff ]
02-19 21:13:40.320 D/K706RadioManager(17578): IMcuListener.onTransact: code=1 flags=16
02-19 21:13:40.321 D/K706RadioManager(17578): >>> IMcuListener.onMcuInfoChanged received! data=B1 00 00 2A 21 22 38 23 32 23 AA 23 BE 24 04 24 36 
02-19 21:13:40.322 D/K706RadioManager(17578): MCU[0xB1] len=17 : B1 00 00 2A 21 22 38 23 32 23 AA 23 BE 24 04 24 36 
02-19 21:13:40.322 D/K706RadioManager(17578): PresetList: band=0 presetIdx=0 currentFreq=10785 firstFreq=10785 (offset=3)
02-19 21:13:40.322 D/K706RadioManager(17578): >>> FREQ: 107800 -> 107850 (MCU=10785, 107,85 MHz)
02-19 21:13:40.324 D/TunerPresenter(15794): handleTunerRawData: b1 0 0 2a 21 22 38 23 32 23 aa 23 be 24 4 24 36 
02-19 21:13:40.326 D/TunerManagerForExt(15794): FMRadio main (TunerManagerForExt.java:147) onTunerPresetListChanged:  - mBand: 0 - mPresetIndex: 0 - mFrequency: 10785 - index: 0 - preset: 8760 - index: 1 - preset: 9010 - index: 2 - preset: 9130 - index: 3 - preset: 9150 - index: 4 - preset: 9220 - index: 5 - preset: 9270
02-19 21:13:40.368 E/mcu_services( 5512): MCU2APP : [ff fe fd 12 01 b1 00 00 2a 26 22 38 23 32 23 aa 23 be 24 04 24 36 91 ff ]
02-19 21:13:40.369 D/K706RadioManager(17578): IMcuListener.onTransact: code=1 flags=16
02-19 21:13:40.370 D/K706RadioManager(17578): >>> IMcuListener.onMcuInfoChanged received! data=B1 00 00 2A 26 22 38 23 32 23 AA 23 BE 24 04 24 36 
02-19 21:13:40.371 D/K706RadioManager(17578): MCU[0xB1] len=17 : B1 00 00 2A 26 22 38 23 32 23 AA 23 BE 24 04 24 36 
02-19 21:13:40.371 D/K706RadioManager(17578): PresetList: band=0 presetIdx=0 currentFreq=10790 firstFreq=10790 (offset=3)
02-19 21:13:40.371 D/K706RadioManager(17578): >>> FREQ: 107850 -> 107900 (MCU=10790, 107,90 MHz)
02-19 21:13:40.373 D/TunerPresenter(15794): handleTunerRawData: b1 0 0 2a 26 22 38 23 32 23 aa 23 be 24 4 24 36 
02-19 21:13:40.375 D/TunerManagerForExt(15794): FMRadio main (TunerManagerForExt.java:147) onTunerPresetListChanged:  - mBand: 0 - mPresetIndex: 0 - mFrequency: 10790 - index: 0 - preset: 8760 - index: 1 - preset: 9010 - index: 2 - preset: 9130 - index: 3 - preset: 9150 - index: 4 - preset: 9220 - index: 5 - preset: 9270
02-19 21:13:40.417 E/mcu_services( 5512): MCU2APP : [ff fe fd 12 01 b1 00 00 2a 2b 22 38 23 32 23 aa 23 be 24 04 24 36 9c ff ]
02-19 21:13:40.418 D/K706RadioManager(17578): IMcuListener.onTransact: code=1 flags=16
02-19 21:13:40.420 D/K706RadioManager(17578): >>> IMcuListener.onMcuInfoChanged received! data=B1 00 00 2A 2B 22 38 23 32 23 AA 23 BE 24 04 24 36 
02-19 21:13:40.421 D/K706RadioManager(17578): MCU[0xB1] len=17 : B1 00 00 2A 2B 22 38 23 32 23 AA 23 BE 24 04 24 36 
02-19 21:13:40.421 D/K706RadioManager(17578): PresetList: band=0 presetIdx=0 currentFreq=10795 firstFreq=10795 (offset=3)
02-19 21:13:40.421 D/K706RadioManager(17578): >>> FREQ: 107900 -> 107950 (MCU=10795, 107,95 MHz)
02-19 21:13:40.424 D/TunerPresenter(15794): handleTunerRawData: b1 0 0 2a 2b 22 38 23 32 23 aa 23 be 24 4 24 36 
02-19 21:13:40.426 D/TunerManagerForExt(15794): FMRadio main (TunerManagerForExt.java:147) onTunerPresetListChanged:  - mBand: 0 - mPresetIndex: 0 - mFrequency: 10795 - index: 0 - preset: 8760 - index: 1 - preset: 9010 - index: 2 - preset: 9130 - index: 3 - preset: 9150 - index: 4 - preset: 9220 - index: 5 - preset: 9270
02-19 21:13:40.467 E/mcu_services( 5512): MCU2APP : [ff fe fd 12 01 b1 00 00 2a 30 22 38 23 32 23 aa 23 be 24 04 24 36 87 ff ]
02-19 21:13:40.469 D/K706RadioManager(17578): IMcuListener.onTransact: code=1 flags=16
02-19 21:13:40.471 D/K706RadioManager(17578): >>> IMcuListener.onMcuInfoChanged received! data=B1 00 00 2A 30 22 38 23 32 23 AA 23 BE 24 04 24 36 
02-19 21:13:40.472 D/K706RadioManager(17578): MCU[0xB1] len=17 : B1 00 00 2A 30 22 38 23 32 23 AA 23 BE 24 04 24 36 
02-19 21:13:40.472 D/K706RadioManager(17578): PresetList: band=0 presetIdx=0 currentFreq=10800 firstFreq=10800 (offset=3)
02-19 21:13:40.473 D/K706RadioManager(17578): >>> FREQ: 107950 -> 108000 (MCU=10800, 108,00 MHz)
02-19 21:13:40.475 D/TunerPresenter(15794): handleTunerRawData: b1 0 0 2a 30 22 38 23 32 23 aa 23 be 24 4 24 36 
02-19 21:13:40.477 D/TunerManagerForExt(15794): FMRadio main (TunerManagerForExt.java:147) onTunerPresetListChanged:  - mBand: 0 - mPresetIndex: 0 - mFrequency: 10800 - index: 0 - preset: 8760 - index: 1 - preset: 9010 - index: 2 - preset: 9130 - index: 3 - preset: 9150 - index: 4 - preset: 9220 - index: 5 - preset: 9270
02-19 21:13:40.517 E/mcu_services( 5512): MCU2APP : [ff fe fd 12 01 b1 00 00 22 2e 22 38 23 32 23 aa 23 be 24 04 24 36 91 ff ]
02-19 21:13:40.519 D/K706RadioManager(17578): IMcuListener.onTransact: code=1 flags=16
02-19 21:13:40.520 D/K706RadioManager(17578): >>> IMcuListener.onMcuInfoChanged received! data=B1 00 00 22 2E 22 38 23 32 23 AA 23 BE 24 04 24 36 
02-19 21:13:40.521 D/K706RadioManager(17578): MCU[0xB1] len=17 : B1 00 00 22 2E 22 38 23 32 23 AA 23 BE 24 04 24 36 
02-19 21:13:40.521 D/K706RadioManager(17578): PresetList: band=0 presetIdx=0 currentFreq=8750 firstFreq=8750 (offset=3)
02-19 21:13:40.521 D/K706RadioManager(17578): >>> FREQ: 108000 -> 87500 (MCU=8750, 87,50 MHz)
02-19 21:13:40.524 D/TunerPresenter(15794): handleTunerRawData: b1 0 0 22 2e 22 38 23 32 23 aa 23 be 24 4 24 36 
02-19 21:13:40.527 D/TunerManagerForExt(15794): FMRadio main (TunerManagerForExt.java:147) onTunerPresetListChanged:  - mBand: 0 - mPresetIndex: 0 - mFrequency: 8750 - index: 0 - preset: 8760 - index: 1 - preset: 9010 - index: 2 - preset: 9130 - index: 3 - preset: 9150 - index: 4 - preset: 9220 - index: 5 - preset: 9270
02-19 21:13:40.566 E/mcu_services( 5512): MCU2APP : [ff fe fd 12 01 b1 00 00 22 33 22 38 23 32 23 aa 23 be 24 04 24 36 8c ff ]
02-19 21:13:40.569 D/K706RadioManager(17578): IMcuListener.onTransact: code=1 flags=16
02-19 21:13:40.570 D/K706RadioManager(17578): >>> IMcuListener.onMcuInfoChanged received! data=B1 00 00 22 33 22 38 23 32 23 AA 23 BE 24 04 24 36 
02-19 21:13:40.571 D/K706RadioManager(17578): MCU[0xB1] len=17 : B1 00 00 22 33 22 38 23 32 23 AA 23 BE 24 04 24 36 
02-19 21:13:40.571 D/K706RadioManager(17578): PresetList: band=0 presetIdx=0 currentFreq=8755 firstFreq=8755 (offset=3)
02-19 21:13:40.571 D/K706RadioManager(17578): >>> FREQ: 87500 -> 87550 (MCU=8755, 87,55 MHz)
02-19 21:13:40.573 D/TunerPresenter(15794): handleTunerRawData: b1 0 0 22 33 22 38 23 32 23 aa 23 be 24 4 24 36 
02-19 21:13:40.575 D/TunerManagerForExt(15794): FMRadio main (TunerManagerForExt.java:147) onTunerPresetListChanged:  - mBand: 0 - mPresetIndex: 0 - mFrequency: 8755 - index: 0 - preset: 8760 - index: 1 - preset: 9010 - index: 2 - preset: 9130 - index: 3 - preset: 9150 - index: 4 - preset: 9220 - index: 5 - preset: 9270
02-19 21:13:40.616 E/mcu_services( 5512): MCU2APP : [ff fe fd 12 01 b1 00 00 22 38 22 38 23 32 23 aa 23 be 24 04 24 36 87 ff ]
02-19 21:13:40.618 D/K706RadioManager(17578): IMcuListener.onTransact: code=1 flags=16
02-19 21:13:40.620 D/K706RadioManager(17578): >>> IMcuListener.onMcuInfoChanged received! data=B1 00 00 22 38 22 38 23 32 23 AA 23 BE 24 04 24 36 
02-19 21:13:40.620 D/K706RadioManager(17578): MCU[0xB1] len=17 : B1 00 00 22 38 22 38 23 32 23 AA 23 BE 24 04 24 36 
02-19 21:13:40.621 D/K706RadioManager(17578): PresetList: band=0 presetIdx=0 currentFreq=8760 firstFreq=8760 (offset=3)
02-19 21:13:40.621 D/K706RadioManager(17578): >>> FREQ: 87550 -> 87600 (MCU=8760, 87,60 MHz)
02-19 21:13:40.622 D/TunerPresenter(15794): handleTunerRawData: b1 0 0 22 38 22 38 23 32 23 aa 23 be 24 4 24 36 
02-19 21:13:40.625 D/TunerManagerForExt(15794): FMRadio main (TunerManagerForExt.java:147) onTunerPresetListChanged:  - mBand: 0 - mPresetIndex: 0 - mFrequency: 8760 - index: 0 - preset: 8760 - index: 1 - preset: 9010 - index: 2 - preset: 9130 - index: 3 - preset: 9150 - index: 4 - preset: 9220 - index: 5 - preset: 9270
02-19 21:13:40.660 E/mcu_services( 5512): MCU2APP : [ff fe fd 12 01 b1 00 01 22 38 22 38 23 32 23 aa 23 be 24 04 24 36 86 ff ]
02-19 21:13:40.662 D/K706RadioManager(17578): IMcuListener.onTransact: code=1 flags=16
02-19 21:13:40.663 D/K706RadioManager(17578): >>> IMcuListener.onMcuInfoChanged received! data=B1 00 01 22 38 22 38 23 32 23 AA 23 BE 24 04 24 36 
02-19 21:13:40.664 D/K706RadioManager(17578): MCU[0xB1] len=17 : B1 00 01 22 38 22 38 23 32 23 AA 23 BE 24 04 24 36 
02-19 21:13:40.664 D/K706RadioManager(17578): PresetList: band=0 presetIdx=1 currentFreq=8760 firstFreq=8760 (offset=5)
02-19 21:13:40.667 D/TunerPresenter(15794): handleTunerRawData: b1 0 1 22 38 22 38 23 32 23 aa 23 be 24 4 24 36 
02-19 21:13:40.669 D/TunerManagerForExt(15794): FMRadio main (TunerManagerForExt.java:147) onTunerPresetListChanged:  - mBand: 0 - mPresetIndex: 1 - mFrequency: 8760 - index: 0 - preset: 8760 - index: 1 - preset: 9010 - index: 2 - preset: 9130 - index: 3 - preset: 9150 - index: 4 - preset: 9220 - index: 5 - preset: 9270
02-19 21:13:40.732 E/mcu_services( 5512): MCU2APP : [ff fe fd 12 01 b1 00 01 22 38 22 38 23 32 23 aa 23 be 24 04 24 36 86 ff ]
02-19 21:13:40.732 E/mcu_services( 5512): MCU2APP : [ff fe fd 03 01 b4 00 b5 ff ]
02-19 21:13:40.732 E/mcu_services( 5512): sendAckSuccess : [ff fd fe 02 02 b4 b6 ff ]
02-19 21:13:40.732 E/mcu_services( 5512): APP2MCU - writeToUart: [ff fd fe 02 02 b4 b6 ff ]
02-19 21:13:40.733 D/K706RadioManager(17578): IMcuListener.onTransact: code=1 flags=16
02-19 21:13:40.734 D/K706RadioManager(17578): >>> IMcuListener.onMcuInfoChanged received! data=B1 00 01 22 38 22 38 23 32 23 AA 23 BE 24 04 24 36 
02-19 21:13:40.735 D/K706RadioManager(17578): MCU[0xB1] len=17 : B1 00 01 22 38 22 38 23 32 23 AA 23 BE 24 04 24 36 
02-19 21:13:40.735 D/K706RadioManager(17578): PresetList: band=0 presetIdx=1 currentFreq=8760 firstFreq=8760 (offset=5)
02-19 21:13:40.736 D/TunerPresenter(15794): handleTunerRawData: b1 0 1 22 38 22 38 23 32 23 aa 23 be 24 4 24 36 
02-19 21:13:40.737 D/TunerManagerForExt(15794): FMRadio main (TunerManagerForExt.java:147) onTunerPresetListChanged:  - mBand: 0 - mPresetIndex: 1 - mFrequency: 8760 - index: 0 - preset: 8760 - index: 1 - preset: 9010 - index: 2 - preset: 9130 - index: 3 - preset: 9150 - index: 4 - preset: 9220 - index: 5 - preset: 9270
02-19 21:13:40.737 D/K706RadioManager(17578): IMcuListener.onTransact: code=1 flags=16
02-19 21:13:40.737 D/K706RadioManager(17578): >>> IMcuListener.onMcuInfoChanged received! data=B4 00 
02-19 21:13:40.737 D/K706RadioManager(17578): MCU[0xB4] len=2 : B4 00 
02-19 21:13:40.738 D/K706RadioManager(17578): RDS B4 Flags: 0x00
02-19 21:13:40.744 D/TunerPresenter(15794): handleTunerRawData: b4 0 
02-19 21:13:40.744 D/TunerManagerForExt(15794): FMRadio main (TunerManagerForExt.java:195) onTuneRdsIndicateInfo: onTuneRdsIndicateInfo - flag: 0 - mRdsSwitch: 0
02-19 21:13:40.775 E/mcu_services( 5512): MCU2APP : [ff fe fd 12 01 b1 00 01 22 38 22 38 23 32 23 aa 23 be 24 04 24 36 86 ff ]
02-19 21:13:40.776 E/mcu_services( 5512): MCU2APP : [ff fe fd 03 01 b0 50 e1 ff ]
02-19 21:13:40.777 D/K706RadioManager(17578): IMcuListener.onTransact: code=1 flags=16
02-19 21:13:40.779 D/K706RadioManager(17578): >>> IMcuListener.onMcuInfoChanged received! data=B1 00 01 22 38 22 38 23 32 23 AA 23 BE 24 04 24 36 
02-19 21:13:40.779 D/K706RadioManager(17578): MCU[0xB1] len=17 : B1 00 01 22 38 22 38 23 32 23 AA 23 BE 24 04 24 36 
02-19 21:13:40.779 D/K706RadioManager(17578): PresetList: band=0 presetIdx=1 currentFreq=8760 firstFreq=8760 (offset=5)
02-19 21:13:40.781 D/TunerPresenter(15794): handleTunerRawData: b1 0 1 22 38 22 38 23 32 23 aa 23 be 24 4 24 36 
02-19 21:13:40.782 D/TunerManagerForExt(15794): FMRadio main (TunerManagerForExt.java:147) onTunerPresetListChanged:  - mBand: 0 - mPresetIndex: 1 - mFrequency: 8760 - index: 0 - preset: 8760 - index: 1 - preset: 9010 - index: 2 - preset: 9130 - index: 3 - preset: 9150 - index: 4 - preset: 9220 - index: 5 - preset: 9270
02-19 21:13:40.782 D/K706RadioManager(17578): IMcuListener.onTransact: code=1 flags=16
02-19 21:13:40.783 D/K706RadioManager(17578): >>> IMcuListener.onMcuInfoChanged received! data=B0 50 
02-19 21:13:40.783 D/K706RadioManager(17578): MCU[0xB0] len=2 : B0 50 
02-19 21:13:40.783 D/K706RadioManager(17578): TunerInfo: flags=0x50 save=false AS=false finish=true valid=false ST=true LOC=false seek=false scan=false
02-19 21:13:40.790 D/TunerPresenter(15794): handleTunerRawData: b0 50 
02-19 21:13:40.790 D/TunerManagerForExt(15794): FMRadio main (TunerManagerForExt.java:108) onTunerInfoChanged: onTunerInfoChanged - flag: 80 - asFlag: 0 - psFlag: 0 - scanFlag: 0 - seekFlag: 0 - mStFlag: 1 - mLocFlag: 0 - mIsSearching: true - mTempSearching: false
02-19 21:13:40.790 D/TunerManagerForExt(15794): FMRadio main (TunerManagerForExt.java:118) onTunerInfoChanged: mIsSearching: false - mTempSearching: false - asFlag: 0 - seekFlag: 0
02-19 21:13:40.845 E/mcu_services( 5512): MCU2APP : [ff fe fd 03 01 b4 05 b0 ff ]
02-19 21:13:40.846 E/mcu_services( 5512): MCU2APP : [ff fe fd 04 01 b5 00 0b bf ff ]
02-19 21:13:40.846 E/mcu_services( 5512): sendAckSuccess : [ff fd fe 02 02 b4 b6 ff ]
02-19 21:13:40.846 E/mcu_services( 5512): APP2MCU - writeToUart: [ff fd fe 02 02 b4 b6 ff ]
02-19 21:13:40.846 E/mcu_services( 5512): sendAckSuccess : [ff fd fe 02 02 b5 b7 ff ]
02-19 21:13:40.846 E/mcu_services( 5512): APP2MCU - writeToUart: [ff fd fe 02 02 b5 b7 ff ]
02-19 21:13:40.848 D/K706RadioManager(17578): IMcuListener.onTransact: code=1 flags=16
02-19 21:13:40.848 D/K706RadioManager(17578): >>> IMcuListener.onMcuInfoChanged received! data=B4 05 
02-19 21:13:40.848 D/K706RadioManager(17578): MCU[0xB4] len=2 : B4 05 
02-19 21:13:40.848 D/K706RadioManager(17578): RDS B4 Flags: 0x05
02-19 21:13:40.851 D/TunerPresenter(15794): handleTunerRawData: b4 5 
02-19 21:13:40.851 D/TunerManagerForExt(15794): FMRadio main (TunerManagerForExt.java:195) onTuneRdsIndicateInfo: onTuneRdsIndicateInfo - flag: 5 - mRdsSwitch: 1
02-19 21:13:40.851 D/K706RadioManager(17578): IMcuListener.onTransact: code=1 flags=16
02-19 21:13:40.852 D/K706RadioManager(17578): >>> IMcuListener.onMcuInfoChanged received! data=B5 00 0B 
02-19 21:13:40.852 D/K706RadioManager(17578): MCU[0xB5] len=3 : B5 00 0B 
02-19 21:13:40.852 D/K706RadioManager(17578): RDS PTY (0xB5): 0
02-19 21:13:40.854 D/TunerPresenter(15794): handleTunerRawData: b5 0 b 
02-19 21:13:40.855 D/TunerManagerForExt(15794): FMRadio main (TunerManagerForExt.java:220) onTuneRdsPtyTypeInfo: onTuneRdsPtyTypeInfo - mRdsPtyType: 0
02-19 21:13:41.171 E/mcu_services( 5512): MCU2APP : [ff fe fd 03 01 29 6d 45 ff ]
02-19 21:13:41.173 D/K706RadioManager(17578): IMcuListener.onTransact: code=1 flags=16
02-19 21:13:41.174 D/K706RadioManager(17578): >>> IMcuListener.onMcuInfoChanged received! data=29 6D 
02-19 21:13:41.174 D/K706RadioManager(17578): MCU[0x29] len=2 : 29 6D 
02-19 21:13:41.174 D/K706RadioManager(17578): Unknown MCU packet type: 0x29
02-19 21:13:43.160 E/mcu_services( 5512): MCU2APP : [ff fe fd 03 01 29 6d 45 ff ]
02-19 21:13:43.163 D/K706RadioManager(17578): IMcuListener.onTransact: code=1 flags=16
02-19 21:13:43.164 D/K706RadioManager(17578): >>> IMcuListener.onMcuInfoChanged received! data=29 6D 
02-19 21:13:43.165 D/K706RadioManager(17578): MCU[0x29] len=2 : 29 6D 
02-19 21:13:43.165 D/K706RadioManager(17578): Unknown MCU packet type: 0x29
02-19 21:13:45.023 E/mcu_services( 5512): MCU2APP : [ff fe fd 0a 01 b6 20 52 4f 43 4b 20 46 4d a9 ff ]
02-19 21:13:45.023 E/mcu_services( 5512): sendAckSuccess : [ff fd fe 02 02 b6 b4 ff ]
02-19 21:13:45.023 E/mcu_services( 5512): APP2MCU - writeToUart: [ff fd fe 02 02 b6 b4 ff ]
02-19 21:13:45.025 D/K706RadioManager(17578): IMcuListener.onTransact: code=1 flags=16
02-19 21:13:45.027 D/K706RadioManager(17578): >>> IMcuListener.onMcuInfoChanged received! data=B6 20 52 4F 43 4B 20 46 4D 
02-19 21:13:45.028 D/K706RadioManager(17578): MCU[0xB6] len=9 : B6 20 52 4F 43 4B 20 46 4D 
02-19 21:13:45.029 D/K706RadioManager(17578): RDS PS: 'ROCK FM'
02-19 21:13:45.031 D/TunerPresenter(15794): handleTunerRawData: b6 20 52 4f 43 4b 20 46 4d 
02-19 21:13:45.031 D/TunerManagerForExt(15794): FMRadio main (TunerManagerForExt.java:234) onTuneRdsPSInfo: onTuneRdsPSInfo - len: 9 - data: b6 20 52 4f 43 4b 20 46 4d 
02-19 21:13:45.031 D/TunerManagerForExt(15794): FMRadio main (TunerManagerForExt.java:258) onTuneRdsPSInfo: onTuneRdsPSInfo - mRdsPsInfo:  ROCK FM
02-19 21:13:45.149 E/mcu_services( 5512): MCU2APP : [ff fe fd 03 01 29 6d 45 ff ]
02-19 21:13:45.151 D/K706RadioManager(17578): IMcuListener.onTransact: code=1 flags=16
02-19 21:13:45.151 D/K706RadioManager(17578): >>> IMcuListener.onMcuInfoChanged received! data=29 6D 
02-19 21:13:45.152 D/K706RadioManager(17578): MCU[0x29] len=2 : 29 6D 
02-19 21:13:45.152 D/K706RadioManager(17578): Unknown MCU packet type: 0x29
02-19 21:13:47.138 E/mcu_services( 5512): MCU2APP : [ff fe fd 03 01 29 6d 45 ff ]
02-19 21:13:47.139 D/K706RadioManager(17578): IMcuListener.onTransact: code=1 flags=16
02-19 21:13:47.140 D/K706RadioManager(17578): >>> IMcuListener.onMcuInfoChanged received! data=29 6D 
02-19 21:13:47.140 D/K706RadioManager(17578): MCU[0x29] len=2 : 29 6D 
02-19 21:13:47.140 D/K706RadioManager(17578): Unknown MCU packet type: 0x29
02-19 21:13:48.332 E/mcu_services( 5512): APP2MCU - writeToUartNormal : [ff fd fe 05 01 a0 07 01 00 a7 ff ]
02-19 21:13:48.333 D/K706RadioManager(17578): CMD Enviado: sub=0x07 p1=0x01 p2=0x00
02-19 21:13:48.333 D/K706RadioManager(17578): DX/Local toggle -> LOCAL
02-19 21:13:48.430 E/mcu_services( 5512): MCU2APP : [ff fe fd 03 01 b0 70 c1 ff ]
02-19 21:13:48.432 D/K706RadioManager(17578): IMcuListener.onTransact: code=1 flags=16
02-19 21:13:48.433 D/K706RadioManager(17578): >>> IMcuListener.onMcuInfoChanged received! data=B0 70 
02-19 21:13:48.434 D/K706RadioManager(17578): MCU[0xB0] len=2 : B0 70 
02-19 21:13:48.434 D/K706RadioManager(17578): TunerInfo: flags=0x70 save=false AS=false finish=true valid=true ST=true LOC=false seek=false scan=false
02-19 21:13:48.436 D/TunerPresenter(15794): handleTunerRawData: b0 70 
02-19 21:13:48.437 D/TunerManagerForExt(15794): FMRadio main (TunerManagerForExt.java:108) onTunerInfoChanged: onTunerInfoChanged - flag: 112 - asFlag: 0 - psFlag: 0 - scanFlag: 0 - seekFlag: 0 - mStFlag: 1 - mLocFlag: 1 - mIsSearching: false - mTempSearching: false
02-19 21:13:48.437 D/TunerManagerForExt(15794): FMRadio main (TunerManagerForExt.java:118) onTunerInfoChanged: mIsSearching: false - mTempSearching: false - asFlag: 0 - seekFlag: 0
02-19 21:13:49.127 E/mcu_services( 5512): MCU2APP : [ff fe fd 03 01 29 6d 45 ff ]
02-19 21:13:49.128 D/K706RadioManager(17578): IMcuListener.onTransact: code=1 flags=16
02-19 21:13:49.129 D/K706RadioManager(17578): >>> IMcuListener.onMcuInfoChanged received! data=29 6D 
02-19 21:13:49.129 D/K706RadioManager(17578): MCU[0x29] len=2 : 29 6D 
02-19 21:13:49.130 D/K706RadioManager(17578): Unknown MCU packet type: 0x29
02-19 21:13:49.479 E/mcu_services( 5512): APP2MCU - writeToUartNormal : [ff fd fe 05 01 a0 02 00 00 a3 ff ]
02-19 21:13:49.480 D/K706RadioManager(17578): CMD Enviado: sub=0x02 p1=0x00 p2=0x00
02-19 21:13:49.481 D/K706RadioManager(17578): Seek DOWN iniciado
02-19 21:13:49.551 E/mcu_services( 5512): MCU2APP : [ff fe fd 12 01 b1 00 00 22 33 22 38 23 32 23 aa 23 be 24 04 24 36 8c ff ]
02-19 21:13:49.551 E/mcu_services( 5512): MCU2APP : [ff fe fd 03 01 b0 78 c9 ff ]
02-19 21:13:49.553 D/K706RadioManager(17578): IMcuListener.onTransact: code=1 flags=16
02-19 21:13:49.555 D/K706RadioManager(17578): >>> IMcuListener.onMcuInfoChanged received! data=B1 00 00 22 33 22 38 23 32 23 AA 23 BE 24 04 24 36 
02-19 21:13:49.558 D/K706RadioManager(17578): MCU[0xB1] len=17 : B1 00 00 22 33 22 38 23 32 23 AA 23 BE 24 04 24 36 
02-19 21:13:49.558 D/K706RadioManager(17578): PresetList: band=0 presetIdx=0 currentFreq=8755 firstFreq=8755 (offset=3)
02-19 21:13:49.558 D/K706RadioManager(17578): >>> FREQ: 87600 -> 87550 (MCU=8755, 87,55 MHz)
02-19 21:13:49.561 D/TunerPresenter(15794): handleTunerRawData: b1 0 0 22 33 22 38 23 32 23 aa 23 be 24 4 24 36 
02-19 21:13:49.562 D/TunerManagerForExt(15794): FMRadio main (TunerManagerForExt.java:147) onTunerPresetListChanged:  - mBand: 0 - mPresetIndex: 0 - mFrequency: 8755 - index: 0 - preset: 8760 - index: 1 - preset: 9010 - index: 2 - preset: 9130 - index: 3 - preset: 9150 - index: 4 - preset: 9220 - index: 5 - preset: 9270
02-19 21:13:49.562 D/K706RadioManager(17578): IMcuListener.onTransact: code=1 flags=16
02-19 21:13:49.563 D/K706RadioManager(17578): >>> IMcuListener.onMcuInfoChanged received! data=B0 78 
02-19 21:13:49.563 D/K706RadioManager(17578): MCU[0xB0] len=2 : B0 78 
02-19 21:13:49.563 D/K706RadioManager(17578): TunerInfo: flags=0x78 save=false AS=true finish=true valid=true ST=true LOC=false seek=false scan=false
02-19 21:13:49.582 D/TunerPresenter(15794): handleTunerRawData: b0 78 
02-19 21:13:49.582 D/TunerManagerForExt(15794): FMRadio main (TunerManagerForExt.java:108) onTunerInfoChanged: onTunerInfoChanged - flag: 120 - asFlag: 0 - psFlag: 0 - scanFlag: 0 - seekFlag: 1 - mStFlag: 1 - mLocFlag: 1 - mIsSearching: false - mTempSearching: false
02-19 21:13:49.583 D/TunerManagerForExt(15794): FMRadio main (TunerManagerForExt.java:118) onTunerInfoChanged: mIsSearching: true - mTempSearching: false - asFlag: 0 - seekFlag: 1
02-19 21:13:49.596 E/mcu_services( 5512): MCU2APP : [ff fe fd 12 01 b1 00 00 22 2e 22 38 23 32 23 aa 23 be 24 04 24 36 91 ff ]
02-19 21:13:49.599 D/K706RadioManager(17578): IMcuListener.onTransact: code=1 flags=16
02-19 21:13:49.601 D/K706RadioManager(17578): >>> IMcuListener.onMcuInfoChanged received! data=B1 00 00 22 2E 22 38 23 32 23 AA 23 BE 24 04 24 36 
02-19 21:13:49.603 D/K706RadioManager(17578): MCU[0xB1] len=17 : B1 00 00 22 2E 22 38 23 32 23 AA 23 BE 24 04 24 36 
02-19 21:13:49.603 D/K706RadioManager(17578): PresetList: band=0 presetIdx=0 currentFreq=8750 firstFreq=8750 (offset=3)
02-19 21:13:49.603 D/K706RadioManager(17578): >>> FREQ: 87550 -> 87500 (MCU=8750, 87,50 MHz)
02-19 21:13:49.605 D/TunerPresenter(15794): handleTunerRawData: b1 0 0 22 2e 22 38 23 32 23 aa 23 be 24 4 24 36 
02-19 21:13:49.608 D/TunerManagerForExt(15794): FMRadio main (TunerManagerForExt.java:147) onTunerPresetListChanged:  - mBand: 0 - mPresetIndex: 0 - mFrequency: 8750 - index: 0 - preset: 8760 - index: 1 - preset: 9010 - index: 2 - preset: 9130 - index: 3 - preset: 9150 - index: 4 - preset: 9220 - index: 5 - preset: 9270
02-19 21:13:49.647 E/mcu_services( 5512): MCU2APP : [ff fe fd 12 01 b1 00 00 2a 30 22 38 23 32 23 aa 23 be 24 04 24 36 87 ff ]
02-19 21:13:49.649 D/K706RadioManager(17578): IMcuListener.onTransact: code=1 flags=16
02-19 21:13:49.650 D/K706RadioManager(17578): >>> IMcuListener.onMcuInfoChanged received! data=B1 00 00 2A 30 22 38 23 32 23 AA 23 BE 24 04 24 36 
02-19 21:13:49.651 D/K706RadioManager(17578): MCU[0xB1] len=17 : B1 00 00 2A 30 22 38 23 32 23 AA 23 BE 24 04 24 36 
02-19 21:13:49.651 D/K706RadioManager(17578): PresetList: band=0 presetIdx=0 currentFreq=10800 firstFreq=10800 (offset=3)
02-19 21:13:49.652 D/K706RadioManager(17578): >>> FREQ: 87500 -> 108000 (MCU=10800, 108,00 MHz)
02-19 21:13:49.656 D/TunerPresenter(15794): handleTunerRawData: b1 0 0 2a 30 22 38 23 32 23 aa 23 be 24 4 24 36 
02-19 21:13:49.659 D/TunerManagerForExt(15794): FMRadio main (TunerManagerForExt.java:147) onTunerPresetListChanged:  - mBand: 0 - mPresetIndex: 0 - mFrequency: 10800 - index: 0 - preset: 8760 - index: 1 - preset: 9010 - index: 2 - preset: 9130 - index: 3 - preset: 9150 - index: 4 - preset: 9220 - index: 5 - preset: 9270
02-19 21:13:49.696 E/mcu_services( 5512): MCU2APP : [ff fe fd 12 01 b1 00 00 2a 2b 22 38 23 32 23 aa 23 be 24 04 24 36 9c ff ]
02-19 21:13:49.698 D/K706RadioManager(17578): IMcuListener.onTransact: code=1 flags=16
02-19 21:13:49.699 D/K706RadioManager(17578): >>> IMcuListener.onMcuInfoChanged received! data=B1 00 00 2A 2B 22 38 23 32 23 AA 23 BE 24 04 24 36 
02-19 21:13:49.700 D/K706RadioManager(17578): MCU[0xB1] len=17 : B1 00 00 2A 2B 22 38 23 32 23 AA 23 BE 24 04 24 36 
02-19 21:13:49.700 D/K706RadioManager(17578): PresetList: band=0 presetIdx=0 currentFreq=10795 firstFreq=10795 (offset=3)
02-19 21:13:49.700 D/K706RadioManager(17578): >>> FREQ: 108000 -> 107950 (MCU=10795, 107,95 MHz)
02-19 21:13:49.702 D/TunerPresenter(15794): handleTunerRawData: b1 0 0 2a 2b 22 38 23 32 23 aa 23 be 24 4 24 36 
02-19 21:13:49.705 D/TunerManagerForExt(15794): FMRadio main (TunerManagerForExt.java:147) onTunerPresetListChanged:  - mBand: 0 - mPresetIndex: 0 - mFrequency: 10795 - index: 0 - preset: 8760 - index: 1 - preset: 9010 - index: 2 - preset: 9130 - index: 3 - preset: 9150 - index: 4 - preset: 9220 - index: 5 - preset: 9270
02-19 21:13:49.745 E/mcu_services( 5512): MCU2APP : [ff fe fd 12 01 b1 00 00 2a 26 22 38 23 32 23 aa 23 be 24 04 24 36 91 ff ]
02-19 21:13:49.748 D/K706RadioManager(17578): IMcuListener.onTransact: code=1 flags=16
02-19 21:13:49.749 D/K706RadioManager(17578): >>> IMcuListener.onMcuInfoChanged received! data=B1 00 00 2A 26 22 38 23 32 23 AA 23 BE 24 04 24 36 
02-19 21:13:49.751 D/K706RadioManager(17578): MCU[0xB1] len=17 : B1 00 00 2A 26 22 38 23 32 23 AA 23 BE 24 04 24 36 
02-19 21:13:49.752 D/K706RadioManager(17578): PresetList: band=0 presetIdx=0 currentFreq=10790 firstFreq=10790 (offset=3)
02-19 21:13:49.752 D/K706RadioManager(17578): >>> FREQ: 107950 -> 107900 (MCU=10790, 107,90 MHz)
02-19 21:13:49.755 D/TunerPresenter(15794): handleTunerRawData: b1 0 0 2a 26 22 38 23 32 23 aa 23 be 24 4 24 36 
02-19 21:13:49.757 D/TunerManagerForExt(15794): FMRadio main (TunerManagerForExt.java:147) onTunerPresetListChanged:  - mBand: 0 - mPresetIndex: 0 - mFrequency: 10790 - index: 0 - preset: 8760 - index: 1 - preset: 9010 - index: 2 - preset: 9130 - index: 3 - preset: 9150 - index: 4 - preset: 9220 - index: 5 - preset: 9270
02-19 21:13:49.795 E/mcu_services( 5512): MCU2APP : [ff fe fd 12 01 b1 00 00 2a 21 22 38 23 32 23 aa 23 be 24 04 24 36 96 ff ]
02-19 21:13:49.797 D/K706RadioManager(17578): IMcuListener.onTransact: code=1 flags=16
02-19 21:13:49.798 D/K706RadioManager(17578): >>> IMcuListener.onMcuInfoChanged received! data=B1 00 00 2A 21 22 38 23 32 23 AA 23 BE 24 04 24 36 
02-19 21:13:49.799 D/K706RadioManager(17578): MCU[0xB1] len=17 : B1 00 00 2A 21 22 38 23 32 23 AA 23 BE 24 04 24 36 
02-19 21:13:49.799 D/K706RadioManager(17578): PresetList: band=0 presetIdx=0 currentFreq=10785 firstFreq=10785 (offset=3)
02-19 21:13:49.799 D/K706RadioManager(17578): >>> FREQ: 107900 -> 107850 (MCU=10785, 107,85 MHz)
02-19 21:13:49.802 D/TunerPresenter(15794): handleTunerRawData: b1 0 0 2a 21 22 38 23 32 23 aa 23 be 24 4 24 36 
02-19 21:13:49.805 D/TunerManagerForExt(15794): FMRadio main (TunerManagerForExt.java:147) onTunerPresetListChanged:  - mBand: 0 - mPresetIndex: 0 - mFrequency: 10785 - index: 0 - preset: 8760 - index: 1 - preset: 9010 - index: 2 - preset: 9130 - index: 3 - preset: 9150 - index: 4 - preset: 9220 - index: 5 - preset: 9270
02-19 21:13:49.845 E/mcu_services( 5512): MCU2APP : [ff fe fd 12 01 b1 00 00 2a 1c 22 38 23 32 23 aa 23 be 24 04 24 36 ab ff ]
02-19 21:13:49.847 D/K706RadioManager(17578): IMcuListener.onTransact: code=1 flags=16
02-19 21:13:49.848 D/K706RadioManager(17578): >>> IMcuListener.onMcuInfoChanged received! data=B1 00 00 2A 1C 22 38 23 32 23 AA 23 BE 24 04 24 36 
02-19 21:13:49.849 D/K706RadioManager(17578): MCU[0xB1] len=17 : B1 00 00 2A 1C 22 38 23 32 23 AA 23 BE 24 04 24 36 
02-19 21:13:49.849 D/K706RadioManager(17578): PresetList: band=0 presetIdx=0 currentFreq=10780 firstFreq=10780 (offset=3)
02-19 21:13:49.849 D/K706RadioManager(17578): >>> FREQ: 107850 -> 107800 (MCU=10780, 107,80 MHz)
02-19 21:13:49.851 D/TunerPresenter(15794): handleTunerRawData: b1 0 0 2a 1c 22 38 23 32 23 aa 23 be 24 4 24 36 
02-19 21:13:49.855 D/TunerManagerForExt(15794): FMRadio main (TunerManagerForExt.java:147) onTunerPresetListChanged:  - mBand: 0 - mPresetIndex: 0 - mFrequency: 10780 - index: 0 - preset: 8760 - index: 1 - preset: 9010 - index: 2 - preset: 9130 - index: 3 - preset: 9150 - index: 4 - preset: 9220 - index: 5 - preset: 9270
02-19 21:13:49.895 E/mcu_services( 5512): MCU2APP : [ff fe fd 12 01 b1 00 00 2a 17 22 38 23 32 23 aa 23 be 24 04 24 36 a0 ff ]
02-19 21:13:49.897 D/K706RadioManager(17578): IMcuListener.onTransact: code=1 flags=16
02-19 21:13:49.898 D/K706RadioManager(17578): >>> IMcuListener.onMcuInfoChanged received! data=B1 00 00 2A 17 22 38 23 32 23 AA 23 BE 24 04 24 36 
02-19 21:13:49.899 D/K706RadioManager(17578): MCU[0xB1] len=17 : B1 00 00 2A 17 22 38 23 32 23 AA 23 BE 24 04 24 36 
02-19 21:13:49.899 D/K706RadioManager(17578): PresetList: band=0 presetIdx=0 currentFreq=10775 firstFreq=10775 (offset=3)
02-19 21:13:49.899 D/K706RadioManager(17578): >>> FREQ: 107800 -> 107750 (MCU=10775, 107,75 MHz)
02-19 21:13:49.901 D/TunerPresenter(15794): handleTunerRawData: b1 0 0 2a 17 22 38 23 32 23 aa 23 be 24 4 24 36 
02-19 21:13:49.904 D/TunerManagerForExt(15794): FMRadio main (TunerManagerForExt.java:147) onTunerPresetListChanged:  - mBand: 0 - mPresetIndex: 0 - mFrequency: 10775 - index: 0 - preset: 8760 - index: 1 - preset: 9010 - index: 2 - preset: 9130 - index: 3 - preset: 9150 - index: 4 - preset: 9220 - index: 5 - preset: 9270
02-19 21:13:49.944 E/mcu_services( 5512): MCU2APP : [ff fe fd 12 01 b1 00 00 2a 12 22 38 23 32 23 aa 23 be 24 04 24 36 a5 ff ]
02-19 21:13:49.947 D/K706RadioManager(17578): IMcuListener.onTransact: code=1 flags=16
02-19 21:13:49.948 D/K706RadioManager(17578): >>> IMcuListener.onMcuInfoChanged received! data=B1 00 00 2A 12 22 38 23 32 23 AA 23 BE 24 04 24 36 
02-19 21:13:49.949 D/K706RadioManager(17578): MCU[0xB1] len=17 : B1 00 00 2A 12 22 38 23 32 23 AA 23 BE 24 04 24 36 
02-19 21:13:49.949 D/K706RadioManager(17578): PresetList: band=0 presetIdx=0 currentFreq=10770 firstFreq=10770 (offset=3)
02-19 21:13:49.949 D/K706RadioManager(17578): >>> FREQ: 107750 -> 107700 (MCU=10770, 107,70 MHz)
02-19 21:13:49.951 D/TunerPresenter(15794): handleTunerRawData: b1 0 0 2a 12 22 38 23 32 23 aa 23 be 24 4 24 36 
02-19 21:13:49.955 D/TunerManagerForExt(15794): FMRadio main (TunerManagerForExt.java:147) onTunerPresetListChanged:  - mBand: 0 - mPresetIndex: 0 - mFrequency: 10770 - index: 0 - preset: 8760 - index: 1 - preset: 9010 - index: 2 - preset: 9130 - index: 3 - preset: 9150 - index: 4 - preset: 9220 - index: 5 - preset: 9270
02-19 21:13:49.994 E/mcu_services( 5512): MCU2APP : [ff fe fd 12 01 b1 00 00 2a 0d 22 38 23 32 23 aa 23 be 24 04 24 36 ba ff ]
02-19 21:13:49.996 D/K706RadioManager(17578): IMcuListener.onTransact: code=1 flags=16
02-19 21:13:49.998 D/K706RadioManager(17578): >>> IMcuListener.onMcuInfoChanged received! data=B1 00 00 2A 0D 22 38 23 32 23 AA 23 BE 24 04 24 36 
02-19 21:13:49.999 D/K706RadioManager(17578): MCU[0xB1] len=17 : B1 00 00 2A 0D 22 38 23 32 23 AA 23 BE 24 04 24 36 
02-19 21:13:49.999 D/K706RadioManager(17578): PresetList: band=0 presetIdx=0 currentFreq=10765 firstFreq=10765 (offset=3)
02-19 21:13:49.999 D/K706RadioManager(17578): >>> FREQ: 107700 -> 107650 (MCU=10765, 107,65 MHz)
02-19 21:13:50.001 D/TunerPresenter(15794): handleTunerRawData: b1 0 0 2a d 22 38 23 32 23 aa 23 be 24 4 24 36 
02-19 21:13:50.004 D/TunerManagerForExt(15794): FMRadio main (TunerManagerForExt.java:147) onTunerPresetListChanged:  - mBand: 0 - mPresetIndex: 0 - mFrequency: 10765 - index: 0 - preset: 8760 - index: 1 - preset: 9010 - index: 2 - preset: 9130 - index: 3 - preset: 9150 - index: 4 - preset: 9220 - index: 5 - preset: 9270
02-19 21:13:50.044 E/mcu_services( 5512): MCU2APP : [ff fe fd 12 01 b1 00 00 2a 08 22 38 23 32 23 aa 23 be 24 04 24 36 bf ff ]
02-19 21:13:50.046 D/K706RadioManager(17578): IMcuListener.onTransact: code=1 flags=16
02-19 21:13:50.047 D/K706RadioManager(17578): >>> IMcuListener.onMcuInfoChanged received! data=B1 00 00 2A 08 22 38 23 32 23 AA 23 BE 24 04 24 36 
02-19 21:13:50.048 D/K706RadioManager(17578): MCU[0xB1] len=17 : B1 00 00 2A 08 22 38 23 32 23 AA 23 BE 24 04 24 36 
02-19 21:13:50.048 D/K706RadioManager(17578): PresetList: band=0 presetIdx=0 currentFreq=10760 firstFreq=10760 (offset=3)
02-19 21:13:50.048 D/K706RadioManager(17578): >>> FREQ: 107650 -> 107600 (MCU=10760, 107,60 MHz)
02-19 21:13:50.051 D/TunerPresenter(15794): handleTunerRawData: b1 0 0 2a 8 22 38 23 32 23 aa 23 be 24 4 24 36 
02-19 21:13:50.054 D/TunerManagerForExt(15794): FMRadio main (TunerManagerForExt.java:147) onTunerPresetListChanged:  - mBand: 0 - mPresetIndex: 0 - mFrequency: 10760 - index: 0 - preset: 8760 - index: 1 - preset: 9010 - index: 2 - preset: 9130 - index: 3 - preset: 9150 - index: 4 - preset: 9220 - index: 5 - preset: 9270
02-19 21:13:50.093 E/mcu_services( 5512): MCU2APP : [ff fe fd 12 01 b1 00 00 2a 03 22 38 23 32 23 aa 23 be 24 04 24 36 b4 ff ]
02-19 21:13:50.095 D/K706RadioManager(17578): IMcuListener.onTransact: code=1 flags=16
02-19 21:13:50.096 D/K706RadioManager(17578): >>> IMcuListener.onMcuInfoChanged received! data=B1 00 00 2A 03 22 38 23 32 23 AA 23 BE 24 04 24 36 
02-19 21:13:50.098 D/K706RadioManager(17578): MCU[0xB1] len=17 : B1 00 00 2A 03 22 38 23 32 23 AA 23 BE 24 04 24 36 
02-19 21:13:50.098 D/K706RadioManager(17578): PresetList: band=0 presetIdx=0 currentFreq=10755 firstFreq=10755 (offset=3)
02-19 21:13:50.098 D/K706RadioManager(17578): >>> FREQ: 107600 -> 107550 (MCU=10755, 107,55 MHz)
02-19 21:13:50.100 D/TunerPresenter(15794): handleTunerRawData: b1 0 0 2a 3 22 38 23 32 23 aa 23 be 24 4 24 36 
02-19 21:13:50.102 D/TunerManagerForExt(15794): FMRadio main (TunerManagerForExt.java:147) onTunerPresetListChanged:  - mBand: 0 - mPresetIndex: 0 - mFrequency: 10755 - index: 0 - preset: 8760 - index: 1 - preset: 9010 - index: 2 - preset: 9130 - index: 3 - preset: 9150 - index: 4 - preset: 9220 - index: 5 - preset: 9270
02-19 21:13:50.143 E/mcu_services( 5512): MCU2APP : [ff fe fd 12 01 b1 00 00 29 fe 22 38 23 32 23 aa 23 be 24 04 24 36 4a ff ]
02-19 21:13:50.146 D/K706RadioManager(17578): IMcuListener.onTransact: code=1 flags=16
02-19 21:13:50.147 D/K706RadioManager(17578): >>> IMcuListener.onMcuInfoChanged received! data=B1 00 00 29 FE 22 38 23 32 23 AA 23 BE 24 04 24 36 
02-19 21:13:50.148 D/K706RadioManager(17578): MCU[0xB1] len=17 : B1 00 00 29 FE 22 38 23 32 23 AA 23 BE 24 04 24 36 
02-19 21:13:50.148 D/K706RadioManager(17578): PresetList: band=0 presetIdx=0 currentFreq=10750 firstFreq=10750 (offset=3)
02-19 21:13:50.148 D/K706RadioManager(17578): >>> FREQ: 107550 -> 107500 (MCU=10750, 107,50 MHz)
02-19 21:13:50.150 D/TunerPresenter(15794): handleTunerRawData: b1 0 0 29 fe 22 38 23 32 23 aa 23 be 24 4 24 36 
02-19 21:13:50.153 D/TunerManagerForExt(15794): FMRadio main (TunerManagerForExt.java:147) onTunerPresetListChanged:  - mBand: 0 - mPresetIndex: 0 - mFrequency: 10750 - index: 0 - preset: 8760 - index: 1 - preset: 9010 - index: 2 - preset: 9130 - index: 3 - preset: 9150 - index: 4 - preset: 9220 - index: 5 - preset: 9270
02-19 21:13:50.193 E/mcu_services( 5512): MCU2APP : [ff fe fd 12 01 b1 00 00 29 f9 22 38 23 32 23 aa 23 be 24 04 24 36 4d ff ]
02-19 21:13:50.195 D/K706RadioManager(17578): IMcuListener.onTransact: code=1 flags=16
02-19 21:13:50.196 D/K706RadioManager(17578): >>> IMcuListener.onMcuInfoChanged received! data=B1 00 00 29 F9 22 38 23 32 23 AA 23 BE 24 04 24 36 
02-19 21:13:50.198 D/K706RadioManager(17578): MCU[0xB1] len=17 : B1 00 00 29 F9 22 38 23 32 23 AA 23 BE 24 04 24 36 
02-19 21:13:50.198 D/K706RadioManager(17578): PresetList: band=0 presetIdx=0 currentFreq=10745 firstFreq=10745 (offset=3)
02-19 21:13:50.199 D/K706RadioManager(17578): >>> FREQ: 107500 -> 107450 (MCU=10745, 107,45 MHz)
02-19 21:13:50.201 D/TunerPresenter(15794): handleTunerRawData: b1 0 0 29 f9 22 38 23 32 23 aa 23 be 24 4 24 36 
02-19 21:13:50.204 D/TunerManagerForExt(15794): FMRadio main (TunerManagerForExt.java:147) onTunerPresetListChanged:  - mBand: 0 - mPresetIndex: 0 - mFrequency: 10745 - index: 0 - preset: 8760 - index: 1 - preset: 9010 - index: 2 - preset: 9130 - index: 3 - preset: 9150 - index: 4 - preset: 9220 - index: 5 - preset: 9270
02-19 21:13:50.243 E/mcu_services( 5512): MCU2APP : [ff fe fd 12 01 b1 00 00 29 f4 22 38 23 32 23 aa 23 be 24 04 24 36 40 ff ]
02-19 21:13:50.245 D/K706RadioManager(17578): IMcuListener.onTransact: code=1 flags=16
02-19 21:13:50.246 D/K706RadioManager(17578): >>> IMcuListener.onMcuInfoChanged received! data=B1 00 00 29 F4 22 38 23 32 23 AA 23 BE 24 04 24 36 
02-19 21:13:50.248 D/K706RadioManager(17578): MCU[0xB1] len=17 : B1 00 00 29 F4 22 38 23 32 23 AA 23 BE 24 04 24 36 
02-19 21:13:50.248 D/K706RadioManager(17578): PresetList: band=0 presetIdx=0 currentFreq=10740 firstFreq=10740 (offset=3)
02-19 21:13:50.248 D/K706RadioManager(17578): >>> FREQ: 107450 -> 107400 (MCU=10740, 107,40 MHz)
02-19 21:13:50.250 D/TunerPresenter(15794): handleTunerRawData: b1 0 0 29 f4 22 38 23 32 23 aa 23 be 24 4 24 36 
02-19 21:13:50.253 D/TunerManagerForExt(15794): FMRadio main (TunerManagerForExt.java:147) onTunerPresetListChanged:  - mBand: 0 - mPresetIndex: 0 - mFrequency: 10740 - index: 0 - preset: 8760 - index: 1 - preset: 9010 - index: 2 - preset: 9130 - index: 3 - preset: 9150 - index: 4 - preset: 9220 - index: 5 - preset: 9270
02-19 21:13:50.292 E/mcu_services( 5512): MCU2APP : [ff fe fd 12 01 b1 00 00 29 ef 22 38 23 32 23 aa 23 be 24 04 24 36 5b ff ]
02-19 21:13:50.294 D/K706RadioManager(17578): IMcuListener.onTransact: code=1 flags=16
02-19 21:13:50.295 D/K706RadioManager(17578): >>> IMcuListener.onMcuInfoChanged received! data=B1 00 00 29 EF 22 38 23 32 23 AA 23 BE 24 04 24 36 
02-19 21:13:50.296 D/K706RadioManager(17578): MCU[0xB1] len=17 : B1 00 00 29 EF 22 38 23 32 23 AA 23 BE 24 04 24 36 
02-19 21:13:50.296 D/K706RadioManager(17578): PresetList: band=0 presetIdx=0 currentFreq=10735 firstFreq=10735 (offset=3)
02-19 21:13:50.297 D/K706RadioManager(17578): >>> FREQ: 107400 -> 107350 (MCU=10735, 107,35 MHz)
02-19 21:13:50.299 D/TunerPresenter(15794): handleTunerRawData: b1 0 0 29 ef 22 38 23 32 23 aa 23 be 24 4 24 36 
02-19 21:13:50.303 D/TunerManagerForExt(15794): FMRadio main (TunerManagerForExt.java:147) onTunerPresetListChanged:  - mBand: 0 - mPresetIndex: 0 - mFrequency: 10735 - index: 0 - preset: 8760 - index: 1 - preset: 9010 - index: 2 - preset: 9130 - index: 3 - preset: 9150 - index: 4 - preset: 9220 - index: 5 - preset: 9270
02-19 21:13:50.342 E/mcu_services( 5512): MCU2APP : [ff fe fd 12 01 b1 00 00 29 ea 22 38 23 32 23 aa 23 be 24 04 24 36 5e ff ]
02-19 21:13:50.345 D/K706RadioManager(17578): IMcuListener.onTransact: code=1 flags=16
02-19 21:13:50.347 D/K706RadioManager(17578): >>> IMcuListener.onMcuInfoChanged received! data=B1 00 00 29 EA 22 38 23 32 23 AA 23 BE 24 04 24 36 
02-19 21:13:50.347 D/K706RadioManager(17578): MCU[0xB1] len=17 : B1 00 00 29 EA 22 38 23 32 23 AA 23 BE 24 04 24 36 
02-19 21:13:50.347 D/K706RadioManager(17578): PresetList: band=0 presetIdx=0 currentFreq=10730 firstFreq=10730 (offset=3)
02-19 21:13:50.348 D/K706RadioManager(17578): >>> FREQ: 107350 -> 107300 (MCU=10730, 107,30 MHz)
02-19 21:13:50.349 D/TunerPresenter(15794): handleTunerRawData: b1 0 0 29 ea 22 38 23 32 23 aa 23 be 24 4 24 36 
02-19 21:13:50.353 D/TunerManagerForExt(15794): FMRadio main (TunerManagerForExt.java:147) onTunerPresetListChanged:  - mBand: 0 - mPresetIndex: 0 - mFrequency: 10730 - index: 0 - preset: 8760 - index: 1 - preset: 9010 - index: 2 - preset: 9130 - index: 3 - preset: 9150 - index: 4 - preset: 9220 - index: 5 - preset: 9270
02-19 21:13:50.392 E/mcu_services( 5512): MCU2APP : [ff fe fd 12 01 b1 00 00 29 e5 22 38 23 32 23 aa 23 be 24 04 24 36 51 ff ]
02-19 21:13:50.394 D/K706RadioManager(17578): IMcuListener.onTransact: code=1 flags=16
02-19 21:13:50.395 D/K706RadioManager(17578): >>> IMcuListener.onMcuInfoChanged received! data=B1 00 00 29 E5 22 38 23 32 23 AA 23 BE 24 04 24 36 
02-19 21:13:50.396 D/K706RadioManager(17578): MCU[0xB1] len=17 : B1 00 00 29 E5 22 38 23 32 23 AA 23 BE 24 04 24 36 
02-19 21:13:50.396 D/K706RadioManager(17578): PresetList: band=0 presetIdx=0 currentFreq=10725 firstFreq=10725 (offset=3)
02-19 21:13:50.397 D/K706RadioManager(17578): >>> FREQ: 107300 -> 107250 (MCU=10725, 107,25 MHz)
02-19 21:13:50.399 D/TunerPresenter(15794): handleTunerRawData: b1 0 0 29 e5 22 38 23 32 23 aa 23 be 24 4 24 36 
02-19 21:13:50.401 D/TunerManagerForExt(15794): FMRadio main (TunerManagerForExt.java:147) onTunerPresetListChanged:  - mBand: 0 - mPresetIndex: 0 - mFrequency: 10725 - index: 0 - preset: 8760 - index: 1 - preset: 9010 - index: 2 - preset: 9130 - index: 3 - preset: 9150 - index: 4 - preset: 9220 - index: 5 - preset: 9270
02-19 21:13:50.441 E/mcu_services( 5512): MCU2APP : [ff fe fd 12 01 b1 00 00 29 e0 22 38 23 32 23 aa 23 be 24 04 24 36 54 ff ]
02-19 21:13:50.444 D/K706RadioManager(17578): IMcuListener.onTransact: code=1 flags=16
02-19 21:13:50.445 D/K706RadioManager(17578): >>> IMcuListener.onMcuInfoChanged received! data=B1 00 00 29 E0 22 38 23 32 23 AA 23 BE 24 04 24 36 
02-19 21:13:50.446 D/K706RadioManager(17578): MCU[0xB1] len=17 : B1 00 00 29 E0 22 38 23 32 23 AA 23 BE 24 04 24 36 
02-19 21:13:50.446 D/K706RadioManager(17578): PresetList: band=0 presetIdx=0 currentFreq=10720 firstFreq=10720 (offset=3)
02-19 21:13:50.446 D/K706RadioManager(17578): >>> FREQ: 107250 -> 107200 (MCU=10720, 107,20 MHz)
02-19 21:13:50.449 D/TunerPresenter(15794): handleTunerRawData: b1 0 0 29 e0 22 38 23 32 23 aa 23 be 24 4 24 36 
02-19 21:13:50.452 D/TunerManagerForExt(15794): FMRadio main (TunerManagerForExt.java:147) onTunerPresetListChanged:  - mBand: 0 - mPresetIndex: 0 - mFrequency: 10720 - index: 0 - preset: 8760 - index: 1 - preset: 9010 - index: 2 - preset: 9130 - index: 3 - preset: 9150 - index: 4 - preset: 9220 - index: 5 - preset: 9270
02-19 21:13:50.491 E/mcu_services( 5512): MCU2APP : [ff fe fd 12 01 b1 00 00 29 db 22 38 23 32 23 aa 23 be 24 04 24 36 6f ff ]
02-19 21:13:50.493 D/K706RadioManager(17578): IMcuListener.onTransact: code=1 flags=16
02-19 21:13:50.495 D/K706RadioManager(17578): >>> IMcuListener.onMcuInfoChanged received! data=B1 00 00 29 DB 22 38 23 32 23 AA 23 BE 24 04 24 36 
02-19 21:13:50.496 D/K706RadioManager(17578): MCU[0xB1] len=17 : B1 00 00 29 DB 22 38 23 32 23 AA 23 BE 24 04 24 36 
02-19 21:13:50.496 D/K706RadioManager(17578): PresetList: band=0 presetIdx=0 currentFreq=10715 firstFreq=10715 (offset=3)
02-19 21:13:50.496 D/K706RadioManager(17578): >>> FREQ: 107200 -> 107150 (MCU=10715, 107,15 MHz)
02-19 21:13:50.498 D/TunerPresenter(15794): handleTunerRawData: b1 0 0 29 db 22 38 23 32 23 aa 23 be 24 4 24 36 
02-19 21:13:50.501 D/TunerManagerForExt(15794): FMRadio main (TunerManagerForExt.java:147) onTunerPresetListChanged:  - mBand: 0 - mPresetIndex: 0 - mFrequency: 10715 - index: 0 - preset: 8760 - index: 1 - preset: 9010 - index: 2 - preset: 9130 - index: 3 - preset: 9150 - index: 4 - preset: 9220 - index: 5 - preset: 9270
02-19 21:13:50.541 E/mcu_services( 5512): MCU2APP : [ff fe fd 12 01 b1 00 00 29 d6 22 38 23 32 23 aa 23 be 24 04 24 36 62 ff ]
02-19 21:13:50.543 D/K706RadioManager(17578): IMcuListener.onTransact: code=1 flags=16
02-19 21:13:50.544 D/K706RadioManager(17578): >>> IMcuListener.onMcuInfoChanged received! data=B1 00 00 29 D6 22 38 23 32 23 AA 23 BE 24 04 24 36 
02-19 21:13:50.546 D/K706RadioManager(17578): MCU[0xB1] len=17 : B1 00 00 29 D6 22 38 23 32 23 AA 23 BE 24 04 24 36 
02-19 21:13:50.546 D/K706RadioManager(17578): PresetList: band=0 presetIdx=0 currentFreq=10710 firstFreq=10710 (offset=3)
02-19 21:13:50.546 D/K706RadioManager(17578): >>> FREQ: 107150 -> 107100 (MCU=10710, 107,10 MHz)
02-19 21:13:50.548 D/TunerPresenter(15794): handleTunerRawData: b1 0 0 29 d6 22 38 23 32 23 aa 23 be 24 4 24 36 
02-19 21:13:50.552 D/TunerManagerForExt(15794): FMRadio main (TunerManagerForExt.java:147) onTunerPresetListChanged:  - mBand: 0 - mPresetIndex: 0 - mFrequency: 10710 - index: 0 - preset: 8760 - index: 1 - preset: 9010 - index: 2 - preset: 9130 - index: 3 - preset: 9150 - index: 4 - preset: 9220 - index: 5 - preset: 9270
02-19 21:13:50.591 E/mcu_services( 5512): MCU2APP : [ff fe fd 12 01 b1 00 00 29 d1 22 38 23 32 23 aa 23 be 24 04 24 36 65 ff ]
02-19 21:13:50.593 D/K706RadioManager(17578): IMcuListener.onTransact: code=1 flags=16
02-19 21:13:50.594 D/K706RadioManager(17578): >>> IMcuListener.onMcuInfoChanged received! data=B1 00 00 29 D1 22 38 23 32 23 AA 23 BE 24 04 24 36 
02-19 21:13:50.595 D/K706RadioManager(17578): MCU[0xB1] len=17 : B1 00 00 29 D1 22 38 23 32 23 AA 23 BE 24 04 24 36 
02-19 21:13:50.595 D/K706RadioManager(17578): PresetList: band=0 presetIdx=0 currentFreq=10705 firstFreq=10705 (offset=3)
02-19 21:13:50.596 D/K706RadioManager(17578): >>> FREQ: 107100 -> 107050 (MCU=10705, 107,05 MHz)
02-19 21:13:50.598 D/TunerPresenter(15794): handleTunerRawData: b1 0 0 29 d1 22 38 23 32 23 aa 23 be 24 4 24 36 
02-19 21:13:50.600 D/TunerManagerForExt(15794): FMRadio main (TunerManagerForExt.java:147) onTunerPresetListChanged:  - mBand: 0 - mPresetIndex: 0 - mFrequency: 10705 - index: 0 - preset: 8760 - index: 1 - preset: 9010 - index: 2 - preset: 9130 - index: 3 - preset: 9150 - index: 4 - preset: 9220 - index: 5 - preset: 9270
02-19 21:13:50.640 E/mcu_services( 5512): MCU2APP : [ff fe fd 12 01 b1 00 00 29 cc 22 38 23 32 23 aa 23 be 24 04 24 36 78 ff ]
02-19 21:13:50.642 D/K706RadioManager(17578): IMcuListener.onTransact: code=1 flags=16
02-19 21:13:50.644 D/K706RadioManager(17578): >>> IMcuListener.onMcuInfoChanged received! data=B1 00 00 29 CC 22 38 23 32 23 AA 23 BE 24 04 24 36 
02-19 21:13:50.645 D/K706RadioManager(17578): MCU[0xB1] len=17 : B1 00 00 29 CC 22 38 23 32 23 AA 23 BE 24 04 24 36 
02-19 21:13:50.645 D/K706RadioManager(17578): PresetList: band=0 presetIdx=0 currentFreq=10700 firstFreq=10700 (offset=3)
02-19 21:13:50.645 D/K706RadioManager(17578): >>> FREQ: 107050 -> 107000 (MCU=10700, 107,00 MHz)
02-19 21:13:50.647 D/TunerPresenter(15794): handleTunerRawData: b1 0 0 29 cc 22 38 23 32 23 aa 23 be 24 4 24 36 
02-19 21:13:50.650 D/TunerManagerForExt(15794): FMRadio main (TunerManagerForExt.java:147) onTunerPresetListChanged:  - mBand: 0 - mPresetIndex: 0 - mFrequency: 10700 - index: 0 - preset: 8760 - index: 1 - preset: 9010 - index: 2 - preset: 9130 - index: 3 - preset: 9150 - index: 4 - preset: 9220 - index: 5 - preset: 9270
02-19 21:13:50.690 E/mcu_services( 5512): MCU2APP : [ff fe fd 12 01 b1 00 00 29 c7 22 38 23 32 23 aa 23 be 24 04 24 36 73 ff ]
02-19 21:13:50.691 D/K706RadioManager(17578): IMcuListener.onTransact: code=1 flags=16
02-19 21:13:50.692 D/K706RadioManager(17578): >>> IMcuListener.onMcuInfoChanged received! data=B1 00 00 29 C7 22 38 23 32 23 AA 23 BE 24 04 24 36 
02-19 21:13:50.693 D/K706RadioManager(17578): MCU[0xB1] len=17 : B1 00 00 29 C7 22 38 23 32 23 AA 23 BE 24 04 24 36 
02-19 21:13:50.693 D/K706RadioManager(17578): PresetList: band=0 presetIdx=0 currentFreq=10695 firstFreq=10695 (offset=3)
02-19 21:13:50.693 D/K706RadioManager(17578): >>> FREQ: 107000 -> 106950 (MCU=10695, 106,95 MHz)
02-19 21:13:50.695 D/TunerPresenter(15794): handleTunerRawData: b1 0 0 29 c7 22 38 23 32 23 aa 23 be 24 4 24 36 
02-19 21:13:50.698 D/TunerManagerForExt(15794): FMRadio main (TunerManagerForExt.java:147) onTunerPresetListChanged:  - mBand: 0 - mPresetIndex: 0 - mFrequency: 10695 - index: 0 - preset: 8760 - index: 1 - preset: 9010 - index: 2 - preset: 9130 - index: 3 - preset: 9150 - index: 4 - preset: 9220 - index: 5 - preset: 9270
02-19 21:13:50.740 E/mcu_services( 5512): MCU2APP : [ff fe fd 12 01 b1 00 00 29 c2 22 38 23 32 23 aa 23 be 24 04 24 36 76 ff ]
02-19 21:13:50.743 D/K706RadioManager(17578): IMcuListener.onTransact: code=1 flags=16
02-19 21:13:50.745 D/K706RadioManager(17578): >>> IMcuListener.onMcuInfoChanged received! data=B1 00 00 29 C2 22 38 23 32 23 AA 23 BE 24 04 24 36 
02-19 21:13:50.747 D/K706RadioManager(17578): MCU[0xB1] len=17 : B1 00 00 29 C2 22 38 23 32 23 AA 23 BE 24 04 24 36 
02-19 21:13:50.747 D/K706RadioManager(17578): PresetList: band=0 presetIdx=0 currentFreq=10690 firstFreq=10690 (offset=3)
02-19 21:13:50.747 D/K706RadioManager(17578): >>> FREQ: 106950 -> 106900 (MCU=10690, 106,90 MHz)
02-19 21:13:50.749 D/TunerPresenter(15794): handleTunerRawData: b1 0 0 29 c2 22 38 23 32 23 aa 23 be 24 4 24 36 
02-19 21:13:50.752 D/TunerManagerForExt(15794): FMRadio main (TunerManagerForExt.java:147) onTunerPresetListChanged:  - mBand: 0 - mPresetIndex: 0 - mFrequency: 10690 - index: 0 - preset: 8760 - index: 1 - preset: 9010 - index: 2 - preset: 9130 - index: 3 - preset: 9150 - index: 4 - preset: 9220 - index: 5 - preset: 9270
02-19 21:13:50.789 E/mcu_services( 5512): MCU2APP : [ff fe fd 12 01 b1 00 00 29 bd 22 38 23 32 23 aa 23 be 24 04 24 36 09 ff ]
02-19 21:13:50.791 D/K706RadioManager(17578): IMcuListener.onTransact: code=1 flags=16
02-19 21:13:50.793 D/K706RadioManager(17578): >>> IMcuListener.onMcuInfoChanged received! data=B1 00 00 29 BD 22 38 23 32 23 AA 23 BE 24 04 24 36 
02-19 21:13:50.793 D/K706RadioManager(17578): MCU[0xB1] len=17 : B1 00 00 29 BD 22 38 23 32 23 AA 23 BE 24 04 24 36 
02-19 21:13:50.794 D/K706RadioManager(17578): PresetList: band=0 presetIdx=0 currentFreq=10685 firstFreq=10685 (offset=3)
02-19 21:13:50.794 D/K706RadioManager(17578): >>> FREQ: 106900 -> 106850 (MCU=10685, 106,85 MHz)
02-19 21:13:50.795 D/TunerPresenter(15794): handleTunerRawData: b1 0 0 29 bd 22 38 23 32 23 aa 23 be 24 4 24 36 
02-19 21:13:50.798 D/TunerManagerForExt(15794): FMRadio main (TunerManagerForExt.java:147) onTunerPresetListChanged:  - mBand: 0 - mPresetIndex: 0 - mFrequency: 10685 - index: 0 - preset: 8760 - index: 1 - preset: 9010 - index: 2 - preset: 9130 - index: 3 - preset: 9150 - index: 4 - preset: 9220 - index: 5 - preset: 9270
02-19 21:13:50.839 E/mcu_services( 5512): MCU2APP : [ff fe fd 12 01 b1 00 00 29 b8 22 38 23 32 23 aa 23 be 24 04 24 36 0c ff ]
02-19 21:13:50.842 D/K706RadioManager(17578): IMcuListener.onTransact: code=1 flags=16
02-19 21:13:50.843 D/K706RadioManager(17578): >>> IMcuListener.onMcuInfoChanged received! data=B1 00 00 29 B8 22 38 23 32 23 AA 23 BE 24 04 24 36 
02-19 21:13:50.844 D/K706RadioManager(17578): MCU[0xB1] len=17 : B1 00 00 29 B8 22 38 23 32 23 AA 23 BE 24 04 24 36 
02-19 21:13:50.844 D/K706RadioManager(17578): PresetList: band=0 presetIdx=0 currentFreq=10680 firstFreq=10680 (offset=3)
02-19 21:13:50.844 D/K706RadioManager(17578): >>> FREQ: 106850 -> 106800 (MCU=10680, 106,80 MHz)
02-19 21:13:50.846 D/TunerPresenter(15794): handleTunerRawData: b1 0 0 29 b8 22 38 23 32 23 aa 23 be 24 4 24 36 
02-19 21:13:50.849 D/TunerManagerForExt(15794): FMRadio main (TunerManagerForExt.java:147) onTunerPresetListChanged:  - mBand: 0 - mPresetIndex: 0 - mFrequency: 10680 - index: 0 - preset: 8760 - index: 1 - preset: 9010 - index: 2 - preset: 9130 - index: 3 - preset: 9150 - index: 4 - preset: 9220 - index: 5 - preset: 9270
02-19 21:13:50.889 E/mcu_services( 5512): MCU2APP : [ff fe fd 12 01 b1 00 00 29 b3 22 38 23 32 23 aa 23 be 24 04 24 36 07 ff ]
02-19 21:13:50.892 D/K706RadioManager(17578): IMcuListener.onTransact: code=1 flags=16
02-19 21:13:50.893 D/K706RadioManager(17578): >>> IMcuListener.onMcuInfoChanged received! data=B1 00 00 29 B3 22 38 23 32 23 AA 23 BE 24 04 24 36 
02-19 21:13:50.894 D/K706RadioManager(17578): MCU[0xB1] len=17 : B1 00 00 29 B3 22 38 23 32 23 AA 23 BE 24 04 24 36 
02-19 21:13:50.894 D/K706RadioManager(17578): PresetList: band=0 presetIdx=0 currentFreq=10675 firstFreq=10675 (offset=3)
02-19 21:13:50.894 D/K706RadioManager(17578): >>> FREQ: 106800 -> 106750 (MCU=10675, 106,75 MHz)
02-19 21:13:50.896 D/TunerPresenter(15794): handleTunerRawData: b1 0 0 29 b3 22 38 23 32 23 aa 23 be 24 4 24 36 
02-19 21:13:50.899 D/TunerManagerForExt(15794): FMRadio main (TunerManagerForExt.java:147) onTunerPresetListChanged:  - mBand: 0 - mPresetIndex: 0 - mFrequency: 10675 - index: 0 - preset: 8760 - index: 1 - preset: 9010 - index: 2 - preset: 9130 - index: 3 - preset: 9150 - index: 4 - preset: 9220 - index: 5 - preset: 9270
02-19 21:13:50.939 E/mcu_services( 5512): MCU2APP : [ff fe fd 12 01 b1 00 00 29 ae 22 38 23 32 23 aa 23 be 24 04 24 36 1a ff ]
02-19 21:13:50.941 D/K706RadioManager(17578): IMcuListener.onTransact: code=1 flags=16
02-19 21:13:50.942 D/K706RadioManager(17578): >>> IMcuListener.onMcuInfoChanged received! data=B1 00 00 29 AE 22 38 23 32 23 AA 23 BE 24 04 24 36 
02-19 21:13:50.943 D/K706RadioManager(17578): MCU[0xB1] len=17 : B1 00 00 29 AE 22 38 23 32 23 AA 23 BE 24 04 24 36 
02-19 21:13:50.943 D/K706RadioManager(17578): PresetList: band=0 presetIdx=0 currentFreq=10670 firstFreq=10670 (offset=3)
02-19 21:13:50.943 D/K706RadioManager(17578): >>> FREQ: 106750 -> 106700 (MCU=10670, 106,70 MHz)
02-19 21:13:50.946 D/TunerPresenter(15794): handleTunerRawData: b1 0 0 29 ae 22 38 23 32 23 aa 23 be 24 4 24 36 
02-19 21:13:50.950 D/TunerManagerForExt(15794): FMRadio main (TunerManagerForExt.java:147) onTunerPresetListChanged:  - mBand: 0 - mPresetIndex: 0 - mFrequency: 10670 - index: 0 - preset: 8760 - index: 1 - preset: 9010 - index: 2 - preset: 9130 - index: 3 - preset: 9150 - index: 4 - preset: 9220 - index: 5 - preset: 9270
02-19 21:13:50.988 E/mcu_services( 5512): MCU2APP : [ff fe fd 12 01 b1 00 00 29 a9 22 38 23 32 23 aa 23 be 24 04 24 36 1d ff ]
02-19 21:13:50.991 D/K706RadioManager(17578): IMcuListener.onTransact: code=1 flags=16
02-19 21:13:50.992 D/K706RadioManager(17578): >>> IMcuListener.onMcuInfoChanged received! data=B1 00 00 29 A9 22 38 23 32 23 AA 23 BE 24 04 24 36 
02-19 21:13:50.993 D/K706RadioManager(17578): MCU[0xB1] len=17 : B1 00 00 29 A9 22 38 23 32 23 AA 23 BE 24 04 24 36 
02-19 21:13:50.993 D/K706RadioManager(17578): PresetList: band=0 presetIdx=0 currentFreq=10665 firstFreq=10665 (offset=3)
02-19 21:13:50.993 D/K706RadioManager(17578): >>> FREQ: 106700 -> 106650 (MCU=10665, 106,65 MHz)
02-19 21:13:50.995 D/TunerPresenter(15794): handleTunerRawData: b1 0 0 29 a9 22 38 23 32 23 aa 23 be 24 4 24 36 
02-19 21:13:50.998 D/TunerManagerForExt(15794): FMRadio main (TunerManagerForExt.java:147) onTunerPresetListChanged:  - mBand: 0 - mPresetIndex: 0 - mFrequency: 10665 - index: 0 - preset: 8760 - index: 1 - preset: 9010 - index: 2 - preset: 9130 - index: 3 - preset: 9150 - index: 4 - preset: 9220 - index: 5 - preset: 9270
02-19 21:13:51.038 E/mcu_services( 5512): MCU2APP : [ff fe fd 12 01 b1 00 00 29 a4 22 38 23 32 23 aa 23 be 24 04 24 36 10 ff ]
02-19 21:13:51.039 D/K706RadioManager(17578): IMcuListener.onTransact: code=1 flags=16
02-19 21:13:51.041 D/K706RadioManager(17578): >>> IMcuListener.onMcuInfoChanged received! data=B1 00 00 29 A4 22 38 23 32 23 AA 23 BE 24 04 24 36 
02-19 21:13:51.043 D/K706RadioManager(17578): MCU[0xB1] len=17 : B1 00 00 29 A4 22 38 23 32 23 AA 23 BE 24 04 24 36 
02-19 21:13:51.043 D/K706RadioManager(17578): PresetList: band=0 presetIdx=0 currentFreq=10660 firstFreq=10660 (offset=3)
02-19 21:13:51.044 D/K706RadioManager(17578): >>> FREQ: 106650 -> 106600 (MCU=10660, 106,60 MHz)
02-19 21:13:51.046 D/TunerPresenter(15794): handleTunerRawData: b1 0 0 29 a4 22 38 23 32 23 aa 23 be 24 4 24 36 
02-19 21:13:51.048 D/TunerManagerForExt(15794): FMRadio main (TunerManagerForExt.java:147) onTunerPresetListChanged:  - mBand: 0 - mPresetIndex: 0 - mFrequency: 10660 - index: 0 - preset: 8760 - index: 1 - preset: 9010 - index: 2 - preset: 9130 - index: 3 - preset: 9150 - index: 4 - preset: 9220 - index: 5 - preset: 9270
02-19 21:13:51.088 E/mcu_services( 5512): MCU2APP : [ff fe fd 12 01 b1 00 00 29 9f 22 38 23 32 23 aa 23 be 24 04 24 36 2b ff ]
02-19 21:13:51.090 D/K706RadioManager(17578): IMcuListener.onTransact: code=1 flags=16
02-19 21:13:51.091 D/K706RadioManager(17578): >>> IMcuListener.onMcuInfoChanged received! data=B1 00 00 29 9F 22 38 23 32 23 AA 23 BE 24 04 24 36 
02-19 21:13:51.094 D/K706RadioManager(17578): MCU[0xB1] len=17 : B1 00 00 29 9F 22 38 23 32 23 AA 23 BE 24 04 24 36 
02-19 21:13:51.094 D/K706RadioManager(17578): PresetList: band=0 presetIdx=0 currentFreq=10655 firstFreq=10655 (offset=3)
02-19 21:13:51.094 D/K706RadioManager(17578): >>> FREQ: 106600 -> 106550 (MCU=10655, 106,55 MHz)
02-19 21:13:51.096 D/TunerPresenter(15794): handleTunerRawData: b1 0 0 29 9f 22 38 23 32 23 aa 23 be 24 4 24 36 
02-19 21:13:51.099 D/TunerManagerForExt(15794): FMRadio main (TunerManagerForExt.java:147) onTunerPresetListChanged:  - mBand: 0 - mPresetIndex: 0 - mFrequency: 10655 - index: 0 - preset: 8760 - index: 1 - preset: 9010 - index: 2 - preset: 9130 - index: 3 - preset: 9150 - index: 4 - preset: 9220 - index: 5 - preset: 9270
02-19 21:13:51.138 E/mcu_services( 5512): MCU2APP : [ff fe fd 12 01 b1 00 00 29 9a 22 38 23 32 23 aa 23 be 24 04 24 36 2e ff ]
02-19 21:13:51.140 D/K706RadioManager(17578): IMcuListener.onTransact: code=1 flags=16
02-19 21:13:51.142 D/K706RadioManager(17578): >>> IMcuListener.onMcuInfoChanged received! data=B1 00 00 29 9A 22 38 23 32 23 AA 23 BE 24 04 24 36 
02-19 21:13:51.144 D/K706RadioManager(17578): MCU[0xB1] len=17 : B1 00 00 29 9A 22 38 23 32 23 AA 23 BE 24 04 24 36 
02-19 21:13:51.144 D/K706RadioManager(17578): PresetList: band=0 presetIdx=0 currentFreq=10650 firstFreq=10650 (offset=3)
02-19 21:13:51.145 D/K706RadioManager(17578): >>> FREQ: 106550 -> 106500 (MCU=10650, 106,50 MHz)
02-19 21:13:51.150 D/TunerPresenter(15794): handleTunerRawData: b1 0 0 29 9a 22 38 23 32 23 aa 23 be 24 4 24 36 
02-19 21:13:51.153 D/TunerManagerForExt(15794): FMRadio main (TunerManagerForExt.java:147) onTunerPresetListChanged:  - mBand: 0 - mPresetIndex: 0 - mFrequency: 10650 - index: 0 - preset: 8760 - index: 1 - preset: 9010 - index: 2 - preset: 9130 - index: 3 - preset: 9150 - index: 4 - preset: 9220 - index: 5 - preset: 9270
02-19 21:13:51.165 E/mcu_services( 5512): MCU2APP : [ff fe fd 03 01 29 6d 45 ff ]
02-19 21:13:51.166 D/K706RadioManager(17578): IMcuListener.onTransact: code=1 flags=16
02-19 21:13:51.166 D/K706RadioManager(17578): >>> IMcuListener.onMcuInfoChanged received! data=29 6D 
02-19 21:13:51.167 D/K706RadioManager(17578): MCU[0x29] len=2 : 29 6D 
02-19 21:13:51.167 D/K706RadioManager(17578): Unknown MCU packet type: 0x29
02-19 21:13:51.187 E/mcu_services( 5512): MCU2APP : [ff fe fd 12 01 b1 00 00 29 95 22 38 23 32 23 aa 23 be 24 04 24 36 21 ff ]
02-19 21:13:51.189 D/K706RadioManager(17578): IMcuListener.onTransact: code=1 flags=16
02-19 21:13:51.190 D/K706RadioManager(17578): >>> IMcuListener.onMcuInfoChanged received! data=B1 00 00 29 95 22 38 23 32 23 AA 23 BE 24 04 24 36 
02-19 21:13:51.191 D/K706RadioManager(17578): MCU[0xB1] len=17 : B1 00 00 29 95 22 38 23 32 23 AA 23 BE 24 04 24 36 
02-19 21:13:51.191 D/K706RadioManager(17578): PresetList: band=0 presetIdx=0 currentFreq=10645 firstFreq=10645 (offset=3)
02-19 21:13:51.191 D/K706RadioManager(17578): >>> FREQ: 106500 -> 106450 (MCU=10645, 106,45 MHz)
02-19 21:13:51.194 D/TunerPresenter(15794): handleTunerRawData: b1 0 0 29 95 22 38 23 32 23 aa 23 be 24 4 24 36 
02-19 21:13:51.198 D/TunerManagerForExt(15794): FMRadio main (TunerManagerForExt.java:147) onTunerPresetListChanged:  - mBand: 0 - mPresetIndex: 0 - mFrequency: 10645 - index: 0 - preset: 8760 - index: 1 - preset: 9010 - index: 2 - preset: 9130 - index: 3 - preset: 9150 - index: 4 - preset: 9220 - index: 5 - preset: 9270
02-19 21:13:51.237 E/mcu_services( 5512): MCU2APP : [ff fe fd 12 01 b1 00 00 29 90 22 38 23 32 23 aa 23 be 24 04 24 36 24 ff ]
02-19 21:13:51.239 D/K706RadioManager(17578): IMcuListener.onTransact: code=1 flags=16
02-19 21:13:51.240 D/K706RadioManager(17578): >>> IMcuListener.onMcuInfoChanged received! data=B1 00 00 29 90 22 38 23 32 23 AA 23 BE 24 04 24 36 
02-19 21:13:51.241 D/K706RadioManager(17578): MCU[0xB1] len=17 : B1 00 00 29 90 22 38 23 32 23 AA 23 BE 24 04 24 36 
02-19 21:13:51.241 D/K706RadioManager(17578): PresetList: band=0 presetIdx=0 currentFreq=10640 firstFreq=10640 (offset=3)
02-19 21:13:51.241 D/K706RadioManager(17578): >>> FREQ: 106450 -> 106400 (MCU=10640, 106,40 MHz)
02-19 21:13:51.243 D/TunerPresenter(15794): handleTunerRawData: b1 0 0 29 90 22 38 23 32 23 aa 23 be 24 4 24 36 
02-19 21:13:51.246 D/TunerManagerForExt(15794): FMRadio main (TunerManagerForExt.java:147) onTunerPresetListChanged:  - mBand: 0 - mPresetIndex: 0 - mFrequency: 10640 - index: 0 - preset: 8760 - index: 1 - preset: 9010 - index: 2 - preset: 9130 - index: 3 - preset: 9150 - index: 4 - preset: 9220 - index: 5 - preset: 9270
02-19 21:13:51.287 E/mcu_services( 5512): MCU2APP : [ff fe fd 12 01 b1 00 00 29 8b 22 38 23 32 23 aa 23 be 24 04 24 36 3f ff ]
02-19 21:13:51.289 D/K706RadioManager(17578): IMcuListener.onTransact: code=1 flags=16
02-19 21:13:51.290 D/K706RadioManager(17578): >>> IMcuListener.onMcuInfoChanged received! data=B1 00 00 29 8B 22 38 23 32 23 AA 23 BE 24 04 24 36 
02-19 21:13:51.291 D/K706RadioManager(17578): MCU[0xB1] len=17 : B1 00 00 29 8B 22 38 23 32 23 AA 23 BE 24 04 24 36 
02-19 21:13:51.291 D/K706RadioManager(17578): PresetList: band=0 presetIdx=0 currentFreq=10635 firstFreq=10635 (offset=3)
02-19 21:13:51.291 D/K706RadioManager(17578): >>> FREQ: 106400 -> 106350 (MCU=10635, 106,35 MHz)
02-19 21:13:51.293 D/TunerPresenter(15794): handleTunerRawData: b1 0 0 29 8b 22 38 23 32 23 aa 23 be 24 4 24 36 
02-19 21:13:51.296 D/TunerManagerForExt(15794): FMRadio main (TunerManagerForExt.java:147) onTunerPresetListChanged:  - mBand: 0 - mPresetIndex: 0 - mFrequency: 10635 - index: 0 - preset: 8760 - index: 1 - preset: 9010 - index: 2 - preset: 9130 - index: 3 - preset: 9150 - index: 4 - preset: 9220 - index: 5 - preset: 9270
02-19 21:13:51.336 E/mcu_services( 5512): MCU2APP : [ff fe fd 12 01 b1 00 00 29 86 22 38 23 32 23 aa 23 be 24 04 24 36 32 ff ]
02-19 21:13:51.339 D/K706RadioManager(17578): IMcuListener.onTransact: code=1 flags=16
02-19 21:13:51.340 D/K706RadioManager(17578): >>> IMcuListener.onMcuInfoChanged received! data=B1 00 00 29 86 22 38 23 32 23 AA 23 BE 24 04 24 36 
02-19 21:13:51.341 D/K706RadioManager(17578): MCU[0xB1] len=17 : B1 00 00 29 86 22 38 23 32 23 AA 23 BE 24 04 24 36 
02-19 21:13:51.341 D/K706RadioManager(17578): PresetList: band=0 presetIdx=0 currentFreq=10630 firstFreq=10630 (offset=3)
02-19 21:13:51.342 D/K706RadioManager(17578): >>> FREQ: 106350 -> 106300 (MCU=10630, 106,30 MHz)
02-19 21:13:51.344 D/TunerPresenter(15794): handleTunerRawData: b1 0 0 29 86 22 38 23 32 23 aa 23 be 24 4 24 36 
02-19 21:13:51.347 D/TunerManagerForExt(15794): FMRadio main (TunerManagerForExt.java:147) onTunerPresetListChanged:  - mBand: 0 - mPresetIndex: 0 - mFrequency: 10630 - index: 0 - preset: 8760 - index: 1 - preset: 9010 - index: 2 - preset: 9130 - index: 3 - preset: 9150 - index: 4 - preset: 9220 - index: 5 - preset: 9270
02-19 21:13:51.386 E/mcu_services( 5512): MCU2APP : [ff fe fd 12 01 b1 00 00 29 81 22 38 23 32 23 aa 23 be 24 04 24 36 35 ff ]
02-19 21:13:51.388 D/K706RadioManager(17578): IMcuListener.onTransact: code=1 flags=16
02-19 21:13:51.389 D/K706RadioManager(17578): >>> IMcuListener.onMcuInfoChanged received! data=B1 00 00 29 81 22 38 23 32 23 AA 23 BE 24 04 24 36 
02-19 21:13:51.390 D/K706RadioManager(17578): MCU[0xB1] len=17 : B1 00 00 29 81 22 38 23 32 23 AA 23 BE 24 04 24 36 
02-19 21:13:51.390 D/K706RadioManager(17578): PresetList: band=0 presetIdx=0 currentFreq=10625 firstFreq=10625 (offset=3)
02-19 21:13:51.391 D/K706RadioManager(17578): >>> FREQ: 106300 -> 106250 (MCU=10625, 106,25 MHz)
02-19 21:13:51.393 D/TunerPresenter(15794): handleTunerRawData: b1 0 0 29 81 22 38 23 32 23 aa 23 be 24 4 24 36 
02-19 21:13:51.396 D/TunerManagerForExt(15794): FMRadio main (TunerManagerForExt.java:147) onTunerPresetListChanged:  - mBand: 0 - mPresetIndex: 0 - mFrequency: 10625 - index: 0 - preset: 8760 - index: 1 - preset: 9010 - index: 2 - preset: 9130 - index: 3 - preset: 9150 - index: 4 - preset: 9220 - index: 5 - preset: 9270
02-19 21:13:51.436 E/mcu_services( 5512): MCU2APP : [ff fe fd 12 01 b1 00 00 29 7c 22 38 23 32 23 aa 23 be 24 04 24 36 c8 ff ]
02-19 21:13:51.438 D/K706RadioManager(17578): IMcuListener.onTransact: code=1 flags=16
02-19 21:13:51.440 D/K706RadioManager(17578): >>> IMcuListener.onMcuInfoChanged received! data=B1 00 00 29 7C 22 38 23 32 23 AA 23 BE 24 04 24 36 
02-19 21:13:51.441 D/K706RadioManager(17578): MCU[0xB1] len=17 : B1 00 00 29 7C 22 38 23 32 23 AA 23 BE 24 04 24 36 
02-19 21:13:51.441 D/K706RadioManager(17578): PresetList: band=0 presetIdx=0 currentFreq=10620 firstFreq=10620 (offset=3)
02-19 21:13:51.441 D/K706RadioManager(17578): >>> FREQ: 106250 -> 106200 (MCU=10620, 106,20 MHz)
02-19 21:13:51.444 D/TunerPresenter(15794): handleTunerRawData: b1 0 0 29 7c 22 38 23 32 23 aa 23 be 24 4 24 36 
02-19 21:13:51.447 D/TunerManagerForExt(15794): FMRadio main (TunerManagerForExt.java:147) onTunerPresetListChanged:  - mBand: 0 - mPresetIndex: 0 - mFrequency: 10620 - index: 0 - preset: 8760 - index: 1 - preset: 9010 - index: 2 - preset: 9130 - index: 3 - preset: 9150 - index: 4 - preset: 9220 - index: 5 - preset: 9270
02-19 21:13:51.486 E/mcu_services( 5512): MCU2APP : [ff fe fd 12 01 b1 00 00 29 77 22 38 23 32 23 aa 23 be 24 04 24 36 c3 ff ]
02-19 21:13:51.488 D/K706RadioManager(17578): IMcuListener.onTransact: code=1 flags=16
02-19 21:13:51.490 D/K706RadioManager(17578): >>> IMcuListener.onMcuInfoChanged received! data=B1 00 00 29 77 22 38 23 32 23 AA 23 BE 24 04 24 36 
02-19 21:13:51.492 D/K706RadioManager(17578): MCU[0xB1] len=17 : B1 00 00 29 77 22 38 23 32 23 AA 23 BE 24 04 24 36 
02-19 21:13:51.492 D/K706RadioManager(17578): PresetList: band=0 presetIdx=0 currentFreq=10615 firstFreq=10615 (offset=3)
02-19 21:13:51.493 D/K706RadioManager(17578): >>> FREQ: 106200 -> 106150 (MCU=10615, 106,15 MHz)
02-19 21:13:51.495 D/TunerPresenter(15794): handleTunerRawData: b1 0 0 29 77 22 38 23 32 23 aa 23 be 24 4 24 36 
02-19 21:13:51.498 D/TunerManagerForExt(15794): FMRadio main (TunerManagerForExt.java:147) onTunerPresetListChanged:  - mBand: 0 - mPresetIndex: 0 - mFrequency: 10615 - index: 0 - preset: 8760 - index: 1 - preset: 9010 - index: 2 - preset: 9130 - index: 3 - preset: 9150 - index: 4 - preset: 9220 - index: 5 - preset: 9270
02-19 21:13:51.535 E/mcu_services( 5512): MCU2APP : [ff fe fd 12 01 b1 00 00 29 72 22 38 23 32 23 aa 23 be 24 04 24 36 c6 ff ]
02-19 21:13:51.538 D/K706RadioManager(17578): IMcuListener.onTransact: code=1 flags=16
02-19 21:13:51.540 D/K706RadioManager(17578): >>> IMcuListener.onMcuInfoChanged received! data=B1 00 00 29 72 22 38 23 32 23 AA 23 BE 24 04 24 36 
02-19 21:13:51.542 D/K706RadioManager(17578): MCU[0xB1] len=17 : B1 00 00 29 72 22 38 23 32 23 AA 23 BE 24 04 24 36 
02-19 21:13:51.543 D/K706RadioManager(17578): PresetList: band=0 presetIdx=0 currentFreq=10610 firstFreq=10610 (offset=3)
02-19 21:13:51.543 D/K706RadioManager(17578): >>> FREQ: 106150 -> 106100 (MCU=10610, 106,10 MHz)
02-19 21:13:51.546 D/TunerPresenter(15794): handleTunerRawData: b1 0 0 29 72 22 38 23 32 23 aa 23 be 24 4 24 36 
02-19 21:13:51.549 D/TunerManagerForExt(15794): FMRadio main (TunerManagerForExt.java:147) onTunerPresetListChanged:  - mBand: 0 - mPresetIndex: 0 - mFrequency: 10610 - index: 0 - preset: 8760 - index: 1 - preset: 9010 - index: 2 - preset: 9130 - index: 3 - preset: 9150 - index: 4 - preset: 9220 - index: 5 - preset: 9270
02-19 21:13:51.585 E/mcu_services( 5512): MCU2APP : [ff fe fd 12 01 b1 00 00 29 6d 22 38 23 32 23 aa 23 be 24 04 24 36 d9 ff ]
02-19 21:13:51.587 D/K706RadioManager(17578): IMcuListener.onTransact: code=1 flags=16
02-19 21:13:51.588 D/K706RadioManager(17578): >>> IMcuListener.onMcuInfoChanged received! data=B1 00 00 29 6D 22 38 23 32 23 AA 23 BE 24 04 24 36 
02-19 21:13:51.589 D/K706RadioManager(17578): MCU[0xB1] len=17 : B1 00 00 29 6D 22 38 23 32 23 AA 23 BE 24 04 24 36 
02-19 21:13:51.590 D/K706RadioManager(17578): PresetList: band=0 presetIdx=0 currentFreq=10605 firstFreq=10605 (offset=3)
02-19 21:13:51.590 D/K706RadioManager(17578): >>> FREQ: 106100 -> 106050 (MCU=10605, 106,05 MHz)
02-19 21:13:51.592 D/TunerPresenter(15794): handleTunerRawData: b1 0 0 29 6d 22 38 23 32 23 aa 23 be 24 4 24 36 
02-19 21:13:51.595 D/TunerManagerForExt(15794): FMRadio main (TunerManagerForExt.java:147) onTunerPresetListChanged:  - mBand: 0 - mPresetIndex: 0 - mFrequency: 10605 - index: 0 - preset: 8760 - index: 1 - preset: 9010 - index: 2 - preset: 9130 - index: 3 - preset: 9150 - index: 4 - preset: 9220 - index: 5 - preset: 9270
02-19 21:13:51.635 E/mcu_services( 5512): MCU2APP : [ff fe fd 12 01 b1 00 00 29 68 22 38 23 32 23 aa 23 be 24 04 24 36 dc ff ]
02-19 21:13:51.638 D/K706RadioManager(17578): IMcuListener.onTransact: code=1 flags=16
02-19 21:13:51.639 D/K706RadioManager(17578): >>> IMcuListener.onMcuInfoChanged received! data=B1 00 00 29 68 22 38 23 32 23 AA 23 BE 24 04 24 36 
02-19 21:13:51.640 D/K706RadioManager(17578): MCU[0xB1] len=17 : B1 00 00 29 68 22 38 23 32 23 AA 23 BE 24 04 24 36 
02-19 21:13:51.640 D/K706RadioManager(17578): PresetList: band=0 presetIdx=0 currentFreq=10600 firstFreq=10600 (offset=3)
02-19 21:13:51.640 D/K706RadioManager(17578): >>> FREQ: 106050 -> 106000 (MCU=10600, 106,00 MHz)
02-19 21:13:51.642 D/TunerPresenter(15794): handleTunerRawData: b1 0 0 29 68 22 38 23 32 23 aa 23 be 24 4 24 36 
02-19 21:13:51.645 D/TunerManagerForExt(15794): FMRadio main (TunerManagerForExt.java:147) onTunerPresetListChanged:  - mBand: 0 - mPresetIndex: 0 - mFrequency: 10600 - index: 0 - preset: 8760 - index: 1 - preset: 9010 - index: 2 - preset: 9130 - index: 3 - preset: 9150 - index: 4 - preset: 9220 - index: 5 - preset: 9270
02-19 21:13:51.684 E/mcu_services( 5512): MCU2APP : [ff fe fd 12 01 b1 00 00 29 63 22 38 23 32 23 aa 23 be 24 04 24 36 d7 ff ]
02-19 21:13:51.686 D/K706RadioManager(17578): IMcuListener.onTransact: code=1 flags=16
02-19 21:13:51.688 D/K706RadioManager(17578): >>> IMcuListener.onMcuInfoChanged received! data=B1 00 00 29 63 22 38 23 32 23 AA 23 BE 24 04 24 36 
02-19 21:13:51.689 D/K706RadioManager(17578): MCU[0xB1] len=17 : B1 00 00 29 63 22 38 23 32 23 AA 23 BE 24 04 24 36 
02-19 21:13:51.689 D/K706RadioManager(17578): PresetList: band=0 presetIdx=0 currentFreq=10595 firstFreq=10595 (offset=3)
02-19 21:13:51.689 D/K706RadioManager(17578): >>> FREQ: 106000 -> 105950 (MCU=10595, 105,95 MHz)
02-19 21:13:51.692 D/TunerPresenter(15794): handleTunerRawData: b1 0 0 29 63 22 38 23 32 23 aa 23 be 24 4 24 36 
02-19 21:13:51.695 D/TunerManagerForExt(15794): FMRadio main (TunerManagerForExt.java:147) onTunerPresetListChanged:  - mBand: 0 - mPresetIndex: 0 - mFrequency: 10595 - index: 0 - preset: 8760 - index: 1 - preset: 9010 - index: 2 - preset: 9130 - index: 3 - preset: 9150 - index: 4 - preset: 9220 - index: 5 - preset: 9270
02-19 21:13:51.734 E/mcu_services( 5512): MCU2APP : [ff fe fd 12 01 b1 00 00 29 5e 22 38 23 32 23 aa 23 be 24 04 24 36 ea ff ]
02-19 21:13:51.736 D/K706RadioManager(17578): IMcuListener.onTransact: code=1 flags=16
02-19 21:13:51.737 D/K706RadioManager(17578): >>> IMcuListener.onMcuInfoChanged received! data=B1 00 00 29 5E 22 38 23 32 23 AA 23 BE 24 04 24 36 
02-19 21:13:51.738 D/K706RadioManager(17578): MCU[0xB1] len=17 : B1 00 00 29 5E 22 38 23 32 23 AA 23 BE 24 04 24 36 
02-19 21:13:51.738 D/K706RadioManager(17578): PresetList: band=0 presetIdx=0 currentFreq=10590 firstFreq=10590 (offset=3)
02-19 21:13:51.738 D/K706RadioManager(17578): >>> FREQ: 105950 -> 105900 (MCU=10590, 105,90 MHz)
02-19 21:13:51.741 D/TunerPresenter(15794): handleTunerRawData: b1 0 0 29 5e 22 38 23 32 23 aa 23 be 24 4 24 36 
02-19 21:13:51.744 D/TunerManagerForExt(15794): FMRadio main (TunerManagerForExt.java:147) onTunerPresetListChanged:  - mBand: 0 - mPresetIndex: 0 - mFrequency: 10590 - index: 0 - preset: 8760 - index: 1 - preset: 9010 - index: 2 - preset: 9130 - index: 3 - preset: 9150 - index: 4 - preset: 9220 - index: 5 - preset: 9270
02-19 21:13:51.784 E/mcu_services( 5512): MCU2APP : [ff fe fd 12 01 b1 00 00 29 59 22 38 23 32 23 aa 23 be 24 04 24 36 ed ff ]
02-19 21:13:51.786 D/K706RadioManager(17578): IMcuListener.onTransact: code=1 flags=16
02-19 21:13:51.787 D/K706RadioManager(17578): >>> IMcuListener.onMcuInfoChanged received! data=B1 00 00 29 59 22 38 23 32 23 AA 23 BE 24 04 24 36 
02-19 21:13:51.788 D/K706RadioManager(17578): MCU[0xB1] len=17 : B1 00 00 29 59 22 38 23 32 23 AA 23 BE 24 04 24 36 
02-19 21:13:51.789 D/K706RadioManager(17578): PresetList: band=0 presetIdx=0 currentFreq=10585 firstFreq=10585 (offset=3)
02-19 21:13:51.789 D/K706RadioManager(17578): >>> FREQ: 105900 -> 105850 (MCU=10585, 105,85 MHz)
02-19 21:13:51.791 D/TunerPresenter(15794): handleTunerRawData: b1 0 0 29 59 22 38 23 32 23 aa 23 be 24 4 24 36 
02-19 21:13:51.793 D/TunerManagerForExt(15794): FMRadio main (TunerManagerForExt.java:147) onTunerPresetListChanged:  - mBand: 0 - mPresetIndex: 0 - mFrequency: 10585 - index: 0 - preset: 8760 - index: 1 - preset: 9010 - index: 2 - preset: 9130 - index: 3 - preset: 9150 - index: 4 - preset: 9220 - index: 5 - preset: 9270
02-19 21:13:51.834 E/mcu_services( 5512): MCU2APP : [ff fe fd 12 01 b1 00 00 29 54 22 38 23 32 23 aa 23 be 24 04 24 36 e0 ff ]
02-19 21:13:51.836 D/K706RadioManager(17578): IMcuListener.onTransact: code=1 flags=16
02-19 21:13:51.837 D/K706RadioManager(17578): >>> IMcuListener.onMcuInfoChanged received! data=B1 00 00 29 54 22 38 23 32 23 AA 23 BE 24 04 24 36 
02-19 21:13:51.838 D/K706RadioManager(17578): MCU[0xB1] len=17 : B1 00 00 29 54 22 38 23 32 23 AA 23 BE 24 04 24 36 
02-19 21:13:51.838 D/K706RadioManager(17578): PresetList: band=0 presetIdx=0 currentFreq=10580 firstFreq=10580 (offset=3)
02-19 21:13:51.838 D/K706RadioManager(17578): >>> FREQ: 105850 -> 105800 (MCU=10580, 105,80 MHz)
02-19 21:13:51.840 D/TunerPresenter(15794): handleTunerRawData: b1 0 0 29 54 22 38 23 32 23 aa 23 be 24 4 24 36 
02-19 21:13:51.843 D/TunerManagerForExt(15794): FMRadio main (TunerManagerForExt.java:147) onTunerPresetListChanged:  - mBand: 0 - mPresetIndex: 0 - mFrequency: 10580 - index: 0 - preset: 8760 - index: 1 - preset: 9010 - index: 2 - preset: 9130 - index: 3 - preset: 9150 - index: 4 - preset: 9220 - index: 5 - preset: 9270
02-19 21:13:51.883 E/mcu_services( 5512): MCU2APP : [ff fe fd 12 01 b1 00 00 29 4f 22 38 23 32 23 aa 23 be 24 04 24 36 fb ff ]
02-19 21:13:51.886 D/K706RadioManager(17578): IMcuListener.onTransact: code=1 flags=16
02-19 21:13:51.888 D/K706RadioManager(17578): >>> IMcuListener.onMcuInfoChanged received! data=B1 00 00 29 4F 22 38 23 32 23 AA 23 BE 24 04 24 36 
02-19 21:13:51.890 D/K706RadioManager(17578): MCU[0xB1] len=17 : B1 00 00 29 4F 22 38 23 32 23 AA 23 BE 24 04 24 36 
02-19 21:13:51.891 D/K706RadioManager(17578): PresetList: band=0 presetIdx=0 currentFreq=10575 firstFreq=10575 (offset=3)
02-19 21:13:51.891 D/K706RadioManager(17578): >>> FREQ: 105800 -> 105750 (MCU=10575, 105,75 MHz)
02-19 21:13:51.893 D/TunerPresenter(15794): handleTunerRawData: b1 0 0 29 4f 22 38 23 32 23 aa 23 be 24 4 24 36 
02-19 21:13:51.896 D/TunerManagerForExt(15794): FMRadio main (TunerManagerForExt.java:147) onTunerPresetListChanged:  - mBand: 0 - mPresetIndex: 0 - mFrequency: 10575 - index: 0 - preset: 8760 - index: 1 - preset: 9010 - index: 2 - preset: 9130 - index: 3 - preset: 9150 - index: 4 - preset: 9220 - index: 5 - preset: 9270
02-19 21:13:51.933 E/mcu_services( 5512): MCU2APP : [ff fe fd 12 01 b1 00 00 29 4a 22 38 23 32 23 aa 23 be 24 04 24 36 fe ff ]
02-19 21:13:51.935 D/K706RadioManager(17578): IMcuListener.onTransact: code=1 flags=16
02-19 21:13:51.938 D/K706RadioManager(17578): >>> IMcuListener.onMcuInfoChanged received! data=B1 00 00 29 4A 22 38 23 32 23 AA 23 BE 24 04 24 36 
02-19 21:13:51.940 D/K706RadioManager(17578): MCU[0xB1] len=17 : B1 00 00 29 4A 22 38 23 32 23 AA 23 BE 24 04 24 36 
02-19 21:13:51.940 D/K706RadioManager(17578): PresetList: band=0 presetIdx=0 currentFreq=10570 firstFreq=10570 (offset=3)
02-19 21:13:51.940 D/K706RadioManager(17578): >>> FREQ: 105750 -> 105700 (MCU=10570, 105,70 MHz)
02-19 21:13:51.942 D/TunerPresenter(15794): handleTunerRawData: b1 0 0 29 4a 22 38 23 32 23 aa 23 be 24 4 24 36 
02-19 21:13:51.945 D/TunerManagerForExt(15794): FMRadio main (TunerManagerForExt.java:147) onTunerPresetListChanged:  - mBand: 0 - mPresetIndex: 0 - mFrequency: 10570 - index: 0 - preset: 8760 - index: 1 - preset: 9010 - index: 2 - preset: 9130 - index: 3 - preset: 9150 - index: 4 - preset: 9220 - index: 5 - preset: 9270
02-19 21:13:51.983 E/mcu_services( 5512): MCU2APP : [ff fe fd 12 01 b1 00 00 29 45 22 38 23 32 23 aa 23 be 24 04 24 36 f1 ff ]
02-19 21:13:51.985 D/K706RadioManager(17578): IMcuListener.onTransact: code=1 flags=16
02-19 21:13:51.987 D/K706RadioManager(17578): >>> IMcuListener.onMcuInfoChanged received! data=B1 00 00 29 45 22 38 23 32 23 AA 23 BE 24 04 24 36 
02-19 21:13:51.989 D/K706RadioManager(17578): MCU[0xB1] len=17 : B1 00 00 29 45 22 38 23 32 23 AA 23 BE 24 04 24 36 
02-19 21:13:51.989 D/K706RadioManager(17578): PresetList: band=0 presetIdx=0 currentFreq=10565 firstFreq=10565 (offset=3)
02-19 21:13:51.990 D/K706RadioManager(17578): >>> FREQ: 105700 -> 105650 (MCU=10565, 105,65 MHz)
02-19 21:13:51.992 D/TunerPresenter(15794): handleTunerRawData: b1 0 0 29 45 22 38 23 32 23 aa 23 be 24 4 24 36 
02-19 21:13:51.995 D/TunerManagerForExt(15794): FMRadio main (TunerManagerForExt.java:147) onTunerPresetListChanged:  - mBand: 0 - mPresetIndex: 0 - mFrequency: 10565 - index: 0 - preset: 8760 - index: 1 - preset: 9010 - index: 2 - preset: 9130 - index: 3 - preset: 9150 - index: 4 - preset: 9220 - index: 5 - preset: 9270
02-19 21:13:52.032 E/mcu_services( 5512): MCU2APP : [ff fe fd 12 01 b1 00 00 29 40 22 38 23 32 23 aa 23 be 24 04 24 36 f4 ff ]
02-19 21:13:52.035 D/K706RadioManager(17578): IMcuListener.onTransact: code=1 flags=16
02-19 21:13:52.037 D/K706RadioManager(17578): >>> IMcuListener.onMcuInfoChanged received! data=B1 00 00 29 40 22 38 23 32 23 AA 23 BE 24 04 24 36 
02-19 21:13:52.039 D/K706RadioManager(17578): MCU[0xB1] len=17 : B1 00 00 29 40 22 38 23 32 23 AA 23 BE 24 04 24 36 
02-19 21:13:52.039 D/K706RadioManager(17578): PresetList: band=0 presetIdx=0 currentFreq=10560 firstFreq=10560 (offset=3)
02-19 21:13:52.040 D/K706RadioManager(17578): >>> FREQ: 105650 -> 105600 (MCU=10560, 105,60 MHz)
02-19 21:13:52.042 D/TunerPresenter(15794): handleTunerRawData: b1 0 0 29 40 22 38 23 32 23 aa 23 be 24 4 24 36 
02-19 21:13:52.045 D/TunerManagerForExt(15794): FMRadio main (TunerManagerForExt.java:147) onTunerPresetListChanged:  - mBand: 0 - mPresetIndex: 0 - mFrequency: 10560 - index: 0 - preset: 8760 - index: 1 - preset: 9010 - index: 2 - preset: 9130 - index: 3 - preset: 9150 - index: 4 - preset: 9220 - index: 5 - preset: 9270
02-19 21:13:52.082 E/mcu_services( 5512): MCU2APP : [ff fe fd 12 01 b1 00 00 29 3b 22 38 23 32 23 aa 23 be 24 04 24 36 8f ff ]
02-19 21:13:52.085 D/K706RadioManager(17578): IMcuListener.onTransact: code=1 flags=16
02-19 21:13:52.086 D/K706RadioManager(17578): >>> IMcuListener.onMcuInfoChanged received! data=B1 00 00 29 3B 22 38 23 32 23 AA 23 BE 24 04 24 36 
02-19 21:13:52.087 D/K706RadioManager(17578): MCU[0xB1] len=17 : B1 00 00 29 3B 22 38 23 32 23 AA 23 BE 24 04 24 36 
02-19 21:13:52.087 D/K706RadioManager(17578): PresetList: band=0 presetIdx=0 currentFreq=10555 firstFreq=10555 (offset=3)
02-19 21:13:52.087 D/K706RadioManager(17578): >>> FREQ: 105600 -> 105550 (MCU=10555, 105,55 MHz)
02-19 21:13:52.089 D/TunerPresenter(15794): handleTunerRawData: b1 0 0 29 3b 22 38 23 32 23 aa 23 be 24 4 24 36 
02-19 21:13:52.092 D/TunerManagerForExt(15794): FMRadio main (TunerManagerForExt.java:147) onTunerPresetListChanged:  - mBand: 0 - mPresetIndex: 0 - mFrequency: 10555 - index: 0 - preset: 8760 - index: 1 - preset: 9010 - index: 2 - preset: 9130 - index: 3 - preset: 9150 - index: 4 - preset: 9220 - index: 5 - preset: 9270
02-19 21:13:52.132 E/mcu_services( 5512): MCU2APP : [ff fe fd 12 01 b1 00 00 29 36 22 38 23 32 23 aa 23 be 24 04 24 36 82 ff ]
02-19 21:13:52.134 D/K706RadioManager(17578): IMcuListener.onTransact: code=1 flags=16
02-19 21:13:52.135 D/K706RadioManager(17578): >>> IMcuListener.onMcuInfoChanged received! data=B1 00 00 29 36 22 38 23 32 23 AA 23 BE 24 04 24 36 
02-19 21:13:52.136 D/K706RadioManager(17578): MCU[0xB1] len=17 : B1 00 00 29 36 22 38 23 32 23 AA 23 BE 24 04 24 36 
02-19 21:13:52.136 D/K706RadioManager(17578): PresetList: band=0 presetIdx=0 currentFreq=10550 firstFreq=10550 (offset=3)
02-19 21:13:52.136 D/K706RadioManager(17578): >>> FREQ: 105550 -> 105500 (MCU=10550, 105,50 MHz)
02-19 21:13:52.138 D/TunerPresenter(15794): handleTunerRawData: b1 0 0 29 36 22 38 23 32 23 aa 23 be 24 4 24 36 
02-19 21:13:52.141 D/TunerManagerForExt(15794): FMRadio main (TunerManagerForExt.java:147) onTunerPresetListChanged:  - mBand: 0 - mPresetIndex: 0 - mFrequency: 10550 - index: 0 - preset: 8760 - index: 1 - preset: 9010 - index: 2 - preset: 9130 - index: 3 - preset: 9150 - index: 4 - preset: 9220 - index: 5 - preset: 9270
02-19 21:13:52.176 E/mcu_services( 5512): MCU2APP : [ff fe fd 12 01 b1 00 00 29 36 22 38 23 32 23 aa 23 be 24 04 24 36 82 ff ]
02-19 21:13:52.178 D/K706RadioManager(17578): IMcuListener.onTransact: code=1 flags=16
02-19 21:13:52.179 D/K706RadioManager(17578): >>> IMcuListener.onMcuInfoChanged received! data=B1 00 00 29 36 22 38 23 32 23 AA 23 BE 24 04 24 36 
02-19 21:13:52.180 D/K706RadioManager(17578): MCU[0xB1] len=17 : B1 00 00 29 36 22 38 23 32 23 AA 23 BE 24 04 24 36 
02-19 21:13:52.180 D/K706RadioManager(17578): PresetList: band=0 presetIdx=0 currentFreq=10550 firstFreq=10550 (offset=3)
02-19 21:13:52.182 D/TunerPresenter(15794): handleTunerRawData: b1 0 0 29 36 22 38 23 32 23 aa 23 be 24 4 24 36 
02-19 21:13:52.185 D/TunerManagerForExt(15794): FMRadio main (TunerManagerForExt.java:147) onTunerPresetListChanged:  - mBand: 0 - mPresetIndex: 0 - mFrequency: 10550 - index: 0 - preset: 8760 - index: 1 - preset: 9010 - index: 2 - preset: 9130 - index: 3 - preset: 9150 - index: 4 - preset: 9220 - index: 5 - preset: 9270
02-19 21:13:52.247 E/mcu_services( 5512): MCU2APP : [ff fe fd 12 01 b1 00 00 29 36 22 38 23 32 23 aa 23 be 24 04 24 36 82 ff ]
02-19 21:13:52.247 E/mcu_services( 5512): MCU2APP : [ff fe fd 03 01 b4 00 b5 ff ]
02-19 21:13:52.248 E/mcu_services( 5512): sendAckSuccess : [ff fd fe 02 02 b4 b6 ff ]
02-19 21:13:52.248 E/mcu_services( 5512): APP2MCU - writeToUart: [ff fd fe 02 02 b4 b6 ff ]
02-19 21:13:52.248 D/K706RadioManager(17578): IMcuListener.onTransact: code=1 flags=16
02-19 21:13:52.250 D/K706RadioManager(17578): >>> IMcuListener.onMcuInfoChanged received! data=B1 00 00 29 36 22 38 23 32 23 AA 23 BE 24 04 24 36 
02-19 21:13:52.251 D/K706RadioManager(17578): MCU[0xB1] len=17 : B1 00 00 29 36 22 38 23 32 23 AA 23 BE 24 04 24 36 
02-19 21:13:52.251 D/K706RadioManager(17578): PresetList: band=0 presetIdx=0 currentFreq=10550 firstFreq=10550 (offset=3)
02-19 21:13:52.253 D/TunerPresenter(15794): handleTunerRawData: b1 0 0 29 36 22 38 23 32 23 aa 23 be 24 4 24 36 
02-19 21:13:52.253 D/K706RadioManager(17578): IMcuListener.onTransact: code=1 flags=16
02-19 21:13:52.253 D/TunerManagerForExt(15794): FMRadio main (TunerManagerForExt.java:147) onTunerPresetListChanged:  - mBand: 0 - mPresetIndex: 0 - mFrequency: 10550 - index: 0 - preset: 8760 - index: 1 - preset: 9010 - index: 2 - preset: 9130 - index: 3 - preset: 9150 - index: 4 - preset: 9220 - index: 5 - preset: 9270
02-19 21:13:52.254 D/K706RadioManager(17578): >>> IMcuListener.onMcuInfoChanged received! data=B4 00 
02-19 21:13:52.254 D/K706RadioManager(17578): MCU[0xB4] len=2 : B4 00 
02-19 21:13:52.254 D/K706RadioManager(17578): RDS B4 Flags: 0x00
02-19 21:13:52.266 D/TunerPresenter(15794): handleTunerRawData: b4 0 
02-19 21:13:52.266 D/TunerManagerForExt(15794): FMRadio main (TunerManagerForExt.java:195) onTuneRdsIndicateInfo: onTuneRdsIndicateInfo - flag: 0 - mRdsSwitch: 0
02-19 21:13:52.282 E/mcu_services( 5512): MCU2APP : [ff fe fd 03 01 b4 04 b1 ff ]
02-19 21:13:52.282 E/mcu_services( 5512): MCU2APP : [ff fe fd 04 01 b5 00 0a be ff ]
02-19 21:13:52.282 E/mcu_services( 5512): sendAckSuccess : [ff fd fe 02 02 b4 b6 ff ]
02-19 21:13:52.282 E/mcu_services( 5512): APP2MCU - writeToUart: [ff fd fe 02 02 b4 b6 ff ]
02-19 21:13:52.282 E/mcu_services( 5512): sendAckSuccess : [ff fd fe 02 02 b5 b7 ff ]
02-19 21:13:52.282 E/mcu_services( 5512): APP2MCU - writeToUart: [ff fd fe 02 02 b5 b7 ff ]
02-19 21:13:52.283 D/K706RadioManager(17578): IMcuListener.onTransact: code=1 flags=16
02-19 21:13:52.284 D/K706RadioManager(17578): >>> IMcuListener.onMcuInfoChanged received! data=B4 04 
02-19 21:13:52.284 D/K706RadioManager(17578): MCU[0xB4] len=2 : B4 04 
02-19 21:13:52.284 D/K706RadioManager(17578): RDS B4 Flags: 0x04
02-19 21:13:52.286 D/TunerPresenter(15794): handleTunerRawData: b4 4 
02-19 21:13:52.286 D/TunerManagerForExt(15794): FMRadio main (TunerManagerForExt.java:195) onTuneRdsIndicateInfo: onTuneRdsIndicateInfo - flag: 4 - mRdsSwitch: 1
02-19 21:13:52.287 D/K706RadioManager(17578): IMcuListener.onTransact: code=1 flags=16
02-19 21:13:52.287 D/K706RadioManager(17578): >>> IMcuListener.onMcuInfoChanged received! data=B5 00 0A 
02-19 21:13:52.287 D/K706RadioManager(17578): MCU[0xB5] len=3 : B5 00 0A 
02-19 21:13:52.287 D/K706RadioManager(17578): RDS PTY (0xB5): 0
02-19 21:13:52.289 D/TunerPresenter(15794): handleTunerRawData: b5 0 a 
02-19 21:13:52.289 D/TunerManagerForExt(15794): FMRadio main (TunerManagerForExt.java:220) onTuneRdsPtyTypeInfo: onTuneRdsPtyTypeInfo - mRdsPtyType: 0
02-19 21:13:52.319 E/mcu_services( 5512): MCU2APP : [ff fe fd 03 01 b0 70 c1 ff ]
02-19 21:13:52.320 D/K706RadioManager(17578): IMcuListener.onTransact: code=1 flags=16
02-19 21:13:52.320 D/K706RadioManager(17578): >>> IMcuListener.onMcuInfoChanged received! data=B0 70 
02-19 21:13:52.320 D/K706RadioManager(17578): MCU[0xB0] len=2 : B0 70 
02-19 21:13:52.320 D/K706RadioManager(17578): TunerInfo: flags=0x70 save=false AS=false finish=true valid=true ST=true LOC=false seek=false scan=false
02-19 21:13:52.322 D/TunerPresenter(15794): handleTunerRawData: b0 70 
02-19 21:13:52.322 D/TunerManagerForExt(15794): FMRadio main (TunerManagerForExt.java:108) onTunerInfoChanged: onTunerInfoChanged - flag: 112 - asFlag: 0 - psFlag: 0 - scanFlag: 0 - seekFlag: 0 - mStFlag: 1 - mLocFlag: 1 - mIsSearching: true - mTempSearching: false
02-19 21:13:52.322 D/TunerManagerForExt(15794): FMRadio main (TunerManagerForExt.java:118) onTunerInfoChanged: mIsSearching: false - mTempSearching: false - asFlag: 0 - seekFlag: 0
02-19 21:13:53.213 E/mcu_services( 5512): MCU2APP : [ff fe fd 03 01 29 6d 45 ff ]
02-19 21:13:53.215 D/K706RadioManager(17578): IMcuListener.onTransact: code=1 flags=16
02-19 21:13:53.216 D/K706RadioManager(17578): >>> IMcuListener.onMcuInfoChanged received! data=29 6D 
02-19 21:13:53.216 D/K706RadioManager(17578): MCU[0x29] len=2 : 29 6D 
02-19 21:13:53.216 D/K706RadioManager(17578): Unknown MCU packet type: 0x29
02-19 21:13:53.574 E/mcu_services( 5512): APP2MCU - writeToUartNormal : [ff fd fe 05 01 a0 02 00 00 a3 ff ]
02-19 21:13:53.575 D/K706RadioManager(17578): CMD Enviado: sub=0x02 p1=0x00 p2=0x00
02-19 21:13:53.575 D/K706RadioManager(17578): Seek DOWN iniciado
02-19 21:13:53.647 E/mcu_services( 5512): MCU2APP : [ff fe fd 12 01 b1 00 00 29 31 22 38 23 32 23 aa 23 be 24 04 24 36 85 ff ]
02-19 21:13:53.647 E/mcu_services( 5512): MCU2APP : [ff fe fd 03 01 b0 78 c9 ff ]
02-19 21:13:53.650 D/K706RadioManager(17578): IMcuListener.onTransact: code=1 flags=16
02-19 21:13:53.651 D/K706RadioManager(17578): >>> IMcuListener.onMcuInfoChanged received! data=B1 00 00 29 31 22 38 23 32 23 AA 23 BE 24 04 24 36 
02-19 21:13:53.652 D/K706RadioManager(17578): MCU[0xB1] len=17 : B1 00 00 29 31 22 38 23 32 23 AA 23 BE 24 04 24 36 
02-19 21:13:53.652 D/K706RadioManager(17578): PresetList: band=0 presetIdx=0 currentFreq=10545 firstFreq=10545 (offset=3)
02-19 21:13:53.652 D/K706RadioManager(17578): >>> FREQ: 105500 -> 105450 (MCU=10545, 105,45 MHz)
02-19 21:13:53.655 D/TunerPresenter(15794): handleTunerRawData: b1 0 0 29 31 22 38 23 32 23 aa 23 be 24 4 24 36 
02-19 21:13:53.655 D/TunerManagerForExt(15794): FMRadio main (TunerManagerForExt.java:147) onTunerPresetListChanged:  - mBand: 0 - mPresetIndex: 0 - mFrequency: 10545 - index: 0 - preset: 8760 - index: 1 - preset: 9010 - index: 2 - preset: 9130 - index: 3 - preset: 9150 - index: 4 - preset: 9220 - index: 5 - preset: 9270
02-19 21:13:53.656 D/K706RadioManager(17578): IMcuListener.onTransact: code=1 flags=16
02-19 21:13:53.656 D/K706RadioManager(17578): >>> IMcuListener.onMcuInfoChanged received! data=B0 78 
02-19 21:13:53.656 D/K706RadioManager(17578): MCU[0xB0] len=2 : B0 78 
02-19 21:13:53.656 D/K706RadioManager(17578): TunerInfo: flags=0x78 save=false AS=true finish=true valid=true ST=true LOC=false seek=false scan=false
02-19 21:13:53.674 D/TunerPresenter(15794): handleTunerRawData: b0 78 
02-19 21:13:53.674 D/TunerManagerForExt(15794): FMRadio main (TunerManagerForExt.java:108) onTunerInfoChanged: onTunerInfoChanged - flag: 120 - asFlag: 0 - psFlag: 0 - scanFlag: 0 - seekFlag: 1 - mStFlag: 1 - mLocFlag: 1 - mIsSearching: false - mTempSearching: false
02-19 21:13:53.674 D/TunerManagerForExt(15794): FMRadio main (TunerManagerForExt.java:118) onTunerInfoChanged: mIsSearching: true - mTempSearching: false - asFlag: 0 - seekFlag: 1
02-19 21:13:53.693 E/mcu_services( 5512): MCU2APP : [ff fe fd 12 01 b1 00 00 29 2c 22 38 23 32 23 aa 23 be 24 04 24 36 98 ff ]
02-19 21:13:53.695 D/K706RadioManager(17578): IMcuListener.onTransact: code=1 flags=16
02-19 21:13:53.696 D/K706RadioManager(17578): >>> IMcuListener.onMcuInfoChanged received! data=B1 00 00 29 2C 22 38 23 32 23 AA 23 BE 24 04 24 36 
02-19 21:13:53.697 D/K706RadioManager(17578): MCU[0xB1] len=17 : B1 00 00 29 2C 22 38 23 32 23 AA 23 BE 24 04 24 36 
02-19 21:13:53.697 D/K706RadioManager(17578): PresetList: band=0 presetIdx=0 currentFreq=10540 firstFreq=10540 (offset=3)
02-19 21:13:53.697 D/K706RadioManager(17578): >>> FREQ: 105450 -> 105400 (MCU=10540, 105,40 MHz)
02-19 21:13:53.699 D/TunerPresenter(15794): handleTunerRawData: b1 0 0 29 2c 22 38 23 32 23 aa 23 be 24 4 24 36 
02-19 21:13:53.703 D/TunerManagerForExt(15794): FMRadio main (TunerManagerForExt.java:147) onTunerPresetListChanged:  - mBand: 0 - mPresetIndex: 0 - mFrequency: 10540 - index: 0 - preset: 8760 - index: 1 - preset: 9010 - index: 2 - preset: 9130 - index: 3 - preset: 9150 - index: 4 - preset: 9220 - index: 5 - preset: 9270
02-19 21:13:53.742 E/mcu_services( 5512): MCU2APP : [ff fe fd 12 01 b1 00 00 29 27 22 38 23 32 23 aa 23 be 24 04 24 36 93 ff ]
02-19 21:13:53.744 D/K706RadioManager(17578): IMcuListener.onTransact: code=1 flags=16
02-19 21:13:53.745 D/K706RadioManager(17578): >>> IMcuListener.onMcuInfoChanged received! data=B1 00 00 29 27 22 38 23 32 23 AA 23 BE 24 04 24 36 
02-19 21:13:53.746 D/K706RadioManager(17578): MCU[0xB1] len=17 : B1 00 00 29 27 22 38 23 32 23 AA 23 BE 24 04 24 36 
02-19 21:13:53.746 D/K706RadioManager(17578): PresetList: band=0 presetIdx=0 currentFreq=10535 firstFreq=10535 (offset=3)
02-19 21:13:53.746 D/K706RadioManager(17578): >>> FREQ: 105400 -> 105350 (MCU=10535, 105,35 MHz)
02-19 21:13:53.748 D/TunerPresenter(15794): handleTunerRawData: b1 0 0 29 27 22 38 23 32 23 aa 23 be 24 4 24 36 
02-19 21:13:53.751 D/TunerManagerForExt(15794): FMRadio main (TunerManagerForExt.java:147) onTunerPresetListChanged:  - mBand: 0 - mPresetIndex: 0 - mFrequency: 10535 - index: 0 - preset: 8760 - index: 1 - preset: 9010 - index: 2 - preset: 9130 - index: 3 - preset: 9150 - index: 4 - preset: 9220 - index: 5 - preset: 9270
02-19 21:13:53.792 E/mcu_services( 5512): MCU2APP : [ff fe fd 12 01 b1 00 00 29 22 22 38 23 32 23 aa 23 be 24 04 24 36 96 ff ]
02-19 21:13:53.794 D/K706RadioManager(17578): IMcuListener.onTransact: code=1 flags=16
02-19 21:13:53.795 D/K706RadioManager(17578): >>> IMcuListener.onMcuInfoChanged received! data=B1 00 00 29 22 22 38 23 32 23 AA 23 BE 24 04 24 36 
02-19 21:13:53.796 D/K706RadioManager(17578): MCU[0xB1] len=17 : B1 00 00 29 22 22 38 23 32 23 AA 23 BE 24 04 24 36 
02-19 21:13:53.796 D/K706RadioManager(17578): PresetList: band=0 presetIdx=0 currentFreq=10530 firstFreq=10530 (offset=3)
02-19 21:13:53.796 D/K706RadioManager(17578): >>> FREQ: 105350 -> 105300 (MCU=10530, 105,30 MHz)
02-19 21:13:53.798 D/TunerPresenter(15794): handleTunerRawData: b1 0 0 29 22 22 38 23 32 23 aa 23 be 24 4 24 36 
02-19 21:13:53.801 D/TunerManagerForExt(15794): FMRadio main (TunerManagerForExt.java:147) onTunerPresetListChanged:  - mBand: 0 - mPresetIndex: 0 - mFrequency: 10530 - index: 0 - preset: 8760 - index: 1 - preset: 9010 - index: 2 - preset: 9130 - index: 3 - preset: 9150 - index: 4 - preset: 9220 - index: 5 - preset: 9270
02-19 21:13:53.842 E/mcu_services( 5512): MCU2APP : [ff fe fd 12 01 b1 00 00 29 1d 22 38 23 32 23 aa 23 be 24 04 24 36 a9 ff ]
02-19 21:13:53.844 D/K706RadioManager(17578): IMcuListener.onTransact: code=1 flags=16
02-19 21:13:53.845 D/K706RadioManager(17578): >>> IMcuListener.onMcuInfoChanged received! data=B1 00 00 29 1D 22 38 23 32 23 AA 23 BE 24 04 24 36 
02-19 21:13:53.846 D/K706RadioManager(17578): MCU[0xB1] len=17 : B1 00 00 29 1D 22 38 23 32 23 AA 23 BE 24 04 24 36 
02-19 21:13:53.846 D/K706RadioManager(17578): PresetList: band=0 presetIdx=0 currentFreq=10525 firstFreq=10525 (offset=3)
02-19 21:13:53.846 D/K706RadioManager(17578): >>> FREQ: 105300 -> 105250 (MCU=10525, 105,25 MHz)
02-19 21:13:53.848 D/TunerPresenter(15794): handleTunerRawData: b1 0 0 29 1d 22 38 23 32 23 aa 23 be 24 4 24 36 
02-19 21:13:53.852 D/TunerManagerForExt(15794): FMRadio main (TunerManagerForExt.java:147) onTunerPresetListChanged:  - mBand: 0 - mPresetIndex: 0 - mFrequency: 10525 - index: 0 - preset: 8760 - index: 1 - preset: 9010 - index: 2 - preset: 9130 - index: 3 - preset: 9150 - index: 4 - preset: 9220 - index: 5 - preset: 9270
02-19 21:13:53.892 E/mcu_services( 5512): MCU2APP : [ff fe fd 12 01 b1 00 00 29 18 22 38 23 32 23 aa 23 be 24 04 24 36 ac ff ]
02-19 21:13:53.894 D/K706RadioManager(17578): IMcuListener.onTransact: code=1 flags=16
02-19 21:13:53.896 D/K706RadioManager(17578): >>> IMcuListener.onMcuInfoChanged received! data=B1 00 00 29 18 22 38 23 32 23 AA 23 BE 24 04 24 36 
02-19 21:13:53.898 D/K706RadioManager(17578): MCU[0xB1] len=17 : B1 00 00 29 18 22 38 23 32 23 AA 23 BE 24 04 24 36 
02-19 21:13:53.898 D/K706RadioManager(17578): PresetList: band=0 presetIdx=0 currentFreq=10520 firstFreq=10520 (offset=3)
02-19 21:13:53.899 D/K706RadioManager(17578): >>> FREQ: 105250 -> 105200 (MCU=10520, 105,20 MHz)
02-19 21:13:53.902 D/TunerPresenter(15794): handleTunerRawData: b1 0 0 29 18 22 38 23 32 23 aa 23 be 24 4 24 36 
02-19 21:13:53.905 D/TunerManagerForExt(15794): FMRadio main (TunerManagerForExt.java:147) onTunerPresetListChanged:  - mBand: 0 - mPresetIndex: 0 - mFrequency: 10520 - index: 0 - preset: 8760 - index: 1 - preset: 9010 - index: 2 - preset: 9130 - index: 3 - preset: 9150 - index: 4 - preset: 9220 - index: 5 - preset: 9270
02-19 21:13:53.941 E/mcu_services( 5512): MCU2APP : [ff fe fd 12 01 b1 00 00 29 13 22 38 23 32 23 aa 23 be 24 04 24 36 a7 ff ]
02-19 21:13:53.943 D/K706RadioManager(17578): IMcuListener.onTransact: code=1 flags=16
02-19 21:13:53.945 D/K706RadioManager(17578): >>> IMcuListener.onMcuInfoChanged received! data=B1 00 00 29 13 22 38 23 32 23 AA 23 BE 24 04 24 36 
02-19 21:13:53.945 D/K706RadioManager(17578): MCU[0xB1] len=17 : B1 00 00 29 13 22 38 23 32 23 AA 23 BE 24 04 24 36 
02-19 21:13:53.945 D/K706RadioManager(17578): PresetList: band=0 presetIdx=0 currentFreq=10515 firstFreq=10515 (offset=3)
02-19 21:13:53.946 D/K706RadioManager(17578): >>> FREQ: 105200 -> 105150 (MCU=10515, 105,15 MHz)
02-19 21:13:53.947 D/TunerPresenter(15794): handleTunerRawData: b1 0 0 29 13 22 38 23 32 23 aa 23 be 24 4 24 36 
02-19 21:13:53.950 D/TunerManagerForExt(15794): FMRadio main (TunerManagerForExt.java:147) onTunerPresetListChanged:  - mBand: 0 - mPresetIndex: 0 - mFrequency: 10515 - index: 0 - preset: 8760 - index: 1 - preset: 9010 - index: 2 - preset: 9130 - index: 3 - preset: 9150 - index: 4 - preset: 9220 - index: 5 - preset: 9270
02-19 21:13:53.991 E/mcu_services( 5512): MCU2APP : [ff fe fd 12 01 b1 00 00 29 0e 22 38 23 32 23 aa 23 be 24 04 24 36 ba ff ]
02-19 21:13:53.993 D/K706RadioManager(17578): IMcuListener.onTransact: code=1 flags=16
02-19 21:13:53.994 D/K706RadioManager(17578): >>> IMcuListener.onMcuInfoChanged received! data=B1 00 00 29 0E 22 38 23 32 23 AA 23 BE 24 04 24 36 
02-19 21:13:53.995 D/K706RadioManager(17578): MCU[0xB1] len=17 : B1 00 00 29 0E 22 38 23 32 23 AA 23 BE 24 04 24 36 
02-19 21:13:53.996 D/K706RadioManager(17578): PresetList: band=0 presetIdx=0 currentFreq=10510 firstFreq=10510 (offset=3)
02-19 21:13:53.996 D/K706RadioManager(17578): >>> FREQ: 105150 -> 105100 (MCU=10510, 105,10 MHz)
02-19 21:13:53.998 D/TunerPresenter(15794): handleTunerRawData: b1 0 0 29 e 22 38 23 32 23 aa 23 be 24 4 24 36 
02-19 21:13:54.000 D/TunerManagerForExt(15794): FMRadio main (TunerManagerForExt.java:147) onTunerPresetListChanged:  - mBand: 0 - mPresetIndex: 0 - mFrequency: 10510 - index: 0 - preset: 8760 - index: 1 - preset: 9010 - index: 2 - preset: 9130 - index: 3 - preset: 9150 - index: 4 - preset: 9220 - index: 5 - preset: 9270
02-19 21:13:54.041 E/mcu_services( 5512): MCU2APP : [ff fe fd 12 01 b1 00 00 29 09 22 38 23 32 23 aa 23 be 24 04 24 36 bd ff ]
02-19 21:13:54.043 D/K706RadioManager(17578): IMcuListener.onTransact: code=1 flags=16
02-19 21:13:54.044 D/K706RadioManager(17578): >>> IMcuListener.onMcuInfoChanged received! data=B1 00 00 29 09 22 38 23 32 23 AA 23 BE 24 04 24 36 
02-19 21:13:54.045 D/K706RadioManager(17578): MCU[0xB1] len=17 : B1 00 00 29 09 22 38 23 32 23 AA 23 BE 24 04 24 36 
02-19 21:13:54.045 D/K706RadioManager(17578): PresetList: band=0 presetIdx=0 currentFreq=10505 firstFreq=10505 (offset=3)
02-19 21:13:54.045 D/K706RadioManager(17578): >>> FREQ: 105100 -> 105050 (MCU=10505, 105,05 MHz)
02-19 21:13:54.047 D/TunerPresenter(15794): handleTunerRawData: b1 0 0 29 9 22 38 23 32 23 aa 23 be 24 4 24 36 
02-19 21:13:54.050 D/TunerManagerForExt(15794): FMRadio main (TunerManagerForExt.java:147) onTunerPresetListChanged:  - mBand: 0 - mPresetIndex: 0 - mFrequency: 10505 - index: 0 - preset: 8760 - index: 1 - preset: 9010 - index: 2 - preset: 9130 - index: 3 - preset: 9150 - index: 4 - preset: 9220 - index: 5 - preset: 9270
02-19 21:13:54.091 E/mcu_services( 5512): MCU2APP : [ff fe fd 12 01 b1 00 00 29 04 22 38 23 32 23 aa 23 be 24 04 24 36 b0 ff ]
02-19 21:13:54.093 D/K706RadioManager(17578): IMcuListener.onTransact: code=1 flags=16
02-19 21:13:54.094 D/K706RadioManager(17578): >>> IMcuListener.onMcuInfoChanged received! data=B1 00 00 29 04 22 38 23 32 23 AA 23 BE 24 04 24 36 
02-19 21:13:54.095 D/K706RadioManager(17578): MCU[0xB1] len=17 : B1 00 00 29 04 22 38 23 32 23 AA 23 BE 24 04 24 36 
02-19 21:13:54.095 D/K706RadioManager(17578): PresetList: band=0 presetIdx=0 currentFreq=10500 firstFreq=10500 (offset=3)
02-19 21:13:54.095 D/K706RadioManager(17578): >>> FREQ: 105050 -> 105000 (MCU=10500, 105,00 MHz)
02-19 21:13:54.097 D/TunerPresenter(15794): handleTunerRawData: b1 0 0 29 4 22 38 23 32 23 aa 23 be 24 4 24 36 
02-19 21:13:54.100 D/TunerManagerForExt(15794): FMRadio main (TunerManagerForExt.java:147) onTunerPresetListChanged:  - mBand: 0 - mPresetIndex: 0 - mFrequency: 10500 - index: 0 - preset: 8760 - index: 1 - preset: 9010 - index: 2 - preset: 9130 - index: 3 - preset: 9150 - index: 4 - preset: 9220 - index: 5 - preset: 9270
02-19 21:13:54.140 E/mcu_services( 5512): MCU2APP : [ff fe fd 12 01 b1 00 00 28 ff 22 38 23 32 23 aa 23 be 24 04 24 36 4a ff ]
02-19 21:13:54.142 D/K706RadioManager(17578): IMcuListener.onTransact: code=1 flags=16
02-19 21:13:54.143 D/K706RadioManager(17578): >>> IMcuListener.onMcuInfoChanged received! data=B1 00 00 28 FF 22 38 23 32 23 AA 23 BE 24 04 24 36 
02-19 21:13:54.144 D/K706RadioManager(17578): MCU[0xB1] len=17 : B1 00 00 28 FF 22 38 23 32 23 AA 23 BE 24 04 24 36 
02-19 21:13:54.144 D/K706RadioManager(17578): PresetList: band=0 presetIdx=0 currentFreq=10495 firstFreq=10495 (offset=3)
02-19 21:13:54.144 D/K706RadioManager(17578): >>> FREQ: 105000 -> 104950 (MCU=10495, 104,95 MHz)
02-19 21:13:54.146 D/TunerPresenter(15794): handleTunerRawData: b1 0 0 28 ff 22 38 23 32 23 aa 23 be 24 4 24 36 
02-19 21:13:54.148 D/TunerManagerForExt(15794): FMRadio main (TunerManagerForExt.java:147) onTunerPresetListChanged:  - mBand: 0 - mPresetIndex: 0 - mFrequency: 10495 - index: 0 - preset: 8760 - index: 1 - preset: 9010 - index: 2 - preset: 9130 - index: 3 - preset: 9150 - index: 4 - preset: 9220 - index: 5 - preset: 9270
02-19 21:13:54.190 E/mcu_services( 5512): MCU2APP : [ff fe fd 12 01 b1 00 00 28 fa 22 38 23 32 23 aa 23 be 24 04 24 36 4f ff ]
02-19 21:13:54.191 D/K706RadioManager(17578): IMcuListener.onTransact: code=1 flags=16
02-19 21:13:54.192 D/K706RadioManager(17578): >>> IMcuListener.onMcuInfoChanged received! data=B1 00 00 28 FA 22 38 23 32 23 AA 23 BE 24 04 24 36 
02-19 21:13:54.193 D/K706RadioManager(17578): MCU[0xB1] len=17 : B1 00 00 28 FA 22 38 23 32 23 AA 23 BE 24 04 24 36 
02-19 21:13:54.193 D/K706RadioManager(17578): PresetList: band=0 presetIdx=0 currentFreq=10490 firstFreq=10490 (offset=3)
02-19 21:13:54.194 D/K706RadioManager(17578): >>> FREQ: 104950 -> 104900 (MCU=10490, 104,90 MHz)
02-19 21:13:54.196 D/TunerPresenter(15794): handleTunerRawData: b1 0 0 28 fa 22 38 23 32 23 aa 23 be 24 4 24 36 
02-19 21:13:54.198 D/TunerManagerForExt(15794): FMRadio main (TunerManagerForExt.java:147) onTunerPresetListChanged:  - mBand: 0 - mPresetIndex: 0 - mFrequency: 10490 - index: 0 - preset: 8760 - index: 1 - preset: 9010 - index: 2 - preset: 9130 - index: 3 - preset: 9150 - index: 4 - preset: 9220 - index: 5 - preset: 9270
02-19 21:13:54.240 E/mcu_services( 5512): MCU2APP : [ff fe fd 12 01 b1 00 00 28 f5 22 38 23 32 23 aa 23 be 24 04 24 36 40 ff ]
02-19 21:13:54.243 D/K706RadioManager(17578): IMcuListener.onTransact: code=1 flags=16
02-19 21:13:54.245 D/K706RadioManager(17578): >>> IMcuListener.onMcuInfoChanged received! data=B1 00 00 28 F5 22 38 23 32 23 AA 23 BE 24 04 24 36 
02-19 21:13:54.246 D/K706RadioManager(17578): MCU[0xB1] len=17 : B1 00 00 28 F5 22 38 23 32 23 AA 23 BE 24 04 24 36 
02-19 21:13:54.246 D/K706RadioManager(17578): PresetList: band=0 presetIdx=0 currentFreq=10485 firstFreq=10485 (offset=3)
02-19 21:13:54.246 D/K706RadioManager(17578): >>> FREQ: 104900 -> 104850 (MCU=10485, 104,85 MHz)
02-19 21:13:54.248 D/TunerPresenter(15794): handleTunerRawData: b1 0 0 28 f5 22 38 23 32 23 aa 23 be 24 4 24 36 
02-19 21:13:54.250 D/TunerManagerForExt(15794): FMRadio main (TunerManagerForExt.java:147) onTunerPresetListChanged:  - mBand: 0 - mPresetIndex: 0 - mFrequency: 10485 - index: 0 - preset: 8760 - index: 1 - preset: 9010 - index: 2 - preset: 9130 - index: 3 - preset: 9150 - index: 4 - preset: 9220 - index: 5 - preset: 9270
02-19 21:13:54.289 E/mcu_services( 5512): MCU2APP : [ff fe fd 12 01 b1 00 00 28 f0 22 38 23 32 23 aa 23 be 24 04 24 36 45 ff ]
02-19 21:13:54.292 D/K706RadioManager(17578): IMcuListener.onTransact: code=1 flags=16
02-19 21:13:54.293 D/K706RadioManager(17578): >>> IMcuListener.onMcuInfoChanged received! data=B1 00 00 28 F0 22 38 23 32 23 AA 23 BE 24 04 24 36 
02-19 21:13:54.295 D/K706RadioManager(17578): MCU[0xB1] len=17 : B1 00 00 28 F0 22 38 23 32 23 AA 23 BE 24 04 24 36 
02-19 21:13:54.295 D/K706RadioManager(17578): PresetList: band=0 presetIdx=0 currentFreq=10480 firstFreq=10480 (offset=3)
02-19 21:13:54.296 D/K706RadioManager(17578): >>> FREQ: 104850 -> 104800 (MCU=10480, 104,80 MHz)
02-19 21:13:54.298 D/TunerPresenter(15794): handleTunerRawData: b1 0 0 28 f0 22 38 23 32 23 aa 23 be 24 4 24 36 
02-19 21:13:54.300 D/TunerManagerForExt(15794): FMRadio main (TunerManagerForExt.java:147) onTunerPresetListChanged:  - mBand: 0 - mPresetIndex: 0 - mFrequency: 10480 - index: 0 - preset: 8760 - index: 1 - preset: 9010 - index: 2 - preset: 9130 - index: 3 - preset: 9150 - index: 4 - preset: 9220 - index: 5 - preset: 9270
02-19 21:13:54.333 E/mcu_services( 5512): MCU2APP : [ff fe fd 12 01 b1 00 00 28 f0 22 38 23 32 23 aa 23 be 24 04 24 36 45 ff ]
02-19 21:13:54.335 D/K706RadioManager(17578): IMcuListener.onTransact: code=1 flags=16
02-19 21:13:54.336 D/K706RadioManager(17578): >>> IMcuListener.onMcuInfoChanged received! data=B1 00 00 28 F0 22 38 23 32 23 AA 23 BE 24 04 24 36 
02-19 21:13:54.337 D/K706RadioManager(17578): MCU[0xB1] len=17 : B1 00 00 28 F0 22 38 23 32 23 AA 23 BE 24 04 24 36 
02-19 21:13:54.337 D/K706RadioManager(17578): PresetList: band=0 presetIdx=0 currentFreq=10480 firstFreq=10480 (offset=3)
02-19 21:13:54.339 D/TunerPresenter(15794): handleTunerRawData: b1 0 0 28 f0 22 38 23 32 23 aa 23 be 24 4 24 36 
02-19 21:13:54.342 D/TunerManagerForExt(15794): FMRadio main (TunerManagerForExt.java:147) onTunerPresetListChanged:  - mBand: 0 - mPresetIndex: 0 - mFrequency: 10480 - index: 0 - preset: 8760 - index: 1 - preset: 9010 - index: 2 - preset: 9130 - index: 3 - preset: 9150 - index: 4 - preset: 9220 - index: 5 - preset: 9270
02-19 21:13:54.404 E/mcu_services( 5512): MCU2APP : [ff fe fd 12 01 b1 00 00 28 f0 22 38 23 32 23 aa 23 be 24 04 24 36 45 ff ]
02-19 21:13:54.405 E/mcu_services( 5512): MCU2APP : [ff fe fd 03 01 b4 00 b5 ff ]
02-19 21:13:54.405 E/mcu_services( 5512): sendAckSuccess : [ff fd fe 02 02 b4 b6 ff ]
02-19 21:13:54.405 E/mcu_services( 5512): APP2MCU - writeToUart: [ff fd fe 02 02 b4 b6 ff ]
02-19 21:13:54.406 D/K706RadioManager(17578): IMcuListener.onTransact: code=1 flags=16
02-19 21:13:54.407 D/K706RadioManager(17578): >>> IMcuListener.onMcuInfoChanged received! data=B1 00 00 28 F0 22 38 23 32 23 AA 23 BE 24 04 24 36 
02-19 21:13:54.408 D/K706RadioManager(17578): MCU[0xB1] len=17 : B1 00 00 28 F0 22 38 23 32 23 AA 23 BE 24 04 24 36 
02-19 21:13:54.408 D/K706RadioManager(17578): PresetList: band=0 presetIdx=0 currentFreq=10480 firstFreq=10480 (offset=3)
02-19 21:13:54.411 D/TunerPresenter(15794): handleTunerRawData: b1 0 0 28 f0 22 38 23 32 23 aa 23 be 24 4 24 36 
02-19 21:13:54.411 D/K706RadioManager(17578): IMcuListener.onTransact: code=1 flags=16
02-19 21:13:54.411 D/TunerManagerForExt(15794): FMRadio main (TunerManagerForExt.java:147) onTunerPresetListChanged:  - mBand: 0 - mPresetIndex: 0 - mFrequency: 10480 - index: 0 - preset: 8760 - index: 1 - preset: 9010 - index: 2 - preset: 9130 - index: 3 - preset: 9150 - index: 4 - preset: 9220 - index: 5 - preset: 9270
02-19 21:13:54.412 D/K706RadioManager(17578): >>> IMcuListener.onMcuInfoChanged received! data=B4 00 
02-19 21:13:54.412 D/K706RadioManager(17578): MCU[0xB4] len=2 : B4 00 
02-19 21:13:54.412 D/K706RadioManager(17578): RDS B4 Flags: 0x00
02-19 21:13:54.416 E/mcu_services( 5512): MCU2APP : [ff fe fd 03 01 b0 70 c1 ff ]
02-19 21:13:54.418 D/K706RadioManager(17578): IMcuListener.onTransact: code=1 flags=16
02-19 21:13:54.418 D/K706RadioManager(17578): >>> IMcuListener.onMcuInfoChanged received! data=B0 70 
02-19 21:13:54.418 D/K706RadioManager(17578): MCU[0xB0] len=2 : B0 70 
02-19 21:13:54.418 D/K706RadioManager(17578): TunerInfo: flags=0x70 save=false AS=false finish=true valid=true ST=true LOC=false seek=false scan=false
02-19 21:13:54.423 D/TunerPresenter(15794): handleTunerRawData: b4 0 
02-19 21:13:54.423 D/TunerManagerForExt(15794): FMRadio main (TunerManagerForExt.java:195) onTuneRdsIndicateInfo: onTuneRdsIndicateInfo - flag: 0 - mRdsSwitch: 0
02-19 21:13:54.423 D/TunerPresenter(15794): handleTunerRawData: b0 70 
02-19 21:13:54.424 D/TunerManagerForExt(15794): FMRadio main (TunerManagerForExt.java:108) onTunerInfoChanged: onTunerInfoChanged - flag: 112 - asFlag: 0 - psFlag: 0 - scanFlag: 0 - seekFlag: 0 - mStFlag: 1 - mLocFlag: 1 - mIsSearching: true - mTempSearching: false
02-19 21:13:54.424 D/TunerManagerForExt(15794): FMRadio main (TunerManagerForExt.java:118) onTunerInfoChanged: mIsSearching: false - mTempSearching: false - asFlag: 0 - seekFlag: 0
02-19 21:13:54.469 E/mcu_services( 5512): MCU2APP : [ff fe fd 03 01 b4 05 b0 ff ]
02-19 21:13:54.470 E/mcu_services( 5512): MCU2APP : [ff fe fd 04 01 b5 00 03 b7 ff ]
02-19 21:13:54.470 E/mcu_services( 5512): sendAckSuccess : [ff fd fe 02 02 b4 b6 ff ]
02-19 21:13:54.470 E/mcu_services( 5512): APP2MCU - writeToUart: [ff fd fe 02 02 b4 b6 ff ]
02-19 21:13:54.470 E/mcu_services( 5512): sendAckSuccess : [ff fd fe 02 02 b5 b7 ff ]
02-19 21:13:54.470 E/mcu_services( 5512): APP2MCU - writeToUart: [ff fd fe 02 02 b5 b7 ff ]
02-19 21:13:54.471 D/K706RadioManager(17578): IMcuListener.onTransact: code=1 flags=16
02-19 21:13:54.472 D/K706RadioManager(17578): >>> IMcuListener.onMcuInfoChanged received! data=B4 05 
02-19 21:13:54.472 D/K706RadioManager(17578): MCU[0xB4] len=2 : B4 05 
02-19 21:13:54.472 D/K706RadioManager(17578): RDS B4 Flags: 0x05
02-19 21:13:54.474 D/TunerPresenter(15794): handleTunerRawData: b4 5 
02-19 21:13:54.475 D/TunerManagerForExt(15794): FMRadio main (TunerManagerForExt.java:195) onTuneRdsIndicateInfo: onTuneRdsIndicateInfo - flag: 5 - mRdsSwitch: 1
02-19 21:13:54.475 D/K706RadioManager(17578): IMcuListener.onTransact: code=1 flags=16
02-19 21:13:54.476 D/K706RadioManager(17578): >>> IMcuListener.onMcuInfoChanged received! data=B5 00 03 
02-19 21:13:54.476 D/K706RadioManager(17578): MCU[0xB5] len=3 : B5 00 03 
02-19 21:13:54.476 D/K706RadioManager(17578): RDS PTY (0xB5): 0
02-19 21:13:54.478 D/TunerPresenter(15794): handleTunerRawData: b5 0 3 
02-19 21:13:54.478 D/TunerManagerForExt(15794): FMRadio main (TunerManagerForExt.java:220) onTuneRdsPtyTypeInfo: onTuneRdsPtyTypeInfo - mRdsPtyType: 0
02-19 21:13:55.311 E/mcu_services( 5512): MCU2APP : [ff fe fd 03 01 29 6d 45 ff ]
02-19 21:13:55.313 D/K706RadioManager(17578): IMcuListener.onTransact: code=1 flags=16
02-19 21:13:55.313 D/K706RadioManager(17578): >>> IMcuListener.onMcuInfoChanged received! data=29 6D 
02-19 21:13:55.313 D/K706RadioManager(17578): MCU[0x29] len=2 : 29 6D 
02-19 21:13:55.314 D/K706RadioManager(17578): Unknown MCU packet type: 0x29
02-19 21:13:55.713 E/mcu_services( 5512): APP2MCU - writeToUartNormal : [ff fd fe 05 01 a0 02 00 00 a3 ff ]
02-19 21:13:55.714 D/K706RadioManager(17578): CMD Enviado: sub=0x02 p1=0x00 p2=0x00
02-19 21:13:55.714 D/K706RadioManager(17578): Seek DOWN iniciado
02-19 21:13:55.785 E/mcu_services( 5512): MCU2APP : [ff fe fd 12 01 b1 00 00 28 eb 22 38 23 32 23 aa 23 be 24 04 24 36 5e ff ]
02-19 21:13:55.785 E/mcu_services( 5512): MCU2APP : [ff fe fd 03 01 b0 78 c9 ff ]
02-19 21:13:55.787 D/K706RadioManager(17578): IMcuListener.onTransact: code=1 flags=16
02-19 21:13:55.788 D/K706RadioManager(17578): >>> IMcuListener.onMcuInfoChanged received! data=B1 00 00 28 EB 22 38 23 32 23 AA 23 BE 24 04 24 36 
02-19 21:13:55.789 D/K706RadioManager(17578): MCU[0xB1] len=17 : B1 00 00 28 EB 22 38 23 32 23 AA 23 BE 24 04 24 36 
02-19 21:13:55.789 D/K706RadioManager(17578): PresetList: band=0 presetIdx=0 currentFreq=10475 firstFreq=10475 (offset=3)
02-19 21:13:55.790 D/K706RadioManager(17578): >>> FREQ: 104800 -> 104750 (MCU=10475, 104,75 MHz)
02-19 21:13:55.792 D/TunerPresenter(15794): handleTunerRawData: b1 0 0 28 eb 22 38 23 32 23 aa 23 be 24 4 24 36 
02-19 21:13:55.792 D/TunerManagerForExt(15794): FMRadio main (TunerManagerForExt.java:147) onTunerPresetListChanged:  - mBand: 0 - mPresetIndex: 0 - mFrequency: 10475 - index: 0 - preset: 8760 - index: 1 - preset: 9010 - index: 2 - preset: 9130 - index: 3 - preset: 9150 - index: 4 - preset: 9220 - index: 5 - preset: 9270
02-19 21:13:55.793 D/K706RadioManager(17578): IMcuListener.onTransact: code=1 flags=16
02-19 21:13:55.794 D/K706RadioManager(17578): >>> IMcuListener.onMcuInfoChanged received! data=B0 78 
02-19 21:13:55.794 D/K706RadioManager(17578): MCU[0xB0] len=2 : B0 78 
02-19 21:13:55.794 D/K706RadioManager(17578): TunerInfo: flags=0x78 save=false AS=true finish=true valid=true ST=true LOC=false seek=false scan=false
02-19 21:13:55.811 D/TunerPresenter(15794): handleTunerRawData: b0 78 
02-19 21:13:55.811 D/TunerManagerForExt(15794): FMRadio main (TunerManagerForExt.java:108) onTunerInfoChanged: onTunerInfoChanged - flag: 120 - asFlag: 0 - psFlag: 0 - scanFlag: 0 - seekFlag: 1 - mStFlag: 1 - mLocFlag: 1 - mIsSearching: false - mTempSearching: false
02-19 21:13:55.812 D/TunerManagerForExt(15794): FMRadio main (TunerManagerForExt.java:118) onTunerInfoChanged: mIsSearching: true - mTempSearching: false - asFlag: 0 - seekFlag: 1
02-19 21:13:55.830 E/mcu_services( 5512): MCU2APP : [ff fe fd 12 01 b1 00 00 28 e6 22 38 23 32 23 aa 23 be 24 04 24 36 53 ff ]
02-19 21:13:55.833 D/K706RadioManager(17578): IMcuListener.onTransact: code=1 flags=16
02-19 21:13:55.834 D/K706RadioManager(17578): >>> IMcuListener.onMcuInfoChanged received! data=B1 00 00 28 E6 22 38 23 32 23 AA 23 BE 24 04 24 36 
02-19 21:13:55.835 D/K706RadioManager(17578): MCU[0xB1] len=17 : B1 00 00 28 E6 22 38 23 32 23 AA 23 BE 24 04 24 36 
02-19 21:13:55.835 D/K706RadioManager(17578): PresetList: band=0 presetIdx=0 currentFreq=10470 firstFreq=10470 (offset=3)
02-19 21:13:55.835 D/K706RadioManager(17578): >>> FREQ: 104750 -> 104700 (MCU=10470, 104,70 MHz)
02-19 21:13:55.837 D/TunerPresenter(15794): handleTunerRawData: b1 0 0 28 e6 22 38 23 32 23 aa 23 be 24 4 24 36 
02-19 21:13:55.840 D/TunerManagerForExt(15794): FMRadio main (TunerManagerForExt.java:147) onTunerPresetListChanged:  - mBand: 0 - mPresetIndex: 0 - mFrequency: 10470 - index: 0 - preset: 8760 - index: 1 - preset: 9010 - index: 2 - preset: 9130 - index: 3 - preset: 9150 - index: 4 - preset: 9220 - index: 5 - preset: 9270
02-19 21:13:55.880 E/mcu_services( 5512): MCU2APP : [ff fe fd 12 01 b1 00 00 28 e1 22 38 23 32 23 aa 23 be 24 04 24 36 54 ff ]
02-19 21:13:55.882 D/K706RadioManager(17578): IMcuListener.onTransact: code=1 flags=16
02-19 21:13:55.884 D/K706RadioManager(17578): >>> IMcuListener.onMcuInfoChanged received! data=B1 00 00 28 E1 22 38 23 32 23 AA 23 BE 24 04 24 36 
02-19 21:13:55.885 D/K706RadioManager(17578): MCU[0xB1] len=17 : B1 00 00 28 E1 22 38 23 32 23 AA 23 BE 24 04 24 36 
02-19 21:13:55.885 D/K706RadioManager(17578): PresetList: band=0 presetIdx=0 currentFreq=10465 firstFreq=10465 (offset=3)
02-19 21:13:55.885 D/K706RadioManager(17578): >>> FREQ: 104700 -> 104650 (MCU=10465, 104,65 MHz)
02-19 21:13:55.887 D/TunerPresenter(15794): handleTunerRawData: b1 0 0 28 e1 22 38 23 32 23 aa 23 be 24 4 24 36 
02-19 21:13:55.889 D/TunerManagerForExt(15794): FMRadio main (TunerManagerForExt.java:147) onTunerPresetListChanged:  - mBand: 0 - mPresetIndex: 0 - mFrequency: 10465 - index: 0 - preset: 8760 - index: 1 - preset: 9010 - index: 2 - preset: 9130 - index: 3 - preset: 9150 - index: 4 - preset: 9220 - index: 5 - preset: 9270
02-19 21:13:55.930 E/mcu_services( 5512): MCU2APP : [ff fe fd 12 01 b1 00 00 28 dc 22 38 23 32 23 aa 23 be 24 04 24 36 69 ff ]
02-19 21:13:55.932 D/K706RadioManager(17578): IMcuListener.onTransact: code=1 flags=16
02-19 21:13:55.934 D/K706RadioManager(17578): >>> IMcuListener.onMcuInfoChanged received! data=B1 00 00 28 DC 22 38 23 32 23 AA 23 BE 24 04 24 36 
02-19 21:13:55.935 D/K706RadioManager(17578): MCU[0xB1] len=17 : B1 00 00 28 DC 22 38 23 32 23 AA 23 BE 24 04 24 36 
02-19 21:13:55.936 D/K706RadioManager(17578): PresetList: band=0 presetIdx=0 currentFreq=10460 firstFreq=10460 (offset=3)
02-19 21:13:55.936 D/K706RadioManager(17578): >>> FREQ: 104650 -> 104600 (MCU=10460, 104,60 MHz)
02-19 21:13:55.937 D/TunerPresenter(15794): handleTunerRawData: b1 0 0 28 dc 22 38 23 32 23 aa 23 be 24 4 24 36 
02-19 21:13:55.939 D/TunerManagerForExt(15794): FMRadio main (TunerManagerForExt.java:147) onTunerPresetListChanged:  - mBand: 0 - mPresetIndex: 0 - mFrequency: 10460 - index: 0 - preset: 8760 - index: 1 - preset: 9010 - index: 2 - preset: 9130 - index: 3 - preset: 9150 - index: 4 - preset: 9220 - index: 5 - preset: 9270
02-19 21:13:55.980 E/mcu_services( 5512): MCU2APP : [ff fe fd 12 01 b1 00 00 28 d7 22 38 23 32 23 aa 23 be 24 04 24 36 62 ff ]
02-19 21:13:55.982 D/K706RadioManager(17578): IMcuListener.onTransact: code=1 flags=16
02-19 21:13:55.983 D/K706RadioManager(17578): >>> IMcuListener.onMcuInfoChanged received! data=B1 00 00 28 D7 22 38 23 32 23 AA 23 BE 24 04 24 36 
02-19 21:13:55.984 D/K706RadioManager(17578): MCU[0xB1] len=17 : B1 00 00 28 D7 22 38 23 32 23 AA 23 BE 24 04 24 36 
02-19 21:13:55.984 D/K706RadioManager(17578): PresetList: band=0 presetIdx=0 currentFreq=10455 firstFreq=10455 (offset=3)
02-19 21:13:55.984 D/K706RadioManager(17578): >>> FREQ: 104600 -> 104550 (MCU=10455, 104,55 MHz)
02-19 21:13:55.986 D/TunerPresenter(15794): handleTunerRawData: b1 0 0 28 d7 22 38 23 32 23 aa 23 be 24 4 24 36 
02-19 21:13:55.988 D/TunerManagerForExt(15794): FMRadio main (TunerManagerForExt.java:147) onTunerPresetListChanged:  - mBand: 0 - mPresetIndex: 0 - mFrequency: 10455 - index: 0 - preset: 8760 - index: 1 - preset: 9010 - index: 2 - preset: 9130 - index: 3 - preset: 9150 - index: 4 - preset: 9220 - index: 5 - preset: 9270
02-19 21:13:56.029 E/mcu_services( 5512): MCU2APP : [ff fe fd 12 01 b1 00 00 28 d2 22 38 23 32 23 aa 23 be 24 04 24 36 67 ff ]
02-19 21:13:56.032 D/K706RadioManager(17578): IMcuListener.onTransact: code=1 flags=16
02-19 21:13:56.033 D/K706RadioManager(17578): >>> IMcuListener.onMcuInfoChanged received! data=B1 00 00 28 D2 22 38 23 32 23 AA 23 BE 24 04 24 36 
02-19 21:13:56.034 D/K706RadioManager(17578): MCU[0xB1] len=17 : B1 00 00 28 D2 22 38 23 32 23 AA 23 BE 24 04 24 36 
02-19 21:13:56.034 D/K706RadioManager(17578): PresetList: band=0 presetIdx=0 currentFreq=10450 firstFreq=10450 (offset=3)
02-19 21:13:56.034 D/K706RadioManager(17578): >>> FREQ: 104550 -> 104500 (MCU=10450, 104,50 MHz)
02-19 21:13:56.036 D/TunerPresenter(15794): handleTunerRawData: b1 0 0 28 d2 22 38 23 32 23 aa 23 be 24 4 24 36 
02-19 21:13:56.039 D/TunerManagerForExt(15794): FMRadio main (TunerManagerForExt.java:147) onTunerPresetListChanged:  - mBand: 0 - mPresetIndex: 0 - mFrequency: 10450 - index: 0 - preset: 8760 - index: 1 - preset: 9010 - index: 2 - preset: 9130 - index: 3 - preset: 9150 - index: 4 - preset: 9220 - index: 5 - preset: 9270
02-19 21:13:56.079 E/mcu_services( 5512): MCU2APP : [ff fe fd 12 01 b1 00 00 28 cd 22 38 23 32 23 aa 23 be 24 04 24 36 78 ff ]
02-19 21:13:56.082 D/K706RadioManager(17578): IMcuListener.onTransact: code=1 flags=16
02-19 21:13:56.083 D/K706RadioManager(17578): >>> IMcuListener.onMcuInfoChanged received! data=B1 00 00 28 CD 22 38 23 32 23 AA 23 BE 24 04 24 36 
02-19 21:13:56.084 D/K706RadioManager(17578): MCU[0xB1] len=17 : B1 00 00 28 CD 22 38 23 32 23 AA 23 BE 24 04 24 36 
02-19 21:13:56.084 D/K706RadioManager(17578): PresetList: band=0 presetIdx=0 currentFreq=10445 firstFreq=10445 (offset=3)
02-19 21:13:56.084 D/K706RadioManager(17578): >>> FREQ: 104500 -> 104450 (MCU=10445, 104,45 MHz)
02-19 21:13:56.087 D/TunerPresenter(15794): handleTunerRawData: b1 0 0 28 cd 22 38 23 32 23 aa 23 be 24 4 24 36 
02-19 21:13:56.089 D/TunerManagerForExt(15794): FMRadio main (TunerManagerForExt.java:147) onTunerPresetListChanged:  - mBand: 0 - mPresetIndex: 0 - mFrequency: 10445 - index: 0 - preset: 8760 - index: 1 - preset: 9010 - index: 2 - preset: 9130 - index: 3 - preset: 9150 - index: 4 - preset: 9220 - index: 5 - preset: 9270
02-19 21:13:56.129 E/mcu_services( 5512): MCU2APP : [ff fe fd 12 01 b1 00 00 28 c8 22 38 23 32 23 aa 23 be 24 04 24 36 7d ff ]
02-19 21:13:56.131 D/K706RadioManager(17578): IMcuListener.onTransact: code=1 flags=16
02-19 21:13:56.132 D/K706RadioManager(17578): >>> IMcuListener.onMcuInfoChanged received! data=B1 00 00 28 C8 22 38 23 32 23 AA 23 BE 24 04 24 36 
02-19 21:13:56.133 D/K706RadioManager(17578): MCU[0xB1] len=17 : B1 00 00 28 C8 22 38 23 32 23 AA 23 BE 24 04 24 36 
02-19 21:13:56.133 D/K706RadioManager(17578): PresetList: band=0 presetIdx=0 currentFreq=10440 firstFreq=10440 (offset=3)
02-19 21:13:56.133 D/K706RadioManager(17578): >>> FREQ: 104450 -> 104400 (MCU=10440, 104,40 MHz)
02-19 21:13:56.135 D/TunerPresenter(15794): handleTunerRawData: b1 0 0 28 c8 22 38 23 32 23 aa 23 be 24 4 24 36 
02-19 21:13:56.137 D/TunerManagerForExt(15794): FMRadio main (TunerManagerForExt.java:147) onTunerPresetListChanged:  - mBand: 0 - mPresetIndex: 0 - mFrequency: 10440 - index: 0 - preset: 8760 - index: 1 - preset: 9010 - index: 2 - preset: 9130 - index: 3 - preset: 9150 - index: 4 - preset: 9220 - index: 5 - preset: 9270
02-19 21:13:56.179 E/mcu_services( 5512): MCU2APP : [ff fe fd 12 01 b1 00 00 28 c3 22 38 23 32 23 aa 23 be 24 04 24 36 76 ff ]
02-19 21:13:56.180 D/K706RadioManager(17578): IMcuListener.onTransact: code=1 flags=16
02-19 21:13:56.181 D/K706RadioManager(17578): >>> IMcuListener.onMcuInfoChanged received! data=B1 00 00 28 C3 22 38 23 32 23 AA 23 BE 24 04 24 36 
02-19 21:13:56.182 D/K706RadioManager(17578): MCU[0xB1] len=17 : B1 00 00 28 C3 22 38 23 32 23 AA 23 BE 24 04 24 36 
02-19 21:13:56.182 D/K706RadioManager(17578): PresetList: band=0 presetIdx=0 currentFreq=10435 firstFreq=10435 (offset=3)
02-19 21:13:56.182 D/K706RadioManager(17578): >>> FREQ: 104400 -> 104350 (MCU=10435, 104,35 MHz)
02-19 21:13:56.185 D/TunerPresenter(15794): handleTunerRawData: b1 0 0 28 c3 22 38 23 32 23 aa 23 be 24 4 24 36 
02-19 21:13:56.187 D/TunerManagerForExt(15794): FMRadio main (TunerManagerForExt.java:147) onTunerPresetListChanged:  - mBand: 0 - mPresetIndex: 0 - mFrequency: 10435 - index: 0 - preset: 8760 - index: 1 - preset: 9010 - index: 2 - preset: 9130 - index: 3 - preset: 9150 - index: 4 - preset: 9220 - index: 5 - preset: 9270
02-19 21:13:56.229 E/mcu_services( 5512): MCU2APP : [ff fe fd 12 01 b1 00 00 28 be 22 38 23 32 23 aa 23 be 24 04 24 36 0b ff ]
02-19 21:13:56.232 D/K706RadioManager(17578): IMcuListener.onTransact: code=1 flags=16
02-19 21:13:56.234 D/K706RadioManager(17578): >>> IMcuListener.onMcuInfoChanged received! data=B1 00 00 28 BE 22 38 23 32 23 AA 23 BE 24 04 24 36 
02-19 21:13:56.236 D/K706RadioManager(17578): MCU[0xB1] len=17 : B1 00 00 28 BE 22 38 23 32 23 AA 23 BE 24 04 24 36 
02-19 21:13:56.236 D/K706RadioManager(17578): PresetList: band=0 presetIdx=0 currentFreq=10430 firstFreq=10430 (offset=3)
02-19 21:13:56.236 D/K706RadioManager(17578): >>> FREQ: 104350 -> 104300 (MCU=10430, 104,30 MHz)
02-19 21:13:56.239 D/TunerPresenter(15794): handleTunerRawData: b1 0 0 28 be 22 38 23 32 23 aa 23 be 24 4 24 36 
02-19 21:13:56.241 D/TunerManagerForExt(15794): FMRadio main (TunerManagerForExt.java:147) onTunerPresetListChanged:  - mBand: 0 - mPresetIndex: 0 - mFrequency: 10430 - index: 0 - preset: 8760 - index: 1 - preset: 9010 - index: 2 - preset: 9130 - index: 3 - preset: 9150 - index: 4 - preset: 9220 - index: 5 - preset: 9270
02-19 21:13:56.278 E/mcu_services( 5512): MCU2APP : [ff fe fd 12 01 b1 00 00 28 b9 22 38 23 32 23 aa 23 be 24 04 24 36 0c ff ]
02-19 21:13:56.280 D/K706RadioManager(17578): IMcuListener.onTransact: code=1 flags=16
02-19 21:13:56.282 D/K706RadioManager(17578): >>> IMcuListener.onMcuInfoChanged received! data=B1 00 00 28 B9 22 38 23 32 23 AA 23 BE 24 04 24 36 
02-19 21:13:56.284 D/K706RadioManager(17578): MCU[0xB1] len=17 : B1 00 00 28 B9 22 38 23 32 23 AA 23 BE 24 04 24 36 
02-19 21:13:56.285 D/K706RadioManager(17578): PresetList: band=0 presetIdx=0 currentFreq=10425 firstFreq=10425 (offset=3)
02-19 21:13:56.286 D/K706RadioManager(17578): >>> FREQ: 104300 -> 104250 (MCU=10425, 104,25 MHz)
02-19 21:13:56.288 D/TunerPresenter(15794): handleTunerRawData: b1 0 0 28 b9 22 38 23 32 23 aa 23 be 24 4 24 36 
02-19 21:13:56.291 D/TunerManagerForExt(15794): FMRadio main (TunerManagerForExt.java:147) onTunerPresetListChanged:  - mBand: 0 - mPresetIndex: 0 - mFrequency: 10425 - index: 0 - preset: 8760 - index: 1 - preset: 9010 - index: 2 - preset: 9130 - index: 3 - preset: 9150 - index: 4 - preset: 9220 - index: 5 - preset: 9270
02-19 21:13:56.328 E/mcu_services( 5512): MCU2APP : [ff fe fd 12 01 b1 00 00 28 b4 22 38 23 32 23 aa 23 be 24 04 24 36 01 ff ]
02-19 21:13:56.330 D/K706RadioManager(17578): IMcuListener.onTransact: code=1 flags=16
02-19 21:13:56.332 D/K706RadioManager(17578): >>> IMcuListener.onMcuInfoChanged received! data=B1 00 00 28 B4 22 38 23 32 23 AA 23 BE 24 04 24 36 
02-19 21:13:56.334 D/K706RadioManager(17578): MCU[0xB1] len=17 : B1 00 00 28 B4 22 38 23 32 23 AA 23 BE 24 04 24 36 
02-19 21:13:56.335 D/K706RadioManager(17578): PresetList: band=0 presetIdx=0 currentFreq=10420 firstFreq=10420 (offset=3)
02-19 21:13:56.335 D/K706RadioManager(17578): >>> FREQ: 104250 -> 104200 (MCU=10420, 104,20 MHz)
02-19 21:13:56.337 D/TunerPresenter(15794): handleTunerRawData: b1 0 0 28 b4 22 38 23 32 23 aa 23 be 24 4 24 36 
02-19 21:13:56.340 D/TunerManagerForExt(15794): FMRadio main (TunerManagerForExt.java:147) onTunerPresetListChanged:  - mBand: 0 - mPresetIndex: 0 - mFrequency: 10420 - index: 0 - preset: 8760 - index: 1 - preset: 9010 - index: 2 - preset: 9130 - index: 3 - preset: 9150 - index: 4 - preset: 9220 - index: 5 - preset: 9270
02-19 21:13:56.377 E/mcu_services( 5512): MCU2APP : [ff fe fd 12 01 b1 00 00 28 af 22 38 23 32 23 aa 23 be 24 04 24 36 1a ff ]
02-19 21:13:56.380 D/K706RadioManager(17578): IMcuListener.onTransact: code=1 flags=16
02-19 21:13:56.382 D/K706RadioManager(17578): >>> IMcuListener.onMcuInfoChanged received! data=B1 00 00 28 AF 22 38 23 32 23 AA 23 BE 24 04 24 36 
02-19 21:13:56.384 D/K706RadioManager(17578): MCU[0xB1] len=17 : B1 00 00 28 AF 22 38 23 32 23 AA 23 BE 24 04 24 36 
02-19 21:13:56.384 D/K706RadioManager(17578): PresetList: band=0 presetIdx=0 currentFreq=10415 firstFreq=10415 (offset=3)
02-19 21:13:56.385 D/K706RadioManager(17578): >>> FREQ: 104200 -> 104150 (MCU=10415, 104,15 MHz)
02-19 21:13:56.387 D/TunerPresenter(15794): handleTunerRawData: b1 0 0 28 af 22 38 23 32 23 aa 23 be 24 4 24 36 
02-19 21:13:56.390 D/TunerManagerForExt(15794): FMRadio main (TunerManagerForExt.java:147) onTunerPresetListChanged:  - mBand: 0 - mPresetIndex: 0 - mFrequency: 10415 - index: 0 - preset: 8760 - index: 1 - preset: 9010 - index: 2 - preset: 9130 - index: 3 - preset: 9150 - index: 4 - preset: 9220 - index: 5 - preset: 9270
02-19 21:13:56.427 E/mcu_services( 5512): MCU2APP : [ff fe fd 12 01 b1 00 00 28 aa 22 38 23 32 23 aa 23 be 24 04 24 36 1f ff ]
02-19 21:13:56.429 D/K706RadioManager(17578): IMcuListener.onTransact: code=1 flags=16
02-19 21:13:56.431 D/K706RadioManager(17578): >>> IMcuListener.onMcuInfoChanged received! data=B1 00 00 28 AA 22 38 23 32 23 AA 23 BE 24 04 24 36 
02-19 21:13:56.433 D/K706RadioManager(17578): MCU[0xB1] len=17 : B1 00 00 28 AA 22 38 23 32 23 AA 23 BE 24 04 24 36 
02-19 21:13:56.433 D/K706RadioManager(17578): PresetList: band=0 presetIdx=0 currentFreq=10410 firstFreq=10410 (offset=3)
02-19 21:13:56.434 D/K706RadioManager(17578): >>> FREQ: 104150 -> 104100 (MCU=10410, 104,10 MHz)
02-19 21:13:56.436 D/TunerPresenter(15794): handleTunerRawData: b1 0 0 28 aa 22 38 23 32 23 aa 23 be 24 4 24 36 
02-19 21:13:56.438 D/TunerManagerForExt(15794): FMRadio main (TunerManagerForExt.java:147) onTunerPresetListChanged:  - mBand: 0 - mPresetIndex: 0 - mFrequency: 10410 - index: 0 - preset: 8760 - index: 1 - preset: 9010 - index: 2 - preset: 9130 - index: 3 - preset: 9150 - index: 4 - preset: 9220 - index: 5 - preset: 9270
02-19 21:13:56.477 E/mcu_services( 5512): MCU2APP : [ff fe fd 12 01 b1 00 00 28 a5 22 38 23 32 23 aa 23 be 24 04 24 36 10 ff ]
02-19 21:13:56.479 D/K706RadioManager(17578): IMcuListener.onTransact: code=1 flags=16
02-19 21:13:56.481 D/K706RadioManager(17578): >>> IMcuListener.onMcuInfoChanged received! data=B1 00 00 28 A5 22 38 23 32 23 AA 23 BE 24 04 24 36 
02-19 21:13:56.483 D/K706RadioManager(17578): MCU[0xB1] len=17 : B1 00 00 28 A5 22 38 23 32 23 AA 23 BE 24 04 24 36 
02-19 21:13:56.483 D/K706RadioManager(17578): PresetList: band=0 presetIdx=0 currentFreq=10405 firstFreq=10405 (offset=3)
02-19 21:13:56.484 D/K706RadioManager(17578): >>> FREQ: 104100 -> 104050 (MCU=10405, 104,05 MHz)
02-19 21:13:56.487 D/TunerPresenter(15794): handleTunerRawData: b1 0 0 28 a5 22 38 23 32 23 aa 23 be 24 4 24 36 
02-19 21:13:56.490 D/TunerManagerForExt(15794): FMRadio main (TunerManagerForExt.java:147) onTunerPresetListChanged:  - mBand: 0 - mPresetIndex: 0 - mFrequency: 10405 - index: 0 - preset: 8760 - index: 1 - preset: 9010 - index: 2 - preset: 9130 - index: 3 - preset: 9150 - index: 4 - preset: 9220 - index: 5 - preset: 9270
02-19 21:13:56.527 E/mcu_services( 5512): MCU2APP : [ff fe fd 12 01 b1 00 00 28 a0 22 38 23 32 23 aa 23 be 24 04 24 36 15 ff ]
02-19 21:13:56.529 D/K706RadioManager(17578): IMcuListener.onTransact: code=1 flags=16
02-19 21:13:56.531 D/K706RadioManager(17578): >>> IMcuListener.onMcuInfoChanged received! data=B1 00 00 28 A0 22 38 23 32 23 AA 23 BE 24 04 24 36 
02-19 21:13:56.533 D/K706RadioManager(17578): MCU[0xB1] len=17 : B1 00 00 28 A0 22 38 23 32 23 AA 23 BE 24 04 24 36 
02-19 21:13:56.533 D/K706RadioManager(17578): PresetList: band=0 presetIdx=0 currentFreq=10400 firstFreq=10400 (offset=3)
02-19 21:13:56.534 D/K706RadioManager(17578): >>> FREQ: 104050 -> 104000 (MCU=10400, 104,00 MHz)
02-19 21:13:56.536 D/TunerPresenter(15794): handleTunerRawData: b1 0 0 28 a0 22 38 23 32 23 aa 23 be 24 4 24 36 
02-19 21:13:56.540 D/TunerManagerForExt(15794): FMRadio main (TunerManagerForExt.java:147) onTunerPresetListChanged:  - mBand: 0 - mPresetIndex: 0 - mFrequency: 10400 - index: 0 - preset: 8760 - index: 1 - preset: 9010 - index: 2 - preset: 9130 - index: 3 - preset: 9150 - index: 4 - preset: 9220 - index: 5 - preset: 9270
02-19 21:13:56.576 E/mcu_services( 5512): MCU2APP : [ff fe fd 12 01 b1 00 00 28 9b 22 38 23 32 23 aa 23 be 24 04 24 36 2e ff ]
02-19 21:13:56.578 D/K706RadioManager(17578): IMcuListener.onTransact: code=1 flags=16
02-19 21:13:56.580 D/K706RadioManager(17578): >>> IMcuListener.onMcuInfoChanged received! data=B1 00 00 28 9B 22 38 23 32 23 AA 23 BE 24 04 24 36 
02-19 21:13:56.582 D/K706RadioManager(17578): MCU[0xB1] len=17 : B1 00 00 28 9B 22 38 23 32 23 AA 23 BE 24 04 24 36 
02-19 21:13:56.582 D/K706RadioManager(17578): PresetList: band=0 presetIdx=0 currentFreq=10395 firstFreq=10395 (offset=3)
02-19 21:13:56.582 D/K706RadioManager(17578): >>> FREQ: 104000 -> 103950 (MCU=10395, 103,95 MHz)
02-19 21:13:56.584 D/TunerPresenter(15794): handleTunerRawData: b1 0 0 28 9b 22 38 23 32 23 aa 23 be 24 4 24 36 
02-19 21:13:56.586 D/TunerManagerForExt(15794): FMRadio main (TunerManagerForExt.java:147) onTunerPresetListChanged:  - mBand: 0 - mPresetIndex: 0 - mFrequency: 10395 - index: 0 - preset: 8760 - index: 1 - preset: 9010 - index: 2 - preset: 9130 - index: 3 - preset: 9150 - index: 4 - preset: 9220 - index: 5 - preset: 9270
02-19 21:13:56.626 E/mcu_services( 5512): MCU2APP : [ff fe fd 12 01 b1 00 00 28 96 22 38 23 32 23 aa 23 be 24 04 24 36 23 ff ]
02-19 21:13:56.628 D/K706RadioManager(17578): IMcuListener.onTransact: code=1 flags=16
02-19 21:13:56.629 D/K706RadioManager(17578): >>> IMcuListener.onMcuInfoChanged received! data=B1 00 00 28 96 22 38 23 32 23 AA 23 BE 24 04 24 36 
02-19 21:13:56.630 D/K706RadioManager(17578): MCU[0xB1] len=17 : B1 00 00 28 96 22 38 23 32 23 AA 23 BE 24 04 24 36 
02-19 21:13:56.630 D/K706RadioManager(17578): PresetList: band=0 presetIdx=0 currentFreq=10390 firstFreq=10390 (offset=3)
02-19 21:13:56.630 D/K706RadioManager(17578): >>> FREQ: 103950 -> 103900 (MCU=10390, 103,90 MHz)
02-19 21:13:56.632 D/TunerPresenter(15794): handleTunerRawData: b1 0 0 28 96 22 38 23 32 23 aa 23 be 24 4 24 36 
02-19 21:13:56.634 D/TunerManagerForExt(15794): FMRadio main (TunerManagerForExt.java:147) onTunerPresetListChanged:  - mBand: 0 - mPresetIndex: 0 - mFrequency: 10390 - index: 0 - preset: 8760 - index: 1 - preset: 9010 - index: 2 - preset: 9130 - index: 3 - preset: 9150 - index: 4 - preset: 9220 - index: 5 - preset: 9270
02-19 21:13:56.676 E/mcu_services( 5512): MCU2APP : [ff fe fd 12 01 b1 00 00 28 91 22 38 23 32 23 aa 23 be 24 04 24 36 24 ff ]
02-19 21:13:56.678 D/K706RadioManager(17578): IMcuListener.onTransact: code=1 flags=16
02-19 21:13:56.679 D/K706RadioManager(17578): >>> IMcuListener.onMcuInfoChanged received! data=B1 00 00 28 91 22 38 23 32 23 AA 23 BE 24 04 24 36 
02-19 21:13:56.680 D/K706RadioManager(17578): MCU[0xB1] len=17 : B1 00 00 28 91 22 38 23 32 23 AA 23 BE 24 04 24 36 
02-19 21:13:56.680 D/K706RadioManager(17578): PresetList: band=0 presetIdx=0 currentFreq=10385 firstFreq=10385 (offset=3)
02-19 21:13:56.680 D/K706RadioManager(17578): >>> FREQ: 103900 -> 103850 (MCU=10385, 103,85 MHz)
02-19 21:13:56.683 D/TunerPresenter(15794): handleTunerRawData: b1 0 0 28 91 22 38 23 32 23 aa 23 be 24 4 24 36 
02-19 21:13:56.686 D/TunerManagerForExt(15794): FMRadio main (TunerManagerForExt.java:147) onTunerPresetListChanged:  - mBand: 0 - mPresetIndex: 0 - mFrequency: 10385 - index: 0 - preset: 8760 - index: 1 - preset: 9010 - index: 2 - preset: 9130 - index: 3 - preset: 9150 - index: 4 - preset: 9220 - index: 5 - preset: 9270
02-19 21:13:56.725 E/mcu_services( 5512): MCU2APP : [ff fe fd 12 01 b1 00 00 28 8c 22 38 23 32 23 aa 23 be 24 04 24 36 39 ff ]
02-19 21:13:56.728 D/K706RadioManager(17578): IMcuListener.onTransact: code=1 flags=16
02-19 21:13:56.730 D/K706RadioManager(17578): >>> IMcuListener.onMcuInfoChanged received! data=B1 00 00 28 8C 22 38 23 32 23 AA 23 BE 24 04 24 36 
02-19 21:13:56.732 D/K706RadioManager(17578): MCU[0xB1] len=17 : B1 00 00 28 8C 22 38 23 32 23 AA 23 BE 24 04 24 36 
02-19 21:13:56.732 D/K706RadioManager(17578): PresetList: band=0 presetIdx=0 currentFreq=10380 firstFreq=10380 (offset=3)
02-19 21:13:56.733 D/K706RadioManager(17578): >>> FREQ: 103850 -> 103800 (MCU=10380, 103,80 MHz)
02-19 21:13:56.735 D/TunerPresenter(15794): handleTunerRawData: b1 0 0 28 8c 22 38 23 32 23 aa 23 be 24 4 24 36 
02-19 21:13:56.737 D/TunerManagerForExt(15794): FMRadio main (TunerManagerForExt.java:147) onTunerPresetListChanged:  - mBand: 0 - mPresetIndex: 0 - mFrequency: 10380 - index: 0 - preset: 8760 - index: 1 - preset: 9010 - index: 2 - preset: 9130 - index: 3 - preset: 9150 - index: 4 - preset: 9220 - index: 5 - preset: 9270
02-19 21:13:56.768 E/mcu_services( 5512): MCU2APP : [ff fe fd 12 01 b1 00 00 28 8c 22 38 23 32 23 aa 23 be 24 04 24 36 39 ff ]
02-19 21:13:56.771 D/K706RadioManager(17578): IMcuListener.onTransact: code=1 flags=16
02-19 21:13:56.773 D/K706RadioManager(17578): >>> IMcuListener.onMcuInfoChanged received! data=B1 00 00 28 8C 22 38 23 32 23 AA 23 BE 24 04 24 36 
02-19 21:13:56.775 D/K706RadioManager(17578): MCU[0xB1] len=17 : B1 00 00 28 8C 22 38 23 32 23 AA 23 BE 24 04 24 36 
02-19 21:13:56.775 D/K706RadioManager(17578): PresetList: band=0 presetIdx=0 currentFreq=10380 firstFreq=10380 (offset=3)
02-19 21:13:56.778 D/TunerPresenter(15794): handleTunerRawData: b1 0 0 28 8c 22 38 23 32 23 aa 23 be 24 4 24 36 
02-19 21:13:56.781 D/TunerManagerForExt(15794): FMRadio main (TunerManagerForExt.java:147) onTunerPresetListChanged:  - mBand: 0 - mPresetIndex: 0 - mFrequency: 10380 - index: 0 - preset: 8760 - index: 1 - preset: 9010 - index: 2 - preset: 9130 - index: 3 - preset: 9150 - index: 4 - preset: 9220 - index: 5 - preset: 9270
02-19 21:13:56.840 E/mcu_services( 5512): MCU2APP : [ff fe fd 12 01 b1 00 00 28 8c 22 38 23 32 23 aa 23 be 24 04 24 36 39 ff ]
02-19 21:13:56.840 E/mcu_services( 5512): MCU2APP : [ff fe fd 03 01 b4 00 b5 ff ]
02-19 21:13:56.841 E/mcu_services( 5512): sendAckSuccess : [ff fd fe 02 02 b4 b6 ff ]
02-19 21:13:56.841 E/mcu_services( 5512): APP2MCU - writeToUart: [ff fd fe 02 02 b4 b6 ff ]
02-19 21:13:56.842 D/K706RadioManager(17578): IMcuListener.onTransact: code=1 flags=16
02-19 21:13:56.844 D/K706RadioManager(17578): >>> IMcuListener.onMcuInfoChanged received! data=B1 00 00 28 8C 22 38 23 32 23 AA 23 BE 24 04 24 36 
02-19 21:13:56.847 D/K706RadioManager(17578): MCU[0xB1] len=17 : B1 00 00 28 8C 22 38 23 32 23 AA 23 BE 24 04 24 36 
02-19 21:13:56.847 D/K706RadioManager(17578): PresetList: band=0 presetIdx=0 currentFreq=10380 firstFreq=10380 (offset=3)
02-19 21:13:56.850 D/TunerPresenter(15794): handleTunerRawData: b1 0 0 28 8c 22 38 23 32 23 aa 23 be 24 4 24 36 
02-19 21:13:56.851 D/TunerManagerForExt(15794): FMRadio main (TunerManagerForExt.java:147) onTunerPresetListChanged:  - mBand: 0 - mPresetIndex: 0 - mFrequency: 10380 - index: 0 - preset: 8760 - index: 1 - preset: 9010 - index: 2 - preset: 9130 - index: 3 - preset: 9150 - index: 4 - preset: 9220 - index: 5 - preset: 9270
02-19 21:13:56.851 D/K706RadioManager(17578): IMcuListener.onTransact: code=1 flags=16
02-19 21:13:56.851 D/K706RadioManager(17578): >>> IMcuListener.onMcuInfoChanged received! data=B4 00 
02-19 21:13:56.852 D/K706RadioManager(17578): MCU[0xB4] len=2 : B4 00 
02-19 21:13:56.852 D/K706RadioManager(17578): RDS B4 Flags: 0x00
02-19 21:13:56.861 D/TunerPresenter(15794): handleTunerRawData: b4 0 
02-19 21:13:56.861 D/TunerManagerForExt(15794): FMRadio main (TunerManagerForExt.java:195) onTuneRdsIndicateInfo: onTuneRdsIndicateInfo - flag: 0 - mRdsSwitch: 0
02-19 21:13:56.912 E/mcu_services( 5512): MCU2APP : [ff fe fd 03 01 b0 70 c1 ff ]
02-19 21:13:56.915 D/K706RadioManager(17578): IMcuListener.onTransact: code=1 flags=16
02-19 21:13:56.915 D/K706RadioManager(17578): >>> IMcuListener.onMcuInfoChanged received! data=B0 70 
02-19 21:13:56.916 D/K706RadioManager(17578): MCU[0xB0] len=2 : B0 70 
02-19 21:13:56.916 D/K706RadioManager(17578): TunerInfo: flags=0x70 save=false AS=false finish=true valid=true ST=true LOC=false seek=false scan=false
02-19 21:13:56.919 D/TunerPresenter(15794): handleTunerRawData: b0 70 
02-19 21:13:56.919 D/TunerManagerForExt(15794): FMRadio main (TunerManagerForExt.java:108) onTunerInfoChanged: onTunerInfoChanged - flag: 112 - asFlag: 0 - psFlag: 0 - scanFlag: 0 - seekFlag: 0 - mStFlag: 1 - mLocFlag: 1 - mIsSearching: true - mTempSearching: false
02-19 21:13:56.919 D/TunerManagerForExt(15794): FMRadio main (TunerManagerForExt.java:118) onTunerInfoChanged: mIsSearching: false - mTempSearching: false - asFlag: 0 - seekFlag: 0
02-19 21:13:57.055 E/mcu_services( 5512): MCU2APP : [ff fe fd 03 01 b4 05 b0 ff ]
02-19 21:13:57.055 E/mcu_services( 5512): MCU2APP : [ff fe fd 04 01 b5 00 09 bd ff ]
02-19 21:13:57.055 E/mcu_services( 5512): sendAckSuccess : [ff fd fe 02 02 b4 b6 ff ]
02-19 21:13:57.055 E/mcu_services( 5512): APP2MCU - writeToUart: [ff fd fe 02 02 b4 b6 ff ]
02-19 21:13:57.056 E/mcu_services( 5512): sendAckSuccess : [ff fd fe 02 02 b5 b7 ff ]
02-19 21:13:57.056 E/mcu_services( 5512): APP2MCU - writeToUart: [ff fd fe 02 02 b5 b7 ff ]
02-19 21:13:57.057 D/K706RadioManager(17578): IMcuListener.onTransact: code=1 flags=16
02-19 21:13:57.058 D/K706RadioManager(17578): >>> IMcuListener.onMcuInfoChanged received! data=B4 05 
02-19 21:13:57.059 D/K706RadioManager(17578): MCU[0xB4] len=2 : B4 05 
02-19 21:13:57.059 D/K706RadioManager(17578): RDS B4 Flags: 0x05
02-19 21:13:57.062 D/TunerPresenter(15794): handleTunerRawData: b4 5 
02-19 21:13:57.062 D/TunerManagerForExt(15794): FMRadio main (TunerManagerForExt.java:195) onTuneRdsIndicateInfo: onTuneRdsIndicateInfo - flag: 5 - mRdsSwitch: 1
02-19 21:13:57.063 D/K706RadioManager(17578): IMcuListener.onTransact: code=1 flags=16
02-19 21:13:57.064 D/K706RadioManager(17578): >>> IMcuListener.onMcuInfoChanged received! data=B5 00 09 
02-19 21:13:57.064 D/K706RadioManager(17578): MCU[0xB5] len=3 : B5 00 09 
02-19 21:13:57.064 D/K706RadioManager(17578): RDS PTY (0xB5): 0
02-19 21:13:57.067 D/TunerPresenter(15794): handleTunerRawData: b5 0 9 
02-19 21:13:57.067 D/TunerManagerForExt(15794): FMRadio main (TunerManagerForExt.java:220) onTuneRdsPtyTypeInfo: onTuneRdsPtyTypeInfo - mRdsPtyType: 0
02-19 21:13:57.409 E/mcu_services( 5512): MCU2APP : [ff fe fd 03 01 29 6d 45 ff ]
02-19 21:13:57.410 D/K706RadioManager(17578): IMcuListener.onTransact: code=1 flags=16
02-19 21:13:57.411 D/K706RadioManager(17578): >>> IMcuListener.onMcuInfoChanged received! data=29 6D 
02-19 21:13:57.411 D/K706RadioManager(17578): MCU[0x29] len=2 : 29 6D 
02-19 21:13:57.411 D/K706RadioManager(17578): Unknown MCU packet type: 0x29
02-19 21:13:58.596 E/mcu_services( 5512): APP2MCU - writeToUartNormal : [ff fd fe 05 01 a0 02 00 00 a3 ff ]
02-19 21:13:58.597 D/K706RadioManager(17578): CMD Enviado: sub=0x02 p1=0x00 p2=0x00
02-19 21:13:58.597 D/K706RadioManager(17578): Seek DOWN iniciado
02-19 21:13:58.663 E/mcu_services( 5512): MCU2APP : [ff fe fd 03 01 b0 78 c9 ff ]
02-19 21:13:58.665 D/K706RadioManager(17578): IMcuListener.onTransact: code=1 flags=16
02-19 21:13:58.666 D/K706RadioManager(17578): >>> IMcuListener.onMcuInfoChanged received! data=B0 78 
02-19 21:13:58.667 D/K706RadioManager(17578): MCU[0xB0] len=2 : B0 78 
02-19 21:13:58.667 D/K706RadioManager(17578): TunerInfo: flags=0x78 save=false AS=true finish=true valid=true ST=true LOC=false seek=false scan=false
02-19 21:13:58.669 D/TunerPresenter(15794): handleTunerRawData: b0 78 
02-19 21:13:58.669 E/mcu_services( 5512): MCU2APP : [ff fe fd 12 01 b1 00 00 28 87 22 38 23 32 23 aa 23 be 24 04 24 36 32 ff ]
02-19 21:13:58.670 D/TunerManagerForExt(15794): FMRadio main (TunerManagerForExt.java:108) onTunerInfoChanged: onTunerInfoChanged - flag: 120 - asFlag: 0 - psFlag: 0 - scanFlag: 0 - seekFlag: 1 - mStFlag: 1 - mLocFlag: 1 - mIsSearching: false - mTempSearching: false
02-19 21:13:58.670 D/TunerManagerForExt(15794): FMRadio main (TunerManagerForExt.java:118) onTunerInfoChanged: mIsSearching: true - mTempSearching: false - asFlag: 0 - seekFlag: 1
02-19 21:13:58.671 D/K706RadioManager(17578): IMcuListener.onTransact: code=1 flags=16
02-19 21:13:58.673 D/K706RadioManager(17578): >>> IMcuListener.onMcuInfoChanged received! data=B1 00 00 28 87 22 38 23 32 23 AA 23 BE 24 04 24 36 
02-19 21:13:58.675 D/K706RadioManager(17578): MCU[0xB1] len=17 : B1 00 00 28 87 22 38 23 32 23 AA 23 BE 24 04 24 36 
02-19 21:13:58.675 D/K706RadioManager(17578): PresetList: band=0 presetIdx=0 currentFreq=10375 firstFreq=10375 (offset=3)
02-19 21:13:58.676 D/K706RadioManager(17578): >>> FREQ: 103800 -> 103750 (MCU=10375, 103,75 MHz)
02-19 21:13:58.679 D/TunerPresenter(15794): handleTunerRawData: b1 0 0 28 87 22 38 23 32 23 aa 23 be 24 4 24 36 
02-19 21:13:58.679 D/TunerManagerForExt(15794): FMRadio main (TunerManagerForExt.java:147) onTunerPresetListChanged:  - mBand: 0 - mPresetIndex: 0 - mFrequency: 10375 - index: 0 - preset: 8760 - index: 1 - preset: 9010 - index: 2 - preset: 9130 - index: 3 - preset: 9150 - index: 4 - preset: 9220 - index: 5 - preset: 9270
02-19 21:13:58.714 E/mcu_services( 5512): MCU2APP : [ff fe fd 12 01 b1 00 00 28 82 22 38 23 32 23 aa 23 be 24 04 24 36 37 ff ]
02-19 21:13:58.717 D/K706RadioManager(17578): IMcuListener.onTransact: code=1 flags=16
02-19 21:13:58.721 D/K706RadioManager(17578): >>> IMcuListener.onMcuInfoChanged received! data=B1 00 00 28 82 22 38 23 32 23 AA 23 BE 24 04 24 36 
02-19 21:13:58.722 D/K706RadioManager(17578): MCU[0xB1] len=17 : B1 00 00 28 82 22 38 23 32 23 AA 23 BE 24 04 24 36 
02-19 21:13:58.722 D/K706RadioManager(17578): PresetList: band=0 presetIdx=0 currentFreq=10370 firstFreq=10370 (offset=3)
02-19 21:13:58.722 D/K706RadioManager(17578): >>> FREQ: 103750 -> 103700 (MCU=10370, 103,70 MHz)
02-19 21:13:58.726 D/TunerPresenter(15794): handleTunerRawData: b1 0 0 28 82 22 38 23 32 23 aa 23 be 24 4 24 36 
02-19 21:13:58.729 D/TunerManagerForExt(15794): FMRadio main (TunerManagerForExt.java:147) onTunerPresetListChanged:  - mBand: 0 - mPresetIndex: 0 - mFrequency: 10370 - index: 0 - preset: 8760 - index: 1 - preset: 9010 - index: 2 - preset: 9130 - index: 3 - preset: 9150 - index: 4 - preset: 9220 - index: 5 - preset: 9270
02-19 21:13:58.764 E/mcu_services( 5512): MCU2APP : [ff fe fd 12 01 b1 00 00 28 7d 22 38 23 32 23 aa 23 be 24 04 24 36 c8 ff ]
02-19 21:13:58.765 D/K706RadioManager(17578): IMcuListener.onTransact: code=1 flags=16
02-19 21:13:58.766 D/K706RadioManager(17578): >>> IMcuListener.onMcuInfoChanged received! data=B1 00 00 28 7D 22 38 23 32 23 AA 23 BE 24 04 24 36 
02-19 21:13:58.767 D/K706RadioManager(17578): MCU[0xB1] len=17 : B1 00 00 28 7D 22 38 23 32 23 AA 23 BE 24 04 24 36 
02-19 21:13:58.767 D/K706RadioManager(17578): PresetList: band=0 presetIdx=0 currentFreq=10365 firstFreq=10365 (offset=3)
02-19 21:13:58.767 D/K706RadioManager(17578): >>> FREQ: 103700 -> 103650 (MCU=10365, 103,65 MHz)
02-19 21:13:58.770 D/TunerPresenter(15794): handleTunerRawData: b1 0 0 28 7d 22 38 23 32 23 aa 23 be 24 4 24 36 
02-19 21:13:58.772 D/TunerManagerForExt(15794): FMRadio main (TunerManagerForExt.java:147) onTunerPresetListChanged:  - mBand: 0 - mPresetIndex: 0 - mFrequency: 10365 - index: 0 - preset: 8760 - index: 1 - preset: 9010 - index: 2 - preset: 9130 - index: 3 - preset: 9150 - index: 4 - preset: 9220 - index: 5 - preset: 9270
02-19 21:13:58.814 E/mcu_services( 5512): MCU2APP : [ff fe fd 12 01 b1 00 00 28 78 22 38 23 32 23 aa 23 be 24 04 24 36 cd ff ]
02-19 21:13:58.816 D/K706RadioManager(17578): IMcuListener.onTransact: code=1 flags=16
02-19 21:13:58.817 D/K706RadioManager(17578): >>> IMcuListener.onMcuInfoChanged received! data=B1 00 00 28 78 22 38 23 32 23 AA 23 BE 24 04 24 36 
02-19 21:13:58.818 D/K706RadioManager(17578): MCU[0xB1] len=17 : B1 00 00 28 78 22 38 23 32 23 AA 23 BE 24 04 24 36 
02-19 21:13:58.818 D/K706RadioManager(17578): PresetList: band=0 presetIdx=0 currentFreq=10360 firstFreq=10360 (offset=3)
02-19 21:13:58.818 D/K706RadioManager(17578): >>> FREQ: 103650 -> 103600 (MCU=10360, 103,60 MHz)
02-19 21:13:58.821 D/TunerPresenter(15794): handleTunerRawData: b1 0 0 28 78 22 38 23 32 23 aa 23 be 24 4 24 36 
02-19 21:13:58.824 D/TunerManagerForExt(15794): FMRadio main (TunerManagerForExt.java:147) onTunerPresetListChanged:  - mBand: 0 - mPresetIndex: 0 - mFrequency: 10360 - index: 0 - preset: 8760 - index: 1 - preset: 9010 - index: 2 - preset: 9130 - index: 3 - preset: 9150 - index: 4 - preset: 9220 - index: 5 - preset: 9270
02-19 21:13:58.863 E/mcu_services( 5512): MCU2APP : [ff fe fd 12 01 b1 00 00 28 73 22 38 23 32 23 aa 23 be 24 04 24 36 c6 ff ]
02-19 21:13:58.865 D/K706RadioManager(17578): IMcuListener.onTransact: code=1 flags=16
02-19 21:13:58.866 D/K706RadioManager(17578): >>> IMcuListener.onMcuInfoChanged received! data=B1 00 00 28 73 22 38 23 32 23 AA 23 BE 24 04 24 36 
02-19 21:13:58.867 D/K706RadioManager(17578): MCU[0xB1] len=17 : B1 00 00 28 73 22 38 23 32 23 AA 23 BE 24 04 24 36 
02-19 21:13:58.867 D/K706RadioManager(17578): PresetList: band=0 presetIdx=0 currentFreq=10355 firstFreq=10355 (offset=3)
02-19 21:13:58.867 D/K706RadioManager(17578): >>> FREQ: 103600 -> 103550 (MCU=10355, 103,55 MHz)
02-19 21:13:58.870 D/TunerPresenter(15794): handleTunerRawData: b1 0 0 28 73 22 38 23 32 23 aa 23 be 24 4 24 36 
02-19 21:13:58.872 D/TunerManagerForExt(15794): FMRadio main (TunerManagerForExt.java:147) onTunerPresetListChanged:  - mBand: 0 - mPresetIndex: 0 - mFrequency: 10355 - index: 0 - preset: 8760 - index: 1 - preset: 9010 - index: 2 - preset: 9130 - index: 3 - preset: 9150 - index: 4 - preset: 9220 - index: 5 - preset: 9270
02-19 21:13:58.913 E/mcu_services( 5512): MCU2APP : [ff fe fd 12 01 b1 00 00 28 6e 22 38 23 32 23 aa 23 be 24 04 24 36 db ff ]
02-19 21:13:58.914 D/K706RadioManager(17578): IMcuListener.onTransact: code=1 flags=16
02-19 21:13:58.915 D/K706RadioManager(17578): >>> IMcuListener.onMcuInfoChanged received! data=B1 00 00 28 6E 22 38 23 32 23 AA 23 BE 24 04 24 36 
02-19 21:13:58.916 D/K706RadioManager(17578): MCU[0xB1] len=17 : B1 00 00 28 6E 22 38 23 32 23 AA 23 BE 24 04 24 36 
02-19 21:13:58.916 D/K706RadioManager(17578): PresetList: band=0 presetIdx=0 currentFreq=10350 firstFreq=10350 (offset=3)
02-19 21:13:58.916 D/K706RadioManager(17578): >>> FREQ: 103550 -> 103500 (MCU=10350, 103,50 MHz)
02-19 21:13:58.919 D/TunerPresenter(15794): handleTunerRawData: b1 0 0 28 6e 22 38 23 32 23 aa 23 be 24 4 24 36 
02-19 21:13:58.922 D/TunerManagerForExt(15794): FMRadio main (TunerManagerForExt.java:147) onTunerPresetListChanged:  - mBand: 0 - mPresetIndex: 0 - mFrequency: 10350 - index: 0 - preset: 8760 - index: 1 - preset: 9010 - index: 2 - preset: 9130 - index: 3 - preset: 9150 - index: 4 - preset: 9220 - index: 5 - preset: 9270
02-19 21:13:58.962 E/mcu_services( 5512): MCU2APP : [ff fe fd 12 01 b1 00 00 28 69 22 38 23 32 23 aa 23 be 24 04 24 36 dc ff ]
02-19 21:13:58.964 D/K706RadioManager(17578): IMcuListener.onTransact: code=1 flags=16
02-19 21:13:58.966 D/K706RadioManager(17578): >>> IMcuListener.onMcuInfoChanged received! data=B1 00 00 28 69 22 38 23 32 23 AA 23 BE 24 04 24 36 
02-19 21:13:58.967 D/K706RadioManager(17578): MCU[0xB1] len=17 : B1 00 00 28 69 22 38 23 32 23 AA 23 BE 24 04 24 36 
02-19 21:13:58.967 D/K706RadioManager(17578): PresetList: band=0 presetIdx=0 currentFreq=10345 firstFreq=10345 (offset=3)
02-19 21:13:58.967 D/K706RadioManager(17578): >>> FREQ: 103500 -> 103450 (MCU=10345, 103,45 MHz)
02-19 21:13:58.969 D/TunerPresenter(15794): handleTunerRawData: b1 0 0 28 69 22 38 23 32 23 aa 23 be 24 4 24 36 
02-19 21:13:58.972 D/TunerManagerForExt(15794): FMRadio main (TunerManagerForExt.java:147) onTunerPresetListChanged:  - mBand: 0 - mPresetIndex: 0 - mFrequency: 10345 - index: 0 - preset: 8760 - index: 1 - preset: 9010 - index: 2 - preset: 9130 - index: 3 - preset: 9150 - index: 4 - preset: 9220 - index: 5 - preset: 9270
02-19 21:13:59.012 E/mcu_services( 5512): MCU2APP : [ff fe fd 12 01 b1 00 00 28 64 22 38 23 32 23 aa 23 be 24 04 24 36 d1 ff ]
02-19 21:13:59.015 D/K706RadioManager(17578): IMcuListener.onTransact: code=1 flags=16
02-19 21:13:59.016 D/K706RadioManager(17578): >>> IMcuListener.onMcuInfoChanged received! data=B1 00 00 28 64 22 38 23 32 23 AA 23 BE 24 04 24 36 
02-19 21:13:59.017 D/K706RadioManager(17578): MCU[0xB1] len=17 : B1 00 00 28 64 22 38 23 32 23 AA 23 BE 24 04 24 36 
02-19 21:13:59.017 D/K706RadioManager(17578): PresetList: band=0 presetIdx=0 currentFreq=10340 firstFreq=10340 (offset=3)
02-19 21:13:59.017 D/K706RadioManager(17578): >>> FREQ: 103450 -> 103400 (MCU=10340, 103,40 MHz)
02-19 21:13:59.019 D/TunerPresenter(15794): handleTunerRawData: b1 0 0 28 64 22 38 23 32 23 aa 23 be 24 4 24 36 
02-19 21:13:59.022 D/TunerManagerForExt(15794): FMRadio main (TunerManagerForExt.java:147) onTunerPresetListChanged:  - mBand: 0 - mPresetIndex: 0 - mFrequency: 10340 - index: 0 - preset: 8760 - index: 1 - preset: 9010 - index: 2 - preset: 9130 - index: 3 - preset: 9150 - index: 4 - preset: 9220 - index: 5 - preset: 9270
02-19 21:13:59.062 E/mcu_services( 5512): MCU2APP : [ff fe fd 12 01 b1 00 00 28 5f 22 38 23 32 23 aa 23 be 24 04 24 36 ea ff ]
02-19 21:13:59.064 D/K706RadioManager(17578): IMcuListener.onTransact: code=1 flags=16
02-19 21:13:59.065 D/K706RadioManager(17578): >>> IMcuListener.onMcuInfoChanged received! data=B1 00 00 28 5F 22 38 23 32 23 AA 23 BE 24 04 24 36 
02-19 21:13:59.066 D/K706RadioManager(17578): MCU[0xB1] len=17 : B1 00 00 28 5F 22 38 23 32 23 AA 23 BE 24 04 24 36 
02-19 21:13:59.066 D/K706RadioManager(17578): PresetList: band=0 presetIdx=0 currentFreq=10335 firstFreq=10335 (offset=3)
02-19 21:13:59.067 D/K706RadioManager(17578): >>> FREQ: 103400 -> 103350 (MCU=10335, 103,35 MHz)
02-19 21:13:59.069 D/TunerPresenter(15794): handleTunerRawData: b1 0 0 28 5f 22 38 23 32 23 aa 23 be 24 4 24 36 
02-19 21:13:59.072 D/TunerManagerForExt(15794): FMRadio main (TunerManagerForExt.java:147) onTunerPresetListChanged:  - mBand: 0 - mPresetIndex: 0 - mFrequency: 10335 - index: 0 - preset: 8760 - index: 1 - preset: 9010 - index: 2 - preset: 9130 - index: 3 - preset: 9150 - index: 4 - preset: 9220 - index: 5 - preset: 9270
02-19 21:13:59.112 E/mcu_services( 5512): MCU2APP : [ff fe fd 12 01 b1 00 00 28 5a 22 38 23 32 23 aa 23 be 24 04 24 36 ef ff ]
02-19 21:13:59.114 D/K706RadioManager(17578): IMcuListener.onTransact: code=1 flags=16
02-19 21:13:59.115 D/K706RadioManager(17578): >>> IMcuListener.onMcuInfoChanged received! data=B1 00 00 28 5A 22 38 23 32 23 AA 23 BE 24 04 24 36 
02-19 21:13:59.116 D/K706RadioManager(17578): MCU[0xB1] len=17 : B1 00 00 28 5A 22 38 23 32 23 AA 23 BE 24 04 24 36 
02-19 21:13:59.117 D/K706RadioManager(17578): PresetList: band=0 presetIdx=0 currentFreq=10330 firstFreq=10330 (offset=3)
02-19 21:13:59.117 D/K706RadioManager(17578): >>> FREQ: 103350 -> 103300 (MCU=10330, 103,30 MHz)
02-19 21:13:59.119 D/TunerPresenter(15794): handleTunerRawData: b1 0 0 28 5a 22 38 23 32 23 aa 23 be 24 4 24 36 
02-19 21:13:59.122 D/TunerManagerForExt(15794): FMRadio main (TunerManagerForExt.java:147) onTunerPresetListChanged:  - mBand: 0 - mPresetIndex: 0 - mFrequency: 10330 - index: 0 - preset: 8760 - index: 1 - preset: 9010 - index: 2 - preset: 9130 - index: 3 - preset: 9150 - index: 4 - preset: 9220 - index: 5 - preset: 9270
02-19 21:13:59.161 E/mcu_services( 5512): MCU2APP : [ff fe fd 12 01 b1 00 00 28 55 22 38 23 32 23 aa 23 be 24 04 24 36 e0 ff ]
02-19 21:13:59.164 D/K706RadioManager(17578): IMcuListener.onTransact: code=1 flags=16
02-19 21:13:59.165 D/K706RadioManager(17578): >>> IMcuListener.onMcuInfoChanged received! data=B1 00 00 28 55 22 38 23 32 23 AA 23 BE 24 04 24 36 
02-19 21:13:59.166 D/K706RadioManager(17578): MCU[0xB1] len=17 : B1 00 00 28 55 22 38 23 32 23 AA 23 BE 24 04 24 36 
02-19 21:13:59.166 D/K706RadioManager(17578): PresetList: band=0 presetIdx=0 currentFreq=10325 firstFreq=10325 (offset=3)
02-19 21:13:59.166 D/K706RadioManager(17578): >>> FREQ: 103300 -> 103250 (MCU=10325, 103,25 MHz)
02-19 21:13:59.169 D/TunerPresenter(15794): handleTunerRawData: b1 0 0 28 55 22 38 23 32 23 aa 23 be 24 4 24 36 
02-19 21:13:59.172 D/TunerManagerForExt(15794): FMRadio main (TunerManagerForExt.java:147) onTunerPresetListChanged:  - mBand: 0 - mPresetIndex: 0 - mFrequency: 10325 - index: 0 - preset: 8760 - index: 1 - preset: 9010 - index: 2 - preset: 9130 - index: 3 - preset: 9150 - index: 4 - preset: 9220 - index: 5 - preset: 9270
02-19 21:13:59.211 E/mcu_services( 5512): MCU2APP : [ff fe fd 12 01 b1 00 00 28 50 22 38 23 32 23 aa 23 be 24 04 24 36 e5 ff ]
02-19 21:13:59.213 D/K706RadioManager(17578): IMcuListener.onTransact: code=1 flags=16
02-19 21:13:59.214 D/K706RadioManager(17578): >>> IMcuListener.onMcuInfoChanged received! data=B1 00 00 28 50 22 38 23 32 23 AA 23 BE 24 04 24 36 
02-19 21:13:59.215 D/K706RadioManager(17578): MCU[0xB1] len=17 : B1 00 00 28 50 22 38 23 32 23 AA 23 BE 24 04 24 36 
02-19 21:13:59.215 D/K706RadioManager(17578): PresetList: band=0 presetIdx=0 currentFreq=10320 firstFreq=10320 (offset=3)
02-19 21:13:59.215 D/K706RadioManager(17578): >>> FREQ: 103250 -> 103200 (MCU=10320, 103,20 MHz)
02-19 21:13:59.217 D/TunerPresenter(15794): handleTunerRawData: b1 0 0 28 50 22 38 23 32 23 aa 23 be 24 4 24 36 
02-19 21:13:59.219 D/TunerManagerForExt(15794): FMRadio main (TunerManagerForExt.java:147) onTunerPresetListChanged:  - mBand: 0 - mPresetIndex: 0 - mFrequency: 10320 - index: 0 - preset: 8760 - index: 1 - preset: 9010 - index: 2 - preset: 9130 - index: 3 - preset: 9150 - index: 4 - preset: 9220 - index: 5 - preset: 9270
02-19 21:13:59.261 E/mcu_services( 5512): MCU2APP : [ff fe fd 12 01 b1 00 00 28 4b 22 38 23 32 23 aa 23 be 24 04 24 36 fe ff ]
02-19 21:13:59.263 D/K706RadioManager(17578): IMcuListener.onTransact: code=1 flags=16
02-19 21:13:59.264 D/K706RadioManager(17578): >>> IMcuListener.onMcuInfoChanged received! data=B1 00 00 28 4B 22 38 23 32 23 AA 23 BE 24 04 24 36 
02-19 21:13:59.266 D/K706RadioManager(17578): MCU[0xB1] len=17 : B1 00 00 28 4B 22 38 23 32 23 AA 23 BE 24 04 24 36 
02-19 21:13:59.266 D/K706RadioManager(17578): PresetList: band=0 presetIdx=0 currentFreq=10315 firstFreq=10315 (offset=3)
02-19 21:13:59.266 D/K706RadioManager(17578): >>> FREQ: 103200 -> 103150 (MCU=10315, 103,15 MHz)
02-19 21:13:59.268 D/TunerPresenter(15794): handleTunerRawData: b1 0 0 28 4b 22 38 23 32 23 aa 23 be 24 4 24 36 
02-19 21:13:59.271 D/TunerManagerForExt(15794): FMRadio main (TunerManagerForExt.java:147) onTunerPresetListChanged:  - mBand: 0 - mPresetIndex: 0 - mFrequency: 10315 - index: 0 - preset: 8760 - index: 1 - preset: 9010 - index: 2 - preset: 9130 - index: 3 - preset: 9150 - index: 4 - preset: 9220 - index: 5 - preset: 9270
02-19 21:13:59.311 E/mcu_services( 5512): MCU2APP : [ff fe fd 12 01 b1 00 00 28 46 22 38 23 32 23 aa 23 be 24 04 24 36 f3 ff ]
02-19 21:13:59.313 D/K706RadioManager(17578): IMcuListener.onTransact: code=1 flags=16
02-19 21:13:59.315 D/K706RadioManager(17578): >>> IMcuListener.onMcuInfoChanged received! data=B1 00 00 28 46 22 38 23 32 23 AA 23 BE 24 04 24 36 
02-19 21:13:59.317 D/K706RadioManager(17578): MCU[0xB1] len=17 : B1 00 00 28 46 22 38 23 32 23 AA 23 BE 24 04 24 36 
02-19 21:13:59.317 D/K706RadioManager(17578): PresetList: band=0 presetIdx=0 currentFreq=10310 firstFreq=10310 (offset=3)
02-19 21:13:59.317 D/K706RadioManager(17578): >>> FREQ: 103150 -> 103100 (MCU=10310, 103,10 MHz)
02-19 21:13:59.319 D/TunerPresenter(15794): handleTunerRawData: b1 0 0 28 46 22 38 23 32 23 aa 23 be 24 4 24 36 
02-19 21:13:59.322 D/TunerManagerForExt(15794): FMRadio main (TunerManagerForExt.java:147) onTunerPresetListChanged:  - mBand: 0 - mPresetIndex: 0 - mFrequency: 10310 - index: 0 - preset: 8760 - index: 1 - preset: 9010 - index: 2 - preset: 9130 - index: 3 - preset: 9150 - index: 4 - preset: 9220 - index: 5 - preset: 9270
02-19 21:13:59.360 E/mcu_services( 5512): MCU2APP : [ff fe fd 12 01 b1 00 00 28 41 22 38 23 32 23 aa 23 be 24 04 24 36 f4 ff ]
02-19 21:13:59.363 D/K706RadioManager(17578): IMcuListener.onTransact: code=1 flags=16
02-19 21:13:59.365 D/K706RadioManager(17578): >>> IMcuListener.onMcuInfoChanged received! data=B1 00 00 28 41 22 38 23 32 23 AA 23 BE 24 04 24 36 
02-19 21:13:59.367 D/K706RadioManager(17578): MCU[0xB1] len=17 : B1 00 00 28 41 22 38 23 32 23 AA 23 BE 24 04 24 36 
02-19 21:13:59.367 D/K706RadioManager(17578): PresetList: band=0 presetIdx=0 currentFreq=10305 firstFreq=10305 (offset=3)
02-19 21:13:59.368 D/K706RadioManager(17578): >>> FREQ: 103100 -> 103050 (MCU=10305, 103,05 MHz)
02-19 21:13:59.370 D/TunerPresenter(15794): handleTunerRawData: b1 0 0 28 41 22 38 23 32 23 aa 23 be 24 4 24 36 
02-19 21:13:59.374 D/TunerManagerForExt(15794): FMRadio main (TunerManagerForExt.java:147) onTunerPresetListChanged:  - mBand: 0 - mPresetIndex: 0 - mFrequency: 10305 - index: 0 - preset: 8760 - index: 1 - preset: 9010 - index: 2 - preset: 9130 - index: 3 - preset: 9150 - index: 4 - preset: 9220 - index: 5 - preset: 9270
02-19 21:13:59.410 E/mcu_services( 5512): MCU2APP : [ff fe fd 12 01 b1 00 00 28 3c 22 38 23 32 23 aa 23 be 24 04 24 36 89 ff ]
02-19 21:13:59.412 D/K706RadioManager(17578): IMcuListener.onTransact: code=1 flags=16
02-19 21:13:59.414 D/K706RadioManager(17578): >>> IMcuListener.onMcuInfoChanged received! data=B1 00 00 28 3C 22 38 23 32 23 AA 23 BE 24 04 24 36 
02-19 21:13:59.415 D/K706RadioManager(17578): MCU[0xB1] len=17 : B1 00 00 28 3C 22 38 23 32 23 AA 23 BE 24 04 24 36 
02-19 21:13:59.415 D/K706RadioManager(17578): PresetList: band=0 presetIdx=0 currentFreq=10300 firstFreq=10300 (offset=3)
02-19 21:13:59.415 D/K706RadioManager(17578): >>> FREQ: 103050 -> 103000 (MCU=10300, 103,00 MHz)
02-19 21:13:59.417 D/TunerPresenter(15794): handleTunerRawData: b1 0 0 28 3c 22 38 23 32 23 aa 23 be 24 4 24 36 
02-19 21:13:59.420 D/TunerManagerForExt(15794): FMRadio main (TunerManagerForExt.java:147) onTunerPresetListChanged:  - mBand: 0 - mPresetIndex: 0 - mFrequency: 10300 - index: 0 - preset: 8760 - index: 1 - preset: 9010 - index: 2 - preset: 9130 - index: 3 - preset: 9150 - index: 4 - preset: 9220 - index: 5 - preset: 9270
02-19 21:13:59.448 E/mcu_services( 5512): MCU2APP : [ff fe fd 03 01 29 6d 45 ff ]
02-19 21:13:59.450 D/K706RadioManager(17578): IMcuListener.onTransact: code=1 flags=16
02-19 21:13:59.451 D/K706RadioManager(17578): >>> IMcuListener.onMcuInfoChanged received! data=29 6D 
02-19 21:13:59.451 D/K706RadioManager(17578): MCU[0x29] len=2 : 29 6D 
02-19 21:13:59.451 D/K706RadioManager(17578): Unknown MCU packet type: 0x29
02-19 21:13:59.460 E/mcu_services( 5512): MCU2APP : [ff fe fd 12 01 b1 00 00 28 37 22 38 23 32 23 aa 23 be 24 04 24 36 82 ff ]
02-19 21:13:59.462 D/K706RadioManager(17578): IMcuListener.onTransact: code=1 flags=16
02-19 21:13:59.463 D/K706RadioManager(17578): >>> IMcuListener.onMcuInfoChanged received! data=B1 00 00 28 37 22 38 23 32 23 AA 23 BE 24 04 24 36 
02-19 21:13:59.464 D/K706RadioManager(17578): MCU[0xB1] len=17 : B1 00 00 28 37 22 38 23 32 23 AA 23 BE 24 04 24 36 
02-19 21:13:59.464 D/K706RadioManager(17578): PresetList: band=0 presetIdx=0 currentFreq=10295 firstFreq=10295 (offset=3)
02-19 21:13:59.464 D/K706RadioManager(17578): >>> FREQ: 103000 -> 102950 (MCU=10295, 102,95 MHz)
02-19 21:13:59.467 D/TunerPresenter(15794): handleTunerRawData: b1 0 0 28 37 22 38 23 32 23 aa 23 be 24 4 24 36 
02-19 21:13:59.470 D/TunerManagerForExt(15794): FMRadio main (TunerManagerForExt.java:147) onTunerPresetListChanged:  - mBand: 0 - mPresetIndex: 0 - mFrequency: 10295 - index: 0 - preset: 8760 - index: 1 - preset: 9010 - index: 2 - preset: 9130 - index: 3 - preset: 9150 - index: 4 - preset: 9220 - index: 5 - preset: 9270
02-19 21:13:59.510 E/mcu_services( 5512): MCU2APP : [ff fe fd 12 01 b1 00 00 28 32 22 38 23 32 23 aa 23 be 24 04 24 36 87 ff ]
02-19 21:13:59.512 D/K706RadioManager(17578): IMcuListener.onTransact: code=1 flags=16
02-19 21:13:59.513 D/K706RadioManager(17578): >>> IMcuListener.onMcuInfoChanged received! data=B1 00 00 28 32 22 38 23 32 23 AA 23 BE 24 04 24 36 
02-19 21:13:59.514 D/K706RadioManager(17578): MCU[0xB1] len=17 : B1 00 00 28 32 22 38 23 32 23 AA 23 BE 24 04 24 36 
02-19 21:13:59.514 D/K706RadioManager(17578): PresetList: band=0 presetIdx=0 currentFreq=10290 firstFreq=10290 (offset=3)
02-19 21:13:59.514 D/K706RadioManager(17578): >>> FREQ: 102950 -> 102900 (MCU=10290, 102,90 MHz)
02-19 21:13:59.518 D/TunerPresenter(15794): handleTunerRawData: b1 0 0 28 32 22 38 23 32 23 aa 23 be 24 4 24 36 
02-19 21:13:59.521 D/TunerManagerForExt(15794): FMRadio main (TunerManagerForExt.java:147) onTunerPresetListChanged:  - mBand: 0 - mPresetIndex: 0 - mFrequency: 10290 - index: 0 - preset: 8760 - index: 1 - preset: 9010 - index: 2 - preset: 9130 - index: 3 - preset: 9150 - index: 4 - preset: 9220 - index: 5 - preset: 9270
02-19 21:13:59.559 E/mcu_services( 5512): MCU2APP : [ff fe fd 12 01 b1 00 00 28 2d 22 38 23 32 23 aa 23 be 24 04 24 36 98 ff ]
02-19 21:13:59.562 D/K706RadioManager(17578): IMcuListener.onTransact: code=1 flags=16
02-19 21:13:59.563 D/K706RadioManager(17578): >>> IMcuListener.onMcuInfoChanged received! data=B1 00 00 28 2D 22 38 23 32 23 AA 23 BE 24 04 24 36 
02-19 21:13:59.564 D/K706RadioManager(17578): MCU[0xB1] len=17 : B1 00 00 28 2D 22 38 23 32 23 AA 23 BE 24 04 24 36 
02-19 21:13:59.564 D/K706RadioManager(17578): PresetList: band=0 presetIdx=0 currentFreq=10285 firstFreq=10285 (offset=3)
02-19 21:13:59.565 D/K706RadioManager(17578): >>> FREQ: 102900 -> 102850 (MCU=10285, 102,85 MHz)
02-19 21:13:59.567 D/TunerPresenter(15794): handleTunerRawData: b1 0 0 28 2d 22 38 23 32 23 aa 23 be 24 4 24 36 
02-19 21:13:59.570 D/TunerManagerForExt(15794): FMRadio main (TunerManagerForExt.java:147) onTunerPresetListChanged:  - mBand: 0 - mPresetIndex: 0 - mFrequency: 10285 - index: 0 - preset: 8760 - index: 1 - preset: 9010 - index: 2 - preset: 9130 - index: 3 - preset: 9150 - index: 4 - preset: 9220 - index: 5 - preset: 9270
02-19 21:13:59.609 E/mcu_services( 5512): MCU2APP : [ff fe fd 12 01 b1 00 00 28 28 22 38 23 32 23 aa 23 be 24 04 24 36 9d ff ]
02-19 21:13:59.611 D/K706RadioManager(17578): IMcuListener.onTransact: code=1 flags=16
02-19 21:13:59.613 D/K706RadioManager(17578): >>> IMcuListener.onMcuInfoChanged received! data=B1 00 00 28 28 22 38 23 32 23 AA 23 BE 24 04 24 36 
02-19 21:13:59.614 D/K706RadioManager(17578): MCU[0xB1] len=17 : B1 00 00 28 28 22 38 23 32 23 AA 23 BE 24 04 24 36 
02-19 21:13:59.614 D/K706RadioManager(17578): PresetList: band=0 presetIdx=0 currentFreq=10280 firstFreq=10280 (offset=3)
02-19 21:13:59.614 D/K706RadioManager(17578): >>> FREQ: 102850 -> 102800 (MCU=10280, 102,80 MHz)
02-19 21:13:59.616 D/TunerPresenter(15794): handleTunerRawData: b1 0 0 28 28 22 38 23 32 23 aa 23 be 24 4 24 36 
02-19 21:13:59.618 D/TunerManagerForExt(15794): FMRadio main (TunerManagerForExt.java:147) onTunerPresetListChanged:  - mBand: 0 - mPresetIndex: 0 - mFrequency: 10280 - index: 0 - preset: 8760 - index: 1 - preset: 9010 - index: 2 - preset: 9130 - index: 3 - preset: 9150 - index: 4 - preset: 9220 - index: 5 - preset: 9270
02-19 21:13:59.659 E/mcu_services( 5512): MCU2APP : [ff fe fd 12 01 b1 00 00 28 23 22 38 23 32 23 aa 23 be 24 04 24 36 96 ff ]
02-19 21:13:59.661 D/K706RadioManager(17578): IMcuListener.onTransact: code=1 flags=16
02-19 21:13:59.663 D/K706RadioManager(17578): >>> IMcuListener.onMcuInfoChanged received! data=B1 00 00 28 23 22 38 23 32 23 AA 23 BE 24 04 24 36 
02-19 21:13:59.665 D/K706RadioManager(17578): MCU[0xB1] len=17 : B1 00 00 28 23 22 38 23 32 23 AA 23 BE 24 04 24 36 
02-19 21:13:59.665 D/K706RadioManager(17578): PresetList: band=0 presetIdx=0 currentFreq=10275 firstFreq=10275 (offset=3)
02-19 21:13:59.665 D/K706RadioManager(17578): >>> FREQ: 102800 -> 102750 (MCU=10275, 102,75 MHz)
02-19 21:13:59.668 D/TunerPresenter(15794): handleTunerRawData: b1 0 0 28 23 22 38 23 32 23 aa 23 be 24 4 24 36 
02-19 21:13:59.671 D/TunerManagerForExt(15794): FMRadio main (TunerManagerForExt.java:147) onTunerPresetListChanged:  - mBand: 0 - mPresetIndex: 0 - mFrequency: 10275 - index: 0 - preset: 8760 - index: 1 - preset: 9010 - index: 2 - preset: 9130 - index: 3 - preset: 9150 - index: 4 - preset: 9220 - index: 5 - preset: 9270
02-19 21:13:59.708 E/mcu_services( 5512): MCU2APP : [ff fe fd 12 01 b1 00 00 28 1e 22 38 23 32 23 aa 23 be 24 04 24 36 ab ff ]
02-19 21:13:59.710 D/K706RadioManager(17578): IMcuListener.onTransact: code=1 flags=16
02-19 21:13:59.711 D/K706RadioManager(17578): >>> IMcuListener.onMcuInfoChanged received! data=B1 00 00 28 1E 22 38 23 32 23 AA 23 BE 24 04 24 36 
02-19 21:13:59.712 D/K706RadioManager(17578): MCU[0xB1] len=17 : B1 00 00 28 1E 22 38 23 32 23 AA 23 BE 24 04 24 36 
02-19 21:13:59.712 D/K706RadioManager(17578): PresetList: band=0 presetIdx=0 currentFreq=10270 firstFreq=10270 (offset=3)
02-19 21:13:59.712 D/K706RadioManager(17578): >>> FREQ: 102750 -> 102700 (MCU=10270, 102,70 MHz)
02-19 21:13:59.714 D/TunerPresenter(15794): handleTunerRawData: b1 0 0 28 1e 22 38 23 32 23 aa 23 be 24 4 24 36 
02-19 21:13:59.717 D/TunerManagerForExt(15794): FMRadio main (TunerManagerForExt.java:147) onTunerPresetListChanged:  - mBand: 0 - mPresetIndex: 0 - mFrequency: 10270 - index: 0 - preset: 8760 - index: 1 - preset: 9010 - index: 2 - preset: 9130 - index: 3 - preset: 9150 - index: 4 - preset: 9220 - index: 5 - preset: 9270
02-19 21:13:59.758 E/mcu_services( 5512): MCU2APP : [ff fe fd 12 01 b1 00 00 28 19 22 38 23 32 23 aa 23 be 24 04 24 36 ac ff ]
02-19 21:13:59.761 D/K706RadioManager(17578): IMcuListener.onTransact: code=1 flags=16
02-19 21:13:59.763 D/K706RadioManager(17578): >>> IMcuListener.onMcuInfoChanged received! data=B1 00 00 28 19 22 38 23 32 23 AA 23 BE 24 04 24 36 
02-19 21:13:59.765 D/K706RadioManager(17578): MCU[0xB1] len=17 : B1 00 00 28 19 22 38 23 32 23 AA 23 BE 24 04 24 36 
02-19 21:13:59.765 D/K706RadioManager(17578): PresetList: band=0 presetIdx=0 currentFreq=10265 firstFreq=10265 (offset=3)
02-19 21:13:59.765 D/K706RadioManager(17578): >>> FREQ: 102700 -> 102650 (MCU=10265, 102,65 MHz)
02-19 21:13:59.768 D/TunerPresenter(15794): handleTunerRawData: b1 0 0 28 19 22 38 23 32 23 aa 23 be 24 4 24 36 
02-19 21:13:59.771 D/TunerManagerForExt(15794): FMRadio main (TunerManagerForExt.java:147) onTunerPresetListChanged:  - mBand: 0 - mPresetIndex: 0 - mFrequency: 10265 - index: 0 - preset: 8760 - index: 1 - preset: 9010 - index: 2 - preset: 9130 - index: 3 - preset: 9150 - index: 4 - preset: 9220 - index: 5 - preset: 9270
02-19 21:13:59.808 E/mcu_services( 5512): MCU2APP : [ff fe fd 12 01 b1 00 00 28 14 22 38 23 32 23 aa 23 be 24 04 24 36 a1 ff ]
02-19 21:13:59.809 D/K706RadioManager(17578): IMcuListener.onTransact: code=1 flags=16
02-19 21:13:59.811 D/K706RadioManager(17578): >>> IMcuListener.onMcuInfoChanged received! data=B1 00 00 28 14 22 38 23 32 23 AA 23 BE 24 04 24 36 
02-19 21:13:59.814 D/K706RadioManager(17578): MCU[0xB1] len=17 : B1 00 00 28 14 22 38 23 32 23 AA 23 BE 24 04 24 36 
02-19 21:13:59.814 D/K706RadioManager(17578): PresetList: band=0 presetIdx=0 currentFreq=10260 firstFreq=10260 (offset=3)
02-19 21:13:59.814 D/K706RadioManager(17578): >>> FREQ: 102650 -> 102600 (MCU=10260, 102,60 MHz)
02-19 21:13:59.816 D/TunerPresenter(15794): handleTunerRawData: b1 0 0 28 14 22 38 23 32 23 aa 23 be 24 4 24 36 
02-19 21:13:59.819 D/TunerManagerForExt(15794): FMRadio main (TunerManagerForExt.java:147) onTunerPresetListChanged:  - mBand: 0 - mPresetIndex: 0 - mFrequency: 10260 - index: 0 - preset: 8760 - index: 1 - preset: 9010 - index: 2 - preset: 9130 - index: 3 - preset: 9150 - index: 4 - preset: 9220 - index: 5 - preset: 9270
02-19 21:13:59.857 E/mcu_services( 5512): MCU2APP : [ff fe fd 12 01 b1 00 00 28 0f 22 38 23 32 23 aa 23 be 24 04 24 36 ba ff ]
02-19 21:13:59.859 D/K706RadioManager(17578): IMcuListener.onTransact: code=1 flags=16
02-19 21:13:59.860 D/K706RadioManager(17578): >>> IMcuListener.onMcuInfoChanged received! data=B1 00 00 28 0F 22 38 23 32 23 AA 23 BE 24 04 24 36 
02-19 21:13:59.861 D/K706RadioManager(17578): MCU[0xB1] len=17 : B1 00 00 28 0F 22 38 23 32 23 AA 23 BE 24 04 24 36 
02-19 21:13:59.861 D/K706RadioManager(17578): PresetList: band=0 presetIdx=0 currentFreq=10255 firstFreq=10255 (offset=3)
02-19 21:13:59.862 D/K706RadioManager(17578): >>> FREQ: 102600 -> 102550 (MCU=10255, 102,55 MHz)
02-19 21:13:59.864 D/TunerPresenter(15794): handleTunerRawData: b1 0 0 28 f 22 38 23 32 23 aa 23 be 24 4 24 36 
02-19 21:13:59.867 D/TunerManagerForExt(15794): FMRadio main (TunerManagerForExt.java:147) onTunerPresetListChanged:  - mBand: 0 - mPresetIndex: 0 - mFrequency: 10255 - index: 0 - preset: 8760 - index: 1 - preset: 9010 - index: 2 - preset: 9130 - index: 3 - preset: 9150 - index: 4 - preset: 9220 - index: 5 - preset: 9270
02-19 21:13:59.907 E/mcu_services( 5512): MCU2APP : [ff fe fd 12 01 b1 00 00 28 0a 22 38 23 32 23 aa 23 be 24 04 24 36 bf ff ]
02-19 21:13:59.908 D/K706RadioManager(17578): IMcuListener.onTransact: code=1 flags=16
02-19 21:13:59.909 D/K706RadioManager(17578): >>> IMcuListener.onMcuInfoChanged received! data=B1 00 00 28 0A 22 38 23 32 23 AA 23 BE 24 04 24 36 
02-19 21:13:59.911 D/K706RadioManager(17578): MCU[0xB1] len=17 : B1 00 00 28 0A 22 38 23 32 23 AA 23 BE 24 04 24 36 
02-19 21:13:59.911 D/K706RadioManager(17578): PresetList: band=0 presetIdx=0 currentFreq=10250 firstFreq=10250 (offset=3)
02-19 21:13:59.911 D/K706RadioManager(17578): >>> FREQ: 102550 -> 102500 (MCU=10250, 102,50 MHz)
02-19 21:13:59.913 D/TunerPresenter(15794): handleTunerRawData: b1 0 0 28 a 22 38 23 32 23 aa 23 be 24 4 24 36 
02-19 21:13:59.916 D/TunerManagerForExt(15794): FMRadio main (TunerManagerForExt.java:147) onTunerPresetListChanged:  - mBand: 0 - mPresetIndex: 0 - mFrequency: 10250 - index: 0 - preset: 8760 - index: 1 - preset: 9010 - index: 2 - preset: 9130 - index: 3 - preset: 9150 - index: 4 - preset: 9220 - index: 5 - preset: 9270
02-19 21:13:59.957 E/mcu_services( 5512): MCU2APP : [ff fe fd 12 01 b1 00 00 28 05 22 38 23 32 23 aa 23 be 24 04 24 36 b0 ff ]
02-19 21:13:59.959 D/K706RadioManager(17578): IMcuListener.onTransact: code=1 flags=16
02-19 21:13:59.961 D/K706RadioManager(17578): >>> IMcuListener.onMcuInfoChanged received! data=B1 00 00 28 05 22 38 23 32 23 AA 23 BE 24 04 24 36 
02-19 21:13:59.962 D/K706RadioManager(17578): MCU[0xB1] len=17 : B1 00 00 28 05 22 38 23 32 23 AA 23 BE 24 04 24 36 
02-19 21:13:59.962 D/K706RadioManager(17578): PresetList: band=0 presetIdx=0 currentFreq=10245 firstFreq=10245 (offset=3)
02-19 21:13:59.962 D/K706RadioManager(17578): >>> FREQ: 102500 -> 102450 (MCU=10245, 102,45 MHz)
02-19 21:13:59.964 D/TunerPresenter(15794): handleTunerRawData: b1 0 0 28 5 22 38 23 32 23 aa 23 be 24 4 24 36 
02-19 21:13:59.967 D/TunerManagerForExt(15794): FMRadio main (TunerManagerForExt.java:147) onTunerPresetListChanged:  - mBand: 0 - mPresetIndex: 0 - mFrequency: 10245 - index: 0 - preset: 8760 - index: 1 - preset: 9010 - index: 2 - preset: 9130 - index: 3 - preset: 9150 - index: 4 - preset: 9220 - index: 5 - preset: 9270
02-19 21:14:00.007 E/mcu_services( 5512): MCU2APP : [ff fe fd 12 01 b1 00 00 28 00 22 38 23 32 23 aa 23 be 24 04 24 36 b5 ff ]
02-19 21:14:00.009 D/K706RadioManager(17578): IMcuListener.onTransact: code=1 flags=16
02-19 21:14:00.011 D/K706RadioManager(17578): >>> IMcuListener.onMcuInfoChanged received! data=B1 00 00 28 00 22 38 23 32 23 AA 23 BE 24 04 24 36 
02-19 21:14:00.012 D/K706RadioManager(17578): MCU[0xB1] len=17 : B1 00 00 28 00 22 38 23 32 23 AA 23 BE 24 04 24 36 
02-19 21:14:00.012 D/K706RadioManager(17578): PresetList: band=0 presetIdx=0 currentFreq=10240 firstFreq=10240 (offset=3)
02-19 21:14:00.012 D/K706RadioManager(17578): >>> FREQ: 102450 -> 102400 (MCU=10240, 102,40 MHz)
02-19 21:14:00.014 D/TunerPresenter(15794): handleTunerRawData: b1 0 0 28 0 22 38 23 32 23 aa 23 be 24 4 24 36 
02-19 21:14:00.018 D/TunerManagerForExt(15794): FMRadio main (TunerManagerForExt.java:147) onTunerPresetListChanged:  - mBand: 0 - mPresetIndex: 0 - mFrequency: 10240 - index: 0 - preset: 8760 - index: 1 - preset: 9010 - index: 2 - preset: 9130 - index: 3 - preset: 9150 - index: 4 - preset: 9220 - index: 5 - preset: 9270
02-19 21:14:00.056 E/mcu_services( 5512): MCU2APP : [ff fe fd 12 01 b1 00 00 27 fb 22 38 23 32 23 aa 23 be 24 04 24 36 41 ff ]
02-19 21:14:00.059 D/K706RadioManager(17578): IMcuListener.onTransact: code=1 flags=16
02-19 21:14:00.060 D/K706RadioManager(17578): >>> IMcuListener.onMcuInfoChanged received! data=B1 00 00 27 FB 22 38 23 32 23 AA 23 BE 24 04 24 36 
02-19 21:14:00.061 D/K706RadioManager(17578): MCU[0xB1] len=17 : B1 00 00 27 FB 22 38 23 32 23 AA 23 BE 24 04 24 36 
02-19 21:14:00.061 D/K706RadioManager(17578): PresetList: band=0 presetIdx=0 currentFreq=10235 firstFreq=10235 (offset=3)
02-19 21:14:00.062 D/K706RadioManager(17578): >>> FREQ: 102400 -> 102350 (MCU=10235, 102,35 MHz)
02-19 21:14:00.063 D/TunerPresenter(15794): handleTunerRawData: b1 0 0 27 fb 22 38 23 32 23 aa 23 be 24 4 24 36 
02-19 21:14:00.067 D/TunerManagerForExt(15794): FMRadio main (TunerManagerForExt.java:147) onTunerPresetListChanged:  - mBand: 0 - mPresetIndex: 0 - mFrequency: 10235 - index: 0 - preset: 8760 - index: 1 - preset: 9010 - index: 2 - preset: 9130 - index: 3 - preset: 9150 - index: 4 - preset: 9220 - index: 5 - preset: 9270
02-19 21:14:00.106 E/mcu_services( 5512): MCU2APP : [ff fe fd 12 01 b1 00 00 27 f6 22 38 23 32 23 aa 23 be 24 04 24 36 4c ff ]
02-19 21:14:00.109 D/K706RadioManager(17578): IMcuListener.onTransact: code=1 flags=16
02-19 21:14:00.110 D/K706RadioManager(17578): >>> IMcuListener.onMcuInfoChanged received! data=B1 00 00 27 F6 22 38 23 32 23 AA 23 BE 24 04 24 36 
02-19 21:14:00.111 D/K706RadioManager(17578): MCU[0xB1] len=17 : B1 00 00 27 F6 22 38 23 32 23 AA 23 BE 24 04 24 36 
02-19 21:14:00.111 D/K706RadioManager(17578): PresetList: band=0 presetIdx=0 currentFreq=10230 firstFreq=10230 (offset=3)
02-19 21:14:00.111 D/K706RadioManager(17578): >>> FREQ: 102350 -> 102300 (MCU=10230, 102,30 MHz)
02-19 21:14:00.113 D/TunerPresenter(15794): handleTunerRawData: b1 0 0 27 f6 22 38 23 32 23 aa 23 be 24 4 24 36 
02-19 21:14:00.116 D/TunerManagerForExt(15794): FMRadio main (TunerManagerForExt.java:147) onTunerPresetListChanged:  - mBand: 0 - mPresetIndex: 0 - mFrequency: 10230 - index: 0 - preset: 8760 - index: 1 - preset: 9010 - index: 2 - preset: 9130 - index: 3 - preset: 9150 - index: 4 - preset: 9220 - index: 5 - preset: 9270
02-19 21:14:00.156 E/mcu_services( 5512): MCU2APP : [ff fe fd 12 01 b1 00 00 27 f1 22 38 23 32 23 aa 23 be 24 04 24 36 4b ff ]
02-19 21:14:00.158 D/K706RadioManager(17578): IMcuListener.onTransact: code=1 flags=16
02-19 21:14:00.159 D/K706RadioManager(17578): >>> IMcuListener.onMcuInfoChanged received! data=B1 00 00 27 F1 22 38 23 32 23 AA 23 BE 24 04 24 36 
02-19 21:14:00.160 D/K706RadioManager(17578): MCU[0xB1] len=17 : B1 00 00 27 F1 22 38 23 32 23 AA 23 BE 24 04 24 36 
02-19 21:14:00.160 D/K706RadioManager(17578): PresetList: band=0 presetIdx=0 currentFreq=10225 firstFreq=10225 (offset=3)
02-19 21:14:00.160 D/K706RadioManager(17578): >>> FREQ: 102300 -> 102250 (MCU=10225, 102,25 MHz)
02-19 21:14:00.163 D/TunerPresenter(15794): handleTunerRawData: b1 0 0 27 f1 22 38 23 32 23 aa 23 be 24 4 24 36 
02-19 21:14:00.165 D/TunerManagerForExt(15794): FMRadio main (TunerManagerForExt.java:147) onTunerPresetListChanged:  - mBand: 0 - mPresetIndex: 0 - mFrequency: 10225 - index: 0 - preset: 8760 - index: 1 - preset: 9010 - index: 2 - preset: 9130 - index: 3 - preset: 9150 - index: 4 - preset: 9220 - index: 5 - preset: 9270
02-19 21:14:00.206 E/mcu_services( 5512): MCU2APP : [ff fe fd 12 01 b1 00 00 27 ec 22 38 23 32 23 aa 23 be 24 04 24 36 56 ff ]
02-19 21:14:00.208 D/K706RadioManager(17578): IMcuListener.onTransact: code=1 flags=16
02-19 21:14:00.210 D/K706RadioManager(17578): >>> IMcuListener.onMcuInfoChanged received! data=B1 00 00 27 EC 22 38 23 32 23 AA 23 BE 24 04 24 36 
02-19 21:14:00.212 D/K706RadioManager(17578): MCU[0xB1] len=17 : B1 00 00 27 EC 22 38 23 32 23 AA 23 BE 24 04 24 36 
02-19 21:14:00.212 D/K706RadioManager(17578): PresetList: band=0 presetIdx=0 currentFreq=10220 firstFreq=10220 (offset=3)
02-19 21:14:00.213 D/K706RadioManager(17578): >>> FREQ: 102250 -> 102200 (MCU=10220, 102,20 MHz)
02-19 21:14:00.215 D/TunerPresenter(15794): handleTunerRawData: b1 0 0 27 ec 22 38 23 32 23 aa 23 be 24 4 24 36 
02-19 21:14:00.218 D/TunerManagerForExt(15794): FMRadio main (TunerManagerForExt.java:147) onTunerPresetListChanged:  - mBand: 0 - mPresetIndex: 0 - mFrequency: 10220 - index: 0 - preset: 8760 - index: 1 - preset: 9010 - index: 2 - preset: 9130 - index: 3 - preset: 9150 - index: 4 - preset: 9220 - index: 5 - preset: 9270
02-19 21:14:00.255 E/mcu_services( 5512): MCU2APP : [ff fe fd 12 01 b1 00 00 27 e7 22 38 23 32 23 aa 23 be 24 04 24 36 5d ff ]
02-19 21:14:00.256 D/K706RadioManager(17578): IMcuListener.onTransact: code=1 flags=16
02-19 21:14:00.258 D/K706RadioManager(17578): >>> IMcuListener.onMcuInfoChanged received! data=B1 00 00 27 E7 22 38 23 32 23 AA 23 BE 24 04 24 36 
02-19 21:14:00.259 D/K706RadioManager(17578): MCU[0xB1] len=17 : B1 00 00 27 E7 22 38 23 32 23 AA 23 BE 24 04 24 36 
02-19 21:14:00.260 D/K706RadioManager(17578): PresetList: band=0 presetIdx=0 currentFreq=10215 firstFreq=10215 (offset=3)
02-19 21:14:00.260 D/K706RadioManager(17578): >>> FREQ: 102200 -> 102150 (MCU=10215, 102,15 MHz)
02-19 21:14:00.262 D/TunerPresenter(15794): handleTunerRawData: b1 0 0 27 e7 22 38 23 32 23 aa 23 be 24 4 24 36 
02-19 21:14:00.265 D/TunerManagerForExt(15794): FMRadio main (TunerManagerForExt.java:147) onTunerPresetListChanged:  - mBand: 0 - mPresetIndex: 0 - mFrequency: 10215 - index: 0 - preset: 8760 - index: 1 - preset: 9010 - index: 2 - preset: 9130 - index: 3 - preset: 9150 - index: 4 - preset: 9220 - index: 5 - preset: 9270
02-19 21:14:00.305 E/mcu_services( 5512): MCU2APP : [ff fe fd 12 01 b1 00 00 27 e2 22 38 23 32 23 aa 23 be 24 04 24 36 58 ff ]
02-19 21:14:00.307 D/K706RadioManager(17578): IMcuListener.onTransact: code=1 flags=16
02-19 21:14:00.308 D/K706RadioManager(17578): >>> IMcuListener.onMcuInfoChanged received! data=B1 00 00 27 E2 22 38 23 32 23 AA 23 BE 24 04 24 36 
02-19 21:14:00.309 D/K706RadioManager(17578): MCU[0xB1] len=17 : B1 00 00 27 E2 22 38 23 32 23 AA 23 BE 24 04 24 36 
02-19 21:14:00.309 D/K706RadioManager(17578): PresetList: band=0 presetIdx=0 currentFreq=10210 firstFreq=10210 (offset=3)
02-19 21:14:00.310 D/K706RadioManager(17578): >>> FREQ: 102150 -> 102100 (MCU=10210, 102,10 MHz)
02-19 21:14:00.313 D/TunerPresenter(15794): handleTunerRawData: b1 0 0 27 e2 22 38 23 32 23 aa 23 be 24 4 24 36 
02-19 21:14:00.315 D/TunerManagerForExt(15794): FMRadio main (TunerManagerForExt.java:147) onTunerPresetListChanged:  - mBand: 0 - mPresetIndex: 0 - mFrequency: 10210 - index: 0 - preset: 8760 - index: 1 - preset: 9010 - index: 2 - preset: 9130 - index: 3 - preset: 9150 - index: 4 - preset: 9220 - index: 5 - preset: 9270
02-19 21:14:00.355 E/mcu_services( 5512): MCU2APP : [ff fe fd 12 01 b1 00 00 27 dd 22 38 23 32 23 aa 23 be 24 04 24 36 67 ff ]
02-19 21:14:00.357 D/K706RadioManager(17578): IMcuListener.onTransact: code=1 flags=16
02-19 21:14:00.359 D/K706RadioManager(17578): >>> IMcuListener.onMcuInfoChanged received! data=B1 00 00 27 DD 22 38 23 32 23 AA 23 BE 24 04 24 36 
02-19 21:14:00.361 D/K706RadioManager(17578): MCU[0xB1] len=17 : B1 00 00 27 DD 22 38 23 32 23 AA 23 BE 24 04 24 36 
02-19 21:14:00.361 D/K706RadioManager(17578): PresetList: band=0 presetIdx=0 currentFreq=10205 firstFreq=10205 (offset=3)
02-19 21:14:00.362 D/K706RadioManager(17578): >>> FREQ: 102100 -> 102050 (MCU=10205, 102,05 MHz)
02-19 21:14:00.364 D/TunerPresenter(15794): handleTunerRawData: b1 0 0 27 dd 22 38 23 32 23 aa 23 be 24 4 24 36 
02-19 21:14:00.368 D/TunerManagerForExt(15794): FMRadio main (TunerManagerForExt.java:147) onTunerPresetListChanged:  - mBand: 0 - mPresetIndex: 0 - mFrequency: 10205 - index: 0 - preset: 8760 - index: 1 - preset: 9010 - index: 2 - preset: 9130 - index: 3 - preset: 9150 - index: 4 - preset: 9220 - index: 5 - preset: 9270
02-19 21:14:00.404 E/mcu_services( 5512): MCU2APP : [ff fe fd 12 01 b1 00 00 27 d8 22 38 23 32 23 aa 23 be 24 04 24 36 62 ff ]
02-19 21:14:00.407 D/K706RadioManager(17578): IMcuListener.onTransact: code=1 flags=16
02-19 21:14:00.409 D/K706RadioManager(17578): >>> IMcuListener.onMcuInfoChanged received! data=B1 00 00 27 D8 22 38 23 32 23 AA 23 BE 24 04 24 36 
02-19 21:14:00.411 D/K706RadioManager(17578): MCU[0xB1] len=17 : B1 00 00 27 D8 22 38 23 32 23 AA 23 BE 24 04 24 36 
02-19 21:14:00.411 D/K706RadioManager(17578): PresetList: band=0 presetIdx=0 currentFreq=10200 firstFreq=10200 (offset=3)
02-19 21:14:00.411 D/K706RadioManager(17578): >>> FREQ: 102050 -> 102000 (MCU=10200, 102,00 MHz)
02-19 21:14:00.413 D/TunerPresenter(15794): handleTunerRawData: b1 0 0 27 d8 22 38 23 32 23 aa 23 be 24 4 24 36 
02-19 21:14:00.416 D/TunerManagerForExt(15794): FMRadio main (TunerManagerForExt.java:147) onTunerPresetListChanged:  - mBand: 0 - mPresetIndex: 0 - mFrequency: 10200 - index: 0 - preset: 8760 - index: 1 - preset: 9010 - index: 2 - preset: 9130 - index: 3 - preset: 9150 - index: 4 - preset: 9220 - index: 5 - preset: 9270
02-19 21:14:00.454 E/mcu_services( 5512): MCU2APP : [ff fe fd 12 01 b1 00 00 27 d3 22 38 23 32 23 aa 23 be 24 04 24 36 69 ff ]
02-19 21:14:00.456 D/K706RadioManager(17578): IMcuListener.onTransact: code=1 flags=16
02-19 21:14:00.458 D/K706RadioManager(17578): >>> IMcuListener.onMcuInfoChanged received! data=B1 00 00 27 D3 22 38 23 32 23 AA 23 BE 24 04 24 36 
02-19 21:14:00.461 D/K706RadioManager(17578): MCU[0xB1] len=17 : B1 00 00 27 D3 22 38 23 32 23 AA 23 BE 24 04 24 36 
02-19 21:14:00.461 D/K706RadioManager(17578): PresetList: band=0 presetIdx=0 currentFreq=10195 firstFreq=10195 (offset=3)
02-19 21:14:00.461 D/K706RadioManager(17578): >>> FREQ: 102000 -> 101950 (MCU=10195, 101,95 MHz)
02-19 21:14:00.463 D/TunerPresenter(15794): handleTunerRawData: b1 0 0 27 d3 22 38 23 32 23 aa 23 be 24 4 24 36 
02-19 21:14:00.466 D/TunerManagerForExt(15794): FMRadio main (TunerManagerForExt.java:147) onTunerPresetListChanged:  - mBand: 0 - mPresetIndex: 0 - mFrequency: 10195 - index: 0 - preset: 8760 - index: 1 - preset: 9010 - index: 2 - preset: 9130 - index: 3 - preset: 9150 - index: 4 - preset: 9220 - index: 5 - preset: 9270
02-19 21:14:00.504 E/mcu_services( 5512): MCU2APP : [ff fe fd 12 01 b1 00 00 27 ce 22 38 23 32 23 aa 23 be 24 04 24 36 74 ff ]
02-19 21:14:00.506 D/K706RadioManager(17578): IMcuListener.onTransact: code=1 flags=16
02-19 21:14:00.507 D/K706RadioManager(17578): >>> IMcuListener.onMcuInfoChanged received! data=B1 00 00 27 CE 22 38 23 32 23 AA 23 BE 24 04 24 36 
02-19 21:14:00.508 D/K706RadioManager(17578): MCU[0xB1] len=17 : B1 00 00 27 CE 22 38 23 32 23 AA 23 BE 24 04 24 36 
02-19 21:14:00.508 D/K706RadioManager(17578): PresetList: band=0 presetIdx=0 currentFreq=10190 firstFreq=10190 (offset=3)
02-19 21:14:00.508 D/K706RadioManager(17578): >>> FREQ: 101950 -> 101900 (MCU=10190, 101,90 MHz)
02-19 21:14:00.510 D/TunerPresenter(15794): handleTunerRawData: b1 0 0 27 ce 22 38 23 32 23 aa 23 be 24 4 24 36 
02-19 21:14:00.513 D/TunerManagerForExt(15794): FMRadio main (TunerManagerForExt.java:147) onTunerPresetListChanged:  - mBand: 0 - mPresetIndex: 0 - mFrequency: 10190 - index: 0 - preset: 8760 - index: 1 - preset: 9010 - index: 2 - preset: 9130 - index: 3 - preset: 9150 - index: 4 - preset: 9220 - index: 5 - preset: 9270
02-19 21:14:00.554 E/mcu_services( 5512): MCU2APP : [ff fe fd 12 01 b1 00 00 27 c9 22 38 23 32 23 aa 23 be 24 04 24 36 73 ff ]
02-19 21:14:00.556 D/K706RadioManager(17578): IMcuListener.onTransact: code=1 flags=16
02-19 21:14:00.558 D/K706RadioManager(17578): >>> IMcuListener.onMcuInfoChanged received! data=B1 00 00 27 C9 22 38 23 32 23 AA 23 BE 24 04 24 36 
02-19 21:14:00.561 D/K706RadioManager(17578): MCU[0xB1] len=17 : B1 00 00 27 C9 22 38 23 32 23 AA 23 BE 24 04 24 36 
02-19 21:14:00.561 D/K706RadioManager(17578): PresetList: band=0 presetIdx=0 currentFreq=10185 firstFreq=10185 (offset=3)
02-19 21:14:00.561 D/K706RadioManager(17578): >>> FREQ: 101900 -> 101850 (MCU=10185, 101,85 MHz)
02-19 21:14:00.563 D/TunerPresenter(15794): handleTunerRawData: b1 0 0 27 c9 22 38 23 32 23 aa 23 be 24 4 24 36 
02-19 21:14:00.566 D/TunerManagerForExt(15794): FMRadio main (TunerManagerForExt.java:147) onTunerPresetListChanged:  - mBand: 0 - mPresetIndex: 0 - mFrequency: 10185 - index: 0 - preset: 8760 - index: 1 - preset: 9010 - index: 2 - preset: 9130 - index: 3 - preset: 9150 - index: 4 - preset: 9220 - index: 5 - preset: 9270
02-19 21:14:00.603 E/mcu_services( 5512): MCU2APP : [ff fe fd 12 01 b1 00 00 27 c4 22 38 23 32 23 aa 23 be 24 04 24 36 7e ff ]
02-19 21:14:00.606 D/K706RadioManager(17578): IMcuListener.onTransact: code=1 flags=16
02-19 21:14:00.608 D/K706RadioManager(17578): >>> IMcuListener.onMcuInfoChanged received! data=B1 00 00 27 C4 22 38 23 32 23 AA 23 BE 24 04 24 36 
02-19 21:14:00.610 D/K706RadioManager(17578): MCU[0xB1] len=17 : B1 00 00 27 C4 22 38 23 32 23 AA 23 BE 24 04 24 36 
02-19 21:14:00.610 D/K706RadioManager(17578): PresetList: band=0 presetIdx=0 currentFreq=10180 firstFreq=10180 (offset=3)
02-19 21:14:00.611 D/K706RadioManager(17578): >>> FREQ: 101850 -> 101800 (MCU=10180, 101,80 MHz)
02-19 21:14:00.613 D/TunerPresenter(15794): handleTunerRawData: b1 0 0 27 c4 22 38 23 32 23 aa 23 be 24 4 24 36 
02-19 21:14:00.615 D/TunerManagerForExt(15794): FMRadio main (TunerManagerForExt.java:147) onTunerPresetListChanged:  - mBand: 0 - mPresetIndex: 0 - mFrequency: 10180 - index: 0 - preset: 8760 - index: 1 - preset: 9010 - index: 2 - preset: 9130 - index: 3 - preset: 9150 - index: 4 - preset: 9220 - index: 5 - preset: 9270
02-19 21:14:00.653 E/mcu_services( 5512): MCU2APP : [ff fe fd 12 01 b1 00 00 27 bf 22 38 23 32 23 aa 23 be 24 04 24 36 05 ff ]
02-19 21:14:00.656 D/K706RadioManager(17578): IMcuListener.onTransact: code=1 flags=16
02-19 21:14:00.657 D/K706RadioManager(17578): >>> IMcuListener.onMcuInfoChanged received! data=B1 00 00 27 BF 22 38 23 32 23 AA 23 BE 24 04 24 36 
02-19 21:14:00.658 D/K706RadioManager(17578): MCU[0xB1] len=17 : B1 00 00 27 BF 22 38 23 32 23 AA 23 BE 24 04 24 36 
02-19 21:14:00.658 D/K706RadioManager(17578): PresetList: band=0 presetIdx=0 currentFreq=10175 firstFreq=10175 (offset=3)
02-19 21:14:00.658 D/K706RadioManager(17578): >>> FREQ: 101800 -> 101750 (MCU=10175, 101,75 MHz)
02-19 21:14:00.660 D/TunerPresenter(15794): handleTunerRawData: b1 0 0 27 bf 22 38 23 32 23 aa 23 be 24 4 24 36 
02-19 21:14:00.662 D/TunerManagerForExt(15794): FMRadio main (TunerManagerForExt.java:147) onTunerPresetListChanged:  - mBand: 0 - mPresetIndex: 0 - mFrequency: 10175 - index: 0 - preset: 8760 - index: 1 - preset: 9010 - index: 2 - preset: 9130 - index: 3 - preset: 9150 - index: 4 - preset: 9220 - index: 5 - preset: 9270
02-19 21:14:00.703 E/mcu_services( 5512): MCU2APP : [ff fe fd 12 01 b1 00 00 27 ba 22 38 23 32 23 aa 23 be 24 04 24 36 00 ff ]
02-19 21:14:00.705 D/K706RadioManager(17578): IMcuListener.onTransact: code=1 flags=16
02-19 21:14:00.706 D/K706RadioManager(17578): >>> IMcuListener.onMcuInfoChanged received! data=B1 00 00 27 BA 22 38 23 32 23 AA 23 BE 24 04 24 36 
02-19 21:14:00.707 D/K706RadioManager(17578): MCU[0xB1] len=17 : B1 00 00 27 BA 22 38 23 32 23 AA 23 BE 24 04 24 36 
02-19 21:14:00.708 D/K706RadioManager(17578): PresetList: band=0 presetIdx=0 currentFreq=10170 firstFreq=10170 (offset=3)
02-19 21:14:00.708 D/K706RadioManager(17578): >>> FREQ: 101750 -> 101700 (MCU=10170, 101,70 MHz)
02-19 21:14:00.710 D/TunerPresenter(15794): handleTunerRawData: b1 0 0 27 ba 22 38 23 32 23 aa 23 be 24 4 24 36 
02-19 21:14:00.714 D/TunerManagerForExt(15794): FMRadio main (TunerManagerForExt.java:147) onTunerPresetListChanged:  - mBand: 0 - mPresetIndex: 0 - mFrequency: 10170 - index: 0 - preset: 8760 - index: 1 - preset: 9010 - index: 2 - preset: 9130 - index: 3 - preset: 9150 - index: 4 - preset: 9220 - index: 5 - preset: 9270
02-19 21:14:00.752 E/mcu_services( 5512): MCU2APP : [ff fe fd 12 01 b1 00 00 27 b5 22 38 23 32 23 aa 23 be 24 04 24 36 0f ff ]
02-19 21:14:00.755 D/K706RadioManager(17578): IMcuListener.onTransact: code=1 flags=16
02-19 21:14:00.756 D/K706RadioManager(17578): >>> IMcuListener.onMcuInfoChanged received! data=B1 00 00 27 B5 22 38 23 32 23 AA 23 BE 24 04 24 36 
02-19 21:14:00.757 D/K706RadioManager(17578): MCU[0xB1] len=17 : B1 00 00 27 B5 22 38 23 32 23 AA 23 BE 24 04 24 36 
02-19 21:14:00.757 D/K706RadioManager(17578): PresetList: band=0 presetIdx=0 currentFreq=10165 firstFreq=10165 (offset=3)
02-19 21:14:00.757 D/K706RadioManager(17578): >>> FREQ: 101700 -> 101650 (MCU=10165, 101,65 MHz)
02-19 21:14:00.759 D/TunerPresenter(15794): handleTunerRawData: b1 0 0 27 b5 22 38 23 32 23 aa 23 be 24 4 24 36 
02-19 21:14:00.762 D/TunerManagerForExt(15794): FMRadio main (TunerManagerForExt.java:147) onTunerPresetListChanged:  - mBand: 0 - mPresetIndex: 0 - mFrequency: 10165 - index: 0 - preset: 8760 - index: 1 - preset: 9010 - index: 2 - preset: 9130 - index: 3 - preset: 9150 - index: 4 - preset: 9220 - index: 5 - preset: 9270
02-19 21:14:00.802 E/mcu_services( 5512): MCU2APP : [ff fe fd 12 01 b1 00 00 27 b0 22 38 23 32 23 aa 23 be 24 04 24 36 0a ff ]
02-19 21:14:00.804 D/K706RadioManager(17578): IMcuListener.onTransact: code=1 flags=16
02-19 21:14:00.806 D/K706RadioManager(17578): >>> IMcuListener.onMcuInfoChanged received! data=B1 00 00 27 B0 22 38 23 32 23 AA 23 BE 24 04 24 36 
02-19 21:14:00.806 D/K706RadioManager(17578): MCU[0xB1] len=17 : B1 00 00 27 B0 22 38 23 32 23 AA 23 BE 24 04 24 36 
02-19 21:14:00.807 D/K706RadioManager(17578): PresetList: band=0 presetIdx=0 currentFreq=10160 firstFreq=10160 (offset=3)
02-19 21:14:00.807 D/K706RadioManager(17578): >>> FREQ: 101650 -> 101600 (MCU=10160, 101,60 MHz)
02-19 21:14:00.809 D/TunerPresenter(15794): handleTunerRawData: b1 0 0 27 b0 22 38 23 32 23 aa 23 be 24 4 24 36 
02-19 21:14:00.811 D/TunerManagerForExt(15794): FMRadio main (TunerManagerForExt.java:147) onTunerPresetListChanged:  - mBand: 0 - mPresetIndex: 0 - mFrequency: 10160 - index: 0 - preset: 8760 - index: 1 - preset: 9010 - index: 2 - preset: 9130 - index: 3 - preset: 9150 - index: 4 - preset: 9220 - index: 5 - preset: 9270
02-19 21:14:00.845 E/mcu_services( 5512): MCU2APP : [ff fe fd 12 01 b1 00 00 27 b0 22 38 23 32 23 aa 23 be 24 04 24 36 0a ff ]
02-19 21:14:00.847 D/K706RadioManager(17578): IMcuListener.onTransact: code=1 flags=16
02-19 21:14:00.848 D/K706RadioManager(17578): >>> IMcuListener.onMcuInfoChanged received! data=B1 00 00 27 B0 22 38 23 32 23 AA 23 BE 24 04 24 36 
02-19 21:14:00.849 D/K706RadioManager(17578): MCU[0xB1] len=17 : B1 00 00 27 B0 22 38 23 32 23 AA 23 BE 24 04 24 36 
02-19 21:14:00.849 D/K706RadioManager(17578): PresetList: band=0 presetIdx=0 currentFreq=10160 firstFreq=10160 (offset=3)
02-19 21:14:00.851 D/TunerPresenter(15794): handleTunerRawData: b1 0 0 27 b0 22 38 23 32 23 aa 23 be 24 4 24 36 
02-19 21:14:00.854 D/TunerManagerForExt(15794): FMRadio main (TunerManagerForExt.java:147) onTunerPresetListChanged:  - mBand: 0 - mPresetIndex: 0 - mFrequency: 10160 - index: 0 - preset: 8760 - index: 1 - preset: 9010 - index: 2 - preset: 9130 - index: 3 - preset: 9150 - index: 4 - preset: 9220 - index: 5 - preset: 9270
02-19 21:14:00.917 E/mcu_services( 5512): MCU2APP : [ff fe fd 12 01 b1 00 00 27 b0 22 38 23 32 23 aa 23 be 24 04 24 36 0a ff ]
02-19 21:14:00.917 E/mcu_services( 5512): MCU2APP : [ff fe fd 03 01 b0 70 c1 ff ]
02-19 21:14:00.918 E/mcu_services( 5512): MCU2APP : [ff fe fd 03 01 b4 00 b5 ff ]
02-19 21:14:00.918 E/mcu_services( 5512): sendAckSuccess : [ff fd fe 02 02 b4 b6 ff ]
02-19 21:14:00.918 E/mcu_services( 5512): APP2MCU - writeToUart: [ff fd fe 02 02 b4 b6 ff ]
02-19 21:14:00.920 D/K706RadioManager(17578): IMcuListener.onTransact: code=1 flags=16
02-19 21:14:00.921 D/K706RadioManager(17578): >>> IMcuListener.onMcuInfoChanged received! data=B1 00 00 27 B0 22 38 23 32 23 AA 23 BE 24 04 24 36 
02-19 21:14:00.922 D/K706RadioManager(17578): MCU[0xB1] len=17 : B1 00 00 27 B0 22 38 23 32 23 AA 23 BE 24 04 24 36 
02-19 21:14:00.922 D/K706RadioManager(17578): PresetList: band=0 presetIdx=0 currentFreq=10160 firstFreq=10160 (offset=3)
02-19 21:14:00.924 D/TunerPresenter(15794): handleTunerRawData: b1 0 0 27 b0 22 38 23 32 23 aa 23 be 24 4 24 36 
02-19 21:14:00.925 D/K706RadioManager(17578): IMcuListener.onTransact: code=1 flags=16
02-19 21:14:00.925 D/TunerManagerForExt(15794): FMRadio main (TunerManagerForExt.java:147) onTunerPresetListChanged:  - mBand: 0 - mPresetIndex: 0 - mFrequency: 10160 - index: 0 - preset: 8760 - index: 1 - preset: 9010 - index: 2 - preset: 9130 - index: 3 - preset: 9150 - index: 4 - preset: 9220 - index: 5 - preset: 9270
02-19 21:14:00.925 D/K706RadioManager(17578): >>> IMcuListener.onMcuInfoChanged received! data=B0 70 
02-19 21:14:00.926 D/K706RadioManager(17578): MCU[0xB0] len=2 : B0 70 
02-19 21:14:00.926 D/K706RadioManager(17578): TunerInfo: flags=0x70 save=false AS=false finish=true valid=true ST=true LOC=false seek=false scan=false
02-19 21:14:00.928 D/K706RadioManager(17578): IMcuListener.onTransact: code=1 flags=16
02-19 21:14:00.928 D/K706RadioManager(17578): >>> IMcuListener.onMcuInfoChanged received! data=B4 00 
02-19 21:14:00.929 D/K706RadioManager(17578): MCU[0xB4] len=2 : B4 00 
02-19 21:14:00.929 D/K706RadioManager(17578): RDS B4 Flags: 0x00
02-19 21:14:00.938 D/TunerPresenter(15794): handleTunerRawData: b0 70 
02-19 21:14:00.938 D/TunerManagerForExt(15794): FMRadio main (TunerManagerForExt.java:108) onTunerInfoChanged: onTunerInfoChanged - flag: 112 - asFlag: 0 - psFlag: 0 - scanFlag: 0 - seekFlag: 0 - mStFlag: 1 - mLocFlag: 1 - mIsSearching: true - mTempSearching: false
02-19 21:14:00.938 D/TunerManagerForExt(15794): FMRadio main (TunerManagerForExt.java:118) onTunerInfoChanged: mIsSearching: false - mTempSearching: false - asFlag: 0 - seekFlag: 0
02-19 21:14:00.939 D/TunerPresenter(15794): handleTunerRawData: b4 0 
02-19 21:14:00.939 D/TunerManagerForExt(15794): FMRadio main (TunerManagerForExt.java:195) onTuneRdsIndicateInfo: onTuneRdsIndicateInfo - flag: 0 - mRdsSwitch: 0
02-19 21:14:01.032 E/mcu_services( 5512): MCU2APP : [ff fe fd 03 01 b4 06 b3 ff ]
02-19 21:14:01.032 E/mcu_services( 5512): MCU2APP : [ff fe fd 04 01 b5 00 0a be ff ]
02-19 21:14:01.032 E/mcu_services( 5512): sendAckSuccess : [ff fd fe 02 02 b4 b6 ff ]
02-19 21:14:01.032 E/mcu_services( 5512): APP2MCU - writeToUart: [ff fd fe 02 02 b4 b6 ff ]
02-19 21:14:01.033 E/mcu_services( 5512): sendAckSuccess : [ff fd fe 02 02 b5 b7 ff ]
02-19 21:14:01.033 E/mcu_services( 5512): APP2MCU - writeToUart: [ff fd fe 02 02 b5 b7 ff ]
02-19 21:14:01.034 D/K706RadioManager(17578): IMcuListener.onTransact: code=1 flags=16
02-19 21:14:01.035 D/K706RadioManager(17578): >>> IMcuListener.onMcuInfoChanged received! data=B4 06 
02-19 21:14:01.035 D/K706RadioManager(17578): MCU[0xB4] len=2 : B4 06 
02-19 21:14:01.035 D/K706RadioManager(17578): RDS B4 Flags: 0x06
02-19 21:14:01.038 D/TunerPresenter(15794): handleTunerRawData: b4 6 
02-19 21:14:01.038 D/TunerManagerForExt(15794): FMRadio main (TunerManagerForExt.java:195) onTuneRdsIndicateInfo: onTuneRdsIndicateInfo - flag: 6 - mRdsSwitch: 1
02-19 21:14:01.038 D/K706RadioManager(17578): IMcuListener.onTransact: code=1 flags=16
02-19 21:14:01.039 D/K706RadioManager(17578): >>> IMcuListener.onMcuInfoChanged received! data=B5 00 0A 
02-19 21:14:01.039 D/K706RadioManager(17578): MCU[0xB5] len=3 : B5 00 0A 
02-19 21:14:01.039 D/K706RadioManager(17578): RDS PTY (0xB5): 0
02-19 21:14:01.041 D/TunerPresenter(15794): handleTunerRawData: b5 0 a 
02-19 21:14:01.041 D/TunerManagerForExt(15794): FMRadio main (TunerManagerForExt.java:220) onTuneRdsPtyTypeInfo: onTuneRdsPtyTypeInfo - mRdsPtyType: 0
02-19 21:14:01.496 E/mcu_services( 5512): MCU2APP : [ff fe fd 03 01 29 6d 45 ff ]
02-19 21:14:01.497 D/K706RadioManager(17578): IMcuListener.onTransact: code=1 flags=16
02-19 21:14:01.498 D/K706RadioManager(17578): >>> IMcuListener.onMcuInfoChanged received! data=29 6D 
02-19 21:14:01.498 D/K706RadioManager(17578): MCU[0x29] len=2 : 29 6D 
02-19 21:14:01.498 D/K706RadioManager(17578): Unknown MCU packet type: 0x29
02-19 21:14:03.484 E/mcu_services( 5512): MCU2APP : [ff fe fd 03 01 29 6d 45 ff ]
02-19 21:14:03.486 D/K706RadioManager(17578): IMcuListener.onTransact: code=1 flags=16
02-19 21:14:03.486 D/K706RadioManager(17578): >>> IMcuListener.onMcuInfoChanged received! data=29 6D 
02-19 21:14:03.487 D/K706RadioManager(17578): MCU[0x29] len=2 : 29 6D 
02-19 21:14:03.487 D/K706RadioManager(17578): Unknown MCU packet type: 0x29
02-19 21:14:03.513 E/mcu_services( 5512): APP2MCU - writeToUartNormal : [ff fd fe 05 01 a0 00 27 ab 2d ff ]
02-19 21:14:03.514 D/K706RadioManager(17578): CMD Enviado: sub=0x00 p1=0x27 p2=0xAB
02-19 21:14:03.515 D/K706RadioManager(17578): gotoFreq: input=101550 mcuFreq=10155 (h=0x27 l=0xAB)
02-19 21:14:03.585 E/mcu_services( 5512): MCU2APP : [ff fe fd 03 01 b0 70 c1 ff ]
02-19 21:14:03.587 D/K706RadioManager(17578): IMcuListener.onTransact: code=1 flags=16
02-19 21:14:03.588 D/K706RadioManager(17578): >>> IMcuListener.onMcuInfoChanged received! data=B0 70 
02-19 21:14:03.588 D/K706RadioManager(17578): MCU[0xB0] len=2 : B0 70 
02-19 21:14:03.588 D/K706RadioManager(17578): TunerInfo: flags=0x70 save=false AS=false finish=true valid=true ST=true LOC=false seek=false scan=false
02-19 21:14:03.591 D/TunerPresenter(15794): handleTunerRawData: b0 70 
02-19 21:14:03.591 D/TunerManagerForExt(15794): FMRadio main (TunerManagerForExt.java:108) onTunerInfoChanged: onTunerInfoChanged - flag: 112 - asFlag: 0 - psFlag: 0 - scanFlag: 0 - seekFlag: 0 - mStFlag: 1 - mLocFlag: 1 - mIsSearching: false - mTempSearching: false
02-19 21:14:03.591 D/TunerManagerForExt(15794): FMRadio main (TunerManagerForExt.java:118) onTunerInfoChanged: mIsSearching: false - mTempSearching: false - asFlag: 0 - seekFlag: 0
02-19 21:14:03.656 E/mcu_services( 5512): MCU2APP : [ff fe fd 03 01 b4 00 b5 ff ]
02-19 21:14:03.657 E/mcu_services( 5512): sendAckSuccess : [ff fd fe 02 02 b4 b6 ff ]
02-19 21:14:03.657 E/mcu_services( 5512): APP2MCU - writeToUart: [ff fd fe 02 02 b4 b6 ff ]
02-19 21:14:03.658 D/K706RadioManager(17578): IMcuListener.onTransact: code=1 flags=16
02-19 21:14:03.659 D/K706RadioManager(17578): >>> IMcuListener.onMcuInfoChanged received! data=B4 00 
02-19 21:14:03.659 D/K706RadioManager(17578): MCU[0xB4] len=2 : B4 00 
02-19 21:14:03.659 D/K706RadioManager(17578): RDS B4 Flags: 0x00
02-19 21:14:03.660 D/TunerPresenter(15794): handleTunerRawData: b4 0 
02-19 21:14:03.661 D/TunerManagerForExt(15794): FMRadio main (TunerManagerForExt.java:195) onTuneRdsIndicateInfo: onTuneRdsIndicateInfo - flag: 0 - mRdsSwitch: 0
02-19 21:14:03.705 E/mcu_services( 5512): MCU2APP : [ff fe fd 12 01 b1 00 00 27 ab 22 38 23 32 23 aa 23 be 24 04 24 36 11 ff ]
02-19 21:14:03.707 D/K706RadioManager(17578): IMcuListener.onTransact: code=1 flags=16
02-19 21:14:03.708 D/K706RadioManager(17578): >>> IMcuListener.onMcuInfoChanged received! data=B1 00 00 27 AB 22 38 23 32 23 AA 23 BE 24 04 24 36 
02-19 21:14:03.708 D/K706RadioManager(17578): MCU[0xB1] len=17 : B1 00 00 27 AB 22 38 23 32 23 AA 23 BE 24 04 24 36 
02-19 21:14:03.709 D/K706RadioManager(17578): PresetList: band=0 presetIdx=0 currentFreq=10155 firstFreq=10155 (offset=3)
02-19 21:14:03.711 D/TunerPresenter(15794): handleTunerRawData: b1 0 0 27 ab 22 38 23 32 23 aa 23 be 24 4 24 36 
02-19 21:14:03.711 D/TunerManagerForExt(15794): FMRadio main (TunerManagerForExt.java:147) onTunerPresetListChanged:  - mBand: 0 - mPresetIndex: 0 - mFrequency: 10155 - index: 0 - preset: 8760 - index: 1 - preset: 9010 - index: 2 - preset: 9130 - index: 3 - preset: 9150 - index: 4 - preset: 9220 - index: 5 - preset: 9270
02-19 21:14:03.949 E/mcu_services( 5512): APP2MCU - writeToUartNormal : [ff fd fe 05 01 a0 00 27 a6 20 ff ]
02-19 21:14:03.950 D/K706RadioManager(17578): CMD Enviado: sub=0x00 p1=0x27 p2=0xA6
02-19 21:14:03.950 D/K706RadioManager(17578): gotoFreq: input=101500 mcuFreq=10150 (h=0x27 l=0xA6)
02-19 21:14:04.023 E/mcu_services( 5512): MCU2APP : [ff fe fd 03 01 b0 70 c1 ff ]
02-19 21:14:04.024 D/K706RadioManager(17578): IMcuListener.onTransact: code=1 flags=16
02-19 21:14:04.025 D/K706RadioManager(17578): >>> IMcuListener.onMcuInfoChanged received! data=B0 70 
02-19 21:14:04.025 D/K706RadioManager(17578): MCU[0xB0] len=2 : B0 70 
02-19 21:14:04.025 D/K706RadioManager(17578): TunerInfo: flags=0x70 save=false AS=false finish=true valid=true ST=true LOC=false seek=false scan=false
02-19 21:14:04.027 D/TunerPresenter(15794): handleTunerRawData: b0 70 
02-19 21:14:04.027 D/TunerManagerForExt(15794): FMRadio main (TunerManagerForExt.java:108) onTunerInfoChanged: onTunerInfoChanged - flag: 112 - asFlag: 0 - psFlag: 0 - scanFlag: 0 - seekFlag: 0 - mStFlag: 1 - mLocFlag: 1 - mIsSearching: false - mTempSearching: false
02-19 21:14:04.027 D/TunerManagerForExt(15794): FMRadio main (TunerManagerForExt.java:118) onTunerInfoChanged: mIsSearching: false - mTempSearching: false - asFlag: 0 - seekFlag: 0
02-19 21:14:04.122 E/mcu_services( 5512): MCU2APP : [ff fe fd 12 01 b1 00 00 27 a6 22 38 23 32 23 aa 23 be 24 04 24 36 1c ff ]
02-19 21:14:04.126 D/K706RadioManager(17578): IMcuListener.onTransact: code=1 flags=16
02-19 21:14:04.127 D/K706RadioManager(17578): >>> IMcuListener.onMcuInfoChanged received! data=B1 00 00 27 A6 22 38 23 32 23 AA 23 BE 24 04 24 36 
02-19 21:14:04.128 D/K706RadioManager(17578): MCU[0xB1] len=17 : B1 00 00 27 A6 22 38 23 32 23 AA 23 BE 24 04 24 36 
02-19 21:14:04.128 D/K706RadioManager(17578): PresetList: band=0 presetIdx=0 currentFreq=10150 firstFreq=10150 (offset=3)
02-19 21:14:04.134 D/TunerPresenter(15794): handleTunerRawData: b1 0 0 27 a6 22 38 23 32 23 aa 23 be 24 4 24 36 
02-19 21:14:04.135 D/TunerManagerForExt(15794): FMRadio main (TunerManagerForExt.java:147) onTunerPresetListChanged:  - mBand: 0 - mPresetIndex: 0 - mFrequency: 10150 - index: 0 - preset: 8760 - index: 1 - preset: 9010 - index: 2 - preset: 9130 - index: 3 - preset: 9150 - index: 4 - preset: 9220 - index: 5 - preset: 9270
02-19 21:14:04.172 E/mcu_services( 5512): APP2MCU - writeToUartNormal : [ff fd fe 05 01 a0 00 27 a1 27 ff ]
02-19 21:14:04.172 D/K706RadioManager(17578): CMD Enviado: sub=0x00 p1=0x27 p2=0xA1
02-19 21:14:04.172 D/K706RadioManager(17578): gotoFreq: input=101450 mcuFreq=10145 (h=0x27 l=0xA1)
02-19 21:14:04.242 E/mcu_services( 5512): MCU2APP : [ff fe fd 03 01 b0 70 c1 ff ]
02-19 21:14:04.244 D/K706RadioManager(17578): IMcuListener.onTransact: code=1 flags=16
02-19 21:14:04.244 D/K706RadioManager(17578): >>> IMcuListener.onMcuInfoChanged received! data=B0 70 
02-19 21:14:04.244 D/K706RadioManager(17578): MCU[0xB0] len=2 : B0 70 
02-19 21:14:04.244 D/K706RadioManager(17578): TunerInfo: flags=0x70 save=false AS=false finish=true valid=true ST=true LOC=false seek=false scan=false
02-19 21:14:04.247 D/TunerPresenter(15794): handleTunerRawData: b0 70 
02-19 21:14:04.247 D/TunerManagerForExt(15794): FMRadio main (TunerManagerForExt.java:108) onTunerInfoChanged: onTunerInfoChanged - flag: 112 - asFlag: 0 - psFlag: 0 - scanFlag: 0 - seekFlag: 0 - mStFlag: 1 - mLocFlag: 1 - mIsSearching: false - mTempSearching: false
02-19 21:14:04.247 D/TunerManagerForExt(15794): FMRadio main (TunerManagerForExt.java:118) onTunerInfoChanged: mIsSearching: false - mTempSearching: false - asFlag: 0 - seekFlag: 0
02-19 21:14:04.341 E/mcu_services( 5512): MCU2APP : [ff fe fd 12 01 b1 00 00 27 a1 22 38 23 32 23 aa 23 be 24 04 24 36 1b ff ]
02-19 21:14:04.343 D/K706RadioManager(17578): IMcuListener.onTransact: code=1 flags=16
02-19 21:14:04.344 D/K706RadioManager(17578): >>> IMcuListener.onMcuInfoChanged received! data=B1 00 00 27 A1 22 38 23 32 23 AA 23 BE 24 04 24 36 
02-19 21:14:04.345 D/K706RadioManager(17578): MCU[0xB1] len=17 : B1 00 00 27 A1 22 38 23 32 23 AA 23 BE 24 04 24 36 
02-19 21:14:04.345 D/K706RadioManager(17578): PresetList: band=0 presetIdx=0 currentFreq=10145 firstFreq=10145 (offset=3)
02-19 21:14:04.348 D/TunerPresenter(15794): handleTunerRawData: b1 0 0 27 a1 22 38 23 32 23 aa 23 be 24 4 24 36 
02-19 21:14:04.349 D/TunerManagerForExt(15794): FMRadio main (TunerManagerForExt.java:147) onTunerPresetListChanged:  - mBand: 0 - mPresetIndex: 0 - mFrequency: 10145 - index: 0 - preset: 8760 - index: 1 - preset: 9010 - index: 2 - preset: 9130 - index: 3 - preset: 9150 - index: 4 - preset: 9220 - index: 5 - preset: 9270
02-19 21:14:04.355 E/mcu_services( 5512): APP2MCU - writeToUartNormal : [ff fd fe 05 01 a0 00 27 9c 1a ff ]
02-19 21:14:04.355 D/K706RadioManager(17578): CMD Enviado: sub=0x00 p1=0x27 p2=0x9C
02-19 21:14:04.355 D/K706RadioManager(17578): gotoFreq: input=101400 mcuFreq=10140 (h=0x27 l=0x9C)
02-19 21:14:04.420 E/mcu_services( 5512): MCU2APP : [ff fe fd 03 01 b0 60 d1 ff ]
02-19 21:14:04.421 D/K706RadioManager(17578): IMcuListener.onTransact: code=1 flags=16
02-19 21:14:04.422 D/K706RadioManager(17578): >>> IMcuListener.onMcuInfoChanged received! data=B0 60 
02-19 21:14:04.422 D/K706RadioManager(17578): MCU[0xB0] len=2 : B0 60 
02-19 21:14:04.422 D/K706RadioManager(17578): TunerInfo: flags=0x60 save=false AS=false finish=false valid=true ST=true LOC=false seek=false scan=false
02-19 21:14:04.424 D/TunerPresenter(15794): handleTunerRawData: b0 60 
02-19 21:14:04.424 D/TunerManagerForExt(15794): FMRadio main (TunerManagerForExt.java:108) onTunerInfoChanged: onTunerInfoChanged - flag: 96 - asFlag: 0 - psFlag: 0 - scanFlag: 0 - seekFlag: 0 - mStFlag: 0 - mLocFlag: 1 - mIsSearching: false - mTempSearching: false
02-19 21:14:04.424 D/TunerManagerForExt(15794): FMRadio main (TunerManagerForExt.java:118) onTunerInfoChanged: mIsSearching: false - mTempSearching: false - asFlag: 0 - seekFlag: 0
02-19 21:14:04.540 E/mcu_services( 5512): APP2MCU - writeToUartNormal : [ff fd fe 05 01 a0 00 27 97 11 ff ]
02-19 21:14:04.541 D/K706RadioManager(17578): CMD Enviado: sub=0x00 p1=0x27 p2=0x97
02-19 21:14:04.541 D/K706RadioManager(17578): gotoFreq: input=101350 mcuFreq=10135 (h=0x27 l=0x97)
02-19 21:14:04.609 E/mcu_services( 5512): MCU2APP : [ff fe fd 03 01 b0 60 d1 ff ]
02-19 21:14:04.611 D/K706RadioManager(17578): IMcuListener.onTransact: code=1 flags=16
02-19 21:14:04.612 D/K706RadioManager(17578): >>> IMcuListener.onMcuInfoChanged received! data=B0 60 
02-19 21:14:04.612 D/K706RadioManager(17578): MCU[0xB0] len=2 : B0 60 
02-19 21:14:04.612 D/K706RadioManager(17578): TunerInfo: flags=0x60 save=false AS=false finish=false valid=true ST=true LOC=false seek=false scan=false
02-19 21:14:04.614 D/TunerPresenter(15794): handleTunerRawData: b0 60 
02-19 21:14:04.614 D/TunerManagerForExt(15794): FMRadio main (TunerManagerForExt.java:108) onTunerInfoChanged: onTunerInfoChanged - flag: 96 - asFlag: 0 - psFlag: 0 - scanFlag: 0 - seekFlag: 0 - mStFlag: 0 - mLocFlag: 1 - mIsSearching: false - mTempSearching: false
02-19 21:14:04.614 D/TunerManagerForExt(15794): FMRadio main (TunerManagerForExt.java:118) onTunerInfoChanged: mIsSearching: false - mTempSearching: false - asFlag: 0 - seekFlag: 0
02-19 21:14:04.683 E/mcu_services( 5512): MCU2APP : [ff fe fd 12 01 b1 00 00 27 97 22 38 23 32 23 aa 23 be 24 04 24 36 2d ff ]
02-19 21:14:04.683 E/mcu_services( 5512): MCU2APP : [ff fe fd 03 01 b0 60 d1 ff ]
02-19 21:14:04.685 D/K706RadioManager(17578): IMcuListener.onTransact: code=1 flags=16
02-19 21:14:04.687 D/K706RadioManager(17578): >>> IMcuListener.onMcuInfoChanged received! data=B1 00 00 27 97 22 38 23 32 23 AA 23 BE 24 04 24 36 
02-19 21:14:04.688 D/K706RadioManager(17578): MCU[0xB1] len=17 : B1 00 00 27 97 22 38 23 32 23 AA 23 BE 24 04 24 36 
02-19 21:14:04.688 D/K706RadioManager(17578): PresetList: band=0 presetIdx=0 currentFreq=10135 firstFreq=10135 (offset=3)
02-19 21:14:04.690 D/TunerPresenter(15794): handleTunerRawData: b1 0 0 27 97 22 38 23 32 23 aa 23 be 24 4 24 36 
02-19 21:14:04.691 D/TunerManagerForExt(15794): FMRadio main (TunerManagerForExt.java:147) onTunerPresetListChanged:  - mBand: 0 - mPresetIndex: 0 - mFrequency: 10135 - index: 0 - preset: 8760 - index: 1 - preset: 9010 - index: 2 - preset: 9130 - index: 3 - preset: 9150 - index: 4 - preset: 9220 - index: 5 - preset: 9270
02-19 21:14:04.692 D/K706RadioManager(17578): IMcuListener.onTransact: code=1 flags=16
02-19 21:14:04.693 D/K706RadioManager(17578): >>> IMcuListener.onMcuInfoChanged received! data=B0 60 
02-19 21:14:04.693 D/K706RadioManager(17578): MCU[0xB0] len=2 : B0 60 
02-19 21:14:04.693 D/K706RadioManager(17578): TunerInfo: flags=0x60 save=false AS=false finish=false valid=true ST=true LOC=false seek=false scan=false
02-19 21:14:04.711 D/TunerPresenter(15794): handleTunerRawData: b0 60 
02-19 21:14:04.711 D/TunerManagerForExt(15794): FMRadio main (TunerManagerForExt.java:108) onTunerInfoChanged: onTunerInfoChanged - flag: 96 - asFlag: 0 - psFlag: 0 - scanFlag: 0 - seekFlag: 0 - mStFlag: 0 - mLocFlag: 1 - mIsSearching: false - mTempSearching: false
02-19 21:14:04.711 D/TunerManagerForExt(15794): FMRadio main (TunerManagerForExt.java:118) onTunerInfoChanged: mIsSearching: false - mTempSearching: false - asFlag: 0 - seekFlag: 0
02-19 21:14:04.735 E/mcu_services( 5512): APP2MCU - writeToUartNormal : [ff fd fe 05 01 a0 00 27 92 14 ff ]
02-19 21:14:04.735 D/K706RadioManager(17578): CMD Enviado: sub=0x00 p1=0x27 p2=0x92
02-19 21:14:04.735 D/K706RadioManager(17578): gotoFreq: input=101300 mcuFreq=10130 (h=0x27 l=0x92)
02-19 21:14:04.808 E/mcu_services( 5512): MCU2APP : [ff fe fd 03 01 b0 60 d1 ff ]
02-19 21:14:04.810 D/K706RadioManager(17578): IMcuListener.onTransact: code=1 flags=16
02-19 21:14:04.810 D/K706RadioManager(17578): >>> IMcuListener.onMcuInfoChanged received! data=B0 60 
02-19 21:14:04.811 D/K706RadioManager(17578): MCU[0xB0] len=2 : B0 60 
02-19 21:14:04.811 D/K706RadioManager(17578): TunerInfo: flags=0x60 save=false AS=false finish=false valid=true ST=true LOC=false seek=false scan=false
02-19 21:14:04.813 D/TunerPresenter(15794): handleTunerRawData: b0 60 
02-19 21:14:04.813 D/TunerManagerForExt(15794): FMRadio main (TunerManagerForExt.java:108) onTunerInfoChanged: onTunerInfoChanged - flag: 96 - asFlag: 0 - psFlag: 0 - scanFlag: 0 - seekFlag: 0 - mStFlag: 0 - mLocFlag: 1 - mIsSearching: false - mTempSearching: false
02-19 21:14:04.813 D/TunerManagerForExt(15794): FMRadio main (TunerManagerForExt.java:118) onTunerInfoChanged: mIsSearching: false - mTempSearching: false - asFlag: 0 - seekFlag: 0
02-19 21:14:04.898 E/mcu_services( 5512): MCU2APP : [ff fe fd 12 01 b1 00 00 27 92 22 38 23 32 23 aa 23 be 24 04 24 36 28 ff ]
02-19 21:14:04.901 D/K706RadioManager(17578): IMcuListener.onTransact: code=1 flags=16
02-19 21:14:04.903 D/K706RadioManager(17578): >>> IMcuListener.onMcuInfoChanged received! data=B1 00 00 27 92 22 38 23 32 23 AA 23 BE 24 04 24 36 
02-19 21:14:04.904 D/K706RadioManager(17578): MCU[0xB1] len=17 : B1 00 00 27 92 22 38 23 32 23 AA 23 BE 24 04 24 36 
02-19 21:14:04.904 D/K706RadioManager(17578): PresetList: band=0 presetIdx=0 currentFreq=10130 firstFreq=10130 (offset=3)
02-19 21:14:04.906 D/TunerPresenter(15794): handleTunerRawData: b1 0 0 27 92 22 38 23 32 23 aa 23 be 24 4 24 36 
02-19 21:14:04.907 D/TunerManagerForExt(15794): FMRadio main (TunerManagerForExt.java:147) onTunerPresetListChanged:  - mBand: 0 - mPresetIndex: 0 - mFrequency: 10130 - index: 0 - preset: 8760 - index: 1 - preset: 9010 - index: 2 - preset: 9130 - index: 3 - preset: 9150 - index: 4 - preset: 9220 - index: 5 - preset: 9270
02-19 21:14:04.933 E/mcu_services( 5512): APP2MCU - writeToUartNormal : [ff fd fe 05 01 a0 00 27 8d 0b ff ]
02-19 21:14:04.933 D/K706RadioManager(17578): CMD Enviado: sub=0x00 p1=0x27 p2=0x8D
02-19 21:14:04.934 D/K706RadioManager(17578): gotoFreq: input=101250 mcuFreq=10125 (h=0x27 l=0x8D)
02-19 21:14:05.007 E/mcu_services( 5512): MCU2APP : [ff fe fd 03 01 b0 60 d1 ff ]
02-19 21:14:05.009 D/K706RadioManager(17578): IMcuListener.onTransact: code=1 flags=16
02-19 21:14:05.010 D/K706RadioManager(17578): >>> IMcuListener.onMcuInfoChanged received! data=B0 60 
02-19 21:14:05.010 D/K706RadioManager(17578): MCU[0xB0] len=2 : B0 60 
02-19 21:14:05.010 D/K706RadioManager(17578): TunerInfo: flags=0x60 save=false AS=false finish=false valid=true ST=true LOC=false seek=false scan=false
02-19 21:14:05.012 D/TunerPresenter(15794): handleTunerRawData: b0 60 
02-19 21:14:05.012 D/TunerManagerForExt(15794): FMRadio main (TunerManagerForExt.java:108) onTunerInfoChanged: onTunerInfoChanged - flag: 96 - asFlag: 0 - psFlag: 0 - scanFlag: 0 - seekFlag: 0 - mStFlag: 0 - mLocFlag: 1 - mIsSearching: false - mTempSearching: false
02-19 21:14:05.012 D/TunerManagerForExt(15794): FMRadio main (TunerManagerForExt.java:118) onTunerInfoChanged: mIsSearching: false - mTempSearching: false - asFlag: 0 - seekFlag: 0
02-19 21:14:05.116 E/mcu_services( 5512): MCU2APP : [ff fe fd 12 01 b1 00 00 27 8d 22 38 23 32 23 aa 23 be 24 04 24 36 37 ff ]
02-19 21:14:05.118 D/K706RadioManager(17578): IMcuListener.onTransact: code=1 flags=16
02-19 21:14:05.119 D/K706RadioManager(17578): >>> IMcuListener.onMcuInfoChanged received! data=B1 00 00 27 8D 22 38 23 32 23 AA 23 BE 24 04 24 36 
02-19 21:14:05.120 D/K706RadioManager(17578): MCU[0xB1] len=17 : B1 00 00 27 8D 22 38 23 32 23 AA 23 BE 24 04 24 36 
02-19 21:14:05.120 D/K706RadioManager(17578): PresetList: band=0 presetIdx=0 currentFreq=10125 firstFreq=10125 (offset=3)
02-19 21:14:05.123 D/TunerPresenter(15794): handleTunerRawData: b1 0 0 27 8d 22 38 23 32 23 aa 23 be 24 4 24 36 
02-19 21:14:05.123 D/TunerManagerForExt(15794): FMRadio main (TunerManagerForExt.java:147) onTunerPresetListChanged:  - mBand: 0 - mPresetIndex: 0 - mFrequency: 10125 - index: 0 - preset: 8760 - index: 1 - preset: 9010 - index: 2 - preset: 9130 - index: 3 - preset: 9150 - index: 4 - preset: 9220 - index: 5 - preset: 9270
02-19 21:14:05.144 E/mcu_services( 5512): APP2MCU - writeToUartNormal : [ff fd fe 05 01 a0 00 27 88 0e ff ]
02-19 21:14:05.145 D/K706RadioManager(17578): CMD Enviado: sub=0x00 p1=0x27 p2=0x88
02-19 21:14:05.145 D/K706RadioManager(17578): gotoFreq: input=101200 mcuFreq=10120 (h=0x27 l=0x88)
02-19 21:14:05.216 E/mcu_services( 5512): MCU2APP : [ff fe fd 03 01 b0 60 d1 ff ]
02-19 21:14:05.217 D/K706RadioManager(17578): IMcuListener.onTransact: code=1 flags=16
02-19 21:14:05.217 D/K706RadioManager(17578): >>> IMcuListener.onMcuInfoChanged received! data=B0 60 
02-19 21:14:05.218 D/K706RadioManager(17578): MCU[0xB0] len=2 : B0 60 
02-19 21:14:05.218 D/K706RadioManager(17578): TunerInfo: flags=0x60 save=false AS=false finish=false valid=true ST=true LOC=false seek=false scan=false
02-19 21:14:05.219 D/TunerPresenter(15794): handleTunerRawData: b0 60 
02-19 21:14:05.220 D/TunerManagerForExt(15794): FMRadio main (TunerManagerForExt.java:108) onTunerInfoChanged: onTunerInfoChanged - flag: 96 - asFlag: 0 - psFlag: 0 - scanFlag: 0 - seekFlag: 0 - mStFlag: 0 - mLocFlag: 1 - mIsSearching: false - mTempSearching: false
02-19 21:14:05.220 D/TunerManagerForExt(15794): FMRadio main (TunerManagerForExt.java:118) onTunerInfoChanged: mIsSearching: false - mTempSearching: false - asFlag: 0 - seekFlag: 0
02-19 21:14:05.335 E/mcu_services( 5512): MCU2APP : [ff fe fd 12 01 b1 00 00 27 88 22 38 23 32 23 aa 23 be 24 04 24 36 32 ff ]
02-19 21:14:05.337 D/K706RadioManager(17578): IMcuListener.onTransact: code=1 flags=16
02-19 21:14:05.338 D/K706RadioManager(17578): >>> IMcuListener.onMcuInfoChanged received! data=B1 00 00 27 88 22 38 23 32 23 AA 23 BE 24 04 24 36 
02-19 21:14:05.339 D/K706RadioManager(17578): MCU[0xB1] len=17 : B1 00 00 27 88 22 38 23 32 23 AA 23 BE 24 04 24 36 
02-19 21:14:05.339 D/K706RadioManager(17578): PresetList: band=0 presetIdx=0 currentFreq=10120 firstFreq=10120 (offset=3)
02-19 21:14:05.341 D/TunerPresenter(15794): handleTunerRawData: b1 0 0 27 88 22 38 23 32 23 aa 23 be 24 4 24 36 
02-19 21:14:05.342 D/TunerManagerForExt(15794): FMRadio main (TunerManagerForExt.java:147) onTunerPresetListChanged:  - mBand: 0 - mPresetIndex: 0 - mFrequency: 10120 - index: 0 - preset: 8760 - index: 1 - preset: 9010 - index: 2 - preset: 9130 - index: 3 - preset: 9150 - index: 4 - preset: 9220 - index: 5 - preset: 9270
02-19 21:14:05.356 E/mcu_services( 5512): APP2MCU - writeToUartNormal : [ff fd fe 05 01 a0 00 27 83 05 ff ]
02-19 21:14:05.356 D/K706RadioManager(17578): CMD Enviado: sub=0x00 p1=0x27 p2=0x83
02-19 21:14:05.356 D/K706RadioManager(17578): gotoFreq: input=101150 mcuFreq=10115 (h=0x27 l=0x83)
02-19 21:14:05.425 E/mcu_services( 5512): MCU2APP : [ff fe fd 03 01 b0 60 d1 ff ]
02-19 21:14:05.426 D/K706RadioManager(17578): IMcuListener.onTransact: code=1 flags=16
02-19 21:14:05.426 D/K706RadioManager(17578): >>> IMcuListener.onMcuInfoChanged received! data=B0 60 
02-19 21:14:05.427 D/K706RadioManager(17578): MCU[0xB0] len=2 : B0 60 
02-19 21:14:05.427 D/K706RadioManager(17578): TunerInfo: flags=0x60 save=false AS=false finish=false valid=true ST=true LOC=false seek=false scan=false
02-19 21:14:05.428 D/TunerPresenter(15794): handleTunerRawData: b0 60 
02-19 21:14:05.429 D/TunerManagerForExt(15794): FMRadio main (TunerManagerForExt.java:108) onTunerInfoChanged: onTunerInfoChanged - flag: 96 - asFlag: 0 - psFlag: 0 - scanFlag: 0 - seekFlag: 0 - mStFlag: 0 - mLocFlag: 1 - mIsSearching: false - mTempSearching: false
02-19 21:14:05.429 D/TunerManagerForExt(15794): FMRadio main (TunerManagerForExt.java:118) onTunerInfoChanged: mIsSearching: false - mTempSearching: false - asFlag: 0 - seekFlag: 0
02-19 21:14:05.528 E/mcu_services( 5512): APP2MCU - writeToUartNormal : [ff fd fe 05 01 a0 00 27 7e f8 ff ]
02-19 21:14:05.528 D/K706RadioManager(17578): CMD Enviado: sub=0x00 p1=0x27 p2=0x7E
02-19 21:14:05.528 D/K706RadioManager(17578): gotoFreq: input=101100 mcuFreq=10110 (h=0x27 l=0x7E)
02-19 21:14:05.593 E/mcu_services( 5512): MCU2APP : [ff fe fd 03 01 b0 60 d1 ff ]
02-19 21:14:05.596 D/K706RadioManager(17578): IMcuListener.onTransact: code=1 flags=16
02-19 21:14:05.596 D/K706RadioManager(17578): >>> IMcuListener.onMcuInfoChanged received! data=B0 60 
02-19 21:14:05.597 D/K706RadioManager(17578): MCU[0xB0] len=2 : B0 60 
02-19 21:14:05.597 D/K706RadioManager(17578): TunerInfo: flags=0x60 save=false AS=false finish=false valid=true ST=true LOC=false seek=false scan=false
02-19 21:14:05.599 D/TunerPresenter(15794): handleTunerRawData: b0 60 
02-19 21:14:05.600 D/TunerManagerForExt(15794): FMRadio main (TunerManagerForExt.java:108) onTunerInfoChanged: onTunerInfoChanged - flag: 96 - asFlag: 0 - psFlag: 0 - scanFlag: 0 - seekFlag: 0 - mStFlag: 0 - mLocFlag: 1 - mIsSearching: false - mTempSearching: false
02-19 21:14:05.600 D/TunerManagerForExt(15794): FMRadio main (TunerManagerForExt.java:118) onTunerInfoChanged: mIsSearching: false - mTempSearching: false - asFlag: 0 - seekFlag: 0
02-19 21:14:05.673 E/mcu_services( 5512): MCU2APP : [ff fe fd 12 01 b1 00 00 27 7e 22 38 23 32 23 aa 23 be 24 04 24 36 c4 ff ]
02-19 21:14:05.675 D/K706RadioManager(17578): IMcuListener.onTransact: code=1 flags=16
02-19 21:14:05.677 D/K706RadioManager(17578): >>> IMcuListener.onMcuInfoChanged received! data=B1 00 00 27 7E 22 38 23 32 23 AA 23 BE 24 04 24 36 
02-19 21:14:05.678 D/K706RadioManager(17578): MCU[0xB1] len=17 : B1 00 00 27 7E 22 38 23 32 23 AA 23 BE 24 04 24 36 
02-19 21:14:05.678 D/K706RadioManager(17578): PresetList: band=0 presetIdx=0 currentFreq=10110 firstFreq=10110 (offset=3)
02-19 21:14:05.682 D/TunerPresenter(15794): handleTunerRawData: b1 0 0 27 7e 22 38 23 32 23 aa 23 be 24 4 24 36 
02-19 21:14:05.682 D/TunerManagerForExt(15794): FMRadio main (TunerManagerForExt.java:147) onTunerPresetListChanged:  - mBand: 0 - mPresetIndex: 0 - mFrequency: 10110 - index: 0 - preset: 8760 - index: 1 - preset: 9010 - index: 2 - preset: 9130 - index: 3 - preset: 9150 - index: 4 - preset: 9220 - index: 5 - preset: 9270
02-19 21:14:05.771 E/mcu_services( 5512): MCU2APP : [ff fe fd 03 01 b0 70 c1 ff ]
02-19 21:14:05.772 D/K706RadioManager(17578): IMcuListener.onTransact: code=1 flags=16
02-19 21:14:05.773 D/K706RadioManager(17578): >>> IMcuListener.onMcuInfoChanged received! data=B0 70 
02-19 21:14:05.773 D/K706RadioManager(17578): MCU[0xB0] len=2 : B0 70 
02-19 21:14:05.773 D/K706RadioManager(17578): TunerInfo: flags=0x70 save=false AS=false finish=true valid=true ST=true LOC=false seek=false scan=false
02-19 21:14:05.776 D/TunerPresenter(15794): handleTunerRawData: b0 70 
02-19 21:14:05.777 D/TunerManagerForExt(15794): FMRadio main (TunerManagerForExt.java:108) onTunerInfoChanged: onTunerInfoChanged - flag: 112 - asFlag: 0 - psFlag: 0 - scanFlag: 0 - seekFlag: 0 - mStFlag: 1 - mLocFlag: 1 - mIsSearching: false - mTempSearching: false
02-19 21:14:05.777 D/TunerManagerForExt(15794): FMRadio main (TunerManagerForExt.java:118) onTunerInfoChanged: mIsSearching: false - mTempSearching: false - asFlag: 0 - seekFlag: 0
02-19 21:14:06.145 E/mcu_services( 5512): APP2MCU - writeToUartNormal : [ff fd fe 05 01 a0 00 27 79 ff ff ]
02-19 21:14:06.146 D/K706RadioManager(17578): CMD Enviado: sub=0x00 p1=0x27 p2=0x79
02-19 21:14:06.146 D/K706RadioManager(17578): gotoFreq: input=101050 mcuFreq=10105 (h=0x27 l=0x79)
02-19 21:14:06.220 E/mcu_services( 5512): MCU2APP : [ff fe fd 03 01 b0 70 c1 ff ]
02-19 21:14:06.222 D/K706RadioManager(17578): IMcuListener.onTransact: code=1 flags=16
02-19 21:14:06.223 D/K706RadioManager(17578): >>> IMcuListener.onMcuInfoChanged received! data=B0 70 
02-19 21:14:06.224 D/K706RadioManager(17578): MCU[0xB0] len=2 : B0 70 
02-19 21:14:06.224 D/K706RadioManager(17578): TunerInfo: flags=0x70 save=false AS=false finish=true valid=true ST=true LOC=false seek=false scan=false
02-19 21:14:06.226 D/TunerPresenter(15794): handleTunerRawData: b0 70 
02-19 21:14:06.226 D/TunerManagerForExt(15794): FMRadio main (TunerManagerForExt.java:108) onTunerInfoChanged: onTunerInfoChanged - flag: 112 - asFlag: 0 - psFlag: 0 - scanFlag: 0 - seekFlag: 0 - mStFlag: 1 - mLocFlag: 1 - mIsSearching: false - mTempSearching: false
02-19 21:14:06.226 D/TunerManagerForExt(15794): FMRadio main (TunerManagerForExt.java:118) onTunerInfoChanged: mIsSearching: false - mTempSearching: false - asFlag: 0 - seekFlag: 0
02-19 21:14:06.297 E/mcu_services( 5512): MCU2APP : [ff fe fd 12 01 b1 00 00 27 79 22 38 23 32 23 aa 23 be 24 04 24 36 c3 ff ]
02-19 21:14:06.299 D/K706RadioManager(17578): IMcuListener.onTransact: code=1 flags=16
02-19 21:14:06.300 D/K706RadioManager(17578): >>> IMcuListener.onMcuInfoChanged received! data=B1 00 00 27 79 22 38 23 32 23 AA 23 BE 24 04 24 36 
02-19 21:14:06.301 D/K706RadioManager(17578): MCU[0xB1] len=17 : B1 00 00 27 79 22 38 23 32 23 AA 23 BE 24 04 24 36 
02-19 21:14:06.301 D/K706RadioManager(17578): PresetList: band=0 presetIdx=0 currentFreq=10105 firstFreq=10105 (offset=3)
02-19 21:14:06.304 D/TunerPresenter(15794): handleTunerRawData: b1 0 0 27 79 22 38 23 32 23 aa 23 be 24 4 24 36 
02-19 21:14:06.305 D/TunerManagerForExt(15794): FMRadio main (TunerManagerForExt.java:147) onTunerPresetListChanged:  - mBand: 0 - mPresetIndex: 0 - mFrequency: 10105 - index: 0 - preset: 8760 - index: 1 - preset: 9010 - index: 2 - preset: 9130 - index: 3 - preset: 9150 - index: 4 - preset: 9220 - index: 5 - preset: 9270
02-19 21:14:06.387 E/mcu_services( 5512): MCU2APP : [ff fe fd 03 01 b0 60 d1 ff ]
02-19 21:14:06.389 D/K706RadioManager(17578): IMcuListener.onTransact: code=1 flags=16
02-19 21:14:06.390 D/K706RadioManager(17578): >>> IMcuListener.onMcuInfoChanged received! data=B0 60 
02-19 21:14:06.390 D/K706RadioManager(17578): MCU[0xB0] len=2 : B0 60 
02-19 21:14:06.390 D/K706RadioManager(17578): TunerInfo: flags=0x60 save=false AS=false finish=false valid=true ST=true LOC=false seek=false scan=false
02-19 21:14:06.392 D/TunerPresenter(15794): handleTunerRawData: b0 60 
02-19 21:14:06.392 D/TunerManagerForExt(15794): FMRadio main (TunerManagerForExt.java:108) onTunerInfoChanged: onTunerInfoChanged - flag: 96 - asFlag: 0 - psFlag: 0 - scanFlag: 0 - seekFlag: 0 - mStFlag: 0 - mLocFlag: 1 - mIsSearching: false - mTempSearching: false
02-19 21:14:06.393 D/TunerManagerForExt(15794): FMRadio main (TunerManagerForExt.java:118) onTunerInfoChanged: mIsSearching: false - mTempSearching: false - asFlag: 0 - seekFlag: 0
02-19 21:14:06.785 E/mcu_services( 5512): MCU2APP : [ff fe fd 03 01 29 6d 45 ff ]
02-19 21:14:06.787 D/K706RadioManager(17578): IMcuListener.onTransact: code=1 flags=16
02-19 21:14:06.787 D/K706RadioManager(17578): >>> IMcuListener.onMcuInfoChanged received! data=29 6D 
02-19 21:14:06.788 D/K706RadioManager(17578): MCU[0x29] len=2 : 29 6D 
02-19 21:14:06.788 D/K706RadioManager(17578): Unknown MCU packet type: 0x29
02-19 21:14:06.792 E/mcu_services( 5512): APP2MCU - writeToUartNormal : [ff fd fe 05 01 a0 00 27 74 f2 ff ]
02-19 21:14:06.793 D/K706RadioManager(17578): CMD Enviado: sub=0x00 p1=0x27 p2=0x74
02-19 21:14:06.793 D/K706RadioManager(17578): gotoFreq: input=101000 mcuFreq=10100 (h=0x27 l=0x74)
02-19 21:14:06.866 E/mcu_services( 5512): MCU2APP : [ff fe fd 03 01 b0 60 d1 ff ]
02-19 21:14:06.867 D/K706RadioManager(17578): IMcuListener.onTransact: code=1 flags=16
02-19 21:14:06.868 D/K706RadioManager(17578): >>> IMcuListener.onMcuInfoChanged received! data=B0 60 
02-19 21:14:06.868 D/K706RadioManager(17578): MCU[0xB0] len=2 : B0 60 
02-19 21:14:06.869 D/K706RadioManager(17578): TunerInfo: flags=0x60 save=false AS=false finish=false valid=true ST=true LOC=false seek=false scan=false
02-19 21:14:06.871 D/TunerPresenter(15794): handleTunerRawData: b0 60 
02-19 21:14:06.871 D/TunerManagerForExt(15794): FMRadio main (TunerManagerForExt.java:108) onTunerInfoChanged: onTunerInfoChanged - flag: 96 - asFlag: 0 - psFlag: 0 - scanFlag: 0 - seekFlag: 0 - mStFlag: 0 - mLocFlag: 1 - mIsSearching: false - mTempSearching: false
02-19 21:14:06.871 D/TunerManagerForExt(15794): FMRadio main (TunerManagerForExt.java:118) onTunerInfoChanged: mIsSearching: false - mTempSearching: false - asFlag: 0 - seekFlag: 0
02-19 21:14:07.005 E/mcu_services( 5512): MCU2APP : [ff fe fd 12 01 b1 00 00 27 74 22 38 23 32 23 aa 23 be 24 04 24 36 ce ff ]
02-19 21:14:07.007 D/K706RadioManager(17578): IMcuListener.onTransact: code=1 flags=16
02-19 21:14:07.010 D/K706RadioManager(17578): >>> IMcuListener.onMcuInfoChanged received! data=B1 00 00 27 74 22 38 23 32 23 AA 23 BE 24 04 24 36 
02-19 21:14:07.012 D/K706RadioManager(17578): MCU[0xB1] len=17 : B1 00 00 27 74 22 38 23 32 23 AA 23 BE 24 04 24 36 
02-19 21:14:07.012 D/K706RadioManager(17578): PresetList: band=0 presetIdx=0 currentFreq=10100 firstFreq=10100 (offset=3)
02-19 21:14:07.014 D/TunerPresenter(15794): handleTunerRawData: b1 0 0 27 74 22 38 23 32 23 aa 23 be 24 4 24 36 
02-19 21:14:07.015 D/TunerManagerForExt(15794): FMRadio main (TunerManagerForExt.java:147) onTunerPresetListChanged:  - mBand: 0 - mPresetIndex: 0 - mFrequency: 10100 - index: 0 - preset: 8760 - index: 1 - preset: 9010 - index: 2 - preset: 9130 - index: 3 - preset: 9150 - index: 4 - preset: 9220 - index: 5 - preset: 9270
02-19 21:14:07.327 E/mcu_services( 5512): APP2MCU - writeToUartNormal : [ff fd fe 05 01 a0 00 27 6f e9 ff ]
02-19 21:14:07.328 D/K706RadioManager(17578): CMD Enviado: sub=0x00 p1=0x27 p2=0x6F
02-19 21:14:07.328 D/K706RadioManager(17578): gotoFreq: input=100950 mcuFreq=10095 (h=0x27 l=0x6F)
02-19 21:14:07.393 E/mcu_services( 5512): MCU2APP : [ff fe fd 03 01 b0 60 d1 ff ]
02-19 21:14:07.394 D/K706RadioManager(17578): IMcuListener.onTransact: code=1 flags=16
02-19 21:14:07.395 D/K706RadioManager(17578): >>> IMcuListener.onMcuInfoChanged received! data=B0 60 
02-19 21:14:07.395 D/K706RadioManager(17578): MCU[0xB0] len=2 : B0 60 
02-19 21:14:07.396 D/K706RadioManager(17578): TunerInfo: flags=0x60 save=false AS=false finish=false valid=true ST=true LOC=false seek=false scan=false
02-19 21:14:07.398 D/TunerPresenter(15794): handleTunerRawData: b0 60 
02-19 21:14:07.399 D/TunerManagerForExt(15794): FMRadio main (TunerManagerForExt.java:108) onTunerInfoChanged: onTunerInfoChanged - flag: 96 - asFlag: 0 - psFlag: 0 - scanFlag: 0 - seekFlag: 0 - mStFlag: 0 - mLocFlag: 1 - mIsSearching: false - mTempSearching: false
02-19 21:14:07.399 D/TunerManagerForExt(15794): FMRadio main (TunerManagerForExt.java:118) onTunerInfoChanged: mIsSearching: false - mTempSearching: false - asFlag: 0 - seekFlag: 0
02-19 21:14:07.522 E/mcu_services( 5512): MCU2APP : [ff fe fd 12 01 b1 00 00 27 6f 22 38 23 32 23 aa 23 be 24 04 24 36 d5 ff ]
02-19 21:14:07.524 D/K706RadioManager(17578): IMcuListener.onTransact: code=1 flags=16
02-19 21:14:07.526 D/K706RadioManager(17578): >>> IMcuListener.onMcuInfoChanged received! data=B1 00 00 27 6F 22 38 23 32 23 AA 23 BE 24 04 24 36 
02-19 21:14:07.528 D/K706RadioManager(17578): MCU[0xB1] len=17 : B1 00 00 27 6F 22 38 23 32 23 AA 23 BE 24 04 24 36 
02-19 21:14:07.528 D/K706RadioManager(17578): PresetList: band=0 presetIdx=0 currentFreq=10095 firstFreq=10095 (offset=3)
02-19 21:14:07.531 D/TunerPresenter(15794): handleTunerRawData: b1 0 0 27 6f 22 38 23 32 23 aa 23 be 24 4 24 36 
02-19 21:14:07.532 D/TunerManagerForExt(15794): FMRadio main (TunerManagerForExt.java:147) onTunerPresetListChanged:  - mBand: 0 - mPresetIndex: 0 - mFrequency: 10095 - index: 0 - preset: 8760 - index: 1 - preset: 9010 - index: 2 - preset: 9130 - index: 3 - preset: 9150 - index: 4 - preset: 9220 - index: 5 - preset: 9270
02-19 21:14:07.744 E/mcu_services( 5512): APP2MCU - writeToUartNormal : [ff fd fe 05 01 a0 00 27 6a ec ff ]
02-19 21:14:07.744 D/K706RadioManager(17578): CMD Enviado: sub=0x00 p1=0x27 p2=0x6A
02-19 21:14:07.745 D/K706RadioManager(17578): gotoFreq: input=100900 mcuFreq=10090 (h=0x27 l=0x6A)
02-19 21:14:07.811 E/mcu_services( 5512): MCU2APP : [ff fe fd 03 01 b0 60 d1 ff ]
02-19 21:14:07.813 D/K706RadioManager(17578): IMcuListener.onTransact: code=1 flags=16
02-19 21:14:07.813 D/K706RadioManager(17578): >>> IMcuListener.onMcuInfoChanged received! data=B0 60 
02-19 21:14:07.813 D/K706RadioManager(17578): MCU[0xB0] len=2 : B0 60 
02-19 21:14:07.814 D/K706RadioManager(17578): TunerInfo: flags=0x60 save=false AS=false finish=false valid=true ST=true LOC=false seek=false scan=false
02-19 21:14:07.815 D/TunerPresenter(15794): handleTunerRawData: b0 60 
02-19 21:14:07.816 D/TunerManagerForExt(15794): FMRadio main (TunerManagerForExt.java:108) onTunerInfoChanged: onTunerInfoChanged - flag: 96 - asFlag: 0 - psFlag: 0 - scanFlag: 0 - seekFlag: 0 - mStFlag: 0 - mLocFlag: 1 - mIsSearching: false - mTempSearching: false
02-19 21:14:07.816 D/TunerManagerForExt(15794): FMRadio main (TunerManagerForExt.java:118) onTunerInfoChanged: mIsSearching: false - mTempSearching: false - asFlag: 0 - seekFlag: 0
02-19 21:14:07.940 E/mcu_services( 5512): MCU2APP : [ff fe fd 12 01 b1 00 00 27 6a 22 38 23 32 23 aa 23 be 24 04 24 36 d0 ff ]
02-19 21:14:07.942 D/K706RadioManager(17578): IMcuListener.onTransact: code=1 flags=16
02-19 21:14:07.944 D/K706RadioManager(17578): >>> IMcuListener.onMcuInfoChanged received! data=B1 00 00 27 6A 22 38 23 32 23 AA 23 BE 24 04 24 36 
02-19 21:14:07.946 D/K706RadioManager(17578): MCU[0xB1] len=17 : B1 00 00 27 6A 22 38 23 32 23 AA 23 BE 24 04 24 36 
02-19 21:14:07.947 D/K706RadioManager(17578): PresetList: band=0 presetIdx=0 currentFreq=10090 firstFreq=10090 (offset=3)
02-19 21:14:07.949 D/TunerPresenter(15794): handleTunerRawData: b1 0 0 27 6a 22 38 23 32 23 aa 23 be 24 4 24 36 
02-19 21:14:07.950 D/TunerManagerForExt(15794): FMRadio main (TunerManagerForExt.java:147) onTunerPresetListChanged:  - mBand: 0 - mPresetIndex: 0 - mFrequency: 10090 - index: 0 - preset: 8760 - index: 1 - preset: 9010 - index: 2 - preset: 9130 - index: 3 - preset: 9150 - index: 4 - preset: 9220 - index: 5 - preset: 9270
02-19 21:14:08.170 E/mcu_services( 5512): APP2MCU - writeToUartNormal : [ff fd fe 05 01 a0 00 27 65 e3 ff ]
02-19 21:14:08.171 D/K706RadioManager(17578): CMD Enviado: sub=0x00 p1=0x27 p2=0x65
02-19 21:14:08.171 D/K706RadioManager(17578): gotoFreq: input=100850 mcuFreq=10085 (h=0x27 l=0x65)
02-19 21:14:08.238 E/mcu_services( 5512): MCU2APP : [ff fe fd 03 01 b0 60 d1 ff ]
02-19 21:14:08.240 D/K706RadioManager(17578): IMcuListener.onTransact: code=1 flags=16
02-19 21:14:08.240 D/K706RadioManager(17578): >>> IMcuListener.onMcuInfoChanged received! data=B0 60 
02-19 21:14:08.241 D/K706RadioManager(17578): MCU[0xB0] len=2 : B0 60 
02-19 21:14:08.241 D/K706RadioManager(17578): TunerInfo: flags=0x60 save=false AS=false finish=false valid=true ST=true LOC=false seek=false scan=false
02-19 21:14:08.245 D/TunerPresenter(15794): handleTunerRawData: b0 60 
02-19 21:14:08.245 D/TunerManagerForExt(15794): FMRadio main (TunerManagerForExt.java:108) onTunerInfoChanged: onTunerInfoChanged - flag: 96 - asFlag: 0 - psFlag: 0 - scanFlag: 0 - seekFlag: 0 - mStFlag: 0 - mLocFlag: 1 - mIsSearching: false - mTempSearching: false
02-19 21:14:08.245 D/TunerManagerForExt(15794): FMRadio main (TunerManagerForExt.java:118) onTunerInfoChanged: mIsSearching: false - mTempSearching: false - asFlag: 0 - seekFlag: 0
02-19 21:14:08.357 E/mcu_services( 5512): MCU2APP : [ff fe fd 12 01 b1 00 00 27 65 22 38 23 32 23 aa 23 be 24 04 24 36 df ff ]
02-19 21:14:08.360 D/K706RadioManager(17578): IMcuListener.onTransact: code=1 flags=16
02-19 21:14:08.362 D/K706RadioManager(17578): >>> IMcuListener.onMcuInfoChanged received! data=B1 00 00 27 65 22 38 23 32 23 AA 23 BE 24 04 24 36 
02-19 21:14:08.364 D/K706RadioManager(17578): MCU[0xB1] len=17 : B1 00 00 27 65 22 38 23 32 23 AA 23 BE 24 04 24 36 
02-19 21:14:08.364 D/K706RadioManager(17578): PresetList: band=0 presetIdx=0 currentFreq=10085 firstFreq=10085 (offset=3)
02-19 21:14:08.367 D/TunerPresenter(15794): handleTunerRawData: b1 0 0 27 65 22 38 23 32 23 aa 23 be 24 4 24 36 
02-19 21:14:08.367 D/TunerManagerForExt(15794): FMRadio main (TunerManagerForExt.java:147) onTunerPresetListChanged:  - mBand: 0 - mPresetIndex: 0 - mFrequency: 10085 - index: 0 - preset: 8760 - index: 1 - preset: 9010 - index: 2 - preset: 9130 - index: 3 - preset: 9150 - index: 4 - preset: 9220 - index: 5 - preset: 9270
02-19 21:14:09.155 E/mcu_services( 5512): APP2MCU - writeToUartNormal : [ff fd fe 05 01 a0 00 27 60 e6 ff ]
02-19 21:14:09.156 D/K706RadioManager(17578): CMD Enviado: sub=0x00 p1=0x27 p2=0x60
02-19 21:14:09.156 D/K706RadioManager(17578): gotoFreq: input=100800 mcuFreq=10080 (h=0x27 l=0x60)
02-19 21:14:09.222 E/mcu_services( 5512): MCU2APP : [ff fe fd 03 01 b0 60 d1 ff ]
02-19 21:14:09.224 D/K706RadioManager(17578): IMcuListener.onTransact: code=1 flags=16
02-19 21:14:09.224 D/K706RadioManager(17578): >>> IMcuListener.onMcuInfoChanged received! data=B0 60 
02-19 21:14:09.225 D/K706RadioManager(17578): MCU[0xB0] len=2 : B0 60 
02-19 21:14:09.225 D/K706RadioManager(17578): TunerInfo: flags=0x60 save=false AS=false finish=false valid=true ST=true LOC=false seek=false scan=false
02-19 21:14:09.227 D/TunerPresenter(15794): handleTunerRawData: b0 60 
02-19 21:14:09.228 D/TunerManagerForExt(15794): FMRadio main (TunerManagerForExt.java:108) onTunerInfoChanged: onTunerInfoChanged - flag: 96 - asFlag: 0 - psFlag: 0 - scanFlag: 0 - seekFlag: 0 - mStFlag: 0 - mLocFlag: 1 - mIsSearching: false - mTempSearching: false
02-19 21:14:09.228 D/TunerManagerForExt(15794): FMRadio main (TunerManagerForExt.java:118) onTunerInfoChanged: mIsSearching: false - mTempSearching: false - asFlag: 0 - seekFlag: 0
02-19 21:14:09.372 E/mcu_services( 5512): MCU2APP : [ff fe fd 03 01 29 6d 45 ff ]
02-19 21:14:09.372 E/mcu_services( 5512): MCU2APP : [ff fe fd 12 01 b1 00 00 27 60 22 38 23 32 23 aa 23 be 24 04 24 36 da ff ]
02-19 21:14:09.373 D/K706RadioManager(17578): IMcuListener.onTransact: code=1 flags=16
02-19 21:14:09.373 D/K706RadioManager(17578): >>> IMcuListener.onMcuInfoChanged received! data=29 6D 
02-19 21:14:09.374 D/K706RadioManager(17578): MCU[0x29] len=2 : 29 6D 
02-19 21:14:09.374 D/K706RadioManager(17578): Unknown MCU packet type: 0x29
02-19 21:14:09.378 D/K706RadioManager(17578): IMcuListener.onTransact: code=1 flags=16
02-19 21:14:09.380 D/K706RadioManager(17578): >>> IMcuListener.onMcuInfoChanged received! data=B1 00 00 27 60 22 38 23 32 23 AA 23 BE 24 04 24 36 
02-19 21:14:09.382 D/K706RadioManager(17578): MCU[0xB1] len=17 : B1 00 00 27 60 22 38 23 32 23 AA 23 BE 24 04 24 36 
02-19 21:14:09.382 D/K706RadioManager(17578): PresetList: band=0 presetIdx=0 currentFreq=10080 firstFreq=10080 (offset=3)
02-19 21:14:09.385 D/TunerPresenter(15794): handleTunerRawData: b1 0 0 27 60 22 38 23 32 23 aa 23 be 24 4 24 36 
02-19 21:14:09.385 D/TunerManagerForExt(15794): FMRadio main (TunerManagerForExt.java:147) onTunerPresetListChanged:  - mBand: 0 - mPresetIndex: 0 - mFrequency: 10080 - index: 0 - preset: 8760 - index: 1 - preset: 9010 - index: 2 - preset: 9130 - index: 3 - preset: 9150 - index: 4 - preset: 9220 - index: 5 - preset: 9270
02-19 21:14:09.469 E/mcu_services( 5512): MCU2APP : [ff fe fd 03 01 b0 70 c1 ff ]
02-19 21:14:09.471 D/K706RadioManager(17578): IMcuListener.onTransact: code=1 flags=16
02-19 21:14:09.472 D/K706RadioManager(17578): >>> IMcuListener.onMcuInfoChanged received! data=B0 70 
02-19 21:14:09.472 D/K706RadioManager(17578): MCU[0xB0] len=2 : B0 70 
02-19 21:14:09.472 D/K706RadioManager(17578): TunerInfo: flags=0x70 save=false AS=false finish=true valid=true ST=true LOC=false seek=false scan=false
02-19 21:14:09.474 D/TunerPresenter(15794): handleTunerRawData: b0 70 
02-19 21:14:09.474 D/TunerManagerForExt(15794): FMRadio main (TunerManagerForExt.java:108) onTunerInfoChanged: onTunerInfoChanged - flag: 112 - asFlag: 0 - psFlag: 0 - scanFlag: 0 - seekFlag: 0 - mStFlag: 1 - mLocFlag: 1 - mIsSearching: false - mTempSearching: false
02-19 21:14:09.475 D/TunerManagerForExt(15794): FMRadio main (TunerManagerForExt.java:118) onTunerInfoChanged: mIsSearching: false - mTempSearching: false - asFlag: 0 - seekFlag: 0
02-19 21:14:09.966 E/mcu_services( 5512): MCU2APP : [ff fe fd 03 01 b0 60 d1 ff ]
02-19 21:14:09.969 D/K706RadioManager(17578): IMcuListener.onTransact: code=1 flags=16
02-19 21:14:09.970 D/K706RadioManager(17578): >>> IMcuListener.onMcuInfoChanged received! data=B0 60 
02-19 21:14:09.970 D/K706RadioManager(17578): MCU[0xB0] len=2 : B0 60 
02-19 21:14:09.971 D/K706RadioManager(17578): TunerInfo: flags=0x60 save=false AS=false finish=false valid=true ST=true LOC=false seek=false scan=false
02-19 21:14:09.973 D/TunerPresenter(15794): handleTunerRawData: b0 60 
02-19 21:14:09.973 D/TunerManagerForExt(15794): FMRadio main (TunerManagerForExt.java:108) onTunerInfoChanged: onTunerInfoChanged - flag: 96 - asFlag: 0 - psFlag: 0 - scanFlag: 0 - seekFlag: 0 - mStFlag: 0 - mLocFlag: 1 - mIsSearching: false - mTempSearching: false
02-19 21:14:09.973 D/TunerManagerForExt(15794): FMRadio main (TunerManagerForExt.java:118) onTunerInfoChanged: mIsSearching: false - mTempSearching: false - asFlag: 0 - seekFlag: 0
02-19 21:14:10.960 E/mcu_services( 5512): MCU2APP : [ff fe fd 03 01 b0 70 c1 ff ]
02-19 21:14:10.962 D/K706RadioManager(17578): IMcuListener.onTransact: code=1 flags=16
02-19 21:14:10.963 D/K706RadioManager(17578): >>> IMcuListener.onMcuInfoChanged received! data=B0 70 
02-19 21:14:10.964 D/K706RadioManager(17578): MCU[0xB0] len=2 : B0 70 
02-19 21:14:10.964 D/K706RadioManager(17578): TunerInfo: flags=0x70 save=false AS=false finish=true valid=true ST=true LOC=false seek=false scan=false
02-19 21:14:10.966 D/TunerPresenter(15794): handleTunerRawData: b0 70 
02-19 21:14:10.966 D/TunerManagerForExt(15794): FMRadio main (TunerManagerForExt.java:108) onTunerInfoChanged: onTunerInfoChanged - flag: 112 - asFlag: 0 - psFlag: 0 - scanFlag: 0 - seekFlag: 0 - mStFlag: 1 - mLocFlag: 1 - mIsSearching: false - mTempSearching: false
02-19 21:14:10.967 D/TunerManagerForExt(15794): FMRadio main (TunerManagerForExt.java:118) onTunerInfoChanged: mIsSearching: false - mTempSearching: false - asFlag: 0 - seekFlag: 0
02-19 21:14:11.358 E/mcu_services( 5512): MCU2APP : [ff fe fd 03 01 29 6d 45 ff ]
02-19 21:14:11.361 D/K706RadioManager(17578): IMcuListener.onTransact: code=1 flags=16
02-19 21:14:11.361 D/K706RadioManager(17578): >>> IMcuListener.onMcuInfoChanged received! data=29 6D 
02-19 21:14:11.362 D/K706RadioManager(17578): MCU[0x29] len=2 : 29 6D 
02-19 21:14:11.362 D/K706RadioManager(17578): Unknown MCU packet type: 0x29
02-19 21:14:11.955 E/mcu_services( 5512): MCU2APP : [ff fe fd 03 01 b0 60 d1 ff ]
02-19 21:14:11.957 D/K706RadioManager(17578): IMcuListener.onTransact: code=1 flags=16
02-19 21:14:11.957 D/K706RadioManager(17578): >>> IMcuListener.onMcuInfoChanged received! data=B0 60 
02-19 21:14:11.958 D/K706RadioManager(17578): MCU[0xB0] len=2 : B0 60 
02-19 21:14:11.958 D/K706RadioManager(17578): TunerInfo: flags=0x60 save=false AS=false finish=false valid=true ST=true LOC=false seek=false scan=false
02-19 21:14:11.960 D/TunerPresenter(15794): handleTunerRawData: b0 60 
02-19 21:14:11.960 D/TunerManagerForExt(15794): FMRadio main (TunerManagerForExt.java:108) onTunerInfoChanged: onTunerInfoChanged - flag: 96 - asFlag: 0 - psFlag: 0 - scanFlag: 0 - seekFlag: 0 - mStFlag: 0 - mLocFlag: 1 - mIsSearching: false - mTempSearching: false
02-19 21:14:11.961 D/TunerManagerForExt(15794): FMRadio main (TunerManagerForExt.java:118) onTunerInfoChanged: mIsSearching: false - mTempSearching: false - asFlag: 0 - seekFlag: 0
02-19 21:14:12.452 E/mcu_services( 5512): MCU2APP : [ff fe fd 03 01 b0 70 c1 ff ]
02-19 21:14:12.454 D/K706RadioManager(17578): IMcuListener.onTransact: code=1 flags=16
02-19 21:14:12.455 D/K706RadioManager(17578): >>> IMcuListener.onMcuInfoChanged received! data=B0 70 
02-19 21:14:12.456 D/K706RadioManager(17578): MCU[0xB0] len=2 : B0 70 
02-19 21:14:12.456 D/K706RadioManager(17578): TunerInfo: flags=0x70 save=false AS=false finish=true valid=true ST=true LOC=false seek=false scan=false
02-19 21:14:12.459 D/TunerPresenter(15794): handleTunerRawData: b0 70 
02-19 21:14:12.459 D/TunerManagerForExt(15794): FMRadio main (TunerManagerForExt.java:108) onTunerInfoChanged: onTunerInfoChanged - flag: 112 - asFlag: 0 - psFlag: 0 - scanFlag: 0 - seekFlag: 0 - mStFlag: 1 - mLocFlag: 1 - mIsSearching: false - mTempSearching: false
02-19 21:14:12.459 D/TunerManagerForExt(15794): FMRadio main (TunerManagerForExt.java:118) onTunerInfoChanged: mIsSearching: false - mTempSearching: false - asFlag: 0 - seekFlag: 0
02-19 21:14:12.949 E/mcu_services( 5512): MCU2APP : [ff fe fd 03 01 b0 60 d1 ff ]
02-19 21:14:12.952 D/K706RadioManager(17578): IMcuListener.onTransact: code=1 flags=16
02-19 21:14:12.953 D/K706RadioManager(17578): >>> IMcuListener.onMcuInfoChanged received! data=B0 60 
02-19 21:14:12.953 D/K706RadioManager(17578): MCU[0xB0] len=2 : B0 60 
02-19 21:14:12.953 D/K706RadioManager(17578): TunerInfo: flags=0x60 save=false AS=false finish=false valid=true ST=true LOC=false seek=false scan=false
02-19 21:14:12.956 D/TunerPresenter(15794): handleTunerRawData: b0 60 
02-19 21:14:12.956 D/TunerManagerForExt(15794): FMRadio main (TunerManagerForExt.java:108) onTunerInfoChanged: onTunerInfoChanged - flag: 96 - asFlag: 0 - psFlag: 0 - scanFlag: 0 - seekFlag: 0 - mStFlag: 0 - mLocFlag: 1 - mIsSearching: false - mTempSearching: false
02-19 21:14:12.956 D/TunerManagerForExt(15794): FMRadio main (TunerManagerForExt.java:118) onTunerInfoChanged: mIsSearching: false - mTempSearching: false - asFlag: 0 - seekFlag: 0
02-19 21:14:13.347 E/mcu_services( 5512): MCU2APP : [ff fe fd 03 01 29 6d 45 ff ]
02-19 21:14:13.349 D/K706RadioManager(17578): IMcuListener.onTransact: code=1 flags=16
02-19 21:14:13.349 D/K706RadioManager(17578): >>> IMcuListener.onMcuInfoChanged received! data=29 6D 
02-19 21:14:13.350 D/K706RadioManager(17578): MCU[0x29] len=2 : 29 6D 
02-19 21:14:13.350 D/K706RadioManager(17578): Unknown MCU packet type: 0x29
02-19 21:14:13.943 E/mcu_services( 5512): MCU2APP : [ff fe fd 03 01 b0 70 c1 ff ]
02-19 21:14:13.945 D/K706RadioManager(17578): IMcuListener.onTransact: code=1 flags=16
02-19 21:14:13.946 D/K706RadioManager(17578): >>> IMcuListener.onMcuInfoChanged received! data=B0 70 
02-19 21:14:13.946 D/K706RadioManager(17578): MCU[0xB0] len=2 : B0 70 
02-19 21:14:13.946 D/K706RadioManager(17578): TunerInfo: flags=0x70 save=false AS=false finish=true valid=true ST=true LOC=false seek=false scan=false
02-19 21:14:13.948 D/TunerPresenter(15794): handleTunerRawData: b0 70 
02-19 21:14:13.949 D/TunerManagerForExt(15794): FMRadio main (TunerManagerForExt.java:108) onTunerInfoChanged: onTunerInfoChanged - flag: 112 - asFlag: 0 - psFlag: 0 - scanFlag: 0 - seekFlag: 0 - mStFlag: 1 - mLocFlag: 1 - mIsSearching: false - mTempSearching: false
02-19 21:14:13.949 D/TunerManagerForExt(15794): FMRadio main (TunerManagerForExt.java:118) onTunerInfoChanged: mIsSearching: false - mTempSearching: false - asFlag: 0 - seekFlag: 0
02-19 21:14:14.900 E/mcu_services( 5512): MCU2APP : [ff fe fd 03 01 b4 04 b1 ff ]
02-19 21:14:14.900 E/mcu_services( 5512): sendAckSuccess : [ff fd fe 02 02 b4 b6 ff ]
02-19 21:14:14.900 E/mcu_services( 5512): APP2MCU - writeToUart: [ff fd fe 02 02 b4 b6 ff ]
02-19 21:14:14.902 D/K706RadioManager(17578): IMcuListener.onTransact: code=1 flags=16
02-19 21:14:14.903 D/K706RadioManager(17578): >>> IMcuListener.onMcuInfoChanged received! data=B4 04 
02-19 21:14:14.903 D/K706RadioManager(17578): MCU[0xB4] len=2 : B4 04 
02-19 21:14:14.903 D/K706RadioManager(17578): RDS B4 Flags: 0x04
02-19 21:14:14.906 D/TunerPresenter(15794): handleTunerRawData: b4 4 
02-19 21:14:14.906 D/TunerManagerForExt(15794): FMRadio main (TunerManagerForExt.java:195) onTuneRdsIndicateInfo: onTuneRdsIndicateInfo - flag: 4 - mRdsSwitch: 1
02-19 21:14:15.335 E/mcu_services( 5512): MCU2APP : [ff fe fd 03 01 29 6d 45 ff ]
02-19 21:14:15.337 D/K706RadioManager(17578): IMcuListener.onTransact: code=1 flags=16
02-19 21:14:15.337 D/K706RadioManager(17578): >>> IMcuListener.onMcuInfoChanged received! data=29 6D 
02-19 21:14:15.337 D/K706RadioManager(17578): MCU[0x29] len=2 : 29 6D 
02-19 21:14:15.338 D/K706RadioManager(17578): Unknown MCU packet type: 0x29
02-19 21:14:17.323 E/mcu_services( 5512): MCU2APP : [ff fe fd 03 01 29 6d 45 ff ]
02-19 21:14:17.326 D/K706RadioManager(17578): IMcuListener.onTransact: code=1 flags=16
02-19 21:14:17.326 D/K706RadioManager(17578): >>> IMcuListener.onMcuInfoChanged received! data=29 6D 
02-19 21:14:17.326 D/K706RadioManager(17578): MCU[0x29] len=2 : 29 6D 
02-19 21:14:17.326 D/K706RadioManager(17578): Unknown MCU packet type: 0x29
02-19 21:14:19.312 E/mcu_services( 5512): MCU2APP : [ff fe fd 03 01 29 6d 45 ff ]
02-19 21:14:19.314 D/K706RadioManager(17578): IMcuListener.onTransact: code=1 flags=16
02-19 21:14:19.314 D/K706RadioManager(17578): >>> IMcuListener.onMcuInfoChanged received! data=29 6D 
02-19 21:14:19.314 D/K706RadioManager(17578): MCU[0x29] len=2 : 29 6D 
02-19 21:14:19.314 D/K706RadioManager(17578): Unknown MCU packet type: 0x29
02-19 21:14:21.301 E/mcu_services( 5512): MCU2APP : [ff fe fd 03 01 29 6d 45 ff ]
02-19 21:14:21.303 D/K706RadioManager(17578): IMcuListener.onTransact: code=1 flags=16
02-19 21:14:21.304 D/K706RadioManager(17578): >>> IMcuListener.onMcuInfoChanged received! data=29 6D 
02-19 21:14:21.304 D/K706RadioManager(17578): MCU[0x29] len=2 : 29 6D 
02-19 21:14:21.305 D/K706RadioManager(17578): Unknown MCU packet type: 0x29
02-19 21:14:23.289 E/mcu_services( 5512): MCU2APP : [ff fe fd 03 01 29 6d 45 ff ]
02-19 21:14:23.291 D/K706RadioManager(17578): IMcuListener.onTransact: code=1 flags=16
02-19 21:14:23.292 D/K706RadioManager(17578): >>> IMcuListener.onMcuInfoChanged received! data=29 6D 
02-19 21:14:23.293 D/K706RadioManager(17578): MCU[0x29] len=2 : 29 6D 
02-19 21:14:23.293 D/K706RadioManager(17578): Unknown MCU packet type: 0x29
02-19 21:14:25.277 E/mcu_services( 5512): MCU2APP : [ff fe fd 03 01 29 6d 45 ff ]
02-19 21:14:25.280 D/K706RadioManager(17578): IMcuListener.onTransact: code=1 flags=16
02-19 21:14:25.282 D/K706RadioManager(17578): >>> IMcuListener.onMcuInfoChanged received! data=29 6D 
02-19 21:14:25.282 D/K706RadioManager(17578): MCU[0x29] len=2 : 29 6D 
02-19 21:14:25.282 D/K706RadioManager(17578): Unknown MCU packet type: 0x29
02-19 21:14:27.266 E/mcu_services( 5512): MCU2APP : [ff fe fd 03 01 29 6d 45 ff ]
02-19 21:14:27.268 D/K706RadioManager(17578): IMcuListener.onTransact: code=1 flags=16
02-19 21:14:27.269 D/K706RadioManager(17578): >>> IMcuListener.onMcuInfoChanged received! data=29 6D 
02-19 21:14:27.270 D/K706RadioManager(17578): MCU[0x29] len=2 : 29 6D 
02-19 21:14:27.270 D/K706RadioManager(17578): Unknown MCU packet type: 0x29
02-19 21:14:29.255 E/mcu_services( 5512): MCU2APP : [ff fe fd 03 01 29 6d 45 ff ]
02-19 21:14:29.257 D/K706RadioManager(17578): IMcuListener.onTransact: code=1 flags=16
02-19 21:14:29.257 D/K706RadioManager(17578): >>> IMcuListener.onMcuInfoChanged received! data=29 6D 
02-19 21:14:29.258 D/K706RadioManager(17578): MCU[0x29] len=2 : 29 6D 
02-19 21:14:29.258 D/K706RadioManager(17578): Unknown MCU packet type: 0x29
02-19 21:14:31.244 E/mcu_services( 5512): MCU2APP : [ff fe fd 03 01 29 6d 45 ff ]
02-19 21:14:31.246 D/K706RadioManager(17578): IMcuListener.onTransact: code=1 flags=16
02-19 21:14:31.247 D/K706RadioManager(17578): >>> IMcuListener.onMcuInfoChanged received! data=29 6D 
02-19 21:14:31.247 D/K706RadioManager(17578): MCU[0x29] len=2 : 29 6D 
02-19 21:14:31.248 D/K706RadioManager(17578): Unknown MCU packet type: 0x29
02-19 21:14:33.232 E/mcu_services( 5512): MCU2APP : [ff fe fd 03 01 29 6d 45 ff ]
02-19 21:14:33.235 D/K706RadioManager(17578): IMcuListener.onTransact: code=1 flags=16
02-19 21:14:33.237 D/K706RadioManager(17578): >>> IMcuListener.onMcuInfoChanged received! data=29 6D 
02-19 21:14:33.237 D/K706RadioManager(17578): MCU[0x29] len=2 : 29 6D 
02-19 21:14:33.238 D/K706RadioManager(17578): Unknown MCU packet type: 0x29
02-19 21:14:35.220 E/mcu_services( 5512): MCU2APP : [ff fe fd 03 01 29 6d 45 ff ]
02-19 21:14:35.222 D/K706RadioManager(17578): IMcuListener.onTransact: code=1 flags=16
02-19 21:14:35.223 D/K706RadioManager(17578): >>> IMcuListener.onMcuInfoChanged received! data=29 6D 
02-19 21:14:35.223 D/K706RadioManager(17578): MCU[0x29] len=2 : 29 6D 
02-19 21:14:35.224 D/K706RadioManager(17578): Unknown MCU packet type: 0x29
02-19 21:14:37.208 E/mcu_services( 5512): MCU2APP : [ff fe fd 03 01 29 6d 45 ff ]
02-19 21:14:37.211 D/K706RadioManager(17578): IMcuListener.onTransact: code=1 flags=16
02-19 21:14:37.211 D/K706RadioManager(17578): >>> IMcuListener.onMcuInfoChanged received! data=29 6D 
02-19 21:14:37.212 D/K706RadioManager(17578): MCU[0x29] len=2 : 29 6D 
02-19 21:14:37.212 D/K706RadioManager(17578): Unknown MCU packet type: 0x29
02-19 21:14:37.569 E/mcu_services( 5512): MCU2APP : [ff fe fd 04 01 b5 00 01 b5 ff ]
02-19 21:14:37.569 E/mcu_services( 5512): sendAckSuccess : [ff fd fe 02 02 b5 b7 ff ]
02-19 21:14:37.569 E/mcu_services( 5512): APP2MCU - writeToUart: [ff fd fe 02 02 b5 b7 ff ]
02-19 21:14:37.572 D/K706RadioManager(17578): IMcuListener.onTransact: code=1 flags=16
02-19 21:14:37.573 D/K706RadioManager(17578): >>> IMcuListener.onMcuInfoChanged received! data=B5 00 01 
02-19 21:14:37.573 D/K706RadioManager(17578): MCU[0xB5] len=3 : B5 00 01 
02-19 21:14:37.573 D/K706RadioManager(17578): RDS PTY (0xB5): 0
02-19 21:14:37.575 D/TunerPresenter(15794): handleTunerRawData: b5 0 1 
02-19 21:14:37.576 D/TunerManagerForExt(15794): FMRadio main (TunerManagerForExt.java:220) onTuneRdsPtyTypeInfo: onTuneRdsPtyTypeInfo - mRdsPtyType: 0
02-19 21:14:37.966 E/mcu_services( 5512): MCU2APP : [ff fe fd 04 01 b5 00 00 b4 ff ]
02-19 21:14:37.967 E/mcu_services( 5512): sendAckSuccess : [ff fd fe 02 02 b5 b7 ff ]
02-19 21:14:37.967 E/mcu_services( 5512): APP2MCU - writeToUart: [ff fd fe 02 02 b5 b7 ff ]
02-19 21:14:37.970 D/K706RadioManager(17578): IMcuListener.onTransact: code=1 flags=16
02-19 21:14:37.970 D/K706RadioManager(17578): >>> IMcuListener.onMcuInfoChanged received! data=B5 00 00 
02-19 21:14:37.971 D/K706RadioManager(17578): MCU[0xB5] len=3 : B5 00 00 
02-19 21:14:37.971 D/K706RadioManager(17578): RDS PTY (0xB5): 0
02-19 21:14:37.974 D/TunerPresenter(15794): handleTunerRawData: b5 0 0 
02-19 21:14:37.974 D/TunerManagerForExt(15794): FMRadio main (TunerManagerForExt.java:220) onTuneRdsPtyTypeInfo: onTuneRdsPtyTypeInfo - mRdsPtyType: 0
02-19 21:14:39.197 E/mcu_services( 5512): MCU2APP : [ff fe fd 03 01 29 6d 45 ff ]
02-19 21:14:39.199 D/K706RadioManager(17578): IMcuListener.onTransact: code=1 flags=16
02-19 21:14:39.199 D/K706RadioManager(17578): >>> IMcuListener.onMcuInfoChanged received! data=29 6D 
02-19 21:14:39.200 D/K706RadioManager(17578): MCU[0x29] len=2 : 29 6D 
02-19 21:14:39.200 D/K706RadioManager(17578): Unknown MCU packet type: 0x29
02-19 21:14:41.185 E/mcu_services( 5512): MCU2APP : [ff fe fd 03 01 29 6d 45 ff ]
02-19 21:14:41.188 D/K706RadioManager(17578): IMcuListener.onTransact: code=1 flags=16
02-19 21:14:41.188 D/K706RadioManager(17578): >>> IMcuListener.onMcuInfoChanged received! data=29 6D 
02-19 21:14:41.189 D/K706RadioManager(17578): MCU[0x29] len=2 : 29 6D 
02-19 21:14:41.189 D/K706RadioManager(17578): Unknown MCU packet type: 0x29
02-19 21:14:43.174 E/mcu_services( 5512): MCU2APP : [ff fe fd 03 01 29 6d 45 ff ]
02-19 21:14:43.176 D/K706RadioManager(17578): IMcuListener.onTransact: code=1 flags=16
02-19 21:14:43.176 D/K706RadioManager(17578): >>> IMcuListener.onMcuInfoChanged received! data=29 6D 
02-19 21:14:43.177 D/K706RadioManager(17578): MCU[0x29] len=2 : 29 6D 
02-19 21:14:43.177 D/K706RadioManager(17578): Unknown MCU packet type: 0x29
02-19 21:14:45.162 E/mcu_services( 5512): MCU2APP : [ff fe fd 03 01 29 6d 45 ff ]
02-19 21:14:45.164 D/K706RadioManager(17578): IMcuListener.onTransact: code=1 flags=16
02-19 21:14:45.165 D/K706RadioManager(17578): >>> IMcuListener.onMcuInfoChanged received! data=29 6D 
02-19 21:14:45.165 D/K706RadioManager(17578): MCU[0x29] len=2 : 29 6D 
02-19 21:14:45.166 D/K706RadioManager(17578): Unknown MCU packet type: 0x29
02-19 21:14:47.151 E/mcu_services( 5512): MCU2APP : [ff fe fd 03 01 29 6d 45 ff ]
02-19 21:14:47.154 D/K706RadioManager(17578): IMcuListener.onTransact: code=1 flags=16
02-19 21:14:47.154 D/K706RadioManager(17578): >>> IMcuListener.onMcuInfoChanged received! data=29 6D 
02-19 21:14:47.155 D/K706RadioManager(17578): MCU[0x29] len=2 : 29 6D 
02-19 21:14:47.155 D/K706RadioManager(17578): Unknown MCU packet type: 0x29
