--------- beginning of main
--------- beginning of system
02-20 16:26:39.217 E/mcu_services( 5539): MCU2APP : [ff fe fd 03 01 29 6d 45 ff ]
02-20 16:26:41.206 E/mcu_services( 5539): MCU2APP : [ff fe fd 03 01 29 6d 45 ff ]
02-20 16:26:43.195 E/mcu_services( 5539): MCU2APP : [ff fe fd 03 01 29 6d 45 ff ]
02-20 16:26:45.184 E/mcu_services( 5539): MCU2APP : [ff fe fd 03 01 29 6d 45 ff ]
02-20 16:26:47.173 E/mcu_services( 5539): MCU2APP : [ff fe fd 03 01 29 6d 45 ff ]
02-20 16:26:49.162 E/mcu_services( 5539): MCU2APP : [ff fe fd 03 01 29 6d 45 ff ]
02-20 16:26:51.150 E/mcu_services( 5539): MCU2APP : [ff fe fd 03 01 29 6d 45 ff ]
02-20 16:26:53.139 E/mcu_services( 5539): MCU2APP : [ff fe fd 03 01 29 6d 45 ff ]
02-20 16:26:55.128 E/mcu_services( 5539): MCU2APP : [ff fe fd 03 01 29 6d 45 ff ]
02-20 16:26:57.117 E/mcu_services( 5539): MCU2APP : [ff fe fd 03 01 29 6d 45 ff ]
02-20 16:26:59.105 E/mcu_services( 5539): MCU2APP : [ff fe fd 03 01 29 6d 45 ff ]
02-20 16:27:01.094 E/mcu_services( 5539): MCU2APP : [ff fe fd 03 01 29 6d 45 ff ]
02-20 16:27:03.083 E/mcu_services( 5539): MCU2APP : [ff fe fd 03 01 29 6d 45 ff ]
02-20 16:27:05.072 E/mcu_services( 5539): MCU2APP : [ff fe fd 03 01 29 6d 45 ff ]
02-20 16:27:07.061 E/mcu_services( 5539): MCU2APP : [ff fe fd 03 01 29 6d 45 ff ]
02-20 16:27:07.904 E/mcu_services( 5539): RPC_SetEQData  fromWhatPid=25983,,eq datas =  80 98 56 76 89 56 98 89 76 0 0 2 
02-20 16:27:07.910 E/mcu_services( 5539): APP2MCU - writeToUart: [ff fd fe 0d 01 80 98 56 76 89 56 98 89 76 00 00 02 83 ff ]
02-20 16:27:07.916 E/mcu_services( 5539): MCU2APP : [ff fe fd 03 02 80 98 1a ff ]
02-20 16:27:07.916 E/mcu_services( 5539): ---remove data---sendCid:80 sendFunction_id: 152
02-20 16:27:08.656 E/mcu_services( 5539): RPC_SetEQData  fromWhatPid=25983,,eq datas =  80 66 45 65 87 45 65 66 87 0 0 3 
02-20 16:27:08.662 E/mcu_services( 5539): APP2MCU - writeToUart: [ff fd fe 0d 01 80 66 45 65 87 45 65 66 87 00 00 03 82 ff ]
02-20 16:27:08.672 E/mcu_services( 5539): MCU2APP : [ff fe fd 03 02 80 66 e4 ff ]
02-20 16:27:08.672 E/mcu_services( 5539): ---remove data---sendCid:80 sendFunction_id: 102
02-20 16:27:09.050 E/mcu_services( 5539): MCU2APP : [ff fe fd 03 01 29 6d 45 ff ]
02-20 16:27:09.355 E/mcu_services( 5539): RPC_SetEQData  fromWhatPid=25983,,eq datas =  80 77 67 66 88 66 88 77 67 0 0 4 
02-20 16:27:09.361 E/mcu_services( 5539): APP2MCU - writeToUart: [ff fd fe 0d 01 80 77 67 66 88 66 88 77 67 00 00 04 85 ff ]
02-20 16:27:09.368 E/mcu_services( 5539): MCU2APP : [ff fe fd 03 02 80 77 f5 ff ]
02-20 16:27:09.368 E/mcu_services( 5539): ---remove data---sendCid:80 sendFunction_id: 119
02-20 16:27:09.976 E/mcu_services( 5539): RPC_SetEQData  fromWhatPid=25983,,eq datas =  80 87 79 55 88 78 97 55 88 0 0 5 
02-20 16:27:09.979 E/mcu_services( 5539): APP2MCU - writeToUart: [ff fd fe 0d 01 80 87 79 55 88 78 97 55 88 00 00 05 95 ff ]
02-20 16:27:09.994 E/mcu_services( 5539): MCU2APP : [ff fe fd 03 02 80 87 05 ff ]
02-20 16:27:09.994 E/mcu_services( 5539): ---remove data---sendCid:80 sendFunction_id: 135
02-20 16:27:11.039 E/mcu_services( 5539): MCU2APP : [ff fe fd 03 01 29 6d 45 ff ]
02-20 16:27:13.027 E/mcu_services( 5539): MCU2APP : [ff fe fd 03 01 29 6d 45 ff ]
02-20 16:27:14.071 E/mcu_services( 5539): RPC_SetEQData  fromWhatPid=25983,,eq datas =  80 66 66 66 66 66 66 66 66 0 0 1 
02-20 16:27:14.080 E/mcu_services( 5539): APP2MCU - writeToUart: [ff fd fe 0d 01 80 66 66 66 66 66 66 66 66 00 00 01 80 ff ]
02-20 16:27:14.091 E/mcu_services( 5539): MCU2APP : [ff fe fd 03 02 80 66 e4 ff ]
02-20 16:27:14.092 E/mcu_services( 5539): ---remove data---sendCid:80 sendFunction_id: 102
02-20 16:27:15.016 E/mcu_services( 5539): MCU2APP : [ff fe fd 03 01 29 6d 45 ff ]
02-20 16:27:17.005 E/mcu_services( 5539): MCU2APP : [ff fe fd 03 01 29 6d 45 ff ]
02-20 16:27:18.994 E/mcu_services( 5539): MCU2APP : [ff fe fd 03 01 29 6d 45 ff ]
02-20 16:27:20.982 E/mcu_services( 5539): MCU2APP : [ff fe fd 03 01 29 6d 45 ff ]
02-20 16:27:22.971 E/mcu_services( 5539): MCU2APP : [ff fe fd 03 01 29 6d 45 ff ]
02-20 16:27:24.960 E/mcu_services( 5539): MCU2APP : [ff fe fd 03 01 29 6d 45 ff ]
02-20 16:27:26.948 E/mcu_services( 5539): MCU2APP : [ff fe fd 03 01 29 6d 45 ff ]
02-20 16:27:28.937 E/mcu_services( 5539): MCU2APP : [ff fe fd 03 01 29 6d 45 ff ]
02-20 16:27:30.926 E/mcu_services( 5539): MCU2APP : [ff fe fd 03 01 29 6d 45 ff ]
02-20 16:27:32.915 E/mcu_services( 5539): MCU2APP : [ff fe fd 03 01 29 6d 45 ff ]
02-20 16:27:34.904 E/mcu_services( 5539): MCU2APP : [ff fe fd 03 01 29 6d 45 ff ]
02-20 16:27:36.893 E/mcu_services( 5539): MCU2APP : [ff fe fd 03 01 29 6d 45 ff ]
02-20 16:27:38.881 E/mcu_services( 5539): MCU2APP : [ff fe fd 03 01 29 6d 45 ff ]
02-20 16:27:40.870 E/mcu_services( 5539): MCU2APP : [ff fe fd 03 01 29 6d 45 ff ]
02-20 16:27:42.859 E/mcu_services( 5539): MCU2APP : [ff fe fd 03 01 29 6d 45 ff ]
02-20 16:27:44.849 E/mcu_services( 5539): MCU2APP : [ff fe fd 03 01 29 6d 45 ff ]
02-20 16:27:46.837 E/mcu_services( 5539): MCU2APP : [ff fe fd 03 01 29 6d 45 ff ]
02-20 16:27:48.826 E/mcu_services( 5539): MCU2APP : [ff fe fd 03 01 29 6d 45 ff ]
02-20 16:27:50.815 E/mcu_services( 5539): MCU2APP : [ff fe fd 03 01 29 6d 45 ff ]
02-20 16:27:52.804 E/mcu_services( 5539): MCU2APP : [ff fe fd 03 01 29 6d 45 ff ]
02-20 16:27:54.792 E/mcu_services( 5539): MCU2APP : [ff fe fd 03 01 29 6d 45 ff ]
02-20 16:27:56.781 E/mcu_services( 5539): MCU2APP : [ff fe fd 03 01 29 6d 45 ff ]
02-20 16:27:58.770 E/mcu_services( 5539): MCU2APP : [ff fe fd 03 01 29 6d 45 ff ]
02-20 16:28:00.759 E/mcu_services( 5539): MCU2APP : [ff fe fd 03 01 29 6d 45 ff ]
02-20 16:28:02.747 E/mcu_services( 5539): MCU2APP : [ff fe fd 03 01 29 6d 45 ff ]
02-20 16:28:03.844 D/K706RadioManager(27006): Got IMcuManager instance: android.qf.mcu.IMcuManager$Stub$Proxy@d756328
02-20 16:28:03.844 D/K706RadioManager(27006): Permissions requested successfully (Transact 1001)
02-20 16:28:03.844 D/K706RadioManager(27006): IMcuListener.Stub class found: android.qf.mcu.IMcuListener$Stub
02-20 16:28:03.844 D/K706RadioManager(27006):   Stub method: asInterface modifiers=9
02-20 16:28:03.844 D/K706RadioManager(27006):   Stub method: getDefaultImpl modifiers=9
02-20 16:28:03.845 D/K706RadioManager(27006):   Stub method: setDefaultImpl modifiers=9
02-20 16:28:03.845 D/K706RadioManager(27006):   Stub method: asBinder modifiers=1
02-20 16:28:03.845 D/K706RadioManager(27006):   Stub method: onTransact modifiers=1
02-20 16:28:03.845 D/K706RadioManager(27006): IMcuListener proxy created via Stub.asInterface: android.qf.mcu.IMcuListener$Stub$Proxy
02-20 16:28:03.845 E/mcu_services( 5539): RPC_RequestMcuInfoChangedListener - packageName: com.example.openradiofm
02-20 16:28:03.845 E/mcu_services( 5539): getReceiver - start - mReceivers.size: 4
02-20 16:28:03.845 E/mcu_services( 5539): create Receiver obj - mUid: 10131 - mPid: 27006 - mPackageName: com.example.openradiofm - mListener: android.qf.mcu.IMcuListener$Stub$Proxy@c3f575a - mKey: android.os.BinderProxy@2aebb05
02-20 16:28:03.846 E/mcu_services( 5539): Receiver - create obj: com.qf.framework.mcu.McuManagerService$Receiver@2aebb05
02-20 16:28:03.846 E/mcu_services( 5539): getReceiver - end - mReceivers.size: 5
02-20 16:28:03.846 D/K706RadioManager(27006): ✓ Registered IMcuListener (AIDL Binder) successfully!
02-20 16:28:03.846 D/K706RadioManager(27006): RPC_SendMcuMsgData: OK
02-20 16:28:03.846 D/K706RadioManager(27006): RPC_SendMcuCmdData: OK
02-20 16:28:03.846 D/K706RadioManager(27006): RPC_SetVolumeMute(boolean): OK
02-20 16:28:03.846 D/K706RadioManager(27006): RPC_GetChannel: OK
02-20 16:28:03.846 D/K706RadioManager(27006): RPC_SetChannel(byte): OK
02-20 16:28:03.846 W/K706RadioManager(27006): QFTunerManager class not found - sendCmd MCU directo será el único canal
02-20 16:28:03.846 D/K706RadioManager(27006): === Métodos disponibles en IMcuManager ===
02-20 16:28:03.847 D/K706RadioManager(27006):   RPC_GetAmpSwitch() -> boolean
02-20 16:28:03.847 D/K706RadioManager(27006):   RPC_GetChannel() -> byte
02-20 16:28:03.848 D/K706RadioManager(27006):   RPC_GetEQData() -> byte[]
02-20 16:28:03.848 D/K706RadioManager(27006):   RPC_GetGisVoiceState() -> byte
02-20 16:28:03.848 D/K706RadioManager(27006):   RPC_GetMcuVer() -> byte[]
02-20 16:28:03.848 D/K706RadioManager(27006):   RPC_GetVolume() -> byte
02-20 16:28:03.848 D/K706RadioManager(27006):   RPC_GetVolumeMute() -> boolean
02-20 16:28:03.848 D/K706RadioManager(27006):   RPC_KeyCommand(byte, byte[]) -> void
02-20 16:28:03.848 D/K706RadioManager(27006):   RPC_McuCallbackFinished(IMcuListener) -> void
02-20 16:28:03.848 D/K706RadioManager(27006):   RPC_RemoveMcuInfoChangedListener(IMcuListener, String) -> void
02-20 16:28:03.848 D/K706RadioManager(27006):   RPC_RequestMcuInfoChangedListener(IMcuListener, String) -> void
02-20 16:28:03.848 D/K706RadioManager(27006):   RPC_SendAndroidStatus(int) -> void
02-20 16:28:03.848 D/K706RadioManager(27006):   RPC_SendCANInfo(byte[], int) -> void
02-20 16:28:03.848 D/K706RadioManager(27006):   RPC_SendHeadLightState(boolean) -> void
02-20 16:28:03.848 D/K706RadioManager(27006):   RPC_SendMCUData(byte[], int) -> void
02-20 16:28:03.848 D/K706RadioManager(27006):   RPC_SendMcuCmdData(byte, byte[], int) -> void
02-20 16:28:03.848 D/K706RadioManager(27006):   RPC_SendMcuMsgData(byte, byte[], int) -> void
02-20 16:28:03.848 D/K706RadioManager(27006):   RPC_SendSetQicaideng(byte[], int) -> void
02-20 16:28:03.848 D/K706RadioManager(27006):   RPC_SetAmpSwitch(boolean) -> void
02-20 16:28:03.848 D/K706RadioManager(27006):   RPC_SetChannel(byte) -> void
02-20 16:28:03.848 D/K706RadioManager(27006):   RPC_SetChannelGain(byte) -> void
02-20 16:28:03.848 D/K706RadioManager(27006):   RPC_SetCodecStatus(boolean) -> void
02-20 16:28:03.848 D/K706RadioManager(27006):   RPC_SetEQData(byte[]) -> void
02-20 16:28:03.848 D/K706RadioManager(27006):   RPC_SetGisVoice(byte) -> void
02-20 16:28:03.848 D/K706RadioManager(27006):   RPC_SetVolume(byte) -> void
02-20 16:28:03.848 D/K706RadioManager(27006):   RPC_SetVolumeMute(boolean) -> void
02-20 16:28:03.848 D/K706RadioManager(27006):   RPC_SetVolumeMuteEx(boolean, byte) -> void
02-20 16:28:03.849 D/K706RadioManager(27006):   RPC_SetVolumeMuteNoBroadcast(boolean) -> void
02-20 16:28:03.849 D/K706RadioManager(27006):   RPC_UpdateMCU(byte) -> void
02-20 16:28:03.849 D/K706RadioManager(27006):   RPC_UsbUpgrade(byte) -> void
02-20 16:28:03.849 D/K706RadioManager(27006): === INICIO SECUENCIA AUDIO FM V7.2d ===
02-20 16:28:03.849 E/mcu_services( 5539): RPC_SetVolumeMute - isMute: true
02-20 16:28:03.849 E/mcu_services( 5539): requestMute - isMute: true - time: 0 fromWhatPid=27006
02-20 16:28:03.849 E/mcu_services( 5539): APP2MCU - writeToUartNormal : [ff fd fe 04 01 82 01 00 82 ff ]
02-20 16:28:03.850 D/K706RadioManager(27006): Mute set to: true
02-20 16:28:03.850 D/K706RadioManager(27006): [1/7] setMute(true) OK
02-20 16:28:03.850 E/mcu_services( 5539): APP2MCU - writeToUartNormal : [ff fd fe 05 01 a0 0a 01 00 aa ff ]
02-20 16:28:03.851 D/K706RadioManager(27006): CMD Enviado: sub=0x0A p1=0x01 p2=0x00
02-20 16:28:03.851 D/K706RadioManager(27006): [2/9] Radio Area/LOC notification sent (sendCmd)
02-20 16:28:03.855 E/mcu_services( 5539): APP2MCU - writeToUart: [ff fd fe 07 01 40 2e c4 01 8b af 8e ff ]
02-20 16:28:03.861 E/mcu_services( 5539): MCU2APP : [ff fe fd 03 02 82 01 81 ff ]
02-20 16:28:03.864 E/McuManager( 4137): call RPC_SetChannel(4) from 4137
02-20 16:28:03.864 E/mcu_services( 5539): RPC_SetChannel - mode: 4 fromWhatpid=4137
02-20 16:28:03.864 E/mcu_services( 5539): audio channel change to MPU, current_audio_source=nothing
02-20 16:28:03.864 E/mcu_services( 5539): setVolType - oldVolType: media_type - newVolType: media_type - mode: 4 isCallStart=false
02-20 16:28:03.864 E/mcu_services( 5539): RPC_SetChannel - type: media_type - volume: 12
02-20 16:28:03.865 E/mcu_services( 5539): APP2MCU - writeToUartNormal : [ff fd fe 04 01 84 04 0c 8d ff ]
02-20 16:28:03.867 D/K706RadioManager(27006): Audio Focus Granted
02-20 16:28:03.867 D/K706RadioManager(27006): [3/7] requestAudioFocus - PID 4140 debería responder con SetChannel(2)
02-20 16:28:03.871 E/mcu_services( 5539): MCU2APP : [ff fe fd 03 02 84 04 82 ff ]
02-20 16:28:03.886 E/mcu_services( 5539): APP2MCU - writeToUart: [ff fd fe 07 01 40 2e c4 01 8b af 8e ff ]
02-20 16:28:03.968 D/K706RadioManager(27006): [5/7] Canal actual: 4
02-20 16:28:03.968 D/K706RadioManager(27006): [5/7] Canal NO es FM, forzando SetChannel(2)...
02-20 16:28:03.968 E/mcu_services( 5539): RPC_SetChannel - mode: 2 fromWhatpid=27006
02-20 16:28:03.968 E/mcu_services( 5539): audio channel change to MPU, current_audio_source=com.example.openradiofm
02-20 16:28:03.968 E/mcu_services( 5539): setVolType - oldVolType: media_type - newVolType: radio_type - mode: 2 isCallStart=false
02-20 16:28:03.969 E/mcu_services( 5539): RPC_SetChannel - type: radio_type - volume: 6
02-20 16:28:03.970 E/mcu_services( 5539): APP2MCU - writeToUartNormal : [ff fd fe 04 01 84 02 06 81 ff ]
02-20 16:28:03.971 D/K706RadioManager(27006): [5/7] RPC_SetChannel(2) forzado OK
02-20 16:28:03.974 D/K706RadioManager(27006): Set Audio Params: fm_radio_on=1;fm_mute=0
02-20 16:28:03.974 D/K706RadioManager(27006): [6/7] setAudioParams(on)
02-20 16:28:03.974 E/mcu_services( 5539): RPC_SetVolumeMute - isMute: false
02-20 16:28:03.974 E/mcu_services( 5539): requestMute - isMute: false - time: 0 fromWhatPid=27006
02-20 16:28:03.974 E/mcu_services( 5539): APP2MCU - writeToUartNormal : [ff fd fe 04 01 82 00 00 83 ff ]
02-20 16:28:03.975 D/K706RadioManager(27006): Mute set to: false
02-20 16:28:03.975 D/K706RadioManager(27006): [7/7] setMute(false) OK
02-20 16:28:03.975 D/K706RadioManager(27006): RDS CMD Enviado: 0xA2 ptyType=0
02-20 16:28:03.975 D/K706RadioManager(27006): [9/9] Reset filtro PTY (sendRdsCmd)
02-20 16:28:03.975 D/K706RadioManager(27006): === FIN SECUENCIA AUDIO FM V7.2d ===
02-20 16:28:03.975 D/K706RadioManager(27006): K706RadioManager initialized and connected.
02-20 16:28:03.975 D/K706RadioManager(27006): Callback registrado
02-20 16:28:03.976 E/mcu_services( 5539): APP2MCU - writeToUart: [ff fd fe 03 01 a2 00 a3 ff ]
02-20 16:28:03.977 E/mcu_services( 5539): APP2MCU - writeToUart: [ff fd fe 07 01 40 2e c4 01 85 b5 9a ff ]
02-20 16:28:03.984 D/K706RadioManager(27006): Estado sincronizado manual: 87500 / B0
02-20 16:28:03.990 E/mcu_services( 5539): MCU2APP : [ff fe fd 12 01 b1 00 00 24 04 23 aa 23 32 26 52 29 72 2a 26 22 56 5f ff ]
02-20 16:28:03.991 E/mcu_services( 5539): MCU2APP : [ff fe fd 03 01 b0 30 81 ff ]
02-20 16:28:03.991 E/mcu_services( 5539): MCU2APP : [ff fe fd 03 01 b3 0c be ff ]
02-20 16:28:03.991 E/mcu_services( 5539): MCU2APP : [ff fe fd 03 02 84 02 84 ff ]
02-20 16:28:03.991 D/TunerPresenter(12107): handleTunerRawData: b1 0 0 24 4 23 aa 23 32 26 52 29 72 2a 26 22 56 
02-20 16:28:03.991 E/mcu_services( 5539): MCU2APP : [ff fe fd 12 01 b1 00 00 24 04 23 aa 23 32 26 52 29 72 2a 26 22 56 5f ff ]
02-20 16:28:03.992 E/mcu_services( 5539): MCU2APP : [ff fe fd 03 01 b0 30 81 ff ]
02-20 16:28:03.992 E/mcu_services( 5539): MCU2APP : [ff fe fd 03 01 b3 0c be ff ]
02-20 16:28:03.992 D/TunerManagerForExt(12107): FMRadio main (TunerManagerForExt.java:147) onTunerPresetListChanged:  - mBand: 0 - mPresetIndex: 0 - mFrequency: 9220 - index: 0 - preset: 9130 - index: 1 - preset: 9010 - index: 2 - preset: 9810 - index: 3 - preset: 10610 - index: 4 - preset: 10790 - index: 5 - preset: 8790
02-20 16:28:03.992 E/mcu_services( 5539): MCU2APP : [ff fe fd 03 02 82 00 80 ff ]
02-20 16:28:03.992 E/mcu_services( 5539): sendAckSuccess : [ff fd fe 02 02 b3 b1 ff ]
02-20 16:28:03.993 E/mcu_services( 5539): APP2MCU - writeToUart: [ff fd fe 02 02 b3 b1 ff ]
02-20 16:28:03.993 E/mcu_services( 5539): ---发送队列剩余数据 --0 [ff fd fe 03 01 a2 00 a3 ff ]
02-20 16:28:03.993 D/K706RadioManager(27006): IMcuListener.onTransact: code=1 flags=16
02-20 16:28:03.993 E/mcu_services( 5539): sendAckSuccess : [ff fd fe 02 02 b3 b1 ff ]
02-20 16:28:03.993 E/mcu_services( 5539): APP2MCU - writeToUart: [ff fd fe 02 02 b3 b1 ff ]
02-20 16:28:03.993 E/mcu_services( 5539): ---发送队列剩余数据 --0 [ff fd fe 03 01 a2 00 a3 ff ]
02-20 16:28:03.999 D/K706RadioManager(27006): >>> IMcuListener.onMcuInfoChanged received! data=B1 00 00 24 04 23 AA 23 32 26 52 29 72 2A 26 22 56 
02-20 16:28:04.007 D/K706RadioManager(27006): MCU[0xB1] len=17 : B1 00 00 24 04 23 AA 23 32 26 52 29 72 2A 26 22 56 
02-20 16:28:04.007 D/K706RadioManager(27006): PresetList: band=0 presetIdx=0 currentFreq=9220 firstFreq=9220 (offset=3)
02-20 16:28:04.007 D/K706RadioManager(27006): PresetList: band reportada=0 (ignorada, mCurrentBand=0)
02-20 16:28:04.008 E/mcu_services( 5539): APP2MCU - writeToUart: [ff fd fe 07 01 40 2e c4 01 05 35 9a ff ]
02-20 16:28:04.008 D/K706RadioManager(27006): >>> FREQ: 87500 -> 92200 (MCU=9220, 92,20 MHz)
02-20 16:28:04.009 D/TunerPresenter(12107): handleTunerRawData: b0 30 
02-20 16:28:04.009 D/TunerManagerForExt(12107): FMRadio main (TunerManagerForExt.java:108) onTunerInfoChanged: onTunerInfoChanged - flag: 48 - asFlag: 0 - psFlag: 0 - scanFlag: 0 - seekFlag: 0 - mStFlag: 1 - mLocFlag: 1 - mIsSearching: false - mTempSearching: false
02-20 16:28:04.010 D/TunerManagerForExt(12107): FMRadio main (TunerManagerForExt.java:118) onTunerInfoChanged: mIsSearching: false - mTempSearching: false - asFlag: 0 - seekFlag: 0
02-20 16:28:04.010 D/K706RadioManager(27006): IMcuListener.onTransact: code=1 flags=16
02-20 16:28:04.011 D/K706RadioManager(27006): >>> IMcuListener.onMcuInfoChanged received! data=B0 30 
02-20 16:28:04.012 D/K706RadioManager(27006): MCU[0xB0] len=2 : B0 30 
02-20 16:28:04.012 D/K706RadioManager(27006): TunerInfo: flags=0x30 save=false AS=false finish=true valid=true ST=false LOC=false seek=false scan=false
02-20 16:28:04.013 D/TunerPresenter(12107): handleTunerRawData: b3 c 
02-20 16:28:04.014 D/K706RadioManager(27006): IMcuListener.onTransact: code=1 flags=16
02-20 16:28:04.015 D/K706RadioManager(27006): >>> IMcuListener.onMcuInfoChanged received! data=B3 0C 
02-20 16:28:04.016 D/K706RadioManager(27006): MCU[0xB3] len=2 : B3 0C 
02-20 16:28:04.017 D/K706RadioManager(27006): RDS B3 Flags: 0x0C
02-20 16:28:04.019 D/K706RadioManager(27006): IMcuListener.onTransact: code=1 flags=16
02-20 16:28:04.021 D/K706RadioManager(27006): >>> IMcuListener.onMcuInfoChanged received! data=B1 00 00 24 04 23 AA 23 32 26 52 29 72 2A 26 22 56 
02-20 16:28:04.022 D/TunerManagerForExt(12107): FMRadio main (TunerManagerForExt.java:174) onTuneRdsInfo: onTuneRdsInfo - flag: 12 - mRdsAFSwitch: 0 - mRdsTASwitch: 0
02-20 16:28:04.023 D/TunerPresenter(12107): handleTunerRawData: b1 0 0 24 4 23 aa 23 32 26 52 29 72 2a 26 22 56 
02-20 16:28:04.024 D/TunerManagerForExt(12107): FMRadio main (TunerManagerForExt.java:147) onTunerPresetListChanged:  - mBand: 0 - mPresetIndex: 0 - mFrequency: 9220 - index: 0 - preset: 9130 - index: 1 - preset: 9010 - index: 2 - preset: 9810 - index: 3 - preset: 10610 - index: 4 - preset: 10790 - index: 5 - preset: 8790
02-20 16:28:04.024 D/K706RadioManager(27006): MCU[0xB1] len=17 : B1 00 00 24 04 23 AA 23 32 26 52 29 72 2A 26 22 56 
02-20 16:28:04.024 D/K706RadioManager(27006): PresetList: band=0 presetIdx=0 currentFreq=9220 firstFreq=9220 (offset=3)
02-20 16:28:04.024 D/K706RadioManager(27006): PresetList: band reportada=0 (ignorada, mCurrentBand=0)
02-20 16:28:04.025 D/K706RadioManager(27006): IMcuListener.onTransact: code=1 flags=16
02-20 16:28:04.026 D/K706RadioManager(27006): >>> IMcuListener.onMcuInfoChanged received! data=B0 30 
02-20 16:28:04.027 D/K706RadioManager(27006): MCU[0xB0] len=2 : B0 30 
02-20 16:28:04.027 D/K706RadioManager(27006): TunerInfo: flags=0x30 save=false AS=false finish=true valid=true ST=false LOC=false seek=false scan=false
02-20 16:28:04.028 D/K706RadioManager(27006): IMcuListener.onTransact: code=1 flags=16
02-20 16:28:04.029 D/K706RadioManager(27006): >>> IMcuListener.onMcuInfoChanged received! data=B3 0C 
02-20 16:28:04.029 D/K706RadioManager(27006): MCU[0xB3] len=2 : B3 0C 
02-20 16:28:04.030 D/K706RadioManager(27006): RDS B3 Flags: 0x0C
02-20 16:28:04.033 D/TunerPresenter(12107): handleTunerRawData: b0 30 
02-20 16:28:04.033 D/TunerManagerForExt(12107): FMRadio main (TunerManagerForExt.java:108) onTunerInfoChanged: onTunerInfoChanged - flag: 48 - asFlag: 0 - psFlag: 0 - scanFlag: 0 - seekFlag: 0 - mStFlag: 1 - mLocFlag: 1 - mIsSearching: false - mTempSearching: false
02-20 16:28:04.033 D/TunerManagerForExt(12107): FMRadio main (TunerManagerForExt.java:118) onTunerInfoChanged: mIsSearching: false - mTempSearching: false - asFlag: 0 - seekFlag: 0
02-20 16:28:04.034 D/TunerPresenter(12107): handleTunerRawData: b3 c 
02-20 16:28:04.038 D/TunerManagerForExt(12107): FMRadio main (TunerManagerForExt.java:174) onTuneRdsInfo: onTuneRdsInfo - flag: 12 - mRdsAFSwitch: 0 - mRdsTASwitch: 0
02-20 16:28:04.077 E/mcu_services( 5539): APP2MCU - writeToUart: [ff fd fe 03 01 a2 00 a3 ff ]
02-20 16:28:04.131 E/mcu_services( 5539): MCU2APP : [ff fe fd 12 01 b1 00 00 24 04 23 aa 23 32 26 52 29 72 2a 26 22 56 5f ff ]
02-20 16:28:04.131 E/mcu_services( 5539): MCU2APP : [ff fe fd 03 01 b0 30 81 ff ]
02-20 16:28:04.132 D/TunerPresenter(12107): handleTunerRawData: b1 0 0 24 4 23 aa 23 32 26 52 29 72 2a 26 22 56 
02-20 16:28:04.133 D/TunerManagerForExt(12107): FMRadio main (TunerManagerForExt.java:147) onTunerPresetListChanged:  - mBand: 0 - mPresetIndex: 0 - mFrequency: 9220 - index: 0 - preset: 9130 - index: 1 - preset: 9010 - index: 2 - preset: 9810 - index: 3 - preset: 10610 - index: 4 - preset: 10790 - index: 5 - preset: 8790
02-20 16:28:04.133 D/K706RadioManager(27006): IMcuListener.onTransact: code=1 flags=16
02-20 16:28:04.136 D/K706RadioManager(27006): >>> IMcuListener.onMcuInfoChanged received! data=B1 00 00 24 04 23 AA 23 32 26 52 29 72 2A 26 22 56 
02-20 16:28:04.141 D/K706RadioManager(27006): MCU[0xB1] len=17 : B1 00 00 24 04 23 AA 23 32 26 52 29 72 2A 26 22 56 
02-20 16:28:04.141 D/K706RadioManager(27006): PresetList: band=0 presetIdx=0 currentFreq=9220 firstFreq=9220 (offset=3)
02-20 16:28:04.141 D/K706RadioManager(27006): PresetList: band reportada=0 (ignorada, mCurrentBand=0)
02-20 16:28:04.144 D/K706RadioManager(27006): IMcuListener.onTransact: code=1 flags=16
02-20 16:28:04.145 D/K706RadioManager(27006): >>> IMcuListener.onMcuInfoChanged received! data=B0 30 
02-20 16:28:04.145 D/TunerPresenter(12107): handleTunerRawData: b0 30 
02-20 16:28:04.145 D/TunerManagerForExt(12107): FMRadio main (TunerManagerForExt.java:108) onTunerInfoChanged: onTunerInfoChanged - flag: 48 - asFlag: 0 - psFlag: 0 - scanFlag: 0 - seekFlag: 0 - mStFlag: 1 - mLocFlag: 1 - mIsSearching: false - mTempSearching: false
02-20 16:28:04.145 D/TunerManagerForExt(12107): FMRadio main (TunerManagerForExt.java:118) onTunerInfoChanged: mIsSearching: false - mTempSearching: false - asFlag: 0 - seekFlag: 0
02-20 16:28:04.147 D/K706RadioManager(27006): MCU[0xB0] len=2 : B0 30 
02-20 16:28:04.147 D/K706RadioManager(27006): TunerInfo: flags=0x30 save=false AS=false finish=true valid=true ST=false LOC=false seek=false scan=false
02-20 16:28:04.159 E/mcu_services( 5539): APP2MCU - writeToUart: [ff fd fe 08 01 40 2e c0 02 0c 30 01 90 ff ]
02-20 16:28:04.177 E/mcu_services( 5539): APP2MCU - writeToUart: [ff fd fe 03 01 a2 00 a3 ff ]
02-20 16:28:04.277 E/mcu_services( 5539): APP2MCU - writeToUart: [ff fd fe 03 01 a2 00 a3 ff ]
02-20 16:28:04.378 E/mcu_services( 5539): may be clear send failed data: [ff fd fe 03 01 a2 00 a3 ff ]
02-20 16:28:04.825 E/mcu_services( 5539): MCU2APP : [ff fe fd 03 01 29 6d 45 ff ]
02-20 16:28:04.827 D/K706RadioManager(27006): IMcuListener.onTransact: code=1 flags=16
02-20 16:28:04.828 D/K706RadioManager(27006): >>> IMcuListener.onMcuInfoChanged received! data=29 6D 
02-20 16:28:04.828 D/K706RadioManager(27006): MCU[0x29] len=2 : 29 6D 
02-20 16:28:04.828 D/K706RadioManager(27006): Unknown MCU packet type: 0x29
02-20 16:28:05.485 E/mcu_services( 5539): MCU2APP : [ff fe fd 03 01 b4 05 b0 ff ]
02-20 16:28:05.485 E/mcu_services( 5539): MCU2APP : [ff fe fd 04 01 b5 01 0a bf ff ]
02-20 16:28:05.486 E/mcu_services( 5539): sendAckSuccess : [ff fd fe 02 02 b4 b6 ff ]
02-20 16:28:05.486 E/mcu_services( 5539): APP2MCU - writeToUart: [ff fd fe 02 02 b4 b6 ff ]
02-20 16:28:05.486 E/mcu_services( 5539): sendAckSuccess : [ff fd fe 02 02 b5 b7 ff ]
02-20 16:28:05.486 E/mcu_services( 5539): APP2MCU - writeToUart: [ff fd fe 02 02 b5 b7 ff ]
02-20 16:28:05.487 D/TunerPresenter(12107): handleTunerRawData: b4 5 
02-20 16:28:05.487 D/TunerManagerForExt(12107): FMRadio main (TunerManagerForExt.java:195) onTuneRdsIndicateInfo: onTuneRdsIndicateInfo - flag: 5 - mRdsSwitch: 1
02-20 16:28:05.488 D/K706RadioManager(27006): IMcuListener.onTransact: code=1 flags=16
02-20 16:28:05.489 D/K706RadioManager(27006): >>> IMcuListener.onMcuInfoChanged received! data=B4 05 
02-20 16:28:05.490 D/K706RadioManager(27006): MCU[0xB4] len=2 : B4 05 
02-20 16:28:05.490 D/K706RadioManager(27006): RDS B4 Flags: 0x05
02-20 16:28:05.491 D/TunerPresenter(12107): handleTunerRawData: b5 1 a 
02-20 16:28:05.491 D/TunerManagerForExt(12107): FMRadio main (TunerManagerForExt.java:220) onTuneRdsPtyTypeInfo: onTuneRdsPtyTypeInfo - mRdsPtyType: 1
02-20 16:28:05.492 D/K706RadioManager(27006): IMcuListener.onTransact: code=1 flags=16
02-20 16:28:05.493 D/K706RadioManager(27006): >>> IMcuListener.onMcuInfoChanged received! data=B5 01 0A 
02-20 16:28:05.493 D/K706RadioManager(27006): MCU[0xB5] len=3 : B5 01 0A 
02-20 16:28:05.494 D/K706RadioManager(27006): RDS PTY (0xB5): 1 (raw=B5 01 0A )
02-20 16:28:06.815 E/mcu_services( 5539): MCU2APP : [ff fe fd 03 01 29 6d 45 ff ]
02-20 16:28:06.818 D/K706RadioManager(27006): IMcuListener.onTransact: code=1 flags=16
02-20 16:28:06.819 D/K706RadioManager(27006): >>> IMcuListener.onMcuInfoChanged received! data=29 6D 
02-20 16:28:06.820 D/K706RadioManager(27006): MCU[0x29] len=2 : 29 6D 
02-20 16:28:06.820 D/K706RadioManager(27006): Unknown MCU packet type: 0x29
02-20 16:28:08.803 E/mcu_services( 5539): MCU2APP : [ff fe fd 03 01 29 6d 45 ff ]
02-20 16:28:08.808 D/K706RadioManager(27006): IMcuListener.onTransact: code=1 flags=16
02-20 16:28:08.809 D/K706RadioManager(27006): >>> IMcuListener.onMcuInfoChanged received! data=29 6D 
02-20 16:28:08.810 D/K706RadioManager(27006): MCU[0x29] len=2 : 29 6D 
02-20 16:28:08.810 D/K706RadioManager(27006): Unknown MCU packet type: 0x29
02-20 16:28:09.079 E/mcu_services( 5539): APP2MCU - writeToUartNormal : [ff fd fe 05 01 a0 00 22 ce 4d ff ]
02-20 16:28:09.080 D/K706RadioManager(27006): CMD Enviado: sub=0x00 p1=0x22 p2=0xCE
02-20 16:28:09.080 D/K706RadioManager(27006): gotoFreq: input=89100 mcuFreq=8910 (h=0x22 l=0xCE)
02-20 16:28:09.147 E/mcu_services( 5539): MCU2APP : [ff fe fd 03 01 b0 30 81 ff ]
02-20 16:28:09.149 D/TunerPresenter(12107): handleTunerRawData: b0 30 
02-20 16:28:09.149 D/TunerManagerForExt(12107): FMRadio main (TunerManagerForExt.java:108) onTunerInfoChanged: onTunerInfoChanged - flag: 48 - asFlag: 0 - psFlag: 0 - scanFlag: 0 - seekFlag: 0 - mStFlag: 1 - mLocFlag: 1 - mIsSearching: false - mTempSearching: false
02-20 16:28:09.149 D/TunerManagerForExt(12107): FMRadio main (TunerManagerForExt.java:118) onTunerInfoChanged: mIsSearching: false - mTempSearching: false - asFlag: 0 - seekFlag: 0
02-20 16:28:09.150 D/K706RadioManager(27006): IMcuListener.onTransact: code=1 flags=16
02-20 16:28:09.151 D/K706RadioManager(27006): >>> IMcuListener.onMcuInfoChanged received! data=B0 30 
02-20 16:28:09.152 D/K706RadioManager(27006): MCU[0xB0] len=2 : B0 30 
02-20 16:28:09.153 D/K706RadioManager(27006): TunerInfo: flags=0x30 save=false AS=false finish=true valid=true ST=false LOC=false seek=false scan=false
02-20 16:28:09.215 E/mcu_services( 5539): MCU2APP : [ff fe fd 03 01 b4 00 b5 ff ]
02-20 16:28:09.215 E/mcu_services( 5539): sendAckSuccess : [ff fd fe 02 02 b4 b6 ff ]
02-20 16:28:09.215 E/mcu_services( 5539): MCU2APP : [ff fe fd 12 01 b1 00 00 22 ce 23 aa 23 32 26 52 29 72 2a 26 22 56 93 ff ]
02-20 16:28:09.215 E/mcu_services( 5539): APP2MCU - writeToUart: [ff fd fe 02 02 b4 b6 ff ]
02-20 16:28:09.216 D/TunerPresenter(12107): handleTunerRawData: b4 0 
02-20 16:28:09.216 D/TunerManagerForExt(12107): FMRadio main (TunerManagerForExt.java:195) onTuneRdsIndicateInfo: onTuneRdsIndicateInfo - flag: 0 - mRdsSwitch: 0
02-20 16:28:09.217 D/K706RadioManager(27006): IMcuListener.onTransact: code=1 flags=16
02-20 16:28:09.218 D/K706RadioManager(27006): >>> IMcuListener.onMcuInfoChanged received! data=B4 00 
02-20 16:28:09.219 D/K706RadioManager(27006): MCU[0xB4] len=2 : B4 00 
02-20 16:28:09.220 D/K706RadioManager(27006): RDS B4 Flags: 0x00
02-20 16:28:09.222 D/TunerPresenter(12107): handleTunerRawData: b1 0 0 22 ce 23 aa 23 32 26 52 29 72 2a 26 22 56 
02-20 16:28:09.222 D/TunerManagerForExt(12107): FMRadio main (TunerManagerForExt.java:147) onTunerPresetListChanged:  - mBand: 0 - mPresetIndex: 0 - mFrequency: 8910 - index: 0 - preset: 9130 - index: 1 - preset: 9010 - index: 2 - preset: 9810 - index: 3 - preset: 10610 - index: 4 - preset: 10790 - index: 5 - preset: 8790
02-20 16:28:09.224 D/K706RadioManager(27006): IMcuListener.onTransact: code=1 flags=16
02-20 16:28:09.229 D/K706RadioManager(27006): >>> IMcuListener.onMcuInfoChanged received! data=B1 00 00 22 CE 23 AA 23 32 26 52 29 72 2A 26 22 56 
02-20 16:28:09.233 D/K706RadioManager(27006): MCU[0xB1] len=17 : B1 00 00 22 CE 23 AA 23 32 26 52 29 72 2A 26 22 56 
02-20 16:28:09.233 D/K706RadioManager(27006): PresetList: band=0 presetIdx=0 currentFreq=8910 firstFreq=8910 (offset=3)
02-20 16:28:09.233 D/K706RadioManager(27006): PresetList: band reportada=0 (ignorada, mCurrentBand=0)
02-20 16:28:09.363 E/mcu_services( 5539): MCU2APP : [ff fe fd 03 01 b4 04 b1 ff ]
02-20 16:28:09.364 E/mcu_services( 5539): MCU2APP : [ff fe fd 04 01 b5 01 0a bf ff ]
02-20 16:28:09.364 E/mcu_services( 5539): sendAckSuccess : [ff fd fe 02 02 b4 b6 ff ]
02-20 16:28:09.364 E/mcu_services( 5539): APP2MCU - writeToUart: [ff fd fe 02 02 b4 b6 ff ]
02-20 16:28:09.364 E/mcu_services( 5539): sendAckSuccess : [ff fd fe 02 02 b5 b7 ff ]
02-20 16:28:09.364 E/mcu_services( 5539): APP2MCU - writeToUart: [ff fd fe 02 02 b5 b7 ff ]
02-20 16:28:09.364 D/TunerPresenter(12107): handleTunerRawData: b4 4 
02-20 16:28:09.364 D/TunerManagerForExt(12107): FMRadio main (TunerManagerForExt.java:195) onTuneRdsIndicateInfo: onTuneRdsIndicateInfo - flag: 4 - mRdsSwitch: 1
02-20 16:28:09.366 D/K706RadioManager(27006): IMcuListener.onTransact: code=1 flags=16
02-20 16:28:09.367 D/K706RadioManager(27006): >>> IMcuListener.onMcuInfoChanged received! data=B4 04 
02-20 16:28:09.368 D/K706RadioManager(27006): MCU[0xB4] len=2 : B4 04 
02-20 16:28:09.368 D/K706RadioManager(27006): RDS B4 Flags: 0x04
02-20 16:28:09.369 D/TunerPresenter(12107): handleTunerRawData: b5 1 a 
02-20 16:28:09.369 D/TunerManagerForExt(12107): FMRadio main (TunerManagerForExt.java:220) onTuneRdsPtyTypeInfo: onTuneRdsPtyTypeInfo - mRdsPtyType: 1
02-20 16:28:09.371 D/K706RadioManager(27006): IMcuListener.onTransact: code=1 flags=16
02-20 16:28:09.372 D/K706RadioManager(27006): >>> IMcuListener.onMcuInfoChanged received! data=B5 01 0A 
02-20 16:28:09.373 D/K706RadioManager(27006): MCU[0xB5] len=3 : B5 01 0A 
02-20 16:28:09.374 D/K706RadioManager(27006): RDS PTY (0xB5): 1 (raw=B5 01 0A )
02-20 16:28:10.901 E/mcu_services( 5539): MCU2APP : [ff fe fd 03 01 29 6d 45 ff ]
02-20 16:28:10.905 D/K706RadioManager(27006): IMcuListener.onTransact: code=1 flags=16
02-20 16:28:10.906 D/K706RadioManager(27006): >>> IMcuListener.onMcuInfoChanged received! data=29 6D 
02-20 16:28:10.907 D/K706RadioManager(27006): MCU[0x29] len=2 : 29 6D 
02-20 16:28:10.907 D/K706RadioManager(27006): Unknown MCU packet type: 0x29
02-20 16:28:10.953 E/mcu_services( 5539): MCU2APP : [ff fe fd 0a 01 b6 43 41 44 2d 31 30 30 20 cd ff ]
02-20 16:28:10.954 E/mcu_services( 5539): sendAckSuccess : [ff fd fe 02 02 b6 b4 ff ]
02-20 16:28:10.954 E/mcu_services( 5539): APP2MCU - writeToUart: [ff fd fe 02 02 b6 b4 ff ]
02-20 16:28:10.955 D/TunerPresenter(12107): handleTunerRawData: b6 43 41 44 2d 31 30 30 20 
02-20 16:28:10.955 D/TunerManagerForExt(12107): FMRadio main (TunerManagerForExt.java:234) onTuneRdsPSInfo: onTuneRdsPSInfo - len: 9 - data: b6 43 41 44 2d 31 30 30 20 
02-20 16:28:10.955 D/TunerManagerForExt(12107): FMRadio main (TunerManagerForExt.java:258) onTuneRdsPSInfo: onTuneRdsPSInfo - mRdsPsInfo: CAD-100 
02-20 16:28:10.957 D/K706RadioManager(27006): IMcuListener.onTransact: code=1 flags=16
02-20 16:28:10.960 D/K706RadioManager(27006): >>> IMcuListener.onMcuInfoChanged received! data=B6 43 41 44 2D 31 30 30 20 
02-20 16:28:10.962 D/K706RadioManager(27006): MCU[0xB6] len=9 : B6 43 41 44 2D 31 30 30 20 
02-20 16:28:10.962 D/K706RadioManager(27006): RDS PS: 'CAD-100'
02-20 16:28:12.890 E/mcu_services( 5539): MCU2APP : [ff fe fd 03 01 29 6d 45 ff ]
02-20 16:28:12.895 D/K706RadioManager(27006): IMcuListener.onTransact: code=1 flags=16
02-20 16:28:12.896 D/K706RadioManager(27006): >>> IMcuListener.onMcuInfoChanged received! data=29 6D 
02-20 16:28:12.896 D/K706RadioManager(27006): MCU[0x29] len=2 : 29 6D 
02-20 16:28:12.897 D/K706RadioManager(27006): Unknown MCU packet type: 0x29
02-20 16:28:13.467 E/mcu_services( 5539): APP2MCU - writeToUartNormal : [ff fd fe 05 01 a0 00 22 38 bb ff ]
02-20 16:28:13.467 D/K706RadioManager(27006): CMD Enviado: sub=0x00 p1=0x22 p2=0x38
02-20 16:28:13.468 D/K706RadioManager(27006): gotoFreq: input=87600 mcuFreq=8760 (h=0x22 l=0x38)
02-20 16:28:13.532 E/mcu_services( 5539): MCU2APP : [ff fe fd 03 01 b0 30 81 ff ]
02-20 16:28:13.534 D/TunerPresenter(12107): handleTunerRawData: b0 30 
02-20 16:28:13.534 D/TunerManagerForExt(12107): FMRadio main (TunerManagerForExt.java:108) onTunerInfoChanged: onTunerInfoChanged - flag: 48 - asFlag: 0 - psFlag: 0 - scanFlag: 0 - seekFlag: 0 - mStFlag: 1 - mLocFlag: 1 - mIsSearching: false - mTempSearching: false
02-20 16:28:13.534 D/TunerManagerForExt(12107): FMRadio main (TunerManagerForExt.java:118) onTunerInfoChanged: mIsSearching: false - mTempSearching: false - asFlag: 0 - seekFlag: 0
02-20 16:28:13.536 D/K706RadioManager(27006): IMcuListener.onTransact: code=1 flags=16
02-20 16:28:13.537 D/K706RadioManager(27006): >>> IMcuListener.onMcuInfoChanged received! data=B0 30 
02-20 16:28:13.538 D/K706RadioManager(27006): MCU[0xB0] len=2 : B0 30 
02-20 16:28:13.539 D/K706RadioManager(27006): TunerInfo: flags=0x30 save=false AS=false finish=true valid=true ST=false LOC=false seek=false scan=false
02-20 16:28:13.600 E/mcu_services( 5539): MCU2APP : [ff fe fd 03 01 b4 00 b5 ff ]
02-20 16:28:13.601 E/mcu_services( 5539): sendAckSuccess : [ff fd fe 02 02 b4 b6 ff ]
02-20 16:28:13.601 E/mcu_services( 5539): MCU2APP : [ff fe fd 12 01 b1 00 00 22 38 23 aa 23 32 26 52 29 72 2a 26 22 56 65 ff ]
02-20 16:28:13.601 E/mcu_services( 5539): APP2MCU - writeToUart: [ff fd fe 02 02 b4 b6 ff ]
02-20 16:28:13.602 D/TunerPresenter(12107): handleTunerRawData: b4 0 
02-20 16:28:13.603 D/TunerManagerForExt(12107): FMRadio main (TunerManagerForExt.java:195) onTuneRdsIndicateInfo: onTuneRdsIndicateInfo - flag: 0 - mRdsSwitch: 0
02-20 16:28:13.604 D/K706RadioManager(27006): IMcuListener.onTransact: code=1 flags=16
02-20 16:28:13.606 D/K706RadioManager(27006): >>> IMcuListener.onMcuInfoChanged received! data=B4 00 
02-20 16:28:13.607 D/K706RadioManager(27006): MCU[0xB4] len=2 : B4 00 
02-20 16:28:13.607 D/K706RadioManager(27006): RDS B4 Flags: 0x00
02-20 16:28:13.609 D/TunerPresenter(12107): handleTunerRawData: b1 0 0 22 38 23 aa 23 32 26 52 29 72 2a 26 22 56 
02-20 16:28:13.611 D/TunerManagerForExt(12107): FMRadio main (TunerManagerForExt.java:147) onTunerPresetListChanged:  - mBand: 0 - mPresetIndex: 0 - mFrequency: 8760 - index: 0 - preset: 9130 - index: 1 - preset: 9010 - index: 2 - preset: 9810 - index: 3 - preset: 10610 - index: 4 - preset: 10790 - index: 5 - preset: 8790
02-20 16:28:13.611 D/K706RadioManager(27006): IMcuListener.onTransact: code=1 flags=16
02-20 16:28:13.615 D/K706RadioManager(27006): >>> IMcuListener.onMcuInfoChanged received! data=B1 00 00 22 38 23 AA 23 32 26 52 29 72 2A 26 22 56 
02-20 16:28:13.619 D/K706RadioManager(27006): MCU[0xB1] len=17 : B1 00 00 22 38 23 AA 23 32 26 52 29 72 2A 26 22 56 
02-20 16:28:13.619 D/K706RadioManager(27006): PresetList: band=0 presetIdx=0 currentFreq=8760 firstFreq=8760 (offset=3)
02-20 16:28:13.619 D/K706RadioManager(27006): PresetList: band reportada=0 (ignorada, mCurrentBand=0)
02-20 16:28:14.236 E/mcu_services( 5539): MCU2APP : [ff fe fd 03 01 b4 05 b0 ff ]
02-20 16:28:14.236 E/mcu_services( 5539): MCU2APP : [ff fe fd 04 01 b5 01 0b be ff ]
02-20 16:28:14.236 E/mcu_services( 5539): sendAckSuccess : [ff fd fe 02 02 b4 b6 ff ]
02-20 16:28:14.236 E/mcu_services( 5539): APP2MCU - writeToUart: [ff fd fe 02 02 b4 b6 ff ]
02-20 16:28:14.237 E/mcu_services( 5539): sendAckSuccess : [ff fd fe 02 02 b5 b7 ff ]
02-20 16:28:14.237 E/mcu_services( 5539): APP2MCU - writeToUart: [ff fd fe 02 02 b5 b7 ff ]
02-20 16:28:14.238 D/TunerPresenter(12107): handleTunerRawData: b4 5 
02-20 16:28:14.238 D/TunerManagerForExt(12107): FMRadio main (TunerManagerForExt.java:195) onTuneRdsIndicateInfo: onTuneRdsIndicateInfo - flag: 5 - mRdsSwitch: 1
02-20 16:28:14.240 D/K706RadioManager(27006): IMcuListener.onTransact: code=1 flags=16
02-20 16:28:14.241 D/K706RadioManager(27006): >>> IMcuListener.onMcuInfoChanged received! data=B4 05 
02-20 16:28:14.242 D/K706RadioManager(27006): MCU[0xB4] len=2 : B4 05 
02-20 16:28:14.242 D/K706RadioManager(27006): RDS B4 Flags: 0x05
02-20 16:28:14.244 D/TunerPresenter(12107): handleTunerRawData: b5 1 b 
02-20 16:28:14.244 D/TunerManagerForExt(12107): FMRadio main (TunerManagerForExt.java:220) onTuneRdsPtyTypeInfo: onTuneRdsPtyTypeInfo - mRdsPtyType: 1
02-20 16:28:14.246 D/K706RadioManager(27006): IMcuListener.onTransact: code=1 flags=16
02-20 16:28:14.247 D/K706RadioManager(27006): >>> IMcuListener.onMcuInfoChanged received! data=B5 01 0B 
02-20 16:28:14.247 D/K706RadioManager(27006): MCU[0xB5] len=3 : B5 01 0B 
02-20 16:28:14.248 D/K706RadioManager(27006): RDS PTY (0xB5): 1 (raw=B5 01 0B )
02-20 16:28:14.988 E/mcu_services( 5539): MCU2APP : [ff fe fd 03 01 29 6d 45 ff ]
02-20 16:28:14.993 D/K706RadioManager(27006): IMcuListener.onTransact: code=1 flags=16
02-20 16:28:14.994 D/K706RadioManager(27006): >>> IMcuListener.onMcuInfoChanged received! data=29 6D 
02-20 16:28:14.995 D/K706RadioManager(27006): MCU[0x29] len=2 : 29 6D 
02-20 16:28:14.995 D/K706RadioManager(27006): Unknown MCU packet type: 0x29
02-20 16:28:15.369 D/K706RadioManager(27006): onSeekUpEvent()
02-20 16:28:15.371 E/mcu_services( 5539): APP2MCU - writeToUartNormal : [ff fd fe 05 01 a0 03 00 00 a2 ff ]
02-20 16:28:15.372 D/K706RadioManager(27006): CMD Enviado: sub=0x03 p1=0x00 p2=0x00
02-20 16:28:15.372 D/K706RadioManager(27006): Seek UP via sub 0x03 (v2)
02-20 16:28:15.436 E/mcu_services( 5539): MCU2APP : [ff fe fd 12 01 b1 00 00 22 3d 23 aa 23 32 26 52 29 72 2a 26 22 56 60 ff ]
02-20 16:28:15.438 D/TunerPresenter(12107): handleTunerRawData: b1 0 0 22 3d 23 aa 23 32 26 52 29 72 2a 26 22 56 
02-20 16:28:15.438 D/TunerManagerForExt(12107): FMRadio main (TunerManagerForExt.java:147) onTunerPresetListChanged:  - mBand: 0 - mPresetIndex: 0 - mFrequency: 8765 - index: 0 - preset: 9130 - index: 1 - preset: 9010 - index: 2 - preset: 9810 - index: 3 - preset: 10610 - index: 4 - preset: 10790 - index: 5 - preset: 8790
02-20 16:28:15.440 D/K706RadioManager(27006): IMcuListener.onTransact: code=1 flags=16
02-20 16:28:15.444 D/K706RadioManager(27006): >>> IMcuListener.onMcuInfoChanged received! data=B1 00 00 22 3D 23 AA 23 32 26 52 29 72 2A 26 22 56 
02-20 16:28:15.448 D/K706RadioManager(27006): MCU[0xB1] len=17 : B1 00 00 22 3D 23 AA 23 32 26 52 29 72 2A 26 22 56 
02-20 16:28:15.448 D/K706RadioManager(27006): PresetList: band=0 presetIdx=0 currentFreq=8765 firstFreq=8765 (offset=3)
02-20 16:28:15.448 D/K706RadioManager(27006): PresetList: band reportada=0 (ignorada, mCurrentBand=0)
02-20 16:28:15.449 D/K706RadioManager(27006): >>> FREQ: 87600 -> 87650 (MCU=8765, 87,65 MHz)
02-20 16:28:15.502 E/mcu_services( 5539): MCU2APP : [ff fe fd 12 01 b1 00 00 22 3d 23 aa 23 32 26 52 29 72 2a 26 22 56 60 ff ]
02-20 16:28:15.503 E/mcu_services( 5539): MCU2APP : [ff fe fd 03 01 b4 00 b5 ff ]
02-20 16:28:15.503 E/mcu_services( 5539): sendAckSuccess : [ff fd fe 02 02 b4 b6 ff ]
02-20 16:28:15.503 E/mcu_services( 5539): APP2MCU - writeToUart: [ff fd fe 02 02 b4 b6 ff ]
02-20 16:28:15.504 D/TunerPresenter(12107): handleTunerRawData: b1 0 0 22 3d 23 aa 23 32 26 52 29 72 2a 26 22 56 
02-20 16:28:15.505 D/K706RadioManager(27006): IMcuListener.onTransact: code=1 flags=16
02-20 16:28:15.509 D/TunerManagerForExt(12107): FMRadio main (TunerManagerForExt.java:147) onTunerPresetListChanged:  - mBand: 0 - mPresetIndex: 0 - mFrequency: 8765 - index: 0 - preset: 9130 - index: 1 - preset: 9010 - index: 2 - preset: 9810 - index: 3 - preset: 10610 - index: 4 - preset: 10790 - index: 5 - preset: 8790
02-20 16:28:15.510 D/K706RadioManager(27006): >>> IMcuListener.onMcuInfoChanged received! data=B1 00 00 22 3D 23 AA 23 32 26 52 29 72 2A 26 22 56 
02-20 16:28:15.511 D/K706RadioManager(27006): MCU[0xB1] len=17 : B1 00 00 22 3D 23 AA 23 32 26 52 29 72 2A 26 22 56 
02-20 16:28:15.511 D/K706RadioManager(27006): PresetList: band=0 presetIdx=0 currentFreq=8765 firstFreq=8765 (offset=3)
02-20 16:28:15.511 D/K706RadioManager(27006): PresetList: band reportada=0 (ignorada, mCurrentBand=0)
02-20 16:28:15.514 D/K706RadioManager(27006): IMcuListener.onTransact: code=1 flags=16
02-20 16:28:15.515 D/K706RadioManager(27006): >>> IMcuListener.onMcuInfoChanged received! data=B4 00 
02-20 16:28:15.516 D/K706RadioManager(27006): MCU[0xB4] len=2 : B4 00 
02-20 16:28:15.516 D/K706RadioManager(27006): RDS B4 Flags: 0x00
02-20 16:28:15.521 D/TunerPresenter(12107): handleTunerRawData: b4 0 
02-20 16:28:15.522 D/TunerManagerForExt(12107): FMRadio main (TunerManagerForExt.java:195) onTuneRdsIndicateInfo: onTuneRdsIndicateInfo - flag: 0 - mRdsSwitch: 0
02-20 16:28:17.077 E/mcu_services( 5539): MCU2APP : [ff fe fd 03 01 29 6d 45 ff ]
02-20 16:28:17.081 D/K706RadioManager(27006): IMcuListener.onTransact: code=1 flags=16
02-20 16:28:17.082 D/K706RadioManager(27006): >>> IMcuListener.onMcuInfoChanged received! data=29 6D 
02-20 16:28:17.082 D/K706RadioManager(27006): MCU[0x29] len=2 : 29 6D 
02-20 16:28:17.082 D/K706RadioManager(27006): Unknown MCU packet type: 0x29
02-20 16:28:17.156 D/K706RadioManager(27006): onSeekUpEvent()
02-20 16:28:17.157 E/mcu_services( 5539): APP2MCU - writeToUartNormal : [ff fd fe 05 01 a0 03 00 00 a2 ff ]
02-20 16:28:17.158 D/K706RadioManager(27006): CMD Enviado: sub=0x03 p1=0x00 p2=0x00
02-20 16:28:17.159 D/K706RadioManager(27006): Seek UP via sub 0x03 (v2)
02-20 16:28:17.226 E/mcu_services( 5539): MCU2APP : [ff fe fd 12 01 b1 00 00 22 42 23 aa 23 32 26 52 29 72 2a 26 22 56 1f ff ]
02-20 16:28:17.228 D/TunerPresenter(12107): handleTunerRawData: b1 0 0 22 42 23 aa 23 32 26 52 29 72 2a 26 22 56 
02-20 16:28:17.228 D/TunerManagerForExt(12107): FMRadio main (TunerManagerForExt.java:147) onTunerPresetListChanged:  - mBand: 0 - mPresetIndex: 0 - mFrequency: 8770 - index: 0 - preset: 9130 - index: 1 - preset: 9010 - index: 2 - preset: 9810 - index: 3 - preset: 10610 - index: 4 - preset: 10790 - index: 5 - preset: 8790
02-20 16:28:17.230 D/K706RadioManager(27006): IMcuListener.onTransact: code=1 flags=16
02-20 16:28:17.233 D/K706RadioManager(27006): >>> IMcuListener.onMcuInfoChanged received! data=B1 00 00 22 42 23 AA 23 32 26 52 29 72 2A 26 22 56 
02-20 16:28:17.236 D/K706RadioManager(27006): MCU[0xB1] len=17 : B1 00 00 22 42 23 AA 23 32 26 52 29 72 2A 26 22 56 
02-20 16:28:17.236 D/K706RadioManager(27006): PresetList: band=0 presetIdx=0 currentFreq=8770 firstFreq=8770 (offset=3)
02-20 16:28:17.236 D/K706RadioManager(27006): PresetList: band reportada=0 (ignorada, mCurrentBand=0)
02-20 16:28:17.237 D/K706RadioManager(27006): >>> FREQ: 87650 -> 87700 (MCU=8770, 87,70 MHz)
02-20 16:28:17.291 E/mcu_services( 5539): MCU2APP : [ff fe fd 12 01 b1 00 00 22 42 23 aa 23 32 26 52 29 72 2a 26 22 56 1f ff ]
02-20 16:28:17.293 D/TunerPresenter(12107): handleTunerRawData: b1 0 0 22 42 23 aa 23 32 26 52 29 72 2a 26 22 56 
02-20 16:28:17.294 D/K706RadioManager(27006): IMcuListener.onTransact: code=1 flags=16
02-20 16:28:17.296 D/TunerManagerForExt(12107): FMRadio main (TunerManagerForExt.java:147) onTunerPresetListChanged:  - mBand: 0 - mPresetIndex: 0 - mFrequency: 8770 - index: 0 - preset: 9130 - index: 1 - preset: 9010 - index: 2 - preset: 9810 - index: 3 - preset: 10610 - index: 4 - preset: 10790 - index: 5 - preset: 8790
02-20 16:28:17.298 D/K706RadioManager(27006): >>> IMcuListener.onMcuInfoChanged received! data=B1 00 00 22 42 23 AA 23 32 26 52 29 72 2A 26 22 56 
02-20 16:28:17.302 D/K706RadioManager(27006): MCU[0xB1] len=17 : B1 00 00 22 42 23 AA 23 32 26 52 29 72 2A 26 22 56 
02-20 16:28:17.302 D/K706RadioManager(27006): PresetList: band=0 presetIdx=0 currentFreq=8770 firstFreq=8770 (offset=3)
02-20 16:28:17.302 D/K706RadioManager(27006): PresetList: band reportada=0 (ignorada, mCurrentBand=0)
02-20 16:28:17.773 E/mcu_services( 5539): MCU2APP : [ff fe fd 03 01 b0 20 91 ff ]
02-20 16:28:17.774 D/TunerPresenter(12107): handleTunerRawData: b0 20 
02-20 16:28:17.775 D/TunerManagerForExt(12107): FMRadio main (TunerManagerForExt.java:108) onTunerInfoChanged: onTunerInfoChanged - flag: 32 - asFlag: 0 - psFlag: 0 - scanFlag: 0 - seekFlag: 0 - mStFlag: 0 - mLocFlag: 1 - mIsSearching: false - mTempSearching: false
02-20 16:28:17.775 D/TunerManagerForExt(12107): FMRadio main (TunerManagerForExt.java:118) onTunerInfoChanged: mIsSearching: false - mTempSearching: false - asFlag: 0 - seekFlag: 0
02-20 16:28:17.776 D/K706RadioManager(27006): IMcuListener.onTransact: code=1 flags=16
02-20 16:28:17.777 D/K706RadioManager(27006): >>> IMcuListener.onMcuInfoChanged received! data=B0 20 
02-20 16:28:17.778 D/K706RadioManager(27006): MCU[0xB0] len=2 : B0 20 
02-20 16:28:17.778 D/K706RadioManager(27006): TunerInfo: flags=0x20 save=false AS=false finish=false valid=true ST=false LOC=false seek=false scan=false
02-20 16:28:19.165 E/mcu_services( 5539): MCU2APP : [ff fe fd 03 01 29 6d 45 ff ]
02-20 16:28:19.169 D/K706RadioManager(27006): IMcuListener.onTransact: code=1 flags=16
02-20 16:28:19.170 D/K706RadioManager(27006): >>> IMcuListener.onMcuInfoChanged received! data=29 6D 
02-20 16:28:19.170 D/K706RadioManager(27006): MCU[0x29] len=2 : 29 6D 
02-20 16:28:19.170 D/K706RadioManager(27006): Unknown MCU packet type: 0x29
02-20 16:28:20.096 D/K706RadioManager(27006): onSeekUpEvent()
02-20 16:28:20.098 E/mcu_services( 5539): APP2MCU - writeToUartNormal : [ff fd fe 05 01 a0 03 00 00 a2 ff ]
02-20 16:28:20.099 D/K706RadioManager(27006): CMD Enviado: sub=0x03 p1=0x00 p2=0x00
02-20 16:28:20.099 D/K706RadioManager(27006): Seek UP via sub 0x03 (v2)
02-20 16:28:20.170 E/mcu_services( 5539): MCU2APP : [ff fe fd 12 01 b1 00 00 22 47 23 aa 23 32 26 52 29 72 2a 26 22 56 1a ff ]
02-20 16:28:20.171 D/TunerPresenter(12107): handleTunerRawData: b1 0 0 22 47 23 aa 23 32 26 52 29 72 2a 26 22 56 
02-20 16:28:20.172 D/TunerManagerForExt(12107): FMRadio main (TunerManagerForExt.java:147) onTunerPresetListChanged:  - mBand: 0 - mPresetIndex: 0 - mFrequency: 8775 - index: 0 - preset: 9130 - index: 1 - preset: 9010 - index: 2 - preset: 9810 - index: 3 - preset: 10610 - index: 4 - preset: 10790 - index: 5 - preset: 8790
02-20 16:28:20.173 D/K706RadioManager(27006): IMcuListener.onTransact: code=1 flags=16
02-20 16:28:20.176 D/K706RadioManager(27006): >>> IMcuListener.onMcuInfoChanged received! data=B1 00 00 22 47 23 AA 23 32 26 52 29 72 2A 26 22 56 
02-20 16:28:20.179 D/K706RadioManager(27006): MCU[0xB1] len=17 : B1 00 00 22 47 23 AA 23 32 26 52 29 72 2A 26 22 56 
02-20 16:28:20.179 D/K706RadioManager(27006): PresetList: band=0 presetIdx=0 currentFreq=8775 firstFreq=8775 (offset=3)
02-20 16:28:20.179 D/K706RadioManager(27006): PresetList: band reportada=0 (ignorada, mCurrentBand=0)
02-20 16:28:20.179 D/K706RadioManager(27006): >>> FREQ: 87700 -> 87750 (MCU=8775, 87,75 MHz)
02-20 16:28:20.234 E/mcu_services( 5539): MCU2APP : [ff fe fd 12 01 b1 00 00 22 47 23 aa 23 32 26 52 29 72 2a 26 22 56 1a ff ]
02-20 16:28:20.236 D/TunerPresenter(12107): handleTunerRawData: b1 0 0 22 47 23 aa 23 32 26 52 29 72 2a 26 22 56 
02-20 16:28:20.238 D/K706RadioManager(27006): IMcuListener.onTransact: code=1 flags=16
02-20 16:28:20.239 D/TunerManagerForExt(12107): FMRadio main (TunerManagerForExt.java:147) onTunerPresetListChanged:  - mBand: 0 - mPresetIndex: 0 - mFrequency: 8775 - index: 0 - preset: 9130 - index: 1 - preset: 9010 - index: 2 - preset: 9810 - index: 3 - preset: 10610 - index: 4 - preset: 10790 - index: 5 - preset: 8790
02-20 16:28:20.242 D/K706RadioManager(27006): >>> IMcuListener.onMcuInfoChanged received! data=B1 00 00 22 47 23 AA 23 32 26 52 29 72 2A 26 22 56 
02-20 16:28:20.245 D/K706RadioManager(27006): MCU[0xB1] len=17 : B1 00 00 22 47 23 AA 23 32 26 52 29 72 2A 26 22 56 
02-20 16:28:20.245 D/K706RadioManager(27006): PresetList: band=0 presetIdx=0 currentFreq=8775 firstFreq=8775 (offset=3)
02-20 16:28:20.245 D/K706RadioManager(27006): PresetList: band reportada=0 (ignorada, mCurrentBand=0)
02-20 16:28:21.253 E/mcu_services( 5539): MCU2APP : [ff fe fd 03 01 29 6d 45 ff ]
02-20 16:28:21.256 D/K706RadioManager(27006): IMcuListener.onTransact: code=1 flags=16
02-20 16:28:21.257 D/K706RadioManager(27006): >>> IMcuListener.onMcuInfoChanged received! data=29 6D 
02-20 16:28:21.257 D/K706RadioManager(27006): MCU[0x29] len=2 : 29 6D 
02-20 16:28:21.257 D/K706RadioManager(27006): Unknown MCU packet type: 0x29
02-20 16:28:23.242 E/mcu_services( 5539): MCU2APP : [ff fe fd 03 01 29 6d 45 ff ]
02-20 16:28:23.245 D/K706RadioManager(27006): IMcuListener.onTransact: code=1 flags=16
02-20 16:28:23.246 D/K706RadioManager(27006): >>> IMcuListener.onMcuInfoChanged received! data=29 6D 
02-20 16:28:23.247 D/K706RadioManager(27006): MCU[0x29] len=2 : 29 6D 
02-20 16:28:23.247 D/K706RadioManager(27006): Unknown MCU packet type: 0x29
02-20 16:28:23.304 D/K706RadioManager(27006): onSeekDownEvent()
02-20 16:28:23.305 E/mcu_services( 5539): APP2MCU - writeToUartNormal : [ff fd fe 05 01 a0 02 00 00 a3 ff ]
02-20 16:28:23.306 D/K706RadioManager(27006): CMD Enviado: sub=0x02 p1=0x00 p2=0x00
02-20 16:28:23.306 D/K706RadioManager(27006): Seek DOWN via sub 0x02 (v2)
02-20 16:28:23.371 E/mcu_services( 5539): MCU2APP : [ff fe fd 03 01 b0 28 99 ff ]
02-20 16:28:23.373 D/TunerPresenter(12107): handleTunerRawData: b0 28 
02-20 16:28:23.373 D/TunerManagerForExt(12107): FMRadio main (TunerManagerForExt.java:108) onTunerInfoChanged: onTunerInfoChanged - flag: 40 - asFlag: 0 - psFlag: 0 - scanFlag: 0 - seekFlag: 1 - mStFlag: 0 - mLocFlag: 1 - mIsSearching: false - mTempSearching: false
02-20 16:28:23.373 D/TunerManagerForExt(12107): FMRadio main (TunerManagerForExt.java:118) onTunerInfoChanged: mIsSearching: true - mTempSearching: false - asFlag: 0 - seekFlag: 1
02-20 16:28:23.374 D/K706RadioManager(27006): IMcuListener.onTransact: code=1 flags=16
02-20 16:28:23.375 D/K706RadioManager(27006): >>> IMcuListener.onMcuInfoChanged received! data=B0 28 
02-20 16:28:23.376 D/K706RadioManager(27006): MCU[0xB0] len=2 : B0 28 
02-20 16:28:23.376 D/K706RadioManager(27006): TunerInfo: flags=0x28 save=false AS=true finish=false valid=true ST=false LOC=false seek=false scan=false
02-20 16:28:23.414 E/mcu_services( 5539): MCU2APP : [ff fe fd 12 01 b1 00 00 22 42 23 aa 23 32 26 52 29 72 2a 26 22 56 1f ff ]
02-20 16:28:23.415 D/TunerPresenter(12107): handleTunerRawData: b1 0 0 22 42 23 aa 23 32 26 52 29 72 2a 26 22 56 
02-20 16:28:23.416 D/TunerManagerForExt(12107): FMRadio main (TunerManagerForExt.java:147) onTunerPresetListChanged:  - mBand: 0 - mPresetIndex: 0 - mFrequency: 8770 - index: 0 - preset: 9130 - index: 1 - preset: 9010 - index: 2 - preset: 9810 - index: 3 - preset: 10610 - index: 4 - preset: 10790 - index: 5 - preset: 8790
02-20 16:28:23.416 D/K706RadioManager(27006): IMcuListener.onTransact: code=1 flags=16
02-20 16:28:23.419 D/K706RadioManager(27006): >>> IMcuListener.onMcuInfoChanged received! data=B1 00 00 22 42 23 AA 23 32 26 52 29 72 2A 26 22 56 
02-20 16:28:23.422 D/K706RadioManager(27006): MCU[0xB1] len=17 : B1 00 00 22 42 23 AA 23 32 26 52 29 72 2A 26 22 56 
02-20 16:28:23.422 D/K706RadioManager(27006): PresetList: band=0 presetIdx=0 currentFreq=8770 firstFreq=8770 (offset=3)
02-20 16:28:23.422 D/K706RadioManager(27006): PresetList: band reportada=0 (ignorada, mCurrentBand=0)
02-20 16:28:23.423 D/K706RadioManager(27006): >>> FREQ: 87750 -> 87700 (MCU=8770, 87,70 MHz)
02-20 16:28:23.463 E/mcu_services( 5539): MCU2APP : [ff fe fd 12 01 b1 00 00 22 3d 23 aa 23 32 26 52 29 72 2a 26 22 56 60 ff ]
02-20 16:28:23.465 D/TunerPresenter(12107): handleTunerRawData: b1 0 0 22 3d 23 aa 23 32 26 52 29 72 2a 26 22 56 
02-20 16:28:23.466 D/K706RadioManager(27006): IMcuListener.onTransact: code=1 flags=16
02-20 16:28:23.467 D/TunerManagerForExt(12107): FMRadio main (TunerManagerForExt.java:147) onTunerPresetListChanged:  - mBand: 0 - mPresetIndex: 0 - mFrequency: 8765 - index: 0 - preset: 9130 - index: 1 - preset: 9010 - index: 2 - preset: 9810 - index: 3 - preset: 10610 - index: 4 - preset: 10790 - index: 5 - preset: 8790
02-20 16:28:23.470 D/K706RadioManager(27006): >>> IMcuListener.onMcuInfoChanged received! data=B1 00 00 22 3D 23 AA 23 32 26 52 29 72 2A 26 22 56 
02-20 16:28:23.473 D/K706RadioManager(27006): MCU[0xB1] len=17 : B1 00 00 22 3D 23 AA 23 32 26 52 29 72 2A 26 22 56 
02-20 16:28:23.473 D/K706RadioManager(27006): PresetList: band=0 presetIdx=0 currentFreq=8765 firstFreq=8765 (offset=3)
02-20 16:28:23.473 D/K706RadioManager(27006): PresetList: band reportada=0 (ignorada, mCurrentBand=0)
02-20 16:28:23.473 D/K706RadioManager(27006): >>> FREQ: 87700 -> 87650 (MCU=8765, 87,65 MHz)
02-20 16:28:23.513 E/mcu_services( 5539): MCU2APP : [ff fe fd 12 01 b1 00 00 22 38 23 aa 23 32 26 52 29 72 2a 26 22 56 65 ff ]
02-20 16:28:23.514 D/TunerPresenter(12107): handleTunerRawData: b1 0 0 22 38 23 aa 23 32 26 52 29 72 2a 26 22 56 
02-20 16:28:23.516 D/K706RadioManager(27006): IMcuListener.onTransact: code=1 flags=16
02-20 16:28:23.517 D/TunerManagerForExt(12107): FMRadio main (TunerManagerForExt.java:147) onTunerPresetListChanged:  - mBand: 0 - mPresetIndex: 0 - mFrequency: 8760 - index: 0 - preset: 9130 - index: 1 - preset: 9010 - index: 2 - preset: 9810 - index: 3 - preset: 10610 - index: 4 - preset: 10790 - index: 5 - preset: 8790
02-20 16:28:23.519 D/K706RadioManager(27006): >>> IMcuListener.onMcuInfoChanged received! data=B1 00 00 22 38 23 AA 23 32 26 52 29 72 2A 26 22 56 
02-20 16:28:23.522 D/K706RadioManager(27006): MCU[0xB1] len=17 : B1 00 00 22 38 23 AA 23 32 26 52 29 72 2A 26 22 56 
02-20 16:28:23.522 D/K706RadioManager(27006): PresetList: band=0 presetIdx=0 currentFreq=8760 firstFreq=8760 (offset=3)
02-20 16:28:23.522 D/K706RadioManager(27006): PresetList: band reportada=0 (ignorada, mCurrentBand=0)
02-20 16:28:23.523 D/K706RadioManager(27006): >>> FREQ: 87650 -> 87600 (MCU=8760, 87,60 MHz)
02-20 16:28:23.961 E/mcu_services( 5539): MCU2APP : [ff fe fd 12 01 b1 00 00 22 33 23 aa 23 32 26 52 29 72 2a 26 22 56 6e ff ]
02-20 16:28:23.962 D/TunerPresenter(12107): handleTunerRawData: b1 0 0 22 33 23 aa 23 32 26 52 29 72 2a 26 22 56 
02-20 16:28:23.963 D/TunerManagerForExt(12107): FMRadio main (TunerManagerForExt.java:147) onTunerPresetListChanged:  - mBand: 0 - mPresetIndex: 0 - mFrequency: 8755 - index: 0 - preset: 9130 - index: 1 - preset: 9010 - index: 2 - preset: 9810 - index: 3 - preset: 10610 - index: 4 - preset: 10790 - index: 5 - preset: 8790
02-20 16:28:23.964 D/K706RadioManager(27006): IMcuListener.onTransact: code=1 flags=16
02-20 16:28:23.967 D/K706RadioManager(27006): >>> IMcuListener.onMcuInfoChanged received! data=B1 00 00 22 33 23 AA 23 32 26 52 29 72 2A 26 22 56 
02-20 16:28:23.970 D/K706RadioManager(27006): MCU[0xB1] len=17 : B1 00 00 22 33 23 AA 23 32 26 52 29 72 2A 26 22 56 
02-20 16:28:23.970 D/K706RadioManager(27006): PresetList: band=0 presetIdx=0 currentFreq=8755 firstFreq=8755 (offset=3)
02-20 16:28:23.970 D/K706RadioManager(27006): PresetList: band reportada=0 (ignorada, mCurrentBand=0)
02-20 16:28:23.970 D/K706RadioManager(27006): >>> FREQ: 87600 -> 87550 (MCU=8755, 87,55 MHz)
02-20 16:28:24.010 E/mcu_services( 5539): MCU2APP : [ff fe fd 12 01 b1 00 00 22 2e 23 aa 23 32 26 52 29 72 2a 26 22 56 73 ff ]
02-20 16:28:24.012 D/TunerPresenter(12107): handleTunerRawData: b1 0 0 22 2e 23 aa 23 32 26 52 29 72 2a 26 22 56 
02-20 16:28:24.014 D/K706RadioManager(27006): IMcuListener.onTransact: code=1 flags=16
02-20 16:28:24.015 D/TunerManagerForExt(12107): FMRadio main (TunerManagerForExt.java:147) onTunerPresetListChanged:  - mBand: 0 - mPresetIndex: 0 - mFrequency: 8750 - index: 0 - preset: 9130 - index: 1 - preset: 9010 - index: 2 - preset: 9810 - index: 3 - preset: 10610 - index: 4 - preset: 10790 - index: 5 - preset: 8790
02-20 16:28:24.017 D/K706RadioManager(27006): >>> IMcuListener.onMcuInfoChanged received! data=B1 00 00 22 2E 23 AA 23 32 26 52 29 72 2A 26 22 56 
02-20 16:28:24.019 D/K706RadioManager(27006): MCU[0xB1] len=17 : B1 00 00 22 2E 23 AA 23 32 26 52 29 72 2A 26 22 56 
02-20 16:28:24.019 D/K706RadioManager(27006): PresetList: band=0 presetIdx=0 currentFreq=8750 firstFreq=8750 (offset=3)
02-20 16:28:24.019 D/K706RadioManager(27006): PresetList: band reportada=0 (ignorada, mCurrentBand=0)
02-20 16:28:24.020 D/K706RadioManager(27006): >>> FREQ: 87550 -> 87500 (MCU=8750, 87,50 MHz)
02-20 16:28:24.060 E/mcu_services( 5539): MCU2APP : [ff fe fd 12 01 b1 00 00 2a 30 23 aa 23 32 26 52 29 72 2a 26 22 56 65 ff ]
02-20 16:28:24.062 D/TunerPresenter(12107): handleTunerRawData: b1 0 0 2a 30 23 aa 23 32 26 52 29 72 2a 26 22 56 
02-20 16:28:24.063 D/K706RadioManager(27006): IMcuListener.onTransact: code=1 flags=16
02-20 16:28:24.064 D/TunerManagerForExt(12107): FMRadio main (TunerManagerForExt.java:147) onTunerPresetListChanged:  - mBand: 0 - mPresetIndex: 0 - mFrequency: 10800 - index: 0 - preset: 9130 - index: 1 - preset: 9010 - index: 2 - preset: 9810 - index: 3 - preset: 10610 - index: 4 - preset: 10790 - index: 5 - preset: 8790
02-20 16:28:24.066 D/K706RadioManager(27006): >>> IMcuListener.onMcuInfoChanged received! data=B1 00 00 2A 30 23 AA 23 32 26 52 29 72 2A 26 22 56 
02-20 16:28:24.069 D/K706RadioManager(27006): MCU[0xB1] len=17 : B1 00 00 2A 30 23 AA 23 32 26 52 29 72 2A 26 22 56 
02-20 16:28:24.069 D/K706RadioManager(27006): PresetList: band=0 presetIdx=0 currentFreq=10800 firstFreq=10800 (offset=3)
02-20 16:28:24.069 D/K706RadioManager(27006): PresetList: band reportada=0 (ignorada, mCurrentBand=0)
02-20 16:28:24.070 D/K706RadioManager(27006): >>> FREQ: 87500 -> 108000 (MCU=10800, 108,00 MHz)
02-20 16:28:24.110 E/mcu_services( 5539): MCU2APP : [ff fe fd 12 01 b1 00 00 2a 2b 23 aa 23 32 26 52 29 72 2a 26 22 56 7e ff ]
02-20 16:28:24.111 D/TunerPresenter(12107): handleTunerRawData: b1 0 0 2a 2b 23 aa 23 32 26 52 29 72 2a 26 22 56 
02-20 16:28:24.112 D/K706RadioManager(27006): IMcuListener.onTransact: code=1 flags=16
02-20 16:28:24.114 D/TunerManagerForExt(12107): FMRadio main (TunerManagerForExt.java:147) onTunerPresetListChanged:  - mBand: 0 - mPresetIndex: 0 - mFrequency: 10795 - index: 0 - preset: 9130 - index: 1 - preset: 9010 - index: 2 - preset: 9810 - index: 3 - preset: 10610 - index: 4 - preset: 10790 - index: 5 - preset: 8790
02-20 16:28:24.115 D/K706RadioManager(27006): >>> IMcuListener.onMcuInfoChanged received! data=B1 00 00 2A 2B 23 AA 23 32 26 52 29 72 2A 26 22 56 
02-20 16:28:24.118 D/K706RadioManager(27006): MCU[0xB1] len=17 : B1 00 00 2A 2B 23 AA 23 32 26 52 29 72 2A 26 22 56 
02-20 16:28:24.118 D/K706RadioManager(27006): PresetList: band=0 presetIdx=0 currentFreq=10795 firstFreq=10795 (offset=3)
02-20 16:28:24.118 D/K706RadioManager(27006): PresetList: band reportada=0 (ignorada, mCurrentBand=0)
02-20 16:28:24.118 D/K706RadioManager(27006): >>> FREQ: 108000 -> 107950 (MCU=10795, 107,95 MHz)
02-20 16:28:24.159 E/mcu_services( 5539): MCU2APP : [ff fe fd 12 01 b1 00 00 2a 26 23 aa 23 32 26 52 29 72 2a 26 22 56 73 ff ]
02-20 16:28:24.160 D/TunerPresenter(12107): handleTunerRawData: b1 0 0 2a 26 23 aa 23 32 26 52 29 72 2a 26 22 56 
02-20 16:28:24.162 D/K706RadioManager(27006): IMcuListener.onTransact: code=1 flags=16
02-20 16:28:24.164 D/TunerManagerForExt(12107): FMRadio main (TunerManagerForExt.java:147) onTunerPresetListChanged:  - mBand: 0 - mPresetIndex: 0 - mFrequency: 10790 - index: 0 - preset: 9130 - index: 1 - preset: 9010 - index: 2 - preset: 9810 - index: 3 - preset: 10610 - index: 4 - preset: 10790 - index: 5 - preset: 8790
02-20 16:28:24.166 D/K706RadioManager(27006): >>> IMcuListener.onMcuInfoChanged received! data=B1 00 00 2A 26 23 AA 23 32 26 52 29 72 2A 26 22 56 
02-20 16:28:24.169 D/K706RadioManager(27006): MCU[0xB1] len=17 : B1 00 00 2A 26 23 AA 23 32 26 52 29 72 2A 26 22 56 
02-20 16:28:24.169 D/K706RadioManager(27006): PresetList: band=0 presetIdx=0 currentFreq=10790 firstFreq=10790 (offset=3)
02-20 16:28:24.169 D/K706RadioManager(27006): PresetList: band reportada=0 (ignorada, mCurrentBand=0)
02-20 16:28:24.169 D/K706RadioManager(27006): >>> FREQ: 107950 -> 107900 (MCU=10790, 107,90 MHz)
02-20 16:28:24.209 E/mcu_services( 5539): MCU2APP : [ff fe fd 12 01 b1 00 00 2a 21 23 aa 23 32 26 52 29 72 2a 26 22 56 74 ff ]
02-20 16:28:24.210 D/TunerPresenter(12107): handleTunerRawData: b1 0 0 2a 21 23 aa 23 32 26 52 29 72 2a 26 22 56 
02-20 16:28:24.212 D/K706RadioManager(27006): IMcuListener.onTransact: code=1 flags=16
02-20 16:28:24.213 D/TunerManagerForExt(12107): FMRadio main (TunerManagerForExt.java:147) onTunerPresetListChanged:  - mBand: 0 - mPresetIndex: 0 - mFrequency: 10785 - index: 0 - preset: 9130 - index: 1 - preset: 9010 - index: 2 - preset: 9810 - index: 3 - preset: 10610 - index: 4 - preset: 10790 - index: 5 - preset: 8790
02-20 16:28:24.216 D/K706RadioManager(27006): >>> IMcuListener.onMcuInfoChanged received! data=B1 00 00 2A 21 23 AA 23 32 26 52 29 72 2A 26 22 56 
02-20 16:28:24.218 D/K706RadioManager(27006): MCU[0xB1] len=17 : B1 00 00 2A 21 23 AA 23 32 26 52 29 72 2A 26 22 56 
02-20 16:28:24.218 D/K706RadioManager(27006): PresetList: band=0 presetIdx=0 currentFreq=10785 firstFreq=10785 (offset=3)
02-20 16:28:24.218 D/K706RadioManager(27006): PresetList: band reportada=0 (ignorada, mCurrentBand=0)
02-20 16:28:24.219 D/K706RadioManager(27006): >>> FREQ: 107900 -> 107850 (MCU=10785, 107,85 MHz)
02-20 16:28:24.259 E/mcu_services( 5539): MCU2APP : [ff fe fd 12 01 b1 00 00 2a 1c 23 aa 23 32 26 52 29 72 2a 26 22 56 49 ff ]
02-20 16:28:24.260 D/TunerPresenter(12107): handleTunerRawData: b1 0 0 2a 1c 23 aa 23 32 26 52 29 72 2a 26 22 56 
02-20 16:28:24.263 D/K706RadioManager(27006): IMcuListener.onTransact: code=1 flags=16
02-20 16:28:24.263 D/TunerManagerForExt(12107): FMRadio main (TunerManagerForExt.java:147) onTunerPresetListChanged:  - mBand: 0 - mPresetIndex: 0 - mFrequency: 10780 - index: 0 - preset: 9130 - index: 1 - preset: 9010 - index: 2 - preset: 9810 - index: 3 - preset: 10610 - index: 4 - preset: 10790 - index: 5 - preset: 8790
02-20 16:28:24.265 D/K706RadioManager(27006): >>> IMcuListener.onMcuInfoChanged received! data=B1 00 00 2A 1C 23 AA 23 32 26 52 29 72 2A 26 22 56 
02-20 16:28:24.268 D/K706RadioManager(27006): MCU[0xB1] len=17 : B1 00 00 2A 1C 23 AA 23 32 26 52 29 72 2A 26 22 56 
02-20 16:28:24.268 D/K706RadioManager(27006): PresetList: band=0 presetIdx=0 currentFreq=10780 firstFreq=10780 (offset=3)
02-20 16:28:24.268 D/K706RadioManager(27006): PresetList: band reportada=0 (ignorada, mCurrentBand=0)
02-20 16:28:24.268 D/K706RadioManager(27006): >>> FREQ: 107850 -> 107800 (MCU=10780, 107,80 MHz)
02-20 16:28:24.309 E/mcu_services( 5539): MCU2APP : [ff fe fd 12 01 b1 00 00 2a 17 23 aa 23 32 26 52 29 72 2a 26 22 56 42 ff ]
02-20 16:28:24.310 D/TunerPresenter(12107): handleTunerRawData: b1 0 0 2a 17 23 aa 23 32 26 52 29 72 2a 26 22 56 
02-20 16:28:24.311 D/K706RadioManager(27006): IMcuListener.onTransact: code=1 flags=16
02-20 16:28:24.313 D/TunerManagerForExt(12107): FMRadio main (TunerManagerForExt.java:147) onTunerPresetListChanged:  - mBand: 0 - mPresetIndex: 0 - mFrequency: 10775 - index: 0 - preset: 9130 - index: 1 - preset: 9010 - index: 2 - preset: 9810 - index: 3 - preset: 10610 - index: 4 - preset: 10790 - index: 5 - preset: 8790
02-20 16:28:24.314 D/K706RadioManager(27006): >>> IMcuListener.onMcuInfoChanged received! data=B1 00 00 2A 17 23 AA 23 32 26 52 29 72 2A 26 22 56 
02-20 16:28:24.317 D/K706RadioManager(27006): MCU[0xB1] len=17 : B1 00 00 2A 17 23 AA 23 32 26 52 29 72 2A 26 22 56 
02-20 16:28:24.317 D/K706RadioManager(27006): PresetList: band=0 presetIdx=0 currentFreq=10775 firstFreq=10775 (offset=3)
02-20 16:28:24.317 D/K706RadioManager(27006): PresetList: band reportada=0 (ignorada, mCurrentBand=0)
02-20 16:28:24.318 D/K706RadioManager(27006): >>> FREQ: 107800 -> 107750 (MCU=10775, 107,75 MHz)
02-20 16:28:24.358 E/mcu_services( 5539): MCU2APP : [ff fe fd 12 01 b1 00 00 2a 12 23 aa 23 32 26 52 29 72 2a 26 22 56 47 ff ]
02-20 16:28:24.360 D/TunerPresenter(12107): handleTunerRawData: b1 0 0 2a 12 23 aa 23 32 26 52 29 72 2a 26 22 56 
02-20 16:28:24.362 D/K706RadioManager(27006): IMcuListener.onTransact: code=1 flags=16
02-20 16:28:24.363 D/TunerManagerForExt(12107): FMRadio main (TunerManagerForExt.java:147) onTunerPresetListChanged:  - mBand: 0 - mPresetIndex: 0 - mFrequency: 10770 - index: 0 - preset: 9130 - index: 1 - preset: 9010 - index: 2 - preset: 9810 - index: 3 - preset: 10610 - index: 4 - preset: 10790 - index: 5 - preset: 8790
02-20 16:28:24.364 D/K706RadioManager(27006): >>> IMcuListener.onMcuInfoChanged received! data=B1 00 00 2A 12 23 AA 23 32 26 52 29 72 2A 26 22 56 
02-20 16:28:24.367 D/K706RadioManager(27006): MCU[0xB1] len=17 : B1 00 00 2A 12 23 AA 23 32 26 52 29 72 2A 26 22 56 
02-20 16:28:24.367 D/K706RadioManager(27006): PresetList: band=0 presetIdx=0 currentFreq=10770 firstFreq=10770 (offset=3)
02-20 16:28:24.367 D/K706RadioManager(27006): PresetList: band reportada=0 (ignorada, mCurrentBand=0)
02-20 16:28:24.367 D/K706RadioManager(27006): >>> FREQ: 107750 -> 107700 (MCU=10770, 107,70 MHz)
02-20 16:28:24.408 E/mcu_services( 5539): MCU2APP : [ff fe fd 12 01 b1 00 00 2a 0d 23 aa 23 32 26 52 29 72 2a 26 22 56 58 ff ]
02-20 16:28:24.409 D/TunerPresenter(12107): handleTunerRawData: b1 0 0 2a d 23 aa 23 32 26 52 29 72 2a 26 22 56 
02-20 16:28:24.410 D/K706RadioManager(27006): IMcuListener.onTransact: code=1 flags=16
02-20 16:28:24.412 D/TunerManagerForExt(12107): FMRadio main (TunerManagerForExt.java:147) onTunerPresetListChanged:  - mBand: 0 - mPresetIndex: 0 - mFrequency: 10765 - index: 0 - preset: 9130 - index: 1 - preset: 9010 - index: 2 - preset: 9810 - index: 3 - preset: 10610 - index: 4 - preset: 10790 - index: 5 - preset: 8790
02-20 16:28:24.413 D/K706RadioManager(27006): >>> IMcuListener.onMcuInfoChanged received! data=B1 00 00 2A 0D 23 AA 23 32 26 52 29 72 2A 26 22 56 
02-20 16:28:24.416 D/K706RadioManager(27006): MCU[0xB1] len=17 : B1 00 00 2A 0D 23 AA 23 32 26 52 29 72 2A 26 22 56 
02-20 16:28:24.416 D/K706RadioManager(27006): PresetList: band=0 presetIdx=0 currentFreq=10765 firstFreq=10765 (offset=3)
02-20 16:28:24.416 D/K706RadioManager(27006): PresetList: band reportada=0 (ignorada, mCurrentBand=0)
02-20 16:28:24.416 D/K706RadioManager(27006): >>> FREQ: 107700 -> 107650 (MCU=10765, 107,65 MHz)
02-20 16:28:24.458 E/mcu_services( 5539): MCU2APP : [ff fe fd 12 01 b1 00 00 2a 08 23 aa 23 32 26 52 29 72 2a 26 22 56 5d ff ]
02-20 16:28:24.459 D/TunerPresenter(12107): handleTunerRawData: b1 0 0 2a 8 23 aa 23 32 26 52 29 72 2a 26 22 56 
02-20 16:28:24.460 D/K706RadioManager(27006): IMcuListener.onTransact: code=1 flags=16
02-20 16:28:24.461 D/TunerManagerForExt(12107): FMRadio main (TunerManagerForExt.java:147) onTunerPresetListChanged:  - mBand: 0 - mPresetIndex: 0 - mFrequency: 10760 - index: 0 - preset: 9130 - index: 1 - preset: 9010 - index: 2 - preset: 9810 - index: 3 - preset: 10610 - index: 4 - preset: 10790 - index: 5 - preset: 8790
02-20 16:28:24.462 D/K706RadioManager(27006): >>> IMcuListener.onMcuInfoChanged received! data=B1 00 00 2A 08 23 AA 23 32 26 52 29 72 2A 26 22 56 
02-20 16:28:24.465 D/K706RadioManager(27006): MCU[0xB1] len=17 : B1 00 00 2A 08 23 AA 23 32 26 52 29 72 2A 26 22 56 
02-20 16:28:24.465 D/K706RadioManager(27006): PresetList: band=0 presetIdx=0 currentFreq=10760 firstFreq=10760 (offset=3)
02-20 16:28:24.465 D/K706RadioManager(27006): PresetList: band reportada=0 (ignorada, mCurrentBand=0)
02-20 16:28:24.465 D/K706RadioManager(27006): >>> FREQ: 107650 -> 107600 (MCU=10760, 107,60 MHz)
02-20 16:28:24.508 E/mcu_services( 5539): MCU2APP : [ff fe fd 12 01 b1 00 00 2a 03 23 aa 23 32 26 52 29 72 2a 26 22 56 56 ff ]
02-20 16:28:24.509 D/TunerPresenter(12107): handleTunerRawData: b1 0 0 2a 3 23 aa 23 32 26 52 29 72 2a 26 22 56 
02-20 16:28:24.511 D/K706RadioManager(27006): IMcuListener.onTransact: code=1 flags=16
02-20 16:28:24.512 D/TunerManagerForExt(12107): FMRadio main (TunerManagerForExt.java:147) onTunerPresetListChanged:  - mBand: 0 - mPresetIndex: 0 - mFrequency: 10755 - index: 0 - preset: 9130 - index: 1 - preset: 9010 - index: 2 - preset: 9810 - index: 3 - preset: 10610 - index: 4 - preset: 10790 - index: 5 - preset: 8790
02-20 16:28:24.513 D/K706RadioManager(27006): >>> IMcuListener.onMcuInfoChanged received! data=B1 00 00 2A 03 23 AA 23 32 26 52 29 72 2A 26 22 56 
02-20 16:28:24.515 D/K706RadioManager(27006): MCU[0xB1] len=17 : B1 00 00 2A 03 23 AA 23 32 26 52 29 72 2A 26 22 56 
02-20 16:28:24.516 D/K706RadioManager(27006): PresetList: band=0 presetIdx=0 currentFreq=10755 firstFreq=10755 (offset=3)
02-20 16:28:24.516 D/K706RadioManager(27006): PresetList: band reportada=0 (ignorada, mCurrentBand=0)
02-20 16:28:24.516 D/K706RadioManager(27006): >>> FREQ: 107600 -> 107550 (MCU=10755, 107,55 MHz)
02-20 16:28:24.557 E/mcu_services( 5539): MCU2APP : [ff fe fd 12 01 b1 00 00 29 fe 23 aa 23 32 26 52 29 72 2a 26 22 56 a8 ff ]
02-20 16:28:24.559 D/TunerPresenter(12107): handleTunerRawData: b1 0 0 29 fe 23 aa 23 32 26 52 29 72 2a 26 22 56 
02-20 16:28:24.561 D/K706RadioManager(27006): IMcuListener.onTransact: code=1 flags=16
02-20 16:28:24.562 D/TunerManagerForExt(12107): FMRadio main (TunerManagerForExt.java:147) onTunerPresetListChanged:  - mBand: 0 - mPresetIndex: 0 - mFrequency: 10750 - index: 0 - preset: 9130 - index: 1 - preset: 9010 - index: 2 - preset: 9810 - index: 3 - preset: 10610 - index: 4 - preset: 10790 - index: 5 - preset: 8790
02-20 16:28:24.563 D/K706RadioManager(27006): >>> IMcuListener.onMcuInfoChanged received! data=B1 00 00 29 FE 23 AA 23 32 26 52 29 72 2A 26 22 56 
02-20 16:28:24.565 D/K706RadioManager(27006): MCU[0xB1] len=17 : B1 00 00 29 FE 23 AA 23 32 26 52 29 72 2A 26 22 56 
02-20 16:28:24.565 D/K706RadioManager(27006): PresetList: band=0 presetIdx=0 currentFreq=10750 firstFreq=10750 (offset=3)
02-20 16:28:24.565 D/K706RadioManager(27006): PresetList: band reportada=0 (ignorada, mCurrentBand=0)
02-20 16:28:24.565 D/K706RadioManager(27006): >>> FREQ: 107550 -> 107500 (MCU=10750, 107,50 MHz)
02-20 16:28:24.607 E/mcu_services( 5539): MCU2APP : [ff fe fd 12 01 b1 00 00 29 f9 23 aa 23 32 26 52 29 72 2a 26 22 56 af ff ]
02-20 16:28:24.608 D/TunerPresenter(12107): handleTunerRawData: b1 0 0 29 f9 23 aa 23 32 26 52 29 72 2a 26 22 56 
02-20 16:28:24.611 D/K706RadioManager(27006): IMcuListener.onTransact: code=1 flags=16
02-20 16:28:24.611 D/TunerManagerForExt(12107): FMRadio main (TunerManagerForExt.java:147) onTunerPresetListChanged:  - mBand: 0 - mPresetIndex: 0 - mFrequency: 10745 - index: 0 - preset: 9130 - index: 1 - preset: 9010 - index: 2 - preset: 9810 - index: 3 - preset: 10610 - index: 4 - preset: 10790 - index: 5 - preset: 8790
02-20 16:28:24.613 D/K706RadioManager(27006): >>> IMcuListener.onMcuInfoChanged received! data=B1 00 00 29 F9 23 AA 23 32 26 52 29 72 2A 26 22 56 
02-20 16:28:24.614 D/K706RadioManager(27006): MCU[0xB1] len=17 : B1 00 00 29 F9 23 AA 23 32 26 52 29 72 2A 26 22 56 
02-20 16:28:24.615 D/K706RadioManager(27006): PresetList: band=0 presetIdx=0 currentFreq=10745 firstFreq=10745 (offset=3)
02-20 16:28:24.615 D/K706RadioManager(27006): PresetList: band reportada=0 (ignorada, mCurrentBand=0)
02-20 16:28:24.615 D/K706RadioManager(27006): >>> FREQ: 107500 -> 107450 (MCU=10745, 107,45 MHz)
02-20 16:28:24.657 E/mcu_services( 5539): MCU2APP : [ff fe fd 12 01 b1 00 00 29 f4 23 aa 23 32 26 52 29 72 2a 26 22 56 a2 ff ]
02-20 16:28:24.658 D/TunerPresenter(12107): handleTunerRawData: b1 0 0 29 f4 23 aa 23 32 26 52 29 72 2a 26 22 56 
02-20 16:28:24.660 D/K706RadioManager(27006): IMcuListener.onTransact: code=1 flags=16
02-20 16:28:24.661 D/TunerManagerForExt(12107): FMRadio main (TunerManagerForExt.java:147) onTunerPresetListChanged:  - mBand: 0 - mPresetIndex: 0 - mFrequency: 10740 - index: 0 - preset: 9130 - index: 1 - preset: 9010 - index: 2 - preset: 9810 - index: 3 - preset: 10610 - index: 4 - preset: 10790 - index: 5 - preset: 8790
02-20 16:28:24.662 D/K706RadioManager(27006): >>> IMcuListener.onMcuInfoChanged received! data=B1 00 00 29 F4 23 AA 23 32 26 52 29 72 2A 26 22 56 
02-20 16:28:24.663 D/K706RadioManager(27006): MCU[0xB1] len=17 : B1 00 00 29 F4 23 AA 23 32 26 52 29 72 2A 26 22 56 
02-20 16:28:24.663 D/K706RadioManager(27006): PresetList: band=0 presetIdx=0 currentFreq=10740 firstFreq=10740 (offset=3)
02-20 16:28:24.663 D/K706RadioManager(27006): PresetList: band reportada=0 (ignorada, mCurrentBand=0)
02-20 16:28:24.664 D/K706RadioManager(27006): >>> FREQ: 107450 -> 107400 (MCU=10740, 107,40 MHz)
02-20 16:28:24.706 E/mcu_services( 5539): MCU2APP : [ff fe fd 12 01 b1 00 00 29 ef 23 aa 23 32 26 52 29 72 2a 26 22 56 b9 ff ]
02-20 16:28:24.708 D/TunerPresenter(12107): handleTunerRawData: b1 0 0 29 ef 23 aa 23 32 26 52 29 72 2a 26 22 56 
02-20 16:28:24.710 D/K706RadioManager(27006): IMcuListener.onTransact: code=1 flags=16
02-20 16:28:24.711 D/TunerManagerForExt(12107): FMRadio main (TunerManagerForExt.java:147) onTunerPresetListChanged:  - mBand: 0 - mPresetIndex: 0 - mFrequency: 10735 - index: 0 - preset: 9130 - index: 1 - preset: 9010 - index: 2 - preset: 9810 - index: 3 - preset: 10610 - index: 4 - preset: 10790 - index: 5 - preset: 8790
02-20 16:28:24.712 D/K706RadioManager(27006): >>> IMcuListener.onMcuInfoChanged received! data=B1 00 00 29 EF 23 AA 23 32 26 52 29 72 2A 26 22 56 
02-20 16:28:24.713 D/K706RadioManager(27006): MCU[0xB1] len=17 : B1 00 00 29 EF 23 AA 23 32 26 52 29 72 2A 26 22 56 
02-20 16:28:24.713 D/K706RadioManager(27006): PresetList: band=0 presetIdx=0 currentFreq=10735 firstFreq=10735 (offset=3)
02-20 16:28:24.714 D/K706RadioManager(27006): PresetList: band reportada=0 (ignorada, mCurrentBand=0)
02-20 16:28:24.714 D/K706RadioManager(27006): >>> FREQ: 107400 -> 107350 (MCU=10735, 107,35 MHz)
02-20 16:28:24.756 E/mcu_services( 5539): MCU2APP : [ff fe fd 12 01 b1 00 00 29 ea 23 aa 23 32 26 52 29 72 2a 26 22 56 bc ff ]
02-20 16:28:24.758 D/TunerPresenter(12107): handleTunerRawData: b1 0 0 29 ea 23 aa 23 32 26 52 29 72 2a 26 22 56 
02-20 16:28:24.760 D/K706RadioManager(27006): IMcuListener.onTransact: code=1 flags=16
02-20 16:28:24.761 D/TunerManagerForExt(12107): FMRadio main (TunerManagerForExt.java:147) onTunerPresetListChanged:  - mBand: 0 - mPresetIndex: 0 - mFrequency: 10730 - index: 0 - preset: 9130 - index: 1 - preset: 9010 - index: 2 - preset: 9810 - index: 3 - preset: 10610 - index: 4 - preset: 10790 - index: 5 - preset: 8790
02-20 16:28:24.763 D/K706RadioManager(27006): >>> IMcuListener.onMcuInfoChanged received! data=B1 00 00 29 EA 23 AA 23 32 26 52 29 72 2A 26 22 56 
02-20 16:28:24.765 D/K706RadioManager(27006): MCU[0xB1] len=17 : B1 00 00 29 EA 23 AA 23 32 26 52 29 72 2A 26 22 56 
02-20 16:28:24.765 D/K706RadioManager(27006): PresetList: band=0 presetIdx=0 currentFreq=10730 firstFreq=10730 (offset=3)
02-20 16:28:24.765 D/K706RadioManager(27006): PresetList: band reportada=0 (ignorada, mCurrentBand=0)
02-20 16:28:24.765 D/K706RadioManager(27006): >>> FREQ: 107350 -> 107300 (MCU=10730, 107,30 MHz)
02-20 16:28:24.806 E/mcu_services( 5539): MCU2APP : [ff fe fd 12 01 b1 00 00 29 e5 23 aa 23 32 26 52 29 72 2a 26 22 56 b3 ff ]
02-20 16:28:24.808 D/TunerPresenter(12107): handleTunerRawData: b1 0 0 29 e5 23 aa 23 32 26 52 29 72 2a 26 22 56 
02-20 16:28:24.809 D/K706RadioManager(27006): IMcuListener.onTransact: code=1 flags=16
02-20 16:28:24.811 D/TunerManagerForExt(12107): FMRadio main (TunerManagerForExt.java:147) onTunerPresetListChanged:  - mBand: 0 - mPresetIndex: 0 - mFrequency: 10725 - index: 0 - preset: 9130 - index: 1 - preset: 9010 - index: 2 - preset: 9810 - index: 3 - preset: 10610 - index: 4 - preset: 10790 - index: 5 - preset: 8790
02-20 16:28:24.812 D/K706RadioManager(27006): >>> IMcuListener.onMcuInfoChanged received! data=B1 00 00 29 E5 23 AA 23 32 26 52 29 72 2A 26 22 56 
02-20 16:28:24.813 D/K706RadioManager(27006): MCU[0xB1] len=17 : B1 00 00 29 E5 23 AA 23 32 26 52 29 72 2A 26 22 56 
02-20 16:28:24.813 D/K706RadioManager(27006): PresetList: band=0 presetIdx=0 currentFreq=10725 firstFreq=10725 (offset=3)
02-20 16:28:24.813 D/K706RadioManager(27006): PresetList: band reportada=0 (ignorada, mCurrentBand=0)
02-20 16:28:24.814 D/K706RadioManager(27006): >>> FREQ: 107300 -> 107250 (MCU=10725, 107,25 MHz)
02-20 16:28:24.856 E/mcu_services( 5539): MCU2APP : [ff fe fd 12 01 b1 00 00 29 e0 23 aa 23 32 26 52 29 72 2a 26 22 56 b6 ff ]
02-20 16:28:24.858 D/TunerPresenter(12107): handleTunerRawData: b1 0 0 29 e0 23 aa 23 32 26 52 29 72 2a 26 22 56 
02-20 16:28:24.859 D/K706RadioManager(27006): IMcuListener.onTransact: code=1 flags=16
02-20 16:28:24.861 D/TunerManagerForExt(12107): FMRadio main (TunerManagerForExt.java:147) onTunerPresetListChanged:  - mBand: 0 - mPresetIndex: 0 - mFrequency: 10720 - index: 0 - preset: 9130 - index: 1 - preset: 9010 - index: 2 - preset: 9810 - index: 3 - preset: 10610 - index: 4 - preset: 10790 - index: 5 - preset: 8790
02-20 16:28:24.861 D/K706RadioManager(27006): >>> IMcuListener.onMcuInfoChanged received! data=B1 00 00 29 E0 23 AA 23 32 26 52 29 72 2A 26 22 56 
02-20 16:28:24.863 D/K706RadioManager(27006): MCU[0xB1] len=17 : B1 00 00 29 E0 23 AA 23 32 26 52 29 72 2A 26 22 56 
02-20 16:28:24.863 D/K706RadioManager(27006): PresetList: band=0 presetIdx=0 currentFreq=10720 firstFreq=10720 (offset=3)
02-20 16:28:24.863 D/K706RadioManager(27006): PresetList: band reportada=0 (ignorada, mCurrentBand=0)
02-20 16:28:24.863 D/K706RadioManager(27006): >>> FREQ: 107250 -> 107200 (MCU=10720, 107,20 MHz)
02-20 16:28:24.905 E/mcu_services( 5539): MCU2APP : [ff fe fd 12 01 b1 00 00 29 db 23 aa 23 32 26 52 29 72 2a 26 22 56 8d ff ]
02-20 16:28:24.907 D/TunerPresenter(12107): handleTunerRawData: b1 0 0 29 db 23 aa 23 32 26 52 29 72 2a 26 22 56 
02-20 16:28:24.908 D/K706RadioManager(27006): IMcuListener.onTransact: code=1 flags=16
02-20 16:28:24.910 D/TunerManagerForExt(12107): FMRadio main (TunerManagerForExt.java:147) onTunerPresetListChanged:  - mBand: 0 - mPresetIndex: 0 - mFrequency: 10715 - index: 0 - preset: 9130 - index: 1 - preset: 9010 - index: 2 - preset: 9810 - index: 3 - preset: 10610 - index: 4 - preset: 10790 - index: 5 - preset: 8790
02-20 16:28:24.910 D/K706RadioManager(27006): >>> IMcuListener.onMcuInfoChanged received! data=B1 00 00 29 DB 23 AA 23 32 26 52 29 72 2A 26 22 56 
02-20 16:28:24.912 D/K706RadioManager(27006): MCU[0xB1] len=17 : B1 00 00 29 DB 23 AA 23 32 26 52 29 72 2A 26 22 56 
02-20 16:28:24.912 D/K706RadioManager(27006): PresetList: band=0 presetIdx=0 currentFreq=10715 firstFreq=10715 (offset=3)
02-20 16:28:24.912 D/K706RadioManager(27006): PresetList: band reportada=0 (ignorada, mCurrentBand=0)
02-20 16:28:24.912 D/K706RadioManager(27006): >>> FREQ: 107200 -> 107150 (MCU=10715, 107,15 MHz)
02-20 16:28:24.955 E/mcu_services( 5539): MCU2APP : [ff fe fd 12 01 b1 00 00 29 d6 23 aa 23 32 26 52 29 72 2a 26 22 56 80 ff ]
02-20 16:28:24.956 D/TunerPresenter(12107): handleTunerRawData: b1 0 0 29 d6 23 aa 23 32 26 52 29 72 2a 26 22 56 
02-20 16:28:24.957 D/K706RadioManager(27006): IMcuListener.onTransact: code=1 flags=16
02-20 16:28:24.959 D/TunerManagerForExt(12107): FMRadio main (TunerManagerForExt.java:147) onTunerPresetListChanged:  - mBand: 0 - mPresetIndex: 0 - mFrequency: 10710 - index: 0 - preset: 9130 - index: 1 - preset: 9010 - index: 2 - preset: 9810 - index: 3 - preset: 10610 - index: 4 - preset: 10790 - index: 5 - preset: 8790
02-20 16:28:24.959 D/K706RadioManager(27006): >>> IMcuListener.onMcuInfoChanged received! data=B1 00 00 29 D6 23 AA 23 32 26 52 29 72 2A 26 22 56 
02-20 16:28:24.961 D/K706RadioManager(27006): MCU[0xB1] len=17 : B1 00 00 29 D6 23 AA 23 32 26 52 29 72 2A 26 22 56 
02-20 16:28:24.961 D/K706RadioManager(27006): PresetList: band=0 presetIdx=0 currentFreq=10710 firstFreq=10710 (offset=3)
02-20 16:28:24.961 D/K706RadioManager(27006): PresetList: band reportada=0 (ignorada, mCurrentBand=0)
02-20 16:28:24.961 D/K706RadioManager(27006): >>> FREQ: 107150 -> 107100 (MCU=10710, 107,10 MHz)
02-20 16:28:25.005 E/mcu_services( 5539): MCU2APP : [ff fe fd 12 01 b1 00 00 29 d1 23 aa 23 32 26 52 29 72 2a 26 22 56 87 ff ]
02-20 16:28:25.006 D/TunerPresenter(12107): handleTunerRawData: b1 0 0 29 d1 23 aa 23 32 26 52 29 72 2a 26 22 56 
02-20 16:28:25.009 D/K706RadioManager(27006): IMcuListener.onTransact: code=1 flags=16
02-20 16:28:25.009 D/TunerManagerForExt(12107): FMRadio main (TunerManagerForExt.java:147) onTunerPresetListChanged:  - mBand: 0 - mPresetIndex: 0 - mFrequency: 10705 - index: 0 - preset: 9130 - index: 1 - preset: 9010 - index: 2 - preset: 9810 - index: 3 - preset: 10610 - index: 4 - preset: 10790 - index: 5 - preset: 8790
02-20 16:28:25.010 D/K706RadioManager(27006): >>> IMcuListener.onMcuInfoChanged received! data=B1 00 00 29 D1 23 AA 23 32 26 52 29 72 2A 26 22 56 
02-20 16:28:25.012 D/K706RadioManager(27006): MCU[0xB1] len=17 : B1 00 00 29 D1 23 AA 23 32 26 52 29 72 2A 26 22 56 
02-20 16:28:25.012 D/K706RadioManager(27006): PresetList: band=0 presetIdx=0 currentFreq=10705 firstFreq=10705 (offset=3)
02-20 16:28:25.012 D/K706RadioManager(27006): PresetList: band reportada=0 (ignorada, mCurrentBand=0)
02-20 16:28:25.012 D/K706RadioManager(27006): >>> FREQ: 107100 -> 107050 (MCU=10705, 107,05 MHz)
02-20 16:28:25.054 E/mcu_services( 5539): MCU2APP : [ff fe fd 12 01 b1 00 00 29 cc 23 aa 23 32 26 52 29 72 2a 26 22 56 9a ff ]
02-20 16:28:25.055 D/TunerPresenter(12107): handleTunerRawData: b1 0 0 29 cc 23 aa 23 32 26 52 29 72 2a 26 22 56 
02-20 16:28:25.056 D/K706RadioManager(27006): IMcuListener.onTransact: code=1 flags=16
02-20 16:28:25.058 D/TunerManagerForExt(12107): FMRadio main (TunerManagerForExt.java:147) onTunerPresetListChanged:  - mBand: 0 - mPresetIndex: 0 - mFrequency: 10700 - index: 0 - preset: 9130 - index: 1 - preset: 9010 - index: 2 - preset: 9810 - index: 3 - preset: 10610 - index: 4 - preset: 10790 - index: 5 - preset: 8790
02-20 16:28:25.058 D/K706RadioManager(27006): >>> IMcuListener.onMcuInfoChanged received! data=B1 00 00 29 CC 23 AA 23 32 26 52 29 72 2A 26 22 56 
02-20 16:28:25.060 D/K706RadioManager(27006): MCU[0xB1] len=17 : B1 00 00 29 CC 23 AA 23 32 26 52 29 72 2A 26 22 56 
02-20 16:28:25.060 D/K706RadioManager(27006): PresetList: band=0 presetIdx=0 currentFreq=10700 firstFreq=10700 (offset=3)
02-20 16:28:25.060 D/K706RadioManager(27006): PresetList: band reportada=0 (ignorada, mCurrentBand=0)
02-20 16:28:25.060 D/K706RadioManager(27006): >>> FREQ: 107050 -> 107000 (MCU=10700, 107,00 MHz)
02-20 16:28:25.104 E/mcu_services( 5539): MCU2APP : [ff fe fd 12 01 b1 00 00 29 c7 23 aa 23 32 26 52 29 72 2a 26 22 56 91 ff ]
02-20 16:28:25.106 D/TunerPresenter(12107): handleTunerRawData: b1 0 0 29 c7 23 aa 23 32 26 52 29 72 2a 26 22 56 
02-20 16:28:25.107 D/K706RadioManager(27006): IMcuListener.onTransact: code=1 flags=16
02-20 16:28:25.108 D/TunerManagerForExt(12107): FMRadio main (TunerManagerForExt.java:147) onTunerPresetListChanged:  - mBand: 0 - mPresetIndex: 0 - mFrequency: 10695 - index: 0 - preset: 9130 - index: 1 - preset: 9010 - index: 2 - preset: 9810 - index: 3 - preset: 10610 - index: 4 - preset: 10790 - index: 5 - preset: 8790
02-20 16:28:25.108 D/K706RadioManager(27006): >>> IMcuListener.onMcuInfoChanged received! data=B1 00 00 29 C7 23 AA 23 32 26 52 29 72 2A 26 22 56 
02-20 16:28:25.110 D/K706RadioManager(27006): MCU[0xB1] len=17 : B1 00 00 29 C7 23 AA 23 32 26 52 29 72 2A 26 22 56 
02-20 16:28:25.110 D/K706RadioManager(27006): PresetList: band=0 presetIdx=0 currentFreq=10695 firstFreq=10695 (offset=3)
02-20 16:28:25.110 D/K706RadioManager(27006): PresetList: band reportada=0 (ignorada, mCurrentBand=0)
02-20 16:28:25.111 D/K706RadioManager(27006): >>> FREQ: 107000 -> 106950 (MCU=10695, 106,95 MHz)
02-20 16:28:25.154 E/mcu_services( 5539): MCU2APP : [ff fe fd 12 01 b1 00 00 29 c2 23 aa 23 32 26 52 29 72 2a 26 22 56 94 ff ]
02-20 16:28:25.156 D/TunerPresenter(12107): handleTunerRawData: b1 0 0 29 c2 23 aa 23 32 26 52 29 72 2a 26 22 56 
02-20 16:28:25.159 D/K706RadioManager(27006): IMcuListener.onTransact: code=1 flags=16
02-20 16:28:25.159 D/TunerManagerForExt(12107): FMRadio main (TunerManagerForExt.java:147) onTunerPresetListChanged:  - mBand: 0 - mPresetIndex: 0 - mFrequency: 10690 - index: 0 - preset: 9130 - index: 1 - preset: 9010 - index: 2 - preset: 9810 - index: 3 - preset: 10610 - index: 4 - preset: 10790 - index: 5 - preset: 8790
02-20 16:28:25.161 D/K706RadioManager(27006): >>> IMcuListener.onMcuInfoChanged received! data=B1 00 00 29 C2 23 AA 23 32 26 52 29 72 2A 26 22 56 
02-20 16:28:25.162 D/K706RadioManager(27006): MCU[0xB1] len=17 : B1 00 00 29 C2 23 AA 23 32 26 52 29 72 2A 26 22 56 
02-20 16:28:25.162 D/K706RadioManager(27006): PresetList: band=0 presetIdx=0 currentFreq=10690 firstFreq=10690 (offset=3)
02-20 16:28:25.162 D/K706RadioManager(27006): PresetList: band reportada=0 (ignorada, mCurrentBand=0)
02-20 16:28:25.163 D/K706RadioManager(27006): >>> FREQ: 106950 -> 106900 (MCU=10690, 106,90 MHz)
02-20 16:28:25.204 E/mcu_services( 5539): MCU2APP : [ff fe fd 12 01 b1 00 00 29 bd 23 aa 23 32 26 52 29 72 2a 26 22 56 eb ff ]
02-20 16:28:25.205 D/TunerPresenter(12107): handleTunerRawData: b1 0 0 29 bd 23 aa 23 32 26 52 29 72 2a 26 22 56 
02-20 16:28:25.206 D/K706RadioManager(27006): IMcuListener.onTransact: code=1 flags=16
02-20 16:28:25.208 D/K706RadioManager(27006): >>> IMcuListener.onMcuInfoChanged received! data=B1 00 00 29 BD 23 AA 23 32 26 52 29 72 2A 26 22 56 
02-20 16:28:25.208 D/TunerManagerForExt(12107): FMRadio main (TunerManagerForExt.java:147) onTunerPresetListChanged:  - mBand: 0 - mPresetIndex: 0 - mFrequency: 10685 - index: 0 - preset: 9130 - index: 1 - preset: 9010 - index: 2 - preset: 9810 - index: 3 - preset: 10610 - index: 4 - preset: 10790 - index: 5 - preset: 8790
02-20 16:28:25.209 D/K706RadioManager(27006): MCU[0xB1] len=17 : B1 00 00 29 BD 23 AA 23 32 26 52 29 72 2A 26 22 56 
02-20 16:28:25.209 D/K706RadioManager(27006): PresetList: band=0 presetIdx=0 currentFreq=10685 firstFreq=10685 (offset=3)
02-20 16:28:25.209 D/K706RadioManager(27006): PresetList: band reportada=0 (ignorada, mCurrentBand=0)
02-20 16:28:25.210 D/K706RadioManager(27006): >>> FREQ: 106900 -> 106850 (MCU=10685, 106,85 MHz)
02-20 16:28:25.253 E/mcu_services( 5539): MCU2APP : [ff fe fd 12 01 b1 00 00 29 b8 23 aa 23 32 26 52 29 72 2a 26 22 56 ee ff ]
02-20 16:28:25.254 D/TunerPresenter(12107): handleTunerRawData: b1 0 0 29 b8 23 aa 23 32 26 52 29 72 2a 26 22 56 
02-20 16:28:25.256 D/K706RadioManager(27006): IMcuListener.onTransact: code=1 flags=16
02-20 16:28:25.257 D/TunerManagerForExt(12107): FMRadio main (TunerManagerForExt.java:147) onTunerPresetListChanged:  - mBand: 0 - mPresetIndex: 0 - mFrequency: 10680 - index: 0 - preset: 9130 - index: 1 - preset: 9010 - index: 2 - preset: 9810 - index: 3 - preset: 10610 - index: 4 - preset: 10790 - index: 5 - preset: 8790
02-20 16:28:25.257 D/K706RadioManager(27006): >>> IMcuListener.onMcuInfoChanged received! data=B1 00 00 29 B8 23 AA 23 32 26 52 29 72 2A 26 22 56 
02-20 16:28:25.259 D/K706RadioManager(27006): MCU[0xB1] len=17 : B1 00 00 29 B8 23 AA 23 32 26 52 29 72 2A 26 22 56 
02-20 16:28:25.259 D/K706RadioManager(27006): PresetList: band=0 presetIdx=0 currentFreq=10680 firstFreq=10680 (offset=3)
02-20 16:28:25.259 D/K706RadioManager(27006): PresetList: band reportada=0 (ignorada, mCurrentBand=0)
02-20 16:28:25.259 D/K706RadioManager(27006): >>> FREQ: 106850 -> 106800 (MCU=10680, 106,80 MHz)
02-20 16:28:25.271 E/mcu_services( 5539): MCU2APP : [ff fe fd 03 01 29 6d 45 ff ]
02-20 16:28:25.274 D/K706RadioManager(27006): IMcuListener.onTransact: code=1 flags=16
02-20 16:28:25.275 D/K706RadioManager(27006): >>> IMcuListener.onMcuInfoChanged received! data=29 6D 
02-20 16:28:25.275 D/K706RadioManager(27006): MCU[0x29] len=2 : 29 6D 
02-20 16:28:25.275 D/K706RadioManager(27006): Unknown MCU packet type: 0x29
02-20 16:28:25.303 E/mcu_services( 5539): MCU2APP : [ff fe fd 12 01 b1 00 00 29 b3 23 aa 23 32 26 52 29 72 2a 26 22 56 e5 ff ]
02-20 16:28:25.304 D/TunerPresenter(12107): handleTunerRawData: b1 0 0 29 b3 23 aa 23 32 26 52 29 72 2a 26 22 56 
02-20 16:28:25.305 D/K706RadioManager(27006): IMcuListener.onTransact: code=1 flags=16
02-20 16:28:25.307 D/TunerManagerForExt(12107): FMRadio main (TunerManagerForExt.java:147) onTunerPresetListChanged:  - mBand: 0 - mPresetIndex: 0 - mFrequency: 10675 - index: 0 - preset: 9130 - index: 1 - preset: 9010 - index: 2 - preset: 9810 - index: 3 - preset: 10610 - index: 4 - preset: 10790 - index: 5 - preset: 8790
02-20 16:28:25.307 D/K706RadioManager(27006): >>> IMcuListener.onMcuInfoChanged received! data=B1 00 00 29 B3 23 AA 23 32 26 52 29 72 2A 26 22 56 
02-20 16:28:25.308 D/K706RadioManager(27006): MCU[0xB1] len=17 : B1 00 00 29 B3 23 AA 23 32 26 52 29 72 2A 26 22 56 
02-20 16:28:25.308 D/K706RadioManager(27006): PresetList: band=0 presetIdx=0 currentFreq=10675 firstFreq=10675 (offset=3)
02-20 16:28:25.309 D/K706RadioManager(27006): PresetList: band reportada=0 (ignorada, mCurrentBand=0)
02-20 16:28:25.309 D/K706RadioManager(27006): >>> FREQ: 106800 -> 106750 (MCU=10675, 106,75 MHz)
02-20 16:28:25.353 E/mcu_services( 5539): MCU2APP : [ff fe fd 12 01 b1 00 00 29 ae 23 aa 23 32 26 52 29 72 2a 26 22 56 f8 ff ]
02-20 16:28:25.355 D/TunerPresenter(12107): handleTunerRawData: b1 0 0 29 ae 23 aa 23 32 26 52 29 72 2a 26 22 56 
02-20 16:28:25.356 D/K706RadioManager(27006): IMcuListener.onTransact: code=1 flags=16
02-20 16:28:25.357 D/TunerManagerForExt(12107): FMRadio main (TunerManagerForExt.java:147) onTunerPresetListChanged:  - mBand: 0 - mPresetIndex: 0 - mFrequency: 10670 - index: 0 - preset: 9130 - index: 1 - preset: 9010 - index: 2 - preset: 9810 - index: 3 - preset: 10610 - index: 4 - preset: 10790 - index: 5 - preset: 8790
02-20 16:28:25.358 D/K706RadioManager(27006): >>> IMcuListener.onMcuInfoChanged received! data=B1 00 00 29 AE 23 AA 23 32 26 52 29 72 2A 26 22 56 
02-20 16:28:25.359 D/K706RadioManager(27006): MCU[0xB1] len=17 : B1 00 00 29 AE 23 AA 23 32 26 52 29 72 2A 26 22 56 
02-20 16:28:25.360 D/K706RadioManager(27006): PresetList: band=0 presetIdx=0 currentFreq=10670 firstFreq=10670 (offset=3)
02-20 16:28:25.360 D/K706RadioManager(27006): PresetList: band reportada=0 (ignorada, mCurrentBand=0)
02-20 16:28:25.360 D/K706RadioManager(27006): >>> FREQ: 106750 -> 106700 (MCU=10670, 106,70 MHz)
02-20 16:28:25.403 E/mcu_services( 5539): MCU2APP : [ff fe fd 12 01 b1 00 00 29 a9 23 aa 23 32 26 52 29 72 2a 26 22 56 ff ff ]
02-20 16:28:25.404 D/TunerPresenter(12107): handleTunerRawData: b1 0 0 29 a9 23 aa 23 32 26 52 29 72 2a 26 22 56 
02-20 16:28:25.406 D/K706RadioManager(27006): IMcuListener.onTransact: code=1 flags=16
02-20 16:28:25.407 D/TunerManagerForExt(12107): FMRadio main (TunerManagerForExt.java:147) onTunerPresetListChanged:  - mBand: 0 - mPresetIndex: 0 - mFrequency: 10665 - index: 0 - preset: 9130 - index: 1 - preset: 9010 - index: 2 - preset: 9810 - index: 3 - preset: 10610 - index: 4 - preset: 10790 - index: 5 - preset: 8790
02-20 16:28:25.408 D/K706RadioManager(27006): >>> IMcuListener.onMcuInfoChanged received! data=B1 00 00 29 A9 23 AA 23 32 26 52 29 72 2A 26 22 56 
02-20 16:28:25.409 D/K706RadioManager(27006): MCU[0xB1] len=17 : B1 00 00 29 A9 23 AA 23 32 26 52 29 72 2A 26 22 56 
02-20 16:28:25.409 D/K706RadioManager(27006): PresetList: band=0 presetIdx=0 currentFreq=10665 firstFreq=10665 (offset=3)
02-20 16:28:25.409 D/K706RadioManager(27006): PresetList: band reportada=0 (ignorada, mCurrentBand=0)
02-20 16:28:25.410 D/K706RadioManager(27006): >>> FREQ: 106700 -> 106650 (MCU=10665, 106,65 MHz)
02-20 16:28:25.452 E/mcu_services( 5539): MCU2APP : [ff fe fd 12 01 b1 00 00 29 a4 23 aa 23 32 26 52 29 72 2a 26 22 56 f2 ff ]
02-20 16:28:25.454 D/TunerPresenter(12107): handleTunerRawData: b1 0 0 29 a4 23 aa 23 32 26 52 29 72 2a 26 22 56 
02-20 16:28:25.456 D/K706RadioManager(27006): IMcuListener.onTransact: code=1 flags=16
02-20 16:28:25.457 D/TunerManagerForExt(12107): FMRadio main (TunerManagerForExt.java:147) onTunerPresetListChanged:  - mBand: 0 - mPresetIndex: 0 - mFrequency: 10660 - index: 0 - preset: 9130 - index: 1 - preset: 9010 - index: 2 - preset: 9810 - index: 3 - preset: 10610 - index: 4 - preset: 10790 - index: 5 - preset: 8790
02-20 16:28:25.458 D/K706RadioManager(27006): >>> IMcuListener.onMcuInfoChanged received! data=B1 00 00 29 A4 23 AA 23 32 26 52 29 72 2A 26 22 56 
02-20 16:28:25.459 D/K706RadioManager(27006): MCU[0xB1] len=17 : B1 00 00 29 A4 23 AA 23 32 26 52 29 72 2A 26 22 56 
02-20 16:28:25.459 D/K706RadioManager(27006): PresetList: band=0 presetIdx=0 currentFreq=10660 firstFreq=10660 (offset=3)
02-20 16:28:25.459 D/K706RadioManager(27006): PresetList: band reportada=0 (ignorada, mCurrentBand=0)
02-20 16:28:25.460 D/K706RadioManager(27006): >>> FREQ: 106650 -> 106600 (MCU=10660, 106,60 MHz)
02-20 16:28:25.502 E/mcu_services( 5539): MCU2APP : [ff fe fd 12 01 b1 00 00 29 9f 23 aa 23 32 26 52 29 72 2a 26 22 56 c9 ff ]
02-20 16:28:25.504 D/TunerPresenter(12107): handleTunerRawData: b1 0 0 29 9f 23 aa 23 32 26 52 29 72 2a 26 22 56 
02-20 16:28:25.508 D/TunerManagerForExt(12107): FMRadio main (TunerManagerForExt.java:147) onTunerPresetListChanged:  - mBand: 0 - mPresetIndex: 0 - mFrequency: 10655 - index: 0 - preset: 9130 - index: 1 - preset: 9010 - index: 2 - preset: 9810 - index: 3 - preset: 10610 - index: 4 - preset: 10790 - index: 5 - preset: 8790
02-20 16:28:25.508 D/K706RadioManager(27006): IMcuListener.onTransact: code=1 flags=16
02-20 16:28:25.510 D/K706RadioManager(27006): >>> IMcuListener.onMcuInfoChanged received! data=B1 00 00 29 9F 23 AA 23 32 26 52 29 72 2A 26 22 56 
02-20 16:28:25.512 D/K706RadioManager(27006): MCU[0xB1] len=17 : B1 00 00 29 9F 23 AA 23 32 26 52 29 72 2A 26 22 56 
02-20 16:28:25.512 D/K706RadioManager(27006): PresetList: band=0 presetIdx=0 currentFreq=10655 firstFreq=10655 (offset=3)
02-20 16:28:25.512 D/K706RadioManager(27006): PresetList: band reportada=0 (ignorada, mCurrentBand=0)
02-20 16:28:25.513 D/K706RadioManager(27006): >>> FREQ: 106600 -> 106550 (MCU=10655, 106,55 MHz)
02-20 16:28:25.552 E/mcu_services( 5539): MCU2APP : [ff fe fd 12 01 b1 00 00 29 9a 23 aa 23 32 26 52 29 72 2a 26 22 56 cc ff ]
02-20 16:28:25.554 D/TunerPresenter(12107): handleTunerRawData: b1 0 0 29 9a 23 aa 23 32 26 52 29 72 2a 26 22 56 
02-20 16:28:25.555 D/K706RadioManager(27006): IMcuListener.onTransact: code=1 flags=16
02-20 16:28:25.557 D/K706RadioManager(27006): >>> IMcuListener.onMcuInfoChanged received! data=B1 00 00 29 9A 23 AA 23 32 26 52 29 72 2A 26 22 56 
02-20 16:28:25.557 D/TunerManagerForExt(12107): FMRadio main (TunerManagerForExt.java:147) onTunerPresetListChanged:  - mBand: 0 - mPresetIndex: 0 - mFrequency: 10650 - index: 0 - preset: 9130 - index: 1 - preset: 9010 - index: 2 - preset: 9810 - index: 3 - preset: 10610 - index: 4 - preset: 10790 - index: 5 - preset: 8790
02-20 16:28:25.558 D/K706RadioManager(27006): MCU[0xB1] len=17 : B1 00 00 29 9A 23 AA 23 32 26 52 29 72 2A 26 22 56 
02-20 16:28:25.558 D/K706RadioManager(27006): PresetList: band=0 presetIdx=0 currentFreq=10650 firstFreq=10650 (offset=3)
02-20 16:28:25.558 D/K706RadioManager(27006): PresetList: band reportada=0 (ignorada, mCurrentBand=0)
02-20 16:28:25.558 D/K706RadioManager(27006): >>> FREQ: 106550 -> 106500 (MCU=10650, 106,50 MHz)
02-20 16:28:25.602 E/mcu_services( 5539): MCU2APP : [ff fe fd 12 01 b1 00 00 29 95 23 aa 23 32 26 52 29 72 2a 26 22 56 c3 ff ]
02-20 16:28:25.603 D/TunerPresenter(12107): handleTunerRawData: b1 0 0 29 95 23 aa 23 32 26 52 29 72 2a 26 22 56 
02-20 16:28:25.604 D/K706RadioManager(27006): IMcuListener.onTransact: code=1 flags=16
02-20 16:28:25.606 D/TunerManagerForExt(12107): FMRadio main (TunerManagerForExt.java:147) onTunerPresetListChanged:  - mBand: 0 - mPresetIndex: 0 - mFrequency: 10645 - index: 0 - preset: 9130 - index: 1 - preset: 9010 - index: 2 - preset: 9810 - index: 3 - preset: 10610 - index: 4 - preset: 10790 - index: 5 - preset: 8790
02-20 16:28:25.606 D/K706RadioManager(27006): >>> IMcuListener.onMcuInfoChanged received! data=B1 00 00 29 95 23 AA 23 32 26 52 29 72 2A 26 22 56 
02-20 16:28:25.608 D/K706RadioManager(27006): MCU[0xB1] len=17 : B1 00 00 29 95 23 AA 23 32 26 52 29 72 2A 26 22 56 
02-20 16:28:25.608 D/K706RadioManager(27006): PresetList: band=0 presetIdx=0 currentFreq=10645 firstFreq=10645 (offset=3)
02-20 16:28:25.608 D/K706RadioManager(27006): PresetList: band reportada=0 (ignorada, mCurrentBand=0)
02-20 16:28:25.608 D/K706RadioManager(27006): >>> FREQ: 106500 -> 106450 (MCU=10645, 106,45 MHz)
02-20 16:28:25.651 E/mcu_services( 5539): MCU2APP : [ff fe fd 12 01 b1 00 00 29 90 23 aa 23 32 26 52 29 72 2a 26 22 56 c6 ff ]
02-20 16:28:25.653 D/TunerPresenter(12107): handleTunerRawData: b1 0 0 29 90 23 aa 23 32 26 52 29 72 2a 26 22 56 
02-20 16:28:25.654 D/K706RadioManager(27006): IMcuListener.onTransact: code=1 flags=16
02-20 16:28:25.655 D/TunerManagerForExt(12107): FMRadio main (TunerManagerForExt.java:147) onTunerPresetListChanged:  - mBand: 0 - mPresetIndex: 0 - mFrequency: 10640 - index: 0 - preset: 9130 - index: 1 - preset: 9010 - index: 2 - preset: 9810 - index: 3 - preset: 10610 - index: 4 - preset: 10790 - index: 5 - preset: 8790
02-20 16:28:25.656 D/K706RadioManager(27006): >>> IMcuListener.onMcuInfoChanged received! data=B1 00 00 29 90 23 AA 23 32 26 52 29 72 2A 26 22 56 
02-20 16:28:25.657 D/K706RadioManager(27006): MCU[0xB1] len=17 : B1 00 00 29 90 23 AA 23 32 26 52 29 72 2A 26 22 56 
02-20 16:28:25.657 D/K706RadioManager(27006): PresetList: band=0 presetIdx=0 currentFreq=10640 firstFreq=10640 (offset=3)
02-20 16:28:25.657 D/K706RadioManager(27006): PresetList: band reportada=0 (ignorada, mCurrentBand=0)
02-20 16:28:25.657 D/K706RadioManager(27006): >>> FREQ: 106450 -> 106400 (MCU=10640, 106,40 MHz)
02-20 16:28:25.701 E/mcu_services( 5539): MCU2APP : [ff fe fd 12 01 b1 00 00 29 8b 23 aa 23 32 26 52 29 72 2a 26 22 56 dd ff ]
02-20 16:28:25.702 D/TunerPresenter(12107): handleTunerRawData: b1 0 0 29 8b 23 aa 23 32 26 52 29 72 2a 26 22 56 
02-20 16:28:25.703 D/K706RadioManager(27006): IMcuListener.onTransact: code=1 flags=16
02-20 16:28:25.704 D/TunerManagerForExt(12107): FMRadio main (TunerManagerForExt.java:147) onTunerPresetListChanged:  - mBand: 0 - mPresetIndex: 0 - mFrequency: 10635 - index: 0 - preset: 9130 - index: 1 - preset: 9010 - index: 2 - preset: 9810 - index: 3 - preset: 10610 - index: 4 - preset: 10790 - index: 5 - preset: 8790
02-20 16:28:25.705 D/K706RadioManager(27006): >>> IMcuListener.onMcuInfoChanged received! data=B1 00 00 29 8B 23 AA 23 32 26 52 29 72 2A 26 22 56 
02-20 16:28:25.706 D/K706RadioManager(27006): MCU[0xB1] len=17 : B1 00 00 29 8B 23 AA 23 32 26 52 29 72 2A 26 22 56 
02-20 16:28:25.706 D/K706RadioManager(27006): PresetList: band=0 presetIdx=0 currentFreq=10635 firstFreq=10635 (offset=3)
02-20 16:28:25.707 D/K706RadioManager(27006): PresetList: band reportada=0 (ignorada, mCurrentBand=0)
02-20 16:28:25.707 D/K706RadioManager(27006): >>> FREQ: 106400 -> 106350 (MCU=10635, 106,35 MHz)
02-20 16:28:25.751 E/mcu_services( 5539): MCU2APP : [ff fe fd 12 01 b1 00 00 29 86 23 aa 23 32 26 52 29 72 2a 26 22 56 d0 ff ]
02-20 16:28:25.752 D/TunerPresenter(12107): handleTunerRawData: b1 0 0 29 86 23 aa 23 32 26 52 29 72 2a 26 22 56 
02-20 16:28:25.754 D/K706RadioManager(27006): IMcuListener.onTransact: code=1 flags=16
02-20 16:28:25.755 D/TunerManagerForExt(12107): FMRadio main (TunerManagerForExt.java:147) onTunerPresetListChanged:  - mBand: 0 - mPresetIndex: 0 - mFrequency: 10630 - index: 0 - preset: 9130 - index: 1 - preset: 9010 - index: 2 - preset: 9810 - index: 3 - preset: 10610 - index: 4 - preset: 10790 - index: 5 - preset: 8790
02-20 16:28:25.756 D/K706RadioManager(27006): >>> IMcuListener.onMcuInfoChanged received! data=B1 00 00 29 86 23 AA 23 32 26 52 29 72 2A 26 22 56 
02-20 16:28:25.758 D/K706RadioManager(27006): MCU[0xB1] len=17 : B1 00 00 29 86 23 AA 23 32 26 52 29 72 2A 26 22 56 
02-20 16:28:25.758 D/K706RadioManager(27006): PresetList: band=0 presetIdx=0 currentFreq=10630 firstFreq=10630 (offset=3)
02-20 16:28:25.758 D/K706RadioManager(27006): PresetList: band reportada=0 (ignorada, mCurrentBand=0)
02-20 16:28:25.758 D/K706RadioManager(27006): >>> FREQ: 106350 -> 106300 (MCU=10630, 106,30 MHz)
02-20 16:28:25.800 E/mcu_services( 5539): MCU2APP : [ff fe fd 12 01 b1 00 00 29 81 23 aa 23 32 26 52 29 72 2a 26 22 56 d7 ff ]
02-20 16:28:25.802 D/TunerPresenter(12107): handleTunerRawData: b1 0 0 29 81 23 aa 23 32 26 52 29 72 2a 26 22 56 
02-20 16:28:25.804 D/K706RadioManager(27006): IMcuListener.onTransact: code=1 flags=16
02-20 16:28:25.805 D/TunerManagerForExt(12107): FMRadio main (TunerManagerForExt.java:147) onTunerPresetListChanged:  - mBand: 0 - mPresetIndex: 0 - mFrequency: 10625 - index: 0 - preset: 9130 - index: 1 - preset: 9010 - index: 2 - preset: 9810 - index: 3 - preset: 10610 - index: 4 - preset: 10790 - index: 5 - preset: 8790
02-20 16:28:25.806 D/K706RadioManager(27006): >>> IMcuListener.onMcuInfoChanged received! data=B1 00 00 29 81 23 AA 23 32 26 52 29 72 2A 26 22 56 
02-20 16:28:25.808 D/K706RadioManager(27006): MCU[0xB1] len=17 : B1 00 00 29 81 23 AA 23 32 26 52 29 72 2A 26 22 56 
02-20 16:28:25.808 D/K706RadioManager(27006): PresetList: band=0 presetIdx=0 currentFreq=10625 firstFreq=10625 (offset=3)
02-20 16:28:25.808 D/K706RadioManager(27006): PresetList: band reportada=0 (ignorada, mCurrentBand=0)
02-20 16:28:25.808 D/K706RadioManager(27006): >>> FREQ: 106300 -> 106250 (MCU=10625, 106,25 MHz)
02-20 16:28:25.850 E/mcu_services( 5539): MCU2APP : [ff fe fd 12 01 b1 00 00 29 7c 23 aa 23 32 26 52 29 72 2a 26 22 56 2a ff ]
02-20 16:28:25.852 D/TunerPresenter(12107): handleTunerRawData: b1 0 0 29 7c 23 aa 23 32 26 52 29 72 2a 26 22 56 
02-20 16:28:25.854 D/K706RadioManager(27006): IMcuListener.onTransact: code=1 flags=16
02-20 16:28:25.855 D/TunerManagerForExt(12107): FMRadio main (TunerManagerForExt.java:147) onTunerPresetListChanged:  - mBand: 0 - mPresetIndex: 0 - mFrequency: 10620 - index: 0 - preset: 9130 - index: 1 - preset: 9010 - index: 2 - preset: 9810 - index: 3 - preset: 10610 - index: 4 - preset: 10790 - index: 5 - preset: 8790
02-20 16:28:25.856 D/K706RadioManager(27006): >>> IMcuListener.onMcuInfoChanged received! data=B1 00 00 29 7C 23 AA 23 32 26 52 29 72 2A 26 22 56 
02-20 16:28:25.858 D/K706RadioManager(27006): MCU[0xB1] len=17 : B1 00 00 29 7C 23 AA 23 32 26 52 29 72 2A 26 22 56 
02-20 16:28:25.858 D/K706RadioManager(27006): PresetList: band=0 presetIdx=0 currentFreq=10620 firstFreq=10620 (offset=3)
02-20 16:28:25.858 D/K706RadioManager(27006): PresetList: band reportada=0 (ignorada, mCurrentBand=0)
02-20 16:28:25.858 D/K706RadioManager(27006): >>> FREQ: 106250 -> 106200 (MCU=10620, 106,20 MHz)
02-20 16:28:25.900 E/mcu_services( 5539): MCU2APP : [ff fe fd 12 01 b1 00 00 29 77 23 aa 23 32 26 52 29 72 2a 26 22 56 21 ff ]
02-20 16:28:25.901 D/TunerPresenter(12107): handleTunerRawData: b1 0 0 29 77 23 aa 23 32 26 52 29 72 2a 26 22 56 
02-20 16:28:25.904 D/K706RadioManager(27006): IMcuListener.onTransact: code=1 flags=16
02-20 16:28:25.905 D/TunerManagerForExt(12107): FMRadio main (TunerManagerForExt.java:147) onTunerPresetListChanged:  - mBand: 0 - mPresetIndex: 0 - mFrequency: 10615 - index: 0 - preset: 9130 - index: 1 - preset: 9010 - index: 2 - preset: 9810 - index: 3 - preset: 10610 - index: 4 - preset: 10790 - index: 5 - preset: 8790
02-20 16:28:25.905 D/K706RadioManager(27006): >>> IMcuListener.onMcuInfoChanged received! data=B1 00 00 29 77 23 AA 23 32 26 52 29 72 2A 26 22 56 
02-20 16:28:25.907 D/K706RadioManager(27006): MCU[0xB1] len=17 : B1 00 00 29 77 23 AA 23 32 26 52 29 72 2A 26 22 56 
02-20 16:28:25.907 D/K706RadioManager(27006): PresetList: band=0 presetIdx=0 currentFreq=10615 firstFreq=10615 (offset=3)
02-20 16:28:25.907 D/K706RadioManager(27006): PresetList: band reportada=0 (ignorada, mCurrentBand=0)
02-20 16:28:25.907 D/K706RadioManager(27006): >>> FREQ: 106200 -> 106150 (MCU=10615, 106,15 MHz)
02-20 16:28:25.950 E/mcu_services( 5539): MCU2APP : [ff fe fd 12 01 b1 00 00 29 72 23 aa 23 32 26 52 29 72 2a 26 22 56 24 ff ]
02-20 16:28:25.951 D/TunerPresenter(12107): handleTunerRawData: b1 0 0 29 72 23 aa 23 32 26 52 29 72 2a 26 22 56 
02-20 16:28:25.952 D/K706RadioManager(27006): IMcuListener.onTransact: code=1 flags=16
02-20 16:28:25.954 D/K706RadioManager(27006): >>> IMcuListener.onMcuInfoChanged received! data=B1 00 00 29 72 23 AA 23 32 26 52 29 72 2A 26 22 56 
02-20 16:28:25.955 D/K706RadioManager(27006): MCU[0xB1] len=17 : B1 00 00 29 72 23 AA 23 32 26 52 29 72 2A 26 22 56 
02-20 16:28:25.955 D/K706RadioManager(27006): PresetList: band=0 presetIdx=0 currentFreq=10610 firstFreq=10610 (offset=3)
02-20 16:28:25.955 D/K706RadioManager(27006): PresetList: band reportada=0 (ignorada, mCurrentBand=0)
02-20 16:28:25.955 D/K706RadioManager(27006): >>> FREQ: 106150 -> 106100 (MCU=10610, 106,10 MHz)
02-20 16:28:25.956 D/TunerManagerForExt(12107): FMRadio main (TunerManagerForExt.java:147) onTunerPresetListChanged:  - mBand: 0 - mPresetIndex: 0 - mFrequency: 10610 - index: 0 - preset: 9130 - index: 1 - preset: 9010 - index: 2 - preset: 9810 - index: 3 - preset: 10610 - index: 4 - preset: 10790 - index: 5 - preset: 8790
02-20 16:28:25.999 E/mcu_services( 5539): MCU2APP : [ff fe fd 12 01 b1 00 00 29 6d 23 aa 23 32 26 52 29 72 2a 26 22 56 3b ff ]
02-20 16:28:26.000 D/TunerPresenter(12107): handleTunerRawData: b1 0 0 29 6d 23 aa 23 32 26 52 29 72 2a 26 22 56 
02-20 16:28:26.001 D/K706RadioManager(27006): IMcuListener.onTransact: code=1 flags=16
02-20 16:28:26.003 D/TunerManagerForExt(12107): FMRadio main (TunerManagerForExt.java:147) onTunerPresetListChanged:  - mBand: 0 - mPresetIndex: 0 - mFrequency: 10605 - index: 0 - preset: 9130 - index: 1 - preset: 9010 - index: 2 - preset: 9810 - index: 3 - preset: 10610 - index: 4 - preset: 10790 - index: 5 - preset: 8790
02-20 16:28:26.004 D/K706RadioManager(27006): >>> IMcuListener.onMcuInfoChanged received! data=B1 00 00 29 6D 23 AA 23 32 26 52 29 72 2A 26 22 56 
02-20 16:28:26.005 D/K706RadioManager(27006): MCU[0xB1] len=17 : B1 00 00 29 6D 23 AA 23 32 26 52 29 72 2A 26 22 56 
02-20 16:28:26.005 D/K706RadioManager(27006): PresetList: band=0 presetIdx=0 currentFreq=10605 firstFreq=10605 (offset=3)
02-20 16:28:26.005 D/K706RadioManager(27006): PresetList: band reportada=0 (ignorada, mCurrentBand=0)
02-20 16:28:26.006 D/K706RadioManager(27006): >>> FREQ: 106100 -> 106050 (MCU=10605, 106,05 MHz)
02-20 16:28:26.049 E/mcu_services( 5539): MCU2APP : [ff fe fd 12 01 b1 00 00 29 68 23 aa 23 32 26 52 29 72 2a 26 22 56 3e ff ]
02-20 16:28:26.050 D/TunerPresenter(12107): handleTunerRawData: b1 0 0 29 68 23 aa 23 32 26 52 29 72 2a 26 22 56 
02-20 16:28:26.051 D/K706RadioManager(27006): IMcuListener.onTransact: code=1 flags=16
02-20 16:28:26.052 D/TunerManagerForExt(12107): FMRadio main (TunerManagerForExt.java:147) onTunerPresetListChanged:  - mBand: 0 - mPresetIndex: 0 - mFrequency: 10600 - index: 0 - preset: 9130 - index: 1 - preset: 9010 - index: 2 - preset: 9810 - index: 3 - preset: 10610 - index: 4 - preset: 10790 - index: 5 - preset: 8790
02-20 16:28:26.053 D/K706RadioManager(27006): >>> IMcuListener.onMcuInfoChanged received! data=B1 00 00 29 68 23 AA 23 32 26 52 29 72 2A 26 22 56 
02-20 16:28:26.054 D/K706RadioManager(27006): MCU[0xB1] len=17 : B1 00 00 29 68 23 AA 23 32 26 52 29 72 2A 26 22 56 
02-20 16:28:26.054 D/K706RadioManager(27006): PresetList: band=0 presetIdx=0 currentFreq=10600 firstFreq=10600 (offset=3)
02-20 16:28:26.054 D/K706RadioManager(27006): PresetList: band reportada=0 (ignorada, mCurrentBand=0)
02-20 16:28:26.054 D/K706RadioManager(27006): >>> FREQ: 106050 -> 106000 (MCU=10600, 106,00 MHz)
02-20 16:28:26.099 E/mcu_services( 5539): MCU2APP : [ff fe fd 12 01 b1 00 00 29 63 23 aa 23 32 26 52 29 72 2a 26 22 56 35 ff ]
02-20 16:28:26.099 D/TunerPresenter(12107): handleTunerRawData: b1 0 0 29 63 23 aa 23 32 26 52 29 72 2a 26 22 56 
02-20 16:28:26.100 D/K706RadioManager(27006): IMcuListener.onTransact: code=1 flags=16
02-20 16:28:26.102 D/TunerManagerForExt(12107): FMRadio main (TunerManagerForExt.java:147) onTunerPresetListChanged:  - mBand: 0 - mPresetIndex: 0 - mFrequency: 10595 - index: 0 - preset: 9130 - index: 1 - preset: 9010 - index: 2 - preset: 9810 - index: 3 - preset: 10610 - index: 4 - preset: 10790 - index: 5 - preset: 8790
02-20 16:28:26.102 D/K706RadioManager(27006): >>> IMcuListener.onMcuInfoChanged received! data=B1 00 00 29 63 23 AA 23 32 26 52 29 72 2A 26 22 56 
02-20 16:28:26.103 D/K706RadioManager(27006): MCU[0xB1] len=17 : B1 00 00 29 63 23 AA 23 32 26 52 29 72 2A 26 22 56 
02-20 16:28:26.103 D/K706RadioManager(27006): PresetList: band=0 presetIdx=0 currentFreq=10595 firstFreq=10595 (offset=3)
02-20 16:28:26.103 D/K706RadioManager(27006): PresetList: band reportada=0 (ignorada, mCurrentBand=0)
02-20 16:28:26.104 D/K706RadioManager(27006): >>> FREQ: 106000 -> 105950 (MCU=10595, 105,95 MHz)
02-20 16:28:26.148 E/mcu_services( 5539): MCU2APP : [ff fe fd 12 01 b1 00 00 29 5e 23 aa 23 32 26 52 29 72 2a 26 22 56 08 ff ]
02-20 16:28:26.150 D/TunerPresenter(12107): handleTunerRawData: b1 0 0 29 5e 23 aa 23 32 26 52 29 72 2a 26 22 56 
02-20 16:28:26.151 D/K706RadioManager(27006): IMcuListener.onTransact: code=1 flags=16
02-20 16:28:26.152 D/TunerManagerForExt(12107): FMRadio main (TunerManagerForExt.java:147) onTunerPresetListChanged:  - mBand: 0 - mPresetIndex: 0 - mFrequency: 10590 - index: 0 - preset: 9130 - index: 1 - preset: 9010 - index: 2 - preset: 9810 - index: 3 - preset: 10610 - index: 4 - preset: 10790 - index: 5 - preset: 8790
02-20 16:28:26.152 D/K706RadioManager(27006): >>> IMcuListener.onMcuInfoChanged received! data=B1 00 00 29 5E 23 AA 23 32 26 52 29 72 2A 26 22 56 
02-20 16:28:26.154 D/K706RadioManager(27006): MCU[0xB1] len=17 : B1 00 00 29 5E 23 AA 23 32 26 52 29 72 2A 26 22 56 
02-20 16:28:26.154 D/K706RadioManager(27006): PresetList: band=0 presetIdx=0 currentFreq=10590 firstFreq=10590 (offset=3)
02-20 16:28:26.154 D/K706RadioManager(27006): PresetList: band reportada=0 (ignorada, mCurrentBand=0)
02-20 16:28:26.154 D/K706RadioManager(27006): >>> FREQ: 105950 -> 105900 (MCU=10590, 105,90 MHz)
02-20 16:28:26.198 E/mcu_services( 5539): MCU2APP : [ff fe fd 12 01 b1 00 00 29 59 23 aa 23 32 26 52 29 72 2a 26 22 56 0f ff ]
02-20 16:28:26.199 D/TunerPresenter(12107): handleTunerRawData: b1 0 0 29 59 23 aa 23 32 26 52 29 72 2a 26 22 56 
02-20 16:28:26.200 D/K706RadioManager(27006): IMcuListener.onTransact: code=1 flags=16
02-20 16:28:26.202 D/TunerManagerForExt(12107): FMRadio main (TunerManagerForExt.java:147) onTunerPresetListChanged:  - mBand: 0 - mPresetIndex: 0 - mFrequency: 10585 - index: 0 - preset: 9130 - index: 1 - preset: 9010 - index: 2 - preset: 9810 - index: 3 - preset: 10610 - index: 4 - preset: 10790 - index: 5 - preset: 8790
02-20 16:28:26.202 D/K706RadioManager(27006): >>> IMcuListener.onMcuInfoChanged received! data=B1 00 00 29 59 23 AA 23 32 26 52 29 72 2A 26 22 56 
02-20 16:28:26.203 D/K706RadioManager(27006): MCU[0xB1] len=17 : B1 00 00 29 59 23 AA 23 32 26 52 29 72 2A 26 22 56 
02-20 16:28:26.203 D/K706RadioManager(27006): PresetList: band=0 presetIdx=0 currentFreq=10585 firstFreq=10585 (offset=3)
02-20 16:28:26.203 D/K706RadioManager(27006): PresetList: band reportada=0 (ignorada, mCurrentBand=0)
02-20 16:28:26.204 D/K706RadioManager(27006): >>> FREQ: 105900 -> 105850 (MCU=10585, 105,85 MHz)
02-20 16:28:26.248 E/mcu_services( 5539): MCU2APP : [ff fe fd 12 01 b1 00 00 29 54 23 aa 23 32 26 52 29 72 2a 26 22 56 02 ff ]
02-20 16:28:26.249 D/TunerPresenter(12107): handleTunerRawData: b1 0 0 29 54 23 aa 23 32 26 52 29 72 2a 26 22 56 
02-20 16:28:26.249 D/K706RadioManager(27006): IMcuListener.onTransact: code=1 flags=16
02-20 16:28:26.251 D/K706RadioManager(27006): >>> IMcuListener.onMcuInfoChanged received! data=B1 00 00 29 54 23 AA 23 32 26 52 29 72 2A 26 22 56 
02-20 16:28:26.252 D/K706RadioManager(27006): MCU[0xB1] len=17 : B1 00 00 29 54 23 AA 23 32 26 52 29 72 2A 26 22 56 
02-20 16:28:26.252 D/K706RadioManager(27006): PresetList: band=0 presetIdx=0 currentFreq=10580 firstFreq=10580 (offset=3)
02-20 16:28:26.252 D/K706RadioManager(27006): PresetList: band reportada=0 (ignorada, mCurrentBand=0)
02-20 16:28:26.252 D/K706RadioManager(27006): >>> FREQ: 105850 -> 105800 (MCU=10580, 105,80 MHz)
02-20 16:28:26.253 D/TunerManagerForExt(12107): FMRadio main (TunerManagerForExt.java:147) onTunerPresetListChanged:  - mBand: 0 - mPresetIndex: 0 - mFrequency: 10580 - index: 0 - preset: 9130 - index: 1 - preset: 9010 - index: 2 - preset: 9810 - index: 3 - preset: 10610 - index: 4 - preset: 10790 - index: 5 - preset: 8790
02-20 16:28:26.298 E/mcu_services( 5539): MCU2APP : [ff fe fd 12 01 b1 00 00 29 4f 23 aa 23 32 26 52 29 72 2a 26 22 56 19 ff ]
02-20 16:28:26.299 D/TunerPresenter(12107): handleTunerRawData: b1 0 0 29 4f 23 aa 23 32 26 52 29 72 2a 26 22 56 
02-20 16:28:26.300 D/K706RadioManager(27006): IMcuListener.onTransact: code=1 flags=16
02-20 16:28:26.302 D/K706RadioManager(27006): >>> IMcuListener.onMcuInfoChanged received! data=B1 00 00 29 4F 23 AA 23 32 26 52 29 72 2A 26 22 56 
02-20 16:28:26.304 D/K706RadioManager(27006): MCU[0xB1] len=17 : B1 00 00 29 4F 23 AA 23 32 26 52 29 72 2A 26 22 56 
02-20 16:28:26.304 D/K706RadioManager(27006): PresetList: band=0 presetIdx=0 currentFreq=10575 firstFreq=10575 (offset=3)
02-20 16:28:26.304 D/K706RadioManager(27006): PresetList: band reportada=0 (ignorada, mCurrentBand=0)
02-20 16:28:26.304 D/K706RadioManager(27006): >>> FREQ: 105800 -> 105750 (MCU=10575, 105,75 MHz)
02-20 16:28:26.305 D/TunerManagerForExt(12107): FMRadio main (TunerManagerForExt.java:147) onTunerPresetListChanged:  - mBand: 0 - mPresetIndex: 0 - mFrequency: 10575 - index: 0 - preset: 9130 - index: 1 - preset: 9010 - index: 2 - preset: 9810 - index: 3 - preset: 10610 - index: 4 - preset: 10790 - index: 5 - preset: 8790
02-20 16:28:26.347 E/mcu_services( 5539): MCU2APP : [ff fe fd 12 01 b1 00 00 29 4a 23 aa 23 32 26 52 29 72 2a 26 22 56 1c ff ]
02-20 16:28:26.348 D/TunerPresenter(12107): handleTunerRawData: b1 0 0 29 4a 23 aa 23 32 26 52 29 72 2a 26 22 56 
02-20 16:28:26.351 D/K706RadioManager(27006): IMcuListener.onTransact: code=1 flags=16
02-20 16:28:26.352 D/TunerManagerForExt(12107): FMRadio main (TunerManagerForExt.java:147) onTunerPresetListChanged:  - mBand: 0 - mPresetIndex: 0 - mFrequency: 10570 - index: 0 - preset: 9130 - index: 1 - preset: 9010 - index: 2 - preset: 9810 - index: 3 - preset: 10610 - index: 4 - preset: 10790 - index: 5 - preset: 8790
02-20 16:28:26.353 D/K706RadioManager(27006): >>> IMcuListener.onMcuInfoChanged received! data=B1 00 00 29 4A 23 AA 23 32 26 52 29 72 2A 26 22 56 
02-20 16:28:26.354 D/K706RadioManager(27006): MCU[0xB1] len=17 : B1 00 00 29 4A 23 AA 23 32 26 52 29 72 2A 26 22 56 
02-20 16:28:26.354 D/K706RadioManager(27006): PresetList: band=0 presetIdx=0 currentFreq=10570 firstFreq=10570 (offset=3)
02-20 16:28:26.354 D/K706RadioManager(27006): PresetList: band reportada=0 (ignorada, mCurrentBand=0)
02-20 16:28:26.354 D/K706RadioManager(27006): >>> FREQ: 105750 -> 105700 (MCU=10570, 105,70 MHz)
02-20 16:28:26.397 E/mcu_services( 5539): MCU2APP : [ff fe fd 12 01 b1 00 00 29 45 23 aa 23 32 26 52 29 72 2a 26 22 56 13 ff ]
02-20 16:28:26.398 D/TunerPresenter(12107): handleTunerRawData: b1 0 0 29 45 23 aa 23 32 26 52 29 72 2a 26 22 56 
02-20 16:28:26.399 D/K706RadioManager(27006): IMcuListener.onTransact: code=1 flags=16
02-20 16:28:26.401 D/TunerManagerForExt(12107): FMRadio main (TunerManagerForExt.java:147) onTunerPresetListChanged:  - mBand: 0 - mPresetIndex: 0 - mFrequency: 10565 - index: 0 - preset: 9130 - index: 1 - preset: 9010 - index: 2 - preset: 9810 - index: 3 - preset: 10610 - index: 4 - preset: 10790 - index: 5 - preset: 8790
02-20 16:28:26.401 D/K706RadioManager(27006): >>> IMcuListener.onMcuInfoChanged received! data=B1 00 00 29 45 23 AA 23 32 26 52 29 72 2A 26 22 56 
02-20 16:28:26.403 D/K706RadioManager(27006): MCU[0xB1] len=17 : B1 00 00 29 45 23 AA 23 32 26 52 29 72 2A 26 22 56 
02-20 16:28:26.403 D/K706RadioManager(27006): PresetList: band=0 presetIdx=0 currentFreq=10565 firstFreq=10565 (offset=3)
02-20 16:28:26.403 D/K706RadioManager(27006): PresetList: band reportada=0 (ignorada, mCurrentBand=0)
02-20 16:28:26.403 D/K706RadioManager(27006): >>> FREQ: 105700 -> 105650 (MCU=10565, 105,65 MHz)
02-20 16:28:26.447 E/mcu_services( 5539): MCU2APP : [ff fe fd 12 01 b1 00 00 29 40 23 aa 23 32 26 52 29 72 2a 26 22 56 16 ff ]
02-20 16:28:26.448 D/TunerPresenter(12107): handleTunerRawData: b1 0 0 29 40 23 aa 23 32 26 52 29 72 2a 26 22 56 
02-20 16:28:26.450 D/K706RadioManager(27006): IMcuListener.onTransact: code=1 flags=16
02-20 16:28:26.451 D/TunerManagerForExt(12107): FMRadio main (TunerManagerForExt.java:147) onTunerPresetListChanged:  - mBand: 0 - mPresetIndex: 0 - mFrequency: 10560 - index: 0 - preset: 9130 - index: 1 - preset: 9010 - index: 2 - preset: 9810 - index: 3 - preset: 10610 - index: 4 - preset: 10790 - index: 5 - preset: 8790
02-20 16:28:26.452 D/K706RadioManager(27006): >>> IMcuListener.onMcuInfoChanged received! data=B1 00 00 29 40 23 AA 23 32 26 52 29 72 2A 26 22 56 
02-20 16:28:26.453 D/K706RadioManager(27006): MCU[0xB1] len=17 : B1 00 00 29 40 23 AA 23 32 26 52 29 72 2A 26 22 56 
02-20 16:28:26.453 D/K706RadioManager(27006): PresetList: band=0 presetIdx=0 currentFreq=10560 firstFreq=10560 (offset=3)
02-20 16:28:26.453 D/K706RadioManager(27006): PresetList: band reportada=0 (ignorada, mCurrentBand=0)
02-20 16:28:26.454 D/K706RadioManager(27006): >>> FREQ: 105650 -> 105600 (MCU=10560, 105,60 MHz)
02-20 16:28:26.497 E/mcu_services( 5539): MCU2APP : [ff fe fd 12 01 b1 00 00 29 3b 23 aa 23 32 26 52 29 72 2a 26 22 56 6d ff ]
02-20 16:28:26.498 D/TunerPresenter(12107): handleTunerRawData: b1 0 0 29 3b 23 aa 23 32 26 52 29 72 2a 26 22 56 
02-20 16:28:26.500 D/K706RadioManager(27006): IMcuListener.onTransact: code=1 flags=16
02-20 16:28:26.501 D/TunerManagerForExt(12107): FMRadio main (TunerManagerForExt.java:147) onTunerPresetListChanged:  - mBand: 0 - mPresetIndex: 0 - mFrequency: 10555 - index: 0 - preset: 9130 - index: 1 - preset: 9010 - index: 2 - preset: 9810 - index: 3 - preset: 10610 - index: 4 - preset: 10790 - index: 5 - preset: 8790
02-20 16:28:26.501 D/K706RadioManager(27006): >>> IMcuListener.onMcuInfoChanged received! data=B1 00 00 29 3B 23 AA 23 32 26 52 29 72 2A 26 22 56 
02-20 16:28:26.503 D/K706RadioManager(27006): MCU[0xB1] len=17 : B1 00 00 29 3B 23 AA 23 32 26 52 29 72 2A 26 22 56 
02-20 16:28:26.503 D/K706RadioManager(27006): PresetList: band=0 presetIdx=0 currentFreq=10555 firstFreq=10555 (offset=3)
02-20 16:28:26.503 D/K706RadioManager(27006): PresetList: band reportada=0 (ignorada, mCurrentBand=0)
02-20 16:28:26.503 D/K706RadioManager(27006): >>> FREQ: 105600 -> 105550 (MCU=10555, 105,55 MHz)
02-20 16:28:26.546 E/mcu_services( 5539): MCU2APP : [ff fe fd 12 01 b1 00 00 29 36 23 aa 23 32 26 52 29 72 2a 26 22 56 60 ff ]
02-20 16:28:26.548 D/TunerPresenter(12107): handleTunerRawData: b1 0 0 29 36 23 aa 23 32 26 52 29 72 2a 26 22 56 
02-20 16:28:26.549 D/K706RadioManager(27006): IMcuListener.onTransact: code=1 flags=16
02-20 16:28:26.551 D/TunerManagerForExt(12107): FMRadio main (TunerManagerForExt.java:147) onTunerPresetListChanged:  - mBand: 0 - mPresetIndex: 0 - mFrequency: 10550 - index: 0 - preset: 9130 - index: 1 - preset: 9010 - index: 2 - preset: 9810 - index: 3 - preset: 10610 - index: 4 - preset: 10790 - index: 5 - preset: 8790
02-20 16:28:26.551 D/K706RadioManager(27006): >>> IMcuListener.onMcuInfoChanged received! data=B1 00 00 29 36 23 AA 23 32 26 52 29 72 2A 26 22 56 
02-20 16:28:26.552 D/K706RadioManager(27006): MCU[0xB1] len=17 : B1 00 00 29 36 23 AA 23 32 26 52 29 72 2A 26 22 56 
02-20 16:28:26.553 D/K706RadioManager(27006): PresetList: band=0 presetIdx=0 currentFreq=10550 firstFreq=10550 (offset=3)
02-20 16:28:26.553 D/K706RadioManager(27006): PresetList: band reportada=0 (ignorada, mCurrentBand=0)
02-20 16:28:26.553 D/K706RadioManager(27006): >>> FREQ: 105550 -> 105500 (MCU=10550, 105,50 MHz)
02-20 16:28:26.994 E/mcu_services( 5539): MCU2APP : [ff fe fd 12 01 b1 00 00 29 31 23 aa 23 32 26 52 29 72 2a 26 22 56 67 ff ]
02-20 16:28:26.996 D/TunerPresenter(12107): handleTunerRawData: b1 0 0 29 31 23 aa 23 32 26 52 29 72 2a 26 22 56 
02-20 16:28:26.996 D/TunerManagerForExt(12107): FMRadio main (TunerManagerForExt.java:147) onTunerPresetListChanged:  - mBand: 0 - mPresetIndex: 0 - mFrequency: 10545 - index: 0 - preset: 9130 - index: 1 - preset: 9010 - index: 2 - preset: 9810 - index: 3 - preset: 10610 - index: 4 - preset: 10790 - index: 5 - preset: 8790
02-20 16:28:26.997 D/K706RadioManager(27006): IMcuListener.onTransact: code=1 flags=16
02-20 16:28:26.999 D/K706RadioManager(27006): >>> IMcuListener.onMcuInfoChanged received! data=B1 00 00 29 31 23 AA 23 32 26 52 29 72 2A 26 22 56 
02-20 16:28:27.000 D/K706RadioManager(27006): MCU[0xB1] len=17 : B1 00 00 29 31 23 AA 23 32 26 52 29 72 2A 26 22 56 
02-20 16:28:27.000 D/K706RadioManager(27006): PresetList: band=0 presetIdx=0 currentFreq=10545 firstFreq=10545 (offset=3)
02-20 16:28:27.000 D/K706RadioManager(27006): PresetList: band reportada=0 (ignorada, mCurrentBand=0)
02-20 16:28:27.000 D/K706RadioManager(27006): >>> FREQ: 105500 -> 105450 (MCU=10545, 105,45 MHz)
02-20 16:28:27.043 E/mcu_services( 5539): MCU2APP : [ff fe fd 12 01 b1 00 00 29 2c 23 aa 23 32 26 52 29 72 2a 26 22 56 7a ff ]
02-20 16:28:27.044 D/TunerPresenter(12107): handleTunerRawData: b1 0 0 29 2c 23 aa 23 32 26 52 29 72 2a 26 22 56 
02-20 16:28:27.046 D/K706RadioManager(27006): IMcuListener.onTransact: code=1 flags=16
02-20 16:28:27.047 D/TunerManagerForExt(12107): FMRadio main (TunerManagerForExt.java:147) onTunerPresetListChanged:  - mBand: 0 - mPresetIndex: 0 - mFrequency: 10540 - index: 0 - preset: 9130 - index: 1 - preset: 9010 - index: 2 - preset: 9810 - index: 3 - preset: 10610 - index: 4 - preset: 10790 - index: 5 - preset: 8790
02-20 16:28:27.048 D/K706RadioManager(27006): >>> IMcuListener.onMcuInfoChanged received! data=B1 00 00 29 2C 23 AA 23 32 26 52 29 72 2A 26 22 56 
02-20 16:28:27.049 D/K706RadioManager(27006): MCU[0xB1] len=17 : B1 00 00 29 2C 23 AA 23 32 26 52 29 72 2A 26 22 56 
02-20 16:28:27.049 D/K706RadioManager(27006): PresetList: band=0 presetIdx=0 currentFreq=10540 firstFreq=10540 (offset=3)
02-20 16:28:27.049 D/K706RadioManager(27006): PresetList: band reportada=0 (ignorada, mCurrentBand=0)
02-20 16:28:27.049 D/K706RadioManager(27006): >>> FREQ: 105450 -> 105400 (MCU=10540, 105,40 MHz)
02-20 16:28:27.093 E/mcu_services( 5539): MCU2APP : [ff fe fd 12 01 b1 00 00 29 27 23 aa 23 32 26 52 29 72 2a 26 22 56 71 ff ]
02-20 16:28:27.095 D/TunerPresenter(12107): handleTunerRawData: b1 0 0 29 27 23 aa 23 32 26 52 29 72 2a 26 22 56 
02-20 16:28:27.097 D/K706RadioManager(27006): IMcuListener.onTransact: code=1 flags=16
02-20 16:28:27.098 D/TunerManagerForExt(12107): FMRadio main (TunerManagerForExt.java:147) onTunerPresetListChanged:  - mBand: 0 - mPresetIndex: 0 - mFrequency: 10535 - index: 0 - preset: 9130 - index: 1 - preset: 9010 - index: 2 - preset: 9810 - index: 3 - preset: 10610 - index: 4 - preset: 10790 - index: 5 - preset: 8790
02-20 16:28:27.099 D/K706RadioManager(27006): >>> IMcuListener.onMcuInfoChanged received! data=B1 00 00 29 27 23 AA 23 32 26 52 29 72 2A 26 22 56 
02-20 16:28:27.100 D/K706RadioManager(27006): MCU[0xB1] len=17 : B1 00 00 29 27 23 AA 23 32 26 52 29 72 2A 26 22 56 
02-20 16:28:27.100 D/K706RadioManager(27006): PresetList: band=0 presetIdx=0 currentFreq=10535 firstFreq=10535 (offset=3)
02-20 16:28:27.100 D/K706RadioManager(27006): PresetList: band reportada=0 (ignorada, mCurrentBand=0)
02-20 16:28:27.100 D/K706RadioManager(27006): >>> FREQ: 105400 -> 105350 (MCU=10535, 105,35 MHz)
02-20 16:28:27.143 E/mcu_services( 5539): MCU2APP : [ff fe fd 12 01 b1 00 00 29 22 23 aa 23 32 26 52 29 72 2a 26 22 56 74 ff ]
02-20 16:28:27.145 D/TunerPresenter(12107): handleTunerRawData: b1 0 0 29 22 23 aa 23 32 26 52 29 72 2a 26 22 56 
02-20 16:28:27.147 D/K706RadioManager(27006): IMcuListener.onTransact: code=1 flags=16
02-20 16:28:27.149 D/TunerManagerForExt(12107): FMRadio main (TunerManagerForExt.java:147) onTunerPresetListChanged:  - mBand: 0 - mPresetIndex: 0 - mFrequency: 10530 - index: 0 - preset: 9130 - index: 1 - preset: 9010 - index: 2 - preset: 9810 - index: 3 - preset: 10610 - index: 4 - preset: 10790 - index: 5 - preset: 8790
02-20 16:28:27.150 D/K706RadioManager(27006): >>> IMcuListener.onMcuInfoChanged received! data=B1 00 00 29 22 23 AA 23 32 26 52 29 72 2A 26 22 56 
02-20 16:28:27.151 D/K706RadioManager(27006): MCU[0xB1] len=17 : B1 00 00 29 22 23 AA 23 32 26 52 29 72 2A 26 22 56 
02-20 16:28:27.151 D/K706RadioManager(27006): PresetList: band=0 presetIdx=0 currentFreq=10530 firstFreq=10530 (offset=3)
02-20 16:28:27.151 D/K706RadioManager(27006): PresetList: band reportada=0 (ignorada, mCurrentBand=0)
02-20 16:28:27.151 D/K706RadioManager(27006): >>> FREQ: 105350 -> 105300 (MCU=10530, 105,30 MHz)
02-20 16:28:27.193 E/mcu_services( 5539): MCU2APP : [ff fe fd 12 01 b1 00 00 29 1d 23 aa 23 32 26 52 29 72 2a 26 22 56 4b ff ]
02-20 16:28:27.194 D/TunerPresenter(12107): handleTunerRawData: b1 0 0 29 1d 23 aa 23 32 26 52 29 72 2a 26 22 56 
02-20 16:28:27.196 D/K706RadioManager(27006): IMcuListener.onTransact: code=1 flags=16
02-20 16:28:27.197 D/TunerManagerForExt(12107): FMRadio main (TunerManagerForExt.java:147) onTunerPresetListChanged:  - mBand: 0 - mPresetIndex: 0 - mFrequency: 10525 - index: 0 - preset: 9130 - index: 1 - preset: 9010 - index: 2 - preset: 9810 - index: 3 - preset: 10610 - index: 4 - preset: 10790 - index: 5 - preset: 8790
02-20 16:28:27.198 D/K706RadioManager(27006): >>> IMcuListener.onMcuInfoChanged received! data=B1 00 00 29 1D 23 AA 23 32 26 52 29 72 2A 26 22 56 
02-20 16:28:27.199 D/K706RadioManager(27006): MCU[0xB1] len=17 : B1 00 00 29 1D 23 AA 23 32 26 52 29 72 2A 26 22 56 
02-20 16:28:27.199 D/K706RadioManager(27006): PresetList: band=0 presetIdx=0 currentFreq=10525 firstFreq=10525 (offset=3)
02-20 16:28:27.199 D/K706RadioManager(27006): PresetList: band reportada=0 (ignorada, mCurrentBand=0)
02-20 16:28:27.199 D/K706RadioManager(27006): >>> FREQ: 105300 -> 105250 (MCU=10525, 105,25 MHz)
02-20 16:28:27.242 E/mcu_services( 5539): MCU2APP : [ff fe fd 12 01 b1 00 00 29 18 23 aa 23 32 26 52 29 72 2a 26 22 56 4e ff ]
02-20 16:28:27.243 D/TunerPresenter(12107): handleTunerRawData: b1 0 0 29 18 23 aa 23 32 26 52 29 72 2a 26 22 56 
02-20 16:28:27.245 D/K706RadioManager(27006): IMcuListener.onTransact: code=1 flags=16
02-20 16:28:27.247 D/K706RadioManager(27006): >>> IMcuListener.onMcuInfoChanged received! data=B1 00 00 29 18 23 AA 23 32 26 52 29 72 2A 26 22 56 
02-20 16:28:27.248 D/K706RadioManager(27006): MCU[0xB1] len=17 : B1 00 00 29 18 23 AA 23 32 26 52 29 72 2A 26 22 56 
02-20 16:28:27.248 D/K706RadioManager(27006): PresetList: band=0 presetIdx=0 currentFreq=10520 firstFreq=10520 (offset=3)
02-20 16:28:27.248 D/K706RadioManager(27006): PresetList: band reportada=0 (ignorada, mCurrentBand=0)
02-20 16:28:27.249 D/K706RadioManager(27006): >>> FREQ: 105250 -> 105200 (MCU=10520, 105,20 MHz)
02-20 16:28:27.250 D/TunerManagerForExt(12107): FMRadio main (TunerManagerForExt.java:147) onTunerPresetListChanged:  - mBand: 0 - mPresetIndex: 0 - mFrequency: 10520 - index: 0 - preset: 9130 - index: 1 - preset: 9010 - index: 2 - preset: 9810 - index: 3 - preset: 10610 - index: 4 - preset: 10790 - index: 5 - preset: 8790
02-20 16:28:27.260 E/mcu_services( 5539): MCU2APP : [ff fe fd 03 01 29 6d 45 ff ]
02-20 16:28:27.263 D/K706RadioManager(27006): IMcuListener.onTransact: code=1 flags=16
02-20 16:28:27.263 D/K706RadioManager(27006): >>> IMcuListener.onMcuInfoChanged received! data=29 6D 
02-20 16:28:27.263 D/K706RadioManager(27006): MCU[0x29] len=2 : 29 6D 
02-20 16:28:27.264 D/K706RadioManager(27006): Unknown MCU packet type: 0x29
02-20 16:28:27.292 E/mcu_services( 5539): MCU2APP : [ff fe fd 12 01 b1 00 00 29 13 23 aa 23 32 26 52 29 72 2a 26 22 56 45 ff ]
02-20 16:28:27.294 D/TunerPresenter(12107): handleTunerRawData: b1 0 0 29 13 23 aa 23 32 26 52 29 72 2a 26 22 56 
02-20 16:28:27.295 D/K706RadioManager(27006): IMcuListener.onTransact: code=1 flags=16
02-20 16:28:27.296 D/TunerManagerForExt(12107): FMRadio main (TunerManagerForExt.java:147) onTunerPresetListChanged:  - mBand: 0 - mPresetIndex: 0 - mFrequency: 10515 - index: 0 - preset: 9130 - index: 1 - preset: 9010 - index: 2 - preset: 9810 - index: 3 - preset: 10610 - index: 4 - preset: 10790 - index: 5 - preset: 8790
02-20 16:28:27.297 D/K706RadioManager(27006): >>> IMcuListener.onMcuInfoChanged received! data=B1 00 00 29 13 23 AA 23 32 26 52 29 72 2A 26 22 56 
02-20 16:28:27.298 D/K706RadioManager(27006): MCU[0xB1] len=17 : B1 00 00 29 13 23 AA 23 32 26 52 29 72 2A 26 22 56 
02-20 16:28:27.298 D/K706RadioManager(27006): PresetList: band=0 presetIdx=0 currentFreq=10515 firstFreq=10515 (offset=3)
02-20 16:28:27.298 D/K706RadioManager(27006): PresetList: band reportada=0 (ignorada, mCurrentBand=0)
02-20 16:28:27.299 D/K706RadioManager(27006): >>> FREQ: 105200 -> 105150 (MCU=10515, 105,15 MHz)
02-20 16:28:27.342 E/mcu_services( 5539): MCU2APP : [ff fe fd 12 01 b1 00 00 29 0e 23 aa 23 32 26 52 29 72 2a 26 22 56 58 ff ]
02-20 16:28:27.343 D/TunerPresenter(12107): handleTunerRawData: b1 0 0 29 e 23 aa 23 32 26 52 29 72 2a 26 22 56 
02-20 16:28:27.344 D/K706RadioManager(27006): IMcuListener.onTransact: code=1 flags=16
02-20 16:28:27.345 D/TunerManagerForExt(12107): FMRadio main (TunerManagerForExt.java:147) onTunerPresetListChanged:  - mBand: 0 - mPresetIndex: 0 - mFrequency: 10510 - index: 0 - preset: 9130 - index: 1 - preset: 9010 - index: 2 - preset: 9810 - index: 3 - preset: 10610 - index: 4 - preset: 10790 - index: 5 - preset: 8790
02-20 16:28:27.346 D/K706RadioManager(27006): >>> IMcuListener.onMcuInfoChanged received! data=B1 00 00 29 0E 23 AA 23 32 26 52 29 72 2A 26 22 56 
02-20 16:28:27.347 D/K706RadioManager(27006): MCU[0xB1] len=17 : B1 00 00 29 0E 23 AA 23 32 26 52 29 72 2A 26 22 56 
02-20 16:28:27.347 D/K706RadioManager(27006): PresetList: band=0 presetIdx=0 currentFreq=10510 firstFreq=10510 (offset=3)
02-20 16:28:27.347 D/K706RadioManager(27006): PresetList: band reportada=0 (ignorada, mCurrentBand=0)
02-20 16:28:27.347 D/K706RadioManager(27006): >>> FREQ: 105150 -> 105100 (MCU=10510, 105,10 MHz)
02-20 16:28:27.392 E/mcu_services( 5539): MCU2APP : [ff fe fd 12 01 b1 00 00 29 09 23 aa 23 32 26 52 29 72 2a 26 22 56 5f ff ]
02-20 16:28:27.393 D/TunerPresenter(12107): handleTunerRawData: b1 0 0 29 9 23 aa 23 32 26 52 29 72 2a 26 22 56 
02-20 16:28:27.395 D/K706RadioManager(27006): IMcuListener.onTransact: code=1 flags=16
02-20 16:28:27.396 D/TunerManagerForExt(12107): FMRadio main (TunerManagerForExt.java:147) onTunerPresetListChanged:  - mBand: 0 - mPresetIndex: 0 - mFrequency: 10505 - index: 0 - preset: 9130 - index: 1 - preset: 9010 - index: 2 - preset: 9810 - index: 3 - preset: 10610 - index: 4 - preset: 10790 - index: 5 - preset: 8790
02-20 16:28:27.396 D/K706RadioManager(27006): >>> IMcuListener.onMcuInfoChanged received! data=B1 00 00 29 09 23 AA 23 32 26 52 29 72 2A 26 22 56 
02-20 16:28:27.398 D/K706RadioManager(27006): MCU[0xB1] len=17 : B1 00 00 29 09 23 AA 23 32 26 52 29 72 2A 26 22 56 
02-20 16:28:27.398 D/K706RadioManager(27006): PresetList: band=0 presetIdx=0 currentFreq=10505 firstFreq=10505 (offset=3)
02-20 16:28:27.398 D/K706RadioManager(27006): PresetList: band reportada=0 (ignorada, mCurrentBand=0)
02-20 16:28:27.398 D/K706RadioManager(27006): >>> FREQ: 105100 -> 105050 (MCU=10505, 105,05 MHz)
02-20 16:28:27.441 E/mcu_services( 5539): MCU2APP : [ff fe fd 12 01 b1 00 00 29 04 23 aa 23 32 26 52 29 72 2a 26 22 56 52 ff ]
02-20 16:28:27.442 D/TunerPresenter(12107): handleTunerRawData: b1 0 0 29 4 23 aa 23 32 26 52 29 72 2a 26 22 56 
02-20 16:28:27.444 D/K706RadioManager(27006): IMcuListener.onTransact: code=1 flags=16
02-20 16:28:27.445 D/TunerManagerForExt(12107): FMRadio main (TunerManagerForExt.java:147) onTunerPresetListChanged:  - mBand: 0 - mPresetIndex: 0 - mFrequency: 10500 - index: 0 - preset: 9130 - index: 1 - preset: 9010 - index: 2 - preset: 9810 - index: 3 - preset: 10610 - index: 4 - preset: 10790 - index: 5 - preset: 8790
02-20 16:28:27.445 D/K706RadioManager(27006): >>> IMcuListener.onMcuInfoChanged received! data=B1 00 00 29 04 23 AA 23 32 26 52 29 72 2A 26 22 56 
02-20 16:28:27.447 D/K706RadioManager(27006): MCU[0xB1] len=17 : B1 00 00 29 04 23 AA 23 32 26 52 29 72 2A 26 22 56 
02-20 16:28:27.447 D/K706RadioManager(27006): PresetList: band=0 presetIdx=0 currentFreq=10500 firstFreq=10500 (offset=3)
02-20 16:28:27.447 D/K706RadioManager(27006): PresetList: band reportada=0 (ignorada, mCurrentBand=0)
02-20 16:28:27.447 D/K706RadioManager(27006): >>> FREQ: 105050 -> 105000 (MCU=10500, 105,00 MHz)
02-20 16:28:27.491 E/mcu_services( 5539): MCU2APP : [ff fe fd 12 01 b1 00 00 28 ff 23 aa 23 32 26 52 29 72 2a 26 22 56 a8 ff ]
02-20 16:28:27.493 D/TunerPresenter(12107): handleTunerRawData: b1 0 0 28 ff 23 aa 23 32 26 52 29 72 2a 26 22 56 
02-20 16:28:27.494 D/K706RadioManager(27006): IMcuListener.onTransact: code=1 flags=16
02-20 16:28:27.495 D/K706RadioManager(27006): >>> IMcuListener.onMcuInfoChanged received! data=B1 00 00 28 FF 23 AA 23 32 26 52 29 72 2A 26 22 56 
02-20 16:28:27.496 D/TunerManagerForExt(12107): FMRadio main (TunerManagerForExt.java:147) onTunerPresetListChanged:  - mBand: 0 - mPresetIndex: 0 - mFrequency: 10495 - index: 0 - preset: 9130 - index: 1 - preset: 9010 - index: 2 - preset: 9810 - index: 3 - preset: 10610 - index: 4 - preset: 10790 - index: 5 - preset: 8790
02-20 16:28:27.496 D/K706RadioManager(27006): MCU[0xB1] len=17 : B1 00 00 28 FF 23 AA 23 32 26 52 29 72 2A 26 22 56 
02-20 16:28:27.496 D/K706RadioManager(27006): PresetList: band=0 presetIdx=0 currentFreq=10495 firstFreq=10495 (offset=3)
02-20 16:28:27.496 D/K706RadioManager(27006): PresetList: band reportada=0 (ignorada, mCurrentBand=0)
02-20 16:28:27.497 D/K706RadioManager(27006): >>> FREQ: 105000 -> 104950 (MCU=10495, 104,95 MHz)
02-20 16:28:27.541 E/mcu_services( 5539): MCU2APP : [ff fe fd 12 01 b1 00 00 28 fa 23 aa 23 32 26 52 29 72 2a 26 22 56 ad ff ]
02-20 16:28:27.546 D/TunerPresenter(12107): handleTunerRawData: b1 0 0 28 fa 23 aa 23 32 26 52 29 72 2a 26 22 56 
02-20 16:28:27.547 D/K706RadioManager(27006): IMcuListener.onTransact: code=1 flags=16
02-20 16:28:27.549 D/TunerManagerForExt(12107): FMRadio main (TunerManagerForExt.java:147) onTunerPresetListChanged:  - mBand: 0 - mPresetIndex: 0 - mFrequency: 10490 - index: 0 - preset: 9130 - index: 1 - preset: 9010 - index: 2 - preset: 9810 - index: 3 - preset: 10610 - index: 4 - preset: 10790 - index: 5 - preset: 8790
02-20 16:28:27.549 D/K706RadioManager(27006): >>> IMcuListener.onMcuInfoChanged received! data=B1 00 00 28 FA 23 AA 23 32 26 52 29 72 2A 26 22 56 
02-20 16:28:27.550 D/K706RadioManager(27006): MCU[0xB1] len=17 : B1 00 00 28 FA 23 AA 23 32 26 52 29 72 2A 26 22 56 
02-20 16:28:27.550 D/K706RadioManager(27006): PresetList: band=0 presetIdx=0 currentFreq=10490 firstFreq=10490 (offset=3)
02-20 16:28:27.550 D/K706RadioManager(27006): PresetList: band reportada=0 (ignorada, mCurrentBand=0)
02-20 16:28:27.550 D/K706RadioManager(27006): >>> FREQ: 104950 -> 104900 (MCU=10490, 104,90 MHz)
02-20 16:28:27.591 E/mcu_services( 5539): MCU2APP : [ff fe fd 12 01 b1 00 00 28 f5 23 aa 23 32 26 52 29 72 2a 26 22 56 a2 ff ]
02-20 16:28:27.595 D/TunerPresenter(12107): handleTunerRawData: b1 0 0 28 f5 23 aa 23 32 26 52 29 72 2a 26 22 56 
02-20 16:28:27.597 D/K706RadioManager(27006): IMcuListener.onTransact: code=1 flags=16
02-20 16:28:27.598 D/TunerManagerForExt(12107): FMRadio main (TunerManagerForExt.java:147) onTunerPresetListChanged:  - mBand: 0 - mPresetIndex: 0 - mFrequency: 10485 - index: 0 - preset: 9130 - index: 1 - preset: 9010 - index: 2 - preset: 9810 - index: 3 - preset: 10610 - index: 4 - preset: 10790 - index: 5 - preset: 8790
02-20 16:28:27.598 D/K706RadioManager(27006): >>> IMcuListener.onMcuInfoChanged received! data=B1 00 00 28 F5 23 AA 23 32 26 52 29 72 2A 26 22 56 
02-20 16:28:27.599 D/K706RadioManager(27006): MCU[0xB1] len=17 : B1 00 00 28 F5 23 AA 23 32 26 52 29 72 2A 26 22 56 
02-20 16:28:27.599 D/K706RadioManager(27006): PresetList: band=0 presetIdx=0 currentFreq=10485 firstFreq=10485 (offset=3)
02-20 16:28:27.599 D/K706RadioManager(27006): PresetList: band reportada=0 (ignorada, mCurrentBand=0)
02-20 16:28:27.600 D/K706RadioManager(27006): >>> FREQ: 104900 -> 104850 (MCU=10485, 104,85 MHz)
02-20 16:28:27.640 E/mcu_services( 5539): MCU2APP : [ff fe fd 12 01 b1 00 00 28 f0 23 aa 23 32 26 52 29 72 2a 26 22 56 a7 ff ]
02-20 16:28:27.642 D/TunerPresenter(12107): handleTunerRawData: b1 0 0 28 f0 23 aa 23 32 26 52 29 72 2a 26 22 56 
02-20 16:28:27.644 D/K706RadioManager(27006): IMcuListener.onTransact: code=1 flags=16
02-20 16:28:27.645 D/TunerManagerForExt(12107): FMRadio main (TunerManagerForExt.java:147) onTunerPresetListChanged:  - mBand: 0 - mPresetIndex: 0 - mFrequency: 10480 - index: 0 - preset: 9130 - index: 1 - preset: 9010 - index: 2 - preset: 9810 - index: 3 - preset: 10610 - index: 4 - preset: 10790 - index: 5 - preset: 8790
02-20 16:28:27.645 D/K706RadioManager(27006): >>> IMcuListener.onMcuInfoChanged received! data=B1 00 00 28 F0 23 AA 23 32 26 52 29 72 2A 26 22 56 
02-20 16:28:27.647 D/K706RadioManager(27006): MCU[0xB1] len=17 : B1 00 00 28 F0 23 AA 23 32 26 52 29 72 2A 26 22 56 
02-20 16:28:27.647 D/K706RadioManager(27006): PresetList: band=0 presetIdx=0 currentFreq=10480 firstFreq=10480 (offset=3)
02-20 16:28:27.647 D/K706RadioManager(27006): PresetList: band reportada=0 (ignorada, mCurrentBand=0)
02-20 16:28:27.647 D/K706RadioManager(27006): >>> FREQ: 104850 -> 104800 (MCU=10480, 104,80 MHz)
02-20 16:28:28.088 E/mcu_services( 5539): MCU2APP : [ff fe fd 12 01 b1 00 00 28 eb 23 aa 23 32 26 52 29 72 2a 26 22 56 bc ff ]
02-20 16:28:28.089 D/TunerPresenter(12107): handleTunerRawData: b1 0 0 28 eb 23 aa 23 32 26 52 29 72 2a 26 22 56 
02-20 16:28:28.089 D/TunerManagerForExt(12107): FMRadio main (TunerManagerForExt.java:147) onTunerPresetListChanged:  - mBand: 0 - mPresetIndex: 0 - mFrequency: 10475 - index: 0 - preset: 9130 - index: 1 - preset: 9010 - index: 2 - preset: 9810 - index: 3 - preset: 10610 - index: 4 - preset: 10790 - index: 5 - preset: 8790
02-20 16:28:28.089 D/K706RadioManager(27006): IMcuListener.onTransact: code=1 flags=16
02-20 16:28:28.091 D/K706RadioManager(27006): >>> IMcuListener.onMcuInfoChanged received! data=B1 00 00 28 EB 23 AA 23 32 26 52 29 72 2A 26 22 56 
02-20 16:28:28.092 D/K706RadioManager(27006): MCU[0xB1] len=17 : B1 00 00 28 EB 23 AA 23 32 26 52 29 72 2A 26 22 56 
02-20 16:28:28.092 D/K706RadioManager(27006): PresetList: band=0 presetIdx=0 currentFreq=10475 firstFreq=10475 (offset=3)
02-20 16:28:28.092 D/K706RadioManager(27006): PresetList: band reportada=0 (ignorada, mCurrentBand=0)
02-20 16:28:28.092 D/K706RadioManager(27006): >>> FREQ: 104800 -> 104750 (MCU=10475, 104,75 MHz)
02-20 16:28:28.138 E/mcu_services( 5539): MCU2APP : [ff fe fd 12 01 b1 00 00 28 e6 23 aa 23 32 26 52 29 72 2a 26 22 56 b1 ff ]
02-20 16:28:28.139 D/TunerPresenter(12107): handleTunerRawData: b1 0 0 28 e6 23 aa 23 32 26 52 29 72 2a 26 22 56 
02-20 16:28:28.140 D/K706RadioManager(27006): IMcuListener.onTransact: code=1 flags=16
02-20 16:28:28.142 D/TunerManagerForExt(12107): FMRadio main (TunerManagerForExt.java:147) onTunerPresetListChanged:  - mBand: 0 - mPresetIndex: 0 - mFrequency: 10470 - index: 0 - preset: 9130 - index: 1 - preset: 9010 - index: 2 - preset: 9810 - index: 3 - preset: 10610 - index: 4 - preset: 10790 - index: 5 - preset: 8790
02-20 16:28:28.142 D/K706RadioManager(27006): >>> IMcuListener.onMcuInfoChanged received! data=B1 00 00 28 E6 23 AA 23 32 26 52 29 72 2A 26 22 56 
02-20 16:28:28.143 D/K706RadioManager(27006): MCU[0xB1] len=17 : B1 00 00 28 E6 23 AA 23 32 26 52 29 72 2A 26 22 56 
02-20 16:28:28.143 D/K706RadioManager(27006): PresetList: band=0 presetIdx=0 currentFreq=10470 firstFreq=10470 (offset=3)
02-20 16:28:28.143 D/K706RadioManager(27006): PresetList: band reportada=0 (ignorada, mCurrentBand=0)
02-20 16:28:28.143 D/K706RadioManager(27006): >>> FREQ: 104750 -> 104700 (MCU=10470, 104,70 MHz)
02-20 16:28:28.187 E/mcu_services( 5539): MCU2APP : [ff fe fd 12 01 b1 00 00 28 e1 23 aa 23 32 26 52 29 72 2a 26 22 56 b6 ff ]
02-20 16:28:28.188 D/TunerPresenter(12107): handleTunerRawData: b1 0 0 28 e1 23 aa 23 32 26 52 29 72 2a 26 22 56 
02-20 16:28:28.189 D/K706RadioManager(27006): IMcuListener.onTransact: code=1 flags=16
02-20 16:28:28.191 D/TunerManagerForExt(12107): FMRadio main (TunerManagerForExt.java:147) onTunerPresetListChanged:  - mBand: 0 - mPresetIndex: 0 - mFrequency: 10465 - index: 0 - preset: 9130 - index: 1 - preset: 9010 - index: 2 - preset: 9810 - index: 3 - preset: 10610 - index: 4 - preset: 10790 - index: 5 - preset: 8790
02-20 16:28:28.191 D/K706RadioManager(27006): >>> IMcuListener.onMcuInfoChanged received! data=B1 00 00 28 E1 23 AA 23 32 26 52 29 72 2A 26 22 56 
02-20 16:28:28.192 D/K706RadioManager(27006): MCU[0xB1] len=17 : B1 00 00 28 E1 23 AA 23 32 26 52 29 72 2A 26 22 56 
02-20 16:28:28.192 D/K706RadioManager(27006): PresetList: band=0 presetIdx=0 currentFreq=10465 firstFreq=10465 (offset=3)
02-20 16:28:28.192 D/K706RadioManager(27006): PresetList: band reportada=0 (ignorada, mCurrentBand=0)
02-20 16:28:28.192 D/K706RadioManager(27006): >>> FREQ: 104700 -> 104650 (MCU=10465, 104,65 MHz)
02-20 16:28:28.237 E/mcu_services( 5539): MCU2APP : [ff fe fd 12 01 b1 00 00 28 dc 23 aa 23 32 26 52 29 72 2a 26 22 56 8b ff ]
02-20 16:28:28.238 D/TunerPresenter(12107): handleTunerRawData: b1 0 0 28 dc 23 aa 23 32 26 52 29 72 2a 26 22 56 
02-20 16:28:28.241 D/TunerManagerForExt(12107): FMRadio main (TunerManagerForExt.java:147) onTunerPresetListChanged:  - mBand: 0 - mPresetIndex: 0 - mFrequency: 10460 - index: 0 - preset: 9130 - index: 1 - preset: 9010 - index: 2 - preset: 9810 - index: 3 - preset: 10610 - index: 4 - preset: 10790 - index: 5 - preset: 8790
02-20 16:28:28.241 D/K706RadioManager(27006): IMcuListener.onTransact: code=1 flags=16
02-20 16:28:28.243 D/K706RadioManager(27006): >>> IMcuListener.onMcuInfoChanged received! data=B1 00 00 28 DC 23 AA 23 32 26 52 29 72 2A 26 22 56 
02-20 16:28:28.244 D/K706RadioManager(27006): MCU[0xB1] len=17 : B1 00 00 28 DC 23 AA 23 32 26 52 29 72 2A 26 22 56 
02-20 16:28:28.244 D/K706RadioManager(27006): PresetList: band=0 presetIdx=0 currentFreq=10460 firstFreq=10460 (offset=3)
02-20 16:28:28.244 D/K706RadioManager(27006): PresetList: band reportada=0 (ignorada, mCurrentBand=0)
02-20 16:28:28.244 D/K706RadioManager(27006): >>> FREQ: 104650 -> 104600 (MCU=10460, 104,60 MHz)
02-20 16:28:28.287 E/mcu_services( 5539): MCU2APP : [ff fe fd 12 01 b1 00 00 28 d7 23 aa 23 32 26 52 29 72 2a 26 22 56 80 ff ]
02-20 16:28:28.288 D/TunerPresenter(12107): handleTunerRawData: b1 0 0 28 d7 23 aa 23 32 26 52 29 72 2a 26 22 56 
02-20 16:28:28.291 D/K706RadioManager(27006): IMcuListener.onTransact: code=1 flags=16
02-20 16:28:28.292 D/TunerManagerForExt(12107): FMRadio main (TunerManagerForExt.java:147) onTunerPresetListChanged:  - mBand: 0 - mPresetIndex: 0 - mFrequency: 10455 - index: 0 - preset: 9130 - index: 1 - preset: 9010 - index: 2 - preset: 9810 - index: 3 - preset: 10610 - index: 4 - preset: 10790 - index: 5 - preset: 8790
02-20 16:28:28.293 D/K706RadioManager(27006): >>> IMcuListener.onMcuInfoChanged received! data=B1 00 00 28 D7 23 AA 23 32 26 52 29 72 2A 26 22 56 
02-20 16:28:28.294 D/K706RadioManager(27006): MCU[0xB1] len=17 : B1 00 00 28 D7 23 AA 23 32 26 52 29 72 2A 26 22 56 
02-20 16:28:28.294 D/K706RadioManager(27006): PresetList: band=0 presetIdx=0 currentFreq=10455 firstFreq=10455 (offset=3)
02-20 16:28:28.294 D/K706RadioManager(27006): PresetList: band reportada=0 (ignorada, mCurrentBand=0)
02-20 16:28:28.295 D/K706RadioManager(27006): >>> FREQ: 104600 -> 104550 (MCU=10455, 104,55 MHz)
02-20 16:28:28.337 E/mcu_services( 5539): MCU2APP : [ff fe fd 12 01 b1 00 00 28 d2 23 aa 23 32 26 52 29 72 2a 26 22 56 85 ff ]
02-20 16:28:28.338 D/TunerPresenter(12107): handleTunerRawData: b1 0 0 28 d2 23 aa 23 32 26 52 29 72 2a 26 22 56 
02-20 16:28:28.340 D/K706RadioManager(27006): IMcuListener.onTransact: code=1 flags=16
02-20 16:28:28.341 D/TunerManagerForExt(12107): FMRadio main (TunerManagerForExt.java:147) onTunerPresetListChanged:  - mBand: 0 - mPresetIndex: 0 - mFrequency: 10450 - index: 0 - preset: 9130 - index: 1 - preset: 9010 - index: 2 - preset: 9810 - index: 3 - preset: 10610 - index: 4 - preset: 10790 - index: 5 - preset: 8790
02-20 16:28:28.342 D/K706RadioManager(27006): >>> IMcuListener.onMcuInfoChanged received! data=B1 00 00 28 D2 23 AA 23 32 26 52 29 72 2A 26 22 56 
02-20 16:28:28.343 D/K706RadioManager(27006): MCU[0xB1] len=17 : B1 00 00 28 D2 23 AA 23 32 26 52 29 72 2A 26 22 56 
02-20 16:28:28.343 D/K706RadioManager(27006): PresetList: band=0 presetIdx=0 currentFreq=10450 firstFreq=10450 (offset=3)
02-20 16:28:28.343 D/K706RadioManager(27006): PresetList: band reportada=0 (ignorada, mCurrentBand=0)
02-20 16:28:28.344 D/K706RadioManager(27006): >>> FREQ: 104550 -> 104500 (MCU=10450, 104,50 MHz)
02-20 16:28:28.386 E/mcu_services( 5539): MCU2APP : [ff fe fd 12 01 b1 00 00 28 cd 23 aa 23 32 26 52 29 72 2a 26 22 56 9a ff ]
02-20 16:28:28.388 D/TunerPresenter(12107): handleTunerRawData: b1 0 0 28 cd 23 aa 23 32 26 52 29 72 2a 26 22 56 
02-20 16:28:28.389 D/K706RadioManager(27006): IMcuListener.onTransact: code=1 flags=16
02-20 16:28:28.390 D/TunerManagerForExt(12107): FMRadio main (TunerManagerForExt.java:147) onTunerPresetListChanged:  - mBand: 0 - mPresetIndex: 0 - mFrequency: 10445 - index: 0 - preset: 9130 - index: 1 - preset: 9010 - index: 2 - preset: 9810 - index: 3 - preset: 10610 - index: 4 - preset: 10790 - index: 5 - preset: 8790
02-20 16:28:28.391 D/K706RadioManager(27006): >>> IMcuListener.onMcuInfoChanged received! data=B1 00 00 28 CD 23 AA 23 32 26 52 29 72 2A 26 22 56 
02-20 16:28:28.392 D/K706RadioManager(27006): MCU[0xB1] len=17 : B1 00 00 28 CD 23 AA 23 32 26 52 29 72 2A 26 22 56 
02-20 16:28:28.392 D/K706RadioManager(27006): PresetList: band=0 presetIdx=0 currentFreq=10445 firstFreq=10445 (offset=3)
02-20 16:28:28.392 D/K706RadioManager(27006): PresetList: band reportada=0 (ignorada, mCurrentBand=0)
02-20 16:28:28.392 D/K706RadioManager(27006): >>> FREQ: 104500 -> 104450 (MCU=10445, 104,45 MHz)
02-20 16:28:28.436 E/mcu_services( 5539): MCU2APP : [ff fe fd 12 01 b1 00 00 28 c8 23 aa 23 32 26 52 29 72 2a 26 22 56 9f ff ]
02-20 16:28:28.438 D/TunerPresenter(12107): handleTunerRawData: b1 0 0 28 c8 23 aa 23 32 26 52 29 72 2a 26 22 56 
02-20 16:28:28.439 D/K706RadioManager(27006): IMcuListener.onTransact: code=1 flags=16
02-20 16:28:28.441 D/TunerManagerForExt(12107): FMRadio main (TunerManagerForExt.java:147) onTunerPresetListChanged:  - mBand: 0 - mPresetIndex: 0 - mFrequency: 10440 - index: 0 - preset: 9130 - index: 1 - preset: 9010 - index: 2 - preset: 9810 - index: 3 - preset: 10610 - index: 4 - preset: 10790 - index: 5 - preset: 8790
02-20 16:28:28.441 D/K706RadioManager(27006): >>> IMcuListener.onMcuInfoChanged received! data=B1 00 00 28 C8 23 AA 23 32 26 52 29 72 2A 26 22 56 
02-20 16:28:28.442 D/K706RadioManager(27006): MCU[0xB1] len=17 : B1 00 00 28 C8 23 AA 23 32 26 52 29 72 2A 26 22 56 
02-20 16:28:28.442 D/K706RadioManager(27006): PresetList: band=0 presetIdx=0 currentFreq=10440 firstFreq=10440 (offset=3)
02-20 16:28:28.442 D/K706RadioManager(27006): PresetList: band reportada=0 (ignorada, mCurrentBand=0)
02-20 16:28:28.442 D/K706RadioManager(27006): >>> FREQ: 104450 -> 104400 (MCU=10440, 104,40 MHz)
02-20 16:28:28.485 E/mcu_services( 5539): MCU2APP : [ff fe fd 12 01 b1 00 00 28 c3 23 aa 23 32 26 52 29 72 2a 26 22 56 94 ff ]
02-20 16:28:28.486 D/TunerPresenter(12107): handleTunerRawData: b1 0 0 28 c3 23 aa 23 32 26 52 29 72 2a 26 22 56 
02-20 16:28:28.489 D/TunerManagerForExt(12107): FMRadio main (TunerManagerForExt.java:147) onTunerPresetListChanged:  - mBand: 0 - mPresetIndex: 0 - mFrequency: 10435 - index: 0 - preset: 9130 - index: 1 - preset: 9010 - index: 2 - preset: 9810 - index: 3 - preset: 10610 - index: 4 - preset: 10790 - index: 5 - preset: 8790
02-20 16:28:28.489 D/K706RadioManager(27006): IMcuListener.onTransact: code=1 flags=16
02-20 16:28:28.491 D/K706RadioManager(27006): >>> IMcuListener.onMcuInfoChanged received! data=B1 00 00 28 C3 23 AA 23 32 26 52 29 72 2A 26 22 56 
02-20 16:28:28.492 D/K706RadioManager(27006): MCU[0xB1] len=17 : B1 00 00 28 C3 23 AA 23 32 26 52 29 72 2A 26 22 56 
02-20 16:28:28.492 D/K706RadioManager(27006): PresetList: band=0 presetIdx=0 currentFreq=10435 firstFreq=10435 (offset=3)
02-20 16:28:28.492 D/K706RadioManager(27006): PresetList: band reportada=0 (ignorada, mCurrentBand=0)
02-20 16:28:28.492 D/K706RadioManager(27006): >>> FREQ: 104400 -> 104350 (MCU=10435, 104,35 MHz)
02-20 16:28:28.535 E/mcu_services( 5539): MCU2APP : [ff fe fd 12 01 b1 00 00 28 be 23 aa 23 32 26 52 29 72 2a 26 22 56 e9 ff ]
02-20 16:28:28.536 D/TunerPresenter(12107): handleTunerRawData: b1 0 0 28 be 23 aa 23 32 26 52 29 72 2a 26 22 56 
02-20 16:28:28.538 D/K706RadioManager(27006): IMcuListener.onTransact: code=1 flags=16
02-20 16:28:28.539 D/TunerManagerForExt(12107): FMRadio main (TunerManagerForExt.java:147) onTunerPresetListChanged:  - mBand: 0 - mPresetIndex: 0 - mFrequency: 10430 - index: 0 - preset: 9130 - index: 1 - preset: 9010 - index: 2 - preset: 9810 - index: 3 - preset: 10610 - index: 4 - preset: 10790 - index: 5 - preset: 8790
02-20 16:28:28.540 D/K706RadioManager(27006): >>> IMcuListener.onMcuInfoChanged received! data=B1 00 00 28 BE 23 AA 23 32 26 52 29 72 2A 26 22 56 
02-20 16:28:28.541 D/K706RadioManager(27006): MCU[0xB1] len=17 : B1 00 00 28 BE 23 AA 23 32 26 52 29 72 2A 26 22 56 
02-20 16:28:28.541 D/K706RadioManager(27006): PresetList: band=0 presetIdx=0 currentFreq=10430 firstFreq=10430 (offset=3)
02-20 16:28:28.541 D/K706RadioManager(27006): PresetList: band reportada=0 (ignorada, mCurrentBand=0)
02-20 16:28:28.541 D/K706RadioManager(27006): >>> FREQ: 104350 -> 104300 (MCU=10430, 104,30 MHz)
02-20 16:28:28.585 E/mcu_services( 5539): MCU2APP : [ff fe fd 12 01 b1 00 00 28 b9 23 aa 23 32 26 52 29 72 2a 26 22 56 ee ff ]
02-20 16:28:28.587 D/TunerPresenter(12107): handleTunerRawData: b1 0 0 28 b9 23 aa 23 32 26 52 29 72 2a 26 22 56 
02-20 16:28:28.589 D/K706RadioManager(27006): IMcuListener.onTransact: code=1 flags=16
02-20 16:28:28.590 D/TunerManagerForExt(12107): FMRadio main (TunerManagerForExt.java:147) onTunerPresetListChanged:  - mBand: 0 - mPresetIndex: 0 - mFrequency: 10425 - index: 0 - preset: 9130 - index: 1 - preset: 9010 - index: 2 - preset: 9810 - index: 3 - preset: 10610 - index: 4 - preset: 10790 - index: 5 - preset: 8790
02-20 16:28:28.590 D/K706RadioManager(27006): >>> IMcuListener.onMcuInfoChanged received! data=B1 00 00 28 B9 23 AA 23 32 26 52 29 72 2A 26 22 56 
02-20 16:28:28.592 D/K706RadioManager(27006): MCU[0xB1] len=17 : B1 00 00 28 B9 23 AA 23 32 26 52 29 72 2A 26 22 56 
02-20 16:28:28.592 D/K706RadioManager(27006): PresetList: band=0 presetIdx=0 currentFreq=10425 firstFreq=10425 (offset=3)
02-20 16:28:28.592 D/K706RadioManager(27006): PresetList: band reportada=0 (ignorada, mCurrentBand=0)
02-20 16:28:28.592 D/K706RadioManager(27006): >>> FREQ: 104300 -> 104250 (MCU=10425, 104,25 MHz)
02-20 16:28:28.635 E/mcu_services( 5539): MCU2APP : [ff fe fd 12 01 b1 00 00 28 b4 23 aa 23 32 26 52 29 72 2a 26 22 56 e3 ff ]
02-20 16:28:28.636 D/TunerPresenter(12107): handleTunerRawData: b1 0 0 28 b4 23 aa 23 32 26 52 29 72 2a 26 22 56 
02-20 16:28:28.639 D/K706RadioManager(27006): IMcuListener.onTransact: code=1 flags=16
02-20 16:28:28.640 D/TunerManagerForExt(12107): FMRadio main (TunerManagerForExt.java:147) onTunerPresetListChanged:  - mBand: 0 - mPresetIndex: 0 - mFrequency: 10420 - index: 0 - preset: 9130 - index: 1 - preset: 9010 - index: 2 - preset: 9810 - index: 3 - preset: 10610 - index: 4 - preset: 10790 - index: 5 - preset: 8790
02-20 16:28:28.640 D/K706RadioManager(27006): >>> IMcuListener.onMcuInfoChanged received! data=B1 00 00 28 B4 23 AA 23 32 26 52 29 72 2A 26 22 56 
02-20 16:28:28.641 D/K706RadioManager(27006): MCU[0xB1] len=17 : B1 00 00 28 B4 23 AA 23 32 26 52 29 72 2A 26 22 56 
02-20 16:28:28.641 D/K706RadioManager(27006): PresetList: band=0 presetIdx=0 currentFreq=10420 firstFreq=10420 (offset=3)
02-20 16:28:28.641 D/K706RadioManager(27006): PresetList: band reportada=0 (ignorada, mCurrentBand=0)
02-20 16:28:28.642 D/K706RadioManager(27006): >>> FREQ: 104250 -> 104200 (MCU=10420, 104,20 MHz)
02-20 16:28:28.685 E/mcu_services( 5539): MCU2APP : [ff fe fd 12 01 b1 00 00 28 af 23 aa 23 32 26 52 29 72 2a 26 22 56 f8 ff ]
02-20 16:28:28.686 D/TunerPresenter(12107): handleTunerRawData: b1 0 0 28 af 23 aa 23 32 26 52 29 72 2a 26 22 56 
02-20 16:28:28.688 D/K706RadioManager(27006): IMcuListener.onTransact: code=1 flags=16
02-20 16:28:28.689 D/TunerManagerForExt(12107): FMRadio main (TunerManagerForExt.java:147) onTunerPresetListChanged:  - mBand: 0 - mPresetIndex: 0 - mFrequency: 10415 - index: 0 - preset: 9130 - index: 1 - preset: 9010 - index: 2 - preset: 9810 - index: 3 - preset: 10610 - index: 4 - preset: 10790 - index: 5 - preset: 8790
02-20 16:28:28.689 D/K706RadioManager(27006): >>> IMcuListener.onMcuInfoChanged received! data=B1 00 00 28 AF 23 AA 23 32 26 52 29 72 2A 26 22 56 
02-20 16:28:28.691 D/K706RadioManager(27006): MCU[0xB1] len=17 : B1 00 00 28 AF 23 AA 23 32 26 52 29 72 2A 26 22 56 
02-20 16:28:28.691 D/K706RadioManager(27006): PresetList: band=0 presetIdx=0 currentFreq=10415 firstFreq=10415 (offset=3)
02-20 16:28:28.691 D/K706RadioManager(27006): PresetList: band reportada=0 (ignorada, mCurrentBand=0)
02-20 16:28:28.691 D/K706RadioManager(27006): >>> FREQ: 104200 -> 104150 (MCU=10415, 104,15 MHz)
02-20 16:28:28.734 E/mcu_services( 5539): MCU2APP : [ff fe fd 12 01 b1 00 00 28 aa 23 aa 23 32 26 52 29 72 2a 26 22 56 fd ff ]
02-20 16:28:28.736 D/TunerPresenter(12107): handleTunerRawData: b1 0 0 28 aa 23 aa 23 32 26 52 29 72 2a 26 22 56 
02-20 16:28:28.738 D/K706RadioManager(27006): IMcuListener.onTransact: code=1 flags=16
02-20 16:28:28.740 D/TunerManagerForExt(12107): FMRadio main (TunerManagerForExt.java:147) onTunerPresetListChanged:  - mBand: 0 - mPresetIndex: 0 - mFrequency: 10410 - index: 0 - preset: 9130 - index: 1 - preset: 9010 - index: 2 - preset: 9810 - index: 3 - preset: 10610 - index: 4 - preset: 10790 - index: 5 - preset: 8790
02-20 16:28:28.740 D/K706RadioManager(27006): >>> IMcuListener.onMcuInfoChanged received! data=B1 00 00 28 AA 23 AA 23 32 26 52 29 72 2A 26 22 56 
02-20 16:28:28.741 D/K706RadioManager(27006): MCU[0xB1] len=17 : B1 00 00 28 AA 23 AA 23 32 26 52 29 72 2A 26 22 56 
02-20 16:28:28.741 D/K706RadioManager(27006): PresetList: band=0 presetIdx=0 currentFreq=10410 firstFreq=10410 (offset=3)
02-20 16:28:28.741 D/K706RadioManager(27006): PresetList: band reportada=0 (ignorada, mCurrentBand=0)
02-20 16:28:28.742 D/K706RadioManager(27006): >>> FREQ: 104150 -> 104100 (MCU=10410, 104,10 MHz)
02-20 16:28:28.784 E/mcu_services( 5539): MCU2APP : [ff fe fd 12 01 b1 00 00 28 a5 23 aa 23 32 26 52 29 72 2a 26 22 56 f2 ff ]
02-20 16:28:28.786 D/TunerPresenter(12107): handleTunerRawData: b1 0 0 28 a5 23 aa 23 32 26 52 29 72 2a 26 22 56 
02-20 16:28:28.787 D/K706RadioManager(27006): IMcuListener.onTransact: code=1 flags=16
02-20 16:28:28.789 D/TunerManagerForExt(12107): FMRadio main (TunerManagerForExt.java:147) onTunerPresetListChanged:  - mBand: 0 - mPresetIndex: 0 - mFrequency: 10405 - index: 0 - preset: 9130 - index: 1 - preset: 9010 - index: 2 - preset: 9810 - index: 3 - preset: 10610 - index: 4 - preset: 10790 - index: 5 - preset: 8790
02-20 16:28:28.789 D/K706RadioManager(27006): >>> IMcuListener.onMcuInfoChanged received! data=B1 00 00 28 A5 23 AA 23 32 26 52 29 72 2A 26 22 56 
02-20 16:28:28.790 D/K706RadioManager(27006): MCU[0xB1] len=17 : B1 00 00 28 A5 23 AA 23 32 26 52 29 72 2A 26 22 56 
02-20 16:28:28.790 D/K706RadioManager(27006): PresetList: band=0 presetIdx=0 currentFreq=10405 firstFreq=10405 (offset=3)
02-20 16:28:28.790 D/K706RadioManager(27006): PresetList: band reportada=0 (ignorada, mCurrentBand=0)
02-20 16:28:28.791 D/K706RadioManager(27006): >>> FREQ: 104100 -> 104050 (MCU=10405, 104,05 MHz)
02-20 16:28:28.834 E/mcu_services( 5539): MCU2APP : [ff fe fd 12 01 b1 00 00 28 a0 23 aa 23 32 26 52 29 72 2a 26 22 56 f7 ff ]
02-20 16:28:28.835 D/TunerPresenter(12107): handleTunerRawData: b1 0 0 28 a0 23 aa 23 32 26 52 29 72 2a 26 22 56 
02-20 16:28:28.837 D/K706RadioManager(27006): IMcuListener.onTransact: code=1 flags=16
02-20 16:28:28.839 D/TunerManagerForExt(12107): FMRadio main (TunerManagerForExt.java:147) onTunerPresetListChanged:  - mBand: 0 - mPresetIndex: 0 - mFrequency: 10400 - index: 0 - preset: 9130 - index: 1 - preset: 9010 - index: 2 - preset: 9810 - index: 3 - preset: 10610 - index: 4 - preset: 10790 - index: 5 - preset: 8790
02-20 16:28:28.839 D/K706RadioManager(27006): >>> IMcuListener.onMcuInfoChanged received! data=B1 00 00 28 A0 23 AA 23 32 26 52 29 72 2A 26 22 56 
02-20 16:28:28.840 D/K706RadioManager(27006): MCU[0xB1] len=17 : B1 00 00 28 A0 23 AA 23 32 26 52 29 72 2A 26 22 56 
02-20 16:28:28.840 D/K706RadioManager(27006): PresetList: band=0 presetIdx=0 currentFreq=10400 firstFreq=10400 (offset=3)
02-20 16:28:28.840 D/K706RadioManager(27006): PresetList: band reportada=0 (ignorada, mCurrentBand=0)
02-20 16:28:28.840 D/K706RadioManager(27006): >>> FREQ: 104050 -> 104000 (MCU=10400, 104,00 MHz)
02-20 16:28:28.884 E/mcu_services( 5539): MCU2APP : [ff fe fd 12 01 b1 00 00 28 9b 23 aa 23 32 26 52 29 72 2a 26 22 56 cc ff ]
02-20 16:28:28.885 D/TunerPresenter(12107): handleTunerRawData: b1 0 0 28 9b 23 aa 23 32 26 52 29 72 2a 26 22 56 
02-20 16:28:28.887 D/K706RadioManager(27006): IMcuListener.onTransact: code=1 flags=16
02-20 16:28:28.889 D/TunerManagerForExt(12107): FMRadio main (TunerManagerForExt.java:147) onTunerPresetListChanged:  - mBand: 0 - mPresetIndex: 0 - mFrequency: 10395 - index: 0 - preset: 9130 - index: 1 - preset: 9010 - index: 2 - preset: 9810 - index: 3 - preset: 10610 - index: 4 - preset: 10790 - index: 5 - preset: 8790
02-20 16:28:28.889 D/K706RadioManager(27006): >>> IMcuListener.onMcuInfoChanged received! data=B1 00 00 28 9B 23 AA 23 32 26 52 29 72 2A 26 22 56 
02-20 16:28:28.890 D/K706RadioManager(27006): MCU[0xB1] len=17 : B1 00 00 28 9B 23 AA 23 32 26 52 29 72 2A 26 22 56 
02-20 16:28:28.890 D/K706RadioManager(27006): PresetList: band=0 presetIdx=0 currentFreq=10395 firstFreq=10395 (offset=3)
02-20 16:28:28.890 D/K706RadioManager(27006): PresetList: band reportada=0 (ignorada, mCurrentBand=0)
02-20 16:28:28.890 D/K706RadioManager(27006): >>> FREQ: 104000 -> 103950 (MCU=10395, 103,95 MHz)
02-20 16:28:28.933 E/mcu_services( 5539): MCU2APP : [ff fe fd 12 01 b1 00 00 28 96 23 aa 23 32 26 52 29 72 2a 26 22 56 c1 ff ]
02-20 16:28:28.935 D/TunerPresenter(12107): handleTunerRawData: b1 0 0 28 96 23 aa 23 32 26 52 29 72 2a 26 22 56 
02-20 16:28:28.938 D/K706RadioManager(27006): IMcuListener.onTransact: code=1 flags=16
02-20 16:28:28.938 D/TunerManagerForExt(12107): FMRadio main (TunerManagerForExt.java:147) onTunerPresetListChanged:  - mBand: 0 - mPresetIndex: 0 - mFrequency: 10390 - index: 0 - preset: 9130 - index: 1 - preset: 9010 - index: 2 - preset: 9810 - index: 3 - preset: 10610 - index: 4 - preset: 10790 - index: 5 - preset: 8790
02-20 16:28:28.940 D/K706RadioManager(27006): >>> IMcuListener.onMcuInfoChanged received! data=B1 00 00 28 96 23 AA 23 32 26 52 29 72 2A 26 22 56 
02-20 16:28:28.941 D/K706RadioManager(27006): MCU[0xB1] len=17 : B1 00 00 28 96 23 AA 23 32 26 52 29 72 2A 26 22 56 
02-20 16:28:28.941 D/K706RadioManager(27006): PresetList: band=0 presetIdx=0 currentFreq=10390 firstFreq=10390 (offset=3)
02-20 16:28:28.941 D/K706RadioManager(27006): PresetList: band reportada=0 (ignorada, mCurrentBand=0)
02-20 16:28:28.941 D/K706RadioManager(27006): >>> FREQ: 103950 -> 103900 (MCU=10390, 103,90 MHz)
02-20 16:28:28.983 E/mcu_services( 5539): MCU2APP : [ff fe fd 12 01 b1 00 00 28 91 23 aa 23 32 26 52 29 72 2a 26 22 56 c6 ff ]
02-20 16:28:28.984 D/TunerPresenter(12107): handleTunerRawData: b1 0 0 28 91 23 aa 23 32 26 52 29 72 2a 26 22 56 
02-20 16:28:28.985 D/K706RadioManager(27006): IMcuListener.onTransact: code=1 flags=16
02-20 16:28:28.986 D/K706RadioManager(27006): >>> IMcuListener.onMcuInfoChanged received! data=B1 00 00 28 91 23 AA 23 32 26 52 29 72 2A 26 22 56 
02-20 16:28:28.987 D/TunerManagerForExt(12107): FMRadio main (TunerManagerForExt.java:147) onTunerPresetListChanged:  - mBand: 0 - mPresetIndex: 0 - mFrequency: 10385 - index: 0 - preset: 9130 - index: 1 - preset: 9010 - index: 2 - preset: 9810 - index: 3 - preset: 10610 - index: 4 - preset: 10790 - index: 5 - preset: 8790
02-20 16:28:28.987 D/K706RadioManager(27006): MCU[0xB1] len=17 : B1 00 00 28 91 23 AA 23 32 26 52 29 72 2A 26 22 56 
02-20 16:28:28.987 D/K706RadioManager(27006): PresetList: band=0 presetIdx=0 currentFreq=10385 firstFreq=10385 (offset=3)
02-20 16:28:28.987 D/K706RadioManager(27006): PresetList: band reportada=0 (ignorada, mCurrentBand=0)
02-20 16:28:28.987 D/K706RadioManager(27006): >>> FREQ: 103900 -> 103850 (MCU=10385, 103,85 MHz)
02-20 16:28:29.033 E/mcu_services( 5539): MCU2APP : [ff fe fd 12 01 b1 00 00 28 8c 23 aa 23 32 26 52 29 72 2a 26 22 56 db ff ]
02-20 16:28:29.034 D/TunerPresenter(12107): handleTunerRawData: b1 0 0 28 8c 23 aa 23 32 26 52 29 72 2a 26 22 56 
02-20 16:28:29.036 D/K706RadioManager(27006): IMcuListener.onTransact: code=1 flags=16
02-20 16:28:29.037 D/TunerManagerForExt(12107): FMRadio main (TunerManagerForExt.java:147) onTunerPresetListChanged:  - mBand: 0 - mPresetIndex: 0 - mFrequency: 10380 - index: 0 - preset: 9130 - index: 1 - preset: 9010 - index: 2 - preset: 9810 - index: 3 - preset: 10610 - index: 4 - preset: 10790 - index: 5 - preset: 8790
02-20 16:28:29.038 D/K706RadioManager(27006): >>> IMcuListener.onMcuInfoChanged received! data=B1 00 00 28 8C 23 AA 23 32 26 52 29 72 2A 26 22 56 
02-20 16:28:29.039 D/K706RadioManager(27006): MCU[0xB1] len=17 : B1 00 00 28 8C 23 AA 23 32 26 52 29 72 2A 26 22 56 
02-20 16:28:29.039 D/K706RadioManager(27006): PresetList: band=0 presetIdx=0 currentFreq=10380 firstFreq=10380 (offset=3)
02-20 16:28:29.039 D/K706RadioManager(27006): PresetList: band reportada=0 (ignorada, mCurrentBand=0)
02-20 16:28:29.039 D/K706RadioManager(27006): >>> FREQ: 103850 -> 103800 (MCU=10380, 103,80 MHz)
02-20 16:28:29.249 E/mcu_services( 5539): MCU2APP : [ff fe fd 03 01 29 6d 45 ff ]
02-20 16:28:29.253 D/K706RadioManager(27006): IMcuListener.onTransact: code=1 flags=16
02-20 16:28:29.253 D/K706RadioManager(27006): >>> IMcuListener.onMcuInfoChanged received! data=29 6D 
02-20 16:28:29.254 D/K706RadioManager(27006): MCU[0x29] len=2 : 29 6D 
02-20 16:28:29.254 D/K706RadioManager(27006): Unknown MCU packet type: 0x29
02-20 16:28:29.481 E/mcu_services( 5539): MCU2APP : [ff fe fd 12 01 b1 00 00 28 87 23 aa 23 32 26 52 29 72 2a 26 22 56 d0 ff ]
02-20 16:28:29.482 D/TunerPresenter(12107): handleTunerRawData: b1 0 0 28 87 23 aa 23 32 26 52 29 72 2a 26 22 56 
02-20 16:28:29.483 D/TunerManagerForExt(12107): FMRadio main (TunerManagerForExt.java:147) onTunerPresetListChanged:  - mBand: 0 - mPresetIndex: 0 - mFrequency: 10375 - index: 0 - preset: 9130 - index: 1 - preset: 9010 - index: 2 - preset: 9810 - index: 3 - preset: 10610 - index: 4 - preset: 10790 - index: 5 - preset: 8790
02-20 16:28:29.483 D/K706RadioManager(27006): IMcuListener.onTransact: code=1 flags=16
02-20 16:28:29.485 D/K706RadioManager(27006): >>> IMcuListener.onMcuInfoChanged received! data=B1 00 00 28 87 23 AA 23 32 26 52 29 72 2A 26 22 56 
02-20 16:28:29.486 D/K706RadioManager(27006): MCU[0xB1] len=17 : B1 00 00 28 87 23 AA 23 32 26 52 29 72 2A 26 22 56 
02-20 16:28:29.486 D/K706RadioManager(27006): PresetList: band=0 presetIdx=0 currentFreq=10375 firstFreq=10375 (offset=3)
02-20 16:28:29.486 D/K706RadioManager(27006): PresetList: band reportada=0 (ignorada, mCurrentBand=0)
02-20 16:28:29.486 D/K706RadioManager(27006): >>> FREQ: 103800 -> 103750 (MCU=10375, 103,75 MHz)
02-20 16:28:29.530 E/mcu_services( 5539): MCU2APP : [ff fe fd 12 01 b1 00 00 28 82 23 aa 23 32 26 52 29 72 2a 26 22 56 d5 ff ]
02-20 16:28:29.531 D/TunerPresenter(12107): handleTunerRawData: b1 0 0 28 82 23 aa 23 32 26 52 29 72 2a 26 22 56 
02-20 16:28:29.533 D/K706RadioManager(27006): IMcuListener.onTransact: code=1 flags=16
02-20 16:28:29.534 D/K706RadioManager(27006): >>> IMcuListener.onMcuInfoChanged received! data=B1 00 00 28 82 23 AA 23 32 26 52 29 72 2A 26 22 56 
02-20 16:28:29.535 D/TunerManagerForExt(12107): FMRadio main (TunerManagerForExt.java:147) onTunerPresetListChanged:  - mBand: 0 - mPresetIndex: 0 - mFrequency: 10370 - index: 0 - preset: 9130 - index: 1 - preset: 9010 - index: 2 - preset: 9810 - index: 3 - preset: 10610 - index: 4 - preset: 10790 - index: 5 - preset: 8790
02-20 16:28:29.536 D/K706RadioManager(27006): MCU[0xB1] len=17 : B1 00 00 28 82 23 AA 23 32 26 52 29 72 2A 26 22 56 
02-20 16:28:29.536 D/K706RadioManager(27006): PresetList: band=0 presetIdx=0 currentFreq=10370 firstFreq=10370 (offset=3)
02-20 16:28:29.536 D/K706RadioManager(27006): PresetList: band reportada=0 (ignorada, mCurrentBand=0)
02-20 16:28:29.536 D/K706RadioManager(27006): >>> FREQ: 103750 -> 103700 (MCU=10370, 103,70 MHz)
02-20 16:28:29.580 E/mcu_services( 5539): MCU2APP : [ff fe fd 12 01 b1 00 00 28 7d 23 aa 23 32 26 52 29 72 2a 26 22 56 2a ff ]
02-20 16:28:29.581 D/TunerPresenter(12107): handleTunerRawData: b1 0 0 28 7d 23 aa 23 32 26 52 29 72 2a 26 22 56 
02-20 16:28:29.582 D/K706RadioManager(27006): IMcuListener.onTransact: code=1 flags=16
02-20 16:28:29.584 D/K706RadioManager(27006): >>> IMcuListener.onMcuInfoChanged received! data=B1 00 00 28 7D 23 AA 23 32 26 52 29 72 2A 26 22 56 
02-20 16:28:29.584 D/TunerManagerForExt(12107): FMRadio main (TunerManagerForExt.java:147) onTunerPresetListChanged:  - mBand: 0 - mPresetIndex: 0 - mFrequency: 10365 - index: 0 - preset: 9130 - index: 1 - preset: 9010 - index: 2 - preset: 9810 - index: 3 - preset: 10610 - index: 4 - preset: 10790 - index: 5 - preset: 8790
02-20 16:28:29.585 D/K706RadioManager(27006): MCU[0xB1] len=17 : B1 00 00 28 7D 23 AA 23 32 26 52 29 72 2A 26 22 56 
02-20 16:28:29.585 D/K706RadioManager(27006): PresetList: band=0 presetIdx=0 currentFreq=10365 firstFreq=10365 (offset=3)
02-20 16:28:29.585 D/K706RadioManager(27006): PresetList: band reportada=0 (ignorada, mCurrentBand=0)
02-20 16:28:29.585 D/K706RadioManager(27006): >>> FREQ: 103700 -> 103650 (MCU=10365, 103,65 MHz)
02-20 16:28:29.629 E/mcu_services( 5539): MCU2APP : [ff fe fd 12 01 b1 00 00 28 78 23 aa 23 32 26 52 29 72 2a 26 22 56 2f ff ]
02-20 16:28:29.631 D/TunerPresenter(12107): handleTunerRawData: b1 0 0 28 78 23 aa 23 32 26 52 29 72 2a 26 22 56 
02-20 16:28:29.633 D/K706RadioManager(27006): IMcuListener.onTransact: code=1 flags=16
02-20 16:28:29.634 D/K706RadioManager(27006): >>> IMcuListener.onMcuInfoChanged received! data=B1 00 00 28 78 23 AA 23 32 26 52 29 72 2A 26 22 56 
02-20 16:28:29.636 D/K706RadioManager(27006): MCU[0xB1] len=17 : B1 00 00 28 78 23 AA 23 32 26 52 29 72 2A 26 22 56 
02-20 16:28:29.636 D/K706RadioManager(27006): PresetList: band=0 presetIdx=0 currentFreq=10360 firstFreq=10360 (offset=3)
02-20 16:28:29.636 D/K706RadioManager(27006): PresetList: band reportada=0 (ignorada, mCurrentBand=0)
02-20 16:28:29.636 D/K706RadioManager(27006): >>> FREQ: 103650 -> 103600 (MCU=10360, 103,60 MHz)
02-20 16:28:29.638 D/TunerManagerForExt(12107): FMRadio main (TunerManagerForExt.java:147) onTunerPresetListChanged:  - mBand: 0 - mPresetIndex: 0 - mFrequency: 10360 - index: 0 - preset: 9130 - index: 1 - preset: 9010 - index: 2 - preset: 9810 - index: 3 - preset: 10610 - index: 4 - preset: 10790 - index: 5 - preset: 8790
02-20 16:28:29.679 E/mcu_services( 5539): MCU2APP : [ff fe fd 12 01 b1 00 00 28 73 23 aa 23 32 26 52 29 72 2a 26 22 56 24 ff ]
02-20 16:28:29.680 D/TunerPresenter(12107): handleTunerRawData: b1 0 0 28 73 23 aa 23 32 26 52 29 72 2a 26 22 56 
02-20 16:28:29.682 D/K706RadioManager(27006): IMcuListener.onTransact: code=1 flags=16
02-20 16:28:29.683 D/K706RadioManager(27006): >>> IMcuListener.onMcuInfoChanged received! data=B1 00 00 28 73 23 AA 23 32 26 52 29 72 2A 26 22 56 
02-20 16:28:29.683 D/TunerManagerForExt(12107): FMRadio main (TunerManagerForExt.java:147) onTunerPresetListChanged:  - mBand: 0 - mPresetIndex: 0 - mFrequency: 10355 - index: 0 - preset: 9130 - index: 1 - preset: 9010 - index: 2 - preset: 9810 - index: 3 - preset: 10610 - index: 4 - preset: 10790 - index: 5 - preset: 8790
02-20 16:28:29.685 D/K706RadioManager(27006): MCU[0xB1] len=17 : B1 00 00 28 73 23 AA 23 32 26 52 29 72 2A 26 22 56 
02-20 16:28:29.685 D/K706RadioManager(27006): PresetList: band=0 presetIdx=0 currentFreq=10355 firstFreq=10355 (offset=3)
02-20 16:28:29.685 D/K706RadioManager(27006): PresetList: band reportada=0 (ignorada, mCurrentBand=0)
02-20 16:28:29.685 D/K706RadioManager(27006): >>> FREQ: 103600 -> 103550 (MCU=10355, 103,55 MHz)
02-20 16:28:29.729 E/mcu_services( 5539): MCU2APP : [ff fe fd 12 01 b1 00 00 28 6e 23 aa 23 32 26 52 29 72 2a 26 22 56 39 ff ]
02-20 16:28:29.730 D/TunerPresenter(12107): handleTunerRawData: b1 0 0 28 6e 23 aa 23 32 26 52 29 72 2a 26 22 56 
02-20 16:28:29.732 D/K706RadioManager(27006): IMcuListener.onTransact: code=1 flags=16
02-20 16:28:29.733 D/TunerManagerForExt(12107): FMRadio main (TunerManagerForExt.java:147) onTunerPresetListChanged:  - mBand: 0 - mPresetIndex: 0 - mFrequency: 10350 - index: 0 - preset: 9130 - index: 1 - preset: 9010 - index: 2 - preset: 9810 - index: 3 - preset: 10610 - index: 4 - preset: 10790 - index: 5 - preset: 8790
02-20 16:28:29.734 D/K706RadioManager(27006): >>> IMcuListener.onMcuInfoChanged received! data=B1 00 00 28 6E 23 AA 23 32 26 52 29 72 2A 26 22 56 
02-20 16:28:29.735 D/K706RadioManager(27006): MCU[0xB1] len=17 : B1 00 00 28 6E 23 AA 23 32 26 52 29 72 2A 26 22 56 
02-20 16:28:29.735 D/K706RadioManager(27006): PresetList: band=0 presetIdx=0 currentFreq=10350 firstFreq=10350 (offset=3)
02-20 16:28:29.735 D/K706RadioManager(27006): PresetList: band reportada=0 (ignorada, mCurrentBand=0)
02-20 16:28:29.735 D/K706RadioManager(27006): >>> FREQ: 103550 -> 103500 (MCU=10350, 103,50 MHz)
02-20 16:28:29.779 E/mcu_services( 5539): MCU2APP : [ff fe fd 12 01 b1 00 00 28 69 23 aa 23 32 26 52 29 72 2a 26 22 56 3e ff ]
02-20 16:28:29.781 D/TunerPresenter(12107): handleTunerRawData: b1 0 0 28 69 23 aa 23 32 26 52 29 72 2a 26 22 56 
02-20 16:28:29.783 D/K706RadioManager(27006): IMcuListener.onTransact: code=1 flags=16
02-20 16:28:29.784 D/TunerManagerForExt(12107): FMRadio main (TunerManagerForExt.java:147) onTunerPresetListChanged:  - mBand: 0 - mPresetIndex: 0 - mFrequency: 10345 - index: 0 - preset: 9130 - index: 1 - preset: 9010 - index: 2 - preset: 9810 - index: 3 - preset: 10610 - index: 4 - preset: 10790 - index: 5 - preset: 8790
02-20 16:28:29.784 D/K706RadioManager(27006): >>> IMcuListener.onMcuInfoChanged received! data=B1 00 00 28 69 23 AA 23 32 26 52 29 72 2A 26 22 56 
02-20 16:28:29.786 D/K706RadioManager(27006): MCU[0xB1] len=17 : B1 00 00 28 69 23 AA 23 32 26 52 29 72 2A 26 22 56 
02-20 16:28:29.786 D/K706RadioManager(27006): PresetList: band=0 presetIdx=0 currentFreq=10345 firstFreq=10345 (offset=3)
02-20 16:28:29.786 D/K706RadioManager(27006): PresetList: band reportada=0 (ignorada, mCurrentBand=0)
02-20 16:28:29.786 D/K706RadioManager(27006): >>> FREQ: 103500 -> 103450 (MCU=10345, 103,45 MHz)
02-20 16:28:29.828 E/mcu_services( 5539): MCU2APP : [ff fe fd 12 01 b1 00 00 28 64 23 aa 23 32 26 52 29 72 2a 26 22 56 33 ff ]
02-20 16:28:29.830 D/TunerPresenter(12107): handleTunerRawData: b1 0 0 28 64 23 aa 23 32 26 52 29 72 2a 26 22 56 
02-20 16:28:29.832 D/K706RadioManager(27006): IMcuListener.onTransact: code=1 flags=16
02-20 16:28:29.833 D/K706RadioManager(27006): >>> IMcuListener.onMcuInfoChanged received! data=B1 00 00 28 64 23 AA 23 32 26 52 29 72 2A 26 22 56 
02-20 16:28:29.834 D/TunerManagerForExt(12107): FMRadio main (TunerManagerForExt.java:147) onTunerPresetListChanged:  - mBand: 0 - mPresetIndex: 0 - mFrequency: 10340 - index: 0 - preset: 9130 - index: 1 - preset: 9010 - index: 2 - preset: 9810 - index: 3 - preset: 10610 - index: 4 - preset: 10790 - index: 5 - preset: 8790
02-20 16:28:29.835 D/K706RadioManager(27006): MCU[0xB1] len=17 : B1 00 00 28 64 23 AA 23 32 26 52 29 72 2A 26 22 56 
02-20 16:28:29.835 D/K706RadioManager(27006): PresetList: band=0 presetIdx=0 currentFreq=10340 firstFreq=10340 (offset=3)
02-20 16:28:29.835 D/K706RadioManager(27006): PresetList: band reportada=0 (ignorada, mCurrentBand=0)
02-20 16:28:29.835 D/K706RadioManager(27006): >>> FREQ: 103450 -> 103400 (MCU=10340, 103,40 MHz)
02-20 16:28:29.878 E/mcu_services( 5539): MCU2APP : [ff fe fd 12 01 b1 00 00 28 5f 23 aa 23 32 26 52 29 72 2a 26 22 56 08 ff ]
02-20 16:28:29.880 D/TunerPresenter(12107): handleTunerRawData: b1 0 0 28 5f 23 aa 23 32 26 52 29 72 2a 26 22 56 
02-20 16:28:29.882 D/K706RadioManager(27006): IMcuListener.onTransact: code=1 flags=16
02-20 16:28:29.884 D/K706RadioManager(27006): >>> IMcuListener.onMcuInfoChanged received! data=B1 00 00 28 5F 23 AA 23 32 26 52 29 72 2A 26 22 56 
02-20 16:28:29.884 D/TunerManagerForExt(12107): FMRadio main (TunerManagerForExt.java:147) onTunerPresetListChanged:  - mBand: 0 - mPresetIndex: 0 - mFrequency: 10335 - index: 0 - preset: 9130 - index: 1 - preset: 9010 - index: 2 - preset: 9810 - index: 3 - preset: 10610 - index: 4 - preset: 10790 - index: 5 - preset: 8790
02-20 16:28:29.885 D/K706RadioManager(27006): MCU[0xB1] len=17 : B1 00 00 28 5F 23 AA 23 32 26 52 29 72 2A 26 22 56 
02-20 16:28:29.885 D/K706RadioManager(27006): PresetList: band=0 presetIdx=0 currentFreq=10335 firstFreq=10335 (offset=3)
02-20 16:28:29.885 D/K706RadioManager(27006): PresetList: band reportada=0 (ignorada, mCurrentBand=0)
02-20 16:28:29.885 D/K706RadioManager(27006): >>> FREQ: 103400 -> 103350 (MCU=10335, 103,35 MHz)
02-20 16:28:29.928 E/mcu_services( 5539): MCU2APP : [ff fe fd 12 01 b1 00 00 28 5a 23 aa 23 32 26 52 29 72 2a 26 22 56 0d ff ]
02-20 16:28:29.929 D/TunerPresenter(12107): handleTunerRawData: b1 0 0 28 5a 23 aa 23 32 26 52 29 72 2a 26 22 56 
02-20 16:28:29.931 D/K706RadioManager(27006): IMcuListener.onTransact: code=1 flags=16
02-20 16:28:29.933 D/K706RadioManager(27006): >>> IMcuListener.onMcuInfoChanged received! data=B1 00 00 28 5A 23 AA 23 32 26 52 29 72 2A 26 22 56 
02-20 16:28:29.933 D/TunerManagerForExt(12107): FMRadio main (TunerManagerForExt.java:147) onTunerPresetListChanged:  - mBand: 0 - mPresetIndex: 0 - mFrequency: 10330 - index: 0 - preset: 9130 - index: 1 - preset: 9010 - index: 2 - preset: 9810 - index: 3 - preset: 10610 - index: 4 - preset: 10790 - index: 5 - preset: 8790
02-20 16:28:29.934 D/K706RadioManager(27006): MCU[0xB1] len=17 : B1 00 00 28 5A 23 AA 23 32 26 52 29 72 2A 26 22 56 
02-20 16:28:29.934 D/K706RadioManager(27006): PresetList: band=0 presetIdx=0 currentFreq=10330 firstFreq=10330 (offset=3)
02-20 16:28:29.934 D/K706RadioManager(27006): PresetList: band reportada=0 (ignorada, mCurrentBand=0)
02-20 16:28:29.934 D/K706RadioManager(27006): >>> FREQ: 103350 -> 103300 (MCU=10330, 103,30 MHz)
02-20 16:28:29.977 E/mcu_services( 5539): MCU2APP : [ff fe fd 12 01 b1 00 00 28 55 23 aa 23 32 26 52 29 72 2a 26 22 56 02 ff ]
02-20 16:28:29.979 D/TunerPresenter(12107): handleTunerRawData: b1 0 0 28 55 23 aa 23 32 26 52 29 72 2a 26 22 56 
02-20 16:28:29.981 D/K706RadioManager(27006): IMcuListener.onTransact: code=1 flags=16
02-20 16:28:29.981 D/TunerManagerForExt(12107): FMRadio main (TunerManagerForExt.java:147) onTunerPresetListChanged:  - mBand: 0 - mPresetIndex: 0 - mFrequency: 10325 - index: 0 - preset: 9130 - index: 1 - preset: 9010 - index: 2 - preset: 9810 - index: 3 - preset: 10610 - index: 4 - preset: 10790 - index: 5 - preset: 8790
02-20 16:28:29.983 D/K706RadioManager(27006): >>> IMcuListener.onMcuInfoChanged received! data=B1 00 00 28 55 23 AA 23 32 26 52 29 72 2A 26 22 56 
02-20 16:28:29.984 D/K706RadioManager(27006): MCU[0xB1] len=17 : B1 00 00 28 55 23 AA 23 32 26 52 29 72 2A 26 22 56 
02-20 16:28:29.984 D/K706RadioManager(27006): PresetList: band=0 presetIdx=0 currentFreq=10325 firstFreq=10325 (offset=3)
02-20 16:28:29.984 D/K706RadioManager(27006): PresetList: band reportada=0 (ignorada, mCurrentBand=0)
02-20 16:28:29.984 D/K706RadioManager(27006): >>> FREQ: 103300 -> 103250 (MCU=10325, 103,25 MHz)
02-20 16:28:30.027 E/mcu_services( 5539): MCU2APP : [ff fe fd 12 01 b1 00 00 28 50 23 aa 23 32 26 52 29 72 2a 26 22 56 07 ff ]
02-20 16:28:30.029 D/TunerPresenter(12107): handleTunerRawData: b1 0 0 28 50 23 aa 23 32 26 52 29 72 2a 26 22 56 
02-20 16:28:30.031 D/K706RadioManager(27006): IMcuListener.onTransact: code=1 flags=16
02-20 16:28:30.032 D/TunerManagerForExt(12107): FMRadio main (TunerManagerForExt.java:147) onTunerPresetListChanged:  - mBand: 0 - mPresetIndex: 0 - mFrequency: 10320 - index: 0 - preset: 9130 - index: 1 - preset: 9010 - index: 2 - preset: 9810 - index: 3 - preset: 10610 - index: 4 - preset: 10790 - index: 5 - preset: 8790
02-20 16:28:30.033 D/K706RadioManager(27006): >>> IMcuListener.onMcuInfoChanged received! data=B1 00 00 28 50 23 AA 23 32 26 52 29 72 2A 26 22 56 
02-20 16:28:30.034 D/K706RadioManager(27006): MCU[0xB1] len=17 : B1 00 00 28 50 23 AA 23 32 26 52 29 72 2A 26 22 56 
02-20 16:28:30.034 D/K706RadioManager(27006): PresetList: band=0 presetIdx=0 currentFreq=10320 firstFreq=10320 (offset=3)
02-20 16:28:30.034 D/K706RadioManager(27006): PresetList: band reportada=0 (ignorada, mCurrentBand=0)
02-20 16:28:30.034 D/K706RadioManager(27006): >>> FREQ: 103250 -> 103200 (MCU=10320, 103,20 MHz)
02-20 16:28:30.077 E/mcu_services( 5539): MCU2APP : [ff fe fd 12 01 b1 00 00 28 4b 23 aa 23 32 26 52 29 72 2a 26 22 56 1c ff ]
02-20 16:28:30.079 D/TunerPresenter(12107): handleTunerRawData: b1 0 0 28 4b 23 aa 23 32 26 52 29 72 2a 26 22 56 
02-20 16:28:30.080 D/K706RadioManager(27006): IMcuListener.onTransact: code=1 flags=16
02-20 16:28:30.082 D/TunerManagerForExt(12107): FMRadio main (TunerManagerForExt.java:147) onTunerPresetListChanged:  - mBand: 0 - mPresetIndex: 0 - mFrequency: 10315 - index: 0 - preset: 9130 - index: 1 - preset: 9010 - index: 2 - preset: 9810 - index: 3 - preset: 10610 - index: 4 - preset: 10790 - index: 5 - preset: 8790
02-20 16:28:30.082 D/K706RadioManager(27006): >>> IMcuListener.onMcuInfoChanged received! data=B1 00 00 28 4B 23 AA 23 32 26 52 29 72 2A 26 22 56 
02-20 16:28:30.083 D/K706RadioManager(27006): MCU[0xB1] len=17 : B1 00 00 28 4B 23 AA 23 32 26 52 29 72 2A 26 22 56 
02-20 16:28:30.084 D/K706RadioManager(27006): PresetList: band=0 presetIdx=0 currentFreq=10315 firstFreq=10315 (offset=3)
02-20 16:28:30.084 D/K706RadioManager(27006): PresetList: band reportada=0 (ignorada, mCurrentBand=0)
02-20 16:28:30.084 D/K706RadioManager(27006): >>> FREQ: 103200 -> 103150 (MCU=10315, 103,15 MHz)
02-20 16:28:30.127 E/mcu_services( 5539): MCU2APP : [ff fe fd 12 01 b1 00 00 28 46 23 aa 23 32 26 52 29 72 2a 26 22 56 11 ff ]
02-20 16:28:30.128 D/TunerPresenter(12107): handleTunerRawData: b1 0 0 28 46 23 aa 23 32 26 52 29 72 2a 26 22 56 
02-20 16:28:30.130 D/K706RadioManager(27006): IMcuListener.onTransact: code=1 flags=16
02-20 16:28:30.131 D/K706RadioManager(27006): >>> IMcuListener.onMcuInfoChanged received! data=B1 00 00 28 46 23 AA 23 32 26 52 29 72 2A 26 22 56 
02-20 16:28:30.131 D/TunerManagerForExt(12107): FMRadio main (TunerManagerForExt.java:147) onTunerPresetListChanged:  - mBand: 0 - mPresetIndex: 0 - mFrequency: 10310 - index: 0 - preset: 9130 - index: 1 - preset: 9010 - index: 2 - preset: 9810 - index: 3 - preset: 10610 - index: 4 - preset: 10790 - index: 5 - preset: 8790
02-20 16:28:30.132 D/K706RadioManager(27006): MCU[0xB1] len=17 : B1 00 00 28 46 23 AA 23 32 26 52 29 72 2A 26 22 56 
02-20 16:28:30.133 D/K706RadioManager(27006): PresetList: band=0 presetIdx=0 currentFreq=10310 firstFreq=10310 (offset=3)
02-20 16:28:30.133 D/K706RadioManager(27006): PresetList: band reportada=0 (ignorada, mCurrentBand=0)
02-20 16:28:30.133 D/K706RadioManager(27006): >>> FREQ: 103150 -> 103100 (MCU=10310, 103,10 MHz)
02-20 16:28:30.176 E/mcu_services( 5539): MCU2APP : [ff fe fd 12 01 b1 00 00 28 41 23 aa 23 32 26 52 29 72 2a 26 22 56 16 ff ]
02-20 16:28:30.178 D/TunerPresenter(12107): handleTunerRawData: b1 0 0 28 41 23 aa 23 32 26 52 29 72 2a 26 22 56 
02-20 16:28:30.179 D/K706RadioManager(27006): IMcuListener.onTransact: code=1 flags=16
02-20 16:28:30.181 D/K706RadioManager(27006): >>> IMcuListener.onMcuInfoChanged received! data=B1 00 00 28 41 23 AA 23 32 26 52 29 72 2A 26 22 56 
02-20 16:28:30.181 D/TunerManagerForExt(12107): FMRadio main (TunerManagerForExt.java:147) onTunerPresetListChanged:  - mBand: 0 - mPresetIndex: 0 - mFrequency: 10305 - index: 0 - preset: 9130 - index: 1 - preset: 9010 - index: 2 - preset: 9810 - index: 3 - preset: 10610 - index: 4 - preset: 10790 - index: 5 - preset: 8790
02-20 16:28:30.182 D/K706RadioManager(27006): MCU[0xB1] len=17 : B1 00 00 28 41 23 AA 23 32 26 52 29 72 2A 26 22 56 
02-20 16:28:30.182 D/K706RadioManager(27006): PresetList: band=0 presetIdx=0 currentFreq=10305 firstFreq=10305 (offset=3)
02-20 16:28:30.182 D/K706RadioManager(27006): PresetList: band reportada=0 (ignorada, mCurrentBand=0)
02-20 16:28:30.182 D/K706RadioManager(27006): >>> FREQ: 103100 -> 103050 (MCU=10305, 103,05 MHz)
02-20 16:28:30.226 E/mcu_services( 5539): MCU2APP : [ff fe fd 12 01 b1 00 00 28 3c 23 aa 23 32 26 52 29 72 2a 26 22 56 6b ff ]
02-20 16:28:30.228 D/TunerPresenter(12107): handleTunerRawData: b1 0 0 28 3c 23 aa 23 32 26 52 29 72 2a 26 22 56 
02-20 16:28:30.229 D/K706RadioManager(27006): IMcuListener.onTransact: code=1 flags=16
02-20 16:28:30.231 D/K706RadioManager(27006): >>> IMcuListener.onMcuInfoChanged received! data=B1 00 00 28 3C 23 AA 23 32 26 52 29 72 2A 26 22 56 
02-20 16:28:30.231 D/TunerManagerForExt(12107): FMRadio main (TunerManagerForExt.java:147) onTunerPresetListChanged:  - mBand: 0 - mPresetIndex: 0 - mFrequency: 10300 - index: 0 - preset: 9130 - index: 1 - preset: 9010 - index: 2 - preset: 9810 - index: 3 - preset: 10610 - index: 4 - preset: 10790 - index: 5 - preset: 8790
02-20 16:28:30.232 D/K706RadioManager(27006): MCU[0xB1] len=17 : B1 00 00 28 3C 23 AA 23 32 26 52 29 72 2A 26 22 56 
02-20 16:28:30.232 D/K706RadioManager(27006): PresetList: band=0 presetIdx=0 currentFreq=10300 firstFreq=10300 (offset=3)
02-20 16:28:30.232 D/K706RadioManager(27006): PresetList: band reportada=0 (ignorada, mCurrentBand=0)
02-20 16:28:30.232 D/K706RadioManager(27006): >>> FREQ: 103050 -> 103000 (MCU=10300, 103,00 MHz)
02-20 16:28:30.276 E/mcu_services( 5539): MCU2APP : [ff fe fd 12 01 b1 00 00 28 37 23 aa 23 32 26 52 29 72 2a 26 22 56 60 ff ]
02-20 16:28:30.278 D/TunerPresenter(12107): handleTunerRawData: b1 0 0 28 37 23 aa 23 32 26 52 29 72 2a 26 22 56 
02-20 16:28:30.279 D/K706RadioManager(27006): IMcuListener.onTransact: code=1 flags=16
02-20 16:28:30.281 D/K706RadioManager(27006): >>> IMcuListener.onMcuInfoChanged received! data=B1 00 00 28 37 23 AA 23 32 26 52 29 72 2A 26 22 56 
02-20 16:28:30.281 D/TunerManagerForExt(12107): FMRadio main (TunerManagerForExt.java:147) onTunerPresetListChanged:  - mBand: 0 - mPresetIndex: 0 - mFrequency: 10295 - index: 0 - preset: 9130 - index: 1 - preset: 9010 - index: 2 - preset: 9810 - index: 3 - preset: 10610 - index: 4 - preset: 10790 - index: 5 - preset: 8790
02-20 16:28:30.282 D/K706RadioManager(27006): MCU[0xB1] len=17 : B1 00 00 28 37 23 AA 23 32 26 52 29 72 2A 26 22 56 
02-20 16:28:30.282 D/K706RadioManager(27006): PresetList: band=0 presetIdx=0 currentFreq=10295 firstFreq=10295 (offset=3)
02-20 16:28:30.282 D/K706RadioManager(27006): PresetList: band reportada=0 (ignorada, mCurrentBand=0)
02-20 16:28:30.282 D/K706RadioManager(27006): >>> FREQ: 103000 -> 102950 (MCU=10295, 102,95 MHz)
02-20 16:28:30.326 E/mcu_services( 5539): MCU2APP : [ff fe fd 12 01 b1 00 00 28 32 23 aa 23 32 26 52 29 72 2a 26 22 56 65 ff ]
02-20 16:28:30.327 D/TunerPresenter(12107): handleTunerRawData: b1 0 0 28 32 23 aa 23 32 26 52 29 72 2a 26 22 56 
02-20 16:28:30.328 D/K706RadioManager(27006): IMcuListener.onTransact: code=1 flags=16
02-20 16:28:30.330 D/K706RadioManager(27006): >>> IMcuListener.onMcuInfoChanged received! data=B1 00 00 28 32 23 AA 23 32 26 52 29 72 2A 26 22 56 
02-20 16:28:30.330 D/TunerManagerForExt(12107): FMRadio main (TunerManagerForExt.java:147) onTunerPresetListChanged:  - mBand: 0 - mPresetIndex: 0 - mFrequency: 10290 - index: 0 - preset: 9130 - index: 1 - preset: 9010 - index: 2 - preset: 9810 - index: 3 - preset: 10610 - index: 4 - preset: 10790 - index: 5 - preset: 8790
02-20 16:28:30.331 D/K706RadioManager(27006): MCU[0xB1] len=17 : B1 00 00 28 32 23 AA 23 32 26 52 29 72 2A 26 22 56 
02-20 16:28:30.331 D/K706RadioManager(27006): PresetList: band=0 presetIdx=0 currentFreq=10290 firstFreq=10290 (offset=3)
02-20 16:28:30.331 D/K706RadioManager(27006): PresetList: band reportada=0 (ignorada, mCurrentBand=0)
02-20 16:28:30.332 D/K706RadioManager(27006): >>> FREQ: 102950 -> 102900 (MCU=10290, 102,90 MHz)
02-20 16:28:30.375 E/mcu_services( 5539): MCU2APP : [ff fe fd 12 01 b1 00 00 28 2d 23 aa 23 32 26 52 29 72 2a 26 22 56 7a ff ]
02-20 16:28:30.377 D/TunerPresenter(12107): handleTunerRawData: b1 0 0 28 2d 23 aa 23 32 26 52 29 72 2a 26 22 56 
02-20 16:28:30.379 D/K706RadioManager(27006): IMcuListener.onTransact: code=1 flags=16
02-20 16:28:30.380 D/K706RadioManager(27006): >>> IMcuListener.onMcuInfoChanged received! data=B1 00 00 28 2D 23 AA 23 32 26 52 29 72 2A 26 22 56 
02-20 16:28:30.380 D/TunerManagerForExt(12107): FMRadio main (TunerManagerForExt.java:147) onTunerPresetListChanged:  - mBand: 0 - mPresetIndex: 0 - mFrequency: 10285 - index: 0 - preset: 9130 - index: 1 - preset: 9010 - index: 2 - preset: 9810 - index: 3 - preset: 10610 - index: 4 - preset: 10790 - index: 5 - preset: 8790
02-20 16:28:30.381 D/K706RadioManager(27006): MCU[0xB1] len=17 : B1 00 00 28 2D 23 AA 23 32 26 52 29 72 2A 26 22 56 
02-20 16:28:30.381 D/K706RadioManager(27006): PresetList: band=0 presetIdx=0 currentFreq=10285 firstFreq=10285 (offset=3)
02-20 16:28:30.381 D/K706RadioManager(27006): PresetList: band reportada=0 (ignorada, mCurrentBand=0)
02-20 16:28:30.382 D/K706RadioManager(27006): >>> FREQ: 102900 -> 102850 (MCU=10285, 102,85 MHz)
02-20 16:28:30.425 E/mcu_services( 5539): MCU2APP : [ff fe fd 12 01 b1 00 00 28 28 23 aa 23 32 26 52 29 72 2a 26 22 56 7f ff ]
02-20 16:28:30.427 D/TunerPresenter(12107): handleTunerRawData: b1 0 0 28 28 23 aa 23 32 26 52 29 72 2a 26 22 56 
02-20 16:28:30.428 D/K706RadioManager(27006): IMcuListener.onTransact: code=1 flags=16
02-20 16:28:30.430 D/TunerManagerForExt(12107): FMRadio main (TunerManagerForExt.java:147) onTunerPresetListChanged:  - mBand: 0 - mPresetIndex: 0 - mFrequency: 10280 - index: 0 - preset: 9130 - index: 1 - preset: 9010 - index: 2 - preset: 9810 - index: 3 - preset: 10610 - index: 4 - preset: 10790 - index: 5 - preset: 8790
02-20 16:28:30.430 D/K706RadioManager(27006): >>> IMcuListener.onMcuInfoChanged received! data=B1 00 00 28 28 23 AA 23 32 26 52 29 72 2A 26 22 56 
02-20 16:28:30.431 D/K706RadioManager(27006): MCU[0xB1] len=17 : B1 00 00 28 28 23 AA 23 32 26 52 29 72 2A 26 22 56 
02-20 16:28:30.431 D/K706RadioManager(27006): PresetList: band=0 presetIdx=0 currentFreq=10280 firstFreq=10280 (offset=3)
02-20 16:28:30.431 D/K706RadioManager(27006): PresetList: band reportada=0 (ignorada, mCurrentBand=0)
02-20 16:28:30.431 D/K706RadioManager(27006): >>> FREQ: 102850 -> 102800 (MCU=10280, 102,80 MHz)
02-20 16:28:30.475 E/mcu_services( 5539): MCU2APP : [ff fe fd 12 01 b1 00 00 28 23 23 aa 23 32 26 52 29 72 2a 26 22 56 74 ff ]
02-20 16:28:30.476 D/TunerPresenter(12107): handleTunerRawData: b1 0 0 28 23 23 aa 23 32 26 52 29 72 2a 26 22 56 
02-20 16:28:30.478 D/K706RadioManager(27006): IMcuListener.onTransact: code=1 flags=16
02-20 16:28:30.479 D/TunerManagerForExt(12107): FMRadio main (TunerManagerForExt.java:147) onTunerPresetListChanged:  - mBand: 0 - mPresetIndex: 0 - mFrequency: 10275 - index: 0 - preset: 9130 - index: 1 - preset: 9010 - index: 2 - preset: 9810 - index: 3 - preset: 10610 - index: 4 - preset: 10790 - index: 5 - preset: 8790
02-20 16:28:30.479 D/K706RadioManager(27006): >>> IMcuListener.onMcuInfoChanged received! data=B1 00 00 28 23 23 AA 23 32 26 52 29 72 2A 26 22 56 
02-20 16:28:30.480 D/K706RadioManager(27006): MCU[0xB1] len=17 : B1 00 00 28 23 23 AA 23 32 26 52 29 72 2A 26 22 56 
02-20 16:28:30.480 D/K706RadioManager(27006): PresetList: band=0 presetIdx=0 currentFreq=10275 firstFreq=10275 (offset=3)
02-20 16:28:30.480 D/K706RadioManager(27006): PresetList: band reportada=0 (ignorada, mCurrentBand=0)
02-20 16:28:30.480 D/K706RadioManager(27006): >>> FREQ: 102800 -> 102750 (MCU=10275, 102,75 MHz)
02-20 16:28:30.524 E/mcu_services( 5539): MCU2APP : [ff fe fd 12 01 b1 00 00 28 1e 23 aa 23 32 26 52 29 72 2a 26 22 56 49 ff ]
02-20 16:28:30.527 D/TunerPresenter(12107): handleTunerRawData: b1 0 0 28 1e 23 aa 23 32 26 52 29 72 2a 26 22 56 
02-20 16:28:30.528 D/K706RadioManager(27006): IMcuListener.onTransact: code=1 flags=16
02-20 16:28:30.529 D/K706RadioManager(27006): >>> IMcuListener.onMcuInfoChanged received! data=B1 00 00 28 1E 23 AA 23 32 26 52 29 72 2A 26 22 56 
02-20 16:28:30.530 D/TunerManagerForExt(12107): FMRadio main (TunerManagerForExt.java:147) onTunerPresetListChanged:  - mBand: 0 - mPresetIndex: 0 - mFrequency: 10270 - index: 0 - preset: 9130 - index: 1 - preset: 9010 - index: 2 - preset: 9810 - index: 3 - preset: 10610 - index: 4 - preset: 10790 - index: 5 - preset: 8790
02-20 16:28:30.530 D/K706RadioManager(27006): MCU[0xB1] len=17 : B1 00 00 28 1E 23 AA 23 32 26 52 29 72 2A 26 22 56 
02-20 16:28:30.531 D/K706RadioManager(27006): PresetList: band=0 presetIdx=0 currentFreq=10270 firstFreq=10270 (offset=3)
02-20 16:28:30.531 D/K706RadioManager(27006): PresetList: band reportada=0 (ignorada, mCurrentBand=0)
02-20 16:28:30.531 D/K706RadioManager(27006): >>> FREQ: 102750 -> 102700 (MCU=10270, 102,70 MHz)
02-20 16:28:30.574 E/mcu_services( 5539): MCU2APP : [ff fe fd 12 01 b1 00 00 28 19 23 aa 23 32 26 52 29 72 2a 26 22 56 4e ff ]
02-20 16:28:30.576 D/TunerPresenter(12107): handleTunerRawData: b1 0 0 28 19 23 aa 23 32 26 52 29 72 2a 26 22 56 
02-20 16:28:30.577 D/K706RadioManager(27006): IMcuListener.onTransact: code=1 flags=16
02-20 16:28:30.579 D/K706RadioManager(27006): >>> IMcuListener.onMcuInfoChanged received! data=B1 00 00 28 19 23 AA 23 32 26 52 29 72 2A 26 22 56 
02-20 16:28:30.579 D/TunerManagerForExt(12107): FMRadio main (TunerManagerForExt.java:147) onTunerPresetListChanged:  - mBand: 0 - mPresetIndex: 0 - mFrequency: 10265 - index: 0 - preset: 9130 - index: 1 - preset: 9010 - index: 2 - preset: 9810 - index: 3 - preset: 10610 - index: 4 - preset: 10790 - index: 5 - preset: 8790
02-20 16:28:30.580 D/K706RadioManager(27006): MCU[0xB1] len=17 : B1 00 00 28 19 23 AA 23 32 26 52 29 72 2A 26 22 56 
02-20 16:28:30.580 D/K706RadioManager(27006): PresetList: band=0 presetIdx=0 currentFreq=10265 firstFreq=10265 (offset=3)
02-20 16:28:30.580 D/K706RadioManager(27006): PresetList: band reportada=0 (ignorada, mCurrentBand=0)
02-20 16:28:30.580 D/K706RadioManager(27006): >>> FREQ: 102700 -> 102650 (MCU=10265, 102,65 MHz)
02-20 16:28:30.624 E/mcu_services( 5539): MCU2APP : [ff fe fd 12 01 b1 00 00 28 14 23 aa 23 32 26 52 29 72 2a 26 22 56 43 ff ]
02-20 16:28:30.625 D/TunerPresenter(12107): handleTunerRawData: b1 0 0 28 14 23 aa 23 32 26 52 29 72 2a 26 22 56 
02-20 16:28:30.626 D/K706RadioManager(27006): IMcuListener.onTransact: code=1 flags=16
02-20 16:28:30.628 D/K706RadioManager(27006): >>> IMcuListener.onMcuInfoChanged received! data=B1 00 00 28 14 23 AA 23 32 26 52 29 72 2A 26 22 56 
02-20 16:28:30.628 D/TunerManagerForExt(12107): FMRadio main (TunerManagerForExt.java:147) onTunerPresetListChanged:  - mBand: 0 - mPresetIndex: 0 - mFrequency: 10260 - index: 0 - preset: 9130 - index: 1 - preset: 9010 - index: 2 - preset: 9810 - index: 3 - preset: 10610 - index: 4 - preset: 10790 - index: 5 - preset: 8790
02-20 16:28:30.629 D/K706RadioManager(27006): MCU[0xB1] len=17 : B1 00 00 28 14 23 AA 23 32 26 52 29 72 2A 26 22 56 
02-20 16:28:30.629 D/K706RadioManager(27006): PresetList: band=0 presetIdx=0 currentFreq=10260 firstFreq=10260 (offset=3)
02-20 16:28:30.629 D/K706RadioManager(27006): PresetList: band reportada=0 (ignorada, mCurrentBand=0)
02-20 16:28:30.629 D/K706RadioManager(27006): >>> FREQ: 102650 -> 102600 (MCU=10260, 102,60 MHz)
02-20 16:28:30.674 E/mcu_services( 5539): MCU2APP : [ff fe fd 12 01 b1 00 00 28 0f 23 aa 23 32 26 52 29 72 2a 26 22 56 58 ff ]
02-20 16:28:30.675 D/TunerPresenter(12107): handleTunerRawData: b1 0 0 28 f 23 aa 23 32 26 52 29 72 2a 26 22 56 
02-20 16:28:30.676 D/K706RadioManager(27006): IMcuListener.onTransact: code=1 flags=16
02-20 16:28:30.678 D/TunerManagerForExt(12107): FMRadio main (TunerManagerForExt.java:147) onTunerPresetListChanged:  - mBand: 0 - mPresetIndex: 0 - mFrequency: 10255 - index: 0 - preset: 9130 - index: 1 - preset: 9010 - index: 2 - preset: 9810 - index: 3 - preset: 10610 - index: 4 - preset: 10790 - index: 5 - preset: 8790
02-20 16:28:30.678 D/K706RadioManager(27006): >>> IMcuListener.onMcuInfoChanged received! data=B1 00 00 28 0F 23 AA 23 32 26 52 29 72 2A 26 22 56 
02-20 16:28:30.679 D/K706RadioManager(27006): MCU[0xB1] len=17 : B1 00 00 28 0F 23 AA 23 32 26 52 29 72 2A 26 22 56 
02-20 16:28:30.679 D/K706RadioManager(27006): PresetList: band=0 presetIdx=0 currentFreq=10255 firstFreq=10255 (offset=3)
02-20 16:28:30.679 D/K706RadioManager(27006): PresetList: band reportada=0 (ignorada, mCurrentBand=0)
02-20 16:28:30.680 D/K706RadioManager(27006): >>> FREQ: 102600 -> 102550 (MCU=10255, 102,55 MHz)
02-20 16:28:30.724 E/mcu_services( 5539): MCU2APP : [ff fe fd 12 01 b1 00 00 28 0a 23 aa 23 32 26 52 29 72 2a 26 22 56 5d ff ]
02-20 16:28:30.725 D/TunerPresenter(12107): handleTunerRawData: b1 0 0 28 a 23 aa 23 32 26 52 29 72 2a 26 22 56 
02-20 16:28:30.726 D/K706RadioManager(27006): IMcuListener.onTransact: code=1 flags=16
02-20 16:28:30.728 D/K706RadioManager(27006): >>> IMcuListener.onMcuInfoChanged received! data=B1 00 00 28 0A 23 AA 23 32 26 52 29 72 2A 26 22 56 
02-20 16:28:30.728 D/TunerManagerForExt(12107): FMRadio main (TunerManagerForExt.java:147) onTunerPresetListChanged:  - mBand: 0 - mPresetIndex: 0 - mFrequency: 10250 - index: 0 - preset: 9130 - index: 1 - preset: 9010 - index: 2 - preset: 9810 - index: 3 - preset: 10610 - index: 4 - preset: 10790 - index: 5 - preset: 8790
02-20 16:28:30.729 D/K706RadioManager(27006): MCU[0xB1] len=17 : B1 00 00 28 0A 23 AA 23 32 26 52 29 72 2A 26 22 56 
02-20 16:28:30.729 D/K706RadioManager(27006): PresetList: band=0 presetIdx=0 currentFreq=10250 firstFreq=10250 (offset=3)
02-20 16:28:30.729 D/K706RadioManager(27006): PresetList: band reportada=0 (ignorada, mCurrentBand=0)
02-20 16:28:30.729 D/K706RadioManager(27006): >>> FREQ: 102550 -> 102500 (MCU=10250, 102,50 MHz)
02-20 16:28:30.773 E/mcu_services( 5539): MCU2APP : [ff fe fd 12 01 b1 00 00 28 05 23 aa 23 32 26 52 29 72 2a 26 22 56 52 ff ]
02-20 16:28:30.775 D/TunerPresenter(12107): handleTunerRawData: b1 0 0 28 5 23 aa 23 32 26 52 29 72 2a 26 22 56 
02-20 16:28:30.776 D/K706RadioManager(27006): IMcuListener.onTransact: code=1 flags=16
02-20 16:28:30.777 D/TunerManagerForExt(12107): FMRadio main (TunerManagerForExt.java:147) onTunerPresetListChanged:  - mBand: 0 - mPresetIndex: 0 - mFrequency: 10245 - index: 0 - preset: 9130 - index: 1 - preset: 9010 - index: 2 - preset: 9810 - index: 3 - preset: 10610 - index: 4 - preset: 10790 - index: 5 - preset: 8790
02-20 16:28:30.778 D/K706RadioManager(27006): >>> IMcuListener.onMcuInfoChanged received! data=B1 00 00 28 05 23 AA 23 32 26 52 29 72 2A 26 22 56 
02-20 16:28:30.779 D/K706RadioManager(27006): MCU[0xB1] len=17 : B1 00 00 28 05 23 AA 23 32 26 52 29 72 2A 26 22 56 
02-20 16:28:30.779 D/K706RadioManager(27006): PresetList: band=0 presetIdx=0 currentFreq=10245 firstFreq=10245 (offset=3)
02-20 16:28:30.779 D/K706RadioManager(27006): PresetList: band reportada=0 (ignorada, mCurrentBand=0)
02-20 16:28:30.779 D/K706RadioManager(27006): >>> FREQ: 102500 -> 102450 (MCU=10245, 102,45 MHz)
02-20 16:28:30.823 E/mcu_services( 5539): MCU2APP : [ff fe fd 12 01 b1 00 00 28 00 23 aa 23 32 26 52 29 72 2a 26 22 56 57 ff ]
02-20 16:28:30.825 D/TunerPresenter(12107): handleTunerRawData: b1 0 0 28 0 23 aa 23 32 26 52 29 72 2a 26 22 56 
02-20 16:28:30.826 D/K706RadioManager(27006): IMcuListener.onTransact: code=1 flags=16
02-20 16:28:30.827 D/TunerManagerForExt(12107): FMRadio main (TunerManagerForExt.java:147) onTunerPresetListChanged:  - mBand: 0 - mPresetIndex: 0 - mFrequency: 10240 - index: 0 - preset: 9130 - index: 1 - preset: 9010 - index: 2 - preset: 9810 - index: 3 - preset: 10610 - index: 4 - preset: 10790 - index: 5 - preset: 8790
02-20 16:28:30.828 D/K706RadioManager(27006): >>> IMcuListener.onMcuInfoChanged received! data=B1 00 00 28 00 23 AA 23 32 26 52 29 72 2A 26 22 56 
02-20 16:28:30.829 D/K706RadioManager(27006): MCU[0xB1] len=17 : B1 00 00 28 00 23 AA 23 32 26 52 29 72 2A 26 22 56 
02-20 16:28:30.829 D/K706RadioManager(27006): PresetList: band=0 presetIdx=0 currentFreq=10240 firstFreq=10240 (offset=3)
02-20 16:28:30.829 D/K706RadioManager(27006): PresetList: band reportada=0 (ignorada, mCurrentBand=0)
02-20 16:28:30.829 D/K706RadioManager(27006): >>> FREQ: 102450 -> 102400 (MCU=10240, 102,40 MHz)
02-20 16:28:30.873 E/mcu_services( 5539): MCU2APP : [ff fe fd 12 01 b1 00 00 27 fb 23 aa 23 32 26 52 29 72 2a 26 22 56 a3 ff ]
02-20 16:28:30.874 D/TunerPresenter(12107): handleTunerRawData: b1 0 0 27 fb 23 aa 23 32 26 52 29 72 2a 26 22 56 
02-20 16:28:30.875 D/K706RadioManager(27006): IMcuListener.onTransact: code=1 flags=16
02-20 16:28:30.877 D/TunerManagerForExt(12107): FMRadio main (TunerManagerForExt.java:147) onTunerPresetListChanged:  - mBand: 0 - mPresetIndex: 0 - mFrequency: 10235 - index: 0 - preset: 9130 - index: 1 - preset: 9010 - index: 2 - preset: 9810 - index: 3 - preset: 10610 - index: 4 - preset: 10790 - index: 5 - preset: 8790
02-20 16:28:30.877 D/K706RadioManager(27006): >>> IMcuListener.onMcuInfoChanged received! data=B1 00 00 27 FB 23 AA 23 32 26 52 29 72 2A 26 22 56 
02-20 16:28:30.878 D/K706RadioManager(27006): MCU[0xB1] len=17 : B1 00 00 27 FB 23 AA 23 32 26 52 29 72 2A 26 22 56 
02-20 16:28:30.878 D/K706RadioManager(27006): PresetList: band=0 presetIdx=0 currentFreq=10235 firstFreq=10235 (offset=3)
02-20 16:28:30.878 D/K706RadioManager(27006): PresetList: band reportada=0 (ignorada, mCurrentBand=0)
02-20 16:28:30.878 D/K706RadioManager(27006): >>> FREQ: 102400 -> 102350 (MCU=10235, 102,35 MHz)
02-20 16:28:30.922 E/mcu_services( 5539): MCU2APP : [ff fe fd 12 01 b1 00 00 27 f6 23 aa 23 32 26 52 29 72 2a 26 22 56 ae ff ]
02-20 16:28:30.924 D/TunerPresenter(12107): handleTunerRawData: b1 0 0 27 f6 23 aa 23 32 26 52 29 72 2a 26 22 56 
02-20 16:28:30.925 D/K706RadioManager(27006): IMcuListener.onTransact: code=1 flags=16
02-20 16:28:30.926 D/K706RadioManager(27006): >>> IMcuListener.onMcuInfoChanged received! data=B1 00 00 27 F6 23 AA 23 32 26 52 29 72 2A 26 22 56 
02-20 16:28:30.927 D/TunerManagerForExt(12107): FMRadio main (TunerManagerForExt.java:147) onTunerPresetListChanged:  - mBand: 0 - mPresetIndex: 0 - mFrequency: 10230 - index: 0 - preset: 9130 - index: 1 - preset: 9010 - index: 2 - preset: 9810 - index: 3 - preset: 10610 - index: 4 - preset: 10790 - index: 5 - preset: 8790
02-20 16:28:30.927 D/K706RadioManager(27006): MCU[0xB1] len=17 : B1 00 00 27 F6 23 AA 23 32 26 52 29 72 2A 26 22 56 
02-20 16:28:30.928 D/K706RadioManager(27006): PresetList: band=0 presetIdx=0 currentFreq=10230 firstFreq=10230 (offset=3)
02-20 16:28:30.928 D/K706RadioManager(27006): PresetList: band reportada=0 (ignorada, mCurrentBand=0)
02-20 16:28:30.928 D/K706RadioManager(27006): >>> FREQ: 102350 -> 102300 (MCU=10230, 102,30 MHz)
02-20 16:28:30.972 E/mcu_services( 5539): MCU2APP : [ff fe fd 12 01 b1 00 00 27 f1 23 aa 23 32 26 52 29 72 2a 26 22 56 a9 ff ]
02-20 16:28:30.974 D/TunerPresenter(12107): handleTunerRawData: b1 0 0 27 f1 23 aa 23 32 26 52 29 72 2a 26 22 56 
02-20 16:28:30.974 D/K706RadioManager(27006): IMcuListener.onTransact: code=1 flags=16
02-20 16:28:30.976 D/K706RadioManager(27006): >>> IMcuListener.onMcuInfoChanged received! data=B1 00 00 27 F1 23 AA 23 32 26 52 29 72 2A 26 22 56 
02-20 16:28:30.977 D/TunerManagerForExt(12107): FMRadio main (TunerManagerForExt.java:147) onTunerPresetListChanged:  - mBand: 0 - mPresetIndex: 0 - mFrequency: 10225 - index: 0 - preset: 9130 - index: 1 - preset: 9010 - index: 2 - preset: 9810 - index: 3 - preset: 10610 - index: 4 - preset: 10790 - index: 5 - preset: 8790
02-20 16:28:30.977 D/K706RadioManager(27006): MCU[0xB1] len=17 : B1 00 00 27 F1 23 AA 23 32 26 52 29 72 2A 26 22 56 
02-20 16:28:30.977 D/K706RadioManager(27006): PresetList: band=0 presetIdx=0 currentFreq=10225 firstFreq=10225 (offset=3)
02-20 16:28:30.977 D/K706RadioManager(27006): PresetList: band reportada=0 (ignorada, mCurrentBand=0)
02-20 16:28:30.977 D/K706RadioManager(27006): >>> FREQ: 102300 -> 102250 (MCU=10225, 102,25 MHz)
02-20 16:28:31.022 E/mcu_services( 5539): MCU2APP : [ff fe fd 12 01 b1 00 00 27 ec 23 aa 23 32 26 52 29 72 2a 26 22 56 b4 ff ]
02-20 16:28:31.024 D/TunerPresenter(12107): handleTunerRawData: b1 0 0 27 ec 23 aa 23 32 26 52 29 72 2a 26 22 56 
02-20 16:28:31.026 D/K706RadioManager(27006): IMcuListener.onTransact: code=1 flags=16
02-20 16:28:31.027 D/TunerManagerForExt(12107): FMRadio main (TunerManagerForExt.java:147) onTunerPresetListChanged:  - mBand: 0 - mPresetIndex: 0 - mFrequency: 10220 - index: 0 - preset: 9130 - index: 1 - preset: 9010 - index: 2 - preset: 9810 - index: 3 - preset: 10610 - index: 4 - preset: 10790 - index: 5 - preset: 8790
02-20 16:28:31.027 D/K706RadioManager(27006): >>> IMcuListener.onMcuInfoChanged received! data=B1 00 00 27 EC 23 AA 23 32 26 52 29 72 2A 26 22 56 
02-20 16:28:31.029 D/K706RadioManager(27006): MCU[0xB1] len=17 : B1 00 00 27 EC 23 AA 23 32 26 52 29 72 2A 26 22 56 
02-20 16:28:31.029 D/K706RadioManager(27006): PresetList: band=0 presetIdx=0 currentFreq=10220 firstFreq=10220 (offset=3)
02-20 16:28:31.029 D/K706RadioManager(27006): PresetList: band reportada=0 (ignorada, mCurrentBand=0)
02-20 16:28:31.029 D/K706RadioManager(27006): >>> FREQ: 102250 -> 102200 (MCU=10220, 102,20 MHz)
02-20 16:28:31.071 E/mcu_services( 5539): MCU2APP : [ff fe fd 12 01 b1 00 00 27 e7 23 aa 23 32 26 52 29 72 2a 26 22 56 bf ff ]
02-20 16:28:31.073 D/TunerPresenter(12107): handleTunerRawData: b1 0 0 27 e7 23 aa 23 32 26 52 29 72 2a 26 22 56 
02-20 16:28:31.075 D/K706RadioManager(27006): IMcuListener.onTransact: code=1 flags=16
02-20 16:28:31.076 D/TunerManagerForExt(12107): FMRadio main (TunerManagerForExt.java:147) onTunerPresetListChanged:  - mBand: 0 - mPresetIndex: 0 - mFrequency: 10215 - index: 0 - preset: 9130 - index: 1 - preset: 9010 - index: 2 - preset: 9810 - index: 3 - preset: 10610 - index: 4 - preset: 10790 - index: 5 - preset: 8790
02-20 16:28:31.076 D/K706RadioManager(27006): >>> IMcuListener.onMcuInfoChanged received! data=B1 00 00 27 E7 23 AA 23 32 26 52 29 72 2A 26 22 56 
02-20 16:28:31.077 D/K706RadioManager(27006): MCU[0xB1] len=17 : B1 00 00 27 E7 23 AA 23 32 26 52 29 72 2A 26 22 56 
02-20 16:28:31.077 D/K706RadioManager(27006): PresetList: band=0 presetIdx=0 currentFreq=10215 firstFreq=10215 (offset=3)
02-20 16:28:31.077 D/K706RadioManager(27006): PresetList: band reportada=0 (ignorada, mCurrentBand=0)
02-20 16:28:31.077 D/K706RadioManager(27006): >>> FREQ: 102200 -> 102150 (MCU=10215, 102,15 MHz)
02-20 16:28:31.121 E/mcu_services( 5539): MCU2APP : [ff fe fd 12 01 b1 00 00 27 e2 23 aa 23 32 26 52 29 72 2a 26 22 56 ba ff ]
02-20 16:28:31.123 D/TunerPresenter(12107): handleTunerRawData: b1 0 0 27 e2 23 aa 23 32 26 52 29 72 2a 26 22 56 
02-20 16:28:31.125 D/K706RadioManager(27006): IMcuListener.onTransact: code=1 flags=16
02-20 16:28:31.126 D/TunerManagerForExt(12107): FMRadio main (TunerManagerForExt.java:147) onTunerPresetListChanged:  - mBand: 0 - mPresetIndex: 0 - mFrequency: 10210 - index: 0 - preset: 9130 - index: 1 - preset: 9010 - index: 2 - preset: 9810 - index: 3 - preset: 10610 - index: 4 - preset: 10790 - index: 5 - preset: 8790
02-20 16:28:31.126 D/K706RadioManager(27006): >>> IMcuListener.onMcuInfoChanged received! data=B1 00 00 27 E2 23 AA 23 32 26 52 29 72 2A 26 22 56 
02-20 16:28:31.127 D/K706RadioManager(27006): MCU[0xB1] len=17 : B1 00 00 27 E2 23 AA 23 32 26 52 29 72 2A 26 22 56 
02-20 16:28:31.127 D/K706RadioManager(27006): PresetList: band=0 presetIdx=0 currentFreq=10210 firstFreq=10210 (offset=3)
02-20 16:28:31.127 D/K706RadioManager(27006): PresetList: band reportada=0 (ignorada, mCurrentBand=0)
02-20 16:28:31.128 D/K706RadioManager(27006): >>> FREQ: 102150 -> 102100 (MCU=10210, 102,10 MHz)
02-20 16:28:31.171 E/mcu_services( 5539): MCU2APP : [ff fe fd 12 01 b1 00 00 27 dd 23 aa 23 32 26 52 29 72 2a 26 22 56 85 ff ]
02-20 16:28:31.172 D/TunerPresenter(12107): handleTunerRawData: b1 0 0 27 dd 23 aa 23 32 26 52 29 72 2a 26 22 56 
02-20 16:28:31.174 D/K706RadioManager(27006): IMcuListener.onTransact: code=1 flags=16
02-20 16:28:31.175 D/TunerManagerForExt(12107): FMRadio main (TunerManagerForExt.java:147) onTunerPresetListChanged:  - mBand: 0 - mPresetIndex: 0 - mFrequency: 10205 - index: 0 - preset: 9130 - index: 1 - preset: 9010 - index: 2 - preset: 9810 - index: 3 - preset: 10610 - index: 4 - preset: 10790 - index: 5 - preset: 8790
02-20 16:28:31.175 D/K706RadioManager(27006): >>> IMcuListener.onMcuInfoChanged received! data=B1 00 00 27 DD 23 AA 23 32 26 52 29 72 2A 26 22 56 
02-20 16:28:31.176 D/K706RadioManager(27006): MCU[0xB1] len=17 : B1 00 00 27 DD 23 AA 23 32 26 52 29 72 2A 26 22 56 
02-20 16:28:31.177 D/K706RadioManager(27006): PresetList: band=0 presetIdx=0 currentFreq=10205 firstFreq=10205 (offset=3)
02-20 16:28:31.177 D/K706RadioManager(27006): PresetList: band reportada=0 (ignorada, mCurrentBand=0)
02-20 16:28:31.177 D/K706RadioManager(27006): >>> FREQ: 102100 -> 102050 (MCU=10205, 102,05 MHz)
02-20 16:28:31.221 E/mcu_services( 5539): MCU2APP : [ff fe fd 12 01 b1 00 00 27 d8 23 aa 23 32 26 52 29 72 2a 26 22 56 80 ff ]
02-20 16:28:31.222 D/TunerPresenter(12107): handleTunerRawData: b1 0 0 27 d8 23 aa 23 32 26 52 29 72 2a 26 22 56 
02-20 16:28:31.224 D/K706RadioManager(27006): IMcuListener.onTransact: code=1 flags=16
02-20 16:28:31.225 D/TunerManagerForExt(12107): FMRadio main (TunerManagerForExt.java:147) onTunerPresetListChanged:  - mBand: 0 - mPresetIndex: 0 - mFrequency: 10200 - index: 0 - preset: 9130 - index: 1 - preset: 9010 - index: 2 - preset: 9810 - index: 3 - preset: 10610 - index: 4 - preset: 10790 - index: 5 - preset: 8790
02-20 16:28:31.225 D/K706RadioManager(27006): >>> IMcuListener.onMcuInfoChanged received! data=B1 00 00 27 D8 23 AA 23 32 26 52 29 72 2A 26 22 56 
02-20 16:28:31.227 D/K706RadioManager(27006): MCU[0xB1] len=17 : B1 00 00 27 D8 23 AA 23 32 26 52 29 72 2A 26 22 56 
02-20 16:28:31.227 D/K706RadioManager(27006): PresetList: band=0 presetIdx=0 currentFreq=10200 firstFreq=10200 (offset=3)
02-20 16:28:31.227 D/K706RadioManager(27006): PresetList: band reportada=0 (ignorada, mCurrentBand=0)
02-20 16:28:31.227 D/K706RadioManager(27006): >>> FREQ: 102050 -> 102000 (MCU=10200, 102,00 MHz)
02-20 16:28:31.238 E/mcu_services( 5539): MCU2APP : [ff fe fd 03 01 29 6d 45 ff ]
02-20 16:28:31.241 D/K706RadioManager(27006): IMcuListener.onTransact: code=1 flags=16
02-20 16:28:31.241 D/K706RadioManager(27006): >>> IMcuListener.onMcuInfoChanged received! data=29 6D 
02-20 16:28:31.242 D/K706RadioManager(27006): MCU[0x29] len=2 : 29 6D 
02-20 16:28:31.242 D/K706RadioManager(27006): Unknown MCU packet type: 0x29
02-20 16:28:31.270 E/mcu_services( 5539): MCU2APP : [ff fe fd 12 01 b1 00 00 27 d3 23 aa 23 32 26 52 29 72 2a 26 22 56 8b ff ]
02-20 16:28:31.272 D/TunerPresenter(12107): handleTunerRawData: b1 0 0 27 d3 23 aa 23 32 26 52 29 72 2a 26 22 56 
02-20 16:28:31.273 D/K706RadioManager(27006): IMcuListener.onTransact: code=1 flags=16
02-20 16:28:31.275 D/K706RadioManager(27006): >>> IMcuListener.onMcuInfoChanged received! data=B1 00 00 27 D3 23 AA 23 32 26 52 29 72 2A 26 22 56 
02-20 16:28:31.275 D/TunerManagerForExt(12107): FMRadio main (TunerManagerForExt.java:147) onTunerPresetListChanged:  - mBand: 0 - mPresetIndex: 0 - mFrequency: 10195 - index: 0 - preset: 9130 - index: 1 - preset: 9010 - index: 2 - preset: 9810 - index: 3 - preset: 10610 - index: 4 - preset: 10790 - index: 5 - preset: 8790
02-20 16:28:31.276 D/K706RadioManager(27006): MCU[0xB1] len=17 : B1 00 00 27 D3 23 AA 23 32 26 52 29 72 2A 26 22 56 
02-20 16:28:31.276 D/K706RadioManager(27006): PresetList: band=0 presetIdx=0 currentFreq=10195 firstFreq=10195 (offset=3)
02-20 16:28:31.276 D/K706RadioManager(27006): PresetList: band reportada=0 (ignorada, mCurrentBand=0)
02-20 16:28:31.276 D/K706RadioManager(27006): >>> FREQ: 102000 -> 101950 (MCU=10195, 101,95 MHz)
02-20 16:28:31.320 E/mcu_services( 5539): MCU2APP : [ff fe fd 12 01 b1 00 00 27 ce 23 aa 23 32 26 52 29 72 2a 26 22 56 96 ff ]
02-20 16:28:31.322 D/TunerPresenter(12107): handleTunerRawData: b1 0 0 27 ce 23 aa 23 32 26 52 29 72 2a 26 22 56 
02-20 16:28:31.323 D/K706RadioManager(27006): IMcuListener.onTransact: code=1 flags=16
02-20 16:28:31.325 D/TunerManagerForExt(12107): FMRadio main (TunerManagerForExt.java:147) onTunerPresetListChanged:  - mBand: 0 - mPresetIndex: 0 - mFrequency: 10190 - index: 0 - preset: 9130 - index: 1 - preset: 9010 - index: 2 - preset: 9810 - index: 3 - preset: 10610 - index: 4 - preset: 10790 - index: 5 - preset: 8790
02-20 16:28:31.325 D/K706RadioManager(27006): >>> IMcuListener.onMcuInfoChanged received! data=B1 00 00 27 CE 23 AA 23 32 26 52 29 72 2A 26 22 56 
02-20 16:28:31.326 D/K706RadioManager(27006): MCU[0xB1] len=17 : B1 00 00 27 CE 23 AA 23 32 26 52 29 72 2A 26 22 56 
02-20 16:28:31.326 D/K706RadioManager(27006): PresetList: band=0 presetIdx=0 currentFreq=10190 firstFreq=10190 (offset=3)
02-20 16:28:31.327 D/K706RadioManager(27006): PresetList: band reportada=0 (ignorada, mCurrentBand=0)
02-20 16:28:31.327 D/K706RadioManager(27006): >>> FREQ: 101950 -> 101900 (MCU=10190, 101,90 MHz)
02-20 16:28:31.370 E/mcu_services( 5539): MCU2APP : [ff fe fd 12 01 b1 00 00 27 c9 23 aa 23 32 26 52 29 72 2a 26 22 56 91 ff ]
02-20 16:28:31.371 D/TunerPresenter(12107): handleTunerRawData: b1 0 0 27 c9 23 aa 23 32 26 52 29 72 2a 26 22 56 
02-20 16:28:31.373 D/K706RadioManager(27006): IMcuListener.onTransact: code=1 flags=16
02-20 16:28:31.374 D/TunerManagerForExt(12107): FMRadio main (TunerManagerForExt.java:147) onTunerPresetListChanged:  - mBand: 0 - mPresetIndex: 0 - mFrequency: 10185 - index: 0 - preset: 9130 - index: 1 - preset: 9010 - index: 2 - preset: 9810 - index: 3 - preset: 10610 - index: 4 - preset: 10790 - index: 5 - preset: 8790
02-20 16:28:31.374 D/K706RadioManager(27006): >>> IMcuListener.onMcuInfoChanged received! data=B1 00 00 27 C9 23 AA 23 32 26 52 29 72 2A 26 22 56 
02-20 16:28:31.375 D/K706RadioManager(27006): MCU[0xB1] len=17 : B1 00 00 27 C9 23 AA 23 32 26 52 29 72 2A 26 22 56 
02-20 16:28:31.375 D/K706RadioManager(27006): PresetList: band=0 presetIdx=0 currentFreq=10185 firstFreq=10185 (offset=3)
02-20 16:28:31.375 D/K706RadioManager(27006): PresetList: band reportada=0 (ignorada, mCurrentBand=0)
02-20 16:28:31.375 D/K706RadioManager(27006): >>> FREQ: 101900 -> 101850 (MCU=10185, 101,85 MHz)
02-20 16:28:31.419 E/mcu_services( 5539): MCU2APP : [ff fe fd 12 01 b1 00 00 27 c4 23 aa 23 32 26 52 29 72 2a 26 22 56 9c ff ]
02-20 16:28:31.421 D/TunerPresenter(12107): handleTunerRawData: b1 0 0 27 c4 23 aa 23 32 26 52 29 72 2a 26 22 56 
02-20 16:28:31.423 D/K706RadioManager(27006): IMcuListener.onTransact: code=1 flags=16
02-20 16:28:31.425 D/TunerManagerForExt(12107): FMRadio main (TunerManagerForExt.java:147) onTunerPresetListChanged:  - mBand: 0 - mPresetIndex: 0 - mFrequency: 10180 - index: 0 - preset: 9130 - index: 1 - preset: 9010 - index: 2 - preset: 9810 - index: 3 - preset: 10610 - index: 4 - preset: 10790 - index: 5 - preset: 8790
02-20 16:28:31.425 D/K706RadioManager(27006): >>> IMcuListener.onMcuInfoChanged received! data=B1 00 00 27 C4 23 AA 23 32 26 52 29 72 2A 26 22 56 
02-20 16:28:31.426 D/K706RadioManager(27006): MCU[0xB1] len=17 : B1 00 00 27 C4 23 AA 23 32 26 52 29 72 2A 26 22 56 
02-20 16:28:31.426 D/K706RadioManager(27006): PresetList: band=0 presetIdx=0 currentFreq=10180 firstFreq=10180 (offset=3)
02-20 16:28:31.426 D/K706RadioManager(27006): PresetList: band reportada=0 (ignorada, mCurrentBand=0)
02-20 16:28:31.426 D/K706RadioManager(27006): >>> FREQ: 101850 -> 101800 (MCU=10180, 101,80 MHz)
02-20 16:28:31.450 D/K706RadioManager(27006): onSeekUpEvent()
02-20 16:28:31.452 E/mcu_services( 5539): APP2MCU - writeToUartNormal : [ff fd fe 05 01 a0 03 00 00 a2 ff ]
02-20 16:28:31.453 D/K706RadioManager(27006): CMD Enviado: sub=0x03 p1=0x00 p2=0x00
02-20 16:28:31.453 D/K706RadioManager(27006): Seek UP via sub 0x03 (v2)
02-20 16:28:31.458 E/mcu_services( 5539): MCU2APP : [ff fe fd 12 01 b1 00 00 27 c4 23 aa 23 32 26 52 29 72 2a 26 22 56 9c ff ]
02-20 16:28:31.460 D/TunerPresenter(12107): handleTunerRawData: b1 0 0 27 c4 23 aa 23 32 26 52 29 72 2a 26 22 56 
02-20 16:28:31.462 D/K706RadioManager(27006): IMcuListener.onTransact: code=1 flags=16
02-20 16:28:31.463 D/TunerManagerForExt(12107): FMRadio main (TunerManagerForExt.java:147) onTunerPresetListChanged:  - mBand: 0 - mPresetIndex: 0 - mFrequency: 10180 - index: 0 - preset: 9130 - index: 1 - preset: 9010 - index: 2 - preset: 9810 - index: 3 - preset: 10610 - index: 4 - preset: 10790 - index: 5 - preset: 8790
02-20 16:28:31.464 D/K706RadioManager(27006): >>> IMcuListener.onMcuInfoChanged received! data=B1 00 00 27 C4 23 AA 23 32 26 52 29 72 2A 26 22 56 
02-20 16:28:31.465 D/K706RadioManager(27006): MCU[0xB1] len=17 : B1 00 00 27 C4 23 AA 23 32 26 52 29 72 2A 26 22 56 
02-20 16:28:31.465 D/K706RadioManager(27006): PresetList: band=0 presetIdx=0 currentFreq=10180 firstFreq=10180 (offset=3)
02-20 16:28:31.465 D/K706RadioManager(27006): PresetList: band reportada=0 (ignorada, mCurrentBand=0)
02-20 16:28:31.596 E/mcu_services( 5539): MCU2APP : [ff fe fd 03 01 b0 20 91 ff ]
02-20 16:28:31.598 D/TunerPresenter(12107): handleTunerRawData: b0 20 
02-20 16:28:31.599 D/TunerManagerForExt(12107): FMRadio main (TunerManagerForExt.java:108) onTunerInfoChanged: onTunerInfoChanged - flag: 32 - asFlag: 0 - psFlag: 0 - scanFlag: 0 - seekFlag: 0 - mStFlag: 0 - mLocFlag: 1 - mIsSearching: true - mTempSearching: false
02-20 16:28:31.599 D/TunerManagerForExt(12107): FMRadio main (TunerManagerForExt.java:118) onTunerInfoChanged: mIsSearching: false - mTempSearching: false - asFlag: 0 - seekFlag: 0
02-20 16:28:31.600 D/K706RadioManager(27006): IMcuListener.onTransact: code=1 flags=16
02-20 16:28:31.600 D/K706RadioManager(27006): >>> IMcuListener.onMcuInfoChanged received! data=B0 20 
02-20 16:28:31.601 D/K706RadioManager(27006): MCU[0xB0] len=2 : B0 20 
02-20 16:28:31.601 D/K706RadioManager(27006): TunerInfo: flags=0x20 save=false AS=false finish=false valid=true ST=false LOC=false seek=false scan=false
02-20 16:28:33.066 D/K706RadioManager(27006): onSeekUpEvent()
02-20 16:28:33.068 E/mcu_services( 5539): APP2MCU - writeToUartNormal : [ff fd fe 05 01 a0 03 00 00 a2 ff ]
02-20 16:28:33.068 D/K706RadioManager(27006): CMD Enviado: sub=0x03 p1=0x00 p2=0x00
02-20 16:28:33.068 D/K706RadioManager(27006): Seek UP via sub 0x03 (v2)
02-20 16:28:33.137 E/mcu_services( 5539): MCU2APP : [ff fe fd 12 01 b1 00 00 27 c9 23 aa 23 32 26 52 29 72 2a 26 22 56 91 ff ]
02-20 16:28:33.140 D/TunerPresenter(12107): handleTunerRawData: b1 0 0 27 c9 23 aa 23 32 26 52 29 72 2a 26 22 56 
02-20 16:28:33.140 D/TunerManagerForExt(12107): FMRadio main (TunerManagerForExt.java:147) onTunerPresetListChanged:  - mBand: 0 - mPresetIndex: 0 - mFrequency: 10185 - index: 0 - preset: 9130 - index: 1 - preset: 9010 - index: 2 - preset: 9810 - index: 3 - preset: 10610 - index: 4 - preset: 10790 - index: 5 - preset: 8790
02-20 16:28:33.140 D/K706RadioManager(27006): IMcuListener.onTransact: code=1 flags=16
02-20 16:28:33.142 D/K706RadioManager(27006): >>> IMcuListener.onMcuInfoChanged received! data=B1 00 00 27 C9 23 AA 23 32 26 52 29 72 2A 26 22 56 
02-20 16:28:33.143 D/K706RadioManager(27006): MCU[0xB1] len=17 : B1 00 00 27 C9 23 AA 23 32 26 52 29 72 2A 26 22 56 
02-20 16:28:33.143 D/K706RadioManager(27006): PresetList: band=0 presetIdx=0 currentFreq=10185 firstFreq=10185 (offset=3)
02-20 16:28:33.143 D/K706RadioManager(27006): PresetList: band reportada=0 (ignorada, mCurrentBand=0)
02-20 16:28:33.144 D/K706RadioManager(27006): >>> FREQ: 101800 -> 101850 (MCU=10185, 101,85 MHz)
02-20 16:28:33.203 E/mcu_services( 5539): MCU2APP : [ff fe fd 12 01 b1 00 00 27 c9 23 aa 23 32 26 52 29 72 2a 26 22 56 91 ff ]
02-20 16:28:33.205 D/TunerPresenter(12107): handleTunerRawData: b1 0 0 27 c9 23 aa 23 32 26 52 29 72 2a 26 22 56 
02-20 16:28:33.205 D/K706RadioManager(27006): IMcuListener.onTransact: code=1 flags=16
02-20 16:28:33.207 D/K706RadioManager(27006): >>> IMcuListener.onMcuInfoChanged received! data=B1 00 00 27 C9 23 AA 23 32 26 52 29 72 2A 26 22 56 
02-20 16:28:33.207 D/TunerManagerForExt(12107): FMRadio main (TunerManagerForExt.java:147) onTunerPresetListChanged:  - mBand: 0 - mPresetIndex: 0 - mFrequency: 10185 - index: 0 - preset: 9130 - index: 1 - preset: 9010 - index: 2 - preset: 9810 - index: 3 - preset: 10610 - index: 4 - preset: 10790 - index: 5 - preset: 8790
02-20 16:28:33.209 D/K706RadioManager(27006): MCU[0xB1] len=17 : B1 00 00 27 C9 23 AA 23 32 26 52 29 72 2A 26 22 56 
02-20 16:28:33.209 D/K706RadioManager(27006): PresetList: band=0 presetIdx=0 currentFreq=10185 firstFreq=10185 (offset=3)
02-20 16:28:33.209 D/K706RadioManager(27006): PresetList: band reportada=0 (ignorada, mCurrentBand=0)
02-20 16:28:33.386 E/mcu_services( 5539): MCU2APP : [ff fe fd 03 01 29 6d 45 ff ]
02-20 16:28:33.389 D/K706RadioManager(27006): IMcuListener.onTransact: code=1 flags=16
02-20 16:28:33.390 D/K706RadioManager(27006): >>> IMcuListener.onMcuInfoChanged received! data=29 6D 
02-20 16:28:33.390 D/K706RadioManager(27006): MCU[0x29] len=2 : 29 6D 
02-20 16:28:33.391 D/K706RadioManager(27006): Unknown MCU packet type: 0x29
02-20 16:28:35.375 E/mcu_services( 5539): MCU2APP : [ff fe fd 03 01 29 6d 45 ff ]
02-20 16:28:35.378 D/K706RadioManager(27006): IMcuListener.onTransact: code=1 flags=16
02-20 16:28:35.379 D/K706RadioManager(27006): >>> IMcuListener.onMcuInfoChanged received! data=29 6D 
02-20 16:28:35.379 D/K706RadioManager(27006): MCU[0x29] len=2 : 29 6D 
02-20 16:28:35.379 D/K706RadioManager(27006): Unknown MCU packet type: 0x29
02-20 16:28:35.571 D/K706RadioManager(27006): onSeekDownEvent()
02-20 16:28:35.572 E/mcu_services( 5539): APP2MCU - writeToUartNormal : [ff fd fe 05 01 a0 02 00 00 a3 ff ]
02-20 16:28:35.573 D/K706RadioManager(27006): CMD Enviado: sub=0x02 p1=0x00 p2=0x00
02-20 16:28:35.573 D/K706RadioManager(27006): Seek DOWN via sub 0x02 (v2)
02-20 16:28:35.643 E/mcu_services( 5539): MCU2APP : [ff fe fd 03 01 b0 28 99 ff ]
02-20 16:28:35.645 D/TunerPresenter(12107): handleTunerRawData: b0 28 
02-20 16:28:35.645 D/TunerManagerForExt(12107): FMRadio main (TunerManagerForExt.java:108) onTunerInfoChanged: onTunerInfoChanged - flag: 40 - asFlag: 0 - psFlag: 0 - scanFlag: 0 - seekFlag: 1 - mStFlag: 0 - mLocFlag: 1 - mIsSearching: false - mTempSearching: false
02-20 16:28:35.645 D/TunerManagerForExt(12107): FMRadio main (TunerManagerForExt.java:118) onTunerInfoChanged: mIsSearching: true - mTempSearching: false - asFlag: 0 - seekFlag: 1
02-20 16:28:35.647 D/K706RadioManager(27006): IMcuListener.onTransact: code=1 flags=16
02-20 16:28:35.647 D/K706RadioManager(27006): >>> IMcuListener.onMcuInfoChanged received! data=B0 28 
02-20 16:28:35.647 D/K706RadioManager(27006): MCU[0xB0] len=2 : B0 28 
02-20 16:28:35.648 D/K706RadioManager(27006): TunerInfo: flags=0x28 save=false AS=true finish=false valid=true ST=false LOC=false seek=false scan=false
02-20 16:28:35.686 E/mcu_services( 5539): MCU2APP : [ff fe fd 12 01 b1 00 00 27 c4 23 aa 23 32 26 52 29 72 2a 26 22 56 9c ff ]
02-20 16:28:35.688 D/TunerPresenter(12107): handleTunerRawData: b1 0 0 27 c4 23 aa 23 32 26 52 29 72 2a 26 22 56 
02-20 16:28:35.688 D/TunerManagerForExt(12107): FMRadio main (TunerManagerForExt.java:147) onTunerPresetListChanged:  - mBand: 0 - mPresetIndex: 0 - mFrequency: 10180 - index: 0 - preset: 9130 - index: 1 - preset: 9010 - index: 2 - preset: 9810 - index: 3 - preset: 10610 - index: 4 - preset: 10790 - index: 5 - preset: 8790
02-20 16:28:35.689 D/K706RadioManager(27006): IMcuListener.onTransact: code=1 flags=16
02-20 16:28:35.691 D/K706RadioManager(27006): >>> IMcuListener.onMcuInfoChanged received! data=B1 00 00 27 C4 23 AA 23 32 26 52 29 72 2A 26 22 56 
02-20 16:28:35.692 D/K706RadioManager(27006): MCU[0xB1] len=17 : B1 00 00 27 C4 23 AA 23 32 26 52 29 72 2A 26 22 56 
02-20 16:28:35.692 D/K706RadioManager(27006): PresetList: band=0 presetIdx=0 currentFreq=10180 firstFreq=10180 (offset=3)
02-20 16:28:35.692 D/K706RadioManager(27006): PresetList: band reportada=0 (ignorada, mCurrentBand=0)
02-20 16:28:35.692 D/K706RadioManager(27006): >>> FREQ: 101850 -> 101800 (MCU=10180, 101,80 MHz)
02-20 16:28:35.735 E/mcu_services( 5539): MCU2APP : [ff fe fd 12 01 b1 00 00 27 bf 23 aa 23 32 26 52 29 72 2a 26 22 56 e7 ff ]
02-20 16:28:35.737 D/TunerPresenter(12107): handleTunerRawData: b1 0 0 27 bf 23 aa 23 32 26 52 29 72 2a 26 22 56 
02-20 16:28:35.739 D/K706RadioManager(27006): IMcuListener.onTransact: code=1 flags=16
02-20 16:28:35.740 D/TunerManagerForExt(12107): FMRadio main (TunerManagerForExt.java:147) onTunerPresetListChanged:  - mBand: 0 - mPresetIndex: 0 - mFrequency: 10175 - index: 0 - preset: 9130 - index: 1 - preset: 9010 - index: 2 - preset: 9810 - index: 3 - preset: 10610 - index: 4 - preset: 10790 - index: 5 - preset: 8790
02-20 16:28:35.741 D/K706RadioManager(27006): >>> IMcuListener.onMcuInfoChanged received! data=B1 00 00 27 BF 23 AA 23 32 26 52 29 72 2A 26 22 56 
02-20 16:28:35.742 D/K706RadioManager(27006): MCU[0xB1] len=17 : B1 00 00 27 BF 23 AA 23 32 26 52 29 72 2A 26 22 56 
02-20 16:28:35.742 D/K706RadioManager(27006): PresetList: band=0 presetIdx=0 currentFreq=10175 firstFreq=10175 (offset=3)
02-20 16:28:35.742 D/K706RadioManager(27006): PresetList: band reportada=0 (ignorada, mCurrentBand=0)
02-20 16:28:35.742 D/K706RadioManager(27006): >>> FREQ: 101800 -> 101750 (MCU=10175, 101,75 MHz)
02-20 16:28:35.785 E/mcu_services( 5539): MCU2APP : [ff fe fd 12 01 b1 00 00 27 ba 23 aa 23 32 26 52 29 72 2a 26 22 56 e2 ff ]
02-20 16:28:35.787 D/TunerPresenter(12107): handleTunerRawData: b1 0 0 27 ba 23 aa 23 32 26 52 29 72 2a 26 22 56 
02-20 16:28:35.788 D/K706RadioManager(27006): IMcuListener.onTransact: code=1 flags=16
02-20 16:28:35.789 D/K706RadioManager(27006): >>> IMcuListener.onMcuInfoChanged received! data=B1 00 00 27 BA 23 AA 23 32 26 52 29 72 2A 26 22 56 
02-20 16:28:35.790 D/TunerManagerForExt(12107): FMRadio main (TunerManagerForExt.java:147) onTunerPresetListChanged:  - mBand: 0 - mPresetIndex: 0 - mFrequency: 10170 - index: 0 - preset: 9130 - index: 1 - preset: 9010 - index: 2 - preset: 9810 - index: 3 - preset: 10610 - index: 4 - preset: 10790 - index: 5 - preset: 8790
02-20 16:28:35.790 D/K706RadioManager(27006): MCU[0xB1] len=17 : B1 00 00 27 BA 23 AA 23 32 26 52 29 72 2A 26 22 56 
02-20 16:28:35.790 D/K706RadioManager(27006): PresetList: band=0 presetIdx=0 currentFreq=10170 firstFreq=10170 (offset=3)
02-20 16:28:35.790 D/K706RadioManager(27006): PresetList: band reportada=0 (ignorada, mCurrentBand=0)
02-20 16:28:35.791 D/K706RadioManager(27006): >>> FREQ: 101750 -> 101700 (MCU=10170, 101,70 MHz)
02-20 16:28:35.835 E/mcu_services( 5539): MCU2APP : [ff fe fd 12 01 b1 00 00 27 b5 23 aa 23 32 26 52 29 72 2a 26 22 56 ed ff ]
02-20 16:28:35.837 D/TunerPresenter(12107): handleTunerRawData: b1 0 0 27 b5 23 aa 23 32 26 52 29 72 2a 26 22 56 
02-20 16:28:35.839 D/K706RadioManager(27006): IMcuListener.onTransact: code=1 flags=16
02-20 16:28:35.840 D/TunerManagerForExt(12107): FMRadio main (TunerManagerForExt.java:147) onTunerPresetListChanged:  - mBand: 0 - mPresetIndex: 0 - mFrequency: 10165 - index: 0 - preset: 9130 - index: 1 - preset: 9010 - index: 2 - preset: 9810 - index: 3 - preset: 10610 - index: 4 - preset: 10790 - index: 5 - preset: 8790
02-20 16:28:35.840 D/K706RadioManager(27006): >>> IMcuListener.onMcuInfoChanged received! data=B1 00 00 27 B5 23 AA 23 32 26 52 29 72 2A 26 22 56 
02-20 16:28:35.841 D/K706RadioManager(27006): MCU[0xB1] len=17 : B1 00 00 27 B5 23 AA 23 32 26 52 29 72 2A 26 22 56 
02-20 16:28:35.841 D/K706RadioManager(27006): PresetList: band=0 presetIdx=0 currentFreq=10165 firstFreq=10165 (offset=3)
02-20 16:28:35.841 D/K706RadioManager(27006): PresetList: band reportada=0 (ignorada, mCurrentBand=0)
02-20 16:28:35.842 D/K706RadioManager(27006): >>> FREQ: 101700 -> 101650 (MCU=10165, 101,65 MHz)
02-20 16:28:35.885 E/mcu_services( 5539): MCU2APP : [ff fe fd 12 01 b1 00 00 27 b0 23 aa 23 32 26 52 29 72 2a 26 22 56 e8 ff ]
02-20 16:28:35.887 D/TunerPresenter(12107): handleTunerRawData: b1 0 0 27 b0 23 aa 23 32 26 52 29 72 2a 26 22 56 
02-20 16:28:35.888 D/K706RadioManager(27006): IMcuListener.onTransact: code=1 flags=16
02-20 16:28:35.889 D/K706RadioManager(27006): >>> IMcuListener.onMcuInfoChanged received! data=B1 00 00 27 B0 23 AA 23 32 26 52 29 72 2A 26 22 56 
02-20 16:28:35.890 D/TunerManagerForExt(12107): FMRadio main (TunerManagerForExt.java:147) onTunerPresetListChanged:  - mBand: 0 - mPresetIndex: 0 - mFrequency: 10160 - index: 0 - preset: 9130 - index: 1 - preset: 9010 - index: 2 - preset: 9810 - index: 3 - preset: 10610 - index: 4 - preset: 10790 - index: 5 - preset: 8790
02-20 16:28:35.891 D/K706RadioManager(27006): MCU[0xB1] len=17 : B1 00 00 27 B0 23 AA 23 32 26 52 29 72 2A 26 22 56 
02-20 16:28:35.891 D/K706RadioManager(27006): PresetList: band=0 presetIdx=0 currentFreq=10160 firstFreq=10160 (offset=3)
02-20 16:28:35.891 D/K706RadioManager(27006): PresetList: band reportada=0 (ignorada, mCurrentBand=0)
02-20 16:28:35.891 D/K706RadioManager(27006): >>> FREQ: 101650 -> 101600 (MCU=10160, 101,60 MHz)
02-20 16:28:36.332 E/mcu_services( 5539): MCU2APP : [ff fe fd 12 01 b1 00 00 27 ab 23 aa 23 32 26 52 29 72 2a 26 22 56 f3 ff ]
02-20 16:28:36.334 D/TunerPresenter(12107): handleTunerRawData: b1 0 0 27 ab 23 aa 23 32 26 52 29 72 2a 26 22 56 
02-20 16:28:36.335 D/TunerManagerForExt(12107): FMRadio main (TunerManagerForExt.java:147) onTunerPresetListChanged:  - mBand: 0 - mPresetIndex: 0 - mFrequency: 10155 - index: 0 - preset: 9130 - index: 1 - preset: 9010 - index: 2 - preset: 9810 - index: 3 - preset: 10610 - index: 4 - preset: 10790 - index: 5 - preset: 8790
02-20 16:28:36.335 D/K706RadioManager(27006): IMcuListener.onTransact: code=1 flags=16
02-20 16:28:36.336 D/K706RadioManager(27006): >>> IMcuListener.onMcuInfoChanged received! data=B1 00 00 27 AB 23 AA 23 32 26 52 29 72 2A 26 22 56 
02-20 16:28:36.337 D/K706RadioManager(27006): MCU[0xB1] len=17 : B1 00 00 27 AB 23 AA 23 32 26 52 29 72 2A 26 22 56 
02-20 16:28:36.338 D/K706RadioManager(27006): PresetList: band=0 presetIdx=0 currentFreq=10155 firstFreq=10155 (offset=3)
02-20 16:28:36.338 D/K706RadioManager(27006): PresetList: band reportada=0 (ignorada, mCurrentBand=0)
02-20 16:28:36.338 D/K706RadioManager(27006): >>> FREQ: 101600 -> 101550 (MCU=10155, 101,55 MHz)
02-20 16:28:36.382 E/mcu_services( 5539): MCU2APP : [ff fe fd 12 01 b1 00 00 27 a6 23 aa 23 32 26 52 29 72 2a 26 22 56 fe ff ]
02-20 16:28:36.383 D/TunerPresenter(12107): handleTunerRawData: b1 0 0 27 a6 23 aa 23 32 26 52 29 72 2a 26 22 56 
02-20 16:28:36.385 D/K706RadioManager(27006): IMcuListener.onTransact: code=1 flags=16
02-20 16:28:36.386 D/TunerManagerForExt(12107): FMRadio main (TunerManagerForExt.java:147) onTunerPresetListChanged:  - mBand: 0 - mPresetIndex: 0 - mFrequency: 10150 - index: 0 - preset: 9130 - index: 1 - preset: 9010 - index: 2 - preset: 9810 - index: 3 - preset: 10610 - index: 4 - preset: 10790 - index: 5 - preset: 8790
02-20 16:28:36.386 D/K706RadioManager(27006): >>> IMcuListener.onMcuInfoChanged received! data=B1 00 00 27 A6 23 AA 23 32 26 52 29 72 2A 26 22 56 
02-20 16:28:36.388 D/K706RadioManager(27006): MCU[0xB1] len=17 : B1 00 00 27 A6 23 AA 23 32 26 52 29 72 2A 26 22 56 
02-20 16:28:36.388 D/K706RadioManager(27006): PresetList: band=0 presetIdx=0 currentFreq=10150 firstFreq=10150 (offset=3)
02-20 16:28:36.388 D/K706RadioManager(27006): PresetList: band reportada=0 (ignorada, mCurrentBand=0)
02-20 16:28:36.388 D/K706RadioManager(27006): >>> FREQ: 101550 -> 101500 (MCU=10150, 101,50 MHz)
02-20 16:28:36.432 E/mcu_services( 5539): MCU2APP : [ff fe fd 12 01 b1 00 00 27 a1 23 aa 23 32 26 52 29 72 2a 26 22 56 f9 ff ]
02-20 16:28:36.433 D/TunerPresenter(12107): handleTunerRawData: b1 0 0 27 a1 23 aa 23 32 26 52 29 72 2a 26 22 56 
02-20 16:28:36.434 D/K706RadioManager(27006): IMcuListener.onTransact: code=1 flags=16
02-20 16:28:36.436 D/K706RadioManager(27006): >>> IMcuListener.onMcuInfoChanged received! data=B1 00 00 27 A1 23 AA 23 32 26 52 29 72 2A 26 22 56 
02-20 16:28:36.436 D/TunerManagerForExt(12107): FMRadio main (TunerManagerForExt.java:147) onTunerPresetListChanged:  - mBand: 0 - mPresetIndex: 0 - mFrequency: 10145 - index: 0 - preset: 9130 - index: 1 - preset: 9010 - index: 2 - preset: 9810 - index: 3 - preset: 10610 - index: 4 - preset: 10790 - index: 5 - preset: 8790
02-20 16:28:36.437 D/K706RadioManager(27006): MCU[0xB1] len=17 : B1 00 00 27 A1 23 AA 23 32 26 52 29 72 2A 26 22 56 
02-20 16:28:36.437 D/K706RadioManager(27006): PresetList: band=0 presetIdx=0 currentFreq=10145 firstFreq=10145 (offset=3)
02-20 16:28:36.437 D/K706RadioManager(27006): PresetList: band reportada=0 (ignorada, mCurrentBand=0)
02-20 16:28:36.437 D/K706RadioManager(27006): >>> FREQ: 101500 -> 101450 (MCU=10145, 101,45 MHz)
02-20 16:28:36.481 E/mcu_services( 5539): MCU2APP : [ff fe fd 12 01 b1 00 00 27 9c 23 aa 23 32 26 52 29 72 2a 26 22 56 c4 ff ]
02-20 16:28:36.482 D/TunerPresenter(12107): handleTunerRawData: b1 0 0 27 9c 23 aa 23 32 26 52 29 72 2a 26 22 56 
02-20 16:28:36.483 D/K706RadioManager(27006): IMcuListener.onTransact: code=1 flags=16
02-20 16:28:36.484 D/K706RadioManager(27006): >>> IMcuListener.onMcuInfoChanged received! data=B1 00 00 27 9C 23 AA 23 32 26 52 29 72 2A 26 22 56 
02-20 16:28:36.484 D/TunerManagerForExt(12107): FMRadio main (TunerManagerForExt.java:147) onTunerPresetListChanged:  - mBand: 0 - mPresetIndex: 0 - mFrequency: 10140 - index: 0 - preset: 9130 - index: 1 - preset: 9010 - index: 2 - preset: 9810 - index: 3 - preset: 10610 - index: 4 - preset: 10790 - index: 5 - preset: 8790
02-20 16:28:36.485 D/K706RadioManager(27006): MCU[0xB1] len=17 : B1 00 00 27 9C 23 AA 23 32 26 52 29 72 2A 26 22 56 
02-20 16:28:36.485 D/K706RadioManager(27006): PresetList: band=0 presetIdx=0 currentFreq=10140 firstFreq=10140 (offset=3)
02-20 16:28:36.485 D/K706RadioManager(27006): PresetList: band reportada=0 (ignorada, mCurrentBand=0)
02-20 16:28:36.485 D/K706RadioManager(27006): >>> FREQ: 101450 -> 101400 (MCU=10140, 101,40 MHz)
02-20 16:28:36.531 E/mcu_services( 5539): MCU2APP : [ff fe fd 12 01 b1 00 00 27 97 23 aa 23 32 26 52 29 72 2a 26 22 56 cf ff ]
02-20 16:28:36.533 D/TunerPresenter(12107): handleTunerRawData: b1 0 0 27 97 23 aa 23 32 26 52 29 72 2a 26 22 56 
02-20 16:28:36.535 D/K706RadioManager(27006): IMcuListener.onTransact: code=1 flags=16
02-20 16:28:36.536 D/TunerManagerForExt(12107): FMRadio main (TunerManagerForExt.java:147) onTunerPresetListChanged:  - mBand: 0 - mPresetIndex: 0 - mFrequency: 10135 - index: 0 - preset: 9130 - index: 1 - preset: 9010 - index: 2 - preset: 9810 - index: 3 - preset: 10610 - index: 4 - preset: 10790 - index: 5 - preset: 8790
02-20 16:28:36.537 D/K706RadioManager(27006): >>> IMcuListener.onMcuInfoChanged received! data=B1 00 00 27 97 23 AA 23 32 26 52 29 72 2A 26 22 56 
02-20 16:28:36.538 D/K706RadioManager(27006): MCU[0xB1] len=17 : B1 00 00 27 97 23 AA 23 32 26 52 29 72 2A 26 22 56 
02-20 16:28:36.538 D/K706RadioManager(27006): PresetList: band=0 presetIdx=0 currentFreq=10135 firstFreq=10135 (offset=3)
02-20 16:28:36.538 D/K706RadioManager(27006): PresetList: band reportada=0 (ignorada, mCurrentBand=0)
02-20 16:28:36.538 D/K706RadioManager(27006): >>> FREQ: 101400 -> 101350 (MCU=10135, 101,35 MHz)
02-20 16:28:36.581 E/mcu_services( 5539): MCU2APP : [ff fe fd 12 01 b1 00 00 27 92 23 aa 23 32 26 52 29 72 2a 26 22 56 ca ff ]
02-20 16:28:36.583 D/TunerPresenter(12107): handleTunerRawData: b1 0 0 27 92 23 aa 23 32 26 52 29 72 2a 26 22 56 
02-20 16:28:36.584 D/K706RadioManager(27006): IMcuListener.onTransact: code=1 flags=16
02-20 16:28:36.586 D/K706RadioManager(27006): >>> IMcuListener.onMcuInfoChanged received! data=B1 00 00 27 92 23 AA 23 32 26 52 29 72 2A 26 22 56 
02-20 16:28:36.586 D/TunerManagerForExt(12107): FMRadio main (TunerManagerForExt.java:147) onTunerPresetListChanged:  - mBand: 0 - mPresetIndex: 0 - mFrequency: 10130 - index: 0 - preset: 9130 - index: 1 - preset: 9010 - index: 2 - preset: 9810 - index: 3 - preset: 10610 - index: 4 - preset: 10790 - index: 5 - preset: 8790
02-20 16:28:36.587 D/K706RadioManager(27006): MCU[0xB1] len=17 : B1 00 00 27 92 23 AA 23 32 26 52 29 72 2A 26 22 56 
02-20 16:28:36.587 D/K706RadioManager(27006): PresetList: band=0 presetIdx=0 currentFreq=10130 firstFreq=10130 (offset=3)
02-20 16:28:36.587 D/K706RadioManager(27006): PresetList: band reportada=0 (ignorada, mCurrentBand=0)
02-20 16:28:36.588 D/K706RadioManager(27006): >>> FREQ: 101350 -> 101300 (MCU=10130, 101,30 MHz)
02-20 16:28:36.630 E/mcu_services( 5539): MCU2APP : [ff fe fd 12 01 b1 00 00 27 8d 23 aa 23 32 26 52 29 72 2a 26 22 56 d5 ff ]
02-20 16:28:36.631 D/TunerPresenter(12107): handleTunerRawData: b1 0 0 27 8d 23 aa 23 32 26 52 29 72 2a 26 22 56 
02-20 16:28:36.632 D/K706RadioManager(27006): IMcuListener.onTransact: code=1 flags=16
02-20 16:28:36.634 D/K706RadioManager(27006): >>> IMcuListener.onMcuInfoChanged received! data=B1 00 00 27 8D 23 AA 23 32 26 52 29 72 2A 26 22 56 
02-20 16:28:36.634 D/TunerManagerForExt(12107): FMRadio main (TunerManagerForExt.java:147) onTunerPresetListChanged:  - mBand: 0 - mPresetIndex: 0 - mFrequency: 10125 - index: 0 - preset: 9130 - index: 1 - preset: 9010 - index: 2 - preset: 9810 - index: 3 - preset: 10610 - index: 4 - preset: 10790 - index: 5 - preset: 8790
02-20 16:28:36.635 D/K706RadioManager(27006): MCU[0xB1] len=17 : B1 00 00 27 8D 23 AA 23 32 26 52 29 72 2A 26 22 56 
02-20 16:28:36.635 D/K706RadioManager(27006): PresetList: band=0 presetIdx=0 currentFreq=10125 firstFreq=10125 (offset=3)
02-20 16:28:36.635 D/K706RadioManager(27006): PresetList: band reportada=0 (ignorada, mCurrentBand=0)
02-20 16:28:36.635 D/K706RadioManager(27006): >>> FREQ: 101300 -> 101250 (MCU=10125, 101,25 MHz)
02-20 16:28:36.680 E/mcu_services( 5539): MCU2APP : [ff fe fd 12 01 b1 00 00 27 88 23 aa 23 32 26 52 29 72 2a 26 22 56 d0 ff ]
02-20 16:28:36.682 D/TunerPresenter(12107): handleTunerRawData: b1 0 0 27 88 23 aa 23 32 26 52 29 72 2a 26 22 56 
02-20 16:28:36.683 D/K706RadioManager(27006): IMcuListener.onTransact: code=1 flags=16
02-20 16:28:36.684 D/K706RadioManager(27006): >>> IMcuListener.onMcuInfoChanged received! data=B1 00 00 27 88 23 AA 23 32 26 52 29 72 2A 26 22 56 
02-20 16:28:36.685 D/TunerManagerForExt(12107): FMRadio main (TunerManagerForExt.java:147) onTunerPresetListChanged:  - mBand: 0 - mPresetIndex: 0 - mFrequency: 10120 - index: 0 - preset: 9130 - index: 1 - preset: 9010 - index: 2 - preset: 9810 - index: 3 - preset: 10610 - index: 4 - preset: 10790 - index: 5 - preset: 8790
02-20 16:28:36.686 D/K706RadioManager(27006): MCU[0xB1] len=17 : B1 00 00 27 88 23 AA 23 32 26 52 29 72 2A 26 22 56 
02-20 16:28:36.686 D/K706RadioManager(27006): PresetList: band=0 presetIdx=0 currentFreq=10120 firstFreq=10120 (offset=3)
02-20 16:28:36.686 D/K706RadioManager(27006): PresetList: band reportada=0 (ignorada, mCurrentBand=0)
02-20 16:28:36.686 D/K706RadioManager(27006): >>> FREQ: 101250 -> 101200 (MCU=10120, 101,20 MHz)
02-20 16:28:36.730 E/mcu_services( 5539): MCU2APP : [ff fe fd 12 01 b1 00 00 27 83 23 aa 23 32 26 52 29 72 2a 26 22 56 db ff ]
02-20 16:28:36.732 D/TunerPresenter(12107): handleTunerRawData: b1 0 0 27 83 23 aa 23 32 26 52 29 72 2a 26 22 56 
02-20 16:28:36.734 D/K706RadioManager(27006): IMcuListener.onTransact: code=1 flags=16
02-20 16:28:36.735 D/K706RadioManager(27006): >>> IMcuListener.onMcuInfoChanged received! data=B1 00 00 27 83 23 AA 23 32 26 52 29 72 2A 26 22 56 
02-20 16:28:36.735 D/TunerManagerForExt(12107): FMRadio main (TunerManagerForExt.java:147) onTunerPresetListChanged:  - mBand: 0 - mPresetIndex: 0 - mFrequency: 10115 - index: 0 - preset: 9130 - index: 1 - preset: 9010 - index: 2 - preset: 9810 - index: 3 - preset: 10610 - index: 4 - preset: 10790 - index: 5 - preset: 8790
02-20 16:28:36.736 D/K706RadioManager(27006): MCU[0xB1] len=17 : B1 00 00 27 83 23 AA 23 32 26 52 29 72 2A 26 22 56 
02-20 16:28:36.736 D/K706RadioManager(27006): PresetList: band=0 presetIdx=0 currentFreq=10115 firstFreq=10115 (offset=3)
02-20 16:28:36.737 D/K706RadioManager(27006): PresetList: band reportada=0 (ignorada, mCurrentBand=0)
02-20 16:28:36.737 D/K706RadioManager(27006): >>> FREQ: 101200 -> 101150 (MCU=10115, 101,15 MHz)
02-20 16:28:36.780 E/mcu_services( 5539): MCU2APP : [ff fe fd 12 01 b1 00 00 27 7e 23 aa 23 32 26 52 29 72 2a 26 22 56 26 ff ]
02-20 16:28:36.781 D/TunerPresenter(12107): handleTunerRawData: b1 0 0 27 7e 23 aa 23 32 26 52 29 72 2a 26 22 56 
02-20 16:28:36.783 D/K706RadioManager(27006): IMcuListener.onTransact: code=1 flags=16
02-20 16:28:36.784 D/TunerManagerForExt(12107): FMRadio main (TunerManagerForExt.java:147) onTunerPresetListChanged:  - mBand: 0 - mPresetIndex: 0 - mFrequency: 10110 - index: 0 - preset: 9130 - index: 1 - preset: 9010 - index: 2 - preset: 9810 - index: 3 - preset: 10610 - index: 4 - preset: 10790 - index: 5 - preset: 8790
02-20 16:28:36.785 D/K706RadioManager(27006): >>> IMcuListener.onMcuInfoChanged received! data=B1 00 00 27 7E 23 AA 23 32 26 52 29 72 2A 26 22 56 
02-20 16:28:36.786 D/K706RadioManager(27006): MCU[0xB1] len=17 : B1 00 00 27 7E 23 AA 23 32 26 52 29 72 2A 26 22 56 
02-20 16:28:36.786 D/K706RadioManager(27006): PresetList: band=0 presetIdx=0 currentFreq=10110 firstFreq=10110 (offset=3)
02-20 16:28:36.786 D/K706RadioManager(27006): PresetList: band reportada=0 (ignorada, mCurrentBand=0)
02-20 16:28:36.786 D/K706RadioManager(27006): >>> FREQ: 101150 -> 101100 (MCU=10110, 101,10 MHz)
02-20 16:28:36.829 E/mcu_services( 5539): MCU2APP : [ff fe fd 12 01 b1 00 00 27 79 23 aa 23 32 26 52 29 72 2a 26 22 56 21 ff ]
02-20 16:28:36.831 D/TunerPresenter(12107): handleTunerRawData: b1 0 0 27 79 23 aa 23 32 26 52 29 72 2a 26 22 56 
02-20 16:28:36.833 D/K706RadioManager(27006): IMcuListener.onTransact: code=1 flags=16
02-20 16:28:36.834 D/TunerManagerForExt(12107): FMRadio main (TunerManagerForExt.java:147) onTunerPresetListChanged:  - mBand: 0 - mPresetIndex: 0 - mFrequency: 10105 - index: 0 - preset: 9130 - index: 1 - preset: 9010 - index: 2 - preset: 9810 - index: 3 - preset: 10610 - index: 4 - preset: 10790 - index: 5 - preset: 8790
02-20 16:28:36.835 D/K706RadioManager(27006): >>> IMcuListener.onMcuInfoChanged received! data=B1 00 00 27 79 23 AA 23 32 26 52 29 72 2A 26 22 56 
02-20 16:28:36.836 D/K706RadioManager(27006): MCU[0xB1] len=17 : B1 00 00 27 79 23 AA 23 32 26 52 29 72 2A 26 22 56 
02-20 16:28:36.836 D/K706RadioManager(27006): PresetList: band=0 presetIdx=0 currentFreq=10105 firstFreq=10105 (offset=3)
02-20 16:28:36.836 D/K706RadioManager(27006): PresetList: band reportada=0 (ignorada, mCurrentBand=0)
02-20 16:28:36.836 D/K706RadioManager(27006): >>> FREQ: 101100 -> 101050 (MCU=10105, 101,05 MHz)
02-20 16:28:36.879 E/mcu_services( 5539): MCU2APP : [ff fe fd 12 01 b1 00 00 27 74 23 aa 23 32 26 52 29 72 2a 26 22 56 2c ff ]
02-20 16:28:36.881 D/TunerPresenter(12107): handleTunerRawData: b1 0 0 27 74 23 aa 23 32 26 52 29 72 2a 26 22 56 
02-20 16:28:36.884 D/K706RadioManager(27006): IMcuListener.onTransact: code=1 flags=16
02-20 16:28:36.884 D/TunerManagerForExt(12107): FMRadio main (TunerManagerForExt.java:147) onTunerPresetListChanged:  - mBand: 0 - mPresetIndex: 0 - mFrequency: 10100 - index: 0 - preset: 9130 - index: 1 - preset: 9010 - index: 2 - preset: 9810 - index: 3 - preset: 10610 - index: 4 - preset: 10790 - index: 5 - preset: 8790
02-20 16:28:36.886 D/K706RadioManager(27006): >>> IMcuListener.onMcuInfoChanged received! data=B1 00 00 27 74 23 AA 23 32 26 52 29 72 2A 26 22 56 
02-20 16:28:36.887 D/K706RadioManager(27006): MCU[0xB1] len=17 : B1 00 00 27 74 23 AA 23 32 26 52 29 72 2A 26 22 56 
02-20 16:28:36.887 D/K706RadioManager(27006): PresetList: band=0 presetIdx=0 currentFreq=10100 firstFreq=10100 (offset=3)
02-20 16:28:36.887 D/K706RadioManager(27006): PresetList: band reportada=0 (ignorada, mCurrentBand=0)
02-20 16:28:36.887 D/K706RadioManager(27006): >>> FREQ: 101050 -> 101000 (MCU=10100, 101,00 MHz)
02-20 16:28:36.929 E/mcu_services( 5539): MCU2APP : [ff fe fd 12 01 b1 00 00 27 6f 23 aa 23 32 26 52 29 72 2a 26 22 56 37 ff ]
02-20 16:28:36.930 D/TunerPresenter(12107): handleTunerRawData: b1 0 0 27 6f 23 aa 23 32 26 52 29 72 2a 26 22 56 
02-20 16:28:36.932 D/K706RadioManager(27006): IMcuListener.onTransact: code=1 flags=16
02-20 16:28:36.933 D/TunerManagerForExt(12107): FMRadio main (TunerManagerForExt.java:147) onTunerPresetListChanged:  - mBand: 0 - mPresetIndex: 0 - mFrequency: 10095 - index: 0 - preset: 9130 - index: 1 - preset: 9010 - index: 2 - preset: 9810 - index: 3 - preset: 10610 - index: 4 - preset: 10790 - index: 5 - preset: 8790
02-20 16:28:36.934 D/K706RadioManager(27006): >>> IMcuListener.onMcuInfoChanged received! data=B1 00 00 27 6F 23 AA 23 32 26 52 29 72 2A 26 22 56 
02-20 16:28:36.935 D/K706RadioManager(27006): MCU[0xB1] len=17 : B1 00 00 27 6F 23 AA 23 32 26 52 29 72 2A 26 22 56 
02-20 16:28:36.935 D/K706RadioManager(27006): PresetList: band=0 presetIdx=0 currentFreq=10095 firstFreq=10095 (offset=3)
02-20 16:28:36.935 D/K706RadioManager(27006): PresetList: band reportada=0 (ignorada, mCurrentBand=0)
02-20 16:28:36.935 D/K706RadioManager(27006): >>> FREQ: 101000 -> 100950 (MCU=10095, 100,95 MHz)
02-20 16:28:36.978 E/mcu_services( 5539): MCU2APP : [ff fe fd 12 01 b1 00 00 27 6a 23 aa 23 32 26 52 29 72 2a 26 22 56 32 ff ]
02-20 16:28:36.979 D/TunerPresenter(12107): handleTunerRawData: b1 0 0 27 6a 23 aa 23 32 26 52 29 72 2a 26 22 56 
02-20 16:28:36.981 D/K706RadioManager(27006): IMcuListener.onTransact: code=1 flags=16
02-20 16:28:36.982 D/TunerManagerForExt(12107): FMRadio main (TunerManagerForExt.java:147) onTunerPresetListChanged:  - mBand: 0 - mPresetIndex: 0 - mFrequency: 10090 - index: 0 - preset: 9130 - index: 1 - preset: 9010 - index: 2 - preset: 9810 - index: 3 - preset: 10610 - index: 4 - preset: 10790 - index: 5 - preset: 8790
02-20 16:28:36.983 D/K706RadioManager(27006): >>> IMcuListener.onMcuInfoChanged received! data=B1 00 00 27 6A 23 AA 23 32 26 52 29 72 2A 26 22 56 
02-20 16:28:36.984 D/K706RadioManager(27006): MCU[0xB1] len=17 : B1 00 00 27 6A 23 AA 23 32 26 52 29 72 2A 26 22 56 
02-20 16:28:36.984 D/K706RadioManager(27006): PresetList: band=0 presetIdx=0 currentFreq=10090 firstFreq=10090 (offset=3)
02-20 16:28:36.984 D/K706RadioManager(27006): PresetList: band reportada=0 (ignorada, mCurrentBand=0)
02-20 16:28:36.984 D/K706RadioManager(27006): >>> FREQ: 100950 -> 100900 (MCU=10090, 100,90 MHz)
02-20 16:28:37.028 E/mcu_services( 5539): MCU2APP : [ff fe fd 12 01 b1 00 00 27 65 23 aa 23 32 26 52 29 72 2a 26 22 56 3d ff ]
02-20 16:28:37.030 D/TunerPresenter(12107): handleTunerRawData: b1 0 0 27 65 23 aa 23 32 26 52 29 72 2a 26 22 56 
02-20 16:28:37.032 D/K706RadioManager(27006): IMcuListener.onTransact: code=1 flags=16
02-20 16:28:37.035 D/TunerManagerForExt(12107): FMRadio main (TunerManagerForExt.java:147) onTunerPresetListChanged:  - mBand: 0 - mPresetIndex: 0 - mFrequency: 10085 - index: 0 - preset: 9130 - index: 1 - preset: 9010 - index: 2 - preset: 9810 - index: 3 - preset: 10610 - index: 4 - preset: 10790 - index: 5 - preset: 8790
02-20 16:28:37.035 D/K706RadioManager(27006): >>> IMcuListener.onMcuInfoChanged received! data=B1 00 00 27 65 23 AA 23 32 26 52 29 72 2A 26 22 56 
02-20 16:28:37.036 D/K706RadioManager(27006): MCU[0xB1] len=17 : B1 00 00 27 65 23 AA 23 32 26 52 29 72 2A 26 22 56 
02-20 16:28:37.036 D/K706RadioManager(27006): PresetList: band=0 presetIdx=0 currentFreq=10085 firstFreq=10085 (offset=3)
02-20 16:28:37.036 D/K706RadioManager(27006): PresetList: band reportada=0 (ignorada, mCurrentBand=0)
02-20 16:28:37.036 D/K706RadioManager(27006): >>> FREQ: 100900 -> 100850 (MCU=10085, 100,85 MHz)
02-20 16:28:37.078 E/mcu_services( 5539): MCU2APP : [ff fe fd 12 01 b1 00 00 27 60 23 aa 23 32 26 52 29 72 2a 26 22 56 38 ff ]
02-20 16:28:37.079 D/TunerPresenter(12107): handleTunerRawData: b1 0 0 27 60 23 aa 23 32 26 52 29 72 2a 26 22 56 
02-20 16:28:37.081 D/K706RadioManager(27006): IMcuListener.onTransact: code=1 flags=16
02-20 16:28:37.082 D/TunerManagerForExt(12107): FMRadio main (TunerManagerForExt.java:147) onTunerPresetListChanged:  - mBand: 0 - mPresetIndex: 0 - mFrequency: 10080 - index: 0 - preset: 9130 - index: 1 - preset: 9010 - index: 2 - preset: 9810 - index: 3 - preset: 10610 - index: 4 - preset: 10790 - index: 5 - preset: 8790
02-20 16:28:37.083 D/K706RadioManager(27006): >>> IMcuListener.onMcuInfoChanged received! data=B1 00 00 27 60 23 AA 23 32 26 52 29 72 2A 26 22 56 
02-20 16:28:37.084 D/K706RadioManager(27006): MCU[0xB1] len=17 : B1 00 00 27 60 23 AA 23 32 26 52 29 72 2A 26 22 56 
02-20 16:28:37.084 D/K706RadioManager(27006): PresetList: band=0 presetIdx=0 currentFreq=10080 firstFreq=10080 (offset=3)
02-20 16:28:37.084 D/K706RadioManager(27006): PresetList: band reportada=0 (ignorada, mCurrentBand=0)
02-20 16:28:37.085 D/K706RadioManager(27006): >>> FREQ: 100850 -> 100800 (MCU=10080, 100,80 MHz)
02-20 16:28:37.404 E/mcu_services( 5539): MCU2APP : [ff fe fd 03 01 29 6d 45 ff ]
02-20 16:28:37.407 D/K706RadioManager(27006): IMcuListener.onTransact: code=1 flags=16
02-20 16:28:37.408 D/K706RadioManager(27006): >>> IMcuListener.onMcuInfoChanged received! data=29 6D 
02-20 16:28:37.408 D/K706RadioManager(27006): MCU[0x29] len=2 : 29 6D 
02-20 16:28:37.408 D/K706RadioManager(27006): Unknown MCU packet type: 0x29
02-20 16:28:37.525 E/mcu_services( 5539): MCU2APP : [ff fe fd 12 01 b1 00 00 27 5b 23 aa 23 32 26 52 29 72 2a 26 22 56 03 ff ]
02-20 16:28:37.527 D/TunerPresenter(12107): handleTunerRawData: b1 0 0 27 5b 23 aa 23 32 26 52 29 72 2a 26 22 56 
02-20 16:28:37.527 D/TunerManagerForExt(12107): FMRadio main (TunerManagerForExt.java:147) onTunerPresetListChanged:  - mBand: 0 - mPresetIndex: 0 - mFrequency: 10075 - index: 0 - preset: 9130 - index: 1 - preset: 9010 - index: 2 - preset: 9810 - index: 3 - preset: 10610 - index: 4 - preset: 10790 - index: 5 - preset: 8790
02-20 16:28:37.528 D/K706RadioManager(27006): IMcuListener.onTransact: code=1 flags=16
02-20 16:28:37.530 D/K706RadioManager(27006): >>> IMcuListener.onMcuInfoChanged received! data=B1 00 00 27 5B 23 AA 23 32 26 52 29 72 2A 26 22 56 
02-20 16:28:37.531 D/K706RadioManager(27006): MCU[0xB1] len=17 : B1 00 00 27 5B 23 AA 23 32 26 52 29 72 2A 26 22 56 
02-20 16:28:37.531 D/K706RadioManager(27006): PresetList: band=0 presetIdx=0 currentFreq=10075 firstFreq=10075 (offset=3)
02-20 16:28:37.531 D/K706RadioManager(27006): PresetList: band reportada=0 (ignorada, mCurrentBand=0)
02-20 16:28:37.531 D/K706RadioManager(27006): >>> FREQ: 100800 -> 100750 (MCU=10075, 100,75 MHz)
02-20 16:28:37.539 E/mcu_services( 5539): APP2MCU - writeToUartNormal : [ff fd fe 05 01 a0 00 27 56 d0 ff ]
02-20 16:28:37.540 D/K706RadioManager(27006): CMD Enviado: sub=0x00 p1=0x27 p2=0x56
02-20 16:28:37.540 D/K706RadioManager(27006): gotoFreq: input=100700 mcuFreq=10070 (h=0x27 l=0x56)
02-20 16:28:37.545 E/mcu_services( 5539): MCU2APP : [ff fe fd 12 01 b1 00 00 27 5b 23 aa 23 32 26 52 29 72 2a 26 22 56 03 ff ]
02-20 16:28:37.546 D/TunerPresenter(12107): handleTunerRawData: b1 0 0 27 5b 23 aa 23 32 26 52 29 72 2a 26 22 56 
02-20 16:28:37.548 D/K706RadioManager(27006): IMcuListener.onTransact: code=1 flags=16
02-20 16:28:37.549 D/TunerManagerForExt(12107): FMRadio main (TunerManagerForExt.java:147) onTunerPresetListChanged:  - mBand: 0 - mPresetIndex: 0 - mFrequency: 10075 - index: 0 - preset: 9130 - index: 1 - preset: 9010 - index: 2 - preset: 9810 - index: 3 - preset: 10610 - index: 4 - preset: 10790 - index: 5 - preset: 8790
02-20 16:28:37.550 D/K706RadioManager(27006): >>> IMcuListener.onMcuInfoChanged received! data=B1 00 00 27 5B 23 AA 23 32 26 52 29 72 2A 26 22 56 
02-20 16:28:37.551 D/K706RadioManager(27006): MCU[0xB1] len=17 : B1 00 00 27 5B 23 AA 23 32 26 52 29 72 2A 26 22 56 
02-20 16:28:37.551 D/K706RadioManager(27006): PresetList: band=0 presetIdx=0 currentFreq=10075 firstFreq=10075 (offset=3)
02-20 16:28:37.551 D/K706RadioManager(27006): PresetList: band reportada=0 (ignorada, mCurrentBand=0)
02-20 16:28:37.551 D/K706RadioManager(27006): >>> FREQ: 100700 -> 100750 (MCU=10075, 100,75 MHz)
02-20 16:28:37.665 E/mcu_services( 5539): MCU2APP : [ff fe fd 03 01 b0 20 91 ff ]
02-20 16:28:37.666 D/TunerPresenter(12107): handleTunerRawData: b0 20 
02-20 16:28:37.666 D/TunerManagerForExt(12107): FMRadio main (TunerManagerForExt.java:108) onTunerInfoChanged: onTunerInfoChanged - flag: 32 - asFlag: 0 - psFlag: 0 - scanFlag: 0 - seekFlag: 0 - mStFlag: 0 - mLocFlag: 1 - mIsSearching: true - mTempSearching: false
02-20 16:28:37.666 D/TunerManagerForExt(12107): FMRadio main (TunerManagerForExt.java:118) onTunerInfoChanged: mIsSearching: false - mTempSearching: false - asFlag: 0 - seekFlag: 0
02-20 16:28:37.668 D/K706RadioManager(27006): IMcuListener.onTransact: code=1 flags=16
02-20 16:28:37.668 D/K706RadioManager(27006): >>> IMcuListener.onMcuInfoChanged received! data=B0 20 
02-20 16:28:37.669 D/K706RadioManager(27006): MCU[0xB0] len=2 : B0 20 
02-20 16:28:37.669 D/K706RadioManager(27006): TunerInfo: flags=0x20 save=false AS=false finish=false valid=true ST=false LOC=false seek=false scan=false
02-20 16:28:37.746 E/mcu_services( 5539): APP2MCU - writeToUartNormal : [ff fd fe 05 01 a0 00 27 56 d0 ff ]
02-20 16:28:37.747 D/K706RadioManager(27006): CMD Enviado: sub=0x00 p1=0x27 p2=0x56
02-20 16:28:37.747 D/K706RadioManager(27006): gotoFreq: input=100700 mcuFreq=10070 (h=0x27 l=0x56)
02-20 16:28:37.764 E/mcu_services( 5539): MCU2APP : [ff fe fd 12 01 b1 00 00 27 56 23 aa 23 32 26 52 29 72 2a 26 22 56 0e ff ]
02-20 16:28:37.764 E/mcu_services( 5539): MCU2APP : [ff fe fd 03 01 b0 20 91 ff ]
02-20 16:28:37.765 D/TunerPresenter(12107): handleTunerRawData: b1 0 0 27 56 23 aa 23 32 26 52 29 72 2a 26 22 56 
02-20 16:28:37.765 D/TunerManagerForExt(12107): FMRadio main (TunerManagerForExt.java:147) onTunerPresetListChanged:  - mBand: 0 - mPresetIndex: 0 - mFrequency: 10070 - index: 0 - preset: 9130 - index: 1 - preset: 9010 - index: 2 - preset: 9810 - index: 3 - preset: 10610 - index: 4 - preset: 10790 - index: 5 - preset: 8790
02-20 16:28:37.766 D/K706RadioManager(27006): IMcuListener.onTransact: code=1 flags=16
02-20 16:28:37.768 D/K706RadioManager(27006): >>> IMcuListener.onMcuInfoChanged received! data=B1 00 00 27 56 23 AA 23 32 26 52 29 72 2A 26 22 56 
02-20 16:28:37.769 D/K706RadioManager(27006): MCU[0xB1] len=17 : B1 00 00 27 56 23 AA 23 32 26 52 29 72 2A 26 22 56 
02-20 16:28:37.769 D/K706RadioManager(27006): PresetList: band=0 presetIdx=0 currentFreq=10070 firstFreq=10070 (offset=3)
02-20 16:28:37.769 D/K706RadioManager(27006): PresetList: band reportada=0 (ignorada, mCurrentBand=0)
02-20 16:28:37.773 D/K706RadioManager(27006): IMcuListener.onTransact: code=1 flags=16
02-20 16:28:37.773 D/K706RadioManager(27006): >>> IMcuListener.onMcuInfoChanged received! data=B0 20 
02-20 16:28:37.774 D/K706RadioManager(27006): MCU[0xB0] len=2 : B0 20 
02-20 16:28:37.774 D/K706RadioManager(27006): TunerInfo: flags=0x20 save=false AS=false finish=false valid=true ST=false LOC=false seek=false scan=false
02-20 16:28:37.779 D/TunerPresenter(12107): handleTunerRawData: b0 20 
02-20 16:28:37.779 D/TunerManagerForExt(12107): FMRadio main (TunerManagerForExt.java:108) onTunerInfoChanged: onTunerInfoChanged - flag: 32 - asFlag: 0 - psFlag: 0 - scanFlag: 0 - seekFlag: 0 - mStFlag: 0 - mLocFlag: 1 - mIsSearching: false - mTempSearching: false
02-20 16:28:37.780 D/TunerManagerForExt(12107): FMRadio main (TunerManagerForExt.java:118) onTunerInfoChanged: mIsSearching: false - mTempSearching: false - asFlag: 0 - seekFlag: 0
02-20 16:28:38.181 E/mcu_services( 5539): APP2MCU - writeToUartNormal : [ff fd fe 05 01 a0 00 27 51 d7 ff ]
02-20 16:28:38.182 D/K706RadioManager(27006): CMD Enviado: sub=0x00 p1=0x27 p2=0x51
02-20 16:28:38.182 D/K706RadioManager(27006): gotoFreq: input=100650 mcuFreq=10065 (h=0x27 l=0x51)
02-20 16:28:38.245 E/mcu_services( 5539): MCU2APP : [ff fe fd 03 01 b0 20 91 ff ]
02-20 16:28:38.247 D/TunerPresenter(12107): handleTunerRawData: b0 20 
02-20 16:28:38.247 D/TunerManagerForExt(12107): FMRadio main (TunerManagerForExt.java:108) onTunerInfoChanged: onTunerInfoChanged - flag: 32 - asFlag: 0 - psFlag: 0 - scanFlag: 0 - seekFlag: 0 - mStFlag: 0 - mLocFlag: 1 - mIsSearching: false - mTempSearching: false
02-20 16:28:38.247 D/TunerManagerForExt(12107): FMRadio main (TunerManagerForExt.java:118) onTunerInfoChanged: mIsSearching: false - mTempSearching: false - asFlag: 0 - seekFlag: 0
02-20 16:28:38.249 D/K706RadioManager(27006): IMcuListener.onTransact: code=1 flags=16
02-20 16:28:38.250 D/K706RadioManager(27006): >>> IMcuListener.onMcuInfoChanged received! data=B0 20 
02-20 16:28:38.250 D/K706RadioManager(27006): MCU[0xB0] len=2 : B0 20 
02-20 16:28:38.250 D/K706RadioManager(27006): TunerInfo: flags=0x20 save=false AS=false finish=false valid=true ST=false LOC=false seek=false scan=false
02-20 16:28:38.370 E/mcu_services( 5539): MCU2APP : [ff fe fd 12 01 b1 00 00 27 51 23 aa 23 32 26 52 29 72 2a 26 22 56 09 ff ]
02-20 16:28:38.372 D/TunerPresenter(12107): handleTunerRawData: b1 0 0 27 51 23 aa 23 32 26 52 29 72 2a 26 22 56 
02-20 16:28:38.373 D/TunerManagerForExt(12107): FMRadio main (TunerManagerForExt.java:147) onTunerPresetListChanged:  - mBand: 0 - mPresetIndex: 0 - mFrequency: 10065 - index: 0 - preset: 9130 - index: 1 - preset: 9010 - index: 2 - preset: 9810 - index: 3 - preset: 10610 - index: 4 - preset: 10790 - index: 5 - preset: 8790
02-20 16:28:38.374 D/K706RadioManager(27006): IMcuListener.onTransact: code=1 flags=16
02-20 16:28:38.376 D/K706RadioManager(27006): >>> IMcuListener.onMcuInfoChanged received! data=B1 00 00 27 51 23 AA 23 32 26 52 29 72 2A 26 22 56 
02-20 16:28:38.378 D/K706RadioManager(27006): MCU[0xB1] len=17 : B1 00 00 27 51 23 AA 23 32 26 52 29 72 2A 26 22 56 
02-20 16:28:38.378 D/K706RadioManager(27006): PresetList: band=0 presetIdx=0 currentFreq=10065 firstFreq=10065 (offset=3)
02-20 16:28:38.378 D/K706RadioManager(27006): PresetList: band reportada=0 (ignorada, mCurrentBand=0)
02-20 16:28:39.662 E/mcu_services( 5539): MCU2APP : [ff fe fd 03 01 29 6d 45 ff ]
02-20 16:28:39.666 D/K706RadioManager(27006): IMcuListener.onTransact: code=1 flags=16
02-20 16:28:39.666 D/K706RadioManager(27006): >>> IMcuListener.onMcuInfoChanged received! data=29 6D 
02-20 16:28:39.667 D/K706RadioManager(27006): MCU[0x29] len=2 : 29 6D 
02-20 16:28:39.667 D/K706RadioManager(27006): Unknown MCU packet type: 0x29
02-20 16:28:41.644 E/mcu_services( 5539): APP2MCU - writeToUartNormal : [ff fd fe 05 01 a0 00 25 da 5e ff ]
02-20 16:28:41.646 D/K706RadioManager(27006): CMD Enviado: sub=0x00 p1=0x25 p2=0xDA
02-20 16:28:41.646 D/K706RadioManager(27006): gotoFreq: input=96900 mcuFreq=9690 (h=0x25 l=0xDA)
02-20 16:28:41.650 E/mcu_services( 5539): MCU2APP : [ff fe fd 03 01 29 6d 45 ff ]
02-20 16:28:41.654 D/K706RadioManager(27006): IMcuListener.onTransact: code=1 flags=16
02-20 16:28:41.655 D/K706RadioManager(27006): >>> IMcuListener.onMcuInfoChanged received! data=29 6D 
02-20 16:28:41.656 D/K706RadioManager(27006): MCU[0x29] len=2 : 29 6D 
02-20 16:28:41.656 D/K706RadioManager(27006): Unknown MCU packet type: 0x29
02-20 16:28:41.707 E/mcu_services( 5539): MCU2APP : [ff fe fd 03 01 b0 20 91 ff ]
02-20 16:28:41.707 D/TunerPresenter(12107): handleTunerRawData: b0 20 
02-20 16:28:41.708 D/TunerManagerForExt(12107): FMRadio main (TunerManagerForExt.java:108) onTunerInfoChanged: onTunerInfoChanged - flag: 32 - asFlag: 0 - psFlag: 0 - scanFlag: 0 - seekFlag: 0 - mStFlag: 0 - mLocFlag: 1 - mIsSearching: false - mTempSearching: false
02-20 16:28:41.708 D/TunerManagerForExt(12107): FMRadio main (TunerManagerForExt.java:118) onTunerInfoChanged: mIsSearching: false - mTempSearching: false - asFlag: 0 - seekFlag: 0
02-20 16:28:41.709 D/K706RadioManager(27006): IMcuListener.onTransact: code=1 flags=16
02-20 16:28:41.709 D/K706RadioManager(27006): >>> IMcuListener.onMcuInfoChanged received! data=B0 20 
02-20 16:28:41.709 D/K706RadioManager(27006): MCU[0xB0] len=2 : B0 20 
02-20 16:28:41.710 D/K706RadioManager(27006): TunerInfo: flags=0x20 save=false AS=false finish=false valid=true ST=false LOC=false seek=false scan=false
02-20 16:28:41.773 E/mcu_services( 5539): MCU2APP : [ff fe fd 12 01 b1 00 00 25 da 23 aa 23 32 26 52 29 72 2a 26 22 56 80 ff ]
02-20 16:28:41.774 D/TunerPresenter(12107): handleTunerRawData: b1 0 0 25 da 23 aa 23 32 26 52 29 72 2a 26 22 56 
02-20 16:28:41.775 D/TunerManagerForExt(12107): FMRadio main (TunerManagerForExt.java:147) onTunerPresetListChanged:  - mBand: 0 - mPresetIndex: 0 - mFrequency: 9690 - index: 0 - preset: 9130 - index: 1 - preset: 9010 - index: 2 - preset: 9810 - index: 3 - preset: 10610 - index: 4 - preset: 10790 - index: 5 - preset: 8790
02-20 16:28:41.777 D/K706RadioManager(27006): IMcuListener.onTransact: code=1 flags=16
02-20 16:28:41.779 D/K706RadioManager(27006): >>> IMcuListener.onMcuInfoChanged received! data=B1 00 00 25 DA 23 AA 23 32 26 52 29 72 2A 26 22 56 
02-20 16:28:41.780 D/K706RadioManager(27006): MCU[0xB1] len=17 : B1 00 00 25 DA 23 AA 23 32 26 52 29 72 2A 26 22 56 
02-20 16:28:41.780 D/K706RadioManager(27006): PresetList: band=0 presetIdx=0 currentFreq=9690 firstFreq=9690 (offset=3)
02-20 16:28:41.780 D/K706RadioManager(27006): PresetList: band reportada=0 (ignorada, mCurrentBand=0)
02-20 16:28:41.860 E/mcu_services( 5539): MCU2APP : [ff fe fd 03 01 b0 30 81 ff ]
02-20 16:28:41.861 D/TunerPresenter(12107): handleTunerRawData: b0 30 
02-20 16:28:41.861 D/TunerManagerForExt(12107): FMRadio main (TunerManagerForExt.java:108) onTunerInfoChanged: onTunerInfoChanged - flag: 48 - asFlag: 0 - psFlag: 0 - scanFlag: 0 - seekFlag: 0 - mStFlag: 1 - mLocFlag: 1 - mIsSearching: false - mTempSearching: false
02-20 16:28:41.861 D/TunerManagerForExt(12107): FMRadio main (TunerManagerForExt.java:118) onTunerInfoChanged: mIsSearching: false - mTempSearching: false - asFlag: 0 - seekFlag: 0
02-20 16:28:41.863 D/K706RadioManager(27006): IMcuListener.onTransact: code=1 flags=16
02-20 16:28:41.863 D/K706RadioManager(27006): >>> IMcuListener.onMcuInfoChanged received! data=B0 30 
02-20 16:28:41.864 D/K706RadioManager(27006): MCU[0xB0] len=2 : B0 30 
02-20 16:28:41.864 D/K706RadioManager(27006): TunerInfo: flags=0x30 save=false AS=false finish=true valid=true ST=false LOC=false seek=false scan=false
02-20 16:28:42.081 E/mcu_services( 5539): MCU2APP : [ff fe fd 03 01 b4 05 b0 ff ]
02-20 16:28:42.081 E/mcu_services( 5539): MCU2APP : [ff fe fd 04 01 b5 01 0a bf ff ]
02-20 16:28:42.081 E/mcu_services( 5539): sendAckSuccess : [ff fd fe 02 02 b4 b6 ff ]
02-20 16:28:42.081 E/mcu_services( 5539): APP2MCU - writeToUart: [ff fd fe 02 02 b4 b6 ff ]
02-20 16:28:42.081 E/mcu_services( 5539): sendAckSuccess : [ff fd fe 02 02 b5 b7 ff ]
02-20 16:28:42.082 E/mcu_services( 5539): APP2MCU - writeToUart: [ff fd fe 02 02 b5 b7 ff ]
02-20 16:28:42.082 D/TunerPresenter(12107): handleTunerRawData: b4 5 
02-20 16:28:42.082 D/TunerManagerForExt(12107): FMRadio main (TunerManagerForExt.java:195) onTuneRdsIndicateInfo: onTuneRdsIndicateInfo - flag: 5 - mRdsSwitch: 1
02-20 16:28:42.084 D/K706RadioManager(27006): IMcuListener.onTransact: code=1 flags=16
02-20 16:28:42.084 D/K706RadioManager(27006): >>> IMcuListener.onMcuInfoChanged received! data=B4 05 
02-20 16:28:42.085 D/K706RadioManager(27006): MCU[0xB4] len=2 : B4 05 
02-20 16:28:42.085 D/K706RadioManager(27006): RDS B4 Flags: 0x05
02-20 16:28:42.088 D/TunerPresenter(12107): handleTunerRawData: b5 1 a 
02-20 16:28:42.088 D/TunerManagerForExt(12107): FMRadio main (TunerManagerForExt.java:220) onTuneRdsPtyTypeInfo: onTuneRdsPtyTypeInfo - mRdsPtyType: 1
02-20 16:28:42.089 D/K706RadioManager(27006): IMcuListener.onTransact: code=1 flags=16
02-20 16:28:42.090 D/K706RadioManager(27006): >>> IMcuListener.onMcuInfoChanged received! data=B5 01 0A 
02-20 16:28:42.090 D/K706RadioManager(27006): MCU[0xB5] len=3 : B5 01 0A 
02-20 16:28:42.091 D/K706RadioManager(27006): RDS PTY (0xB5): 1 (raw=B5 01 0A )
02-20 16:28:43.749 E/mcu_services( 5539): MCU2APP : [ff fe fd 03 01 29 6d 45 ff ]
02-20 16:28:43.752 D/K706RadioManager(27006): IMcuListener.onTransact: code=1 flags=16
02-20 16:28:43.753 D/K706RadioManager(27006): >>> IMcuListener.onMcuInfoChanged received! data=29 6D 
02-20 16:28:43.754 D/K706RadioManager(27006): MCU[0x29] len=2 : 29 6D 
02-20 16:28:43.754 D/K706RadioManager(27006): Unknown MCU packet type: 0x29
02-20 16:28:44.866 E/mcu_services( 5539): MCU2APP : [ff fe fd 0a 01 b6 20 4c 4f 53 34 30 20 20 c3 ff ]
02-20 16:28:44.866 E/mcu_services( 5539): sendAckSuccess : [ff fd fe 02 02 b6 b4 ff ]
02-20 16:28:44.867 E/mcu_services( 5539): APP2MCU - writeToUart: [ff fd fe 02 02 b6 b4 ff ]
02-20 16:28:44.868 D/TunerPresenter(12107): handleTunerRawData: b6 20 4c 4f 53 34 30 20 20 
02-20 16:28:44.868 D/TunerManagerForExt(12107): FMRadio main (TunerManagerForExt.java:234) onTuneRdsPSInfo: onTuneRdsPSInfo - len: 9 - data: b6 20 4c 4f 53 34 30 20 20 
02-20 16:28:44.869 D/TunerManagerForExt(12107): FMRadio main (TunerManagerForExt.java:258) onTuneRdsPSInfo: onTuneRdsPSInfo - mRdsPsInfo:  LOS40  
02-20 16:28:44.869 D/K706RadioManager(27006): IMcuListener.onTransact: code=1 flags=16
02-20 16:28:44.870 D/K706RadioManager(27006): >>> IMcuListener.onMcuInfoChanged received! data=B6 20 4C 4F 53 34 30 20 20 
02-20 16:28:44.871 D/K706RadioManager(27006): MCU[0xB6] len=9 : B6 20 4C 4F 53 34 30 20 20 
02-20 16:28:44.872 D/K706RadioManager(27006): RDS PS: 'LOS40'
02-20 16:28:45.738 E/mcu_services( 5539): MCU2APP : [ff fe fd 03 01 29 6d 45 ff ]
02-20 16:28:45.741 D/K706RadioManager(27006): IMcuListener.onTransact: code=1 flags=16
02-20 16:28:45.742 D/K706RadioManager(27006): >>> IMcuListener.onMcuInfoChanged received! data=29 6D 
02-20 16:28:45.743 D/K706RadioManager(27006): MCU[0x29] len=2 : 29 6D 
02-20 16:28:45.743 D/K706RadioManager(27006): Unknown MCU packet type: 0x29
02-20 16:28:47.061 E/mcu_services( 5539): APP2MCU - writeToUartNormal : [ff fd fe 05 01 a0 08 00 00 a9 ff ]
02-20 16:28:47.062 D/K706RadioManager(27006): CMD Enviado: sub=0x08 p1=0x00 p2=0x00
02-20 16:28:47.062 D/K706RadioManager(27006): AutoScan fallback sendCmd (0x08)
02-20 16:28:47.131 E/mcu_services( 5539): MCU2APP : [ff fe fd 12 01 b1 00 00 22 2e 00 00 00 00 00 00 00 00 00 00 00 00 bc ff ]
02-20 16:28:47.131 E/mcu_services( 5539): MCU2APP : [ff fe fd 03 01 b0 31 80 ff ]
02-20 16:28:47.132 D/TunerPresenter(12107): handleTunerRawData: b1 0 0 22 2e 0 0 0 0 0 0 0 0 0 0 0 0 
02-20 16:28:47.133 D/TunerManagerForExt(12107): FMRadio main (TunerManagerForExt.java:147) onTunerPresetListChanged:  - mBand: 0 - mPresetIndex: 0 - mFrequency: 8750 - index: 0 - preset: 0 - index: 1 - preset: 0 - index: 2 - preset: 0 - index: 3 - preset: 0 - index: 4 - preset: 0 - index: 5 - preset: 0
02-20 16:28:47.136 D/K706RadioManager(27006): IMcuListener.onTransact: code=1 flags=16
02-20 16:28:47.138 D/K706RadioManager(27006): >>> IMcuListener.onMcuInfoChanged received! data=B1 00 00 22 2E 00 00 00 00 00 00 00 00 00 00 00 00 
02-20 16:28:47.139 D/K706RadioManager(27006): MCU[0xB1] len=17 : B1 00 00 22 2E 00 00 00 00 00 00 00 00 00 00 00 00 
02-20 16:28:47.139 D/K706RadioManager(27006): PresetList: band=0 presetIdx=0 currentFreq=8750 firstFreq=8750 (offset=3)
02-20 16:28:47.139 D/K706RadioManager(27006): PresetList: band reportada=0 (ignorada, mCurrentBand=0)
02-20 16:28:47.139 D/K706RadioManager(27006): >>> FREQ: 96900 -> 87500 (MCU=8750, 87,50 MHz)
02-20 16:28:47.141 D/K706RadioManager(27006): IMcuListener.onTransact: code=1 flags=16
02-20 16:28:47.142 D/K706RadioManager(27006): >>> IMcuListener.onMcuInfoChanged received! data=B0 31 
02-20 16:28:47.142 D/K706RadioManager(27006): MCU[0xB0] len=2 : B0 31 
02-20 16:28:47.143 D/K706RadioManager(27006): TunerInfo: flags=0x31 save=true AS=false finish=true valid=true ST=false LOC=false seek=false scan=false
02-20 16:28:47.154 D/TunerPresenter(12107): handleTunerRawData: b0 31 
02-20 16:28:47.155 D/TunerManagerForExt(12107): FMRadio main (TunerManagerForExt.java:108) onTunerInfoChanged: onTunerInfoChanged - flag: 49 - asFlag: 1 - psFlag: 0 - scanFlag: 0 - seekFlag: 0 - mStFlag: 1 - mLocFlag: 1 - mIsSearching: false - mTempSearching: false
02-20 16:28:47.155 D/TunerManagerForExt(12107): FMRadio main (TunerManagerForExt.java:118) onTunerInfoChanged: mIsSearching: true - mTempSearching: true - asFlag: 1 - seekFlag: 0
02-20 16:28:47.172 E/mcu_services( 5539): MCU2APP : [ff fe fd 12 01 b1 00 00 22 33 00 00 00 00 00 00 00 00 00 00 00 00 a1 ff ]
02-20 16:28:47.174 D/TunerPresenter(12107): handleTunerRawData: b1 0 0 22 33 0 0 0 0 0 0 0 0 0 0 0 0 
02-20 16:28:47.175 D/K706RadioManager(27006): IMcuListener.onTransact: code=1 flags=16
02-20 16:28:47.177 D/K706RadioManager(27006): >>> IMcuListener.onMcuInfoChanged received! data=B1 00 00 22 33 00 00 00 00 00 00 00 00 00 00 00 00 
02-20 16:28:47.177 D/TunerManagerForExt(12107): FMRadio main (TunerManagerForExt.java:147) onTunerPresetListChanged:  - mBand: 0 - mPresetIndex: 0 - mFrequency: 8755 - index: 0 - preset: 0 - index: 1 - preset: 0 - index: 2 - preset: 0 - index: 3 - preset: 0 - index: 4 - preset: 0 - index: 5 - preset: 0
02-20 16:28:47.179 D/K706RadioManager(27006): MCU[0xB1] len=17 : B1 00 00 22 33 00 00 00 00 00 00 00 00 00 00 00 00 
02-20 16:28:47.179 D/K706RadioManager(27006): PresetList: band=0 presetIdx=0 currentFreq=8755 firstFreq=8755 (offset=3)
02-20 16:28:47.179 D/K706RadioManager(27006): PresetList: band reportada=0 (ignorada, mCurrentBand=0)
02-20 16:28:47.179 D/K706RadioManager(27006): >>> FREQ: 87500 -> 87550 (MCU=8755, 87,55 MHz)
02-20 16:28:47.222 E/mcu_services( 5539): MCU2APP : [ff fe fd 12 01 b1 00 00 22 38 00 00 00 00 00 00 00 00 00 00 00 00 aa ff ]
02-20 16:28:47.224 D/TunerPresenter(12107): handleTunerRawData: b1 0 0 22 38 0 0 0 0 0 0 0 0 0 0 0 0 
02-20 16:28:47.225 D/K706RadioManager(27006): IMcuListener.onTransact: code=1 flags=16
02-20 16:28:47.227 D/TunerManagerForExt(12107): FMRadio main (TunerManagerForExt.java:147) onTunerPresetListChanged:  - mBand: 0 - mPresetIndex: 0 - mFrequency: 8760 - index: 0 - preset: 0 - index: 1 - preset: 0 - index: 2 - preset: 0 - index: 3 - preset: 0 - index: 4 - preset: 0 - index: 5 - preset: 0
02-20 16:28:47.227 D/K706RadioManager(27006): >>> IMcuListener.onMcuInfoChanged received! data=B1 00 00 22 38 00 00 00 00 00 00 00 00 00 00 00 00 
02-20 16:28:47.228 D/K706RadioManager(27006): MCU[0xB1] len=17 : B1 00 00 22 38 00 00 00 00 00 00 00 00 00 00 00 00 
02-20 16:28:47.228 D/K706RadioManager(27006): PresetList: band=0 presetIdx=0 currentFreq=8760 firstFreq=8760 (offset=3)
02-20 16:28:47.228 D/K706RadioManager(27006): PresetList: band reportada=0 (ignorada, mCurrentBand=0)
02-20 16:28:47.228 D/K706RadioManager(27006): >>> FREQ: 87550 -> 87600 (MCU=8760, 87,60 MHz)
02-20 16:28:47.669 E/mcu_services( 5539): MCU2APP : [ff fe fd 12 01 b1 00 00 22 3d 00 00 00 00 00 00 00 00 00 00 00 00 af ff ]
02-20 16:28:47.671 D/TunerPresenter(12107): handleTunerRawData: b1 0 0 22 3d 0 0 0 0 0 0 0 0 0 0 0 0 
02-20 16:28:47.671 D/TunerManagerForExt(12107): FMRadio main (TunerManagerForExt.java:147) onTunerPresetListChanged:  - mBand: 0 - mPresetIndex: 0 - mFrequency: 8765 - index: 0 - preset: 0 - index: 1 - preset: 0 - index: 2 - preset: 0 - index: 3 - preset: 0 - index: 4 - preset: 0 - index: 5 - preset: 0
02-20 16:28:47.672 D/K706RadioManager(27006): IMcuListener.onTransact: code=1 flags=16
02-20 16:28:47.673 D/K706RadioManager(27006): >>> IMcuListener.onMcuInfoChanged received! data=B1 00 00 22 3D 00 00 00 00 00 00 00 00 00 00 00 00 
02-20 16:28:47.674 D/K706RadioManager(27006): MCU[0xB1] len=17 : B1 00 00 22 3D 00 00 00 00 00 00 00 00 00 00 00 00 
02-20 16:28:47.674 D/K706RadioManager(27006): PresetList: band=0 presetIdx=0 currentFreq=8765 firstFreq=8765 (offset=3)
02-20 16:28:47.674 D/K706RadioManager(27006): PresetList: band reportada=0 (ignorada, mCurrentBand=0)
02-20 16:28:47.674 D/K706RadioManager(27006): >>> FREQ: 87600 -> 87650 (MCU=8765, 87,65 MHz)
02-20 16:28:47.719 E/mcu_services( 5539): MCU2APP : [ff fe fd 12 01 b1 00 00 22 42 00 00 00 00 00 00 00 00 00 00 00 00 d0 ff ]
02-20 16:28:47.720 D/TunerPresenter(12107): handleTunerRawData: b1 0 0 22 42 0 0 0 0 0 0 0 0 0 0 0 0 
02-20 16:28:47.722 D/K706RadioManager(27006): IMcuListener.onTransact: code=1 flags=16
02-20 16:28:47.723 D/TunerManagerForExt(12107): FMRadio main (TunerManagerForExt.java:147) onTunerPresetListChanged:  - mBand: 0 - mPresetIndex: 0 - mFrequency: 8770 - index: 0 - preset: 0 - index: 1 - preset: 0 - index: 2 - preset: 0 - index: 3 - preset: 0 - index: 4 - preset: 0 - index: 5 - preset: 0
02-20 16:28:47.723 D/K706RadioManager(27006): >>> IMcuListener.onMcuInfoChanged received! data=B1 00 00 22 42 00 00 00 00 00 00 00 00 00 00 00 00 
02-20 16:28:47.724 D/K706RadioManager(27006): MCU[0xB1] len=17 : B1 00 00 22 42 00 00 00 00 00 00 00 00 00 00 00 00 
02-20 16:28:47.724 D/K706RadioManager(27006): PresetList: band=0 presetIdx=0 currentFreq=8770 firstFreq=8770 (offset=3)
02-20 16:28:47.724 D/K706RadioManager(27006): PresetList: band reportada=0 (ignorada, mCurrentBand=0)
02-20 16:28:47.724 D/K706RadioManager(27006): >>> FREQ: 87650 -> 87700 (MCU=8770, 87,70 MHz)
02-20 16:28:47.769 E/mcu_services( 5539): MCU2APP : [ff fe fd 03 01 29 6d 45 ff ]
02-20 16:28:47.769 E/mcu_services( 5539): MCU2APP : [ff fe fd 12 01 b1 00 00 22 47 00 00 00 00 00 00 00 00 00 00 00 00 d5 ff ]
02-20 16:28:47.771 D/K706RadioManager(27006): IMcuListener.onTransact: code=1 flags=16
02-20 16:28:47.772 D/K706RadioManager(27006): >>> IMcuListener.onMcuInfoChanged received! data=29 6D 
02-20 16:28:47.772 D/K706RadioManager(27006): MCU[0x29] len=2 : 29 6D 
02-20 16:28:47.772 D/K706RadioManager(27006): Unknown MCU packet type: 0x29
02-20 16:28:47.775 D/TunerPresenter(12107): handleTunerRawData: b1 0 0 22 47 0 0 0 0 0 0 0 0 0 0 0 0 
02-20 16:28:47.776 D/K706RadioManager(27006): IMcuListener.onTransact: code=1 flags=16
02-20 16:28:47.778 D/K706RadioManager(27006): >>> IMcuListener.onMcuInfoChanged received! data=B1 00 00 22 47 00 00 00 00 00 00 00 00 00 00 00 00 
02-20 16:28:47.778 D/TunerManagerForExt(12107): FMRadio main (TunerManagerForExt.java:147) onTunerPresetListChanged:  - mBand: 0 - mPresetIndex: 0 - mFrequency: 8775 - index: 0 - preset: 0 - index: 1 - preset: 0 - index: 2 - preset: 0 - index: 3 - preset: 0 - index: 4 - preset: 0 - index: 5 - preset: 0
02-20 16:28:47.779 D/K706RadioManager(27006): MCU[0xB1] len=17 : B1 00 00 22 47 00 00 00 00 00 00 00 00 00 00 00 00 
02-20 16:28:47.779 D/K706RadioManager(27006): PresetList: band=0 presetIdx=0 currentFreq=8775 firstFreq=8775 (offset=3)
02-20 16:28:47.779 D/K706RadioManager(27006): PresetList: band reportada=0 (ignorada, mCurrentBand=0)
02-20 16:28:47.779 D/K706RadioManager(27006): >>> FREQ: 87700 -> 87750 (MCU=8775, 87,75 MHz)
02-20 16:28:47.818 E/mcu_services( 5539): MCU2APP : [ff fe fd 12 01 b1 00 00 22 4c 00 00 00 00 00 00 00 00 00 00 00 00 de ff ]
02-20 16:28:47.819 D/TunerPresenter(12107): handleTunerRawData: b1 0 0 22 4c 0 0 0 0 0 0 0 0 0 0 0 0 
02-20 16:28:47.821 D/K706RadioManager(27006): IMcuListener.onTransact: code=1 flags=16
02-20 16:28:47.822 D/TunerManagerForExt(12107): FMRadio main (TunerManagerForExt.java:147) onTunerPresetListChanged:  - mBand: 0 - mPresetIndex: 0 - mFrequency: 8780 - index: 0 - preset: 0 - index: 1 - preset: 0 - index: 2 - preset: 0 - index: 3 - preset: 0 - index: 4 - preset: 0 - index: 5 - preset: 0
02-20 16:28:47.823 D/K706RadioManager(27006): >>> IMcuListener.onMcuInfoChanged received! data=B1 00 00 22 4C 00 00 00 00 00 00 00 00 00 00 00 00 
02-20 16:28:47.824 D/K706RadioManager(27006): MCU[0xB1] len=17 : B1 00 00 22 4C 00 00 00 00 00 00 00 00 00 00 00 00 
02-20 16:28:47.824 D/K706RadioManager(27006): PresetList: band=0 presetIdx=0 currentFreq=8780 firstFreq=8780 (offset=3)
02-20 16:28:47.824 D/K706RadioManager(27006): PresetList: band reportada=0 (ignorada, mCurrentBand=0)
02-20 16:28:47.824 D/K706RadioManager(27006): >>> FREQ: 87750 -> 87800 (MCU=8780, 87,80 MHz)
02-20 16:28:47.868 E/mcu_services( 5539): MCU2APP : [ff fe fd 12 01 b1 00 00 22 51 00 00 00 00 00 00 00 00 00 00 00 00 c3 ff ]
02-20 16:28:47.870 D/TunerPresenter(12107): handleTunerRawData: b1 0 0 22 51 0 0 0 0 0 0 0 0 0 0 0 0 
02-20 16:28:47.872 D/K706RadioManager(27006): IMcuListener.onTransact: code=1 flags=16
02-20 16:28:47.873 D/K706RadioManager(27006): >>> IMcuListener.onMcuInfoChanged received! data=B1 00 00 22 51 00 00 00 00 00 00 00 00 00 00 00 00 
02-20 16:28:47.874 D/TunerManagerForExt(12107): FMRadio main (TunerManagerForExt.java:147) onTunerPresetListChanged:  - mBand: 0 - mPresetIndex: 0 - mFrequency: 8785 - index: 0 - preset: 0 - index: 1 - preset: 0 - index: 2 - preset: 0 - index: 3 - preset: 0 - index: 4 - preset: 0 - index: 5 - preset: 0
02-20 16:28:47.874 D/K706RadioManager(27006): MCU[0xB1] len=17 : B1 00 00 22 51 00 00 00 00 00 00 00 00 00 00 00 00 
02-20 16:28:47.874 D/K706RadioManager(27006): PresetList: band=0 presetIdx=0 currentFreq=8785 firstFreq=8785 (offset=3)
02-20 16:28:47.874 D/K706RadioManager(27006): PresetList: band reportada=0 (ignorada, mCurrentBand=0)
02-20 16:28:47.874 D/K706RadioManager(27006): >>> FREQ: 87800 -> 87850 (MCU=8785, 87,85 MHz)
02-20 16:28:47.918 E/mcu_services( 5539): MCU2APP : [ff fe fd 12 01 b1 00 00 22 56 00 00 00 00 00 00 00 00 00 00 00 00 c4 ff ]
02-20 16:28:47.920 D/TunerPresenter(12107): handleTunerRawData: b1 0 0 22 56 0 0 0 0 0 0 0 0 0 0 0 0 
02-20 16:28:47.921 D/K706RadioManager(27006): IMcuListener.onTransact: code=1 flags=16
02-20 16:28:47.922 D/K706RadioManager(27006): >>> IMcuListener.onMcuInfoChanged received! data=B1 00 00 22 56 00 00 00 00 00 00 00 00 00 00 00 00 
02-20 16:28:47.922 D/TunerManagerForExt(12107): FMRadio main (TunerManagerForExt.java:147) onTunerPresetListChanged:  - mBand: 0 - mPresetIndex: 0 - mFrequency: 8790 - index: 0 - preset: 0 - index: 1 - preset: 0 - index: 2 - preset: 0 - index: 3 - preset: 0 - index: 4 - preset: 0 - index: 5 - preset: 0
02-20 16:28:47.923 D/K706RadioManager(27006): MCU[0xB1] len=17 : B1 00 00 22 56 00 00 00 00 00 00 00 00 00 00 00 00 
02-20 16:28:47.923 D/K706RadioManager(27006): PresetList: band=0 presetIdx=0 currentFreq=8790 firstFreq=8790 (offset=3)
02-20 16:28:47.923 D/K706RadioManager(27006): PresetList: band reportada=0 (ignorada, mCurrentBand=0)
02-20 16:28:47.923 D/K706RadioManager(27006): >>> FREQ: 87850 -> 87900 (MCU=8790, 87,90 MHz)
02-20 16:28:47.968 E/mcu_services( 5539): MCU2APP : [ff fe fd 12 01 b1 00 00 22 5b 00 00 00 00 00 00 00 00 00 00 00 00 c9 ff ]
02-20 16:28:47.969 D/TunerPresenter(12107): handleTunerRawData: b1 0 0 22 5b 0 0 0 0 0 0 0 0 0 0 0 0 
02-20 16:28:47.970 D/K706RadioManager(27006): IMcuListener.onTransact: code=1 flags=16
02-20 16:28:47.972 D/TunerManagerForExt(12107): FMRadio main (TunerManagerForExt.java:147) onTunerPresetListChanged:  - mBand: 0 - mPresetIndex: 0 - mFrequency: 8795 - index: 0 - preset: 0 - index: 1 - preset: 0 - index: 2 - preset: 0 - index: 3 - preset: 0 - index: 4 - preset: 0 - index: 5 - preset: 0
02-20 16:28:47.972 D/K706RadioManager(27006): >>> IMcuListener.onMcuInfoChanged received! data=B1 00 00 22 5B 00 00 00 00 00 00 00 00 00 00 00 00 
02-20 16:28:47.973 D/K706RadioManager(27006): MCU[0xB1] len=17 : B1 00 00 22 5B 00 00 00 00 00 00 00 00 00 00 00 00 
02-20 16:28:47.973 D/K706RadioManager(27006): PresetList: band=0 presetIdx=0 currentFreq=8795 firstFreq=8795 (offset=3)
02-20 16:28:47.973 D/K706RadioManager(27006): PresetList: band reportada=0 (ignorada, mCurrentBand=0)
02-20 16:28:47.974 D/K706RadioManager(27006): >>> FREQ: 87900 -> 87950 (MCU=8795, 87,95 MHz)
02-20 16:28:48.017 E/mcu_services( 5539): MCU2APP : [ff fe fd 12 01 b1 00 00 22 60 00 00 00 00 00 00 00 00 00 00 00 00 f2 ff ]
02-20 16:28:48.018 D/TunerPresenter(12107): handleTunerRawData: b1 0 0 22 60 0 0 0 0 0 0 0 0 0 0 0 0 
02-20 16:28:48.019 D/K706RadioManager(27006): IMcuListener.onTransact: code=1 flags=16
02-20 16:28:48.021 D/K706RadioManager(27006): >>> IMcuListener.onMcuInfoChanged received! data=B1 00 00 22 60 00 00 00 00 00 00 00 00 00 00 00 00 
02-20 16:28:48.021 D/TunerManagerForExt(12107): FMRadio main (TunerManagerForExt.java:147) onTunerPresetListChanged:  - mBand: 0 - mPresetIndex: 0 - mFrequency: 8800 - index: 0 - preset: 0 - index: 1 - preset: 0 - index: 2 - preset: 0 - index: 3 - preset: 0 - index: 4 - preset: 0 - index: 5 - preset: 0
02-20 16:28:48.022 D/K706RadioManager(27006): MCU[0xB1] len=17 : B1 00 00 22 60 00 00 00 00 00 00 00 00 00 00 00 00 
02-20 16:28:48.022 D/K706RadioManager(27006): PresetList: band=0 presetIdx=0 currentFreq=8800 firstFreq=8800 (offset=3)
02-20 16:28:48.022 D/K706RadioManager(27006): PresetList: band reportada=0 (ignorada, mCurrentBand=0)
02-20 16:28:48.022 D/K706RadioManager(27006): >>> FREQ: 87950 -> 88000 (MCU=8800, 88,00 MHz)
02-20 16:28:48.067 E/mcu_services( 5539): MCU2APP : [ff fe fd 12 01 b1 00 00 22 65 00 00 00 00 00 00 00 00 00 00 00 00 f7 ff ]
02-20 16:28:48.069 D/TunerPresenter(12107): handleTunerRawData: b1 0 0 22 65 0 0 0 0 0 0 0 0 0 0 0 0 
02-20 16:28:48.070 D/K706RadioManager(27006): IMcuListener.onTransact: code=1 flags=16
02-20 16:28:48.071 D/K706RadioManager(27006): >>> IMcuListener.onMcuInfoChanged received! data=B1 00 00 22 65 00 00 00 00 00 00 00 00 00 00 00 00 
02-20 16:28:48.072 D/TunerManagerForExt(12107): FMRadio main (TunerManagerForExt.java:147) onTunerPresetListChanged:  - mBand: 0 - mPresetIndex: 0 - mFrequency: 8805 - index: 0 - preset: 0 - index: 1 - preset: 0 - index: 2 - preset: 0 - index: 3 - preset: 0 - index: 4 - preset: 0 - index: 5 - preset: 0
02-20 16:28:48.072 D/K706RadioManager(27006): MCU[0xB1] len=17 : B1 00 00 22 65 00 00 00 00 00 00 00 00 00 00 00 00 
02-20 16:28:48.072 D/K706RadioManager(27006): PresetList: band=0 presetIdx=0 currentFreq=8805 firstFreq=8805 (offset=3)
02-20 16:28:48.072 D/K706RadioManager(27006): PresetList: band reportada=0 (ignorada, mCurrentBand=0)
02-20 16:28:48.073 D/K706RadioManager(27006): >>> FREQ: 88000 -> 88050 (MCU=8805, 88,05 MHz)
02-20 16:28:48.117 E/mcu_services( 5539): MCU2APP : [ff fe fd 12 01 b1 00 00 22 6a 00 00 00 00 00 00 00 00 00 00 00 00 f8 ff ]
02-20 16:28:48.119 D/TunerPresenter(12107): handleTunerRawData: b1 0 0 22 6a 0 0 0 0 0 0 0 0 0 0 0 0 
02-20 16:28:48.120 D/K706RadioManager(27006): IMcuListener.onTransact: code=1 flags=16
02-20 16:28:48.121 D/TunerManagerForExt(12107): FMRadio main (TunerManagerForExt.java:147) onTunerPresetListChanged:  - mBand: 0 - mPresetIndex: 0 - mFrequency: 8810 - index: 0 - preset: 0 - index: 1 - preset: 0 - index: 2 - preset: 0 - index: 3 - preset: 0 - index: 4 - preset: 0 - index: 5 - preset: 0
02-20 16:28:48.122 D/K706RadioManager(27006): >>> IMcuListener.onMcuInfoChanged received! data=B1 00 00 22 6A 00 00 00 00 00 00 00 00 00 00 00 00 
02-20 16:28:48.123 D/K706RadioManager(27006): MCU[0xB1] len=17 : B1 00 00 22 6A 00 00 00 00 00 00 00 00 00 00 00 00 
02-20 16:28:48.123 D/K706RadioManager(27006): PresetList: band=0 presetIdx=0 currentFreq=8810 firstFreq=8810 (offset=3)
02-20 16:28:48.123 D/K706RadioManager(27006): PresetList: band reportada=0 (ignorada, mCurrentBand=0)
02-20 16:28:48.123 D/K706RadioManager(27006): >>> FREQ: 88050 -> 88100 (MCU=8810, 88,10 MHz)
02-20 16:28:48.166 E/mcu_services( 5539): MCU2APP : [ff fe fd 12 01 b1 00 00 22 6f 00 00 00 00 00 00 00 00 00 00 00 00 fd ff ]
02-20 16:28:48.167 D/TunerPresenter(12107): handleTunerRawData: b1 0 0 22 6f 0 0 0 0 0 0 0 0 0 0 0 0 
02-20 16:28:48.169 D/K706RadioManager(27006): IMcuListener.onTransact: code=1 flags=16
02-20 16:28:48.170 D/TunerManagerForExt(12107): FMRadio main (TunerManagerForExt.java:147) onTunerPresetListChanged:  - mBand: 0 - mPresetIndex: 0 - mFrequency: 8815 - index: 0 - preset: 0 - index: 1 - preset: 0 - index: 2 - preset: 0 - index: 3 - preset: 0 - index: 4 - preset: 0 - index: 5 - preset: 0
02-20 16:28:48.170 D/K706RadioManager(27006): >>> IMcuListener.onMcuInfoChanged received! data=B1 00 00 22 6F 00 00 00 00 00 00 00 00 00 00 00 00 
02-20 16:28:48.172 D/K706RadioManager(27006): MCU[0xB1] len=17 : B1 00 00 22 6F 00 00 00 00 00 00 00 00 00 00 00 00 
02-20 16:28:48.172 D/K706RadioManager(27006): PresetList: band=0 presetIdx=0 currentFreq=8815 firstFreq=8815 (offset=3)
02-20 16:28:48.172 D/K706RadioManager(27006): PresetList: band reportada=0 (ignorada, mCurrentBand=0)
02-20 16:28:48.172 D/K706RadioManager(27006): >>> FREQ: 88100 -> 88150 (MCU=8815, 88,15 MHz)
02-20 16:28:48.216 E/mcu_services( 5539): MCU2APP : [ff fe fd 12 01 b1 00 00 22 74 00 00 00 00 00 00 00 00 00 00 00 00 e6 ff ]
02-20 16:28:48.218 D/TunerPresenter(12107): handleTunerRawData: b1 0 0 22 74 0 0 0 0 0 0 0 0 0 0 0 0 
02-20 16:28:48.219 D/K706RadioManager(27006): IMcuListener.onTransact: code=1 flags=16
02-20 16:28:48.220 D/K706RadioManager(27006): >>> IMcuListener.onMcuInfoChanged received! data=B1 00 00 22 74 00 00 00 00 00 00 00 00 00 00 00 00 
02-20 16:28:48.221 D/TunerManagerForExt(12107): FMRadio main (TunerManagerForExt.java:147) onTunerPresetListChanged:  - mBand: 0 - mPresetIndex: 0 - mFrequency: 8820 - index: 0 - preset: 0 - index: 1 - preset: 0 - index: 2 - preset: 0 - index: 3 - preset: 0 - index: 4 - preset: 0 - index: 5 - preset: 0
02-20 16:28:48.222 D/K706RadioManager(27006): MCU[0xB1] len=17 : B1 00 00 22 74 00 00 00 00 00 00 00 00 00 00 00 00 
02-20 16:28:48.222 D/K706RadioManager(27006): PresetList: band=0 presetIdx=0 currentFreq=8820 firstFreq=8820 (offset=3)
02-20 16:28:48.222 D/K706RadioManager(27006): PresetList: band reportada=0 (ignorada, mCurrentBand=0)
02-20 16:28:48.222 D/K706RadioManager(27006): >>> FREQ: 88150 -> 88200 (MCU=8820, 88,20 MHz)
02-20 16:28:48.266 E/mcu_services( 5539): MCU2APP : [ff fe fd 12 01 b1 00 00 22 79 00 00 00 00 00 00 00 00 00 00 00 00 eb ff ]
02-20 16:28:48.268 D/TunerPresenter(12107): handleTunerRawData: b1 0 0 22 79 0 0 0 0 0 0 0 0 0 0 0 0 
02-20 16:28:48.270 D/K706RadioManager(27006): IMcuListener.onTransact: code=1 flags=16
02-20 16:28:48.271 D/TunerManagerForExt(12107): FMRadio main (TunerManagerForExt.java:147) onTunerPresetListChanged:  - mBand: 0 - mPresetIndex: 0 - mFrequency: 8825 - index: 0 - preset: 0 - index: 1 - preset: 0 - index: 2 - preset: 0 - index: 3 - preset: 0 - index: 4 - preset: 0 - index: 5 - preset: 0
02-20 16:28:48.271 D/K706RadioManager(27006): >>> IMcuListener.onMcuInfoChanged received! data=B1 00 00 22 79 00 00 00 00 00 00 00 00 00 00 00 00 
02-20 16:28:48.273 D/K706RadioManager(27006): MCU[0xB1] len=17 : B1 00 00 22 79 00 00 00 00 00 00 00 00 00 00 00 00 
02-20 16:28:48.273 D/K706RadioManager(27006): PresetList: band=0 presetIdx=0 currentFreq=8825 firstFreq=8825 (offset=3)
02-20 16:28:48.273 D/K706RadioManager(27006): PresetList: band reportada=0 (ignorada, mCurrentBand=0)
02-20 16:28:48.273 D/K706RadioManager(27006): >>> FREQ: 88200 -> 88250 (MCU=8825, 88,25 MHz)
02-20 16:28:48.316 E/mcu_services( 5539): MCU2APP : [ff fe fd 12 01 b1 00 00 22 7e 00 00 00 00 00 00 00 00 00 00 00 00 ec ff ]
02-20 16:28:48.318 D/TunerPresenter(12107): handleTunerRawData: b1 0 0 22 7e 0 0 0 0 0 0 0 0 0 0 0 0 
02-20 16:28:48.319 D/K706RadioManager(27006): IMcuListener.onTransact: code=1 flags=16
02-20 16:28:48.320 D/TunerManagerForExt(12107): FMRadio main (TunerManagerForExt.java:147) onTunerPresetListChanged:  - mBand: 0 - mPresetIndex: 0 - mFrequency: 8830 - index: 0 - preset: 0 - index: 1 - preset: 0 - index: 2 - preset: 0 - index: 3 - preset: 0 - index: 4 - preset: 0 - index: 5 - preset: 0
02-20 16:28:48.321 D/K706RadioManager(27006): >>> IMcuListener.onMcuInfoChanged received! data=B1 00 00 22 7E 00 00 00 00 00 00 00 00 00 00 00 00 
02-20 16:28:48.322 D/K706RadioManager(27006): MCU[0xB1] len=17 : B1 00 00 22 7E 00 00 00 00 00 00 00 00 00 00 00 00 
02-20 16:28:48.322 D/K706RadioManager(27006): PresetList: band=0 presetIdx=0 currentFreq=8830 firstFreq=8830 (offset=3)
02-20 16:28:48.322 D/K706RadioManager(27006): PresetList: band reportada=0 (ignorada, mCurrentBand=0)
02-20 16:28:48.322 D/K706RadioManager(27006): >>> FREQ: 88250 -> 88300 (MCU=8830, 88,30 MHz)
02-20 16:28:48.366 E/mcu_services( 5539): MCU2APP : [ff fe fd 12 01 b1 00 00 22 83 00 00 00 00 00 00 00 00 00 00 00 00 11 ff ]
02-20 16:28:48.367 D/TunerPresenter(12107): handleTunerRawData: b1 0 0 22 83 0 0 0 0 0 0 0 0 0 0 0 0 
02-20 16:28:48.368 D/K706RadioManager(27006): IMcuListener.onTransact: code=1 flags=16
02-20 16:28:48.370 D/TunerManagerForExt(12107): FMRadio main (TunerManagerForExt.java:147) onTunerPresetListChanged:  - mBand: 0 - mPresetIndex: 0 - mFrequency: 8835 - index: 0 - preset: 0 - index: 1 - preset: 0 - index: 2 - preset: 0 - index: 3 - preset: 0 - index: 4 - preset: 0 - index: 5 - preset: 0
02-20 16:28:48.370 D/K706RadioManager(27006): >>> IMcuListener.onMcuInfoChanged received! data=B1 00 00 22 83 00 00 00 00 00 00 00 00 00 00 00 00 
02-20 16:28:48.371 D/K706RadioManager(27006): MCU[0xB1] len=17 : B1 00 00 22 83 00 00 00 00 00 00 00 00 00 00 00 00 
02-20 16:28:48.371 D/K706RadioManager(27006): PresetList: band=0 presetIdx=0 currentFreq=8835 firstFreq=8835 (offset=3)
02-20 16:28:48.371 D/K706RadioManager(27006): PresetList: band reportada=0 (ignorada, mCurrentBand=0)
02-20 16:28:48.372 D/K706RadioManager(27006): >>> FREQ: 88300 -> 88350 (MCU=8835, 88,35 MHz)
02-20 16:28:48.415 E/mcu_services( 5539): MCU2APP : [ff fe fd 12 01 b1 00 00 22 88 00 00 00 00 00 00 00 00 00 00 00 00 1a ff ]
02-20 16:28:48.417 D/TunerPresenter(12107): handleTunerRawData: b1 0 0 22 88 0 0 0 0 0 0 0 0 0 0 0 0 
02-20 16:28:48.418 D/K706RadioManager(27006): IMcuListener.onTransact: code=1 flags=16
02-20 16:28:48.419 D/K706RadioManager(27006): >>> IMcuListener.onMcuInfoChanged received! data=B1 00 00 22 88 00 00 00 00 00 00 00 00 00 00 00 00 
02-20 16:28:48.421 D/K706RadioManager(27006): MCU[0xB1] len=17 : B1 00 00 22 88 00 00 00 00 00 00 00 00 00 00 00 00 
02-20 16:28:48.421 D/K706RadioManager(27006): PresetList: band=0 presetIdx=0 currentFreq=8840 firstFreq=8840 (offset=3)
02-20 16:28:48.421 D/K706RadioManager(27006): PresetList: band reportada=0 (ignorada, mCurrentBand=0)
02-20 16:28:48.421 D/K706RadioManager(27006): >>> FREQ: 88350 -> 88400 (MCU=8840, 88,40 MHz)
02-20 16:28:48.446 D/TunerManagerForExt(12107): FMRadio main (TunerManagerForExt.java:147) onTunerPresetListChanged:  - mBand: 0 - mPresetIndex: 0 - mFrequency: 8840 - index: 0 - preset: 0 - index: 1 - preset: 0 - index: 2 - preset: 0 - index: 3 - preset: 0 - index: 4 - preset: 0 - index: 5 - preset: 0
02-20 16:28:48.465 E/mcu_services( 5539): MCU2APP : [ff fe fd 12 01 b1 00 00 22 8d 00 00 00 00 00 00 00 00 00 00 00 00 1f ff ]
02-20 16:28:48.467 D/TunerPresenter(12107): handleTunerRawData: b1 0 0 22 8d 0 0 0 0 0 0 0 0 0 0 0 0 
02-20 16:28:48.468 D/K706RadioManager(27006): IMcuListener.onTransact: code=1 flags=16
02-20 16:28:48.469 D/TunerManagerForExt(12107): FMRadio main (TunerManagerForExt.java:147) onTunerPresetListChanged:  - mBand: 0 - mPresetIndex: 0 - mFrequency: 8845 - index: 0 - preset: 0 - index: 1 - preset: 0 - index: 2 - preset: 0 - index: 3 - preset: 0 - index: 4 - preset: 0 - index: 5 - preset: 0
02-20 16:28:48.470 D/K706RadioManager(27006): >>> IMcuListener.onMcuInfoChanged received! data=B1 00 00 22 8D 00 00 00 00 00 00 00 00 00 00 00 00 
02-20 16:28:48.471 D/K706RadioManager(27006): MCU[0xB1] len=17 : B1 00 00 22 8D 00 00 00 00 00 00 00 00 00 00 00 00 
02-20 16:28:48.471 D/K706RadioManager(27006): PresetList: band=0 presetIdx=0 currentFreq=8845 firstFreq=8845 (offset=3)
02-20 16:28:48.471 D/K706RadioManager(27006): PresetList: band reportada=0 (ignorada, mCurrentBand=0)
02-20 16:28:48.471 D/K706RadioManager(27006): >>> FREQ: 88400 -> 88450 (MCU=8845, 88,45 MHz)
02-20 16:28:48.515 E/mcu_services( 5539): MCU2APP : [ff fe fd 12 01 b1 00 00 22 92 00 00 00 00 00 00 00 00 00 00 00 00 00 ff ]
02-20 16:28:48.517 D/TunerPresenter(12107): handleTunerRawData: b1 0 0 22 92 0 0 0 0 0 0 0 0 0 0 0 0 
02-20 16:28:48.519 D/K706RadioManager(27006): IMcuListener.onTransact: code=1 flags=16
02-20 16:28:48.520 D/TunerManagerForExt(12107): FMRadio main (TunerManagerForExt.java:147) onTunerPresetListChanged:  - mBand: 0 - mPresetIndex: 0 - mFrequency: 8850 - index: 0 - preset: 0 - index: 1 - preset: 0 - index: 2 - preset: 0 - index: 3 - preset: 0 - index: 4 - preset: 0 - index: 5 - preset: 0
02-20 16:28:48.520 D/K706RadioManager(27006): >>> IMcuListener.onMcuInfoChanged received! data=B1 00 00 22 92 00 00 00 00 00 00 00 00 00 00 00 00 
02-20 16:28:48.521 D/K706RadioManager(27006): MCU[0xB1] len=17 : B1 00 00 22 92 00 00 00 00 00 00 00 00 00 00 00 00 
02-20 16:28:48.521 D/K706RadioManager(27006): PresetList: band=0 presetIdx=0 currentFreq=8850 firstFreq=8850 (offset=3)
02-20 16:28:48.521 D/K706RadioManager(27006): PresetList: band reportada=0 (ignorada, mCurrentBand=0)
02-20 16:28:48.522 D/K706RadioManager(27006): >>> FREQ: 88450 -> 88500 (MCU=8850, 88,50 MHz)
02-20 16:28:48.565 E/mcu_services( 5539): MCU2APP : [ff fe fd 12 01 b1 00 00 22 97 00 00 00 00 00 00 00 00 00 00 00 00 05 ff ]
02-20 16:28:48.566 D/TunerPresenter(12107): handleTunerRawData: b1 0 0 22 97 0 0 0 0 0 0 0 0 0 0 0 0 
02-20 16:28:48.568 D/K706RadioManager(27006): IMcuListener.onTransact: code=1 flags=16
02-20 16:28:48.569 D/TunerManagerForExt(12107): FMRadio main (TunerManagerForExt.java:147) onTunerPresetListChanged:  - mBand: 0 - mPresetIndex: 0 - mFrequency: 8855 - index: 0 - preset: 0 - index: 1 - preset: 0 - index: 2 - preset: 0 - index: 3 - preset: 0 - index: 4 - preset: 0 - index: 5 - preset: 0
02-20 16:28:48.570 D/K706RadioManager(27006): >>> IMcuListener.onMcuInfoChanged received! data=B1 00 00 22 97 00 00 00 00 00 00 00 00 00 00 00 00 
02-20 16:28:48.571 D/K706RadioManager(27006): MCU[0xB1] len=17 : B1 00 00 22 97 00 00 00 00 00 00 00 00 00 00 00 00 
02-20 16:28:48.571 D/K706RadioManager(27006): PresetList: band=0 presetIdx=0 currentFreq=8855 firstFreq=8855 (offset=3)
02-20 16:28:48.571 D/K706RadioManager(27006): PresetList: band reportada=0 (ignorada, mCurrentBand=0)
02-20 16:28:48.571 D/K706RadioManager(27006): >>> FREQ: 88500 -> 88550 (MCU=8855, 88,55 MHz)
02-20 16:28:48.614 E/mcu_services( 5539): MCU2APP : [ff fe fd 12 01 b1 00 00 22 9c 00 00 00 00 00 00 00 00 00 00 00 00 0e ff ]
02-20 16:28:48.615 D/TunerPresenter(12107): handleTunerRawData: b1 0 0 22 9c 0 0 0 0 0 0 0 0 0 0 0 0 
02-20 16:28:48.616 D/K706RadioManager(27006): IMcuListener.onTransact: code=1 flags=16
02-20 16:28:48.617 D/K706RadioManager(27006): >>> IMcuListener.onMcuInfoChanged received! data=B1 00 00 22 9C 00 00 00 00 00 00 00 00 00 00 00 00 
02-20 16:28:48.618 D/TunerManagerForExt(12107): FMRadio main (TunerManagerForExt.java:147) onTunerPresetListChanged:  - mBand: 0 - mPresetIndex: 0 - mFrequency: 8860 - index: 0 - preset: 0 - index: 1 - preset: 0 - index: 2 - preset: 0 - index: 3 - preset: 0 - index: 4 - preset: 0 - index: 5 - preset: 0
02-20 16:28:48.618 D/K706RadioManager(27006): MCU[0xB1] len=17 : B1 00 00 22 9C 00 00 00 00 00 00 00 00 00 00 00 00 
02-20 16:28:48.618 D/K706RadioManager(27006): PresetList: band=0 presetIdx=0 currentFreq=8860 firstFreq=8860 (offset=3)
02-20 16:28:48.619 D/K706RadioManager(27006): PresetList: band reportada=0 (ignorada, mCurrentBand=0)
02-20 16:28:48.619 D/K706RadioManager(27006): >>> FREQ: 88550 -> 88600 (MCU=8860, 88,60 MHz)
02-20 16:28:48.664 E/mcu_services( 5539): MCU2APP : [ff fe fd 12 01 b1 00 00 22 a1 00 00 00 00 00 00 00 00 00 00 00 00 33 ff ]
02-20 16:28:48.666 D/TunerPresenter(12107): handleTunerRawData: b1 0 0 22 a1 0 0 0 0 0 0 0 0 0 0 0 0 
02-20 16:28:48.667 D/K706RadioManager(27006): IMcuListener.onTransact: code=1 flags=16
02-20 16:28:48.668 D/TunerManagerForExt(12107): FMRadio main (TunerManagerForExt.java:147) onTunerPresetListChanged:  - mBand: 0 - mPresetIndex: 0 - mFrequency: 8865 - index: 0 - preset: 0 - index: 1 - preset: 0 - index: 2 - preset: 0 - index: 3 - preset: 0 - index: 4 - preset: 0 - index: 5 - preset: 0
02-20 16:28:48.669 D/K706RadioManager(27006): >>> IMcuListener.onMcuInfoChanged received! data=B1 00 00 22 A1 00 00 00 00 00 00 00 00 00 00 00 00 
02-20 16:28:48.670 D/K706RadioManager(27006): MCU[0xB1] len=17 : B1 00 00 22 A1 00 00 00 00 00 00 00 00 00 00 00 00 
02-20 16:28:48.670 D/K706RadioManager(27006): PresetList: band=0 presetIdx=0 currentFreq=8865 firstFreq=8865 (offset=3)
02-20 16:28:48.670 D/K706RadioManager(27006): PresetList: band reportada=0 (ignorada, mCurrentBand=0)
02-20 16:28:48.670 D/K706RadioManager(27006): >>> FREQ: 88600 -> 88650 (MCU=8865, 88,65 MHz)
02-20 16:28:48.714 E/mcu_services( 5539): MCU2APP : [ff fe fd 12 01 b1 00 00 22 a6 00 00 00 00 00 00 00 00 00 00 00 00 34 ff ]
02-20 16:28:48.715 D/TunerPresenter(12107): handleTunerRawData: b1 0 0 22 a6 0 0 0 0 0 0 0 0 0 0 0 0 
02-20 16:28:48.718 D/K706RadioManager(27006): IMcuListener.onTransact: code=1 flags=16
02-20 16:28:48.719 D/TunerManagerForExt(12107): FMRadio main (TunerManagerForExt.java:147) onTunerPresetListChanged:  - mBand: 0 - mPresetIndex: 0 - mFrequency: 8870 - index: 0 - preset: 0 - index: 1 - preset: 0 - index: 2 - preset: 0 - index: 3 - preset: 0 - index: 4 - preset: 0 - index: 5 - preset: 0
02-20 16:28:48.719 D/K706RadioManager(27006): >>> IMcuListener.onMcuInfoChanged received! data=B1 00 00 22 A6 00 00 00 00 00 00 00 00 00 00 00 00 
02-20 16:28:48.721 D/K706RadioManager(27006): MCU[0xB1] len=17 : B1 00 00 22 A6 00 00 00 00 00 00 00 00 00 00 00 00 
02-20 16:28:48.721 D/K706RadioManager(27006): PresetList: band=0 presetIdx=0 currentFreq=8870 firstFreq=8870 (offset=3)
02-20 16:28:48.721 D/K706RadioManager(27006): PresetList: band reportada=0 (ignorada, mCurrentBand=0)
02-20 16:28:48.721 D/K706RadioManager(27006): >>> FREQ: 88650 -> 88700 (MCU=8870, 88,70 MHz)
02-20 16:28:48.764 E/mcu_services( 5539): MCU2APP : [ff fe fd 12 01 b1 00 00 22 ab 00 00 00 00 00 00 00 00 00 00 00 00 39 ff ]
02-20 16:28:48.765 D/TunerPresenter(12107): handleTunerRawData: b1 0 0 22 ab 0 0 0 0 0 0 0 0 0 0 0 0 
02-20 16:28:48.766 D/K706RadioManager(27006): IMcuListener.onTransact: code=1 flags=16
02-20 16:28:48.768 D/K706RadioManager(27006): >>> IMcuListener.onMcuInfoChanged received! data=B1 00 00 22 AB 00 00 00 00 00 00 00 00 00 00 00 00 
02-20 16:28:48.768 D/TunerManagerForExt(12107): FMRadio main (TunerManagerForExt.java:147) onTunerPresetListChanged:  - mBand: 0 - mPresetIndex: 0 - mFrequency: 8875 - index: 0 - preset: 0 - index: 1 - preset: 0 - index: 2 - preset: 0 - index: 3 - preset: 0 - index: 4 - preset: 0 - index: 5 - preset: 0
02-20 16:28:48.769 D/K706RadioManager(27006): MCU[0xB1] len=17 : B1 00 00 22 AB 00 00 00 00 00 00 00 00 00 00 00 00 
02-20 16:28:48.769 D/K706RadioManager(27006): PresetList: band=0 presetIdx=0 currentFreq=8875 firstFreq=8875 (offset=3)
02-20 16:28:48.769 D/K706RadioManager(27006): PresetList: band reportada=0 (ignorada, mCurrentBand=0)
02-20 16:28:48.769 D/K706RadioManager(27006): >>> FREQ: 88700 -> 88750 (MCU=8875, 88,75 MHz)
02-20 16:28:48.813 E/mcu_services( 5539): MCU2APP : [ff fe fd 12 01 b1 00 00 22 b0 00 00 00 00 00 00 00 00 00 00 00 00 22 ff ]
02-20 16:28:48.815 D/TunerPresenter(12107): handleTunerRawData: b1 0 0 22 b0 0 0 0 0 0 0 0 0 0 0 0 0 
02-20 16:28:48.816 D/K706RadioManager(27006): IMcuListener.onTransact: code=1 flags=16
02-20 16:28:48.817 D/K706RadioManager(27006): >>> IMcuListener.onMcuInfoChanged received! data=B1 00 00 22 B0 00 00 00 00 00 00 00 00 00 00 00 00 
02-20 16:28:48.818 D/TunerManagerForExt(12107): FMRadio main (TunerManagerForExt.java:147) onTunerPresetListChanged:  - mBand: 0 - mPresetIndex: 0 - mFrequency: 8880 - index: 0 - preset: 0 - index: 1 - preset: 0 - index: 2 - preset: 0 - index: 3 - preset: 0 - index: 4 - preset: 0 - index: 5 - preset: 0
02-20 16:28:48.818 D/K706RadioManager(27006): MCU[0xB1] len=17 : B1 00 00 22 B0 00 00 00 00 00 00 00 00 00 00 00 00 
02-20 16:28:48.818 D/K706RadioManager(27006): PresetList: band=0 presetIdx=0 currentFreq=8880 firstFreq=8880 (offset=3)
02-20 16:28:48.819 D/K706RadioManager(27006): PresetList: band reportada=0 (ignorada, mCurrentBand=0)
02-20 16:28:48.819 D/K706RadioManager(27006): >>> FREQ: 88750 -> 88800 (MCU=8880, 88,80 MHz)
02-20 16:28:48.863 E/mcu_services( 5539): MCU2APP : [ff fe fd 12 01 b1 00 00 22 b5 00 00 00 00 00 00 00 00 00 00 00 00 27 ff ]
02-20 16:28:48.865 D/TunerPresenter(12107): handleTunerRawData: b1 0 0 22 b5 0 0 0 0 0 0 0 0 0 0 0 0 
02-20 16:28:48.866 D/K706RadioManager(27006): IMcuListener.onTransact: code=1 flags=16
02-20 16:28:48.867 D/K706RadioManager(27006): >>> IMcuListener.onMcuInfoChanged received! data=B1 00 00 22 B5 00 00 00 00 00 00 00 00 00 00 00 00 
02-20 16:28:48.868 D/TunerManagerForExt(12107): FMRadio main (TunerManagerForExt.java:147) onTunerPresetListChanged:  - mBand: 0 - mPresetIndex: 0 - mFrequency: 8885 - index: 0 - preset: 0 - index: 1 - preset: 0 - index: 2 - preset: 0 - index: 3 - preset: 0 - index: 4 - preset: 0 - index: 5 - preset: 0
02-20 16:28:48.868 D/K706RadioManager(27006): MCU[0xB1] len=17 : B1 00 00 22 B5 00 00 00 00 00 00 00 00 00 00 00 00 
02-20 16:28:48.869 D/K706RadioManager(27006): PresetList: band=0 presetIdx=0 currentFreq=8885 firstFreq=8885 (offset=3)
02-20 16:28:48.869 D/K706RadioManager(27006): PresetList: band reportada=0 (ignorada, mCurrentBand=0)
02-20 16:28:48.869 D/K706RadioManager(27006): >>> FREQ: 88800 -> 88850 (MCU=8885, 88,85 MHz)
02-20 16:28:48.913 E/mcu_services( 5539): MCU2APP : [ff fe fd 12 01 b1 00 00 22 ba 00 00 00 00 00 00 00 00 00 00 00 00 28 ff ]
02-20 16:28:48.915 D/TunerPresenter(12107): handleTunerRawData: b1 0 0 22 ba 0 0 0 0 0 0 0 0 0 0 0 0 
02-20 16:28:48.915 D/K706RadioManager(27006): IMcuListener.onTransact: code=1 flags=16
02-20 16:28:48.917 D/K706RadioManager(27006): >>> IMcuListener.onMcuInfoChanged received! data=B1 00 00 22 BA 00 00 00 00 00 00 00 00 00 00 00 00 
02-20 16:28:48.918 D/TunerManagerForExt(12107): FMRadio main (TunerManagerForExt.java:147) onTunerPresetListChanged:  - mBand: 0 - mPresetIndex: 0 - mFrequency: 8890 - index: 0 - preset: 0 - index: 1 - preset: 0 - index: 2 - preset: 0 - index: 3 - preset: 0 - index: 4 - preset: 0 - index: 5 - preset: 0
02-20 16:28:48.919 D/K706RadioManager(27006): MCU[0xB1] len=17 : B1 00 00 22 BA 00 00 00 00 00 00 00 00 00 00 00 00 
02-20 16:28:48.919 D/K706RadioManager(27006): PresetList: band=0 presetIdx=0 currentFreq=8890 firstFreq=8890 (offset=3)
02-20 16:28:48.919 D/K706RadioManager(27006): PresetList: band reportada=0 (ignorada, mCurrentBand=0)
02-20 16:28:48.919 D/K706RadioManager(27006): >>> FREQ: 88850 -> 88900 (MCU=8890, 88,90 MHz)
02-20 16:28:48.962 E/mcu_services( 5539): MCU2APP : [ff fe fd 12 01 b1 00 00 22 bf 00 00 00 00 00 00 00 00 00 00 00 00 2d ff ]
02-20 16:28:48.964 D/TunerPresenter(12107): handleTunerRawData: b1 0 0 22 bf 0 0 0 0 0 0 0 0 0 0 0 0 
02-20 16:28:48.965 D/K706RadioManager(27006): IMcuListener.onTransact: code=1 flags=16
02-20 16:28:48.967 D/TunerManagerForExt(12107): FMRadio main (TunerManagerForExt.java:147) onTunerPresetListChanged:  - mBand: 0 - mPresetIndex: 0 - mFrequency: 8895 - index: 0 - preset: 0 - index: 1 - preset: 0 - index: 2 - preset: 0 - index: 3 - preset: 0 - index: 4 - preset: 0 - index: 5 - preset: 0
02-20 16:28:48.967 D/K706RadioManager(27006): >>> IMcuListener.onMcuInfoChanged received! data=B1 00 00 22 BF 00 00 00 00 00 00 00 00 00 00 00 00 
02-20 16:28:48.968 D/K706RadioManager(27006): MCU[0xB1] len=17 : B1 00 00 22 BF 00 00 00 00 00 00 00 00 00 00 00 00 
02-20 16:28:48.968 D/K706RadioManager(27006): PresetList: band=0 presetIdx=0 currentFreq=8895 firstFreq=8895 (offset=3)
02-20 16:28:48.968 D/K706RadioManager(27006): PresetList: band reportada=0 (ignorada, mCurrentBand=0)
02-20 16:28:48.968 D/K706RadioManager(27006): >>> FREQ: 88900 -> 88950 (MCU=8895, 88,95 MHz)
02-20 16:28:49.012 E/mcu_services( 5539): MCU2APP : [ff fe fd 12 01 b1 00 00 22 c4 00 00 00 00 00 00 00 00 00 00 00 00 56 ff ]
02-20 16:28:49.014 D/TunerPresenter(12107): handleTunerRawData: b1 0 0 22 c4 0 0 0 0 0 0 0 0 0 0 0 0 
02-20 16:28:49.015 D/K706RadioManager(27006): IMcuListener.onTransact: code=1 flags=16
02-20 16:28:49.017 D/TunerManagerForExt(12107): FMRadio main (TunerManagerForExt.java:147) onTunerPresetListChanged:  - mBand: 0 - mPresetIndex: 0 - mFrequency: 8900 - index: 0 - preset: 0 - index: 1 - preset: 0 - index: 2 - preset: 0 - index: 3 - preset: 0 - index: 4 - preset: 0 - index: 5 - preset: 0
02-20 16:28:49.017 D/K706RadioManager(27006): >>> IMcuListener.onMcuInfoChanged received! data=B1 00 00 22 C4 00 00 00 00 00 00 00 00 00 00 00 00 
02-20 16:28:49.018 D/K706RadioManager(27006): MCU[0xB1] len=17 : B1 00 00 22 C4 00 00 00 00 00 00 00 00 00 00 00 00 
02-20 16:28:49.018 D/K706RadioManager(27006): PresetList: band=0 presetIdx=0 currentFreq=8900 firstFreq=8900 (offset=3)
02-20 16:28:49.018 D/K706RadioManager(27006): PresetList: band reportada=0 (ignorada, mCurrentBand=0)
02-20 16:28:49.018 D/K706RadioManager(27006): >>> FREQ: 88950 -> 89000 (MCU=8900, 89,00 MHz)
02-20 16:28:49.062 E/mcu_services( 5539): MCU2APP : [ff fe fd 12 01 b1 00 00 22 c9 00 00 00 00 00 00 00 00 00 00 00 00 5b ff ]
02-20 16:28:49.063 D/TunerPresenter(12107): handleTunerRawData: b1 0 0 22 c9 0 0 0 0 0 0 0 0 0 0 0 0 
02-20 16:28:49.065 D/K706RadioManager(27006): IMcuListener.onTransact: code=1 flags=16
02-20 16:28:49.067 D/K706RadioManager(27006): >>> IMcuListener.onMcuInfoChanged received! data=B1 00 00 22 C9 00 00 00 00 00 00 00 00 00 00 00 00 
02-20 16:28:49.067 D/TunerManagerForExt(12107): FMRadio main (TunerManagerForExt.java:147) onTunerPresetListChanged:  - mBand: 0 - mPresetIndex: 0 - mFrequency: 8905 - index: 0 - preset: 0 - index: 1 - preset: 0 - index: 2 - preset: 0 - index: 3 - preset: 0 - index: 4 - preset: 0 - index: 5 - preset: 0
02-20 16:28:49.068 D/K706RadioManager(27006): MCU[0xB1] len=17 : B1 00 00 22 C9 00 00 00 00 00 00 00 00 00 00 00 00 
02-20 16:28:49.068 D/K706RadioManager(27006): PresetList: band=0 presetIdx=0 currentFreq=8905 firstFreq=8905 (offset=3)
02-20 16:28:49.068 D/K706RadioManager(27006): PresetList: band reportada=0 (ignorada, mCurrentBand=0)
02-20 16:28:49.068 D/K706RadioManager(27006): >>> FREQ: 89000 -> 89050 (MCU=8905, 89,05 MHz)
02-20 16:28:49.099 E/mcu_services( 5539): APP2MCU - writeToUartNormal : [ff fd fe 05 01 a0 09 00 00 a8 ff ]
02-20 16:28:49.100 D/K706RadioManager(27006): CMD Enviado: sub=0x09 p1=0x00 p2=0x00
02-20 16:28:49.100 D/K706RadioManager(27006): StopScan fallback sendCmd (0x09)
02-20 16:28:49.106 E/mcu_services( 5539): MCU2APP : [ff fe fd 12 01 b1 00 00 22 c9 00 00 00 00 00 00 00 00 00 00 00 00 5b ff ]
02-20 16:28:49.107 D/TunerPresenter(12107): handleTunerRawData: b1 0 0 22 c9 0 0 0 0 0 0 0 0 0 0 0 0 
02-20 16:28:49.108 D/K706RadioManager(27006): IMcuListener.onTransact: code=1 flags=16
02-20 16:28:49.109 D/TunerManagerForExt(12107): FMRadio main (TunerManagerForExt.java:147) onTunerPresetListChanged:  - mBand: 0 - mPresetIndex: 0 - mFrequency: 8905 - index: 0 - preset: 0 - index: 1 - preset: 0 - index: 2 - preset: 0 - index: 3 - preset: 0 - index: 4 - preset: 0 - index: 5 - preset: 0
02-20 16:28:49.109 D/K706RadioManager(27006): >>> IMcuListener.onMcuInfoChanged received! data=B1 00 00 22 C9 00 00 00 00 00 00 00 00 00 00 00 00 
02-20 16:28:49.111 D/K706RadioManager(27006): MCU[0xB1] len=17 : B1 00 00 22 C9 00 00 00 00 00 00 00 00 00 00 00 00 
02-20 16:28:49.111 D/K706RadioManager(27006): PresetList: band=0 presetIdx=0 currentFreq=8905 firstFreq=8905 (offset=3)
02-20 16:28:49.111 D/K706RadioManager(27006): PresetList: band reportada=0 (ignorada, mCurrentBand=0)
02-20 16:28:49.172 E/mcu_services( 5539): MCU2APP : [ff fe fd 03 01 b4 00 b5 ff ]
02-20 16:28:49.172 E/mcu_services( 5539): sendAckSuccess : [ff fd fe 02 02 b4 b6 ff ]
02-20 16:28:49.172 E/mcu_services( 5539): APP2MCU - writeToUart: [ff fd fe 02 02 b4 b6 ff ]
02-20 16:28:49.174 D/TunerPresenter(12107): handleTunerRawData: b4 0 
02-20 16:28:49.174 D/TunerManagerForExt(12107): FMRadio main (TunerManagerForExt.java:195) onTuneRdsIndicateInfo: onTuneRdsIndicateInfo - flag: 0 - mRdsSwitch: 0
02-20 16:28:49.175 D/K706RadioManager(27006): IMcuListener.onTransact: code=1 flags=16
02-20 16:28:49.175 D/K706RadioManager(27006): >>> IMcuListener.onMcuInfoChanged received! data=B4 00 
02-20 16:28:49.176 D/K706RadioManager(27006): MCU[0xB4] len=2 : B4 00 
02-20 16:28:49.176 D/K706RadioManager(27006): RDS B4 Flags: 0x00
02-20 16:28:49.219 E/mcu_services( 5539): MCU2APP : [ff fe fd 03 01 b0 30 81 ff ]
02-20 16:28:49.220 D/TunerPresenter(12107): handleTunerRawData: b0 30 
02-20 16:28:49.221 D/TunerManagerForExt(12107): FMRadio main (TunerManagerForExt.java:108) onTunerInfoChanged: onTunerInfoChanged - flag: 48 - asFlag: 0 - psFlag: 0 - scanFlag: 0 - seekFlag: 0 - mStFlag: 1 - mLocFlag: 1 - mIsSearching: true - mTempSearching: true
02-20 16:28:49.221 D/TunerManagerForExt(12107): FMRadio main (TunerManagerForExt.java:118) onTunerInfoChanged: mIsSearching: false - mTempSearching: false - asFlag: 0 - seekFlag: 0
02-20 16:28:49.222 D/K706RadioManager(27006): IMcuListener.onTransact: code=1 flags=16
02-20 16:28:49.223 D/K706RadioManager(27006): >>> IMcuListener.onMcuInfoChanged received! data=B0 30 
02-20 16:28:49.223 D/K706RadioManager(27006): MCU[0xB0] len=2 : B0 30 
02-20 16:28:49.223 D/K706RadioManager(27006): TunerInfo: flags=0x30 save=false AS=false finish=true valid=true ST=false LOC=false seek=false scan=false
02-20 16:28:49.418 E/mcu_services( 5539): MCU2APP : [ff fe fd 03 01 b0 20 91 ff ]
02-20 16:28:49.419 D/TunerPresenter(12107): handleTunerRawData: b0 20 
02-20 16:28:49.420 D/TunerManagerForExt(12107): FMRadio main (TunerManagerForExt.java:108) onTunerInfoChanged: onTunerInfoChanged - flag: 32 - asFlag: 0 - psFlag: 0 - scanFlag: 0 - seekFlag: 0 - mStFlag: 0 - mLocFlag: 1 - mIsSearching: false - mTempSearching: false
02-20 16:28:49.420 D/TunerManagerForExt(12107): FMRadio main (TunerManagerForExt.java:118) onTunerInfoChanged: mIsSearching: false - mTempSearching: false - asFlag: 0 - seekFlag: 0
02-20 16:28:49.420 D/K706RadioManager(27006): IMcuListener.onTransact: code=1 flags=16
02-20 16:28:49.421 D/K706RadioManager(27006): >>> IMcuListener.onMcuInfoChanged received! data=B0 20 
02-20 16:28:49.421 D/K706RadioManager(27006): MCU[0xB0] len=2 : B0 20 
02-20 16:28:49.421 D/K706RadioManager(27006): TunerInfo: flags=0x20 save=false AS=false finish=false valid=true ST=false LOC=false seek=false scan=false
02-20 16:28:49.816 E/mcu_services( 5539): MCU2APP : [ff fe fd 03 01 29 6d 45 ff ]
02-20 16:28:49.819 D/K706RadioManager(27006): IMcuListener.onTransact: code=1 flags=16
02-20 16:28:49.819 D/K706RadioManager(27006): >>> IMcuListener.onMcuInfoChanged received! data=29 6D 
02-20 16:28:49.820 D/K706RadioManager(27006): MCU[0x29] len=2 : 29 6D 
02-20 16:28:49.820 D/K706RadioManager(27006): Unknown MCU packet type: 0x29
02-20 16:28:50.831 E/mcu_services( 5539): APP2MCU - writeToUartNormal : [ff fd fe 05 01 a0 08 00 00 a9 ff ]
02-20 16:28:50.831 D/K706RadioManager(27006): CMD Enviado: sub=0x08 p1=0x00 p2=0x00
02-20 16:28:50.831 D/K706RadioManager(27006): AutoScan fallback sendCmd (0x08)
02-20 16:28:50.900 E/mcu_services( 5539): MCU2APP : [ff fe fd 12 01 b1 00 00 22 2e 00 00 00 00 00 00 00 00 00 00 00 00 bc ff ]
02-20 16:28:50.901 E/mcu_services( 5539): MCU2APP : [ff fe fd 03 01 b0 21 90 ff ]
02-20 16:28:50.902 D/TunerPresenter(12107): handleTunerRawData: b1 0 0 22 2e 0 0 0 0 0 0 0 0 0 0 0 0 
02-20 16:28:50.903 D/TunerManagerForExt(12107): FMRadio main (TunerManagerForExt.java:147) onTunerPresetListChanged:  - mBand: 0 - mPresetIndex: 0 - mFrequency: 8750 - index: 0 - preset: 0 - index: 1 - preset: 0 - index: 2 - preset: 0 - index: 3 - preset: 0 - index: 4 - preset: 0 - index: 5 - preset: 0
02-20 16:28:50.904 D/K706RadioManager(27006): IMcuListener.onTransact: code=1 flags=16
02-20 16:28:50.905 D/K706RadioManager(27006): >>> IMcuListener.onMcuInfoChanged received! data=B1 00 00 22 2E 00 00 00 00 00 00 00 00 00 00 00 00 
02-20 16:28:50.906 D/K706RadioManager(27006): MCU[0xB1] len=17 : B1 00 00 22 2E 00 00 00 00 00 00 00 00 00 00 00 00 
02-20 16:28:50.906 D/K706RadioManager(27006): PresetList: band=0 presetIdx=0 currentFreq=8750 firstFreq=8750 (offset=3)
02-20 16:28:50.906 D/K706RadioManager(27006): PresetList: band reportada=0 (ignorada, mCurrentBand=0)
02-20 16:28:50.907 D/K706RadioManager(27006): >>> FREQ: 89050 -> 87500 (MCU=8750, 87,50 MHz)
02-20 16:28:50.910 D/K706RadioManager(27006): IMcuListener.onTransact: code=1 flags=16
02-20 16:28:50.910 D/K706RadioManager(27006): >>> IMcuListener.onMcuInfoChanged received! data=B0 21 
02-20 16:28:50.910 D/K706RadioManager(27006): MCU[0xB0] len=2 : B0 21 
02-20 16:28:50.911 D/K706RadioManager(27006): TunerInfo: flags=0x21 save=true AS=false finish=false valid=true ST=false LOC=false seek=false scan=false
02-20 16:28:50.918 D/TunerPresenter(12107): handleTunerRawData: b0 21 
02-20 16:28:50.919 D/TunerManagerForExt(12107): FMRadio main (TunerManagerForExt.java:108) onTunerInfoChanged: onTunerInfoChanged - flag: 33 - asFlag: 1 - psFlag: 0 - scanFlag: 0 - seekFlag: 0 - mStFlag: 0 - mLocFlag: 1 - mIsSearching: false - mTempSearching: false
02-20 16:28:50.919 D/TunerManagerForExt(12107): FMRadio main (TunerManagerForExt.java:118) onTunerInfoChanged: mIsSearching: true - mTempSearching: true - asFlag: 1 - seekFlag: 0
02-20 16:28:50.941 E/mcu_services( 5539): MCU2APP : [ff fe fd 12 01 b1 00 00 22 33 00 00 00 00 00 00 00 00 00 00 00 00 a1 ff ]
02-20 16:28:50.943 D/TunerPresenter(12107): handleTunerRawData: b1 0 0 22 33 0 0 0 0 0 0 0 0 0 0 0 0 
02-20 16:28:50.944 D/K706RadioManager(27006): IMcuListener.onTransact: code=1 flags=16
02-20 16:28:50.946 D/TunerManagerForExt(12107): FMRadio main (TunerManagerForExt.java:147) onTunerPresetListChanged:  - mBand: 0 - mPresetIndex: 0 - mFrequency: 8755 - index: 0 - preset: 0 - index: 1 - preset: 0 - index: 2 - preset: 0 - index: 3 - preset: 0 - index: 4 - preset: 0 - index: 5 - preset: 0
02-20 16:28:50.946 D/K706RadioManager(27006): >>> IMcuListener.onMcuInfoChanged received! data=B1 00 00 22 33 00 00 00 00 00 00 00 00 00 00 00 00 
02-20 16:28:50.947 D/K706RadioManager(27006): MCU[0xB1] len=17 : B1 00 00 22 33 00 00 00 00 00 00 00 00 00 00 00 00 
02-20 16:28:50.947 D/K706RadioManager(27006): PresetList: band=0 presetIdx=0 currentFreq=8755 firstFreq=8755 (offset=3)
02-20 16:28:50.947 D/K706RadioManager(27006): PresetList: band reportada=0 (ignorada, mCurrentBand=0)
02-20 16:28:50.947 D/K706RadioManager(27006): >>> FREQ: 87500 -> 87550 (MCU=8755, 87,55 MHz)
02-20 16:28:50.991 E/mcu_services( 5539): MCU2APP : [ff fe fd 12 01 b1 00 00 22 38 00 00 00 00 00 00 00 00 00 00 00 00 aa ff ]
02-20 16:28:50.992 D/TunerPresenter(12107): handleTunerRawData: b1 0 0 22 38 0 0 0 0 0 0 0 0 0 0 0 0 
02-20 16:28:50.994 D/K706RadioManager(27006): IMcuListener.onTransact: code=1 flags=16
02-20 16:28:50.995 D/TunerManagerForExt(12107): FMRadio main (TunerManagerForExt.java:147) onTunerPresetListChanged:  - mBand: 0 - mPresetIndex: 0 - mFrequency: 8760 - index: 0 - preset: 0 - index: 1 - preset: 0 - index: 2 - preset: 0 - index: 3 - preset: 0 - index: 4 - preset: 0 - index: 5 - preset: 0
02-20 16:28:50.996 D/K706RadioManager(27006): >>> IMcuListener.onMcuInfoChanged received! data=B1 00 00 22 38 00 00 00 00 00 00 00 00 00 00 00 00 
02-20 16:28:50.997 D/K706RadioManager(27006): MCU[0xB1] len=17 : B1 00 00 22 38 00 00 00 00 00 00 00 00 00 00 00 00 
02-20 16:28:50.997 D/K706RadioManager(27006): PresetList: band=0 presetIdx=0 currentFreq=8760 firstFreq=8760 (offset=3)
02-20 16:28:50.997 D/K706RadioManager(27006): PresetList: band reportada=0 (ignorada, mCurrentBand=0)
02-20 16:28:50.997 D/K706RadioManager(27006): >>> FREQ: 87550 -> 87600 (MCU=8760, 87,60 MHz)
02-20 16:28:51.439 E/mcu_services( 5539): MCU2APP : [ff fe fd 12 01 b1 00 00 22 3d 00 00 00 00 00 00 00 00 00 00 00 00 af ff ]
02-20 16:28:51.440 D/TunerPresenter(12107): handleTunerRawData: b1 0 0 22 3d 0 0 0 0 0 0 0 0 0 0 0 0 
02-20 16:28:51.441 D/TunerManagerForExt(12107): FMRadio main (TunerManagerForExt.java:147) onTunerPresetListChanged:  - mBand: 0 - mPresetIndex: 0 - mFrequency: 8765 - index: 0 - preset: 0 - index: 1 - preset: 0 - index: 2 - preset: 0 - index: 3 - preset: 0 - index: 4 - preset: 0 - index: 5 - preset: 0
02-20 16:28:51.442 D/K706RadioManager(27006): IMcuListener.onTransact: code=1 flags=16
02-20 16:28:51.444 D/K706RadioManager(27006): >>> IMcuListener.onMcuInfoChanged received! data=B1 00 00 22 3D 00 00 00 00 00 00 00 00 00 00 00 00 
02-20 16:28:51.445 D/K706RadioManager(27006): MCU[0xB1] len=17 : B1 00 00 22 3D 00 00 00 00 00 00 00 00 00 00 00 00 
02-20 16:28:51.445 D/K706RadioManager(27006): PresetList: band=0 presetIdx=0 currentFreq=8765 firstFreq=8765 (offset=3)
02-20 16:28:51.445 D/K706RadioManager(27006): PresetList: band reportada=0 (ignorada, mCurrentBand=0)
02-20 16:28:51.445 D/K706RadioManager(27006): >>> FREQ: 87600 -> 87650 (MCU=8765, 87,65 MHz)
02-20 16:28:51.489 E/mcu_services( 5539): MCU2APP : [ff fe fd 12 01 b1 00 00 22 42 00 00 00 00 00 00 00 00 00 00 00 00 d0 ff ]
02-20 16:28:51.491 D/TunerPresenter(12107): handleTunerRawData: b1 0 0 22 42 0 0 0 0 0 0 0 0 0 0 0 0 
02-20 16:28:51.492 D/K706RadioManager(27006): IMcuListener.onTransact: code=1 flags=16
02-20 16:28:51.493 D/K706RadioManager(27006): >>> IMcuListener.onMcuInfoChanged received! data=B1 00 00 22 42 00 00 00 00 00 00 00 00 00 00 00 00 
02-20 16:28:51.493 D/TunerManagerForExt(12107): FMRadio main (TunerManagerForExt.java:147) onTunerPresetListChanged:  - mBand: 0 - mPresetIndex: 0 - mFrequency: 8770 - index: 0 - preset: 0 - index: 1 - preset: 0 - index: 2 - preset: 0 - index: 3 - preset: 0 - index: 4 - preset: 0 - index: 5 - preset: 0
02-20 16:28:51.495 D/K706RadioManager(27006): MCU[0xB1] len=17 : B1 00 00 22 42 00 00 00 00 00 00 00 00 00 00 00 00 
02-20 16:28:51.496 D/K706RadioManager(27006): PresetList: band=0 presetIdx=0 currentFreq=8770 firstFreq=8770 (offset=3)
02-20 16:28:51.496 D/K706RadioManager(27006): PresetList: band reportada=0 (ignorada, mCurrentBand=0)
02-20 16:28:51.496 D/K706RadioManager(27006): >>> FREQ: 87650 -> 87700 (MCU=8770, 87,70 MHz)
02-20 16:28:51.538 E/mcu_services( 5539): MCU2APP : [ff fe fd 12 01 b1 00 00 22 47 00 00 00 00 00 00 00 00 00 00 00 00 d5 ff ]
02-20 16:28:51.540 D/TunerPresenter(12107): handleTunerRawData: b1 0 0 22 47 0 0 0 0 0 0 0 0 0 0 0 0 
02-20 16:28:51.542 D/K706RadioManager(27006): IMcuListener.onTransact: code=1 flags=16
02-20 16:28:51.543 D/K706RadioManager(27006): >>> IMcuListener.onMcuInfoChanged received! data=B1 00 00 22 47 00 00 00 00 00 00 00 00 00 00 00 00 
02-20 16:28:51.544 D/TunerManagerForExt(12107): FMRadio main (TunerManagerForExt.java:147) onTunerPresetListChanged:  - mBand: 0 - mPresetIndex: 0 - mFrequency: 8775 - index: 0 - preset: 0 - index: 1 - preset: 0 - index: 2 - preset: 0 - index: 3 - preset: 0 - index: 4 - preset: 0 - index: 5 - preset: 0
02-20 16:28:51.544 D/K706RadioManager(27006): MCU[0xB1] len=17 : B1 00 00 22 47 00 00 00 00 00 00 00 00 00 00 00 00 
02-20 16:28:51.545 D/K706RadioManager(27006): PresetList: band=0 presetIdx=0 currentFreq=8775 firstFreq=8775 (offset=3)
02-20 16:28:51.545 D/K706RadioManager(27006): PresetList: band reportada=0 (ignorada, mCurrentBand=0)
02-20 16:28:51.545 D/K706RadioManager(27006): >>> FREQ: 87700 -> 87750 (MCU=8775, 87,75 MHz)
02-20 16:28:51.588 E/mcu_services( 5539): MCU2APP : [ff fe fd 12 01 b1 00 00 22 4c 00 00 00 00 00 00 00 00 00 00 00 00 de ff ]
02-20 16:28:51.589 D/TunerPresenter(12107): handleTunerRawData: b1 0 0 22 4c 0 0 0 0 0 0 0 0 0 0 0 0 
02-20 16:28:51.591 D/K706RadioManager(27006): IMcuListener.onTransact: code=1 flags=16
02-20 16:28:51.592 D/TunerManagerForExt(12107): FMRadio main (TunerManagerForExt.java:147) onTunerPresetListChanged:  - mBand: 0 - mPresetIndex: 0 - mFrequency: 8780 - index: 0 - preset: 0 - index: 1 - preset: 0 - index: 2 - preset: 0 - index: 3 - preset: 0 - index: 4 - preset: 0 - index: 5 - preset: 0
02-20 16:28:51.592 D/K706RadioManager(27006): >>> IMcuListener.onMcuInfoChanged received! data=B1 00 00 22 4C 00 00 00 00 00 00 00 00 00 00 00 00 
02-20 16:28:51.593 D/K706RadioManager(27006): MCU[0xB1] len=17 : B1 00 00 22 4C 00 00 00 00 00 00 00 00 00 00 00 00 
02-20 16:28:51.593 D/K706RadioManager(27006): PresetList: band=0 presetIdx=0 currentFreq=8780 firstFreq=8780 (offset=3)
02-20 16:28:51.593 D/K706RadioManager(27006): PresetList: band reportada=0 (ignorada, mCurrentBand=0)
02-20 16:28:51.593 D/K706RadioManager(27006): >>> FREQ: 87750 -> 87800 (MCU=8780, 87,80 MHz)
02-20 16:28:51.637 E/mcu_services( 5539): MCU2APP : [ff fe fd 12 01 b1 00 00 22 51 00 00 00 00 00 00 00 00 00 00 00 00 c3 ff ]
02-20 16:28:51.639 D/TunerPresenter(12107): handleTunerRawData: b1 0 0 22 51 0 0 0 0 0 0 0 0 0 0 0 0 
02-20 16:28:51.640 D/K706RadioManager(27006): IMcuListener.onTransact: code=1 flags=16
02-20 16:28:51.641 D/TunerManagerForExt(12107): FMRadio main (TunerManagerForExt.java:147) onTunerPresetListChanged:  - mBand: 0 - mPresetIndex: 0 - mFrequency: 8785 - index: 0 - preset: 0 - index: 1 - preset: 0 - index: 2 - preset: 0 - index: 3 - preset: 0 - index: 4 - preset: 0 - index: 5 - preset: 0
02-20 16:28:51.642 D/K706RadioManager(27006): >>> IMcuListener.onMcuInfoChanged received! data=B1 00 00 22 51 00 00 00 00 00 00 00 00 00 00 00 00 
02-20 16:28:51.643 D/K706RadioManager(27006): MCU[0xB1] len=17 : B1 00 00 22 51 00 00 00 00 00 00 00 00 00 00 00 00 
02-20 16:28:51.643 D/K706RadioManager(27006): PresetList: band=0 presetIdx=0 currentFreq=8785 firstFreq=8785 (offset=3)
02-20 16:28:51.643 D/K706RadioManager(27006): PresetList: band reportada=0 (ignorada, mCurrentBand=0)
02-20 16:28:51.643 D/K706RadioManager(27006): >>> FREQ: 87800 -> 87850 (MCU=8785, 87,85 MHz)
02-20 16:28:51.687 E/mcu_services( 5539): MCU2APP : [ff fe fd 12 01 b1 00 00 22 56 00 00 00 00 00 00 00 00 00 00 00 00 c4 ff ]
02-20 16:28:51.689 D/TunerPresenter(12107): handleTunerRawData: b1 0 0 22 56 0 0 0 0 0 0 0 0 0 0 0 0 
02-20 16:28:51.690 D/K706RadioManager(27006): IMcuListener.onTransact: code=1 flags=16
02-20 16:28:51.692 D/K706RadioManager(27006): >>> IMcuListener.onMcuInfoChanged received! data=B1 00 00 22 56 00 00 00 00 00 00 00 00 00 00 00 00 
02-20 16:28:51.693 D/TunerManagerForExt(12107): FMRadio main (TunerManagerForExt.java:147) onTunerPresetListChanged:  - mBand: 0 - mPresetIndex: 0 - mFrequency: 8790 - index: 0 - preset: 0 - index: 1 - preset: 0 - index: 2 - preset: 0 - index: 3 - preset: 0 - index: 4 - preset: 0 - index: 5 - preset: 0
02-20 16:28:51.693 D/K706RadioManager(27006): MCU[0xB1] len=17 : B1 00 00 22 56 00 00 00 00 00 00 00 00 00 00 00 00 
02-20 16:28:51.693 D/K706RadioManager(27006): PresetList: band=0 presetIdx=0 currentFreq=8790 firstFreq=8790 (offset=3)
02-20 16:28:51.693 D/K706RadioManager(27006): PresetList: band reportada=0 (ignorada, mCurrentBand=0)
02-20 16:28:51.693 D/K706RadioManager(27006): >>> FREQ: 87850 -> 87900 (MCU=8790, 87,90 MHz)
02-20 16:28:51.737 E/mcu_services( 5539): MCU2APP : [ff fe fd 12 01 b1 00 00 22 5b 00 00 00 00 00 00 00 00 00 00 00 00 c9 ff ]
02-20 16:28:51.738 D/TunerPresenter(12107): handleTunerRawData: b1 0 0 22 5b 0 0 0 0 0 0 0 0 0 0 0 0 
02-20 16:28:51.740 D/K706RadioManager(27006): IMcuListener.onTransact: code=1 flags=16
02-20 16:28:51.741 D/TunerManagerForExt(12107): FMRadio main (TunerManagerForExt.java:147) onTunerPresetListChanged:  - mBand: 0 - mPresetIndex: 0 - mFrequency: 8795 - index: 0 - preset: 0 - index: 1 - preset: 0 - index: 2 - preset: 0 - index: 3 - preset: 0 - index: 4 - preset: 0 - index: 5 - preset: 0
02-20 16:28:51.742 D/K706RadioManager(27006): >>> IMcuListener.onMcuInfoChanged received! data=B1 00 00 22 5B 00 00 00 00 00 00 00 00 00 00 00 00 
02-20 16:28:51.743 D/K706RadioManager(27006): MCU[0xB1] len=17 : B1 00 00 22 5B 00 00 00 00 00 00 00 00 00 00 00 00 
02-20 16:28:51.743 D/K706RadioManager(27006): PresetList: band=0 presetIdx=0 currentFreq=8795 firstFreq=8795 (offset=3)
02-20 16:28:51.743 D/K706RadioManager(27006): PresetList: band reportada=0 (ignorada, mCurrentBand=0)
02-20 16:28:51.743 D/K706RadioManager(27006): >>> FREQ: 87900 -> 87950 (MCU=8795, 87,95 MHz)
02-20 16:28:51.787 E/mcu_services( 5539): MCU2APP : [ff fe fd 12 01 b1 00 00 22 60 00 00 00 00 00 00 00 00 00 00 00 00 f2 ff ]
02-20 16:28:51.788 D/TunerPresenter(12107): handleTunerRawData: b1 0 0 22 60 0 0 0 0 0 0 0 0 0 0 0 0 
02-20 16:28:51.789 D/K706RadioManager(27006): IMcuListener.onTransact: code=1 flags=16
02-20 16:28:51.791 D/TunerManagerForExt(12107): FMRadio main (TunerManagerForExt.java:147) onTunerPresetListChanged:  - mBand: 0 - mPresetIndex: 0 - mFrequency: 8800 - index: 0 - preset: 0 - index: 1 - preset: 0 - index: 2 - preset: 0 - index: 3 - preset: 0 - index: 4 - preset: 0 - index: 5 - preset: 0
02-20 16:28:51.791 D/K706RadioManager(27006): >>> IMcuListener.onMcuInfoChanged received! data=B1 00 00 22 60 00 00 00 00 00 00 00 00 00 00 00 00 
02-20 16:28:51.792 D/K706RadioManager(27006): MCU[0xB1] len=17 : B1 00 00 22 60 00 00 00 00 00 00 00 00 00 00 00 00 
02-20 16:28:51.792 D/K706RadioManager(27006): PresetList: band=0 presetIdx=0 currentFreq=8800 firstFreq=8800 (offset=3)
02-20 16:28:51.792 D/K706RadioManager(27006): PresetList: band reportada=0 (ignorada, mCurrentBand=0)
02-20 16:28:51.792 D/K706RadioManager(27006): >>> FREQ: 87950 -> 88000 (MCU=8800, 88,00 MHz)
02-20 16:28:51.837 E/mcu_services( 5539): MCU2APP : [ff fe fd 12 01 b1 00 00 22 65 00 00 00 00 00 00 00 00 00 00 00 00 f7 ff ]
02-20 16:28:51.838 D/TunerPresenter(12107): handleTunerRawData: b1 0 0 22 65 0 0 0 0 0 0 0 0 0 0 0 0 
02-20 16:28:51.839 D/K706RadioManager(27006): IMcuListener.onTransact: code=1 flags=16
02-20 16:28:51.841 D/TunerManagerForExt(12107): FMRadio main (TunerManagerForExt.java:147) onTunerPresetListChanged:  - mBand: 0 - mPresetIndex: 0 - mFrequency: 8805 - index: 0 - preset: 0 - index: 1 - preset: 0 - index: 2 - preset: 0 - index: 3 - preset: 0 - index: 4 - preset: 0 - index: 5 - preset: 0
02-20 16:28:51.841 D/K706RadioManager(27006): >>> IMcuListener.onMcuInfoChanged received! data=B1 00 00 22 65 00 00 00 00 00 00 00 00 00 00 00 00 
02-20 16:28:51.842 D/K706RadioManager(27006): MCU[0xB1] len=17 : B1 00 00 22 65 00 00 00 00 00 00 00 00 00 00 00 00 
02-20 16:28:51.842 D/K706RadioManager(27006): PresetList: band=0 presetIdx=0 currentFreq=8805 firstFreq=8805 (offset=3)
02-20 16:28:51.842 D/K706RadioManager(27006): PresetList: band reportada=0 (ignorada, mCurrentBand=0)
02-20 16:28:51.842 D/K706RadioManager(27006): >>> FREQ: 88000 -> 88050 (MCU=8805, 88,05 MHz)
02-20 16:28:51.844 E/mcu_services( 5539): MCU2APP : [ff fe fd 03 01 29 6d 45 ff ]
02-20 16:28:51.845 D/K706RadioManager(27006): IMcuListener.onTransact: code=1 flags=16
02-20 16:28:51.846 D/K706RadioManager(27006): >>> IMcuListener.onMcuInfoChanged received! data=29 6D 
02-20 16:28:51.846 D/K706RadioManager(27006): MCU[0x29] len=2 : 29 6D 
02-20 16:28:51.846 D/K706RadioManager(27006): Unknown MCU packet type: 0x29
02-20 16:28:51.886 E/mcu_services( 5539): MCU2APP : [ff fe fd 12 01 b1 00 00 22 6a 00 00 00 00 00 00 00 00 00 00 00 00 f8 ff ]
02-20 16:28:51.888 D/TunerPresenter(12107): handleTunerRawData: b1 0 0 22 6a 0 0 0 0 0 0 0 0 0 0 0 0 
02-20 16:28:51.891 D/K706RadioManager(27006): IMcuListener.onTransact: code=1 flags=16
02-20 16:28:51.892 D/TunerManagerForExt(12107): FMRadio main (TunerManagerForExt.java:147) onTunerPresetListChanged:  - mBand: 0 - mPresetIndex: 0 - mFrequency: 8810 - index: 0 - preset: 0 - index: 1 - preset: 0 - index: 2 - preset: 0 - index: 3 - preset: 0 - index: 4 - preset: 0 - index: 5 - preset: 0
02-20 16:28:51.893 D/K706RadioManager(27006): >>> IMcuListener.onMcuInfoChanged received! data=B1 00 00 22 6A 00 00 00 00 00 00 00 00 00 00 00 00 
02-20 16:28:51.894 D/K706RadioManager(27006): MCU[0xB1] len=17 : B1 00 00 22 6A 00 00 00 00 00 00 00 00 00 00 00 00 
02-20 16:28:51.894 D/K706RadioManager(27006): PresetList: band=0 presetIdx=0 currentFreq=8810 firstFreq=8810 (offset=3)
02-20 16:28:51.894 D/K706RadioManager(27006): PresetList: band reportada=0 (ignorada, mCurrentBand=0)
02-20 16:28:51.894 D/K706RadioManager(27006): >>> FREQ: 88050 -> 88100 (MCU=8810, 88,10 MHz)
02-20 16:28:51.936 E/mcu_services( 5539): MCU2APP : [ff fe fd 12 01 b1 00 00 22 6f 00 00 00 00 00 00 00 00 00 00 00 00 fd ff ]
02-20 16:28:51.938 D/TunerPresenter(12107): handleTunerRawData: b1 0 0 22 6f 0 0 0 0 0 0 0 0 0 0 0 0 
02-20 16:28:51.939 D/K706RadioManager(27006): IMcuListener.onTransact: code=1 flags=16
02-20 16:28:51.940 D/K706RadioManager(27006): >>> IMcuListener.onMcuInfoChanged received! data=B1 00 00 22 6F 00 00 00 00 00 00 00 00 00 00 00 00 
02-20 16:28:51.941 D/TunerManagerForExt(12107): FMRadio main (TunerManagerForExt.java:147) onTunerPresetListChanged:  - mBand: 0 - mPresetIndex: 0 - mFrequency: 8815 - index: 0 - preset: 0 - index: 1 - preset: 0 - index: 2 - preset: 0 - index: 3 - preset: 0 - index: 4 - preset: 0 - index: 5 - preset: 0
02-20 16:28:51.942 D/K706RadioManager(27006): MCU[0xB1] len=17 : B1 00 00 22 6F 00 00 00 00 00 00 00 00 00 00 00 00 
02-20 16:28:51.942 D/K706RadioManager(27006): PresetList: band=0 presetIdx=0 currentFreq=8815 firstFreq=8815 (offset=3)
02-20 16:28:51.942 D/K706RadioManager(27006): PresetList: band reportada=0 (ignorada, mCurrentBand=0)
02-20 16:28:51.942 D/K706RadioManager(27006): >>> FREQ: 88100 -> 88150 (MCU=8815, 88,15 MHz)
02-20 16:28:51.986 E/mcu_services( 5539): MCU2APP : [ff fe fd 12 01 b1 00 00 22 74 00 00 00 00 00 00 00 00 00 00 00 00 e6 ff ]
02-20 16:28:51.987 D/TunerPresenter(12107): handleTunerRawData: b1 0 0 22 74 0 0 0 0 0 0 0 0 0 0 0 0 
02-20 16:28:51.988 D/K706RadioManager(27006): IMcuListener.onTransact: code=1 flags=16
02-20 16:28:51.990 D/TunerManagerForExt(12107): FMRadio main (TunerManagerForExt.java:147) onTunerPresetListChanged:  - mBand: 0 - mPresetIndex: 0 - mFrequency: 8820 - index: 0 - preset: 0 - index: 1 - preset: 0 - index: 2 - preset: 0 - index: 3 - preset: 0 - index: 4 - preset: 0 - index: 5 - preset: 0
02-20 16:28:51.990 D/K706RadioManager(27006): >>> IMcuListener.onMcuInfoChanged received! data=B1 00 00 22 74 00 00 00 00 00 00 00 00 00 00 00 00 
02-20 16:28:51.991 D/K706RadioManager(27006): MCU[0xB1] len=17 : B1 00 00 22 74 00 00 00 00 00 00 00 00 00 00 00 00 
02-20 16:28:51.991 D/K706RadioManager(27006): PresetList: band=0 presetIdx=0 currentFreq=8820 firstFreq=8820 (offset=3)
02-20 16:28:51.991 D/K706RadioManager(27006): PresetList: band reportada=0 (ignorada, mCurrentBand=0)
02-20 16:28:51.991 D/K706RadioManager(27006): >>> FREQ: 88150 -> 88200 (MCU=8820, 88,20 MHz)
02-20 16:28:52.036 E/mcu_services( 5539): MCU2APP : [ff fe fd 12 01 b1 00 00 22 79 00 00 00 00 00 00 00 00 00 00 00 00 eb ff ]
02-20 16:28:52.038 D/TunerPresenter(12107): handleTunerRawData: b1 0 0 22 79 0 0 0 0 0 0 0 0 0 0 0 0 
02-20 16:28:52.039 D/K706RadioManager(27006): IMcuListener.onTransact: code=1 flags=16
02-20 16:28:52.040 D/TunerManagerForExt(12107): FMRadio main (TunerManagerForExt.java:147) onTunerPresetListChanged:  - mBand: 0 - mPresetIndex: 0 - mFrequency: 8825 - index: 0 - preset: 0 - index: 1 - preset: 0 - index: 2 - preset: 0 - index: 3 - preset: 0 - index: 4 - preset: 0 - index: 5 - preset: 0
02-20 16:28:52.041 D/K706RadioManager(27006): >>> IMcuListener.onMcuInfoChanged received! data=B1 00 00 22 79 00 00 00 00 00 00 00 00 00 00 00 00 
02-20 16:28:52.042 D/K706RadioManager(27006): MCU[0xB1] len=17 : B1 00 00 22 79 00 00 00 00 00 00 00 00 00 00 00 00 
02-20 16:28:52.043 D/K706RadioManager(27006): PresetList: band=0 presetIdx=0 currentFreq=8825 firstFreq=8825 (offset=3)
02-20 16:28:52.043 D/K706RadioManager(27006): PresetList: band reportada=0 (ignorada, mCurrentBand=0)
02-20 16:28:52.043 D/K706RadioManager(27006): >>> FREQ: 88200 -> 88250 (MCU=8825, 88,25 MHz)
02-20 16:28:52.085 E/mcu_services( 5539): MCU2APP : [ff fe fd 12 01 b1 00 00 22 7e 00 00 00 00 00 00 00 00 00 00 00 00 ec ff ]
02-20 16:28:52.086 D/TunerPresenter(12107): handleTunerRawData: b1 0 0 22 7e 0 0 0 0 0 0 0 0 0 0 0 0 
02-20 16:28:52.088 D/K706RadioManager(27006): IMcuListener.onTransact: code=1 flags=16
02-20 16:28:52.089 D/TunerManagerForExt(12107): FMRadio main (TunerManagerForExt.java:147) onTunerPresetListChanged:  - mBand: 0 - mPresetIndex: 0 - mFrequency: 8830 - index: 0 - preset: 0 - index: 1 - preset: 0 - index: 2 - preset: 0 - index: 3 - preset: 0 - index: 4 - preset: 0 - index: 5 - preset: 0
02-20 16:28:52.090 D/K706RadioManager(27006): >>> IMcuListener.onMcuInfoChanged received! data=B1 00 00 22 7E 00 00 00 00 00 00 00 00 00 00 00 00 
02-20 16:28:52.091 D/K706RadioManager(27006): MCU[0xB1] len=17 : B1 00 00 22 7E 00 00 00 00 00 00 00 00 00 00 00 00 
02-20 16:28:52.092 D/K706RadioManager(27006): PresetList: band=0 presetIdx=0 currentFreq=8830 firstFreq=8830 (offset=3)
02-20 16:28:52.092 D/K706RadioManager(27006): PresetList: band reportada=0 (ignorada, mCurrentBand=0)
02-20 16:28:52.092 D/K706RadioManager(27006): >>> FREQ: 88250 -> 88300 (MCU=8830, 88,30 MHz)
02-20 16:28:52.135 E/mcu_services( 5539): MCU2APP : [ff fe fd 12 01 b1 00 00 22 83 00 00 00 00 00 00 00 00 00 00 00 00 11 ff ]
02-20 16:28:52.136 D/TunerPresenter(12107): handleTunerRawData: b1 0 0 22 83 0 0 0 0 0 0 0 0 0 0 0 0 
02-20 16:28:52.138 D/K706RadioManager(27006): IMcuListener.onTransact: code=1 flags=16
02-20 16:28:52.139 D/TunerManagerForExt(12107): FMRadio main (TunerManagerForExt.java:147) onTunerPresetListChanged:  - mBand: 0 - mPresetIndex: 0 - mFrequency: 8835 - index: 0 - preset: 0 - index: 1 - preset: 0 - index: 2 - preset: 0 - index: 3 - preset: 0 - index: 4 - preset: 0 - index: 5 - preset: 0
02-20 16:28:52.139 D/K706RadioManager(27006): >>> IMcuListener.onMcuInfoChanged received! data=B1 00 00 22 83 00 00 00 00 00 00 00 00 00 00 00 00 
02-20 16:28:52.140 D/K706RadioManager(27006): MCU[0xB1] len=17 : B1 00 00 22 83 00 00 00 00 00 00 00 00 00 00 00 00 
02-20 16:28:52.141 D/K706RadioManager(27006): PresetList: band=0 presetIdx=0 currentFreq=8835 firstFreq=8835 (offset=3)
02-20 16:28:52.141 D/K706RadioManager(27006): PresetList: band reportada=0 (ignorada, mCurrentBand=0)
02-20 16:28:52.141 D/K706RadioManager(27006): >>> FREQ: 88300 -> 88350 (MCU=8835, 88,35 MHz)
02-20 16:28:52.185 E/mcu_services( 5539): MCU2APP : [ff fe fd 12 01 b1 00 00 22 88 00 00 00 00 00 00 00 00 00 00 00 00 1a ff ]
02-20 16:28:52.185 D/TunerPresenter(12107): handleTunerRawData: b1 0 0 22 88 0 0 0 0 0 0 0 0 0 0 0 0 
02-20 16:28:52.187 D/K706RadioManager(27006): IMcuListener.onTransact: code=1 flags=16
02-20 16:28:52.188 D/K706RadioManager(27006): >>> IMcuListener.onMcuInfoChanged received! data=B1 00 00 22 88 00 00 00 00 00 00 00 00 00 00 00 00 
02-20 16:28:52.188 D/TunerManagerForExt(12107): FMRadio main (TunerManagerForExt.java:147) onTunerPresetListChanged:  - mBand: 0 - mPresetIndex: 0 - mFrequency: 8840 - index: 0 - preset: 0 - index: 1 - preset: 0 - index: 2 - preset: 0 - index: 3 - preset: 0 - index: 4 - preset: 0 - index: 5 - preset: 0
02-20 16:28:52.190 D/K706RadioManager(27006): MCU[0xB1] len=17 : B1 00 00 22 88 00 00 00 00 00 00 00 00 00 00 00 00 
02-20 16:28:52.190 D/K706RadioManager(27006): PresetList: band=0 presetIdx=0 currentFreq=8840 firstFreq=8840 (offset=3)
02-20 16:28:52.190 D/K706RadioManager(27006): PresetList: band reportada=0 (ignorada, mCurrentBand=0)
02-20 16:28:52.190 D/K706RadioManager(27006): >>> FREQ: 88350 -> 88400 (MCU=8840, 88,40 MHz)
02-20 16:28:52.234 E/mcu_services( 5539): MCU2APP : [ff fe fd 12 01 b1 00 00 22 8d 00 00 00 00 00 00 00 00 00 00 00 00 1f ff ]
02-20 16:28:52.236 D/TunerPresenter(12107): handleTunerRawData: b1 0 0 22 8d 0 0 0 0 0 0 0 0 0 0 0 0 
02-20 16:28:52.237 D/K706RadioManager(27006): IMcuListener.onTransact: code=1 flags=16
02-20 16:28:52.239 D/TunerManagerForExt(12107): FMRadio main (TunerManagerForExt.java:147) onTunerPresetListChanged:  - mBand: 0 - mPresetIndex: 0 - mFrequency: 8845 - index: 0 - preset: 0 - index: 1 - preset: 0 - index: 2 - preset: 0 - index: 3 - preset: 0 - index: 4 - preset: 0 - index: 5 - preset: 0
02-20 16:28:52.239 D/K706RadioManager(27006): >>> IMcuListener.onMcuInfoChanged received! data=B1 00 00 22 8D 00 00 00 00 00 00 00 00 00 00 00 00 
02-20 16:28:52.240 D/K706RadioManager(27006): MCU[0xB1] len=17 : B1 00 00 22 8D 00 00 00 00 00 00 00 00 00 00 00 00 
02-20 16:28:52.240 D/K706RadioManager(27006): PresetList: band=0 presetIdx=0 currentFreq=8845 firstFreq=8845 (offset=3)
02-20 16:28:52.240 D/K706RadioManager(27006): PresetList: band reportada=0 (ignorada, mCurrentBand=0)
02-20 16:28:52.241 D/K706RadioManager(27006): >>> FREQ: 88400 -> 88450 (MCU=8845, 88,45 MHz)
02-20 16:28:52.284 E/mcu_services( 5539): MCU2APP : [ff fe fd 12 01 b1 00 00 22 92 00 00 00 00 00 00 00 00 00 00 00 00 00 ff ]
02-20 16:28:52.286 D/TunerPresenter(12107): handleTunerRawData: b1 0 0 22 92 0 0 0 0 0 0 0 0 0 0 0 0 
02-20 16:28:52.288 D/K706RadioManager(27006): IMcuListener.onTransact: code=1 flags=16
02-20 16:28:52.289 D/TunerManagerForExt(12107): FMRadio main (TunerManagerForExt.java:147) onTunerPresetListChanged:  - mBand: 0 - mPresetIndex: 0 - mFrequency: 8850 - index: 0 - preset: 0 - index: 1 - preset: 0 - index: 2 - preset: 0 - index: 3 - preset: 0 - index: 4 - preset: 0 - index: 5 - preset: 0
02-20 16:28:52.289 D/K706RadioManager(27006): >>> IMcuListener.onMcuInfoChanged received! data=B1 00 00 22 92 00 00 00 00 00 00 00 00 00 00 00 00 
02-20 16:28:52.291 D/K706RadioManager(27006): MCU[0xB1] len=17 : B1 00 00 22 92 00 00 00 00 00 00 00 00 00 00 00 00 
02-20 16:28:52.291 D/K706RadioManager(27006): PresetList: band=0 presetIdx=0 currentFreq=8850 firstFreq=8850 (offset=3)
02-20 16:28:52.291 D/K706RadioManager(27006): PresetList: band reportada=0 (ignorada, mCurrentBand=0)
02-20 16:28:52.291 D/K706RadioManager(27006): >>> FREQ: 88450 -> 88500 (MCU=8850, 88,50 MHz)
02-20 16:28:52.334 E/mcu_services( 5539): MCU2APP : [ff fe fd 12 01 b1 00 00 22 97 00 00 00 00 00 00 00 00 00 00 00 00 05 ff ]
02-20 16:28:52.335 D/TunerPresenter(12107): handleTunerRawData: b1 0 0 22 97 0 0 0 0 0 0 0 0 0 0 0 0 
02-20 16:28:52.337 D/K706RadioManager(27006): IMcuListener.onTransact: code=1 flags=16
02-20 16:28:52.338 D/K706RadioManager(27006): >>> IMcuListener.onMcuInfoChanged received! data=B1 00 00 22 97 00 00 00 00 00 00 00 00 00 00 00 00 
02-20 16:28:52.339 D/TunerManagerForExt(12107): FMRadio main (TunerManagerForExt.java:147) onTunerPresetListChanged:  - mBand: 0 - mPresetIndex: 0 - mFrequency: 8855 - index: 0 - preset: 0 - index: 1 - preset: 0 - index: 2 - preset: 0 - index: 3 - preset: 0 - index: 4 - preset: 0 - index: 5 - preset: 0
02-20 16:28:52.340 D/K706RadioManager(27006): MCU[0xB1] len=17 : B1 00 00 22 97 00 00 00 00 00 00 00 00 00 00 00 00 
02-20 16:28:52.340 D/K706RadioManager(27006): PresetList: band=0 presetIdx=0 currentFreq=8855 firstFreq=8855 (offset=3)
02-20 16:28:52.340 D/K706RadioManager(27006): PresetList: band reportada=0 (ignorada, mCurrentBand=0)
02-20 16:28:52.340 D/K706RadioManager(27006): >>> FREQ: 88500 -> 88550 (MCU=8855, 88,55 MHz)
02-20 16:28:52.384 E/mcu_services( 5539): MCU2APP : [ff fe fd 12 01 b1 00 00 22 9c 00 00 00 00 00 00 00 00 00 00 00 00 0e ff ]
02-20 16:28:52.385 D/TunerPresenter(12107): handleTunerRawData: b1 0 0 22 9c 0 0 0 0 0 0 0 0 0 0 0 0 
02-20 16:28:52.386 D/K706RadioManager(27006): IMcuListener.onTransact: code=1 flags=16
02-20 16:28:52.388 D/K706RadioManager(27006): >>> IMcuListener.onMcuInfoChanged received! data=B1 00 00 22 9C 00 00 00 00 00 00 00 00 00 00 00 00 
02-20 16:28:52.388 D/TunerManagerForExt(12107): FMRadio main (TunerManagerForExt.java:147) onTunerPresetListChanged:  - mBand: 0 - mPresetIndex: 0 - mFrequency: 8860 - index: 0 - preset: 0 - index: 1 - preset: 0 - index: 2 - preset: 0 - index: 3 - preset: 0 - index: 4 - preset: 0 - index: 5 - preset: 0
02-20 16:28:52.390 D/K706RadioManager(27006): MCU[0xB1] len=17 : B1 00 00 22 9C 00 00 00 00 00 00 00 00 00 00 00 00 
02-20 16:28:52.390 D/K706RadioManager(27006): PresetList: band=0 presetIdx=0 currentFreq=8860 firstFreq=8860 (offset=3)
02-20 16:28:52.390 D/K706RadioManager(27006): PresetList: band reportada=0 (ignorada, mCurrentBand=0)
02-20 16:28:52.390 D/K706RadioManager(27006): >>> FREQ: 88550 -> 88600 (MCU=8860, 88,60 MHz)
02-20 16:28:52.433 E/mcu_services( 5539): MCU2APP : [ff fe fd 12 01 b1 00 00 22 a1 00 00 00 00 00 00 00 00 00 00 00 00 33 ff ]
02-20 16:28:52.435 D/TunerPresenter(12107): handleTunerRawData: b1 0 0 22 a1 0 0 0 0 0 0 0 0 0 0 0 0 
02-20 16:28:52.436 D/K706RadioManager(27006): IMcuListener.onTransact: code=1 flags=16
02-20 16:28:52.438 D/TunerManagerForExt(12107): FMRadio main (TunerManagerForExt.java:147) onTunerPresetListChanged:  - mBand: 0 - mPresetIndex: 0 - mFrequency: 8865 - index: 0 - preset: 0 - index: 1 - preset: 0 - index: 2 - preset: 0 - index: 3 - preset: 0 - index: 4 - preset: 0 - index: 5 - preset: 0
02-20 16:28:52.438 D/K706RadioManager(27006): >>> IMcuListener.onMcuInfoChanged received! data=B1 00 00 22 A1 00 00 00 00 00 00 00 00 00 00 00 00 
02-20 16:28:52.439 D/K706RadioManager(27006): MCU[0xB1] len=17 : B1 00 00 22 A1 00 00 00 00 00 00 00 00 00 00 00 00 
02-20 16:28:52.439 D/K706RadioManager(27006): PresetList: band=0 presetIdx=0 currentFreq=8865 firstFreq=8865 (offset=3)
02-20 16:28:52.439 D/K706RadioManager(27006): PresetList: band reportada=0 (ignorada, mCurrentBand=0)
02-20 16:28:52.440 D/K706RadioManager(27006): >>> FREQ: 88600 -> 88650 (MCU=8865, 88,65 MHz)
02-20 16:28:52.483 E/mcu_services( 5539): MCU2APP : [ff fe fd 12 01 b1 00 00 22 a6 00 00 00 00 00 00 00 00 00 00 00 00 34 ff ]
02-20 16:28:52.484 D/TunerPresenter(12107): handleTunerRawData: b1 0 0 22 a6 0 0 0 0 0 0 0 0 0 0 0 0 
02-20 16:28:52.485 D/K706RadioManager(27006): IMcuListener.onTransact: code=1 flags=16
02-20 16:28:52.487 D/TunerManagerForExt(12107): FMRadio main (TunerManagerForExt.java:147) onTunerPresetListChanged:  - mBand: 0 - mPresetIndex: 0 - mFrequency: 8870 - index: 0 - preset: 0 - index: 1 - preset: 0 - index: 2 - preset: 0 - index: 3 - preset: 0 - index: 4 - preset: 0 - index: 5 - preset: 0
02-20 16:28:52.487 D/K706RadioManager(27006): >>> IMcuListener.onMcuInfoChanged received! data=B1 00 00 22 A6 00 00 00 00 00 00 00 00 00 00 00 00 
02-20 16:28:52.488 D/K706RadioManager(27006): MCU[0xB1] len=17 : B1 00 00 22 A6 00 00 00 00 00 00 00 00 00 00 00 00 
02-20 16:28:52.488 D/K706RadioManager(27006): PresetList: band=0 presetIdx=0 currentFreq=8870 firstFreq=8870 (offset=3)
02-20 16:28:52.488 D/K706RadioManager(27006): PresetList: band reportada=0 (ignorada, mCurrentBand=0)
02-20 16:28:52.488 D/K706RadioManager(27006): >>> FREQ: 88650 -> 88700 (MCU=8870, 88,70 MHz)
02-20 16:28:52.533 E/mcu_services( 5539): MCU2APP : [ff fe fd 12 01 b1 00 00 22 ab 00 00 00 00 00 00 00 00 00 00 00 00 39 ff ]
02-20 16:28:52.535 D/TunerPresenter(12107): handleTunerRawData: b1 0 0 22 ab 0 0 0 0 0 0 0 0 0 0 0 0 
02-20 16:28:52.536 D/K706RadioManager(27006): IMcuListener.onTransact: code=1 flags=16
02-20 16:28:52.537 D/TunerManagerForExt(12107): FMRadio main (TunerManagerForExt.java:147) onTunerPresetListChanged:  - mBand: 0 - mPresetIndex: 0 - mFrequency: 8875 - index: 0 - preset: 0 - index: 1 - preset: 0 - index: 2 - preset: 0 - index: 3 - preset: 0 - index: 4 - preset: 0 - index: 5 - preset: 0
02-20 16:28:52.537 D/K706RadioManager(27006): >>> IMcuListener.onMcuInfoChanged received! data=B1 00 00 22 AB 00 00 00 00 00 00 00 00 00 00 00 00 
02-20 16:28:52.539 D/K706RadioManager(27006): MCU[0xB1] len=17 : B1 00 00 22 AB 00 00 00 00 00 00 00 00 00 00 00 00 
02-20 16:28:52.539 D/K706RadioManager(27006): PresetList: band=0 presetIdx=0 currentFreq=8875 firstFreq=8875 (offset=3)
02-20 16:28:52.539 D/K706RadioManager(27006): PresetList: band reportada=0 (ignorada, mCurrentBand=0)
02-20 16:28:52.539 D/K706RadioManager(27006): >>> FREQ: 88700 -> 88750 (MCU=8875, 88,75 MHz)
02-20 16:28:52.582 E/mcu_services( 5539): MCU2APP : [ff fe fd 12 01 b1 00 00 22 b0 00 00 00 00 00 00 00 00 00 00 00 00 22 ff ]
02-20 16:28:52.584 D/TunerPresenter(12107): handleTunerRawData: b1 0 0 22 b0 0 0 0 0 0 0 0 0 0 0 0 0 
02-20 16:28:52.586 D/K706RadioManager(27006): IMcuListener.onTransact: code=1 flags=16
02-20 16:28:52.587 D/TunerManagerForExt(12107): FMRadio main (TunerManagerForExt.java:147) onTunerPresetListChanged:  - mBand: 0 - mPresetIndex: 0 - mFrequency: 8880 - index: 0 - preset: 0 - index: 1 - preset: 0 - index: 2 - preset: 0 - index: 3 - preset: 0 - index: 4 - preset: 0 - index: 5 - preset: 0
02-20 16:28:52.587 D/K706RadioManager(27006): >>> IMcuListener.onMcuInfoChanged received! data=B1 00 00 22 B0 00 00 00 00 00 00 00 00 00 00 00 00 
02-20 16:28:52.588 E/mcu_services( 5539): APP2MCU - writeToUartNormal : [ff fd fe 05 01 a0 09 00 00 a8 ff ]
02-20 16:28:52.588 D/K706RadioManager(27006): MCU[0xB1] len=17 : B1 00 00 22 B0 00 00 00 00 00 00 00 00 00 00 00 00 
02-20 16:28:52.588 D/K706RadioManager(27006): PresetList: band=0 presetIdx=0 currentFreq=8880 firstFreq=8880 (offset=3)
02-20 16:28:52.588 D/K706RadioManager(27006): PresetList: band reportada=0 (ignorada, mCurrentBand=0)
02-20 16:28:52.588 D/K706RadioManager(27006): >>> FREQ: 88750 -> 88800 (MCU=8880, 88,80 MHz)
02-20 16:28:52.588 D/K706RadioManager(27006): CMD Enviado: sub=0x09 p1=0x00 p2=0x00
02-20 16:28:52.589 D/K706RadioManager(27006): StopScan fallback sendCmd (0x09)
02-20 16:28:52.593 E/mcu_services( 5539): MCU2APP : [ff fe fd 12 01 b1 00 00 22 b0 00 00 00 00 00 00 00 00 00 00 00 00 22 ff ]
02-20 16:28:52.595 D/K706RadioManager(27006): IMcuListener.onTransact: code=1 flags=16
02-20 16:28:52.596 D/K706RadioManager(27006): >>> IMcuListener.onMcuInfoChanged received! data=B1 00 00 22 B0 00 00 00 00 00 00 00 00 00 00 00 00 
02-20 16:28:52.597 D/TunerPresenter(12107): handleTunerRawData: b1 0 0 22 b0 0 0 0 0 0 0 0 0 0 0 0 0 
02-20 16:28:52.598 D/K706RadioManager(27006): MCU[0xB1] len=17 : B1 00 00 22 B0 00 00 00 00 00 00 00 00 00 00 00 00 
02-20 16:28:52.598 D/K706RadioManager(27006): PresetList: band=0 presetIdx=0 currentFreq=8880 firstFreq=8880 (offset=3)
02-20 16:28:52.598 D/K706RadioManager(27006): PresetList: band reportada=0 (ignorada, mCurrentBand=0)
02-20 16:28:52.600 D/TunerManagerForExt(12107): FMRadio main (TunerManagerForExt.java:147) onTunerPresetListChanged:  - mBand: 0 - mPresetIndex: 0 - mFrequency: 8880 - index: 0 - preset: 0 - index: 1 - preset: 0 - index: 2 - preset: 0 - index: 3 - preset: 0 - index: 4 - preset: 0 - index: 5 - preset: 0
02-20 16:28:52.690 E/mcu_services( 5539): MCU2APP : [ff fe fd 03 01 b0 20 91 ff ]
02-20 16:28:52.691 D/TunerPresenter(12107): handleTunerRawData: b0 20 
02-20 16:28:52.692 D/TunerManagerForExt(12107): FMRadio main (TunerManagerForExt.java:108) onTunerInfoChanged: onTunerInfoChanged - flag: 32 - asFlag: 0 - psFlag: 0 - scanFlag: 0 - seekFlag: 0 - mStFlag: 0 - mLocFlag: 1 - mIsSearching: true - mTempSearching: true
02-20 16:28:52.692 D/TunerManagerForExt(12107): FMRadio main (TunerManagerForExt.java:118) onTunerInfoChanged: mIsSearching: false - mTempSearching: false - asFlag: 0 - seekFlag: 0
02-20 16:28:52.693 D/K706RadioManager(27006): IMcuListener.onTransact: code=1 flags=16
02-20 16:28:52.693 D/K706RadioManager(27006): >>> IMcuListener.onMcuInfoChanged received! data=B0 20 
02-20 16:28:52.693 D/K706RadioManager(27006): MCU[0xB0] len=2 : B0 20 
02-20 16:28:52.693 D/K706RadioManager(27006): TunerInfo: flags=0x20 save=false AS=false finish=false valid=true ST=false LOC=false seek=false scan=false
02-20 16:28:53.883 E/mcu_services( 5539): MCU2APP : [ff fe fd 03 01 29 6d 45 ff ]
02-20 16:28:53.886 D/K706RadioManager(27006): IMcuListener.onTransact: code=1 flags=16
02-20 16:28:53.887 D/K706RadioManager(27006): >>> IMcuListener.onMcuInfoChanged received! data=29 6D 
02-20 16:28:53.887 D/K706RadioManager(27006): MCU[0x29] len=2 : 29 6D 
02-20 16:28:53.887 D/K706RadioManager(27006): Unknown MCU packet type: 0x29
02-20 16:28:54.630 E/mcu_services( 5539): APP2MCU - writeToUartNormal : [ff fd fe 05 01 a0 00 22 38 bb ff ]
02-20 16:28:54.631 D/K706RadioManager(27006): CMD Enviado: sub=0x00 p1=0x22 p2=0x38
02-20 16:28:54.631 D/K706RadioManager(27006): gotoFreq: input=87600 mcuFreq=8760 (h=0x22 l=0x38)
02-20 16:28:54.695 E/mcu_services( 5539): MCU2APP : [ff fe fd 03 01 b0 20 91 ff ]
02-20 16:28:54.695 D/TunerPresenter(12107): handleTunerRawData: b0 20 
02-20 16:28:54.696 D/TunerManagerForExt(12107): FMRadio main (TunerManagerForExt.java:108) onTunerInfoChanged: onTunerInfoChanged - flag: 32 - asFlag: 0 - psFlag: 0 - scanFlag: 0 - seekFlag: 0 - mStFlag: 0 - mLocFlag: 1 - mIsSearching: false - mTempSearching: false
02-20 16:28:54.696 D/TunerManagerForExt(12107): FMRadio main (TunerManagerForExt.java:118) onTunerInfoChanged: mIsSearching: false - mTempSearching: false - asFlag: 0 - seekFlag: 0
02-20 16:28:54.697 D/K706RadioManager(27006): IMcuListener.onTransact: code=1 flags=16
02-20 16:28:54.697 D/K706RadioManager(27006): >>> IMcuListener.onMcuInfoChanged received! data=B0 20 
02-20 16:28:54.697 D/K706RadioManager(27006): MCU[0xB0] len=2 : B0 20 
02-20 16:28:54.698 D/K706RadioManager(27006): TunerInfo: flags=0x20 save=false AS=false finish=false valid=true ST=false LOC=false seek=false scan=false
02-20 16:28:54.789 E/mcu_services( 5539): MCU2APP : [ff fe fd 12 01 b1 00 00 22 38 00 00 00 00 00 00 00 00 00 00 00 00 aa ff ]
02-20 16:28:54.791 D/TunerPresenter(12107): handleTunerRawData: b1 0 0 22 38 0 0 0 0 0 0 0 0 0 0 0 0 
02-20 16:28:54.792 D/TunerManagerForExt(12107): FMRadio main (TunerManagerForExt.java:147) onTunerPresetListChanged:  - mBand: 0 - mPresetIndex: 0 - mFrequency: 8760 - index: 0 - preset: 0 - index: 1 - preset: 0 - index: 2 - preset: 0 - index: 3 - preset: 0 - index: 4 - preset: 0 - index: 5 - preset: 0
02-20 16:28:54.793 D/K706RadioManager(27006): IMcuListener.onTransact: code=1 flags=16
02-20 16:28:54.794 D/K706RadioManager(27006): >>> IMcuListener.onMcuInfoChanged received! data=B1 00 00 22 38 00 00 00 00 00 00 00 00 00 00 00 00 
02-20 16:28:54.797 D/K706RadioManager(27006): MCU[0xB1] len=17 : B1 00 00 22 38 00 00 00 00 00 00 00 00 00 00 00 00 
02-20 16:28:54.798 D/K706RadioManager(27006): PresetList: band=0 presetIdx=0 currentFreq=8760 firstFreq=8760 (offset=3)
02-20 16:28:54.798 D/K706RadioManager(27006): PresetList: band reportada=0 (ignorada, mCurrentBand=0)
02-20 16:28:55.086 E/mcu_services( 5539): MCU2APP : [ff fe fd 03 01 b0 30 81 ff ]
02-20 16:28:55.088 D/TunerPresenter(12107): handleTunerRawData: b0 30 
02-20 16:28:55.088 D/TunerManagerForExt(12107): FMRadio main (TunerManagerForExt.java:108) onTunerInfoChanged: onTunerInfoChanged - flag: 48 - asFlag: 0 - psFlag: 0 - scanFlag: 0 - seekFlag: 0 - mStFlag: 1 - mLocFlag: 1 - mIsSearching: false - mTempSearching: false
02-20 16:28:55.088 D/TunerManagerForExt(12107): FMRadio main (TunerManagerForExt.java:118) onTunerInfoChanged: mIsSearching: false - mTempSearching: false - asFlag: 0 - seekFlag: 0
02-20 16:28:55.089 D/K706RadioManager(27006): IMcuListener.onTransact: code=1 flags=16
02-20 16:28:55.090 D/K706RadioManager(27006): >>> IMcuListener.onMcuInfoChanged received! data=B0 30 
02-20 16:28:55.090 D/K706RadioManager(27006): MCU[0xB0] len=2 : B0 30 
02-20 16:28:55.090 D/K706RadioManager(27006): TunerInfo: flags=0x30 save=false AS=false finish=true valid=true ST=false LOC=false seek=false scan=false
02-20 16:28:55.109 E/mcu_services( 5539): MCU2APP : [ff fe fd 03 01 b4 05 b0 ff ]
02-20 16:28:55.109 E/mcu_services( 5539): MCU2APP : [ff fe fd 04 01 b5 01 0b be ff ]
02-20 16:28:55.109 E/mcu_services( 5539): sendAckSuccess : [ff fd fe 02 02 b4 b6 ff ]
02-20 16:28:55.110 E/mcu_services( 5539): APP2MCU - writeToUart: [ff fd fe 02 02 b4 b6 ff ]
02-20 16:28:55.110 E/mcu_services( 5539): sendAckSuccess : [ff fd fe 02 02 b5 b7 ff ]
02-20 16:28:55.110 E/mcu_services( 5539): APP2MCU - writeToUart: [ff fd fe 02 02 b5 b7 ff ]
02-20 16:28:55.111 D/TunerPresenter(12107): handleTunerRawData: b4 5 
02-20 16:28:55.111 D/TunerManagerForExt(12107): FMRadio main (TunerManagerForExt.java:195) onTuneRdsIndicateInfo: onTuneRdsIndicateInfo - flag: 5 - mRdsSwitch: 1
02-20 16:28:55.112 D/K706RadioManager(27006): IMcuListener.onTransact: code=1 flags=16
02-20 16:28:55.112 D/K706RadioManager(27006): >>> IMcuListener.onMcuInfoChanged received! data=B4 05 
02-20 16:28:55.112 D/K706RadioManager(27006): MCU[0xB4] len=2 : B4 05 
02-20 16:28:55.112 D/K706RadioManager(27006): RDS B4 Flags: 0x05
02-20 16:28:55.114 D/TunerPresenter(12107): handleTunerRawData: b5 1 b 
02-20 16:28:55.114 D/TunerManagerForExt(12107): FMRadio main (TunerManagerForExt.java:220) onTuneRdsPtyTypeInfo: onTuneRdsPtyTypeInfo - mRdsPtyType: 1
02-20 16:28:55.115 D/K706RadioManager(27006): IMcuListener.onTransact: code=1 flags=16
02-20 16:28:55.115 D/K706RadioManager(27006): >>> IMcuListener.onMcuInfoChanged received! data=B5 01 0B 
02-20 16:28:55.116 D/K706RadioManager(27006): MCU[0xB5] len=3 : B5 01 0B 
02-20 16:28:55.116 D/K706RadioManager(27006): RDS PTY (0xB5): 1 (raw=B5 01 0B )
02-20 16:28:55.981 E/mcu_services( 5539): MCU2APP : [ff fe fd 03 01 29 6d 45 ff ]
02-20 16:28:55.984 D/K706RadioManager(27006): IMcuListener.onTransact: code=1 flags=16
02-20 16:28:55.985 D/K706RadioManager(27006): >>> IMcuListener.onMcuInfoChanged received! data=29 6D 
02-20 16:28:55.985 D/K706RadioManager(27006): MCU[0x29] len=2 : 29 6D 
02-20 16:28:55.985 D/K706RadioManager(27006): Unknown MCU packet type: 0x29
02-20 16:28:56.899 E/mcu_services( 5539): MCU2APP : [ff fe fd 0a 01 b6 20 52 4f 43 4b 20 46 4d a9 ff ]
02-20 16:28:56.900 E/mcu_services( 5539): sendAckSuccess : [ff fd fe 02 02 b6 b4 ff ]
02-20 16:28:56.900 E/mcu_services( 5539): APP2MCU - writeToUart: [ff fd fe 02 02 b6 b4 ff ]
02-20 16:28:56.901 D/TunerPresenter(12107): handleTunerRawData: b6 20 52 4f 43 4b 20 46 4d 
02-20 16:28:56.902 D/TunerManagerForExt(12107): FMRadio main (TunerManagerForExt.java:234) onTuneRdsPSInfo: onTuneRdsPSInfo - len: 9 - data: b6 20 52 4f 43 4b 20 46 4d 
02-20 16:28:56.903 D/K706RadioManager(27006): IMcuListener.onTransact: code=1 flags=16
02-20 16:28:56.903 D/TunerManagerForExt(12107): FMRadio main (TunerManagerForExt.java:258) onTuneRdsPSInfo: onTuneRdsPSInfo - mRdsPsInfo:  ROCK FM
02-20 16:28:56.904 D/K706RadioManager(27006): >>> IMcuListener.onMcuInfoChanged received! data=B6 20 52 4F 43 4B 20 46 4D 
02-20 16:28:56.904 D/K706RadioManager(27006): MCU[0xB6] len=9 : B6 20 52 4F 43 4B 20 46 4D 
02-20 16:28:56.905 D/K706RadioManager(27006): RDS PS: 'ROCK FM'
02-20 16:28:57.970 E/mcu_services( 5539): MCU2APP : [ff fe fd 03 01 29 6d 45 ff ]
02-20 16:28:57.973 D/K706RadioManager(27006): IMcuListener.onTransact: code=1 flags=16
02-20 16:28:57.974 D/K706RadioManager(27006): >>> IMcuListener.onMcuInfoChanged received! data=29 6D 
02-20 16:28:57.974 D/K706RadioManager(27006): MCU[0x29] len=2 : 29 6D 
02-20 16:28:57.974 D/K706RadioManager(27006): Unknown MCU packet type: 0x29
02-20 16:28:59.959 E/mcu_services( 5539): MCU2APP : [ff fe fd 03 01 29 6d 45 ff ]
02-20 16:28:59.962 D/K706RadioManager(27006): IMcuListener.onTransact: code=1 flags=16
02-20 16:28:59.962 D/K706RadioManager(27006): >>> IMcuListener.onMcuInfoChanged received! data=29 6D 
02-20 16:28:59.963 D/K706RadioManager(27006): MCU[0x29] len=2 : 29 6D 
02-20 16:28:59.963 D/K706RadioManager(27006): Unknown MCU packet type: 0x29
02-20 16:29:01.948 E/mcu_services( 5539): MCU2APP : [ff fe fd 03 01 29 6d 45 ff ]
02-20 16:29:01.952 D/K706RadioManager(27006): IMcuListener.onTransact: code=1 flags=16
02-20 16:29:01.952 D/K706RadioManager(27006): >>> IMcuListener.onMcuInfoChanged received! data=29 6D 
02-20 16:29:01.953 D/K706RadioManager(27006): MCU[0x29] len=2 : 29 6D 
02-20 16:29:01.953 D/K706RadioManager(27006): Unknown MCU packet type: 0x29
02-20 16:29:03.936 E/mcu_services( 5539): MCU2APP : [ff fe fd 03 01 29 6d 45 ff ]
02-20 16:29:03.939 D/K706RadioManager(27006): IMcuListener.onTransact: code=1 flags=16
02-20 16:29:03.940 D/K706RadioManager(27006): >>> IMcuListener.onMcuInfoChanged received! data=29 6D 
02-20 16:29:03.941 D/K706RadioManager(27006): MCU[0x29] len=2 : 29 6D 
02-20 16:29:03.941 D/K706RadioManager(27006): Unknown MCU packet type: 0x29
02-20 16:29:05.925 E/mcu_services( 5539): MCU2APP : [ff fe fd 03 01 29 6d 45 ff ]
02-20 16:29:05.929 D/K706RadioManager(27006): IMcuListener.onTransact: code=1 flags=16
02-20 16:29:05.930 D/K706RadioManager(27006): >>> IMcuListener.onMcuInfoChanged received! data=29 6D 
02-20 16:29:05.931 D/K706RadioManager(27006): MCU[0x29] len=2 : 29 6D 
02-20 16:29:05.931 D/K706RadioManager(27006): Unknown MCU packet type: 0x29
02-20 16:29:07.914 E/mcu_services( 5539): MCU2APP : [ff fe fd 03 01 29 6d 45 ff ]
02-20 16:29:07.917 D/K706RadioManager(27006): IMcuListener.onTransact: code=1 flags=16
02-20 16:29:07.918 D/K706RadioManager(27006): >>> IMcuListener.onMcuInfoChanged received! data=29 6D 
02-20 16:29:07.919 D/K706RadioManager(27006): MCU[0x29] len=2 : 29 6D 
02-20 16:29:07.919 D/K706RadioManager(27006): Unknown MCU packet type: 0x29
02-20 16:29:09.903 E/mcu_services( 5539): MCU2APP : [ff fe fd 03 01 29 6d 45 ff ]
02-20 16:29:09.907 D/K706RadioManager(27006): IMcuListener.onTransact: code=1 flags=16
02-20 16:29:09.907 D/K706RadioManager(27006): >>> IMcuListener.onMcuInfoChanged received! data=29 6D 
02-20 16:29:09.908 D/K706RadioManager(27006): MCU[0x29] len=2 : 29 6D 
02-20 16:29:09.908 D/K706RadioManager(27006): Unknown MCU packet type: 0x29
