id,pi_code,ps_name,frequency,logo_url,stream_url,latitude,longitude,hw_model,last_report_at,created_at,updated_at
004deb2e-7d92-457e-89c5-a15a8f9f788e,,COPE Más Zaragoza,0,https://graph.facebook.com/COPE/picture?width=200&height=200,https://wecast-bl02.flumotion.com/copesedes/zaragoza-mas.mp3,,,,2026-03-05 09:25:04.598001+00,2026-03-05 09:25:04.598001+00,2026-03-11 14:56:56.460954+00
00668c7e-bddb-4cb5-be91-481fee715a90,,SER Cuenca,0,https://graph.facebook.com/cadenaser/picture?width=200&height=200,https://playerservices.streamtheworld.com/api/livestream-redirect/SER_ASO_CUENCA.mp3,,,,2026-03-05 09:25:05.022457+00,2026-03-05 09:25:05.022457+00,2026-03-11 14:56:56.460954+00
00751b09-c8ae-4300-8a15-885eb45f15d9,,SER Elda,0,https://graph.facebook.com/cadenaser/picture?width=200&height=200,https://playerservices.streamtheworld.com/api/livestream-redirect/SER_ASO_ELDA.mp3,,,,2026-03-05 09:25:05.797436+00,2026-03-05 09:25:05.797436+00,2026-03-11 14:56:56.460954+00
007f913d-4907-4aaa-a8dc-72900694921b,,Carrusel FM,0,https://pbs.twimg.com/profile_images/520332074147123200/pzYkTYHB_200x200.jpeg,https://server10.emitironline.com:8921/radio?.mp3,,,,2026-03-05 09:25:06.511776+00,2026-03-05 09:25:06.511776+00,2026-03-11 14:56:56.460954+00
0082473f-d2dc-4275-a7f3-fd81c444a160,,SER Gandia,0,https://graph.facebook.com/cadenaser/picture?width=200&height=200,https://playerservices.streamtheworld.com/api/livestream-redirect/SER_ASO_GANDIA.mp3,,,,2026-03-05 09:25:05.797436+00,2026-03-05 09:25:05.797436+00,2026-03-11 14:56:56.460954+00
00917ae3-7b26-4f19-8fdf-bac94ba206e9,,esRadio Castilla y León,0,https://graph.facebook.com/esradio/picture?width=200&height=200,https://libertaddigital-radio-live4.flumotion.com/libertaddigital/ld-live4-med.aac,,,,2026-03-05 09:25:05.215377+00,2026-03-05 09:25:05.215377+00,2026-03-11 14:56:56.460954+00
00ae91b1-c2c0-40ad-8076-fa428771ff31,,Radio Universitaria Salamanca,0,https://graph.facebook.com/RadioUniversidadDeSalamanca/picture?width=200&height=200,http://212.128.140.98:8000/usalradio.mp3,,,,2026-03-05 09:25:05.436262+00,2026-03-05 09:25:05.436262+00,2026-03-11 14:56:56.460954+00
01608130-25a3-4edc-9244-a04d64347615,,COPE Logroño,0,https://graph.facebook.com/coperioja/picture?width=200&height=200,https://wecast-bl02.flumotion.com/copesedes/logrono.mp3,,,,2026-03-05 09:25:06.301894+00,2026-03-05 09:25:06.301894+00,2026-03-11 14:56:56.460954+00
016e9a0c-703d-474f-8a89-26b8d9125524,,Radio 5 Madrid,0,https://pbs.twimg.com/profile_images/1405097207339028480/H7nP_7Ti_200x200.jpg,https://dispatcher.rndfnk.com/crtve/rne5/mad/mp3/high,,,,2026-03-05 09:25:05.648309+00,2026-03-05 09:25:05.648309+00,2026-03-11 14:56:56.460954+00
01e4c0d1-c77a-4d2b-85a3-03f9626d6201,,amb2FM,0,https://pbs.twimg.com/profile_images/1245054974628892673/tjBDH_-q_200x200.jpg,https://frilab.wlan.cat/amb2fm,,,,2026-03-05 09:25:05.648309+00,2026-03-05 09:25:05.648309+00,2026-03-11 14:56:56.460954+00
01eacd23-ec19-4423-becf-cf18f3371165,,SER Extremadura,0,https://graph.facebook.com/cadenaser/picture?width=200&height=200,https://playerservices.streamtheworld.com/api/livestream-redirect/SER_EXTREMADURA.mp3,,,,2026-03-05 09:25:06.073332+00,2026-03-05 09:25:06.073332+00,2026-03-11 14:56:56.460954+00
02237947-2d39-4226-b955-e5713eb37d5b,,COPE Murcia,0,https://graph.facebook.com/COPE/picture?width=200&height=200,https://wecast-bl02.flumotion.com/copesedes/murcia.mp3,,,,2026-03-05 09:25:06.511776+00,2026-03-05 09:25:06.511776+00,2026-03-11 14:56:56.460954+00
0237e433-c081-495f-ad4c-cd89627b005b,,SER La Palma,0,https://graph.facebook.com/cadenaser/picture?width=200&height=200,https://playerservices.streamtheworld.com/api/livestream-redirect/SER_LA_PALMA.mp3,,,,2026-03-05 09:25:04.816771+00,2026-03-05 09:25:04.816771+00,2026-03-11 14:56:56.460954+00
0269d5b4-6ddc-4051-ad94-0994e95e381a,,SER Calatayud,0,https://graph.facebook.com/cadenaser/picture?width=200&height=200,https://playerservices.streamtheworld.com/api/livestream-redirect/SER_CALATAYUD.mp3,,,,2026-03-05 09:25:04.598001+00,2026-03-05 09:25:04.598001+00,2026-03-11 14:56:56.460954+00
028db481-def8-4301-9af3-561a76b8344c,,Onda Cero A Coruña,0,https://graph.facebook.com/ondacero/picture?width=200&height=200,https://atres-live.ondacero.es/live/delegaciones/oc/acoruna/master.m3u8,,,,2026-03-05 09:25:06.19346+00,2026-03-05 09:25:06.19346+00,2026-03-11 14:56:56.460954+00
03200b48-e317-4cdf-b885-58beed3fe5a1,,ONDACERO,0.0,https://graph.facebook.com/ondacero/picture?width=200&height=200,https://atres-live.ondacero.es/live/ondaceroeventos1/master.m3u8,,,,2026-03-04 22:28:54.84657+00,2026-03-04 22:28:54.84657+00,2026-03-11 14:56:56.460954+00
0328b13a-a37d-4258-b9ee-890c66b02a10,,Onda Cero Talavera de la Reina,0,https://graph.facebook.com/ondacero/picture?width=200&height=200,https://atres-live.ondacero.es/live/delegaciones/oc/talavera/master.m3u8,,,,2026-03-05 09:25:05.022457+00,2026-03-05 09:25:05.022457+00,2026-03-11 14:56:56.460954+00
03cb5377-5de4-4d9c-b077-0a37e5739ca1,,Habla Radio,0,https://graph.facebook.com/HablaRadioSS/picture?width=200&height=200,https://s33.myradiostream.com/15294/;stream.mp3,,,,2026-03-05 09:25:06.405237+00,2026-03-05 09:25:06.405237+00,2026-03-11 14:56:56.460954+00
03fbbecd-05a7-4502-a5b4-d74f247e638f,,Una Cosa Ràdio,0,https://pbs.twimg.com/profile_images/1317925182712041474/rNXMGU71_200x200.jpg,https://node-23.zeno.fm/v27tywkbwp8uv,,,,2026-03-05 09:25:05.542737+00,2026-03-05 09:25:05.542737+00,2026-03-11 14:56:56.460954+00
041f3e12-dd00-4c0c-9d9a-f3d62e248f53,,SER Madrid Oeste,0,https://graph.facebook.com/cadenaser/picture?width=200&height=200,https://playerservices.streamtheworld.com/api/livestream-redirect/SER_MADRID_OESTE.mp3,,,,2026-03-05 09:25:05.648309+00,2026-03-05 09:25:05.648309+00,2026-03-11 14:56:56.460954+00
04454df2-fefd-4734-ba10-910067213bbc,,SER Nordés,0,https://graph.facebook.com/cadenaser/picture?width=200&height=200,https://playerservices.streamtheworld.com/api/livestream-redirect/SER_ASO_CEE.mp3,,,,2026-03-05 09:25:06.19346+00,2026-03-05 09:25:06.19346+00,2026-03-11 14:56:56.460954+00
044bcd49-a104-4ee1-9214-744f5a26c92e,,Santurtzi Irratia,0,https://graph.facebook.com/StzGrupo/picture?width=200&height=200,https://one.cloudstreaming.eu/proxy/stzradio/stream,,,,2026-03-05 09:25:06.405237+00,2026-03-05 09:25:06.405237+00,2026-03-11 14:56:56.460954+00
0480eb21-fee7-4de1-92f5-74ff9c3cc3a6,,Onda 4 Ronda,0,https://akouradio.com/StatImage/31583.png,https://cervera.eldialdigital.com:23161/stream,,,,2026-03-05 09:25:04.598001+00,2026-03-05 09:25:04.598001+00,2026-03-11 14:56:56.460954+00
04ed6907-5ad6-423c-9245-9a6304604518,,SER Cartagena,0,https://graph.facebook.com/cadenaser/picture?width=200&height=200,https://playerservices.streamtheworld.com/api/livestream-redirect/SER_CARTAGENA.mp3,,,,2026-03-05 09:25:06.511776+00,2026-03-05 09:25:06.511776+00,2026-03-11 14:56:56.460954+00
052893e4-b705-4bc6-b336-3b5ccf03a7ff,,COPE Pirineos,0,https://graph.facebook.com/COPE/picture?width=200&height=200,https://s37.derstream.net/cope_pirineos.mp3,,,,2026-03-05 09:25:04.598001+00,2026-03-05 09:25:04.598001+00,2026-03-11 14:56:56.460954+00
05b576a2-c723-4ee2-8844-9a699bcc7d40,,Jazz Radio BCN,0,https://6e34eb1495.cbaul-cdnwnd.com/a7658da9cd3120f642cd6802a66d23d4/200000000-46869477e1/JAZZ.jpg,https://node-04.zeno.fm/tvt6bya8hg8uv,,,,2026-03-05 09:25:05.436262+00,2026-03-05 09:25:05.436262+00,2026-03-11 14:56:56.460954+00
05d97994-e26e-4b5b-aa2c-a0cc7a5f6a5b,,Ràdio l'Om,0,https://graph.facebook.com/radiolompicassent/picture?width=200&height=200,https://radiolom.es:8800/;.mp3,,,,2026-03-05 09:25:06.073332+00,2026-03-05 09:25:06.073332+00,2026-03-11 14:56:56.460954+00
0607bcc0-3c73-49e7-838a-306fd6d00bd3,,COPE Granada,0,https://graph.facebook.com/COPE/picture?width=200&height=200,https://wecast-bl02.flumotion.com/copesedes/granada.mp3,,,,2026-03-05 09:25:04.141561+00,2026-03-05 09:25:04.141561+00,2026-03-11 14:56:56.460954+00
06136375-106d-4cfc-86cd-22f4a7cbb24a,,SER Orihuela,0,https://graph.facebook.com/cadenaser/picture?width=200&height=200,https://playerservices.streamtheworld.com/api/livestream-redirect/SER_ASO_ORIHUELA.mp3,,,,2026-03-05 09:25:05.797436+00,2026-03-05 09:25:05.797436+00,2026-03-11 14:56:56.460954+00
061ff5d4-9922-4f48-a296-dcd2a9d2f8a5,,La Diez Radio,0,https://graph.facebook.com/ladiezradio/picture?width=200&height=200,https://panel5.soydigital.fm/8030/stream,,,,2026-03-05 09:25:04.816771+00,2026-03-05 09:25:04.816771+00,2026-03-11 14:56:56.460954+00
06504f0a-8575-497a-9713-757b1b397a56,,Ràdio Calp,0,https://media.emisorasmusicales.net/wp-content/uploads/2024/10/24105437/Logo-Radio-Calp-05-200x200.jpg,https://stream.emisorasmusicales.net/listen/radio-calp/radio-calp.mp3,,,,2026-03-05 09:25:06.073332+00,2026-03-05 09:25:06.073332+00,2026-03-11 14:56:56.460954+00
06737cad-44ad-44ce-a041-22246b9a4297,,Ushuaia Radio,0,https://ushuaia.radio/wp-content/uploads/2023/08/nuevo-logo-ushuaia-png-300x300.png,https://s4.radio.co/sc6f29e098/listen,,,,2026-03-05 09:25:06.301894+00,2026-03-05 09:25:06.301894+00,2026-03-11 14:56:56.460954+00
06950a7f-32e8-4211-b636-b7f10d5c1423,,Radio Utopía,0,https://graph.facebook.com/179099278878655/picture?width=200&height=200,http://streaming.radioutopia.org.es:8000/radio-utopia.mp3,,,,2026-03-05 09:25:05.648309+00,2026-03-05 09:25:05.648309+00,2026-03-11 14:56:56.460954+00
076cf3cf-2748-486e-a37c-0e46d1e1f3fe,,SER Baza,0.0,https://graph.facebook.com/cadenaser/picture?width=200&height=200,https://playerservices.streamtheworld.com/api/livestream-redirect/SER_ASO_BAZA.mp3,,,,2026-03-04 22:29:55.012933+00,2026-03-04 22:29:55.012933+00,2026-03-11 14:56:56.460954+00
0909c8f5-109c-466c-b008-291e9033f6b7,,SER Pamplona,0,https://graph.facebook.com/cadenaser/picture?width=200&height=200,https://playerservices.streamtheworld.com/api/livestream-redirect/SER_PAMPLONA.mp3,,,,2026-03-05 09:25:05.797436+00,2026-03-05 09:25:05.797436+00,2026-03-11 14:56:56.460954+00
090de2cb-f0e6-4f02-b957-fe17641d3030,,Onda Cero Girona,0,https://graph.facebook.com/ondacero/picture?width=200&height=200,https://atres-live.ondacero.es/live/delegaciones/oc/barcelona/master.m3u8,,,,2026-03-05 09:25:05.436262+00,2026-03-05 09:25:05.436262+00,2026-03-11 14:56:56.460954+00
093f14d7-0a20-4bee-8131-51dbbafef5a7,,Onda Occidental,0,https://graph.facebook.com/ondaoccidental/picture?width=200&height=200,https://server9.emitironline.com:10944/;.mp3,,,,2026-03-05 09:25:05.022457+00,2026-03-05 09:25:05.022457+00,2026-03-11 14:56:56.460954+00
098d083f-7286-47ca-a473-01e93c17378d,,SER Zaragoza,0,https://graph.facebook.com/cadenaser/picture?width=200&height=200,https://playerservices.streamtheworld.com/api/livestream-redirect/SER_ZARAGOZA.mp3,,,,2026-03-05 09:25:04.598001+00,2026-03-05 09:25:04.598001+00,2026-03-11 14:56:56.460954+00
09cba973-c898-4ee4-a830-05764983f9c4,,Onda Cero Cinca,0,https://graph.facebook.com/ondacerocinca/picture?width=200&height=200,https://atres-live.ondacero.es/live/delegaciones/oc/aso_monzon/master.m3u8,,,,2026-03-05 09:25:04.598001+00,2026-03-05 09:25:04.598001+00,2026-03-11 14:56:56.460954+00
09e4df75-7cf0-43aa-b156-a7a07ec9f71d,,SER Irun,0,https://graph.facebook.com/cadenaser/picture?width=200&height=200,https://playerservices.streamtheworld.com/api/livestream-redirect/SER_IRUN.mp3,,,,2026-03-05 09:25:06.405237+00,2026-03-05 09:25:06.405237+00,2026-03-11 14:56:56.460954+00
09ecc69c-4f6f-4b49-8b9b-c40be62d77c7,,RAC 105,0.0,https://graph.facebook.com/rac105/picture?width=200&height=200,https://playerservices.streamtheworld.com/api/livestream-redirect/RAC105AAC.aac,,,,2026-03-04 22:28:54.84657+00,2026-03-04 22:28:54.84657+00,2026-03-11 14:56:56.460954+00
0a437838-ed9c-4a68-a009-57208ea611a5,,SER Lorca,0,https://graph.facebook.com/cadenaser/picture?width=200&height=200,https://playerservices.streamtheworld.com/api/livestream-redirect/SER_LORCA.mp3,,,,2026-03-05 09:25:06.511776+00,2026-03-05 09:25:06.511776+00,2026-03-11 14:56:56.460954+00
0a7d4f2c-04d2-408e-a9c0-eb1bc2f09cae,,UD Almeria Radio,0,https://graph.facebook.com/udalmeriasad/picture?width=200&height=200,https://srv6022.dns-lcinternet.com:8002/livelq,,,,2026-03-05 09:25:03.819453+00,2026-03-05 09:25:03.819453+00,2026-03-11 14:56:56.460954+00
0a8b3061-ba62-4c4f-85c8-6d8247556fb4,,Radio 5 Andalucía,0,https://pbs.twimg.com/profile_images/1405097207339028480/H7nP_7Ti_200x200.jpg,https://dispatcher.rndfnk.com/crtve/rne5/sev/mp3/high,,,,2026-03-05 09:25:03.819453+00,2026-03-05 09:25:03.819453+00,2026-03-11 14:56:56.460954+00
0ae1cf8d-c5ae-4384-8814-86af50a3b0fa,,Cassette FM,0,https://media.emisorasmusicales.net/wp-content/uploads/2021/05/11022133/Cassette-200x200.png,https://stream.costafm.es/listen/cassettefm/radio.mp3,,,,2026-03-05 09:25:06.073332+00,2026-03-05 09:25:06.073332+00,2026-03-11 14:56:56.460954+00
0b07b56a-4965-49a8-b19f-7960627b8a60,,Oldies FM,0,https://graph.facebook.com/oldiesfmes/picture?width=200&height=200,https://h3004255.stratoserver.net:8000/oldiesfm,,,,2026-03-05 09:25:04.598001+00,2026-03-05 09:25:04.598001+00,2026-03-11 14:56:56.460954+00
0ba14b79-a656-418f-9e51-f1bcc56350e1,,Antenita,0,https://graph.facebook.com/Pequeradio/picture?width=200&height=200,https://vps-9f1e2662.vps.ovh.net/antenitafm,,,,2026-03-05 09:25:03.819453+00,2026-03-05 09:25:03.819453+00,2026-03-11 14:56:56.460954+00
0bde5774-d728-475e-871c-4ac95a263fbf,,ANTENA 2,0,https://hciqxvfvohcaiaqqrvdq.supabase.co/storage/v1/object/public/station-logos/portugal/Antena2.png,https://streaming-live.rtp.pt/liveradio/antena280a/playlist.m3u8,,,,2026-03-07 16:01:51.499129+00,2026-03-07 16:01:51.499129+00,2026-03-11 14:56:56.460954+00
0c422123-2baa-4a84-b9a4-d7f2acf07126,,COPE Zamora,0,https://graph.facebook.com/COPE/picture?width=200&height=200,https://wecast-bl02.flumotion.com/copesedes/zamora.mp3,,,,2026-03-05 09:25:05.215377+00,2026-03-05 09:25:05.215377+00,2026-03-11 14:56:56.460954+00
0c6d907c-1443-4bcb-a701-bc64ae8f1644,,Radio Nacional La Rioja,0,https://graph.facebook.com/radionacionalrne/picture?width=200&height=200,https://dispatcher.rndfnk.com/crtve/rne1/rio/mp3/high,,,,2026-03-05 09:25:06.301894+00,2026-03-05 09:25:06.301894+00,2026-03-11 14:56:56.460954+00
0cb341b3-4987-45fc-8b7a-9312da5775ac,,SER Tudela,0,https://graph.facebook.com/cadenaser/picture?width=200&height=200,https://playerservices.streamtheworld.com/api/livestream-redirect/SER_TUDELA.mp3,,,,2026-03-05 09:25:05.797436+00,2026-03-05 09:25:05.797436+00,2026-03-11 14:56:56.460954+00
0cde8b70-fe48-475a-8912-72afdf89d0b6,,SER Teruel,0,https://graph.facebook.com/cadenaser/picture?width=200&height=200,https://playerservices.streamtheworld.com/api/livestream-redirect/SER_TERUEL.mp3,,,,2026-03-05 09:25:04.598001+00,2026-03-05 09:25:04.598001+00,2026-03-11 14:56:56.460954+00
0d58d4c2-803a-4321-afdb-525096825107,,Radio Chinchilla,0,https://graph.facebook.com/RadioChinchilla/picture?width=200&height=200,https://streaming2.elitecomunicacion.es:8114/stream,,,,2026-03-05 09:25:05.215377+00,2026-03-05 09:25:05.215377+00,2026-03-11 14:56:56.460954+00
0d7a1af3-96d8-4deb-8938-626d99861470,,SER Arco Norte,0,https://graph.facebook.com/cadenaser/picture?width=200&height=200,https://playerservices.streamtheworld.com/api/livestream-redirect/SER_ARCO_NORTE.mp3,,,,2026-03-05 09:25:06.511776+00,2026-03-05 09:25:06.511776+00,2026-03-11 14:56:56.460954+00
0e698aae-250f-4aa9-8ab9-0c39287dbebe,,La Fresca FM,0,https://graph.facebook.com/lafresca.es/picture?width=200&height=200,https://stream.produccionesdale.com/listen/lafresca/altacalidad,,,,2026-03-05 09:25:04.377712+00,2026-03-05 09:25:04.377712+00,2026-03-11 14:56:56.460954+00
0e8fb86f-784a-49ad-8378-9a33b92c0646,,SER Madrid Sur,0,https://graph.facebook.com/cadenaser/picture?width=200&height=200,https://playerservices.streamtheworld.com/api/livestream-redirect/SER_ASO_MADRID_SUR.mp3,,,,2026-03-05 09:25:05.648309+00,2026-03-05 09:25:05.648309+00,2026-03-11 14:56:56.460954+00
0ee41fa7-f147-44f6-8bdf-95cba61d5e4a,,La Jungla Radio Valencia,0,https://graph.facebook.com/lajunglaradiovlc/picture?width=200&height=200,https://azurasttp.es/listen/wepappnew/webappnew.mp3,,,,2026-03-05 09:25:05.928863+00,2026-03-05 09:25:05.928863+00,2026-03-11 14:56:56.460954+00
0f05733b-0a92-4681-92a7-27609f0fe2bc,,Dénia FM,0,https://graph.facebook.com/deniafm92.5/picture?width=200&height=200,https://stream.serviciospararadios.es/listen/denia_fm/deniafm.mp3,,,,2026-03-05 09:25:05.928863+00,2026-03-05 09:25:05.928863+00,2026-03-11 14:56:56.460954+00
0f37705e-b511-4a43-8aab-d59ac7fc98f0,,Paterna Ahora,0,https://graph.facebook.com/PaternaAhoraweb/picture?width=200&height=200,https://server8.emitironline.com:18242/stream,,,,2026-03-05 09:25:06.073332+00,2026-03-05 09:25:06.073332+00,2026-03-11 14:56:56.460954+00
0fa247a2-6d9f-44be-a3b7-6e0f08a13f2a,,Radio Miajadas,0,https://graph.facebook.com/489965251169138/picture?width=200&height=200,https://srv7031.dns-lcinternet.com/8044/stream,,,,2026-03-05 09:25:06.19346+00,2026-03-05 09:25:06.19346+00,2026-03-11 14:56:56.460954+00
0fce92fe-ccca-430b-b4d9-15e5ad7b1c31,,SER Melilla,0,https://graph.facebook.com/cadenaser/picture?width=200&height=200,https://playerservices.streamtheworld.com/api/livestream-redirect/SER_MELILLA.mp3,,,,2026-03-05 09:25:06.301894+00,2026-03-05 09:25:06.301894+00,2026-03-11 14:56:56.460954+00
0fe0ed23-9456-49f5-a017-8b1545c241ff,,Son Galicia Radio,0,https://graph.facebook.com/aradiogalega/picture?width=200&height=200,https://crtvg-songalicia-hls.flumotion.cloud/playlist.m3u8,,,,2026-03-05 09:25:06.19346+00,2026-03-05 09:25:06.19346+00,2026-03-11 14:56:56.460954+00
101bff84-e1dd-49eb-8c6a-bd5a2815b0b3,,Catalunya Ràdio,0.0,https://graph.facebook.com/catradio/picture?width=200&height=200,https://directes-radio-int.3catdirectes.cat/live-content/catalunya-radio-hls/master.m3u8,,,,2026-03-04 22:28:54.84657+00,2026-03-04 22:28:54.84657+00,2026-03-11 14:56:56.460954+00
1030ecbd-ec9d-44db-ad9d-88ee505e6f00,,SER Zamora,0,https://graph.facebook.com/cadenaser/picture?width=200&height=200,https://playerservices.streamtheworld.com/api/livestream-redirect/SER_ASO_ZAMORA.mp3,,,,2026-03-05 09:25:05.215377+00,2026-03-05 09:25:05.215377+00,2026-03-11 14:56:56.460954+00
103435b3-6fa3-4fe5-9c9a-62b6d75a80f1,,SER Xàtiva,0,https://graph.facebook.com/cadenaser/picture?width=200&height=200,https://playerservices.streamtheworld.com/api/livestream-redirect/SER_ASO_XATIVA.mp3,,,,2026-03-05 09:25:05.797436+00,2026-03-05 09:25:05.797436+00,2026-03-11 14:56:56.460954+00
1053e738-121c-4f4e-a0a1-bc646930b320,,RPA,0,https://graph.facebook.com/RTPAoficial/picture?width=200&height=200,https://cdn-rtpa.watchity.net/wct-3545e416-1a16-44b5-b0db-481136ecacc9/continuous/7be5c015-1da2-4927-a49b-8d232faa69be/radio/index.m3u8,,,,2026-03-05 09:25:06.405237+00,2026-03-05 09:25:06.405237+00,2026-03-11 14:56:56.460954+00
1097a6ca-3538-44ae-93e6-6b5137330554,,Babyradio Nanas,0,https://yt3.googleusercontent.com/ytc/AIdro_k2PqG2pKYF9_qLh_ut69Z0MtU-jXsRvezCZQtbjivJsX8=s200,https://srv6022.dns-lcinternet.com:8027/stream,,,,2026-03-05 09:25:03.819453+00,2026-03-05 09:25:03.819453+00,2026-03-11 14:56:56.460954+00
10d009d0-4bd4-4fae-898a-ca26760edf21,,Ràdio Montblanc,0,https://graph.facebook.com/139643876226143/picture?width=200&height=200,https://relay.stream.enacast-cloud.com:40045/radiomontblanc128.mp3,,,,2026-03-05 09:25:05.542737+00,2026-03-05 09:25:05.542737+00,2026-03-11 14:56:56.460954+00
1104119f-d837-4924-b745-23469c03f9b1,,Radio Huesca Sariñena,0,https://graph.facebook.com/cadenaser/picture?width=200&height=200,https://playerservices.streamtheworld.com/api/livestream-redirect/SER_SARINENA.mp3,,,,2026-03-05 09:25:04.816771+00,2026-03-05 09:25:04.816771+00,2026-03-11 14:56:56.460954+00
11a88e79-88f4-4663-befd-5ef83ff51799,,Onda Regional Música,0,https://graph.facebook.com/OndaRegional/picture?width=200&height=200,https://crmlive.redctnet.es/liveedge/orm/ormmusical/playlist.m3u8,,,,2026-03-05 09:25:06.511776+00,2026-03-05 09:25:06.511776+00,2026-03-11 14:56:56.460954+00
11b44850-f552-4bfd-8b1f-a9b37c9a94bc,,LOS40 Classic Bajo Aragón,0,https://graph.facebook.com/Los40Classic.Oficial/picture?width=200&height=200,https://los40classic.radioonlinelacomarca.net:8533/40classic.mp3,,,,2026-03-05 09:25:04.598001+00,2026-03-05 09:25:04.598001+00,2026-03-11 14:56:56.460954+00
11e25360-3514-44fc-9771-926d8c05dfe7,,SER Avilés,0,https://graph.facebook.com/cadenaser/picture?width=200&height=200,https://playerservices.streamtheworld.com/api/livestream-redirect/SER_AVILES.mp3,,,,2026-03-05 09:25:06.405237+00,2026-03-05 09:25:06.405237+00,2026-03-11 14:56:56.460954+00
1211ab4f-8391-44ed-b3e6-d4b398c2373f,,Radio 5 Castilla y León,0,https://pbs.twimg.com/profile_images/1405097207339028480/H7nP_7Ti_200x200.jpg,https://dispatcher.rndfnk.com/crtve/rne5/vll/mp3/high,,,,2026-03-05 09:25:05.215377+00,2026-03-05 09:25:05.215377+00,2026-03-11 14:56:56.460954+00
127c3690-e9ab-43ab-93af-979a6f52125d,,Radio 90FM,0,https://pbs.twimg.com/profile_images/1502655409575890945/iDYjAczK_200x200.jpg,https://stream.radio90.fm:2002/web,,,,2026-03-05 09:25:06.073332+00,2026-03-05 09:25:06.073332+00,2026-03-11 14:56:56.460954+00
1300d5ad-c62f-47b7-bb79-6084050c9b1e,,BiG FM Alemania,0,https://graph.facebook.com/RadiobigFM/picture?width=200&height=200,https://streams.bigfm.de/bigfm-deutschland-128-mp3,,,,2026-03-05 09:25:06.615794+00,2026-03-05 09:25:06.615794+00,2026-03-11 14:56:56.460954+00
130b1175-b069-40ab-b23e-89e7039d28ab,,Radio Nacional Perú,0,https://graph.facebook.com/radionacionaldelperu/picture?width=200&height=200,https://cdnhd.iblups.com/hls/0773874174fd4eba8bb9eff741d190dc.m3u8,,,,2026-03-05 09:25:06.615794+00,2026-03-05 09:25:06.615794+00,2026-03-11 14:56:56.460954+00
1342b88f-a36f-4ebc-9733-f2fbacbb5720,,Radio Marca Asturias,0,https://graph.facebook.com/RadioMARCA/picture?width=200&height=200,https://streaming.enacast.com/radiomarcaasturiasHD.mp3,,,,2026-03-05 09:25:06.405237+00,2026-03-05 09:25:06.405237+00,2026-03-11 14:56:56.460954+00
1353359f-f3d5-4b2d-9cef-63f92f222a67,,Radio Nacional Extremadura,0,https://graph.facebook.com/radionacionalrne/picture?width=200&height=200,https://dispatcher.rndfnk.com/crtve/rne1/ext/mp3/high,,,,2026-03-05 09:25:06.073332+00,2026-03-05 09:25:06.073332+00,2026-03-11 14:56:56.460954+00
13abaadc-6eaf-49a0-ab33-4b51a4ec10a0,,Radio Chanquete,0,https://graph.facebook.com/radiochanquete/picture?width=200&height=200,http://185.23.192.118:8008/;stream.mp3,,,,2026-03-05 09:25:04.377712+00,2026-03-05 09:25:04.377712+00,2026-03-11 14:56:56.460954+00
146402aa-5f49-4ce7-80bc-e570362935a9,,Ràdio Mollet,0,https://graph.facebook.com/radiomollet963/picture?width=200&height=200,https://enacast.com/radiomollet/streams/HD,,,,2026-03-05 09:25:05.542737+00,2026-03-05 09:25:05.542737+00,2026-03-11 14:56:56.460954+00
148335e1-ee88-4976-b2a1-44ea1f46ce23,,La Flamenca,0,https://media.emisorasmusicales.net/wp-content/uploads/2020/03/11023733/LaFlamenca-200x200.png,https://stream.emisorasmusicales.net/radio/8070/laflamenca.mp3,,,,2026-03-05 09:25:05.928863+00,2026-03-05 09:25:05.928863+00,2026-03-11 14:56:56.460954+00
14db4e5a-0930-411d-a8e0-5480dbdeb470,,Onda Cero Yecla,0,https://graph.facebook.com/ondacero/picture?width=200&height=200,https://atres-live.ondacero.es/live/delegaciones/oc/yecla/master.m3u8,,,,2026-03-05 09:25:06.511776+00,2026-03-05 09:25:06.511776+00,2026-03-11 14:56:56.460954+00
1531421b-c30c-4cec-a687-ebc2d0048ceb,,Radio San Borondón,0,https://graph.facebook.com/RSanBorondon/picture?width=200&height=200,https://cast5.my-control-panel.com/proxy/carlosal/stream,,,,2026-03-05 09:25:04.816771+00,2026-03-05 09:25:04.816771+00,2026-03-11 14:56:56.460954+00
15747a10-134f-4d8e-a3e0-66b7660fcc20,,LOS40 México,0,https://graph.facebook.com/los40mexico/picture?width=200&height=200,https://playerservices.streamtheworld.com/api/livestream-redirect/LOS40_MEXICO.mp3,,,,2026-03-05 09:25:06.615794+00,2026-03-05 09:25:06.615794+00,2026-03-11 14:56:56.460954+00
15c00835-137c-4c0c-879e-eb40eaf6f33f,,Radio Villalba,0,https://graph.facebook.com/radiovillalbafm/picture?width=200&height=200,https://srv7041.dns-lcinternet.com/8042/stream,,,,2026-03-05 09:25:05.648309+00,2026-03-05 09:25:05.648309+00,2026-03-11 14:56:56.460954+00
166f031d-35d8-483d-ba7f-fe5cd5b58364,,Radio Ujo,0,https://pbs.twimg.com/profile_images/822520464836849664/C124fpj__200x200.jpg,https://51551a56-d200-46f7-91c8-36c07a837e44.clouding.host:8000/radio,,,,2026-03-05 09:25:06.511776+00,2026-03-05 09:25:06.511776+00,2026-03-11 14:56:56.460954+00
169a5bd6-44ba-493c-8957-5662c0c827d6,,SER Levante,0,https://graph.facebook.com/cadenaser/picture?width=200&height=200,https://playerservices.streamtheworld.com/api/livestream-redirect/SER_ASO_LEVANTE.mp3,,,,2026-03-05 09:25:04.141561+00,2026-03-05 09:25:04.141561+00,2026-03-11 14:56:56.460954+00
16a59252-f50f-4967-b5c1-ac844d16dcdc,,SER Baixo Miño,0,https://graph.facebook.com/cadenaser/picture?width=200&height=200,https://playerservices.streamtheworld.com/api/livestream-redirect/SER_ASO_BAIXOMINO.mp3,,,,2026-03-05 09:25:06.19346+00,2026-03-05 09:25:06.19346+00,2026-03-11 14:56:56.460954+00
179b0d87-6a5f-4aaa-bc3a-ce1ccc289e0a,,Onda Cero Valladolid,0,https://graph.facebook.com/ondacero/picture?width=200&height=200,https://atres-live.ondacero.es/live/delegaciones/oc/valladolid/master.m3u8,,,,2026-03-05 09:25:05.215377+00,2026-03-05 09:25:05.215377+00,2026-03-11 14:56:56.460954+00
17e26199-12bc-49a3-989a-76791d7ae0ff,,SER Aranda,0,https://graph.facebook.com/cadenaser/picture?width=200&height=200,https://playerservices.streamtheworld.com/api/livestream-redirect/SER_ASO_ARANDA.mp3,,,,2026-03-05 09:25:05.215377+00,2026-03-05 09:25:05.215377+00,2026-03-11 14:56:56.460954+00
18248112-6185-4d6d-81b7-e57029e6d034,,Cuac FM,0,https://graph.facebook.com/cuacfm/picture?width=200&height=200,https://streaming.cuacfm.org/cuacfm-128k.mp3,,,,2026-03-05 09:25:06.19346+00,2026-03-05 09:25:06.19346+00,2026-03-11 14:56:56.460954+00
18321889-a639-46af-ad6c-30da6b44e619,,CBN Fiesta Hoy,0,https://www1.cbn.com/sites/all/libraries/radio/img/fiestahoy300x300.jpg,https://streams.cbnradio.com/fiesta-hoy-128K,,,,2026-03-05 09:25:06.615794+00,2026-03-05 09:25:06.615794+00,2026-03-11 14:56:56.460954+00
1850480b-71f5-4591-8d74-814b1416d414,,SER Úbeda,0,https://graph.facebook.com/cadenaser/picture?width=200&height=200,https://playerservices.streamtheworld.com/api/livestream-redirect/SER_ASO_UBEDAAAC.aac,,,,2026-03-05 09:25:04.141561+00,2026-03-05 09:25:04.141561+00,2026-03-11 14:56:56.460954+00
188be000-2a93-4336-a7d2-f8477d286881,,SER Linares,0,https://graph.facebook.com/cadenaser/picture?width=200&height=200,https://playerservices.streamtheworld.com/api/livestream-redirect/SER_LINARES.mp3,,,,2026-03-05 09:25:04.141561+00,2026-03-05 09:25:04.141561+00,2026-03-11 14:56:56.460954+00
18f7abb3-7bb6-49b9-9492-cecf7d7595f5,,Onda Latina,0,https://graph.facebook.com/ondalatina.com.es/picture?width=200&height=200,https://cervera.eldialdigital.com:21131/stream,,,,2026-03-05 09:25:05.797436+00,2026-03-05 09:25:05.797436+00,2026-03-11 14:56:56.460954+00
190e935a-2542-4a14-859a-8c468bec248d,,Cadena Dial Andalucia Este,0,https://graph.facebook.com/cadenadial/picture?width=200&height=200,http://streaming5.elitecomunicacion.es:8226/stream,,,,2026-03-05 09:25:04.377712+00,2026-03-05 09:25:04.377712+00,2026-03-11 14:56:56.460954+00
1962ed1b-9594-40a8-b13b-54931e2e9c0f,,Onda Cero Sevilla,0.0,https://graph.facebook.com/ondacero/picture?width=200&height=200,https://atres-live.ondacero.es/live/delegaciones/oc/sevilla/master.m3u8,,,,2026-03-04 22:29:55.012933+00,2026-03-04 22:29:55.012933+00,2026-03-11 14:56:56.460954+00
19bd075f-a3b2-4a97-a2c0-80d9127af22b,,Radio Sierra,0,https://graph.facebook.com/RadioSierraFM/picture?width=200&height=200,https://srv7031.dns-lcinternet.com/8050/stream,,,,2026-03-05 09:25:04.377712+00,2026-03-05 09:25:04.377712+00,2026-03-11 14:56:56.460954+00
1a25a943-36fa-4640-a97b-3b58b9f70f2a,,Cerdanyola Radio,0,https://graph.facebook.com/cerdanyola.info/picture?width=200&height=200,https://comcast01-h-cloud.flumotion.com/ajcerdanyola/live.mp3,,,,2026-03-05 09:25:05.542737+00,2026-03-05 09:25:05.542737+00,2026-03-11 14:56:56.460954+00
1a2b64a0-958e-4273-a9fa-1214cd3d9c74,,Hit Radio Zona Oriental,0,https://graph.facebook.com/HitRadioElGrado/picture?width=200&height=200,http://stm1.emiteonline.com:8004/hitelgrado,,,,2026-03-05 09:25:04.816771+00,2026-03-05 09:25:04.816771+00,2026-03-11 14:56:56.460954+00
1a541aa8-9b81-4c31-90de-7debefe5eaa3,,COPE Vigo,0,https://graph.facebook.com/COPE/picture?width=200&height=200,https://wecast-bl02.flumotion.com/copesedes/vigo.mp3,,,,2026-03-05 09:25:06.19346+00,2026-03-05 09:25:06.19346+00,2026-03-11 14:56:56.460954+00
1ab19dbe-a673-4e4a-a578-4b7d816d829e,,SER Reus,0,https://graph.facebook.com/cadenaser/picture?width=200&height=200,https://playerservices.streamtheworld.com/api/livestream-redirect/SER_REUS.mp3,,,,2026-03-05 09:25:05.436262+00,2026-03-05 09:25:05.436262+00,2026-03-11 14:56:56.460954+00
1b172f8c-48a8-4194-954e-7faaf9cb980e,,Xtrema FM,0,https://graph.facebook.com/xtremafm/picture?width=200&height=200,https://server1.radiocast.es/listen/xtrema_fm/xtremafm,,,,2026-03-05 09:25:06.511776+00,2026-03-05 09:25:06.511776+00,2026-03-11 14:56:56.460954+00
1b23c61b-4900-445b-a28a-c202ef5bd24c,,Nostalgia FM,0,https://graph.facebook.com/nostalgiaspain/picture?width=200&height=200,https://azura.abcorp.es/radio/8040/live,,,,2026-03-05 09:25:04.377712+00,2026-03-05 09:25:04.377712+00,2026-03-11 14:56:56.460954+00
1b75c21b-1222-4199-95af-d7340ea385f6,,Radio Balear,0,https://graph.facebook.com/radiobalearfm/picture?width=200&height=200,https://server10.emitironline.com:8076/stream,,,,2026-03-05 09:25:06.301894+00,2026-03-05 09:25:06.301894+00,2026-03-11 14:56:56.460954+00
1b7baa2f-dabe-442f-9287-e4ef8ac69759,,Inforadio UCM,0,https://graph.facebook.com/inforadiocomplutense/picture?width=200&height=200,https://giss.tv:666/inforadioucm.mp3,,,,2026-03-05 09:25:05.797436+00,2026-03-05 09:25:05.797436+00,2026-03-11 14:56:56.460954+00
1b892be8-b2a3-44cf-8cc4-5bb2c4eb2462,,LOS40 Costa de la Luz,0,https://graph.facebook.com/los40/picture?width=200&height=200,http://5.135.183.124:8326/stream,,,,2026-03-05 09:25:04.377712+00,2026-03-05 09:25:04.377712+00,2026-03-11 14:56:56.460954+00
1bbbe1fb-8125-46c3-b3ed-bd50d4242b4a,,Radio 5 Cantabria,0,https://pbs.twimg.com/profile_images/1405097207339028480/H7nP_7Ti_200x200.jpg,https://dispatcher.rndfnk.com/crtve/rne5/ctb/mp3/high,,,,2026-03-05 09:25:04.816771+00,2026-03-05 09:25:04.816771+00,2026-03-11 14:56:56.460954+00
1c1920b4-39e1-41de-a0fc-fd585e23c19d,,Europa FM,0.0,https://graph.facebook.com/tueuropafm/picture?width=200&height=200,https://radio-atres-live.ondacero.es/api/livestream-redirect/EFMAAC.aac,,,,2026-03-04 22:28:54.84657+00,2026-03-04 22:28:54.84657+00,2026-03-11 14:56:56.460954+00
1cabe458-c998-401a-bdb1-16d86c295f7b,,esRadio Málaga,0,https://pbs.twimg.com/profile_images/642024744393539586/9gQectkl_200x200.jpg,https://azura.abcorp.es/listen/esradio_malaga/radio.mp3,,,,2026-03-05 09:25:04.377712+00,2026-03-05 09:25:04.377712+00,2026-03-11 14:56:56.460954+00
1cf1c883-3e8b-43c1-bd26-61736076045b,,Radio Clásica RNE,0.0,https://graph.facebook.com/radioclasicartve/picture?width=200&height=200,https://rtvelivestream.rtve.es/rtvesec/rne/rne_r2_main.m3u8,,,,2026-03-04 22:28:54.84657+00,2026-03-04 22:28:54.84657+00,2026-03-11 14:56:56.460954+00
1d7a15cb-06ed-4dbe-a233-88ab6857f57f,,Versión Radio,0,https://graph.facebook.com/versionradioasjm/picture?width=200&height=200,https://radioserver11.profesionalhosting.com/proxy/hcauhcvs?mp=/stream,,,,2026-03-05 09:25:06.073332+00,2026-03-05 09:25:06.073332+00,2026-03-11 14:56:56.460954+00
1e383224-9ef3-4bba-9aeb-66f443570b25,,LokuraFM,0,https://play-lh.googleusercontent.com/pRLw0KpuXGQxblfGu8kwMNx0rrOurCW7YBaZiHYTojJkBe0uzQOd3AKvCsbBYMyOOpzp=w200-h200,https://radioserver11.profesionalhosting.com/proxy/pkg131447?mp=/stream,,,,2026-03-05 09:25:04.816771+00,2026-03-05 09:25:04.816771+00,2026-03-11 14:56:56.460954+00
1e79c636-8dd6-461c-808a-8177e9d2c1d5,,LOS40 Indalo,0,https://graph.facebook.com/los40/picture?width=200&height=200,https://playerservices.streamtheworld.com/api/livestream-redirect/LOS40_ASO_INDALO.mp3,,,,2026-03-05 09:25:04.377712+00,2026-03-05 09:25:04.377712+00,2026-03-11 14:56:56.460954+00
1e8d5c97-d9ba-4726-8976-cda619940298,,Onda Cero Las Palmas,0,https://graph.facebook.com/ondacero/picture?width=200&height=200,https://atres-live.ondacero.es/live/delegaciones/oc/canarias/master.m3u8,,,,2026-03-05 09:25:04.816771+00,2026-03-05 09:25:04.816771+00,2026-03-11 14:56:56.460954+00
1eee6738-bb1c-4360-afc2-43aa7299952c,,Onda Cero Lleida,0,https://graph.facebook.com/ondacero/picture?width=200&height=200,https://atres-live.ondacero.es/live/delegaciones/oc/lleida/master.m3u8,,,,2026-03-05 09:25:05.436262+00,2026-03-05 09:25:05.436262+00,2026-03-11 14:56:56.460954+00
1f27bd6c-437b-4166-976d-b4025877ced5,,Onda Sur Motril,0,https://graph.facebook.com/telemotriltv/picture?width=200&height=200,http://radio.telemotril.com:8000/live,,,,2026-03-05 09:25:04.377712+00,2026-03-05 09:25:04.377712+00,2026-03-11 14:56:56.460954+00
20117c00-e6be-48f0-b452-e6ce413e3786,,Radio 5 Canarias - Santa Cruz de Tenerife,0,https://pbs.twimg.com/profile_images/1405097207339028480/H7nP_7Ti_200x200.jpg,https://dispatcher.rndfnk.com/crtve/rne5/ten/mp3/high,,,,2026-03-05 09:25:04.816771+00,2026-03-05 09:25:04.816771+00,2026-03-11 14:56:56.460954+00
203c5897-cbe3-4407-ab14-e83e4e8c424d,,COPE Santiago,0,https://graph.facebook.com/COPE/picture?width=200&height=200,https://wecast-bl02.flumotion.com/copesedes/santiago.mp3,,,,2026-03-05 09:25:06.19346+00,2026-03-05 09:25:06.19346+00,2026-03-11 14:56:56.460954+00
205fb2f4-e07b-46b5-abe0-faaeee703c92,,Radiolé,0.0,https://graph.facebook.com/radiole/picture?width=200&height=200,https://playerservices.streamtheworld.com/api/livestream-redirect/RADIOLEAAC.aac,,,,2026-03-04 22:28:54.84657+00,2026-03-04 22:28:54.84657+00,2026-03-11 14:56:56.460954+00
2098d8de-5268-4065-afc2-337baed27063,,Canal Sur Radio Campo de Gibraltar,0,https://graph.facebook.com/canalsurcadiz/picture?width=200&height=200,https://rtva-live-radio.flumotion.com/rtva/csralg.mp3,,,,2026-03-05 09:25:03.819453+00,2026-03-05 09:25:03.819453+00,2026-03-11 14:56:56.460954+00
21101103-9241-427f-aea6-7d57eb11fee9,,Hola Pop,0,https://media.emisorasmusicales.net/wp-content/uploads/2025/05/12125739/Logo-HOLA-POP-redondo-200x200.png,https://stream.emisorasmusicales.net/listen/hola-pop/holapop.mp3,,,,2026-03-05 09:25:06.073332+00,2026-03-05 09:25:06.073332+00,2026-03-11 14:56:56.460954+00
215ea6c1-4983-44c6-9c57-a2a1944e6ca1,,Onda Cero Marbella,0,https://graph.facebook.com/ondacero/picture?width=200&height=200,https://atres-live.ondacero.es/live/delegaciones/oc/marbella/master.m3u8,,,,2026-03-05 09:25:04.141561+00,2026-03-05 09:25:04.141561+00,2026-03-11 14:56:56.460954+00
21c83f52-5ae5-4236-a61b-e3c1331fc9af,,Spektra FM,0,https://pbs.twimg.com/profile_images/1481295109090168838/EIFYjVaz_200x200.jpg,https://stm2.emiteonline.com:9008/spektrafm#.mp3,,,,2026-03-05 09:25:06.073332+00,2026-03-05 09:25:06.073332+00,2026-03-11 14:56:56.460954+00
224a5219-d5e0-420b-9297-42698f49de1a,,MDT Radio 80s,0.0,https://mdtradio.com/wp-content/uploads/2024/08/Logo-MDT-Radio-80s-300x300.jpg,https://streams1.mdtradio.com:8443/MDTradio80,,,,2026-03-04 22:28:54.84657+00,2026-03-04 22:28:54.84657+00,2026-03-11 14:56:56.460954+00
224f610a-1310-4799-b66f-43448c173924,,Radio Torredonjimeno,0,https://graph.facebook.com/radiotorredonjimeno/picture?width=200&height=200,https://streaming2.elitecomunicacion.es:8118/stream,,,,2026-03-05 09:25:04.598001+00,2026-03-05 09:25:04.598001+00,2026-03-11 14:56:56.460954+00
22f247c0-a366-46fe-9b86-e9880467bfa1,,Formula Hit,0,https://pbs.twimg.com/profile_images/1967694999/Formula_Hit_200x200.jpg,https://sonic.sistemahost.es/8176/stream;.mp3,,,,2026-03-05 09:25:06.405237+00,2026-03-05 09:25:06.405237+00,2026-03-11 14:56:56.460954+00
22fa2f27-4f47-4453-9b84-2a8ee1c89ba3,,Onda Regional de Murcia,0,https://graph.facebook.com/OndaRegional/picture?width=200&height=200,https://crmlive.redctnet.es/liveedge/orm/orm/playlist.m3u8,,,,2026-03-05 09:25:06.511776+00,2026-03-05 09:25:06.511776+00,2026-03-11 14:56:56.460954+00
22fcda1d-4699-4435-9b4c-d15dc963ce11,,Élite Dance,0,https://graph.facebook.com/cadena.elitegranada/picture?width=200&height=200,https://streaming2.elitecomunicacion.es/proxy/elitedance/stream,,,,2026-03-05 09:25:03.819453+00,2026-03-05 09:25:03.819453+00,2026-03-11 14:56:56.460954+00
2342f1c2-f14a-49a2-928a-34604d80316b,,Canal Sur Radio Málaga,0,https://graph.facebook.com/canalsurmalaga/picture?width=200&height=200,https://rtva-live-radio.flumotion.com/rtva/csrmal.mp3,,,,2026-03-05 09:25:03.819453+00,2026-03-05 09:25:03.819453+00,2026-03-11 14:56:56.460954+00
237c978a-2976-4bd9-8232-8d112c06dd53,,Ràdio Granollers,0,https://graph.facebook.com/RadioGranollers/picture?width=200&height=200,https://relay.stream.enacast-cloud.com:30324/radiogranollersHD.mp3,,,,2026-03-05 09:25:05.542737+00,2026-03-05 09:25:05.542737+00,2026-03-11 14:56:56.460954+00
2446c9c8-a2be-4a99-ad6e-c6a867751234,,Radio Nacional Canarias,0,https://graph.facebook.com/radionacionalrne/picture?width=200&height=200,https://dispatcher.rndfnk.com/crtve/rne1/cnr/mp3/high,,,,2026-03-05 09:25:04.816771+00,2026-03-05 09:25:04.816771+00,2026-03-11 14:56:56.460954+00
2447b379-6898-4a44-8aa6-0991210bec6d,,Radio Intereconomía,0,https://graph.facebook.com/RadioIntereconomia/picture?width=200&height=200,https://streaming.intereconomia.com/siliconorg,,,,2026-03-05 09:25:05.648309+00,2026-03-05 09:25:05.648309+00,2026-03-11 14:56:56.460954+00
2447bb3e-0943-4142-a809-50dd5dd38d7d,,SER Roquetas,0,https://graph.facebook.com/cadenaser/picture?width=200&height=200,https://playerservices.streamtheworld.com/api/livestream-redirect/SER_ASO_ROQUETAS.mp3,,,,2026-03-05 09:25:04.141561+00,2026-03-05 09:25:04.141561+00,2026-03-11 14:56:56.460954+00
24a4e013-e20d-4e75-9eae-694461b4c53c,,SER Principal Monforte,0,https://graph.facebook.com/cadenaser/picture?width=200&height=200,http://srv0510.lcinternet.com:8007/stream,,,,2026-03-05 09:25:06.19346+00,2026-03-05 09:25:06.19346+00,2026-03-11 14:56:56.460954+00
24d8d314-87f1-465f-b02c-a3cf99d4fc51,,Antena Huelva,0,https://graph.facebook.com/109385783852066/picture?width=200&height=200,https://stm2.emiteonline.com:9024/antenahuelva,,,,2026-03-05 09:25:04.598001+00,2026-03-05 09:25:04.598001+00,2026-03-11 14:56:56.460954+00
25b048c5-58a7-473f-b0f4-5c264bfa1f20,,Vox UJI Ràdio,0,https://pbs.twimg.com/profile_images/915478760299868160/FACNin_P_200x200.jpg,https://radiouji.uji.es:8443/high.mp3,,,,2026-03-05 09:25:06.073332+00,2026-03-05 09:25:06.073332+00,2026-03-11 14:56:56.460954+00
25e742ef-9f60-4b89-ab0f-3a56ba95fc61,,SER Ibiza,0,https://graph.facebook.com/cadenaser/picture?width=200&height=200,https://playerservices.streamtheworld.com/api/livestream-redirect/SER_ASO_IBIZA.mp3,,,,2026-03-05 09:25:06.301894+00,2026-03-05 09:25:06.301894+00,2026-03-11 14:56:56.460954+00
25fb6ccf-c729-4ed6-9930-14d4e47f9f6f,,COPE Asturias,0,https://graph.facebook.com/COPE/picture?width=200&height=200,https://wecast-bl02.flumotion.com/copesedes/asturias.mp3,,,,2026-03-05 09:25:06.405237+00,2026-03-05 09:25:06.405237+00,2026-03-11 14:56:56.460954+00
269f0a42-6d5d-46f0-aefa-312463cbb5b6,,Latino FM,0,https://graph.facebook.com/LatinoFMmalaga/picture?width=200&height=200,http://185.23.192.118:8000/;stream.mp3,,,,2026-03-05 09:25:04.598001+00,2026-03-05 09:25:04.598001+00,2026-03-11 14:56:56.460954+00
26a62c29-d680-49e6-8119-60efd8dfe947,,COPE Castellón,0,https://graph.facebook.com/COPE/picture?width=200&height=200,https://wecast-bl02.flumotion.com/copesedes/castellon.mp3,,,,2026-03-05 09:25:05.928863+00,2026-03-05 09:25:05.928863+00,2026-03-11 14:56:56.460954+00
26b6a89d-792d-4947-b66c-67174435e257,,SER Catalunya,0,https://graph.facebook.com/SERCatalunya/picture?width=200&height=200,https://playerservices.streamtheworld.com/api/livestream-redirect/SER_CAT.mp3,,,,2026-03-05 09:25:05.436262+00,2026-03-05 09:25:05.436262+00,2026-03-11 14:56:56.460954+00
26c0888a-1669-4260-aa27-f4833aefa92f,,COPE Málaga,0.0,https://graph.facebook.com/COPE/picture?width=200&height=200,https://wecast-bl02.flumotion.com/copesedes/malaga.mp3,,,,2026-03-04 22:29:55.012933+00,2026-03-04 22:29:55.012933+00,2026-03-11 14:56:56.460954+00
26e70280-8b2c-4d97-b980-abd63347663d,,9 Radio,0,https://graph.facebook.com/9radiocanarias/picture?width=200&height=200,https://app.sonicpanelradio.com/8072/stream,,,,2026-03-05 09:25:04.816771+00,2026-03-05 09:25:04.816771+00,2026-03-11 14:56:56.460954+00
26ec379b-2814-4588-ab9f-56fc9c87b56c,,Onda Cero Cartagena,0,https://graph.facebook.com/ondacero/picture?width=200&height=200,https://atres-live.ondacero.es/live/delegaciones/oc/cartagena/master.m3u8,,,,2026-03-05 09:25:06.511776+00,2026-03-05 09:25:06.511776+00,2026-03-11 14:56:56.460954+00
2706a0f1-88db-48ed-b441-01f31f2b69db,,Canal Sur Radio Granada,0,https://graph.facebook.com/canalsurgranada/picture?width=200&height=200,https://rtva-live-radio.flumotion.com/rtva/csrgra.mp3,,,,2026-03-05 09:25:03.819453+00,2026-03-05 09:25:03.819453+00,2026-03-11 14:56:56.460954+00
271b8a9e-f89a-4af0-968d-8719da953b60,,SER Costa de la Luz,0,https://graph.facebook.com/cadenaser/picture?width=200&height=200,https://playerservices.streamtheworld.com/api/livestream-redirect/SER_ASO_COSTA_LUZ.mp3,,,,2026-03-05 09:25:04.141561+00,2026-03-05 09:25:04.141561+00,2026-03-11 14:56:56.460954+00
276e8ca7-59c4-4136-b66f-e90a7efc2daa,,Beachgrooves,0,https://graph.facebook.com/beach.grooves/picture?width=200&height=200,https://stream.beachgrooves.com:9000/stream,,,,2026-03-05 09:25:04.377712+00,2026-03-05 09:25:04.377712+00,2026-03-11 14:56:56.460954+00
28311a40-cf75-49d1-882e-690a8b431306,,SER Coruña,0,https://graph.facebook.com/cadenaser/picture?width=200&height=200,https://playerservices.streamtheworld.com/api/livestream-redirect/SER_ASO_CORUNA.mp3,,,,2026-03-05 09:25:06.19346+00,2026-03-05 09:25:06.19346+00,2026-03-11 14:56:56.460954+00
28b2df28-ba86-4434-94db-ca59b4403201,,SER Miranda,0,https://graph.facebook.com/cadenaser/picture?width=200&height=200,https://playerservices.streamtheworld.com/api/livestream-redirect/SER_ASO_MIRANDA_EBRO.mp3,,,,2026-03-05 09:25:05.215377+00,2026-03-05 09:25:05.215377+00,2026-03-11 14:56:56.460954+00
28c85418-e72e-445a-b207-b17143d0b62f,,Ona La Torre,0,https://graph.facebook.com/ona.latorre/picture?width=200&height=200,https://streaming.enacast.com/onalatorreSD.mp3,,,,2026-03-05 09:25:05.542737+00,2026-03-05 09:25:05.542737+00,2026-03-11 14:56:56.460954+00
28ec4a52-361f-4517-9cc3-1d057b13bc0c,,La Mueve,0,https://graph.facebook.com/lamueveradio/picture?width=200&height=200,https://sunaer-stream.com:7113/LA_MUEVE_CADENA_HD,,,,2026-03-05 09:25:04.816771+00,2026-03-05 09:25:04.816771+00,2026-03-11 14:56:56.460954+00
29109ef8-6e35-4bb5-addb-b0c79205c208,,ONE FM,0,https://graph.facebook.com/OneFM.es/picture?width=200&height=200,https://stream.onefm.es:8000/onefm.mp3,,,,2026-03-05 09:25:05.215377+00,2026-03-05 09:25:05.215377+00,2026-03-11 14:56:56.460954+00
29460219-4630-4b4f-80f7-8d18c472307a,,Onda 15 Radio,0,https://pbs.twimg.com/profile_images/452144347593465856/NWj5Y9hn_200x200.png,https://streaming12.elitecomunicacion.es:8628/stream,,,,2026-03-05 09:25:06.073332+00,2026-03-05 09:25:06.073332+00,2026-03-11 14:56:56.460954+00
29525f33-0ee6-45ad-99e5-69e7dfb0ce04,,COPE Menorca,0,https://graph.facebook.com/COPE/picture?width=200&height=200,https://wecast-bl02.flumotion.com/copesedes/menorca.mp3,,,,2026-03-05 09:25:06.301894+00,2026-03-05 09:25:06.301894+00,2026-03-11 14:56:56.460954+00
29756e88-2849-41b7-81e2-7d9e3c332a1f,,RNE 5-BA,0,https://pbs.twimg.com/profile_images/1405097207339028480/H7nP_7Ti_200x200.jpg,https://dispatcher.rndfnk.com/crtve/rne5/cce/mp3/high,,,,2026-03-09 21:18:56.476652+00,2026-03-09 21:18:56.476652+00,2026-03-11 14:56:56.460954+00
29b9c786-e5ea-4d65-896a-a13de3287aad,,Radio Arrebato,0,https://graph.facebook.com/radioarrebato107.4/picture?width=200&height=200,http://srv0510.emisorasonline.com:8025/stream,,,,2026-03-05 09:25:05.215377+00,2026-03-05 09:25:05.215377+00,2026-03-11 14:56:56.460954+00
2a08286c-c4d0-4b3b-aeb3-0cf1b6d61ea1,,SER Mérida,0.0,https://hciqxvfvohcaiaqqrvdq.supabase.co/storage/v1/object/public/station-logos/espana/SER%20M%C3%A9rida.png,https://playerservices.streamtheworld.com/api/livestream-redirect/SER_MERIDA.mp3,,,,2026-03-11 10:47:59.440689+00,2026-03-11 10:47:59.440689+00,2026-03-11 14:56:56.460954+00
2a22e254-1bfa-430d-b95d-c4a2f07ecb8d,,COPE Ronda,0,https://graph.facebook.com/COPE/picture?width=200&height=200,https://securestreams5.autopo.st:1869/;?type=http&nocache=347&url=copesedes/ronda.mp3,,,,2026-03-05 09:25:04.141561+00,2026-03-05 09:25:04.141561+00,2026-03-11 14:56:56.460954+00
2a598f46-7e6d-4865-b036-cdd81c5af30f,,SER Ebre,0,https://graph.facebook.com/cadenaser/picture?width=200&height=200,https://cadenaserebre.streaming-pro.com:6021/stream,,,,2026-03-05 09:25:05.436262+00,2026-03-05 09:25:05.436262+00,2026-03-11 14:56:56.460954+00
2a63ee30-8752-4d33-9181-e3ed0d1a6f16,,Flaixbac,0.0,https://pbs.twimg.com/profile_images/1164926188307001344/PtDeZDOO_200x200.jpg,https://stream.flaixbac.cat/icecast,,,,2026-03-04 22:28:54.84657+00,2026-03-04 22:28:54.84657+00,2026-03-11 14:56:56.460954+00
2b2c8563-f069-4009-83e9-dad49fd90606,,Onda Cero Zaragoza,0,https://graph.facebook.com/ondacero/picture?width=200&height=200,https://atres-live.ondacero.es/live/delegaciones/oc/zaragoza/master.m3u8,,,,2026-03-05 09:25:04.598001+00,2026-03-05 09:25:04.598001+00,2026-03-11 14:56:56.460954+00
2ba83e69-84d6-41ec-8253-954aabbdee75,,Mozoilo Irratia,0,https://pbs.twimg.com/profile_images/1484550043474485254/drNX1pMl_200x200.jpg,https://a10.asurahosting.com:9060/radio.mp3,,,,2026-03-05 09:25:06.405237+00,2026-03-05 09:25:06.405237+00,2026-03-11 14:56:56.460954+00
2c7851b2-b0c0-4298-a325-93c190e6f81e,,Torrevieja Radio,0,https://graph.facebook.com/TorreviejaRadio107.1/picture?width=200&height=200,https://sonicpanel.globalstream.pro:10973/;,,,,2026-03-05 09:25:05.928863+00,2026-03-05 09:25:05.928863+00,2026-03-11 14:56:56.460954+00
2deb6d24-f291-40e0-922f-79d75811eb09,,Radio Montecarlo,0,https://graph.facebook.com/radiomontecarlo/picture?width=200&height=200,https://icy.unitedradio.it/RMC.mp3,,,,2026-03-05 09:25:06.615794+00,2026-03-05 09:25:06.615794+00,2026-03-11 14:56:56.460954+00
2e4fc47a-cd8e-4a0d-bc51-3b19a7b27a5b,,Radio Marca Vitoria,0,https://graph.facebook.com/RadioMARCA/picture?width=200&height=200,https://control.streaming-pro.com:6014/marcavitoria.mp3,,,,2026-03-05 09:25:06.405237+00,2026-03-05 09:25:06.405237+00,2026-03-11 14:56:56.460954+00
2eb36f1b-46ed-4d5b-bba2-f8e2d01187ea,,Europa FM Pamplona,0,https://graph.facebook.com/tueuropafm/picture?width=200&height=200,https://atres-live.europafm.com/live/delegaciones/efm/pamplona/master.m3u8,,,,2026-03-05 09:25:05.797436+00,2026-03-05 09:25:05.797436+00,2026-03-11 14:56:56.460954+00
2f5566aa-7d01-4ea6-90be-164e669ee80b,,Onda Cero Alcalá de Henares,0,https://graph.facebook.com/ondacero/picture?width=200&height=200,https://atres-live.ondacero.es/live/delegaciones/oc/alcala/master.m3u8,,,,2026-03-05 09:25:05.648309+00,2026-03-05 09:25:05.648309+00,2026-03-11 14:56:56.460954+00
2f6119c7-8e52-44bf-b6b2-ca80f31556be,,06AM Ibiza Underground Radio,0,https://graph.facebook.com/06AmIbizaUndergroundRadio/picture?width=200&height=200,https://streams.radio.co/sd1bcd1376/listen,,,,2026-03-05 09:25:06.301894+00,2026-03-05 09:25:06.301894+00,2026-03-11 14:56:56.460954+00
301a7277-fc85-468f-8001-f545150aac62,,Naiz Irratia,0,https://graph.facebook.com/NAIZirratia/picture?width=200&height=200,https://zuzenean.naizirratia.eus/naiz_irratia.mp3,,,,2026-03-05 09:25:06.405237+00,2026-03-05 09:25:06.405237+00,2026-03-11 14:56:56.460954+00
302f6b23-503e-4847-b5e2-2072e94d28e1,,SER Madrid Norte,0,https://graph.facebook.com/cadenaser/picture?width=200&height=200,https://playerservices.streamtheworld.com/api/livestream-redirect/SER_ASO_MADRID_NORTE.mp3,,,,2026-03-05 09:25:05.648309+00,2026-03-05 09:25:05.648309+00,2026-03-11 14:56:56.460954+00
304c0330-7b1b-4ec6-92b0-58340941883e,,Radio Poniente,0,https://graph.facebook.com/radioponientedeportes/picture?width=200&height=200,https://broadcast.radioponiente.org:8036/;,,,,2026-03-05 09:25:04.598001+00,2026-03-05 09:25:04.598001+00,2026-03-11 14:56:56.460954+00
305393c4-30ef-45db-b82d-1ae970e8bbdb,,esRadio Elche,0,https://graph.facebook.com/esradio/picture?width=200&height=200,https://ns6.emisionlocal.com/proxy/esradioelche?mp=/stream,,,,2026-03-05 09:25:05.928863+00,2026-03-05 09:25:05.928863+00,2026-03-11 14:56:56.460954+00
305f9bc9-587b-450f-9baa-b24632f20b53,,Radio 5 Aragón,0,https://pbs.twimg.com/profile_images/1405097207339028480/H7nP_7Ti_200x200.jpg,https://dispatcher.rndfnk.com/crtve/rne5/zgz/mp3/high,,,,2026-03-05 09:25:04.598001+00,2026-03-05 09:25:04.598001+00,2026-03-11 14:56:56.460954+00
30625b6b-e26c-4b95-950b-5d60dc0746c9,,COPE Mérida,0,https://graph.facebook.com/COPE/picture?width=200&height=200,https://wecast-bl02.flumotion.com/copesedes/merida.mp3,,,,2026-03-05 09:25:06.073332+00,2026-03-05 09:25:06.073332+00,2026-03-11 14:56:56.460954+00
3085e5e5-4616-4ea1-9059-8033dbe09903,,Radio Italia,0,https://graph.facebook.com/radioitalia/picture?width=200&height=200,https://radioitaliasmi.akamaized.net/hls/live/2093120/RISMI/master.m3u8,,,,2026-03-05 09:25:06.615794+00,2026-03-05 09:25:06.615794+00,2026-03-11 14:56:56.460954+00
30c51e1f-0059-442e-b187-590b1116b779,,La Jungla Radio,0,https://graph.facebook.com/LaJunglaRadio/picture?width=200&height=200,https://streaming12.elitecomunicacion.es:8626/stream?type=.mp3,,,,2026-03-05 09:25:05.648309+00,2026-03-05 09:25:05.648309+00,2026-03-11 14:56:56.460954+00
30c8d0e0-f12b-4ff3-826d-7ced6ce8d620,,COPE Almería,0,https://graph.facebook.com/COPE/picture?width=200&height=200,https://wecast-bl02.flumotion.com/copesedes/almeria.mp3,,,,2026-03-05 09:25:04.141561+00,2026-03-05 09:25:04.141561+00,2026-03-11 14:56:56.460954+00
30e3516e-cbc8-442c-a62d-bbce103b87af,,Cadena Mix,0,https://graph.facebook.com/cadenamixfm/picture?width=200&height=200,https://ns6.emisionlocal.com/proxy/radiomix?mp=%2Fstream,,,,2026-03-05 09:25:05.022457+00,2026-03-05 09:25:05.022457+00,2026-03-11 14:56:56.460954+00
31933761-1c8b-4ca2-a7a2-fcdddca1831f,,Radio Barbastro-Ainsa,0,https://graph.facebook.com/RadioBarbastroyAinsa/picture?width=200&height=200,https://playerservices.streamtheworld.com/api/livestream-redirect/SER_BARBASTRO.mp3,,,,2026-03-05 09:25:04.816771+00,2026-03-05 09:25:04.816771+00,2026-03-11 14:56:56.460954+00
31ba6dcb-dc72-4aee-aa3c-2fcbcff45ea6,,Radio Gigante,0,https://graph.facebook.com/radiogigantecanarias/picture?width=200&height=200,https://server8.emitironline.com:18163/stream,,,,2026-03-05 09:25:04.816771+00,2026-03-05 09:25:04.816771+00,2026-03-11 14:56:56.460954+00
31cac867-f871-49d9-b832-ad75675b5b52,,RCE Cultura i Esport,0,https://graph.facebook.com/rce106.9fm/picture?width=200&height=200,https://c688s1.kapitalproductions.net/listen/rce/radio.mp3,,,,2026-03-05 09:25:05.542737+00,2026-03-05 09:25:05.542737+00,2026-03-11 14:56:56.460954+00
32f7111a-9a7f-41d3-84be-23e66c389e09,,Radio 5 Murcia,0,https://pbs.twimg.com/profile_images/1405097207339028480/H7nP_7Ti_200x200.jpg,https://dispatcher.rndfnk.com/crtve/rne5/mur/mp3/high,,,,2026-03-05 09:25:06.511776+00,2026-03-05 09:25:06.511776+00,2026-03-11 14:56:56.460954+00
3309b815-5039-4a45-8da1-1139c23c690d,,90 FM,0,https://pbs.twimg.com/profile_images/2277895539/ypj3m6ggljmfnoy5cqvt_200x200.jpeg,http://185.23.192.118:8010/;stream.mp3,,,,2026-03-05 09:25:04.598001+00,2026-03-05 09:25:04.598001+00,2026-03-11 14:56:56.460954+00
333a25e6-a93e-4a56-8418-c6d730cb230b,,SER 90 Motilla,0,https://graph.facebook.com/cadenaser/picture?width=200&height=200,https://playerservices.streamtheworld.com/api/livestream-redirect/SER_ASO_MOTILLA.mp3,,,,2026-03-05 09:25:05.022457+00,2026-03-05 09:25:05.022457+00,2026-03-11 14:56:56.460954+00
3351112f-afdf-49f2-827a-090d294b3266,,MDT Radio 2000,0.0,https://mdtradio.com/wp-content/uploads/2024/08/Logo-MDT-Radio-2000-300x300.jpg,https://streams1.mdtradio.com:8443/MDTradio2000,,,,2026-03-04 22:28:54.84657+00,2026-03-04 22:28:54.84657+00,2026-03-11 14:56:56.460954+00
33587ab4-2b42-4857-9bdd-8d33da9c05ad,,Fiebre Latina Radio,0,https://graph.facebook.com/fiebrelatinaradio/picture?width=200&height=200,https://eu1.lhdserver.es:9035/stream,,,,2026-03-05 09:25:04.377712+00,2026-03-05 09:25:04.377712+00,2026-03-11 14:56:56.460954+00
338cd436-b4b8-4e77-9d9f-b8b0e0ff0ec0,,Vega Baja Radio,0,https://graph.facebook.com/vegabajaradio/picture?width=200&height=200,https://node-21.zeno.fm/3xnvzk9dztzuv,,,,2026-03-05 09:25:06.073332+00,2026-03-05 09:25:06.073332+00,2026-03-11 14:56:56.460954+00
33c4dba1-86d5-4ef4-8d0e-02dbe9cb8ffa,,Radio Nacional Andalucía,0,https://graph.facebook.com/radionacionalrne/picture?width=200&height=200,https://dispatcher.rndfnk.com/crtve/rne1/and/mp3/high,,,,2026-03-05 09:25:03.819453+00,2026-03-05 09:25:03.819453+00,2026-03-11 14:56:56.460954+00
33ecaa5c-86f3-4cf2-99f0-5531b7cc27b6,,ARCO FM,0,https://graph.facebook.com/arcofmcantabria/picture?width=200&height=200,https://hisparadio.duckdns.org/stream/1/stream.mp3,,,,2026-03-05 09:25:05.022457+00,2026-03-05 09:25:05.022457+00,2026-03-11 14:56:56.460954+00
34312014-b62a-4e60-b8e3-0e832c3ebfd3,,COPE Jumilla,0,https://graph.facebook.com/COPE/picture?width=200&height=200,https://eu1.lhdserver.es:9055/stream,,,,2026-03-05 09:25:06.511776+00,2026-03-05 09:25:06.511776+00,2026-03-11 14:56:56.460954+00
34944c1a-c49f-4538-ab8d-b0e325d157d6,,Radiolé Almeria,0,https://graph.facebook.com/radiole/picture?width=200&height=200,https://streaming.indalteco.net/proxy/radiole?mp=/radiole.mp3,,,,2026-03-05 09:25:04.377712+00,2026-03-05 09:25:04.377712+00,2026-03-11 14:56:56.460954+00
34d201cd-0482-4270-8371-ec8109fc6e32,,Europa FM Marina Alta,0,https://graph.facebook.com/tueuropafm/picture?width=200&height=200,https://playerservices.streamtheworld.com/api/livestream-redirect/EFMAAC.m3u8,,,,2026-03-05 09:25:05.928863+00,2026-03-05 09:25:05.928863+00,2026-03-11 14:56:56.460954+00
34d38112-9d97-4217-976d-4b98532766c2,,EUROPAFM,0,https://hciqxvfvohcaiaqqrvdq.supabase.co/storage/v1/object/public/station-logos/espana/EuropaFM_58093.png,https://radio-atres-live.ondacero.es/api/livestream-redirect/EFMAAC.aac,,,,2026-03-06 17:46:23.313471+00,2026-03-06 17:46:23.313471+00,2026-03-11 14:56:56.460954+00
34d4189d-1e9c-44e7-9f74-205b6d0e859f,,Loca FM Loca 80's,0,https://graph.facebook.com/LocaFmOficial/picture?width=200&height=200,https://s2.we4stream.com/listen/loca_80s/live,,,,2026-03-05 09:25:03.819453+00,2026-03-05 09:25:03.819453+00,2026-03-11 14:56:56.460954+00
34e8a8f1-e8a8-4d2b-8682-0a5b245443d0,,Europa FM Asturias,0,https://graph.facebook.com/tueuropafm/picture?width=200&height=200,https://atres-live.europafm.com/live/delegaciones/efm/gijon/master.m3u8,,,,2026-03-05 09:25:06.511776+00,2026-03-05 09:25:06.511776+00,2026-03-11 14:56:56.460954+00
353360a4-b97a-4074-adcb-fa9af82c1162,,RNA Andorra,0,https://graph.facebook.com/rtva.andorra/picture?width=200&height=200,https://livesg.rtva.hiway.media/restreamer/rtva_client/gpu-f-c0-7/restreamer/outgest/578e48f3-c654-4638-948a-be990c90807b/manifest.m3u8,,,,2026-03-05 09:25:06.615794+00,2026-03-05 09:25:06.615794+00,2026-03-11 14:56:56.460954+00
364b65d6-c28e-4bec-ba0c-47515465c937,,FM Musical,0,https://graph.facebook.com/99fmmusical/picture?width=200&height=200,https://stream.zeno.fm/mpgqwn4h0wzuv,,,,2026-03-05 09:25:06.405237+00,2026-03-05 09:25:06.405237+00,2026-03-11 14:56:56.460954+00
366806d2-ffd5-4d06-b73d-505e38a1fd7a,,Radio Nacional Murcia,0,https://graph.facebook.com/radionacionalrne/picture?width=200&height=200,https://dispatcher.rndfnk.com/crtve/rne1/mur/mp3/high,,,,2026-03-05 09:25:06.511776+00,2026-03-05 09:25:06.511776+00,2026-03-11 14:56:56.460954+00
3686330f-f777-4dda-b135-d0055617f641,,esRadio Albacete,0,https://graph.facebook.com/esradio/picture?width=200&height=200,https://servercloudim3dia.im3dia.com:8001/esradioalbacete.mp3,,,,2026-03-05 09:25:05.022457+00,2026-03-05 09:25:05.022457+00,2026-03-11 14:56:56.460954+00
36a38d1f-f272-44fc-87e1-7990f5100d28,,SER Castilla,0,https://graph.facebook.com/cadenaser/picture?width=200&height=200,https://playerservices.streamtheworld.com/api/livestream-redirect/SER_BURGOS.mp3,,,,2026-03-05 09:25:05.215377+00,2026-03-05 09:25:05.215377+00,2026-03-11 14:56:56.460954+00
36e76b60-4104-4c8d-b4d9-b699815a6111,,COPE Santander,0,https://graph.facebook.com/COPE/picture?width=200&height=200,https://wecast-bl02.flumotion.com/copesedes/santander.mp3,,,,2026-03-05 09:25:04.816771+00,2026-03-05 09:25:04.816771+00,2026-03-11 14:56:56.460954+00
36fe1386-b1bb-4310-ab4a-a412c999b6c7,,La Urban Radio,0,https://graph.facebook.com/urbanrevolution.es/picture?width=200&height=200,https://st1.urbanrevolution.es:8443/laurbanfm.mp3,,,,2026-03-05 09:25:03.819453+00,2026-03-05 09:25:03.819453+00,2026-03-11 14:56:56.460954+00
371855a1-eff6-475a-b1b6-e44654fb595e,,Rock FM Barcelona,0,https://graph.facebook.com/RockFM/picture?width=200&height=200,https://rockfm-barcelona.flumotion.com/playlist.m3u8,,,,2026-03-05 09:25:05.436262+00,2026-03-05 09:25:05.436262+00,2026-03-11 14:56:56.460954+00
37256cd2-ded6-4015-86a7-9e8000abf567,,Élite Oldies,0,https://graph.facebook.com/cadena.elitegranada/picture?width=200&height=200,https://streaming2.elitecomunicacion.es/proxy/eliteoldies/stream,,,,2026-03-05 09:25:03.819453+00,2026-03-05 09:25:03.819453+00,2026-03-11 14:56:56.460954+00
37a7adb6-921e-47ec-8e14-4616a1c05453,,digitalHits FM,0,https://graph.facebook.com/digitalhits/picture?width=200&height=200,https://dhits.frilab.com:8443/dhits,,,,2026-03-05 09:25:03.819453+00,2026-03-05 09:25:03.819453+00,2026-03-11 14:56:56.460954+00
3828bf6c-9b07-410a-85c8-508413837c88,,Europa FM Murcia,0,https://graph.facebook.com/tueuropafm/picture?width=200&height=200,https://atres-live.europafm.com/live/delegaciones/efm/murcia/master.m3u8,,,,2026-03-05 09:25:06.511776+00,2026-03-05 09:25:06.511776+00,2026-03-11 14:56:56.460954+00
3847aae4-148b-4234-a8ee-3101f1ecafc3,,Rumberos FM,0,https://pbs.twimg.com/profile_images/589410759173660672/h6ajWfi4_200x200.png,https://str1.mediatelekom.net:9952/live,,,,2026-03-05 09:25:04.816771+00,2026-03-05 09:25:04.816771+00,2026-03-11 14:56:56.460954+00
386c95ab-abe4-404b-ba06-9550a5d7d356,,Lola FM,0,https://graph.facebook.com/LolaFMRadio/picture?width=200&height=200,https://srv7031.dns-lcinternet.com/8096/stream,,,,2026-03-05 09:25:06.19346+00,2026-03-05 09:25:06.19346+00,2026-03-11 14:56:56.460954+00
3886df0c-217b-4632-8f80-733f58834bcb,,Loca FM Deep House,0,https://graph.facebook.com/LocaFmOficial/picture?width=200&height=200,https://s2.we4stream.com/listen/loca_deep_house/live,,,,2026-03-05 09:25:03.819453+00,2026-03-05 09:25:03.819453+00,2026-03-11 14:56:56.460954+00
38c59f76-8a49-4247-a366-3bce3d6bd55b,,Onda Cero Mallorca,0,https://graph.facebook.com/ondacero/picture?width=200&height=200,https://atres-live.ondacero.es/live/delegaciones/oc/mallorca/master.m3u8,,,,2026-03-05 09:25:06.301894+00,2026-03-05 09:25:06.301894+00,2026-03-11 14:56:56.460954+00
38d37981-25e0-4904-8091-24655fb00261,,SER Ourense,0,https://graph.facebook.com/cadenaser/picture?width=200&height=200,https://playerservices.streamtheworld.com/api/livestream-redirect/SER_ASO_OURENSE.mp3,,,,2026-03-05 09:25:06.19346+00,2026-03-05 09:25:06.19346+00,2026-03-11 14:56:56.460954+00
38da2ab6-985f-4df1-a275-a408e6e652f0,,Radio 7,0,https://graph.facebook.com/Tele7Radio7/picture?width=200&height=200,https://radio7.streaming-pro.com:6146/radio7.mp3,,,,2026-03-05 09:25:06.405237+00,2026-03-05 09:25:06.405237+00,2026-03-11 14:56:56.460954+00
3920c19c-ded3-4c18-a0fa-a38f1a9378a2,,SER Axarquía,0.0,https://graph.facebook.com/cadenaser/picture?width=200&height=200,https://playerservices.streamtheworld.com/api/livestream-redirect/SER_AXARQUIA.mp3,,,,2026-03-04 22:29:55.012933+00,2026-03-04 22:29:55.012933+00,2026-03-11 14:56:56.460954+00
394494c6-1530-47df-85d5-98c95a113389,,Plaza Radio,0,https://pbs.twimg.com/profile_images/1438771594952839170/aBOGp4Rl_200x200.jpg,https://stream1.solstreaming.com:8112/stream,,,,2026-03-05 09:25:06.073332+00,2026-03-05 09:25:06.073332+00,2026-03-11 14:56:56.460954+00
39bbcee5-fb66-48e6-8224-bd80fe11352f,,Ràdio Amèrica Barcelona,0,https://pbs.twimg.com/profile_images/1931284389243072512/jCj4V37N_200x200.jpg,https://s3.radio.co/sf09831a0e/listen,,,,2026-03-05 09:25:05.542737+00,2026-03-05 09:25:05.542737+00,2026-03-11 14:56:56.460954+00
39c9b17e-bb2a-44e4-826a-5d3bee1289a6,,Elixir FM,0,https://graph.facebook.com/elixirfiestas/picture?width=200&height=200,https://radio.grupoelixir.es:9009/stream,,,,2026-03-05 09:25:04.377712+00,2026-03-05 09:25:04.377712+00,2026-03-11 14:56:56.460954+00
39cc2af1-0278-46e7-9ab6-212846c5141d,,Antena CEMU,0,https://graph.facebook.com/401769933317531/picture?width=200&height=200,https://sonic.mediatelekom.net/9980/stream,,,,2026-03-05 09:25:05.797436+00,2026-03-05 09:25:05.797436+00,2026-03-11 14:56:56.460954+00
39d6d094-46c8-40b7-92b4-97ba3ff0ba6a,,Radio Monóvar,0,https://graph.facebook.com/monovercom/picture?width=200&height=200,https://radioserver12.profesionalhosting.com/proxy/pkg155112/stream,,,,2026-03-05 09:25:06.073332+00,2026-03-05 09:25:06.073332+00,2026-03-11 14:56:56.460954+00
3a078d21-70dc-4265-9ab9-3c9f6e5fcddd,,Radio Marca Bilbao,0,https://graph.facebook.com/RadioMARCA/picture?width=200&height=200,https://server8.emitironline.com:18475/stream,,,,2026-03-05 09:25:06.405237+00,2026-03-05 09:25:06.405237+00,2026-03-11 14:56:56.460954+00
3a219ff9-fa03-4075-9c64-9fd292f11f06,,Loca FM Remember,0.0,https://graph.facebook.com/LocaFmOficial/picture?width=200&height=200,https://s2.we4stream.com/listen/loca_remember/live,,,,2026-03-04 22:28:54.84657+00,2026-03-04 22:28:54.84657+00,2026-03-11 14:56:56.460954+00
3a4efc05-f17b-4378-9af0-1ae2c0acab3d,,Taronja ràdio,0,https://graph.facebook.com/taronja.cat/picture?width=200&height=200,https://radio.martiproduccions.com/taronjagirona,,,,2026-03-05 09:25:05.648309+00,2026-03-05 09:25:05.648309+00,2026-03-11 14:56:56.460954+00
3a8e879f-7c3b-4e75-a3ef-fb60b075bebc,,Radio Marca,0.0,https://graph.facebook.com/RadioMARCA/picture?width=200&height=200,https://playerservices.streamtheworld.com/api/livestream-redirect/RADIOMARCA_NACIONALAAC.aac,,,,2026-03-04 22:28:54.84657+00,2026-03-04 22:28:54.84657+00,2026-03-11 14:56:56.460954+00
3abb7773-b59a-454a-a69f-73815719a849,,Ràdio Olot,0,https://graph.facebook.com/Radiolot/picture?width=200&height=200,https://chrome2021.frilab.com:8443/olot,,,,2026-03-05 09:25:05.436262+00,2026-03-05 09:25:05.436262+00,2026-03-11 14:56:56.460954+00
3b17658c-8d2b-4315-8795-9bedb3602c70,,Flaix FM,0.0,https://pbs.twimg.com/profile_images/1051761197127745541/whMnn4_K_200x200.jpg,https://stream.flaixfm.cat/icecast,,,,2026-03-04 22:28:54.84657+00,2026-03-04 22:28:54.84657+00,2026-03-11 14:56:56.460954+00
3b8a6254-65e1-46b0-9d87-de2d85c76e1b,,IB3 Ràdio,0,https://graph.facebook.com/IB3org/picture?width=200&height=200,https://icecast.ib3radio.com/ib3radio.mp3,,,,2026-03-05 09:25:06.301894+00,2026-03-05 09:25:06.301894+00,2026-03-11 14:56:56.460954+00
3b9e9f74-cc8c-4dd9-832d-62ba7354c5cb,,Net Galicia Radio,0,https://www.netgaliciaradio.es/wp-content/uploads/2022/09/logo.png,https://sonicpanel.streaming10.net/8140/stream,,,,2026-03-05 09:25:06.301894+00,2026-03-05 09:25:06.301894+00,2026-03-11 14:56:56.460954+00
3baa1843-aab3-40ef-af21-7b6fc5fd08e9,,+ Activa,0,https://media.emisorasmusicales.net/wp-content/uploads/2020/05/11022613/activa--200x200.png,https://stream.emisorasmusicales.net/radio/8110/mas-activa.mp3,,,,2026-03-05 09:25:05.928863+00,2026-03-05 09:25:05.928863+00,2026-03-11 14:56:56.460954+00
3bd36027-30a8-4704-9087-41f5c13b8be4,,SER Dénia,0,https://graph.facebook.com/cadenaser/picture?width=200&height=200,https://playerservices.streamtheworld.com/api/livestream-redirect/SER_ASO_DENIA.mp3,,,,2026-03-05 09:25:05.797436+00,2026-03-05 09:25:05.797436+00,2026-03-11 14:56:56.460954+00
3c80bb56-d50c-41b1-8470-df09bc00c2b6,,Radio Vitoria,0,https://graph.facebook.com/radiovitoria.eitb/picture?width=200&height=200,https://multimedia.eitb.eus/live-content/radiovitoria-hls/master.m3u8,,,,2026-03-05 09:25:06.405237+00,2026-03-05 09:25:06.405237+00,2026-03-11 14:56:56.460954+00
3cc31b3a-1a3f-44d2-a944-d7411f97c72e,,SER Albacete,0,https://graph.facebook.com/cadenaser/picture?width=200&height=200,https://playerservices.streamtheworld.com/api/livestream-redirect/SER_ALBACETE.mp3,,,,2026-03-05 09:25:05.022457+00,2026-03-05 09:25:05.022457+00,2026-03-11 14:56:56.460954+00
3cd47ad8-c0ff-46a6-803c-ba696e3710dc,,Radio Foramontanos,0,https://graph.facebook.com/foramontanosfm/picture?width=200&height=200,https://foramontanos.fm:8443/live,,,,2026-03-05 09:25:05.022457+00,2026-03-05 09:25:05.022457+00,2026-03-11 14:56:56.460954+00
3d001d49-7811-4186-8d85-2c5967da4962,,COPE Valencia,0,https://graph.facebook.com/COPE/picture?width=200&height=200,https://wecast-bl02.flumotion.com/copesedes/valencia.mp3,,,,2026-03-05 09:25:05.928863+00,2026-03-05 09:25:05.928863+00,2026-03-11 14:56:56.460954+00
3d0df23d-e2e9-49fe-902f-3dc225258fed,,Ràdio Llançà,0,https://graph.facebook.com/radiollanca/picture?width=200&height=200,https://relay.stream.enacast-cloud.com:40323/radiollancaHD.mp3,,,,2026-03-05 09:25:05.542737+00,2026-03-05 09:25:05.542737+00,2026-03-11 14:56:56.460954+00
3d55fc70-1c3f-4c9e-8660-c1f05c9c17a4,,Canal Extremadura Radio,0.0,https://hciqxvfvohcaiaqqrvdq.supabase.co/storage/v1/object/public/station-logos/espana/Canal%20Extremadura%20Radio.png,https://canalextremadura-audio.flumotion.cloud/canalextremaduralive/smil:channel1.smil/playlist.m3u8,,,,2026-03-11 10:47:59.440689+00,2026-03-11 10:47:59.440689+00,2026-03-11 14:56:56.460954+00
3d6053dd-559a-4894-a0fa-74a063bcbb8a,,Radio Guardo,0,https://graph.facebook.com/RadioGuardo/picture?width=200&height=200,https://server10.emitironline.com:10654/radi,,,,2026-03-05 09:25:05.436262+00,2026-03-05 09:25:05.436262+00,2026-03-11 14:56:56.460954+00
3de75188-1fd3-4f45-b8cc-009390e44a6e,,SER Cinco Villas,0,https://graph.facebook.com/cadenaser/picture?width=200&height=200,https://playerservices.streamtheworld.com/api/livestream-redirect/SER_CINCO_VILLAS.mp3,,,,2026-03-05 09:25:04.598001+00,2026-03-05 09:25:04.598001+00,2026-03-11 14:56:56.460954+00
3e58b8eb-5d53-4ed8-b5f4-68c0fdfa43c1,,SER San Sebastián,0,https://graph.facebook.com/cadenaser/picture?width=200&height=200,https://playerservices.streamtheworld.com/api/livestream-redirect/SER_SAN_SEBASTIAN.mp3,,,,2026-03-05 09:25:06.405237+00,2026-03-05 09:25:06.405237+00,2026-03-11 14:56:56.460954+00
3ecc5cb7-fb51-407b-ba65-560b680d5488,,À Punt FM,0,https://graph.facebook.com/apuntmedia/picture?width=200&height=200,https://fastly.live.brightcove.com/1854461588069069227/eu-central-1/6057955885001/eyJhbGciOiJIUzI1NiIsInR5cCI6IkpXVCJ9.eyJob3N0IjoiZWFxNWh4LmVncmVzcy53YzQ3bTEiLCJhY2NvdW50X2lkIjoiNjA1Nzk1NTg4NTAwMSIsImVobiI6ImZhc3RseS5saXZlLmJyaWdodGNvdmUuY29tIiwiaXNzIjoiYmxpdmUtcGxheWJhY2stc291cmNlLWFwaSIsInN1YiI6InBhdGhtYXB0b2tlbiIsImF1ZCI6WyI2MDU3OTU1ODg1MDAxIl0sImp0aSI6IjE4NTQ0NjE1ODgwNjkwNjkyMjcifQ.RKqA-z0MRntFVph2G3tE9YzBp7vfdMXcynOKpyqvZTg/playlist-hls-dvr.m3u8,,,,2026-03-05 09:25:05.797436+00,2026-03-05 09:25:05.797436+00,2026-03-11 14:56:56.460954+00
3ef73a8d-6e15-424b-a5e3-a0c6c46a4a21,,esRadio Asturias,0,https://graph.facebook.com/esradio/picture?width=200&height=200,https://server9.emitironline.com:8822/radio,,,,2026-03-05 09:25:06.511776+00,2026-03-05 09:25:06.511776+00,2026-03-11 14:56:56.460954+00
3f28f84a-24be-412b-9c89-fde7cc551fc5,,Tarragona Ràdio,0,https://graph.facebook.com/tarragonaradio/picture?width=200&height=200,https://enacast.com/tarragonaradio/streams/HD,,,,2026-03-05 09:25:05.436262+00,2026-03-05 09:25:05.436262+00,2026-03-11 14:56:56.460954+00
3f2a3381-8edd-43dc-b641-0793b48bcb1f,,SER Calahorra,0,https://graph.facebook.com/cadenaser/picture?width=200&height=200,https://playerservices.streamtheworld.com/api/livestream-redirect/SER_CALAHORRA.mp3,,,,2026-03-05 09:25:06.301894+00,2026-03-05 09:25:06.301894+00,2026-03-11 14:56:56.460954+00
3f98971d-25f5-4d34-a28e-ac6e5b52f11c,,Dial Latino,0.0,https://recursosweb.prisaradio.com/fotos/dest/010002743851.jpg,https://playerservices.streamtheworld.com/api/livestream-redirect/CADENADIAL_02AAC.aac,,,,2026-03-04 22:28:54.84657+00,2026-03-04 22:28:54.84657+00,2026-03-11 14:56:56.460954+00
4021a606-14b3-496a-a4ff-dd8634faf02b,,Gum FM Vielha,0,https://graph.facebook.com/gumfm/picture?width=200&height=200,https://s4.radio.co/sc1cb45a9f/listen,,,,2026-03-05 09:25:05.542737+00,2026-03-05 09:25:05.542737+00,2026-03-11 14:56:56.460954+00
4038903c-7da3-4211-9f28-f1323443ae18,,La Mega Málaga,0,https://graph.facebook.com/lamegacostadelsol/picture?width=200&height=200,https://streaming2.elitecomunicacion.es:8220//stream?type=.mp3,,,,2026-03-05 09:25:04.377712+00,2026-03-05 09:25:04.377712+00,2026-03-11 14:56:56.460954+00
40487e54-c191-4812-b210-968e2a300910,,Caravaca Radio,0,https://graph.facebook.com/CARAVACARADIO/picture?width=200&height=200,http://84.232.12.14:8000/caravacaradio,,,,2026-03-05 09:25:06.615794+00,2026-03-05 09:25:06.615794+00,2026-03-11 14:56:56.460954+00
40e8672e-e538-48a2-a627-b6b83abe5aed,,Radio Marca Barcelona,0.0,https://graph.facebook.com/RadioMARCA/picture?width=200&height=200,https://radiomarcabcnmedia.dns-lcinternet.com:9000/stream,,,,2026-03-04 22:29:55.012933+00,2026-03-04 22:29:55.012933+00,2026-03-11 14:56:56.460954+00
416916d1-96d0-44d6-a164-428f3b273f99,,CBN Christmas,0,https://www1.cbn.com/sites/all/libraries/radio/img/christmas300x300.jpg,https://streams.cbnradio.com/christmas-128K,,,,2026-03-05 09:25:06.755402+00,2026-03-05 09:25:06.755402+00,2026-03-11 14:56:56.460954+00
416cd0a8-c685-4d8e-9df4-fec9595a4dad,,3CAT Info,0,https://pbs.twimg.com/profile_images/1968163923477098496/blka6O_j_200x200.jpg,https://directes-radio-int.3catdirectes.cat/live-content/catalunya-informacio-hls/master.m3u8,,,,2026-03-05 09:25:05.436262+00,2026-03-05 09:25:05.436262+00,2026-03-11 14:56:56.460954+00
41717e74-35e2-4ab0-ab81-f63b0672a62d,,Onda Cero Cáceres,0,https://graph.facebook.com/ondacero/picture?width=200&height=200,https://atres-live.ondacero.es/live/delegaciones/oc/caceres/master.m3u8,,,,2026-03-05 09:25:06.073332+00,2026-03-05 09:25:06.073332+00,2026-03-11 14:56:56.460954+00
419cf41c-5bed-4b1f-83bb-23b0aabdbecd,,Radio Voz,0.0,https://graph.facebook.com/radiovoz/picture?width=200&height=200,https://live.radiovoz.es/mp3/stream_santiago.mp3,,,,2026-03-04 22:29:55.012933+00,2026-03-04 22:29:55.012933+00,2026-03-11 14:56:56.460954+00
41b69342-e11b-4590-971c-adee046251b5,,SER Madrid Sierra,0,https://graph.facebook.com/cadenaser/picture?width=200&height=200,https://playerservices.streamtheworld.com/api/livestream-redirect/SER_ASO_MADSIERRA.mp3,,,,2026-03-05 09:25:05.648309+00,2026-03-05 09:25:05.648309+00,2026-03-11 14:56:56.460954+00
41cc298e-e771-4f40-a4b2-a6b95defe6c2,,Radio Arlanzón,0,https://graph.facebook.com/radioarlanzon/picture?width=200&height=200,https://stream.zeno.fm/lmdmr08sga7vv,,,,2026-03-05 09:25:05.436262+00,2026-03-05 09:25:05.436262+00,2026-03-11 14:56:56.460954+00
41ce8945-0e2e-42ea-8644-d4d66ec253b0,,SportDirect Radio,0,https://graph.facebook.com/SportDirectRadio/picture?width=200&height=200,https://streaming12.elitecomunicacion.es:8036/stream,,,,2026-03-05 09:25:04.598001+00,2026-03-05 09:25:04.598001+00,2026-03-11 14:56:56.460954+00
423c3228-9b05-40e7-ba56-c934f7a54a8d,,Radio Sirena COPE Benidorm,0,https://graph.facebook.com/radiosirena/picture?width=200&height=200,https://str1.mediatelekom.net/proxy/radiosirena/stream,,,,2026-03-05 09:25:06.073332+00,2026-03-05 09:25:06.073332+00,2026-03-11 14:56:56.460954+00
4243955b-22fb-4d10-9b02-312583d23c78,,Onda Azul Torrevieja,0,https://pbs.twimg.com/profile_images/691063766784577536/3-ftz8tQ_200x200.jpg,https://usa3.lhdserver.es:8199/stream?type=.mp3,,,,2026-03-05 09:25:06.073332+00,2026-03-05 09:25:06.073332+00,2026-03-11 14:56:56.460954+00
42738b33-c06a-4c86-b278-fd9255d6b03e,,Radio 6 Tenerife,0,https://graph.facebook.com/radio6tenerife/picture?width=200&height=200,https://ns6.emisionlocal.com/proxy/radio6?mp=/stream,,,,2026-03-05 09:25:04.816771+00,2026-03-05 09:25:04.816771+00,2026-03-11 14:56:56.460954+00
42de8a27-095f-4454-bb8e-d2a6daf530b6,,Radio Osasuna,0,https://graph.facebook.com/Osasuna/picture?width=200&height=200,https://stream.radio.co/s2d5fcbba2/listen,,,,2026-03-05 09:25:03.819453+00,2026-03-05 09:25:03.819453+00,2026-03-11 14:56:56.460954+00
430d7c85-fcb1-48e8-8cfb-8f4b12af3b9e,,Catalunya Música,0,https://graph.facebook.com/catmusica/picture?width=200&height=200,https://directes-radio-int.3catdirectes.cat/live-content/catalunya-musica-hls/master.m3u8,,,,2026-03-05 09:25:05.436262+00,2026-03-05 09:25:05.436262+00,2026-03-11 14:56:56.460954+00
43355328-abfe-4b61-90fe-c53a858e06e3,,Radio Madrid Sierra,0,https://pbs.twimg.com/profile_images/1613231096644116481/fk4e53OS_200x200.jpg,https://streaming12.elitecomunicacion.es:8070/stream,,,,2026-03-05 09:25:05.797436+00,2026-03-05 09:25:05.797436+00,2026-03-11 14:56:56.460954+00
43c822bc-909a-4202-8b4b-e1006bc46a0d,,SER Pontevedra,0,https://graph.facebook.com/cadenaser/picture?width=200&height=200,https://playerservices.streamtheworld.com/api/livestream-redirect/SER_ASO_PONTEVEDRA.mp3,,,,2026-03-05 09:25:06.19346+00,2026-03-05 09:25:06.19346+00,2026-03-11 14:56:56.460954+00
43f56678-2c5f-4da8-9b14-4228abe7a7a2,,Rinse FM UK,0,https://graph.facebook.com/rinsefm/picture?width=200&height=200,https://admin.stream.rinse.fm/proxy/rinse_uk/stream,,,,2026-03-05 09:25:06.615794+00,2026-03-05 09:25:06.615794+00,2026-03-11 14:56:56.460954+00
4456b027-e8fd-46a6-b962-2d79bed0f619,,SER Vegas Altas,0,https://graph.facebook.com/cadenaser/picture?width=200&height=200,https://playerservices.streamtheworld.com/api/livestream-redirect/SER_VEGAS_ALTAS.mp3,,,,2026-03-05 09:25:06.073332+00,2026-03-05 09:25:06.073332+00,2026-03-11 14:56:56.460954+00
44c4a586-9a36-4b8f-8ac3-1394c562057a,,COPE Lugo,0,https://graph.facebook.com/COPE/picture?width=200&height=200,https://wecast-bl02.flumotion.com/copesedes/lugo.mp3,,,,2026-03-05 09:25:06.19346+00,2026-03-05 09:25:06.19346+00,2026-03-11 14:56:56.460954+00
44e1a291-07e3-41ce-8149-fa2269941991,,Loca FM House,0.0,https://graph.facebook.com/LocaFmOficial/picture?width=200&height=200,https://s2.we4stream.com/listen/loca_house/live,,,,2026-03-04 22:28:54.84657+00,2026-03-04 22:28:54.84657+00,2026-03-11 14:56:56.460954+00
452ea7c2-c78c-4ce2-9ca7-19be9a277dda,,Alfa 91.3 FM México,0,https://graph.facebook.com/Alfa913mx/picture?width=200&height=200,https://playerservices.streamtheworld.com/api/livestream-redirect/XHFAJ_FM.mp3,,,,2026-03-05 09:25:06.615794+00,2026-03-05 09:25:06.615794+00,2026-03-11 14:56:56.460954+00
454adcb9-a596-4346-a115-44c06e658981,,SER Tierra de Barros,0,https://graph.facebook.com/cadenaser/picture?width=200&height=200,https://playerservices.streamtheworld.com/api/livestream-redirect/SER_ASO_ALMENDRALEJO.mp3,,,,2026-03-05 09:25:06.073332+00,2026-03-05 09:25:06.073332+00,2026-03-11 14:56:56.460954+00
4559da27-273d-46b4-b39c-c7ff4427576d,,COPE Denia,0,https://graph.facebook.com/COPE/picture?width=200&height=200,https://wecast-bl02.flumotion.com/copesedes/denia.mp3,,,,2026-03-05 09:25:05.928863+00,2026-03-05 09:25:05.928863+00,2026-03-11 14:56:56.460954+00
45694373-35ae-4317-b39a-5ac0d0d9d543,,Canal Sur Radio,0.0,https://graph.facebook.com/CanalSurRadioAndalucia/picture?width=200&height=200,https://rtva-live-radio.flumotion.com/rtva/csr.mp3,,,,2026-03-04 22:28:54.84657+00,2026-03-04 22:28:54.84657+00,2026-03-11 14:56:56.460954+00
459e5847-c5b9-427e-adca-73a602df1570,,Loca FM Loca 90's,0,https://graph.facebook.com/LocaFmOficial/picture?width=200&height=200,https://s2.we4stream.com/listen/loca_90s_/live,,,,2026-03-05 09:25:03.819453+00,2026-03-05 09:25:03.819453+00,2026-03-11 14:56:56.460954+00
45aef369-b217-4369-b462-d6962604554a,,Flaix FM Andorra,0,https://graph.facebook.com/flaixandorra/picture?width=200&height=200,https://streaming.giraweb.com/8020/stream/;.mp3,,,,2026-03-05 09:25:06.615794+00,2026-03-05 09:25:06.615794+00,2026-03-11 14:56:56.460954+00
45c595b7-da43-4913-b2ba-c1422fe6aa50,,Loca FM Hard Techno,0,https://graph.facebook.com/LocaFmOficial/picture?width=200&height=200,https://s2.we4stream.com/listen/loca_hard_techno/live,,,,2026-03-05 09:25:03.819453+00,2026-03-05 09:25:03.819453+00,2026-03-11 14:56:56.460954+00
461a409c-a9d8-4715-9084-72ceafc7a0f0,,Inter Radio,0,https://graph.facebook.com/LaInter.es/picture?width=200&height=200,https://sonic.mediatelekom.net/8460/stream,,,,2026-03-05 09:25:06.615794+00,2026-03-05 09:25:06.615794+00,2026-03-11 14:56:56.460954+00
461a6e0d-1422-4f93-b8c2-672a4de5707d,,CBN Contemporary,0,https://www1.cbn.com/sites/all/libraries/radio/img/contemporary300x300.jpg,https://streams.cbnradio.com/contemporary-128K,,,,2026-03-05 09:25:06.615794+00,2026-03-05 09:25:06.615794+00,2026-03-11 14:56:56.460954+00
46206664-ba99-4505-b318-f19dea516935,,SER Ceuta,0,https://graph.facebook.com/cadenaser/picture?width=200&height=200,https://playerservices.streamtheworld.com/api/livestream-redirect/SER_CEUTA.mp3,,,,2026-03-05 09:25:05.648309+00,2026-03-05 09:25:05.648309+00,2026-03-11 14:56:56.460954+00
4652b347-7e01-4234-a8ea-5b01823e1cbd,,Onda Cero Gijón,0,https://graph.facebook.com/ondacero/picture?width=200&height=200,https://atres-live.ondacero.es/live/delegaciones/oc/gijon/master.m3u8,,,,2026-03-05 09:25:06.511776+00,2026-03-05 09:25:06.511776+00,2026-03-11 14:56:56.460954+00
4668cb50-e49c-45aa-87e5-06e96d534145,,CBN Selah,0,https://www1.cbn.com/sites/all/libraries/radio/img/selah300x300.jpg,https://streams.cbnradio.com/instrumental-128K,,,,2026-03-05 09:25:06.615794+00,2026-03-05 09:25:06.615794+00,2026-03-11 14:56:56.460954+00
46ab7451-9564-4bf5-b3c3-f587952cf47b,,Radio Comercial Portugal,0,https://graph.facebook.com/RadioComercial/picture?width=200&height=200,https://stream-hls.bauermedia.pt/comercial.aac/playlist.m3u8,,,,2026-03-05 09:25:06.615794+00,2026-03-05 09:25:06.615794+00,2026-03-11 14:56:56.460954+00
46d069fd-7e6b-4f9b-984b-817ef3a203b4,,Pedro Muñoz FM,0,https://graph.facebook.com/pedromunozfm/picture?width=200&height=200,https://radio.pedromunozfm.com:8443/endirecto.mp3,,,,2026-03-05 09:25:05.215377+00,2026-03-05 09:25:05.215377+00,2026-03-11 14:56:56.460954+00
46dc1a13-41a6-48ad-9dbc-9099f16285a3,,Onda Cero Murcia,0,https://graph.facebook.com/ondacero/picture?width=200&height=200,https://atres-live.ondacero.es/live/delegaciones/oc/murcia/master.m3u8,,,,2026-03-05 09:25:06.511776+00,2026-03-05 09:25:06.511776+00,2026-03-11 14:56:56.460954+00
46e33c7d-ccca-4df9-96c3-8043f4e03909,,Radio Carnaval Tenerife,0,https://graph.facebook.com/Multicarnaval/picture?width=200&height=200,https://streamtotal.net/proxy/carnaval/stream,,,,2026-03-05 09:25:04.816771+00,2026-03-05 09:25:04.816771+00,2026-03-11 14:56:56.460954+00
47262bb6-83e1-40d7-bb8c-c6559f3a0eec,,Radio 5 Ceuta,0,https://pbs.twimg.com/profile_images/1405097207339028480/H7nP_7Ti_200x200.jpg,https://dispatcher.rndfnk.com/crtve/rne5/ceu/mp3/high,,,,2026-03-05 09:25:05.648309+00,2026-03-05 09:25:05.648309+00,2026-03-11 14:56:56.460954+00
472f3777-871a-4b03-aed0-f9be59c931d4,,LOS40 Almería,0,https://graph.facebook.com/los40/picture?width=200&height=200,https://playerservices.streamtheworld.com/api/livestream-redirect/LOS40_ASO_ALMERIA.mp3,,,,2026-03-05 09:25:04.377712+00,2026-03-05 09:25:04.377712+00,2026-03-11 14:56:56.460954+00
4786f793-7f90-4159-8d21-a68638e6b371,,Kiss FM,0.0,https://graph.facebook.com/kissfm.es/picture?width=200&height=200,https://kissfm.kissfmradio.cires21.com/kissfm.mp3,,,,2026-03-04 22:28:54.84657+00,2026-03-04 22:28:54.84657+00,2026-03-11 14:56:56.460954+00
47931d42-35d1-4bad-a6e8-e92ad710695d,,Radiolé Costa de la Luz,0,https://graph.facebook.com/radiole/picture?width=200&height=200,https://playerservices.streamtheworld.com/api/livestream-redirect/RADIOLE_ASO_COSTA_LUZ.mp3,,,,2026-03-05 09:25:04.377712+00,2026-03-05 09:25:04.377712+00,2026-03-11 14:56:56.460954+00
47ad02bb-2366-4029-a1de-affa5fad2093,,SER Penedès-Garraf,0,https://graph.facebook.com/cadenaser/picture?width=200&height=200,https://playerservices.streamtheworld.com/api/livestream-redirect/SER_PENEDES_GARRAF.mp3,,,,2026-03-05 09:25:05.436262+00,2026-03-05 09:25:05.436262+00,2026-03-11 14:56:56.460954+00
47f986e0-7d3d-4685-a9a0-e0269d6d3c20,,Onda Cero Pamplona,0,https://graph.facebook.com/ondacero/picture?width=200&height=200,https://atres-live.ondacero.es/live/delegaciones/oc/pamplona/master.m3u8,,,,2026-03-05 09:25:05.797436+00,2026-03-05 09:25:05.797436+00,2026-03-11 14:56:56.460954+00
480605a2-17ed-44b0-bc5b-aba2fbe55ac9,,SER Barcelona,0,https://graph.facebook.com/cadenaser/picture?width=200&height=200,https://playerservices.streamtheworld.com/api/livestream-redirect/SER_BARCELONA.mp3,,,,2026-03-05 09:25:05.436262+00,2026-03-05 09:25:05.436262+00,2026-03-11 14:56:56.460954+00
495dc6c8-5dbb-4019-b63b-fd2266cf17f8,,COPE Más Madrid,0,https://graph.facebook.com/COPE/picture?width=200&height=200,https://flucast06-o-cloud.flumotion.com/cope/net4.mp3,,,,2026-03-05 09:25:05.648309+00,2026-03-05 09:25:05.648309+00,2026-03-11 14:56:56.460954+00
49889fc5-4e30-4df1-b264-039a9ca6da03,,Aragón Radio,0.0,https://graph.facebook.com/aragonradio/picture?width=200&height=200,https://cartv.streaming.aranova.es/hls/live/aragonradio_aragonradio1.m3u8,,,,2026-03-04 22:29:55.012933+00,2026-03-04 22:29:55.012933+00,2026-03-11 14:56:56.460954+00
4a4f116c-6eed-4a0d-a341-83daa9a713e9,,Estella-Lizarra FM,0,https://graph.facebook.com/estellalizarrafm/picture?width=200&height=200,https://server9.emitironline.com:19512/radio,,,,2026-03-05 09:25:05.797436+00,2026-03-05 09:25:05.797436+00,2026-03-11 14:56:56.460954+00
4ae0ca47-bef0-418b-a520-6d32d24a1d50,,Kiss FM Canarias,0,https://graph.facebook.com/kissfm.es/picture?width=200&height=200,https://bbkissfmcanarias.kissfmradio.cires21.com/bbkissfmcanarias.mp3,,,,2026-03-05 09:25:04.816771+00,2026-03-05 09:25:04.816771+00,2026-03-11 14:56:56.460954+00
4afbe957-e6f7-41e4-b00e-3898fba68812,,Gaydio UK,0,https://graph.facebook.com/gaydio/picture?width=200&height=200,https://listen-gaydio.sharp-stream.com/gaydiouk.mp3,,,,2026-03-05 09:25:06.615794+00,2026-03-05 09:25:06.615794+00,2026-03-11 14:56:56.460954+00
4b109238-024d-400b-9c50-955ce72eab89,,Onda Cero Elche,0,https://graph.facebook.com/ondacero/picture?width=200&height=200,https://atres-live.ondacero.es/live/delegaciones/oc/elche/master.m3u8,,,,2026-03-05 09:25:05.928863+00,2026-03-05 09:25:05.928863+00,2026-03-11 14:56:56.460954+00
4ba221f6-6e79-4430-8388-b9d63368c081,,Integración Radio,0,https://pbs.twimg.com/profile_images/603682455984414720/aXSEPW0z_200x200.jpg,https://eu1.lhdserver.es:9061/stream,,,,2026-03-05 09:25:04.377712+00,2026-03-05 09:25:04.377712+00,2026-03-11 14:56:56.460954+00
4be744e2-7e44-4b47-be3a-28e190bf480e,,Loca FM Sessions,0,https://graph.facebook.com/LocaFmOficial/picture?width=200&height=200,https://s2.we4stream.com/listen/loca_sessions/live,,,,2026-03-05 09:25:03.819453+00,2026-03-05 09:25:03.819453+00,2026-03-11 14:56:56.460954+00
4c1a96ab-9171-4342-927d-2240552353d3,,Radio Aguilar FM,0,https://graph.facebook.com/213369399946/picture?width=200&height=200,https://pr1cen101.emisionlocal.com/proxy/radioaguilar?mp=/stream,,,,2026-03-05 09:25:05.436262+00,2026-03-05 09:25:05.436262+00,2026-03-11 14:56:56.460954+00
4c67023c-2f0a-4de9-9232-a3ff2c046926,,SER Principal Vilalba,0,https://graph.facebook.com/cadenaser/picture?width=200&height=200,http://srv0510.lcinternet.com:8006/stream,,,,2026-03-05 09:25:06.19346+00,2026-03-05 09:25:06.19346+00,2026-03-11 14:56:56.460954+00
4c719f95-a805-44e2-b8af-449c3a2d0e66,,Pozuelo Radio,0,https://graph.facebook.com/pozueloradio/picture?width=200&height=200,http://5.135.183.124:8197/stream,,,,2026-03-05 09:25:05.797436+00,2026-03-05 09:25:05.797436+00,2026-03-11 14:56:56.460954+00
4ca55c1b-27f3-4f8c-9792-253aeb82b179,,Onda Peñes,0,https://graph.facebook.com/onda.penes/picture?width=200&height=200,https://eu1.lhdserver.es:2999/stream?type=.mp3,,,,2026-03-05 09:25:06.511776+00,2026-03-05 09:25:06.511776+00,2026-03-11 14:56:56.460954+00
4cccb07e-f3d8-402f-bcbe-2ae2f08c45cd,,Radio Tentación,0,https://graph.facebook.com/radiotentacionofficial/picture?width=200&height=200,https://streaming6.locucionar.com:2020/stream/radiotentacion,,,,2026-03-05 09:25:05.648309+00,2026-03-05 09:25:05.648309+00,2026-03-11 14:56:56.460954+00
4d43ff9b-fadd-4768-b882-8932a79c6c8d,,Spectrum FM,0,https://graph.facebook.com/SpectrumFMSpain/picture?width=200&height=200,https://eu8.fastcast4u.com/proxy/spectrumcds2?mp=/1,,,,2026-03-05 09:25:04.377712+00,2026-03-05 09:25:04.377712+00,2026-03-11 14:56:56.460954+00
4da666e2-9326-4a23-9101-9e113ea247dd,,Loca FM Techno,0,https://graph.facebook.com/LocaFmOficial/picture?width=200&height=200,https://s2.we4stream.com/listen/loca_techo/live,,,,2026-03-05 09:25:03.819453+00,2026-03-05 09:25:03.819453+00,2026-03-11 14:56:56.460954+00
4dc2c600-7acf-47b0-90a5-f62ce17f2465,,Cadena Dial Zafra-Río Bodión,0,https://graph.facebook.com/cadenadial/picture?width=200&height=200,http://5.135.183.124:8327/stream,,,,2026-03-05 09:25:06.19346+00,2026-03-05 09:25:06.19346+00,2026-03-11 14:56:56.460954+00
4e60e6f3-f7f9-482b-ba6a-9e718a8dca3b,,La Cheverisima Radio,0,https://play-lh.googleusercontent.com/paqCGWhxPmfQOzkssgQHBiAW60j3zi04Hq9K2UWM_oddr-X-ZriB6OK-K0Xr8lmP4A=w200,https://samuel.i-radio.co:9000/lacheverisima,,,,2026-03-05 09:25:06.511776+00,2026-03-05 09:25:06.511776+00,2026-03-11 14:56:56.460954+00
4e9d13ab-8b4a-4943-a654-d4f8f730f30b,,Wifon FM,0,https://graph.facebook.com/wifonfm/picture?width=200&height=200,https://betelgeuse.nucast.co.uk:8044/wifonfm,,,,2026-03-05 09:25:06.511776+00,2026-03-05 09:25:06.511776+00,2026-03-11 14:56:56.460954+00
4eaf0554-3c0f-4599-a78e-0db810676b7d,,SER Vitoria,0,https://graph.facebook.com/cadenaser/picture?width=200&height=200,https://playerservices.streamtheworld.com/api/livestream-redirect/SER_VITORIA.mp3,,,,2026-03-05 09:25:06.405237+00,2026-03-05 09:25:06.405237+00,2026-03-11 14:56:56.460954+00
4eb5fed6-4156-41b0-b304-aa0342fe83e8,,LOS40 Catalunya,0,https://graph.facebook.com/els40/picture?width=200&height=200,https://playerservices.streamtheworld.com/api/livestream-redirect/LOS40_CAT.mp3,,,,2026-03-05 09:25:05.436262+00,2026-03-05 09:25:05.436262+00,2026-03-11 14:56:56.460954+00
4eea0750-c9fe-463e-aaf4-48f014b4d021,,Canal Sur Radio Cadiz,0,https://graph.facebook.com/canalsurcadiz/picture?width=200&height=200,https://rtva-live-radio.flumotion.com/rtva/csrcad.mp3,,,,2026-03-05 09:25:03.819453+00,2026-03-05 09:25:03.819453+00,2026-03-11 14:56:56.460954+00
4f0a9b65-52ab-4f52-8b93-84ade1127ce5,,Cadena 100 Benidorm,0,https://graph.facebook.com/CADENA100/picture?width=200&height=200,https://str1.mediatelekom.net/proxy/cadena100/stream,,,,2026-03-05 09:25:05.928863+00,2026-03-05 09:25:05.928863+00,2026-03-11 14:56:56.460954+00
4f1c7c77-6a1d-4b34-94e7-3165ad0dee05,,Radio Nacional Navarra,0,https://graph.facebook.com/radionacionalrne/picture?width=200&height=200,https://dispatcher.rndfnk.com/crtve/rne1/nav/mp3/high,,,,2026-03-05 09:25:05.797436+00,2026-03-05 09:25:05.797436+00,2026-03-11 14:56:56.460954+00
4f38cf28-eadf-4082-bf67-e170df2876bc,,Q FM,0,https://graph.facebook.com/qmusica/picture?width=200&height=200,https://securestreams4.autopo.st:1889/stream,,,,2026-03-05 09:25:04.816771+00,2026-03-05 09:25:04.816771+00,2026-03-11 14:56:56.460954+00
4fa83565-d205-4d67-b2c8-31a7c6de81fa,,Altafulla Ràdio,0,https://graph.facebook.com/altafulla.radio/picture?width=200&height=200,https://enacast.com/altafullaradio/streams/HD,,,,2026-03-05 09:25:05.542737+00,2026-03-05 09:25:05.542737+00,2026-03-11 14:56:56.460954+00
4fe44ee6-3b95-489a-9697-a8ec916709c3,,Dynamis Radio,0,https://graph.facebook.com/dynamisradio/picture?width=200&height=200,https://control.streaming-pro.com:8014/stream,,,,2026-03-05 09:25:05.648309+00,2026-03-05 09:25:05.648309+00,2026-03-11 14:56:56.460954+00
5010f9f2-a53b-4da8-96d3-61aaf39f0c7d,,Radio Municipal de Tui,0,https://graph.facebook.com/RadioMunicipaldeTui/picture?width=200&height=200,https://srv7021.dns-lcinternet.com/8070/stream,,,,2026-03-05 09:25:06.19346+00,2026-03-05 09:25:06.19346+00,2026-03-11 14:56:56.460954+00
5031fb82-9793-4fe4-a93c-bde194f3b0cd,,esRadio Valencia,0,https://graph.facebook.com/esradio/picture?width=200&height=200,https://aequum821.dns-lcinternet.com:8200/stream,,,,2026-03-05 09:25:05.928863+00,2026-03-05 09:25:05.928863+00,2026-03-11 14:56:56.460954+00
503525aa-1548-4583-ad19-657b95aa5bb2,,Radio Universitaria León,0,https://graph.facebook.com/unileon/picture?width=200&height=200,https://radio.unileon.es/radio-unileon-320,,,,2026-03-05 09:25:05.436262+00,2026-03-05 09:25:05.436262+00,2026-03-11 14:56:56.460954+00
50739181-d5c3-4c73-a8d7-6a13e6a6da59,,Decibelia FM,0,https://pbs.twimg.com/profile_images/1580311659226210310/umHvZ3-d_200x200.jpg,https://streaming.shoutcast.com/decibelia,,,,2026-03-05 09:25:04.598001+00,2026-03-05 09:25:04.598001+00,2026-03-11 14:56:56.460954+00
50c456c6-91a7-4d32-b5ec-dfe07fa7ab08,,Europa FM Tenerife Norte / La Palma,0,https://graph.facebook.com/tueuropafm/picture?width=200&height=200,https://str1.mediatelekom.net/proxy/europafm1/stream/;,,,,2026-03-05 09:25:04.816771+00,2026-03-05 09:25:04.816771+00,2026-03-11 14:56:56.460954+00
50e9e434-1d36-4e17-87b2-55f66baff550,,Cadena SER,0.0,https://graph.facebook.com/cadenaser/picture?width=200&height=200,https://playerservices.streamtheworld.com/api/livestream-redirect/CADENASERAAC.aac,,,,2026-03-04 22:28:54.84657+00,2026-03-04 22:28:54.84657+00,2026-03-11 14:56:56.460954+00
51270c81-8918-429a-b720-c427ba099b7a,,COPE Radio Sureste,0,https://graph.facebook.com/COPE/picture?width=200&height=200,https://sonic.mediatelekom.net/8538/live,,,,2026-03-05 09:25:06.511776+00,2026-03-05 09:25:06.511776+00,2026-03-11 14:56:56.460954+00
513aca8e-026c-47d5-8521-8c920b7cf730,,Onda Cero Cangas del Narcea,0,https://graph.facebook.com/ondacero/picture?width=200&height=200,https://atres-live.ondacero.es/live/delegaciones/oc/cangasdenarcea/master.m3u8,,,,2026-03-05 09:25:06.511776+00,2026-03-05 09:25:06.511776+00,2026-03-11 14:56:56.460954+00
517d3571-00aa-4965-be85-d906df7647d1,,COPE Elche,0,https://graph.facebook.com/CopeElche/picture?width=200&height=200,https://stream-159.zeno.fm/fh1dewq8pxduv,,,,2026-03-05 09:25:05.928863+00,2026-03-05 09:25:05.928863+00,2026-03-11 14:56:56.460954+00
5190c3d4-5715-4844-9f98-b4f6356915a8,,Onda Cero Algeciras,0,https://graph.facebook.com/ondacero/picture?width=200&height=200,https://atres-live.ondacero.es/live/delegaciones/oc/algeciras/master.m3u8,,,,2026-03-05 09:25:04.141561+00,2026-03-05 09:25:04.141561+00,2026-03-11 14:56:56.460954+00
51b95f34-a0ee-4841-8067-90f7f132a3e5,,SER La Janda,0,https://graph.facebook.com/cadenaser/picture?width=200&height=200,https://eu1.lhdserver.es:8073/stream,,,,2026-03-05 09:25:04.141561+00,2026-03-05 09:25:04.141561+00,2026-03-11 14:56:56.460954+00
51c8c15f-d808-4bac-bd3b-d60291a2ecf3,,CanalEx,9,https://graph.facebook.com/CanalExtremadura/picture?width=200&height=200,https://canalextremadura-audio.flumotion.cloud/canalextremaduralive/smil:channel1.smil/playlist.m3u8,,,,2026-03-09 21:15:29.01637+00,2026-03-09 21:15:29.01637+00,2026-03-11 14:56:56.460954+00
51d4c371-add2-4837-89a1-fac3b115d60c,,Party FM,0,https://media.emisorasmusicales.net/wp-content/uploads/2025/05/27094024/PARTY-FM-definitivo-color-200x200.jpg,https://stream.emisorasmusicales.net/listen/party_fm/partyfm.mp3,,,,2026-03-05 09:25:06.073332+00,2026-03-05 09:25:06.073332+00,2026-03-11 14:56:56.460954+00
51de6237-c3fc-4887-8e65-92478d349c55,,Sol Latino,0,https://media.emisorasmusicales.net/wp-content/uploads/2024/04/11131523/Sol-Latino-200x200.png,https://stream.emisorasmusicales.net/listen/sol-latino/sol-latino.mp3,,,,2026-03-05 09:25:06.073332+00,2026-03-05 09:25:06.073332+00,2026-03-11 14:56:56.460954+00
52b846d0-fadd-4202-82d7-346501f49bb9,,Ripollet Radio,0,https://graph.facebook.com/RipolletRadio/picture?width=200&height=200,https://directe.ripolletradio.cat/live?mp3,,,,2026-03-05 09:25:05.542737+00,2026-03-05 09:25:05.542737+00,2026-03-11 14:56:56.460954+00
52d378a5-ef5b-4399-9c71-4d5e3475c2d9,,Ràdio Gràcia,0,https://graph.facebook.com/RadioGraciaBarcelona/picture?width=200&height=200,https://usa20.fastcast4u.com:3590/;.mp3,,,,2026-03-05 09:25:05.542737+00,2026-03-05 09:25:05.542737+00,2026-03-11 14:56:56.460954+00
53053c92-e4e0-4808-9076-f0b54e20183b,,Anda Onda Lerma,0,https://graph.facebook.com/andaondalerma/picture?width=200&height=200,https://topradio.uno:8006/stream,,,,2026-03-05 09:25:05.436262+00,2026-03-05 09:25:05.436262+00,2026-03-11 14:56:56.460954+00
537fb180-10c1-42ba-843f-997bdb42e82b,,SER Ontinyent,0,https://graph.facebook.com/cadenaser/picture?width=200&height=200,https://playerservices.streamtheworld.com/api/livestream-redirect/SER_ASO_ONTIYENT.mp3,,,,2026-03-05 09:25:05.797436+00,2026-03-05 09:25:05.797436+00,2026-03-11 14:56:56.460954+00
5389f068-a2a2-43e6-a6e5-088d029d0653,,Globo FM,0,https://pbs.twimg.com/profile_images/972013004484173824/BMLZEKXs_200x200.jpg,https://sonic.sistemahost.es/8200/;.mp3,,,,2026-03-05 09:25:05.797436+00,2026-03-05 09:25:05.797436+00,2026-03-11 14:56:56.460954+00
53f96e47-1d73-438a-baff-6c774bfa7aac,,Melodía FM,0.0,https://graph.facebook.com/tumelodiafm/picture?width=200&height=200,https://radio-atres-live.ondacero.es/api/livestream-redirect/MELODIA_FMAAC.aac,,,,2026-03-04 22:28:54.84657+00,2026-03-04 22:28:54.84657+00,2026-03-11 14:56:56.460954+00
5419411d-6c6c-4bd5-860f-7b168f45dac7,,SER Palma,0,https://graph.facebook.com/cadenaser/picture?width=200&height=200,https://playerservices.streamtheworld.com/api/livestream-redirect/SER_ASO_PALMA_DEL_RIO.mp3,,,,2026-03-05 09:25:04.141561+00,2026-03-05 09:25:04.141561+00,2026-03-11 14:56:56.460954+00
545a6873-820b-45d1-ac1a-87e4a0e5f8aa,,Ràdio Sabadell,0.0,https://graph.facebook.com/RadioSabadell/picture?width=200&height=200,https://streamer.radio.co/s39e9c768a/listen,,,,2026-03-04 22:29:55.012933+00,2026-03-04 22:29:55.012933+00,2026-03-11 14:56:56.460954+00
548bdb90-14a8-4d61-9b1e-294cf7bd55a5,,SER Puertollano,0,https://graph.facebook.com/cadenaser/picture?width=200&height=200,https://playerservices.streamtheworld.com/api/livestream-redirect/SER_PUERTOLLANO.mp3,,,,2026-03-05 09:25:05.022457+00,2026-03-05 09:25:05.022457+00,2026-03-11 14:56:56.460954+00
550f765f-8417-4c52-8abf-5877ffa00064,,Radio Marca Valencia,0,https://graph.facebook.com/RadioMARCA/picture?width=200&height=200,https://playerservices.streamtheworld.com/api/livestream-redirect/RADIOMARCA_VALENCIA.mp3,,,,2026-03-05 09:25:05.797436+00,2026-03-05 09:25:05.797436+00,2026-03-11 14:56:56.460954+00
5545c139-e1cc-4ab7-be7c-b07797ee14ea,,Canal Sur Radio Jaén,0,https://graph.facebook.com/canalsurjaen/picture?width=200&height=200,https://rtva-live-radio.flumotion.com/rtva/csrjae.mp3,,,,2026-03-05 09:25:03.819453+00,2026-03-05 09:25:03.819453+00,2026-03-11 14:56:56.460954+00
55714a8a-4f5e-4b88-a47b-d210c38f9619,,betevé ràdio,0,https://graph.facebook.com/betevecat/picture?width=200&height=200,https://cdnapisec.kaltura.com/p/2346171/sp/234617100/playManifest/entryId/0_qzjz9cja/format/applehttp/.m3u8?referrer=aHR0cHM6Ly9iZXRldmUuY2F0,,,,2026-03-05 09:25:05.436262+00,2026-03-05 09:25:05.436262+00,2026-03-11 14:56:56.460954+00
55c2cf08-1b3a-4a4e-b858-14877a253186,,Radio Almaina,0,https://pbs.twimg.com/profile_images/2117013357/perfil-facebook_200x200.jpg,https://radiobot.radioslibres.info/listen/radio_almaina/radio.mp3,,,,2026-03-05 09:25:04.377712+00,2026-03-05 09:25:04.377712+00,2026-03-11 14:56:56.460954+00
565d6e72-0c25-4ec1-9a4a-9855d54c7b95,,Radio Inter Madrid,0,https://pbs.twimg.com/profile_images/2001345471424380928/8OhfseTu_200x200.jpg,https://radioserver12.profesionalhosting.com/proxy/pkg156993/stream,,,,2026-03-05 09:25:05.648309+00,2026-03-05 09:25:05.648309+00,2026-03-11 14:56:56.460954+00
566628c8-2df7-4f00-81c8-e551f7ed3800,,CBN Classic Christian,0,https://www1.cbn.com/sites/all/libraries/radio/img/classic300x300.jpg,https://streams.cbnradio.com/Classic-Christian-128K,,,,2026-03-05 09:25:06.615794+00,2026-03-05 09:25:06.615794+00,2026-03-11 14:56:56.460954+00
566ea637-3f5d-47b3-b0b3-97be98476669,,COPE Gijón,0,https://graph.facebook.com/COPE/picture?width=200&height=200,https://wecast-bl02.flumotion.com/copesedes/gijon.mp3,,,,2026-03-05 09:25:06.405237+00,2026-03-05 09:25:06.405237+00,2026-03-11 14:56:56.460954+00
56bf5fa3-a884-4b97-9b90-68b454ef7205,,Radio Nacional Islas Baleares,0,https://graph.facebook.com/radionacionalrne/picture?width=200&height=200,https://dispatcher.rndfnk.com/crtve/rne1/bal/mp3/high,,,,2026-03-05 09:25:06.301894+00,2026-03-05 09:25:06.301894+00,2026-03-11 14:56:56.460954+00
56ec3d30-98ce-49b7-8eda-5b75c733ee45,,Radio Kolor,0,https://graph.facebook.com/kolor.cuenca/picture?width=200&height=200,https://stream20.usastreams.com/8122/stream,,,,2026-03-05 09:25:05.022457+00,2026-03-05 09:25:05.022457+00,2026-03-11 14:56:56.460954+00
572a2799-73b5-47b2-a6f0-22dfde259804,,RM La Manchuela,0,https://pbs.twimg.com/profile_images/1227224148079980544/kkxXv9jL_200x200.jpg,https://cast2.rmradio.es:8053/campillo,,,,2026-03-05 09:25:05.022457+00,2026-03-05 09:25:05.022457+00,2026-03-11 14:56:56.460954+00
575be0b2-936f-4c86-b15d-9e0ced2912ea,,Radio Rociana del Condado,0,https://graph.facebook.com/radiorociana/picture?width=200&height=200,https://streaming.radiorociana.com/;stream.mp3,,,,2026-03-05 09:25:04.377712+00,2026-03-05 09:25:04.377712+00,2026-03-11 14:56:56.460954+00
57b536db-7009-4b4b-a14c-6179e1d6c1aa,,Radio Nacional Ceuta,0,https://graph.facebook.com/radionacionalrne/picture?width=200&height=200,https://dispatcher.rndfnk.com/crtve/rne1/ceu/mp3/high,,,,2026-03-05 09:25:05.648309+00,2026-03-05 09:25:05.648309+00,2026-03-11 14:56:56.460954+00
57c885c9-6026-422c-9cd6-ff22a4c1bb62,,EITB Euskal Kantak,0,https://graph.facebook.com/eitbEuskalKantak/picture?width=200&height=200,https://multimedia.eitb.eus/live-content/eitbeuskalkantak-hls/master.m3u8,,,,2026-03-05 09:25:06.405237+00,2026-03-05 09:25:06.405237+00,2026-03-11 14:56:56.460954+00
57fa96a8-a177-4317-ac26-42475e868d36,,SER Jaén,0.0,https://graph.facebook.com/cadenaser/picture?width=200&height=200,https://playerservices.streamtheworld.com/api/livestream-redirect/SER_JAEN.mp3,,,,2026-03-04 22:29:55.012933+00,2026-03-04 22:29:55.012933+00,2026-03-11 14:56:56.460954+00
581fca89-88c3-438f-b63a-65df898b6b2a,,Onda Cero Toledo,0,https://graph.facebook.com/ondacero/picture?width=200&height=200,https://atres-live.ondacero.es/live/delegaciones/oc/toledo/master.m3u8,,,,2026-03-05 09:25:05.022457+00,2026-03-05 09:25:05.022457+00,2026-03-11 14:56:56.460954+00
582806b4-244e-4c98-814b-990475a5f023,,MariskalRock Radio,0,https://graph.facebook.com/mariskalrock/picture?width=200&height=200,https://media.profesionalhosting.com:8047/stream,,,,2026-03-05 09:25:03.819453+00,2026-03-05 09:25:03.819453+00,2026-03-11 14:56:56.460954+00
58cfbab6-12b5-43d3-a517-bbc0912590b1,,LOS40,0.0,https://hciqxvfvohcaiaqqrvdq.supabase.co/storage/v1/object/public/station-logos/espana/LOS40.png,https://playerservices.streamtheworld.com/api/livestream-redirect/LOS40AAC.aac,,,,2026-03-04 22:28:54.84657+00,2026-03-04 22:28:54.84657+00,2026-03-11 14:56:56.460954+00
58efa4e7-3ac6-4ef9-8395-cbb151116427,,SER Guadix,0,https://graph.facebook.com/cadenaser/picture?width=200&height=200,https://playerservices.streamtheworld.com/api/livestream-redirect/SER_ASO_GUADIX.mp3,,,,2026-03-05 09:25:04.141561+00,2026-03-05 09:25:04.141561+00,2026-03-11 14:56:56.460954+00
59677d49-74b9-40c0-b46d-db3ddd91eaa1,,SER Castro Urdiales,0,https://graph.facebook.com/cadenaser/picture?width=200&height=200,https://playerservices.streamtheworld.com/api/livestream-redirect/SER_CASTRO_URDIALES.mp3,,,,2026-03-05 09:25:04.816771+00,2026-03-05 09:25:04.816771+00,2026-03-11 14:56:56.460954+00
5996dd91-56b4-4197-aee5-bb62ef626cc9,,Código FM,0,https://graph.facebook.com/codigofmradio/picture?width=200&height=200,https://cloudstream2036.conectarhosting.com/8422/stream,,,,2026-03-05 09:25:06.073332+00,2026-03-05 09:25:06.073332+00,2026-03-11 14:56:56.460954+00
5a029de7-8546-4bb8-90e7-3ff9308eb20d,,Onda Cero Córdoba,0,https://graph.facebook.com/ondacero/picture?width=200&height=200,https://atres-live.ondacero.es/live/delegaciones/oc/cordoba/master.m3u8,,,,2026-03-05 09:25:04.141561+00,2026-03-05 09:25:04.141561+00,2026-03-11 14:56:56.460954+00
5a21f569-f5a6-465a-8515-9ab0d70eec98,,SER Talavera,0,https://graph.facebook.com/cadenaser/picture?width=200&height=200,https://playerservices.streamtheworld.com/api/livestream-redirect/SER_TALAVERA.mp3,,,,2026-03-05 09:25:05.022457+00,2026-03-05 09:25:05.022457+00,2026-03-11 14:56:56.460954+00
5a69d541-d7fa-485d-b759-97d482a11c97,,COPE Cáceres,0.0,https://hciqxvfvohcaiaqqrvdq.supabase.co/storage/v1/object/public/station-logos/espana/COPE%20C%C3%A1ceres.png,https://wecast-bl02.flumotion.com/copesedes/caceres.mp3,,,,2026-03-11 10:47:59.440689+00,2026-03-11 10:47:59.440689+00,2026-03-11 14:56:56.460954+00
5b071c72-1422-4a5c-8534-f5968118515d,,Ràdio Ripoll,0,https://graph.facebook.com/334511563914/picture?width=200&height=200,https://eu1.lhdserver.es:3065/stream,,,,2026-03-05 09:25:05.542737+00,2026-03-05 09:25:05.542737+00,2026-03-11 14:56:56.460954+00
5b61813f-b69f-4cf1-b0a9-a3253f6d4a88,,Radio Univ. Alcalá Henares,0,https://graph.facebook.com/ruahradio/picture?width=200&height=200,https://streaming2.elitecomunicacion.es:8066/stream,,,,2026-03-05 09:25:05.797436+00,2026-03-05 09:25:05.797436+00,2026-03-11 14:56:56.460954+00
5b629fd7-0ab0-4100-b736-31e283ca0c8c,,SER Asón,0,https://graph.facebook.com/cadenaser/picture?width=200&height=200,https://playerservices.streamtheworld.com/api/livestream-redirect/SER_ASON.mp3,,,,2026-03-05 09:25:04.816771+00,2026-03-05 09:25:04.816771+00,2026-03-11 14:56:56.460954+00
5bde10a7-96d8-4733-b735-57a505f0019b,,Onda Bierzo,0,https://graph.facebook.com/ondabierzo/picture?width=200&height=200,https://pr1cen101.emisionlocal.com/proxy/ondabierzo?mp=/stream,,,,2026-03-05 09:25:05.215377+00,2026-03-05 09:25:05.215377+00,2026-03-11 14:56:56.460954+00
5bf525dc-c06c-40b0-bcd3-9532491f85bf,,99.9 Valencia Radio,0,https://graph.facebook.com/999VlcRadio/picture?width=200&height=200,https://stream1.solstreaming.com:8112/stream,,,,2026-03-05 09:25:06.073332+00,2026-03-05 09:25:06.073332+00,2026-03-11 14:56:56.460954+00
5c5b611a-ee0b-42c3-a743-4b96cb77981a,,SER Torrelavega,0,https://graph.facebook.com/cadenaser/picture?width=200&height=200,https://playerservices.streamtheworld.com/api/livestream-redirect/SER_TORRELAVEGA.mp3,,,,2026-03-05 09:25:04.816771+00,2026-03-05 09:25:04.816771+00,2026-03-11 14:56:56.460954+00
5ca1f439-ebf0-46bb-be6a-1c12a10c6d1f,,Esencia Radio,0,https://graph.facebook.com/esenciaradio/picture?width=200&height=200,https://stream.zeno.fm/apu4qxap0rquv,,,,2026-03-05 09:25:05.648309+00,2026-03-05 09:25:05.648309+00,2026-03-11 14:56:56.460954+00
5ca4504a-1c58-45f6-bb5b-da2951cdf305,,SER Sevilla,0,https://graph.facebook.com/cadenaser/picture?width=200&height=200,https://playerservices.streamtheworld.com/api/livestream-redirect/SER_SEVILLA.mp3,,,,2026-03-05 09:25:04.141561+00,2026-03-05 09:25:04.141561+00,2026-03-11 14:56:56.460954+00
5ca83190-b1f1-4cf3-b1a3-b1d7b41ba1d8,,COPE Tenerife,0,https://graph.facebook.com/COPE/picture?width=200&height=200,https://wecast-bl02.flumotion.com/copesedes/tenerife.mp3,,,,2026-03-05 09:25:04.816771+00,2026-03-05 09:25:04.816771+00,2026-03-11 14:56:56.460954+00
5cc7b6ca-e23a-43fb-84c1-9fad2734826c,,Master FM,0,https://graph.facebook.com/masterfm.es/picture?width=200&height=200,https://radios.masterfm.es:8000/web24,,,,2026-03-05 09:25:05.648309+00,2026-03-05 09:25:05.648309+00,2026-03-11 14:56:56.460954+00
5ccebf94-de4c-4931-8cd9-f40af3eee1d8,,SER Huelva,0.0,https://graph.facebook.com/cadenaser/picture?width=200&height=200,https://playerservices.streamtheworld.com/api/livestream-redirect/SER_HUELVA.mp3,,,,2026-03-04 22:29:55.012933+00,2026-03-04 22:29:55.012933+00,2026-03-11 14:56:56.460954+00
5cec7b08-0155-4df2-9fb7-81047cc4f56b,,La Que Suena,0,https://media.emisorasmusicales.net/wp-content/uploads/2020/03/11022654/laquesuena-logo-200x200.png,https://stream.emisorasmusicales.net/radio/8090/laquesuena.mp3,,,,2026-03-05 09:25:05.928863+00,2026-03-05 09:25:05.928863+00,2026-03-11 14:56:56.460954+00
5e07be4e-9216-497d-94c1-218904e9395a,,Ràdioilla Formentera,0,https://graph.facebook.com/radioilla.formentera/picture?width=200&height=200,https://srv6021.dns-lcinternet.com:10220/stream,,,,2026-03-05 09:25:06.301894+00,2026-03-05 09:25:06.301894+00,2026-03-11 14:56:56.460954+00
5e314ee3-4fcf-4ece-baed-0060a9e802ca,,Onda Cero Gandia,0,https://graph.facebook.com/ondacerogandia/picture?width=200&height=200,https://one.cloudstreaming.eu/proxy/ondacero/stream,,,,2026-03-05 09:25:05.928863+00,2026-03-05 09:25:05.928863+00,2026-03-11 14:56:56.460954+00
5e7de36d-96b5-441e-a9c6-f15815a45ecb,,Radio 5 Melilla,0,https://pbs.twimg.com/profile_images/1405097207339028480/H7nP_7Ti_200x200.jpg,https://rnelivestream.rtve.es/rne5/mel/master.m3u8,,,,2026-03-05 09:25:06.301894+00,2026-03-05 09:25:06.301894+00,2026-03-11 14:56:56.460954+00
5e7e3b16-9a93-4df0-baa2-b7c9e4fa4a87,,Radio 5 Navarra,0,https://pbs.twimg.com/profile_images/1405097207339028480/H7nP_7Ti_200x200.jpg,https://dispatcher.rndfnk.com/crtve/rne5/nav/mp3/high,,,,2026-03-05 09:25:05.797436+00,2026-03-05 09:25:05.797436+00,2026-03-11 14:56:56.460954+00
5f41a4b9-5b11-4b57-8c8a-36bd66309fa6,,Radio Marca Vigo,0,https://graph.facebook.com/RadioMARCA/picture?width=200&height=200,https://streaming.enacast.com/radiomarcavigoHD.mp3,,,,2026-03-05 09:25:06.19346+00,2026-03-05 09:25:06.19346+00,2026-03-11 14:56:56.460954+00
5f696b7f-ce25-43a0-b004-e4b8c719d6af,,Tomorrowland Radio,0,https://graph.facebook.com/tomorrowland/picture?width=200&height=200,https://playerservices.streamtheworld.com/api/livestream-redirect/OWR_INTERNATIONAL_ADP.m3u8,,,,2026-03-05 09:25:06.615794+00,2026-03-05 09:25:06.615794+00,2026-03-11 14:56:56.460954+00
5f96ae80-ee6c-4562-a5c8-12c3a603f831,,LOS40 Urban,0.0,https://graph.facebook.com/los40urban/picture?width=200&height=200,https://playerservices.streamtheworld.com/api/livestream-redirect/LOS40_URBANAAC.aac,,,,2026-03-04 22:28:54.84657+00,2026-03-04 22:28:54.84657+00,2026-03-11 14:56:56.460954+00
5f9e92a9-1117-49fa-b131-51c65874f34b,,Jazz Radio Francia,0,https://graph.facebook.com/jazzradio.fr/picture?width=200&height=200,https://jazzradio.ice.infomaniak.ch/jazzradio-high.mp3,,,,2026-03-05 09:25:06.615794+00,2026-03-05 09:25:06.615794+00,2026-03-11 14:56:56.460954+00
5fa11ef7-f899-4aac-8151-c860fe4a8003,,SER Tarragona,0,https://graph.facebook.com/cadenaser/picture?width=200&height=200,https://playerservices.streamtheworld.com/api/livestream-redirect/SER_TARRAGONA.mp3,,,,2026-03-05 09:25:05.436262+00,2026-03-05 09:25:05.436262+00,2026-03-11 14:56:56.460954+00
5fa1f0aa-e9e9-40a6-9003-a814b10863f9,,Radio Andalucía Información,0,https://upload.wikimedia.org/wikipedia/commons/thumb/6/6b/RadioAndaluc%C3%ADaInformaci%C3%B3n.png/240px-RadioAndaluc%C3%ADaInformaci%C3%B3n.png,https://rtva-live-radio.flumotion.com/rtva/rai.mp3,,,,2026-03-05 09:25:03.819453+00,2026-03-05 09:25:03.819453+00,2026-03-11 14:56:56.460954+00
6042be24-bebe-4ba4-a160-5656a2838d3b,,Radio Benicarló,0,https://pbs.twimg.com/profile_images/1544316931175550979/6M8VF3dz_200x200.jpg,https://streaming.enacast.com/radiobenicarlo128.mp3,,,,2026-03-05 09:25:06.073332+00,2026-03-05 09:25:06.073332+00,2026-03-11 14:56:56.460954+00
604ad6d0-6248-438b-8575-8a623e6118d2,,Radio Negreira,0,https://yt3.googleusercontent.com/ytc/APkrFKYmoi9DDHfPuxKJenC5c3CM9hfoksrZljpcsJGK5Q=s200,https://srv7031.dns-lcinternet.com/8030/stream,,,,2026-03-05 09:25:06.19346+00,2026-03-05 09:25:06.19346+00,2026-03-11 14:56:56.460954+00
60a02690-c04f-4ad0-aea2-3ed800621254,,Radio Enlace,0,https://graph.facebook.com/radioenlacemadrid/picture?width=200&height=200,https://cervera.eldialdigital.com:25121/stream,,,,2026-03-05 09:25:05.648309+00,2026-03-05 09:25:05.648309+00,2026-03-11 14:56:56.460954+00
60aa7066-3d30-4fb6-b84b-7f77c73c49f2,,Euskadi Irratia,0.0,https://graph.facebook.com/Euskadi.Irratia/picture?width=200&height=200,https://multimedia.eitb.eus/live-content/euskadirratia-hls/master.m3u8,,,,2026-03-04 22:29:55.012933+00,2026-03-04 22:29:55.012933+00,2026-03-11 14:56:56.460954+00
60e3bdbd-1cb5-4940-be4a-27d76b38de08,,Cadena 100 Estella,0,https://graph.facebook.com/CADENA100/picture?width=200&height=200,https://server9.emitironline.com:9373/radio,,,,2026-03-05 09:25:05.797436+00,2026-03-05 09:25:05.797436+00,2026-03-11 14:56:56.460954+00
6183f8aa-3d90-41f6-b7b1-e0b4b80ed621,,R Maria,0,https://graph.facebook.com/RadioMariaSpa/picture?width=200&height=200,https://dreamsiteradiocp4.com/proxy/rmspain1?mp=/stream/1/;.mp3,,,,2026-03-09 21:23:34.537947+00,2026-03-09 21:23:34.537947+00,2026-03-11 14:56:56.460954+00
61895b21-bb51-44b6-b0cc-fe010e81e04d,,Constantí Ràdio,0,https://graph.facebook.com/ConstantiRadio/picture?width=200&height=200,https://streaming.enacast.com/radioconstantiSD.mp3,,,,2026-03-05 09:25:05.542737+00,2026-03-05 09:25:05.542737+00,2026-03-11 14:56:56.460954+00
61938d30-8b29-4b02-bc0f-b82f078c3fa8,,Hit FM,0.0,https://graph.facebook.com/hitfm.es/picture?width=200&height=200,https://adhandler.kissfmradio.cires21.com/get_link?url=https://bbhitfm.kissfmradio.cires21.com/bbhitfm.mp3,,,,2026-03-04 22:28:54.84657+00,2026-03-04 22:28:54.84657+00,2026-03-11 14:56:56.460954+00
61c52dc9-4f22-472d-9c4f-e975922b9691,,Onda Cero Infiesto,0,https://graph.facebook.com/ondacero/picture?width=200&height=200,https://atres-live.ondacero.es/live/delegaciones/oc/infiesto/master.m3u8,,,,2026-03-05 09:25:06.511776+00,2026-03-05 09:25:06.511776+00,2026-03-11 14:56:56.460954+00
62503278-d157-4c1d-8170-2fc2f85cdcb8,,Ràdio Montornès,0,https://graph.facebook.com/radiomontornes/picture?width=200&height=200,https://cast4.my-control-panel.com/proxy/rmonto/stream,,,,2026-03-05 09:25:05.542737+00,2026-03-05 09:25:05.542737+00,2026-03-11 14:56:56.460954+00
6250a5b8-9bcf-4f20-83e8-6921e5c4b5bd,,Dial Baladas,0.0,https://recursosweb.prisaradio.com/fotos/dest/010002743853.jpg,https://playerservices.streamtheworld.com/api/livestream-redirect/CADENADIAL_03AAC.aac,,,,2026-03-04 22:28:54.84657+00,2026-03-04 22:28:54.84657+00,2026-03-11 14:56:56.460954+00
62d57605-61fc-413b-bf63-b3b8ece1650a,,COPE A Coruña,0,https://graph.facebook.com/COPE/picture?width=200&height=200,https://wecast-bl02.flumotion.com/copesedes/lacoruna.mp3,,,,2026-03-05 09:25:06.19346+00,2026-03-05 09:25:06.19346+00,2026-03-11 14:56:56.460954+00
62db47f1-0a0e-470f-82e1-bc112ece2e78,,SER Coca Ser Ronda,0,https://graph.facebook.com/cadenaser/picture?width=200&height=200,https://playerservices.streamtheworld.com/api/livestream-redirect/SER_ASO_RONDA.mp3,,,,2026-03-05 09:25:04.141561+00,2026-03-05 09:25:04.141561+00,2026-03-11 14:56:56.460954+00
63364d2d-e59c-4519-b095-2559f06bde5d,,Bizkaia Irratia,0,https://graph.facebook.com/BizkaiaIrratia/picture?width=200&height=200,https://stream.mediasector.es/radio/8230/bizkaiairratia.mp3,,,,2026-03-05 09:25:06.405237+00,2026-03-05 09:25:06.405237+00,2026-03-11 14:56:56.460954+00
6415ee80-c570-4660-9de9-dae8f6ce927d,,Styl Manresa,0,https://graph.facebook.com/stylfm/picture?width=200&height=200,https://ssl.nexuscast.com:8077/stream,,,,2026-03-05 09:25:05.542737+00,2026-03-05 09:25:05.542737+00,2026-03-11 14:56:56.460954+00
64fa3f08-9ade-47c7-a636-c474ea29518a,,COPE Alicante,0,https://graph.facebook.com/COPE/picture?width=200&height=200,https://wecast-bl02.flumotion.com/copesedes/alicante.mp3,,,,2026-03-05 09:25:05.928863+00,2026-03-05 09:25:05.928863+00,2026-03-11 14:56:56.460954+00
659a1633-c6a9-4a09-a2e6-9fc0ff5ddd41,,Radio Nacional País Vasco,0,https://graph.facebook.com/radionacionalrne/picture?width=200&height=200,https://dispatcher.rndfnk.com/crtve/rne1/eus/mp3/high,,,,2026-03-05 09:25:06.405237+00,2026-03-05 09:25:06.405237+00,2026-03-11 14:56:56.460954+00
65a95d1e-2827-42a7-b3f4-e510151e0686,,Onda Aragonesa,0,https://graph.facebook.com/RadioOndaAragonesa/picture?width=200&height=200,https://eu1.lhdserver.es:9047/stream,,,,2026-03-05 09:25:04.816771+00,2026-03-05 09:25:04.816771+00,2026-03-11 14:56:56.460954+00
65aae3f2-adb9-4717-be71-23550eca1056,,Donostia Kultura Irratia,0,https://graph.facebook.com/DKirratia/picture?width=200&height=200,https://s35.myradiostream.com:26101/listen.mp3,,,,2026-03-05 09:25:06.405237+00,2026-03-05 09:25:06.405237+00,2026-03-11 14:56:56.460954+00
65e8ecc4-e5b7-4e29-a79b-b7c8e62f780a,,SER Jódar,0,https://graph.facebook.com/cadenaser/picture?width=200&height=200,https://playerservices.streamtheworld.com/api/livestream-redirect/SER_ASO_JODAR.mp3,,,,2026-03-05 09:25:04.141561+00,2026-03-05 09:25:04.141561+00,2026-03-11 14:56:56.460954+00
665100a2-8cba-4327-bd9f-2d2677dff21a,,Canal Sur Radio Sevilla,0,https://graph.facebook.com/canalsursevilla/picture?width=200&height=200,https://rtva-live-radio.flumotion.com/rtva/csrsev.mp3,,,,2026-03-05 09:25:03.819453+00,2026-03-05 09:25:03.819453+00,2026-03-11 14:56:56.460954+00
667ba813-4707-4b5b-8713-3180b5a13ba1,,Radio Merindad de Campoo,0,https://graph.facebook.com/103380741524107/picture?width=200&height=200,https://server8.emitironline.com:18774/stream,,,,2026-03-05 09:25:05.022457+00,2026-03-05 09:25:05.022457+00,2026-03-11 14:56:56.460954+00
67125457-ea07-490e-a105-c5c65be743a9,,Radio Marca Valladolid,0,https://graph.facebook.com/RadioMARCA/picture?width=200&height=200,https://radiomarcavalladolid.streaming-pro.com:6106/radiomarca.mp3,,,,2026-03-05 09:25:05.215377+00,2026-03-05 09:25:05.215377+00,2026-03-11 14:56:56.460954+00
67930e1d-efb5-4347-a1b2-f973cad616a4,,Bilbo Hiria Irratia,0,https://graph.facebook.com/bilbohiria/picture?width=200&height=200,https://server8.emitironline.com:18392/stream,,,,2026-03-05 09:25:06.405237+00,2026-03-05 09:25:06.405237+00,2026-03-11 14:56:56.460954+00
6857340c-25b0-41e7-8fd0-ad4df6d6bdb5,,Onda Cero Alcázar de San Juan,0,https://graph.facebook.com/ondacero/picture?width=200&height=200,https://atres-live.ondacero.es/live/delegaciones/oc/alcazar/master.m3u8,,,,2026-03-05 09:25:05.022457+00,2026-03-05 09:25:05.022457+00,2026-03-11 14:56:56.460954+00
68d7cad3-dde6-4268-8781-0e99f8e7e98e,,COPE Pamplona,0,https://graph.facebook.com/COPE/picture?width=200&height=200,https://wecast-bl02.flumotion.com/copesedes/pamplona.mp3,,,,2026-03-05 09:25:05.797436+00,2026-03-05 09:25:05.797436+00,2026-03-11 14:56:56.460954+00
68e2ec1a-9a7e-42fa-ab3a-2c96ec63bad3,,Valencia CF Radio,0,https://graph.facebook.com/ValenciaCF/picture?width=200&height=200,https://radio-valencia-direct.flumotion.com/rvfc/shoutcast.mp3,,,,2026-03-05 09:25:03.819453+00,2026-03-05 09:25:03.819453+00,2026-03-11 14:56:56.460954+00
694dd9d6-a5d2-49c2-840d-6913a8225ffa,,Arrate Irratia,0,https://play-lh.googleusercontent.com/AWgxIb9V1Z6aIJQ6Mx98k8b7UbJbekd6NRjb849-MbATra820dBMfri8_hEgHNcnZd0=w200-h200,https://online.arrateirratia.eus/zuzenean,,,,2026-03-05 09:25:06.405237+00,2026-03-05 09:25:06.405237+00,2026-03-11 14:56:56.460954+00
695313b2-a559-4b6c-ae47-83ee2ff382a1,,Remember Radio,0,https://graph.facebook.com/rememberradiocs/picture?width=200&height=200,https://sm1.streamingmovil.com:2199/proxy/webrr?mp=/WEB,,,,2026-03-05 09:25:06.073332+00,2026-03-05 09:25:06.073332+00,2026-03-11 14:56:56.460954+00
698d2838-6470-469f-8c2f-03ea2522e4ab,,Radio OneMallorca,0,https://graph.facebook.com/RadioOneMallorca/picture?width=200&height=200,https://pegasus.nucast.co.uk:8004/stream,,,,2026-03-05 09:25:06.301894+00,2026-03-05 09:25:06.301894+00,2026-03-11 14:56:56.460954+00
69c74456-6566-4aae-bbf7-052c6a0967c6,,COPE Jerez,0,https://graph.facebook.com/COPE/picture?width=200&height=200,https://wecast-bl02.flumotion.com/copesedes/jerez.mp3,,,,2026-03-05 09:25:04.141561+00,2026-03-05 09:25:04.141561+00,2026-03-11 14:56:56.460954+00
69f4ae0e-26fb-4184-aa2e-42b177d27e86,,esRadio Murcia,0,https://graph.facebook.com/esradio/picture?width=200&height=200,https://sonic.mediatelekom.net/8274/stream,,,,2026-03-05 09:25:06.511776+00,2026-03-05 09:25:06.511776+00,2026-03-11 14:56:56.460954+00
6ac6c0af-e7b9-4518-9b3b-8dddf97df8e6,,Onda Cero Motril,0,https://graph.facebook.com/ondacero/picture?width=200&height=200,https://atres-live.ondacero.es/live/delegaciones/oc/motril/master.m3u8,,,,2026-03-05 09:25:04.141561+00,2026-03-05 09:25:04.141561+00,2026-03-11 14:56:56.460954+00
6afbf9bf-a2f6-46a5-a60e-a2bf70a466e1,,SER Valdepeñas,0,https://graph.facebook.com/cadenaser/picture?width=200&height=200,https://playerservices.streamtheworld.com/api/livestream-redirect/SER_VALDEPENAS.mp3,,,,2026-03-05 09:25:05.022457+00,2026-03-05 09:25:05.022457+00,2026-03-11 14:56:56.460954+00
6c0e5848-fae9-427e-a1c1-ce413d81f959,,EITB Musika,0,https://graph.facebook.com/eitb/picture?width=200&height=200,https://multimedia.eitb.eus/live-content/eitbmusika-hls/master.m3u8,,,,2026-03-05 09:25:06.301894+00,2026-03-05 09:25:06.301894+00,2026-03-11 14:56:56.460954+00
6c49ceab-dfa5-4e5f-8343-250d0bba4ca0,,La Mega FM,0,https://media.emisorasmusicales.net/wp-content/uploads/2020/03/11023732/LaMega-200x200.png,https://stream.emisorasmusicales.net/radio/8020/lamega.mp3,,,,2026-03-05 09:25:05.928863+00,2026-03-05 09:25:05.928863+00,2026-03-11 14:56:56.460954+00
6c63117c-9a66-4c52-8a46-ee2fe1e82516,,Radio La Zona Perú,0,https://graph.facebook.com/Radiolazona/picture?width=200&height=200,https://mdstrm.com/audio/5fada54116646e098d97e6a5/icecast.audio,,,,2026-03-05 09:25:06.615794+00,2026-03-05 09:25:06.615794+00,2026-03-11 14:56:56.460954+00
6ccea351-1618-4452-861b-6926b8ff0eed,,Radio Galega Música,0,https://graph.facebook.com/aradiogalega/picture?width=200&height=200,https://crtvg-radiogalega-musica-hls.flumotion.cloud/playlist.m3u8,,,,2026-03-05 09:25:06.19346+00,2026-03-05 09:25:06.19346+00,2026-03-11 14:56:56.460954+00
6cf38df6-5da6-4060-8673-ad22505bfde4,,Onda Cádiz Radio,0,https://graph.facebook.com/ondacadiz/picture?width=200&height=200,https://ondacadiztv.es:30443/ocr/directo/icecast.audio,,,,2026-03-05 09:25:04.377712+00,2026-03-05 09:25:04.377712+00,2026-03-11 14:56:56.460954+00
6d1cc0fc-04cc-460a-919c-6900bd611c33,,esRadio Alicante,0,https://graph.facebook.com/esradio/picture?width=200&height=200,https://streaming12.elitecomunicacion.es:8260/stream,,,,2026-03-05 09:25:05.928863+00,2026-03-05 09:25:05.928863+00,2026-03-11 14:56:56.460954+00
6e13d12d-8298-40f2-b38d-4c293d5a7940,,Mallorca Sunshine Radio,0,https://graph.facebook.com/MallorcaSunshineRadio/picture?width=200&height=200,https://mallorcasunshineradio.do-not-publish.com/mallorcasunshineradio-live/mp3-128,,,,2026-03-05 09:25:06.301894+00,2026-03-05 09:25:06.301894+00,2026-03-11 14:56:56.460954+00
6fe3a0e7-0e79-4f82-95ca-96b40bb26077,,COPE Lleida,0,https://graph.facebook.com/COPE/picture?width=200&height=200,https://wecast-bl02.flumotion.com/copesedes/lleida.mp3,,,,2026-03-05 09:25:05.436262+00,2026-03-05 09:25:05.436262+00,2026-03-11 14:56:56.460954+00
6ff1cca0-7e98-4776-b386-e06b5b9a8504,,MDT Radio Madrid,0,https://graph.facebook.com/mdtradiomadrid/picture?width=200&height=200,https://streams1.mdtradio.com:8443/MdtMadrid,,,,2026-03-05 09:25:05.797436+00,2026-03-05 09:25:05.797436+00,2026-03-11 14:56:56.460954+00
704b5983-6102-4db3-8a49-e8ff4d430300,,El Salto Radio,0,https://graph.facebook.com/ElSaltoDiario/picture?width=200&height=200,https://radio.radiobot.org/listen/salto/elsaltoradio.mp3,,,,2026-03-05 09:25:05.648309+00,2026-03-05 09:25:05.648309+00,2026-03-11 14:56:56.460954+00
7068dacf-a215-41f2-baf7-2f6388ee7564,,SER Arosa,0,https://graph.facebook.com/cadenaser/picture?width=200&height=200,https://playerservices.streamtheworld.com/api/livestream-redirect/SER_ASO_AROSA.mp3,,,,2026-03-05 09:25:06.19346+00,2026-03-05 09:25:06.19346+00,2026-03-11 14:56:56.460954+00
70983b2c-fe68-4fed-b239-1597eac8c3eb,,Kick!FM,0,https://graph.facebook.com/kickfm/picture?width=200&height=200,https://icecast.kickfm.eu/mp3-high,,,,2026-03-05 09:25:06.301894+00,2026-03-05 09:25:06.301894+00,2026-03-11 14:56:56.460954+00
70abc439-05eb-4616-9930-33e4f80490aa,,Radio Calasparra,0,https://www.radiocalasparra.es/wp-content/uploads/2024/06/logo-radio-calasparra-e1718630159516.png,http://84.232.12.14:8000/RadioCalasparra,,,,2026-03-05 09:25:06.511776+00,2026-03-05 09:25:06.511776+00,2026-03-11 14:56:56.460954+00
71513d7b-aa78-47c1-8da0-47de44fe4696,,SER Granada,0.0,https://graph.facebook.com/cadenaser/picture?width=200&height=200,https://playerservices.streamtheworld.com/api/livestream-redirect/SER_ASO_GRANADA.mp3,,,,2026-03-04 22:29:55.012933+00,2026-03-04 22:29:55.012933+00,2026-03-11 14:56:56.460954+00
7169035c-547b-4176-9a77-744e535bd0c9,,Onda Cero Puertollano,0,https://graph.facebook.com/ondacero.puertollano/picture?width=200&height=200,https://playerservices.streamtheworld.com/api/livestream-redirect/OC_PUERTOLLANOAAC.m3u8,,,,2026-03-05 09:25:05.022457+00,2026-03-05 09:25:05.022457+00,2026-03-11 14:56:56.460954+00
717eb4dd-56dc-4532-bc31-a906f4413470,,Europa FM Tenerife Sur / La Gomera,0,https://graph.facebook.com/tueuropafm/picture?width=200&height=200,https://str1.mediatelekom.net:9950/live,,,,2026-03-05 09:25:04.816771+00,2026-03-05 09:25:04.816771+00,2026-03-11 14:56:56.460954+00
71a401a8-cf43-4b32-9a87-4250179b2355,,Remember The Music FM,0,https://pbs.twimg.com/profile_images/1034848375705878528/qt4gn64O_200x200.jpg,https://eu1.lhdserver.es:9041/stream,,,,2026-03-05 09:25:05.928863+00,2026-03-05 09:25:05.928863+00,2026-03-11 14:56:56.460954+00
71f815aa-29ad-40b5-84aa-d0c7dc0ef7c4,,EXA FM México,0,https://graph.facebook.com/exafm/picture?width=200&height=200,https://playerservices.streamtheworld.com/api/livestream-redirect/XHEXA.mp3,,,,2026-03-05 09:25:06.615794+00,2026-03-05 09:25:06.615794+00,2026-03-11 14:56:56.460954+00
71f94be6-f8e8-47b6-8db8-c7300674db8e,,COPE Cartagena,0,https://graph.facebook.com/COPE/picture?width=200&height=200,https://wecast09-h-cloud.flumotion.com/copesedes/cartagena.mp3,,,,2026-03-05 09:25:06.511776+00,2026-03-05 09:25:06.511776+00,2026-03-11 14:56:56.460954+00
7204a7a6-2da9-4415-b726-75e718105e79,,SER Ferrol,0,https://graph.facebook.com/cadenaser/picture?width=200&height=200,https://playerservices.streamtheworld.com/api/livestream-redirect/SER_ASO_FERROL.mp3,,,,2026-03-05 09:25:06.19346+00,2026-03-05 09:25:06.19346+00,2026-03-11 14:56:56.460954+00
724fa76c-caff-4a2e-81e3-b96fa1b6a504,,Radio Universidad de Navarra,0,https://graph.facebook.com/radiouniversidaddenavarra/picture?width=200&height=200,https://s2.radio.co/sb23429e9f/listen,,,,2026-03-05 09:25:05.797436+00,2026-03-05 09:25:05.797436+00,2026-03-11 14:56:56.460954+00
72b9a06d-1c2b-40eb-a28a-d8818b5f210c,,SER Poniente,0,https://graph.facebook.com/cadenaser/picture?width=200&height=200,https://playerservices.streamtheworld.com/api/livestream-redirect/SER_ASO_PONIENTE.mp3,,,,2026-03-05 09:25:04.141561+00,2026-03-05 09:25:04.141561+00,2026-03-11 14:56:56.460954+00
73f1ec8f-5e33-4545-b89f-d9eb44839ae3,,RM Requena Utiel,0,https://graph.facebook.com/rmradio/picture?width=200&height=200,https://cast2.rmradio.es:8053/mira,,,,2026-03-05 09:25:05.928863+00,2026-03-05 09:25:05.928863+00,2026-03-11 14:56:56.460954+00
74467ac8-516b-401a-8447-a52239f2e23e,,Radio Euskadi,0.0,https://graph.facebook.com/radioeuskadi.RE/picture?width=200&height=200,https://multimedia.eitb.eus/live-content/radioeuskadi-hls/master.m3u8,,,,2026-03-04 22:28:54.84657+00,2026-03-04 22:28:54.84657+00,2026-03-11 14:56:56.460954+00
747a5d05-3dc5-496f-89aa-f2b78ddd564d,,Europa FM Huelva,0,https://graph.facebook.com/tueuropafm/picture?width=200&height=200,https://atres-live.europafm.com/live/delegaciones/efm/huelva/master.m3u8,,,,2026-03-05 09:25:04.377712+00,2026-03-05 09:25:04.377712+00,2026-03-11 14:56:56.460954+00
751b559e-c71b-4b22-b4d4-94f3eacc4007,,UAB Ràdio,0,https://pbs.twimg.com/profile_images/1445682704117235722/vR8kEFTr_200x200.jpg,https://videosdigitals.uab.cat/live/uabradio/playlist.m3u8,,,,2026-03-05 09:25:05.542737+00,2026-03-05 09:25:05.542737+00,2026-03-11 14:56:56.460954+00
7592c49c-09fb-4bcc-aa36-e6e6c53d8392,,Onda Cero Sierra,0,https://graph.facebook.com/ondacero/picture?width=200&height=200,https://atres-live.ondacero.es/live/delegaciones/oc/aso_sierra/master.m3u8,,,,2026-03-05 09:25:05.648309+00,2026-03-05 09:25:05.648309+00,2026-03-11 14:56:56.460954+00
76511e5f-8c80-4b0e-8b89-9544c27fc11d,,COPE Ávila,0,https://graph.facebook.com/COPE/picture?width=200&height=200,https://wecast-bl02.flumotion.com/copesedes/avila.mp3,,,,2026-03-05 09:25:05.215377+00,2026-03-05 09:25:05.215377+00,2026-03-11 14:56:56.460954+00
7654bbd0-c83f-4993-85a5-77a649d817b9,,Radio Logroño,0,https://graph.facebook.com/radiologrono/picture?width=200&height=200,https://stream.zeno.fm/19buxw48djlvv,,,,2026-03-05 09:25:06.301894+00,2026-03-05 09:25:06.301894+00,2026-03-11 14:56:56.460954+00
769b7514-2f18-4dfe-a617-c1bd0205be93,,Radio Huesca Jaca,0,https://graph.facebook.com/cadenaser/picture?width=200&height=200,https://playerservices.streamtheworld.com/api/livestream-redirect/SER_JACA.mp3,,,,2026-03-05 09:25:04.816771+00,2026-03-05 09:25:04.816771+00,2026-03-11 14:56:56.460954+00
76d0c2c9-a396-4391-88c8-aa398a5df095,,Onda Cero Vigo,0,https://graph.facebook.com/ondacero/picture?width=200&height=200,https://atres-live.ondacero.es/live/delegaciones/oc/vigo/master.m3u8,,,,2026-03-05 09:25:06.19346+00,2026-03-05 09:25:06.19346+00,2026-03-11 14:56:56.460954+00
76e6ff2d-a08b-4c20-8a3b-300438ed1495,,Onda Cero Salamanca,0,https://graph.facebook.com/ondacero/picture?width=200&height=200,https://atres-live.ondacero.es/live/delegaciones/oc/salamanca/master.m3u8,,,,2026-03-05 09:25:05.215377+00,2026-03-05 09:25:05.215377+00,2026-03-11 14:56:56.460954+00
770121fa-d176-4cbe-8be2-85c2c9cd76b6,,Rock FM,0.0,https://hciqxvfvohcaiaqqrvdq.supabase.co/storage/v1/object/public/station-logos/espana/Rock%20FM.png,https://rockfm-cope.flumotion.com/playlist.m3u8,,,,2026-03-04 22:28:54.84657+00,2026-03-04 22:28:54.84657+00,2026-03-11 14:56:56.460954+00
7702ad8f-36df-4079-9e96-ab861e2f3e73,,Radio La Isla,0,https://graph.facebook.com/radiolaisla/picture?width=200&height=200,https://server10.emitironline.com:30132/stream,,,,2026-03-05 09:25:04.377712+00,2026-03-05 09:25:04.377712+00,2026-03-11 14:56:56.460954+00
770bbe65-18d8-4e6f-8a53-5600c50964da,,COPE Axarquía,0,https://graph.facebook.com/COPE/picture?width=200&height=200,https://online.vibacomunicacion.com:9986/stream,,,,2026-03-05 09:25:04.141561+00,2026-03-05 09:25:04.141561+00,2026-03-11 14:56:56.460954+00
77e146e4-f21c-4197-b111-c8231def1fb9,,esRadio Extremadura,0,https://graph.facebook.com/esradio/picture?width=200&height=200,https://libertaddigital-radio-live1.flumotion.com/libertaddigital/ld-live1-high.mp3,,,,2026-03-05 09:25:06.073332+00,2026-03-05 09:25:06.073332+00,2026-03-11 14:56:56.460954+00
7823cc44-b44c-4d12-a087-a4619fc712b4,,Canal 4 Tenerife,0,https://graph.facebook.com/CANAL4TENERIFE/picture?width=200&height=200,https://panel5.soydigital.fm/8024/live,,,,2026-03-05 09:25:04.816771+00,2026-03-05 09:25:04.816771+00,2026-03-11 14:56:56.460954+00
785ec76e-2d50-43db-86d1-9abe34258dc6,,Loca FM Melodic Techno,0,https://graph.facebook.com/LocaFmOficial/picture?width=200&height=200,https://s2.we4stream.com/listen/loca_melodic_techno/live,,,,2026-03-05 09:25:03.819453+00,2026-03-05 09:25:03.819453+00,2026-03-11 14:56:56.460954+00
78f0dc23-1d81-4e1f-885f-790bc307cddf,,Medea FM,0,https://graph.facebook.com/radiomedeafm/picture?width=200&height=200,https://sonic.mediatelekom.net/8562/;.mp3,,,,2026-03-05 09:25:06.511776+00,2026-03-05 09:25:06.511776+00,2026-03-11 14:56:56.460954+00
793fe24d-b86c-48ab-93bf-e9ae3c6535e0,,Radio Swiss Jazz,0,https://graph.facebook.com/radioswissjazz/picture?width=200&height=200,https://stream.srg-ssr.ch/m/rsj/mp3_128,,,,2026-03-05 09:25:06.615794+00,2026-03-05 09:25:06.615794+00,2026-03-11 14:56:56.460954+00
795c63b2-825e-48b6-910c-28107a33dad5,,Yecla Media Radio,0,https://graph.facebook.com/Yeclamedia/picture?width=200&height=200,https://emision.yeclamedia.com:8080/emision,,,,2026-03-05 09:25:06.511776+00,2026-03-05 09:25:06.511776+00,2026-03-11 14:56:56.460954+00
7977454e-7965-4ac8-854d-2549c52de859,,Sol Radio,0,https://graph.facebook.com/solradio99.8/picture?width=200&height=200,https://azura.abcorp.es/radio/8220/solradio,,,,2026-03-05 09:25:05.797436+00,2026-03-05 09:25:05.797436+00,2026-03-11 14:56:56.460954+00
79e4cbee-fe3b-49a6-a132-5e2c4ed5a8d8,,Sevilla FC Radio,0,https://graph.facebook.com/sevillafc/picture?width=200&height=200,https://open.http.mp.streamamg.com/p/3001314/sp/300131400/playManifest/entryId/0_ye0b8tc0/format/applehttp/protocol/https/uiConfId/30026292/a.m3u8,,,,2026-03-05 09:25:03.819453+00,2026-03-05 09:25:03.819453+00,2026-03-11 14:56:56.460954+00
79eda0aa-dab4-41df-9ce1-e3db8880c36a,,COPE Zaragoza,0,https://graph.facebook.com/COPE/picture?width=200&height=200,https://wecast-bl02.flumotion.com/copesedes/zaragoza.mp3,,,,2026-03-05 09:25:04.598001+00,2026-03-05 09:25:04.598001+00,2026-03-11 14:56:56.460954+00
7a5083e6-bfae-489e-bef0-e1d6845188e7,,Master FM Asturias,0,https://graph.facebook.com/masterfm.es/picture?width=200&height=200,https://radios.masterfm.es:8000/asturias,,,,2026-03-05 09:25:06.511776+00,2026-03-05 09:25:06.511776+00,2026-03-11 14:56:56.460954+00
7aeb8c10-85b5-4f05-994d-fe16a256cfd0,,COPE Motril,0,https://graph.facebook.com/COPE/picture?width=200&height=200,https://wecast-bl02.flumotion.com/copesedes/motril.mp3,,,,2026-03-05 09:25:04.141561+00,2026-03-05 09:25:04.141561+00,2026-03-11 14:56:56.460954+00
7b4865fe-c414-4027-aea0-f0b3114afd60,,Radio Marca Málaga,0,https://graph.facebook.com/RadioMARCA/picture?width=200&height=200,https://malagafm.streaming-pro.com:8131/malagafmmobile,,,,2026-03-05 09:25:03.819453+00,2026-03-05 09:25:03.819453+00,2026-03-11 14:56:56.460954+00
7b50dd1c-bb03-4608-9974-a4e61da7cbe4,,Loca FM Urban,0.0,https://graph.facebook.com/LocaFmOficial/picture?width=200&height=200,https://s1.we4stream.com:2020/stream/locaurban,,,,2026-03-04 22:28:54.84657+00,2026-03-04 22:28:54.84657+00,2026-03-11 14:56:56.460954+00
7b6892e8-f7c4-4e89-8a84-08b95ace3988,,Cadena 100 Campo de Gibraltar,0,https://graph.facebook.com/CADENA100/picture?width=200&height=200,https://stream.zeno.fm/fkq1xae5bzzuv,,,,2026-03-05 09:25:04.377712+00,2026-03-05 09:25:04.377712+00,2026-03-11 14:56:56.460954+00
7b72bf3e-0564-4073-8188-1299f447ddce,,La Mega FM Asturias,0,https://play-lh.googleusercontent.com/c_sl-yRJP4jzCPQjkLe0xFWuGj6Xe6JaoShibnsuV98KnDkM7Ao54DsLD_1orN2eyDbC=w200,https://broadcast.radioponiente.org:8032/;.mp3,,,,2026-03-05 09:25:06.511776+00,2026-03-05 09:25:06.511776+00,2026-03-11 14:56:56.460954+00
7b8696d4-ab1d-414f-9a28-ad5ff154e8b1,,Ràdio Molins de Rei,0,https://graph.facebook.com/radiomolins/picture?width=200&height=200,https://streaming.enacast.com/radiomolins.mp3,,,,2026-03-05 09:25:05.542737+00,2026-03-05 09:25:05.542737+00,2026-03-11 14:56:56.460954+00
7cb40c85-5694-48e6-ab89-437b5c073726,,COPE Jaca,0,https://graph.facebook.com/COPE/picture?width=200&height=200,https://wecast-bl02.flumotion.com/copesedes/jaca.mp3,,,,2026-03-05 09:25:04.598001+00,2026-03-05 09:25:04.598001+00,2026-03-11 14:56:56.460954+00
7cc62b09-a53f-4d63-9242-e47c53de6178,,COPE Soria,0,https://graph.facebook.com/COPE/picture?width=200&height=200,https://wecast-bl02.flumotion.com/copesedes/soria.mp3,,,,2026-03-05 09:25:05.215377+00,2026-03-05 09:25:05.215377+00,2026-03-11 14:56:56.460954+00
7cda0a42-c61c-4426-974a-bb4deceb3f92,,Radio Marca Almería,0,https://graph.facebook.com/RadioMARCA/picture?width=200&height=200,https://streaming.indalteco.net/proxy/radiomarca?mp=/rmarcaalm.mp3,,,,2026-03-05 09:25:03.819453+00,2026-03-05 09:25:03.819453+00,2026-03-11 14:56:56.460954+00
7d129371-4a41-4d75-a205-c44560575f21,,Radio Nacional Madrid,0,https://graph.facebook.com/radionacionalrne/picture?width=200&height=200,https://dispatcher.rndfnk.com/crtve/rne1/mad/mp3/high,,,,2026-03-05 09:25:05.648309+00,2026-03-05 09:25:05.648309+00,2026-03-11 14:56:56.460954+00
7d53c1fc-5c71-4b41-826b-58ad42efe9a4,,COPE Lorca,0,https://graph.facebook.com/COPE/picture?width=200&height=200,https://wecast-bl02.flumotion.com/copesedes/lorca.mp3,,,,2026-03-05 09:25:06.511776+00,2026-03-05 09:25:06.511776+00,2026-03-11 14:56:56.460954+00
7d6c087d-c176-4276-bc67-8d6ea5aed0a4,,Radio 5 Galicia,0,https://pbs.twimg.com/profile_images/1405097207339028480/H7nP_7Ti_200x200.jpg,https://dispatcher.rndfnk.com/crtve/rne5/lcg/mp3/high,,,,2026-03-05 09:25:06.19346+00,2026-03-05 09:25:06.19346+00,2026-03-11 14:56:56.460954+00
7d9bc14a-c319-4fec-96c2-77ba679d1bcf,,CBN Praise,0,https://www1.cbn.com/sites/all/libraries/radio/img/praise300x300.jpg,https://streams.cbnradio.com/praise-128K,,,,2026-03-05 09:25:06.615794+00,2026-03-05 09:25:06.615794+00,2026-03-11 14:56:56.460954+00
7e228bf4-cdde-4292-935b-5cc515069be4,,Radio Es Castell,0,https://graph.facebook.com/ajescastell/picture?width=200&height=200,https://stream.recasound.es/proxy/escastell/stream,,,,2026-03-05 09:25:06.301894+00,2026-03-05 09:25:06.301894+00,2026-03-11 14:56:56.460954+00
7e2cea64-52b1-45f5-8a62-21dc04ef199a,,Cadena 100 Vegas Altas,0,https://graph.facebook.com/CADENA100/picture?width=200&height=200,https://eu1.lhdserver.es:8017/stream,,,,2026-03-05 09:25:06.19346+00,2026-03-05 09:25:06.19346+00,2026-03-11 14:56:56.460954+00
7eeb06b5-1b13-4c7c-a463-ba355fe0db48,,Onda Cero Zamora,0,https://graph.facebook.com/ondacero/picture?width=200&height=200,https://atres-live.ondacero.es/live/delegaciones/oc/zamora/master.m3u8,,,,2026-03-05 09:25:05.215377+00,2026-03-05 09:25:05.215377+00,2026-03-11 14:56:56.460954+00
7eec1909-f89e-40eb-8cd7-846fcf31902f,,Unika FM,0,https://graph.facebook.com/unikafmmuchomasquedance/picture?width=200&height=200,https://server1.easystreaming.pro:8443/unika,,,,2026-03-05 09:25:05.648309+00,2026-03-05 09:25:05.648309+00,2026-03-11 14:56:56.460954+00
7f0c46cc-968d-4e38-bc37-531857936124,,SER Club Tenerife,0,https://graph.facebook.com/cadenaser/picture?width=200&height=200,https://playerservices.streamtheworld.com/api/livestream-redirect/SER_TENERIFE.mp3,,,,2026-03-05 09:25:04.816771+00,2026-03-05 09:25:04.816771+00,2026-03-11 14:56:56.460954+00
7f42b247-e13a-44d9-ac8b-ce55a339d2ad,,Surco Tomelloso,0,https://graph.facebook.com/radiosurco/picture?width=200&height=200,https://node-19.zeno.fm/52vdh1y07qzuv,,,,2026-03-05 09:25:05.022457+00,2026-03-05 09:25:05.022457+00,2026-03-11 14:56:56.460954+00
7f4ce155-de9f-4d36-83ae-d5c0294db52f,,RNE 1,0,https://graph.facebook.com/radionacionalrne/picture?width=200&height=200,https://rtvelivestream.rtve.es/rtvesec/rne/rne_r1_main.m3u8,,,,2026-03-05 12:11:08.713386+00,2026-03-05 12:11:08.713386+00,2026-03-11 14:56:56.460954+00
7fa8d05f-66b4-4223-9c0b-8b803ea55e03,,Onda Capital,0,https://graph.facebook.com/ondacapitalfm/picture?width=200&height=200,https://server1.radiocast.es/listen/onda_capital/capitalweb,,,,2026-03-05 09:25:04.377712+00,2026-03-05 09:25:04.377712+00,2026-03-11 14:56:56.460954+00
8044564f-5b0e-4ae2-9724-06c98a03ca1f,,Can Deu FM,0,http://candeufm.com/e107_images/custom/2021app.jpg,https://radios.solumedia.com/6716/stream,,,,2026-03-05 09:25:05.542737+00,2026-03-05 09:25:05.542737+00,2026-03-11 14:56:56.460954+00
8065dc28-e258-4c19-8ba1-63db3e816221,,Loca FM,0.0,https://graph.facebook.com/LocaFmOficial/picture?width=200&height=200,https://s3.we4stream.com:2020/stream/locafm,,,,2026-03-04 22:28:54.84657+00,2026-03-04 22:28:54.84657+00,2026-03-11 14:56:56.460954+00
80f24b75-b216-4731-81a0-0a545cd2d7e0,,Loca FM Big Room,0,https://graph.facebook.com/LocaFmOficial/picture?width=200&height=200,https://s2.we4stream.com/listen/loca_big_room/live,,,,2026-03-05 09:25:03.819453+00,2026-03-05 09:25:03.819453+00,2026-03-11 14:56:56.460954+00
81de61fd-b0a5-4444-9d64-eba8de408ea6,,Onda Jerez Radio,0,https://graph.facebook.com/OndaJerezRTV/picture?width=200&height=200,https://radio.ondajerez.com:8443/Ondajerez.mp3,,,,2026-03-05 09:25:04.377712+00,2026-03-05 09:25:04.377712+00,2026-03-11 14:56:56.460954+00
8266863c-3c60-4a35-845b-e4316b077319,,Onda Cero Pontevedra,0,https://graph.facebook.com/ondacero/picture?width=200&height=200,https://atres-live.ondacero.es/live/delegaciones/oc/pontevedra/master.m3u8,,,,2026-03-05 09:25:06.19346+00,2026-03-05 09:25:06.19346+00,2026-03-11 14:56:56.460954+00
833413c7-c59f-49ea-b0b3-6d34737d2c5a,,Onda Cero Sagunto,0,https://graph.facebook.com/ondacero/picture?width=200&height=200,https://atres-live.ondacero.es/live/delegaciones/oc/sagunto/master.m3u8,,,,2026-03-05 09:25:05.928863+00,2026-03-05 09:25:05.928863+00,2026-03-11 14:56:56.460954+00
838067c6-25e3-4728-b935-b57364b61456,,CBN News,0,https://www1.cbn.com/sites/all/libraries/radio/img/news300x300.jpg,https://streams.cbnradio.com/news-128K,,,,2026-03-05 09:25:06.615794+00,2026-03-05 09:25:06.615794+00,2026-03-11 14:56:56.460954+00
8457e20b-8e8b-489c-aac3-45087966f45a,,Ibiza Global Radio,0,https://graph.facebook.com/ibiza.radio/picture?width=200&height=200,https://listenssl.ibizaglobalradio.com:8024/stream,,,,2026-03-05 09:25:06.301894+00,2026-03-05 09:25:06.301894+00,2026-03-11 14:56:56.460954+00
84671461-d08c-4724-9668-f6d7e1a02788,,Litoral Oro,0,https://media.emisorasmusicales.net/wp-content/uploads/2024/11/06182836/Logo-Litoral-ORO-200x200.jpg,https://stream.emisorasmusicales.net/listen/litoral_oro/litoral-oro.mp3,,,,2026-03-05 09:25:06.073332+00,2026-03-05 09:25:06.073332+00,2026-03-11 14:56:56.460954+00
84b2fab5-5d9f-4361-a77f-ebb147607557,,esRadio Arnedo,0,https://graph.facebook.com/ondarioja.radioarnedo/picture?width=200&height=200,https://stream20.usastreams.com/8154/stream,,,,2026-03-05 09:25:06.301894+00,2026-03-05 09:25:06.301894+00,2026-03-11 14:56:56.460954+00
84e07839-5668-4ceb-8d67-3b5e2b9b0e09,,RDP Int. Portugal,0,https://graph.facebook.com/rtp/picture?width=200&height=200,https://streaming-live.rtp.pt/liveradio/rdpint80a/chunklist_DVR.m3u8,,,,2026-03-05 09:25:06.615794+00,2026-03-05 09:25:06.615794+00,2026-03-11 14:56:56.460954+00
8503fdbd-5547-4bd3-8344-83207644c717,,Euskalerria Irratia,0,https://graph.facebook.com/euskalerriairratia/picture?width=200&height=200,https://server9.emitironline.com:8014/stream,,,,2026-03-05 09:25:05.797436+00,2026-03-05 09:25:05.797436+00,2026-03-11 14:56:56.460954+00
858e0e2e-712a-4681-a60d-ab7397c74295,,LOS40 Classic,0.0,https://graph.facebook.com/Los40Classic.Oficial/picture?width=200&height=200,https://playerservices.streamtheworld.com/api/livestream-redirect/LOS40_CLASSICAAC.aac,,,,2026-03-04 22:28:54.84657+00,2026-03-04 22:28:54.84657+00,2026-03-11 14:56:56.460954+00
85dd0b28-4d2c-4566-906c-ea71ce2222cc,,Onda Cero Ciudad Real,0,https://graph.facebook.com/ondacero/picture?width=200&height=200,https://atres-live.ondacero.es/live/delegaciones/oc/ciudadreal/master.m3u8,,,,2026-03-05 09:25:05.022457+00,2026-03-05 09:25:05.022457+00,2026-03-11 14:56:56.460954+00
85f5b492-1f54-4fd2-84e3-d785093b01b1,,Europa FM Santa Cruz,0,https://graph.facebook.com/tueuropafm/picture?width=200&height=200,https://str1.mediatelekom.net/proxy/europafm2/;,,,,2026-03-05 09:25:04.816771+00,2026-03-05 09:25:04.816771+00,2026-03-11 14:56:56.460954+00
8609bb6b-f157-41c5-a965-db447c9451e4,,Radio Malibú,0,https://graph.facebook.com/radiomalibufm/picture?width=200&height=200,https://stream.costafm.es/listen/malibu_radio_102.3/radio.mp3,,,,2026-03-05 09:25:06.073332+00,2026-03-05 09:25:06.073332+00,2026-03-11 14:56:56.460954+00
863718d0-30ec-4d1e-9fd3-20c12eb2c2d2,,Radio 3,0,https://graph.facebook.com/radio3/picture?width=200&height=200,https://rtvelivestream.rtve.es/rtvesec/rne/rne_r3_main.m3u8,,,,2026-03-05 18:29:52.437231+00,2026-03-05 18:29:52.437231+00,2026-03-11 14:56:56.460954+00
86b597cf-164f-406a-9586-4bdce1fea06b,,SER Huesca,0,https://graph.facebook.com/cadenaser/picture?width=200&height=200,https://playerservices.streamtheworld.com/api/livestream-redirect/SER_HUESCA.mp3,,,,2026-03-05 09:25:04.598001+00,2026-03-05 09:25:04.598001+00,2026-03-11 14:56:56.460954+00
86d562f4-824e-4222-9eac-20773559c8e3,,Aragón Radio Zaragoza,0,https://graph.facebook.com/aragonradio/picture?width=200&height=200,https://cartv.streaming.aranova.es/hls/live/aragonradio_aragonradio1.m3u8,,,,2026-03-05 09:25:04.598001+00,2026-03-05 09:25:04.598001+00,2026-03-11 14:56:56.460954+00
86e10857-f822-486a-af90-eef8dd2f7cb3,,Onda Cero Cuenca,0,https://graph.facebook.com/ondacero/picture?width=200&height=200,https://atres-live.ondacero.es/live/delegaciones/oc/cuenca/master.m3u8,,,,2026-03-05 09:25:05.022457+00,2026-03-05 09:25:05.022457+00,2026-03-11 14:56:56.460954+00
87a0c763-ecfe-49be-a119-c037e4591cc3,,COPE Vitoria,0,https://graph.facebook.com/COPE/picture?width=200&height=200,https://wecast-bl02.flumotion.com/copesedes/vitoria.mp3,,,,2026-03-05 09:25:06.405237+00,2026-03-05 09:25:06.405237+00,2026-03-11 14:56:56.460954+00
87d7c31c-2f23-4616-b5a4-9b809c0b5e62,,Radio Z Rock & Pop Perú,0,https://graph.facebook.com/ZRocknPop/picture?width=200&height=200,https://radioz.egostreaming.pe/radio/3e4f6a1b2c3d4e567890abcd/,,,,2026-03-05 09:25:06.615794+00,2026-03-05 09:25:06.615794+00,2026-03-11 14:56:56.460954+00
881b0a59-7667-4c20-80a6-7d9a2810d84d,,Melodía FM Rioja,0,https://graph.facebook.com/tumelodiafm/picture?width=200&height=200,https://atres-live.melodia-fm.com/live/melodiafm/master.m3u8,,,,2026-03-05 09:25:06.301894+00,2026-03-05 09:25:06.301894+00,2026-03-11 14:56:56.460954+00
89002e11-e8da-4e17-a130-b5cfbcca27fc,,Onda Cero Albacete,0,https://graph.facebook.com/ondacero/picture?width=200&height=200,https://atres-live.ondacero.es/live/delegaciones/oc/albacete/master.m3u8,,,,2026-03-05 09:25:05.022457+00,2026-03-05 09:25:05.022457+00,2026-03-11 14:56:56.460954+00
89c690e4-c557-409b-865e-f0c4a543c9ff,,SER Bierzo,0,https://graph.facebook.com/cadenaser/picture?width=200&height=200,https://playerservices.streamtheworld.com/api/livestream-redirect/SER_ASO_BIERZO.mp3,,,,2026-03-05 09:25:05.215377+00,2026-03-05 09:25:05.215377+00,2026-03-11 14:56:56.460954+00
89fb69ae-a6f8-4264-9862-7649c7fcaa76,,RM Quintanar del Rey,0,https://pbs.twimg.com/profile_images/1227224148079980544/kkxXv9jL_200x200.jpg,https://cast2.rmradio.es:8053/albacete,,,,2026-03-05 09:25:05.022457+00,2026-03-05 09:25:05.022457+00,2026-03-11 14:56:56.460954+00
89fcda8a-807e-4c53-aa4e-1f8573ddcbc0,,COPE Gran Canaria,0,https://graph.facebook.com/COPE/picture?width=200&height=200,https://wecast-bl02.flumotion.com/copesedes/laspalmas.mp3,,,,2026-03-05 09:25:04.816771+00,2026-03-05 09:25:04.816771+00,2026-03-11 14:56:56.460954+00
8a4d2aae-4812-4f8c-83b7-f777746a6aa3,,SER Marbella Costa del Sol,0,https://graph.facebook.com/cadenaser/picture?width=200&height=200,https://playerservices.streamtheworld.com/api/livestream-redirect/SER_MARBELLA_COSTA_SOL.mp3,,,,2026-03-05 09:25:04.141561+00,2026-03-05 09:25:04.141561+00,2026-03-11 14:56:56.460954+00
8a6f3237-2626-4da8-baca-43225139ff21,,Radio Nacional Extremadura,0.0,https://hciqxvfvohcaiaqqrvdq.supabase.co/storage/v1/object/public/station-logos/espana/Radio%20Nacional%20Extremadura.png,https://dispatcher.rndfnk.com/crtve/rne1/cce/mp3/high,,,,2026-03-11 10:47:59.440689+00,2026-03-11 10:47:59.440689+00,2026-03-11 14:56:56.460954+00
8adc14d4-d6a9-49f8-90b5-348875bff1f7,,SER Almería,0,https://graph.facebook.com/cadenaser/picture?width=200&height=200,https://playerservices.streamtheworld.com/api/livestream-redirect/SER_ASO_ALMERIA.mp3,,,,2026-03-05 09:25:03.819453+00,2026-03-05 09:25:03.819453+00,2026-03-11 14:56:56.460954+00
8adc33b1-2a66-4914-a6aa-f65bab3ad95e,,La Bomba Radio,0,https://play-lh.googleusercontent.com/RnnCJFfcSu-Ma6MSoLJ4hDT2qz9tNrzHz3AdOyFy-h5bjRb0oakVfVOMtPOn5F7tmA=w200,https://stm2.emiteonline.com:9014/labomba,,,,2026-03-05 09:25:06.511776+00,2026-03-05 09:25:06.511776+00,2026-03-11 14:56:56.460954+00
8b1f5058-e44d-4e7c-98eb-256f482662b3,,Onda Cero Baza,0,https://graph.facebook.com/ondacero/picture?width=200&height=200,https://atres-live.ondacero.es/live/delegaciones/oc/baza/master.m3u8,,,,2026-03-05 09:25:04.141561+00,2026-03-05 09:25:04.141561+00,2026-03-11 14:56:56.460954+00
8b2092ad-8405-4a9b-8a71-e08ee0c2e917,,Actuality FM,0,https://graph.facebook.com/ActualityFM.es/picture?width=200&height=200,https://node-26.zeno.fm/gta5xkfvbrruv,,,,2026-03-05 09:25:05.542737+00,2026-03-05 09:25:05.542737+00,2026-03-11 14:56:56.460954+00
8bb5539e-dc4d-4b8c-b8a4-6a6c4f07d601,,Radio Luz Dalías,0,https://pbs.twimg.com/profile_images/1163744422116438016/Fw93iC2M_200x200.jpg,https://broadcast.radioponiente.org:8034/;.mp3,,,,2026-03-05 09:25:04.598001+00,2026-03-05 09:25:04.598001+00,2026-03-11 14:56:56.460954+00
8bed2943-75a8-482f-b90b-fd210c66ea79,,esRadio Aragón,0,https://graph.facebook.com/esradio/picture?width=200&height=200,https://securestream.radioshd.info/9508/stream,,,,2026-03-05 09:25:04.598001+00,2026-03-05 09:25:04.598001+00,2026-03-11 14:56:56.460954+00
8c962136-f9ea-4bda-a0fd-479e342749fb,,SER Tafalla,0,https://graph.facebook.com/cadenaser/picture?width=200&height=200,https://playerservices.streamtheworld.com/api/livestream-redirect/SER_TAFALLA.mp3,,,,2026-03-05 09:25:05.797436+00,2026-03-05 09:25:05.797436+00,2026-03-11 14:56:56.460954+00
8ca6e9cf-dbd3-4a25-9ad4-b903588c0923,,Canal 4 Ràdio,0,https://pbs.twimg.com/profile_images/1171423029806551040/WudNlkcd_200x200.jpg,https://stream.recasound.es/proxy/canal4radio/stream,,,,2026-03-05 09:25:06.301894+00,2026-03-05 09:25:06.301894+00,2026-03-11 14:56:56.460954+00
8cfc716e-7f23-46e7-acb8-a5d3e6875872,,La kioto,0,https://hciqxvfvohcaiaqqrvdq.supabase.co/storage/v1/object/public/station-logos/espana/LA%20KIOTO.png,https://sonic.mediatelekom.net/8148/stream/1/,,,,2026-03-05 09:25:06.19346+00,2026-03-05 09:25:06.19346+00,2026-03-11 14:56:56.460954+00
8d273dbb-aa31-4e7f-8b5b-624fcd29ab00,,Radio Nervión,0,https://graph.facebook.com/RadioNervion/picture?width=200&height=200,https://radionervion.streaming-pro.com:6132/radionervion,,,,2026-03-05 09:25:06.405237+00,2026-03-05 09:25:06.405237+00,2026-03-11 14:56:56.460954+00
8d72771f-e2b8-41d2-81f2-bbaf2d572be3,,Ràdio Santpedor,0,https://graph.facebook.com/radiosantpedor/picture?width=200&height=200,https://radiosantpedor.radioca.st/stream,,,,2026-03-05 09:25:05.542737+00,2026-03-05 09:25:05.542737+00,2026-03-11 14:56:56.460954+00
8d76566c-6da1-43d9-8ec5-5bad3d42d2d1,,SER Peñafiel,0,https://graph.facebook.com/cadenaser/picture?width=200&height=200,https://playerservices.streamtheworld.com/api/livestream-redirect/SER_ASO_PENAFIEL.mp3,,,,2026-03-05 09:25:05.215377+00,2026-03-05 09:25:05.215377+00,2026-03-11 14:56:56.460954+00
8d960ed5-4cbd-442a-8490-96db4c25821f,,SER Valladolid,0,https://graph.facebook.com/cadenaser/picture?width=200&height=200,https://playerservices.streamtheworld.com/api/livestream-redirect/SER_VALLADOLID.mp3,,,,2026-03-05 09:25:05.215377+00,2026-03-05 09:25:05.215377+00,2026-03-11 14:56:56.460954+00
8de56ae9-ef50-4b2c-85b7-54e87106a32f,,Radio La Mina,0,https://graph.facebook.com/RadiolaMina/picture?width=200&height=200,http://cervera.eldialdigital.com:11121/stream,,,,2026-03-05 09:25:05.436262+00,2026-03-05 09:25:05.436262+00,2026-03-11 14:56:56.460954+00
8dea58ec-5fe0-4182-92e1-e1e02305273b,,SER Segovia,0,https://graph.facebook.com/cadenaser/picture?width=200&height=200,https://playerservices.streamtheworld.com/api/livestream-redirect/SER_ASO_SEGOVIA.mp3,,,,2026-03-05 09:25:05.215377+00,2026-03-05 09:25:05.215377+00,2026-03-11 14:56:56.460954+00
8e07b24f-28a2-4cfb-9bb6-5cefa7570f24,,COPE Alcoy,0,https://graph.facebook.com/copealcoy/picture?width=200&height=200,https://server8.emitironline.com:10876/;,,,,2026-03-05 09:25:05.797436+00,2026-03-05 09:25:05.797436+00,2026-03-11 14:56:56.460954+00
8e25df10-4a5e-41b1-bac3-6dd5eba55f71,,COPE Onda Naranja,0,https://graph.facebook.com/ondanaranjacope/picture?width=200&height=200,https://str1.mediatelekom.net:8100/stream,,,,2026-03-05 09:25:05.928863+00,2026-03-05 09:25:05.928863+00,2026-03-11 14:56:56.460954+00
8e2972b1-5b7b-4793-b739-4c13464ab9a3,,Candil Radio,0,https://graph.facebook.com/CandilRadio/picture?width=200&height=200,https://candilradio.com/liveradio/candil/live.mp3,,,,2026-03-05 09:25:04.377712+00,2026-03-05 09:25:04.377712+00,2026-03-11 14:56:56.460954+00
8e2d7e47-2275-4df9-8005-4955262b9106,,Radio Marca Donostia,0,https://graph.facebook.com/RadioMARCA/picture?width=200&height=200,https://marca-sansebastian.streaming-pro.com:6101/live,,,,2026-03-05 09:25:06.405237+00,2026-03-05 09:25:06.405237+00,2026-03-11 14:56:56.460954+00
8e300745-cd10-406e-9931-42243e613aa1,,CBN Cross Country,0,https://www1.cbn.com/sites/all/libraries/radio/img/cross-country300x300.jpg,https://streams.cbnradio.com/country-128K,,,,2026-03-05 09:25:06.615794+00,2026-03-05 09:25:06.615794+00,2026-03-11 14:56:56.460954+00
8e3c6edf-ef99-4dc9-b5e1-308f4a14d8f0,,Onda Cero Teruel,0,https://graph.facebook.com/ondacero/picture?width=200&height=200,https://atres-live.ondacero.es/live/delegaciones/oc/teruel/master.m3u8,,,,2026-03-05 09:25:04.598001+00,2026-03-05 09:25:04.598001+00,2026-03-11 14:56:56.460954+00
8e7e19d5-984f-47e6-b42c-a18b1b6be6cd,,esRadio,0.0,https://graph.facebook.com/esradio/picture?width=200&height=200,https://libertaddigital-radio-live1.flumotion.com/libertaddigital/ld-live1-high.aac,,,,2026-03-04 22:28:54.84657+00,2026-03-04 22:28:54.84657+00,2026-03-11 14:56:56.460954+00
8ec83a74-968f-476b-837b-a0f00215fa90,,La Indie,0,https://media.emisorasmusicales.net/wp-content/uploads/2020/04/11023707/LA-INDIE-200x200.png,https://stream.emisorasmusicales.net/radio/8130/laindie-valencia.mp3,,,,2026-03-05 09:25:05.928863+00,2026-03-05 09:25:05.928863+00,2026-03-11 14:56:56.460954+00
8f1476d5-bf5a-429a-9495-c8178d53ac6e,,V30 Radio,0,https://pbs.twimg.com/media/GfowgswXsAAk9wa.jpg,https://streaming12.elitecomunicacion.es:8604/stream,,,,2026-03-05 09:25:06.073332+00,2026-03-05 09:25:06.073332+00,2026-03-11 14:56:56.460954+00
8f7b89b5-572c-4239-b8d3-f5c6bb2b2e40,,Flaixbac Andorra,0,https://graph.facebook.com/flaixbac/picture?width=200&height=200,https://streaming.giraweb.com/8010/stream/;.mp3,,,,2026-03-05 09:25:06.615794+00,2026-03-05 09:25:06.615794+00,2026-03-11 14:56:56.460954+00
9070b5dc-3c23-4f62-80f9-9cad8f8a424d,,CMM Radio,0,https://graph.facebook.com/CMMediaes/picture?width=200&height=200,https://cdnapisec.kaltura.com/p/2288691/sp/228869100/playManifest/entryId/1_qilzwlkz/format/applehttp/.m3u8,,,,2026-03-05 09:25:05.022457+00,2026-03-05 09:25:05.022457+00,2026-03-11 14:56:56.460954+00
90d8efb6-b3c4-4b30-882b-76b66943c38f,,Activa FM,0,https://graph.facebook.com/activafm.radiomusical/picture?width=200&height=200,https://stream.emisorasmusicales.net/radio/8000/activafm.mp3,,,,2026-03-05 09:25:05.928863+00,2026-03-05 09:25:05.928863+00,2026-03-11 14:56:56.460954+00
90e46deb-17eb-4649-815d-a97b49f2af9a,,Onda Cero Badajoz,0.0,https://hciqxvfvohcaiaqqrvdq.supabase.co/storage/v1/object/public/station-logos/espana/Onda%20Cero%20Badajoz.png,https://radio-atres-live.ondacero.es/api/livestream-redirect/OCAAC.aac,,,,2026-03-11 10:47:59.440689+00,2026-03-11 10:47:59.440689+00,2026-03-11 14:56:56.460954+00
90ee259d-e421-426c-a8e0-a8c4b1c86dff,,VERBENAFM,0,https://hciqxvfvohcaiaqqrvdq.supabase.co/storage/v1/object/public/station-logos/espana/Verbena%20FM.png,https://streaming12.elitecomunicacion.es:8222/stream,,,,2026-03-11 14:55:59.007701+00,2026-03-11 14:55:59.007701+00,2026-03-11 14:57:14.733371+00
90f44559-f494-4bd7-bcd7-06c108e320e7,,Ràdio Maricel,0,https://graph.facebook.com/radiomaricel/picture?width=200&height=200,https://radioserver.radiomaricel.cat/proxy/radio_maricel?mp=/stream.mp3,,,,2026-03-05 09:25:05.542737+00,2026-03-05 09:25:05.542737+00,2026-03-11 14:56:56.460954+00
915d651b-5836-49f3-a551-727e19e751c1,,Formentera Radio,0,https://graph.facebook.com/FormenteraRadio/picture?width=200&height=200,https://eu1.lhdserver.es:3153/stream,,,,2026-03-05 09:25:06.301894+00,2026-03-05 09:25:06.301894+00,2026-03-11 14:56:56.460954+00
921a0959-7360-40b2-99a6-5f45935ad012,,Radio Compañía,0,https://graph.facebook.com/radiomolina/picture?width=200&height=200,https://sonic.mediatelekom.net/8276/stream,,,,2026-03-05 09:25:06.511776+00,2026-03-05 09:25:06.511776+00,2026-03-11 14:56:56.460954+00
921fd937-3cbf-4b18-8c31-8338718bc16d,,Onda Cero Jerez de la Frontera,0,https://graph.facebook.com/ondacero/picture?width=200&height=200,https://atres-live.ondacero.es/live/delegaciones/oc/jerez/master.m3u8,,,,2026-03-05 09:25:04.141561+00,2026-03-05 09:25:04.141561+00,2026-03-11 14:56:56.460954+00
92313ee5-bb01-4e70-8881-662cb7bce384,,SER Lanzarote,0,https://graph.facebook.com/cadenaser/picture?width=200&height=200,https://playerservices.streamtheworld.com/api/livestream-redirect/SER_LANZAROTE.mp3,,,,2026-03-05 09:25:04.816771+00,2026-03-05 09:25:04.816771+00,2026-03-11 14:56:56.460954+00
923e9f90-86e1-401a-b336-57e2fb1f9642,,SER Menorca,0,https://graph.facebook.com/cadenaser/picture?width=200&height=200,https://playerservices.streamtheworld.com/api/livestream-redirect/SER_ASO_MENORCA.mp3,,,,2026-03-05 09:25:06.301894+00,2026-03-05 09:25:06.301894+00,2026-03-11 14:56:56.460954+00
92a5050d-d55e-49aa-98d5-877f95fbed92,,Ràdio Voltregà,0,https://graph.facebook.com/radiovoltrega/picture?width=200&height=200,https://streaming.radiovoltrega.com/directe,,,,2026-03-05 09:25:05.542737+00,2026-03-05 09:25:05.542737+00,2026-03-11 14:56:56.460954+00
92ce096d-7f6e-4c92-a316-be9e48cba479,,SER Ávila,0,https://graph.facebook.com/cadenaser/picture?width=200&height=200,https://playerservices.streamtheworld.com/api/livestream-redirect/SER_AVILA.mp3,,,,2026-03-05 09:25:05.215377+00,2026-03-05 09:25:05.215377+00,2026-03-11 14:56:56.460954+00
931efe42-523a-4444-ba8a-605105a20a81,,Onda Cero Noroeste,0,https://graph.facebook.com/ondacero/picture?width=200&height=200,https://sonic.mediatelekom.net/8572/stream,,,,2026-03-05 09:25:06.511776+00,2026-03-05 09:25:06.511776+00,2026-03-11 14:56:56.460954+00
93866a61-6dee-4468-b65c-fb53396cb7e5,,Radio Solidaria,0,https://graph.facebook.com/RadioSolidaria/picture?width=200&height=200,http://www.rkmradio.com:8000/stream/1/,,,,2026-03-05 09:25:05.215377+00,2026-03-05 09:25:05.215377+00,2026-03-11 14:56:56.460954+00
93a88038-0eb7-40bb-9a69-e82b5536550e,,SER Alcoy,0,https://graph.facebook.com/cadenaser/picture?width=200&height=200,https://playerservices.streamtheworld.com/api/livestream-redirect/SER_ASO_ALCOY.mp3,,,,2026-03-05 09:25:05.797436+00,2026-03-05 09:25:05.797436+00,2026-03-11 14:56:56.460954+00
93e3db7c-b2f3-40ab-8fa1-63881a1207a2,,Ràdio Ciutat de Badalona,0,https://pbs.twimg.com/profile_images/1993636082642976768/7YX0mFB8_200x200.jpg,https://enacast.com/radiob/streams/HD,,,,2026-03-05 09:25:05.436262+00,2026-03-05 09:25:05.436262+00,2026-03-11 14:56:56.460954+00
9481ad11-b166-4175-9fad-c2762e15bd78,,Canal Málaga RTV,0,https://graph.facebook.com/CanalMalagaRTVMunicipal/picture?width=200&height=200,https://comcast01-h-cloud.flumotion.com/canalmalaga/live.mp3,,,,2026-03-05 09:25:04.377712+00,2026-03-05 09:25:04.377712+00,2026-03-11 14:56:56.460954+00
94b6c459-9960-4742-8d05-72850701ff2e,,Vale Radio,0,https://graph.facebook.com/ValeRadio/picture?width=200&height=200,https://sonic2.sistemahost.es/8170/stream,,,,2026-03-05 09:25:04.816771+00,2026-03-05 09:25:04.816771+00,2026-03-11 14:56:56.460954+00
94d3737c-9fff-4fcf-b421-39c9b497ee04,,Locactiva Radio,0,https://graph.facebook.com/LOCACTIVARADIO/picture?width=200&height=200,https://pr1cen101.emisionlocal.com/proxy/locactivaradio?mp=/stream,,,,2026-03-05 09:25:05.022457+00,2026-03-05 09:25:05.022457+00,2026-03-11 14:56:56.460954+00
94d9bcbc-09d8-4301-ba72-e7c88a988bf1,,Miranda FM,0,https://graph.facebook.com/1416829051928207/picture?width=200&height=200,https://srv7031.dns-lcinternet.com/8058/stream,,,,2026-03-05 09:25:05.436262+00,2026-03-05 09:25:05.436262+00,2026-03-11 14:56:56.460954+00
94dd9d74-85e5-4aee-a11f-550a19917025,,Onda Cero Medina,0,https://graph.facebook.com/ondacero/picture?width=200&height=200,https://server10.emitironline.com:8100/;,,,,2026-03-05 09:25:05.215377+00,2026-03-05 09:25:05.215377+00,2026-03-11 14:56:56.460954+00
94e5ade3-082c-432b-9dbc-a944d335ef73,,Paranoia Metal Andorra,0,https://graph.facebook.com/pmetalshow/picture?width=200&height=200,http://15507.cloudrad.io:9298/live,,,,2026-03-05 09:25:06.615794+00,2026-03-05 09:25:06.615794+00,2026-03-11 14:56:56.460954+00
95081de8-a0c7-48ec-907b-c6af3328d4e5,,SER Rioja,0,https://graph.facebook.com/cadenaser/picture?width=200&height=200,https://playerservices.streamtheworld.com/api/livestream-redirect/SER_RIOJA.mp3,,,,2026-03-05 09:25:06.301894+00,2026-03-05 09:25:06.301894+00,2026-03-11 14:56:56.460954+00
95949204-8408-4ac3-8553-5b883efd5964,,Radio Oxígeno Perú,0,https://graph.facebook.com/RadioOxigenoFM/picture?width=200&height=200,https://mdstrm.com/audio/5fab0687bcd6c2389ee9480c/icecast.audio,,,,2026-03-05 09:25:06.615794+00,2026-03-05 09:25:06.615794+00,2026-03-11 14:56:56.460954+00
95949374-c333-4377-88fe-616725f9467b,,COPE Palencia,0,https://graph.facebook.com/COPE/picture?width=200&height=200,https://wecast-bl02.flumotion.com/copesedes/palencia.mp3,,,,2026-03-05 09:25:05.215377+00,2026-03-05 09:25:05.215377+00,2026-03-11 14:56:56.460954+00
96b5d4d6-d840-4941-a858-f678ca5ad972,,VIARADIO,0,https://hciqxvfvohcaiaqqrvdq.supabase.co/storage/v1/object/public/station-logos/espana/VIA%20RADIO.png,https://s2.myradiostream.com:8892/stream/1/,,,,2026-03-11 09:57:40.835063+00,2026-03-11 09:57:40.835063+00,2026-03-11 14:56:56.460954+00
972ac5d6-6894-4255-9ff9-d550b0f16cd7,,Ràdio Capital,0,https://graph.facebook.com/capitalemporda/picture?width=200&height=200,https://radio.martiproduccions.com/capitalhd,,,,2026-03-05 09:25:05.542737+00,2026-03-05 09:25:05.542737+00,2026-03-11 14:56:56.460954+00
972f3e9a-0eb3-4e54-a72f-c918fefca6ec,,QMusic Holanda,0,https://graph.facebook.com/QmusicNL/picture?width=200&height=200,https://icecast-qmusicnl-cdp.triple-it.nl/Qmusic_nl_live_64.aac,,,,2026-03-05 09:25:06.615794+00,2026-03-05 09:25:06.615794+00,2026-03-11 14:56:56.460954+00
9769e6c9-bda8-4b39-a12d-3a80229eaada,,COPE Tarragona,0,https://graph.facebook.com/COPE/picture?width=200&height=200,https://wecast-bl02.flumotion.com/copesedes/tarragona.mp3,,,,2026-03-05 09:25:05.436262+00,2026-03-05 09:25:05.436262+00,2026-03-11 14:56:56.460954+00
97777a82-5f19-4cbe-99ed-22ac01eb3415,,Onda Cero Ourense,0,https://graph.facebook.com/ondacero/picture?width=200&height=200,https://atres-live.ondacero.es/live/delegaciones/oc/ourense/master.m3u8,,,,2026-03-05 09:25:06.19346+00,2026-03-05 09:25:06.19346+00,2026-03-11 14:56:56.460954+00
98544599-47d5-46a6-8b3e-c56422e43987,,Radio Nacional Cantabria,0,https://graph.facebook.com/radionacionalrne/picture?width=200&height=200,https://dispatcher.rndfnk.com/crtve/rne1/ctb/mp3/high,,,,2026-03-05 09:25:04.816771+00,2026-03-05 09:25:04.816771+00,2026-03-11 14:56:56.460954+00
9855146b-d1e3-4440-b494-6c9436adbef1,,+Buena FM,0,https://graph.facebook.com/masbuenafm/picture?width=200&height=200,https://sonic.mediatelekom.net/8156/stream,,,,2026-03-05 09:25:06.19346+00,2026-03-05 09:25:06.19346+00,2026-03-11 14:56:56.460954+00
98aca70f-7a87-416e-b5aa-604754d95503,,Mataró Ràdio,0,https://pbs.twimg.com/profile_images/1666805471519592456/zkZjIwF7_200x200.jpg,https://relay.stream.enacast-cloud.com:30049/mataroradioHD.mp3,,,,2026-03-05 09:25:05.542737+00,2026-03-05 09:25:05.542737+00,2026-03-11 14:56:56.460954+00
98b94e04-3d2f-47d6-a3a1-6abd9ea15a27,,La Marina FM,0,https://graph.facebook.com/lamarinacat/picture?width=200&height=200,https://streaming2.elitecomunicacion.es:8248/stream,,,,2026-03-05 09:25:05.542737+00,2026-03-05 09:25:05.542737+00,2026-03-11 14:56:56.460954+00
98bd3c32-d87e-47b7-9656-5ea5775d86e6,,Onda Medina,0,https://graph.facebook.com/lavozdemedina/picture?width=200&height=200,https://s28.myradiostream.com:13006/listen.mp3,,,,2026-03-05 09:25:05.215377+00,2026-03-05 09:25:05.215377+00,2026-03-11 14:56:56.460954+00
98d16d74-33cf-4044-8aa7-4ce9ba6dd174,,FM Bierzo,0,https://graph.facebook.com/FMBierzoOFICIAL/picture?width=200&height=200,https://streaming12.elitecomunicacion.es/proxy/bierzofm/stream,,,,2026-03-05 09:25:05.436262+00,2026-03-05 09:25:05.436262+00,2026-03-11 14:56:56.460954+00
98de72cb-8050-42b0-a842-aa10facb5d6f,,Canal Sur Radio Musica,0,https://myradioonline.es/public/uploads/radio_img/canal-sur-radio-musica/play_250_250.jpg,https://rtva-live-radio.flumotion.com/rtva/csm.mp3,,,,2026-03-05 09:25:03.819453+00,2026-03-05 09:25:03.819453+00,2026-03-11 14:56:56.460954+00
993e8364-de7c-4f10-8b0d-b9012d5edd7e,,Onda Vasca,0,https://graph.facebook.com/ondavasca/picture?width=200&height=200,https://live.ondavasca.com:8001/bizkaia,,,,2026-03-05 09:25:06.405237+00,2026-03-05 09:25:06.405237+00,2026-03-11 14:56:56.460954+00
99426df1-c8ed-4e2d-a650-58f840641c30,,Motiva,0,https://graph.facebook.com/motivafm/picture?width=200&height=200,https://stream.motivafm.com/listen/motiva/motiva.mp3,,,,2026-03-05 09:25:05.928863+00,2026-03-05 09:25:05.928863+00,2026-03-11 14:56:56.460954+00
994d5a12-7874-4352-9d54-f7a37d8e238c,,Esencia FM,0,https://media.emisorasmusicales.net/wp-content/uploads/2020/03/11023735/EsenciaFM-200x200.png,https://stream.emisorasmusicales.net/radio/8040/esenciafm.mp3,,,,2026-03-05 09:25:05.928863+00,2026-03-05 09:25:05.928863+00,2026-03-11 14:56:56.460954+00
997f3940-865e-49b1-b4b0-577a0d73e046,,Canal Sur Radio Huelva,0,https://graph.facebook.com/canalsurhuelva/picture?width=200&height=200,https://rtva-live-radio.flumotion.com/rtva/csrhue.mp3,,,,2026-03-05 09:25:03.819453+00,2026-03-05 09:25:03.819453+00,2026-03-11 14:56:56.460954+00
9a2eb532-b5ef-4681-8ed2-413489b7b862,,Amor FM México,0,https://graph.facebook.com/AMORFM.MX/picture?width=200&height=200,https://playerservices.streamtheworld.com/api/livestream-redirect/XHSHFMAAC.m3u8,,,,2026-03-05 09:25:06.615794+00,2026-03-05 09:25:06.615794+00,2026-03-11 14:56:56.460954+00
9a45178f-cb57-4ebd-9535-38fcf17416e4,,Cadena Dial Castellón,0,https://graph.facebook.com/cadenadialcastelllon/picture?width=200&height=200,https://playerservices.streamtheworld.com/api/livestream-redirect/CADENADIAL.mp3,,,,2026-03-05 09:25:05.928863+00,2026-03-05 09:25:05.928863+00,2026-03-11 14:56:56.460954+00
9a6a1a44-809e-4a9b-bf98-7c20b978396d,,APQ Radio,0,https://graph.facebook.com/APQRadio.es/picture?width=200&height=200,https://stm2.emiteonline.com:9012/apqradio,,,,2026-03-05 09:25:06.511776+00,2026-03-05 09:25:06.511776+00,2026-03-11 14:56:56.460954+00
9adb2464-4582-47e1-aa30-cd58abd33aa0,,Radio Nacional Asturias,0,https://graph.facebook.com/radionacionalrne/picture?width=200&height=200,https://dispatcher.rndfnk.com/crtve/rne1/ast/mp3/high,,,,2026-03-05 09:25:06.405237+00,2026-03-05 09:25:06.405237+00,2026-03-11 14:56:56.460954+00
9af7c6ee-db72-45d7-806d-bc11e12c0144,,Loca FM Trance,0.0,https://graph.facebook.com/LocaFmOficial/picture?width=200&height=200,https://s2.we4stream.com/listen/loca_trance/live,,,,2026-03-04 22:28:54.84657+00,2026-03-04 22:28:54.84657+00,2026-03-11 14:56:56.460954+00
9b18bd47-4208-47b6-beba-34cfe2c781f0,,RTVCE,0,https://graph.facebook.com/RTVCE/picture?width=200&height=200,https://5924d3ad0efcf.streamlock.net/ceutaradio/ceutaradiolive/playlist.m3u8,,,,2026-03-05 09:25:05.648309+00,2026-03-05 09:25:05.648309+00,2026-03-11 14:56:56.460954+00
9b532b79-e555-40ff-afca-a57bc032cdcd,,La Mega FM Costa Tropical,0,https://graph.facebook.com/megacostatropical/picture?width=200&height=200,https://streaming12.elitecomunicacion.es:8642/stream,,,,2026-03-05 09:25:04.377712+00,2026-03-05 09:25:04.377712+00,2026-03-11 14:56:56.460954+00
9cdfa8e1-d020-4091-b4d4-33751282c504,,SER Eibar,0,https://graph.facebook.com/cadenaser/picture?width=200&height=200,https://playerservices.streamtheworld.com/api/livestream-redirect/SER_EIBAR.mp3,,,,2026-03-05 09:25:06.405237+00,2026-03-05 09:25:06.405237+00,2026-03-11 14:56:56.460954+00
9d2938e9-521d-4cd6-929a-60382962e699,,FM Rock & Pop Argentina,0,https://graph.facebook.com/FmRockandPop/picture?width=200&height=200,https://playerservices.streamtheworld.com/api/livestream-redirect/ROCKANDPOP.mp3,,,,2026-03-05 09:25:06.615794+00,2026-03-05 09:25:06.615794+00,2026-03-11 14:56:56.460954+00
9d423d89-36c3-45fc-87b0-b7ec3e9765dd,,Onda Polígono Toledo,0,https://graph.facebook.com/ondapoligono/picture?width=200&height=200,https://icecast.ondapoligono.org/stream,,,,2026-03-05 09:25:05.215377+00,2026-03-05 09:25:05.215377+00,2026-03-11 14:56:56.460954+00
9d427503-c12f-4c86-ab38-811a8b507efe,,COPE Cádiz,0,https://graph.facebook.com/COPE/picture?width=200&height=200,https://wecast-bl02.flumotion.com/copesedes/cadiz.mp3,,,,2026-03-05 09:25:04.141561+00,2026-03-05 09:25:04.141561+00,2026-03-11 14:56:56.460954+00
9d73880f-f665-4bd8-8e5c-4704e9647eea,,MDT Radio,0,https://graph.facebook.com/mdtradio/picture?width=200&height=200,https://streams1.mdtradio.com:8443/mdtweb,,,,2026-03-05 09:25:05.928863+00,2026-03-05 09:25:05.928863+00,2026-03-11 14:56:56.460954+00
9d7fc8df-fc1a-4b12-a852-76a3c1275f59,,SER Henares,0,https://graph.facebook.com/cadenaser/picture?width=200&height=200,https://playerservices.streamtheworld.com/api/livestream-redirect/SER_HENARES.mp3,,,,2026-03-05 09:25:05.648309+00,2026-03-05 09:25:05.648309+00,2026-03-11 14:56:56.460954+00
9dae5279-01d4-4e10-96c9-4748e4f84e06,,SER Cáceres,0,https://graph.facebook.com/cadenaser/picture?width=200&height=200,https://playerservices.streamtheworld.com/api/livestream-redirect/SER_CACERES.mp3,,,,2026-03-05 09:25:06.073332+00,2026-03-05 09:25:06.073332+00,2026-03-11 14:56:56.460954+00
9daf87b9-31e1-49f7-83c6-fe9af4013009,,Onda Cero Badajoz,0,https://graph.facebook.com/ondacero/picture?width=200&height=200,https://atres-live.ondacero.es/live/delegaciones/oc/badajoz/master.m3u8,,,,2026-03-05 09:25:06.073332+00,2026-03-05 09:25:06.073332+00,2026-03-11 14:56:56.460954+00
9df022cf-ab05-4cfa-8630-617e2c672f0f,,Aragón Radio Huesca,0,https://graph.facebook.com/aragonradio/picture?width=200&height=200,https://cartv.streaming.aranova.es/hls/live/aragonradio_huesca.m3u8,,,,2026-03-05 09:25:04.598001+00,2026-03-05 09:25:04.598001+00,2026-03-11 14:56:56.460954+00
9e150f4a-7e3d-4cb8-8643-5f91fde185af,,Ebro FM,0,https://pbs.twimg.com/profile_images/522841077712044032/6hH3W4_F_200x200.jpeg,https://s20.prositel.net:7020/ebrofm,,,,2026-03-05 09:25:04.598001+00,2026-03-05 09:25:04.598001+00,2026-03-11 14:56:56.460954+00
9e35bf18-f1f4-4b5f-8d8f-dd3f1e295f68,,Radio Nacional Comunidad Valenciana,0,https://graph.facebook.com/radionacionalrne/picture?width=200&height=200,https://dispatcher.rndfnk.com/crtve/rne1/val/mp3/high,,,,2026-03-05 09:25:05.797436+00,2026-03-05 09:25:05.797436+00,2026-03-11 14:56:56.460954+00
9ea26cdd-1232-4704-b093-f6f06a6c75e4,,Aragón Radio Teruel,0,https://graph.facebook.com/aragonradio/picture?width=200&height=200,https://cartv.streaming.aranova.es/hls/live/aragonradio_teruel.m3u8,,,,2026-03-05 09:25:04.598001+00,2026-03-05 09:25:04.598001+00,2026-03-11 14:56:56.460954+00
9f088768-2d47-4d73-90ee-711809aae95a,,Ràdio Silenci,0,https://graph.facebook.com/rsilenci/picture?width=200&height=200,https://enacast.com/radiosilenci/streams/HD,,,,2026-03-05 09:25:05.542737+00,2026-03-05 09:25:05.542737+00,2026-03-11 14:56:56.460954+00
a0264f98-b110-4107-91fc-81507a1f4eb7,,Radio Santoña,0,https://graph.facebook.com/radiosantona107.3/picture?width=200&height=200,https://server10.emitironline.com:10212/radio.mp3,,,,2026-03-05 09:25:05.022457+00,2026-03-05 09:25:05.022457+00,2026-03-11 14:56:56.460954+00
a02d710d-f55c-4e00-a918-3e1ed2f9b635,,Radio Huesca Sabiñánigo,0,https://graph.facebook.com/cadenaser/picture?width=200&height=200,https://playerservices.streamtheworld.com/api/livestream-redirect/SER_SABINANIGO.mp3,,,,2026-03-05 09:25:04.816771+00,2026-03-05 09:25:04.816771+00,2026-03-11 14:56:56.460954+00
a083af87-b84b-4f8b-bc14-f2ccc7f601c4,,COPE Girona,0,https://graph.facebook.com/COPE/picture?width=200&height=200,https://wecast-bl02.flumotion.com/copesedes/gerona.mp3,,,,2026-03-05 09:25:05.436262+00,2026-03-05 09:25:05.436262+00,2026-03-11 14:56:56.460954+00
a089e415-7b4d-413e-aef0-64aa5f5b41b4,,COPE Estella,0,https://pbs.twimg.com/profile_images/3722393260/a28c650e8db40bef24f20a2a184d2b8e_200x200.png,https://server8.emitironline.com:9866/radio,,,,2026-03-05 09:25:05.797436+00,2026-03-05 09:25:05.797436+00,2026-03-11 14:56:56.460954+00
a0c603e5-5444-423f-9a2f-579715e97558,,Radio Marca Elche,0,https://graph.facebook.com/radiomarcaelche/picture?width=200&height=200,https://directo.teleelx.es:8000/radio.mp3,,,,2026-03-05 09:25:05.797436+00,2026-03-05 09:25:05.797436+00,2026-03-11 14:56:56.460954+00
a0d725cf-06e2-4b86-962a-37d038fad139,,Cadena Dial Levante,0,https://graph.facebook.com/cadenadial/picture?width=200&height=200,https://streaming.indalteco.net/proxy/diallevante?mp=/diallevante.mp3,,,,2026-03-05 09:25:04.377712+00,2026-03-05 09:25:04.377712+00,2026-03-11 14:56:56.460954+00
a0ef25b5-5178-40ef-8a16-46fa742dce80,,Onda Cero Burgos,0,https://graph.facebook.com/ondacero/picture?width=200&height=200,https://atres-live.ondacero.es/live/delegaciones/oc/burgos/master.m3u8,,,,2026-03-05 09:25:05.215377+00,2026-03-05 09:25:05.215377+00,2026-03-11 14:56:56.460954+00
a0f332c1-394b-4cfa-9987-6369ef6616a1,,CBN Gospel,0,https://www1.cbn.com/sites/all/libraries/radio/img/gospel300x300.jpg,https://streams.cbnradio.com/gospel-128K,,,,2026-03-05 09:25:06.615794+00,2026-03-05 09:25:06.615794+00,2026-03-11 14:56:56.460954+00
a14308d9-a0ea-4df8-aded-688257e15df2,,Loca FM Hard,0.0,https://graph.facebook.com/LocaFmOficial/picture?width=200&height=200,https://s2.we4stream.com/listen/loca_hard/live,,,,2026-03-04 22:28:54.84657+00,2026-03-04 22:28:54.84657+00,2026-03-11 14:56:56.460954+00
a189e030-fb8c-408d-8746-6fd21ba6c0c2,,COPE Marbella,0,https://graph.facebook.com/COPE/picture?width=200&height=200,https://sonic.sistemahost.es/8236/stream,,,,2026-03-05 09:25:04.141561+00,2026-03-05 09:25:04.141561+00,2026-03-11 14:56:56.460954+00
a18e44af-38a7-4162-900b-e29523c438e9,,Espacio 4 FM,0,https://graph.facebook.com/Espacio4Fm/picture?width=200&height=200,https://stream.zeno.fm/fz0bc82wn0hvv,,,,2026-03-05 09:25:05.648309+00,2026-03-05 09:25:05.648309+00,2026-03-11 14:56:56.460954+00
a1a61753-956d-41ed-aef9-807e5b465b3c,,Onda Cero León,0,https://graph.facebook.com/ondacero/picture?width=200&height=200,https://atres-live.ondacero.es/live/delegaciones/oc/leon/master.m3u8,,,,2026-03-05 09:25:05.215377+00,2026-03-05 09:25:05.215377+00,2026-03-11 14:56:56.460954+00
a28b3429-aecf-402d-8427-44782d8999c3,,Colera Ràdio,0,https://graph.facebook.com/101812002056328/picture?width=200&height=200,https://servidor24-5.brlogic.com:7494/live,,,,2026-03-05 09:25:05.542737+00,2026-03-05 09:25:05.542737+00,2026-03-11 14:56:56.460954+00
a2d2701a-08e1-4957-b1a4-3c9a6f030686,,DelSol Uruguay,0,https://graph.facebook.com/DelSolUy/picture?width=200&height=200,https://delsol-2.nty.uy/stream/1/,,,,2026-03-05 09:25:06.615794+00,2026-03-05 09:25:06.615794+00,2026-03-11 14:56:56.460954+00
a39c0960-8cc4-46cf-85a8-8861718add19,,Onda Merlín C Radio,0,https://graph.facebook.com/OmcRadio/picture?width=200&height=200,https://radio.radiobot.org/listen/omc/directo.mp3,,,,2026-03-05 09:25:05.648309+00,2026-03-05 09:25:05.648309+00,2026-03-11 14:56:56.460954+00
a3a2c7be-5f41-408c-968a-a780a94e8551,,RAP107,0,https://graph.facebook.com/rap107/picture?width=200&height=200,https://enacast.com/rap107/streams/HD,,,,2026-03-05 09:25:05.542737+00,2026-03-05 09:25:05.542737+00,2026-03-11 14:56:56.460954+00
a3b859e7-74ce-410d-9750-159eca48f1f2,,Radio 3 RNE,0.0,https://graph.facebook.com/radio3/picture?width=200&height=200,https://rtvelivestream.rtve.es/rtvesec/rne/rne_r3_main.m3u8,,,,2026-03-04 22:28:54.84657+00,2026-03-04 22:28:54.84657+00,2026-03-11 14:56:56.460954+00
a48a8ee7-96dc-4063-ba29-bb1dcfc59183,,COPE Toledo,0,https://graph.facebook.com/COPE/picture?width=200&height=200,https://wecast-bl02.flumotion.com/copesedes/toledo.mp3,,,,2026-03-05 09:25:05.022457+00,2026-03-05 09:25:05.022457+00,2026-03-11 14:56:56.460954+00
a48e0fd0-d6ea-4fa7-8c80-d39c3a72fe6d,,Radio Serranía,0,https://encrypted-tbn0.gstatic.com/images?q=tbn:ANd9GcRNnacipw8b-DXWbR9fOFT5EwWOd3-QFrv0zdUHTlnh6Q&s,https://stream.zeno.fm/suyydyfgwf9uv,,,,2026-03-05 09:25:05.215377+00,2026-03-05 09:25:05.215377+00,2026-03-11 14:56:56.460954+00
a4cd2d60-ec38-448f-9003-6522e9754d03,,Radio Nacional,0.0,https://graph.facebook.com/radionacionalrne/picture?width=200&height=200,https://rtvelivestream.rtve.es/rtvesec/rne/rne_r1_main.m3u8,,,,2026-03-04 22:28:54.84657+00,2026-03-04 22:28:54.84657+00,2026-03-11 14:56:56.460954+00
a5ba2baa-3f4d-4838-b3e4-e15c38b5b2e3,,ScannerFM,0,https://graph.facebook.com/scannerFM/picture?width=200&height=200,https://eu10.fastcast4u.com/scannerfm,,,,2026-03-05 09:25:05.436262+00,2026-03-05 09:25:05.436262+00,2026-03-11 14:56:56.460954+00
a5cfe29b-4d00-4965-bba8-b2f308997dd9,,COPE Huelva,0,https://graph.facebook.com/COPE/picture?width=200&height=200,https://wecast-bl02.flumotion.com/copesedes/huelva.mp3,,,,2026-03-05 09:25:04.141561+00,2026-03-05 09:25:04.141561+00,2026-03-11 14:56:56.460954+00
a5de3a43-8fca-4b6a-beef-7b6c5deaa7c6,,SER Ciudad Real,0,https://graph.facebook.com/cadenaser/picture?width=200&height=200,https://playerservices.streamtheworld.com/api/livestream-redirect/SER_CIUDAD_REAL.mp3,,,,2026-03-05 09:25:05.022457+00,2026-03-05 09:25:05.022457+00,2026-03-11 14:56:56.460954+00
a6401339-d257-45fc-a069-3cdbb451be00,,SER Vegas Altas,0.0,https://hciqxvfvohcaiaqqrvdq.supabase.co/storage/v1/object/public/station-logos/espana/SER%20Vegas%20Altas.png,https://playerservices.streamtheworld.com/api/livestream-redirect/SER_VEGAS_ALTAS.mp3,,,,2026-03-11 10:47:59.440689+00,2026-03-11 10:47:59.440689+00,2026-03-11 14:56:56.460954+00
a6766873-8554-4fd7-8eea-4c01e7906978,,LOS40 León,0,https://graph.facebook.com/los40/picture?width=200&height=200,https://playerservices.streamtheworld.com/api/livestream-redirect/LOS40_ASO_LEON.mp3,,,,2026-03-05 09:25:05.215377+00,2026-03-05 09:25:05.215377+00,2026-03-11 14:56:56.460954+00
a69575f4-536f-49e3-9d54-722ecdb905c5,,SER Galicia,0,https://graph.facebook.com/cadenaser/picture?width=200&height=200,https://playerservices.streamtheworld.com/api/livestream-redirect/SER_GALICIA.mp3,,,,2026-03-05 09:25:06.19346+00,2026-03-05 09:25:06.19346+00,2026-03-11 14:56:56.460954+00
a69e2ebc-0124-4ce8-8c8f-c9c668a75b93,,Canal Blau Ràdio,0,https://graph.facebook.com/CanalBlau/picture?width=200&height=200,https://enacast.com/canalblau/streams/HD,,,,2026-03-05 09:25:05.542737+00,2026-03-05 09:25:05.542737+00,2026-03-11 14:56:56.460954+00
a6a6fcfa-4e6a-47fe-ac0d-dcfd2fe2de28,,Corazón FM,0,https://media.emisorasmusicales.net/wp-content/uploads/2022/11/11020420/Corazon_1000x1000-con-fondo-200x200.png,https://stream.emisorasmusicales.net/listen/corazon_fm/corazonfm.mp3,,,,2026-03-05 09:25:05.928863+00,2026-03-05 09:25:05.928863+00,2026-03-11 14:56:56.460954+00
a6ab36fc-d283-4667-9d81-3cf25eed48d1,,SER Palencia,0,https://graph.facebook.com/cadenaser/picture?width=200&height=200,https://playerservices.streamtheworld.com/api/livestream-redirect/SER_PALENCIA.mp3,,,,2026-03-05 09:25:05.215377+00,2026-03-05 09:25:05.215377+00,2026-03-11 14:56:56.460954+00
a75bbf06-7348-46b4-a36a-617020863395,,BFBS Gibraltar 1 2,0,https://graph.facebook.com/BFBSRadio/picture?width=200&height=200,https://edge-audio-02-gos1.sharp-stream.com/ssvcbfbs7.aac,,,,2026-03-05 09:25:06.615794+00,2026-03-05 09:25:06.615794+00,2026-03-11 14:56:56.460954+00
a76aee97-1cad-47aa-9c28-0eaa9a3929be,,Litoral FM,0,https://graph.facebook.com/Laradiolitoral/picture?width=200&height=200,https://stream.emisorasmusicales.net/radio/8310/litoralfm.mp3,,,,2026-03-05 09:25:06.073332+00,2026-03-05 09:25:06.073332+00,2026-03-11 14:56:56.460954+00
a7dcfd18-ab25-41bc-aee1-6044bbb57e7b,,Radio 5 Islas Baleares,0,https://pbs.twimg.com/profile_images/1405097207339028480/H7nP_7Ti_200x200.jpg,https://dispatcher.rndfnk.com/crtve/rne5/pmi/mp3/high,,,,2026-03-05 09:25:06.301894+00,2026-03-05 09:25:06.301894+00,2026-03-11 14:56:56.460954+00
a80f4408-c92d-436e-b693-090b2a1d2a05,,RAC1,0.0,https://graph.facebook.com/rac1oficial/picture?width=200&height=200,https://playerservices.streamtheworld.com/api/livestream-redirect/RAC_1.mp3,,,,2026-03-04 22:28:54.84657+00,2026-03-04 22:28:54.84657+00,2026-03-11 14:56:56.460954+00
a83edd04-f20b-4f43-b56b-7f62ef14503f,,Onda Cero Valdepeñas,0,https://graph.facebook.com/ondacero/picture?width=200&height=200,https://atres-live.ondacero.es/live/delegaciones/oc/valdepenas/master.m3u8,,,,2026-03-05 09:25:05.022457+00,2026-03-05 09:25:05.022457+00,2026-03-11 14:56:56.460954+00
a852e425-285b-4e5a-b099-150e97a2701a,,Onda Cero Rioja - Logroño,0,https://graph.facebook.com/ondacero/picture?width=200&height=200,https://atres-live.ondacero.es/live/delegaciones/oc/logrono/master.m3u8,,,,2026-03-05 09:25:06.301894+00,2026-03-05 09:25:06.301894+00,2026-03-11 14:56:56.460954+00
a8be25fe-f565-4385-9355-c4d1409c5e20,,Radio Salobreña,0,https://graph.facebook.com/radiosalobrena/picture?width=200&height=200,https://streaming2.elitecomunicacion.es:8078/stream,,,,2026-03-05 09:25:04.377712+00,2026-03-05 09:25:04.377712+00,2026-03-11 14:56:56.460954+00
a8d7e5e6-4a37-4bad-8090-f7b037f64f25,,ECO Leganés,0,https://graph.facebook.com/ecoleganes01/picture?width=200&height=200,https://cervera.eldialdigital.com:25191/stream,,,,2026-03-05 09:25:05.797436+00,2026-03-05 09:25:05.797436+00,2026-03-11 14:56:56.460954+00
a9eb0efe-4b9f-408a-b6d8-eba8c4727021,,Bikini FM,0,https://media.emisorasmusicales.net/wp-content/uploads/2020/03/04134801/logo-BIKINI-FM-web-1.png,https://stream.emisorasmusicales.net/radio/8030/bikinifm.mp3,,,,2026-03-05 09:25:05.928863+00,2026-03-05 09:25:05.928863+00,2026-03-11 14:56:56.460954+00
a9fdb9f8-d2ff-4524-bc2e-9a7912c1d2ed,,COPE Teruel,0,https://graph.facebook.com/COPE/picture?width=200&height=200,https://wecast-bl02.flumotion.com/copesedes/teruel.mp3,,,,2026-03-05 09:25:04.598001+00,2026-03-05 09:25:04.598001+00,2026-03-11 14:56:56.460954+00
aa4e1cb5-adb5-4c97-af6d-82ca8c57d252,,Ràdio Caldes,0,https://graph.facebook.com/RadioCaldes107.8fm/picture?width=200&height=200,https://enacast.com/radiocaldes/streams/HD,,,,2026-03-05 09:25:05.542737+00,2026-03-05 09:25:05.542737+00,2026-03-11 14:56:56.460954+00
aaf0521a-0046-4b53-8853-36c989759c58,,LOS40 Classic Almeria,0,https://graph.facebook.com/Los40Classic.Oficial/picture?width=200&height=200,https://streaming.indalteco.net/proxy/40classic?mp=/40classic.mp3,,,,2026-03-05 09:25:04.377712+00,2026-03-05 09:25:04.377712+00,2026-03-11 14:56:56.460954+00
ab30a11a-e300-4b58-a97a-260505fc87d0,,MDT Radio Barcelona,0,https://graph.facebook.com/MDTradioBarcelona/picture?width=200&height=200,https://streams1.mdtradio.com:8443/MdtBarcelonaEstudio,,,,2026-03-05 09:25:05.648309+00,2026-03-05 09:25:05.648309+00,2026-03-11 14:56:56.460954+00
ab6c3896-2b2a-4d68-953c-ce37011f4866,,SER Cáceres,0.0,https://hciqxvfvohcaiaqqrvdq.supabase.co/storage/v1/object/public/station-logos/espana/SER%20C%C3%A1ceres.png,https://playerservices.streamtheworld.com/api/livestream-redirect/SER_CACERES.mp3,,,,2026-03-11 10:47:59.440689+00,2026-03-11 10:47:59.440689+00,2026-03-11 14:56:56.460954+00
aba541b6-0a60-4cc0-8075-54518f6190c6,,SER Castellón,0,https://graph.facebook.com/cadenaser/picture?width=200&height=200,https://playerservices.streamtheworld.com/api/livestream-redirect/SER_ASO_CASTELLON.mp3,,,,2026-03-05 09:25:05.797436+00,2026-03-05 09:25:05.797436+00,2026-03-11 14:56:56.460954+00
abef2efb-c919-40f9-9fb2-1ce36d386cbf,,Tea FM,0,https://graph.facebook.com/teafm/picture?width=200&height=200,https://cervera.eldialdigital.com:21161/stream,,,,2026-03-05 09:25:04.816771+00,2026-03-05 09:25:04.816771+00,2026-03-11 14:56:56.460954+00
ac710b21-c8f6-4916-98f4-1b67589964da,,COPE Córdoba,0,https://graph.facebook.com/COPE/picture?width=200&height=200,https://wecast-bl02.flumotion.com/copesedes/cordoba.mp3,,,,2026-03-05 09:25:04.141561+00,2026-03-05 09:25:04.141561+00,2026-03-11 14:56:56.460954+00
ac84563a-15c1-4543-86af-7e9750e87958,,Comboi,0,https://media.emisorasmusicales.net/wp-content/uploads/2024/04/23134127/LOGO-DEF.-COMBOI-1000x1000px-RGB-200x200.png,https://stream.emisorasmusicales.net/listen/comboi/comboi.mp3,,,,2026-03-05 09:25:06.073332+00,2026-03-05 09:25:06.073332+00,2026-03-11 14:56:56.460954+00
acb4503a-f33c-427a-90d5-baa7c79fb97d,,Radio Briviesca,0,https://graph.facebook.com/RadioBriviesca/picture?width=200&height=200,https://topradio.uno/proxy/radiobriviesca/stream,,,,2026-03-05 09:25:05.436262+00,2026-03-05 09:25:05.436262+00,2026-03-11 14:56:56.460954+00
acc5fc3b-008e-4326-a72c-81f040445a1d,,Canal Extremadura Radio,0.0,https://graph.facebook.com/CanalExtremadura/picture?width=200&height=200,https://canalextremadura-audio.flumotion.cloud/canalextremaduralive/smil:channel1.smil/playlist.m3u8,,,,2026-03-04 22:29:55.012933+00,2026-03-04 22:29:55.012933+00,2026-03-11 14:56:56.460954+00
acde9276-645a-4b72-9131-b7bb3a50d5f1,,MDT Radio Pop Stars,0.0,https://mdtradio.com/wp-content/uploads/2024/11/Logo-MDT-Radio-Pop-Stars-Fm2.jpg,https://streams1.mdtradio.com:8443/PopStarsFm,,,,2026-03-04 22:28:54.84657+00,2026-03-04 22:28:54.84657+00,2026-03-11 14:56:56.460954+00
acdfb1df-fcd1-4538-8a01-89635954a5e6,,SER Alicante,0,https://graph.facebook.com/cadenaser/picture?width=200&height=200,https://playerservices.streamtheworld.com/api/livestream-redirect/SER_ALICANTE.mp3,,,,2026-03-05 09:25:05.797436+00,2026-03-05 09:25:05.797436+00,2026-03-11 14:56:56.460954+00
ace11d2f-feb6-428a-a6cf-195d38b548a2,,Ràdio Vilamajor,0,https://graph.facebook.com/radio.vilamajor/picture?width=200&height=200,https://stream980.servemp3.com/radio,,,,2026-03-05 09:25:05.542737+00,2026-03-05 09:25:05.542737+00,2026-03-11 14:56:56.460954+00
ad25f17c-e090-48ca-8a6e-01b5b9a79ecc,,Onda Cero Bilbao,0,https://graph.facebook.com/ondacero/picture?width=200&height=200,https://atres-live.ondacero.es/live/delegaciones/oc/bilbao/master.m3u8,,,,2026-03-05 09:25:06.405237+00,2026-03-05 09:25:06.405237+00,2026-03-11 14:56:56.460954+00
ad458d65-811e-42f7-883d-d23252979975,,Hot FM Benidorm,0,https://pbs.twimg.com/profile_images/3694478434/f77286089b04904b31c9b1d4e6bb2088_200x200.jpeg,https://ukstream.radiohost.co.uk/listen/hot_fm_dance/radio.mp3,,,,2026-03-05 09:25:05.928863+00,2026-03-05 09:25:05.928863+00,2026-03-11 14:56:56.460954+00
ad919d39-a33c-42f9-bc6e-845d540b6d54,,Radio Almenara,0,https://graph.facebook.com/RadioAlmenara/picture?width=200&height=200,https://cervera.eldialdigital.com:25211/stream,,,,2026-03-05 09:25:05.648309+00,2026-03-05 09:25:05.648309+00,2026-03-11 14:56:56.460954+00
adce7a08-c133-4036-a302-cc4adb175ab2,,SER Bilbao,0,https://graph.facebook.com/cadenaser/picture?width=200&height=200,https://playerservices.streamtheworld.com/api/livestream-redirect/SER_BILBAO.mp3,,,,2026-03-05 09:25:06.405237+00,2026-03-05 09:25:06.405237+00,2026-03-11 14:56:56.460954+00
add461aa-b757-475c-bc51-72b4b65ba5a1,,COPE Castellón-Vinaroz,0,https://graph.facebook.com/COPE/picture?width=200&height=200,https://wecast-bl02.flumotion.com/copesedes/vinaroz.mp3,,,,2026-03-05 09:25:05.928863+00,2026-03-05 09:25:05.928863+00,2026-03-11 14:56:56.460954+00
ae123085-ac72-4549-8fd3-b35970d4b4fa,,Flamenco Radio,0,https://graph.facebook.com/FlamencoRadio/picture?width=200&height=200,https://rtva-live-radio.flumotion.com/rtva/flamenco.mp3,,,,2026-03-05 09:25:03.819453+00,2026-03-05 09:25:03.819453+00,2026-03-11 14:56:56.460954+00
aebdd7b2-f11d-47e0-a852-c723a38eaa03,,Radio Gorbea,0,https://graph.facebook.com/radiogorbea/picture?width=200&height=200,https://cdn-peer021.streaming-pro.com:6135/radiogorbea.mp3,,,,2026-03-05 09:25:06.405237+00,2026-03-05 09:25:06.405237+00,2026-03-11 14:56:56.460954+00
aec8d025-e2ee-43db-a48d-14a9d0bba45e,,COPE Burgos,0,https://graph.facebook.com/COPE/picture?width=200&height=200,https://wecast-bl02.flumotion.com/copesedes/burgos.mp3,,,,2026-03-05 09:25:05.215377+00,2026-03-05 09:25:05.215377+00,2026-03-11 14:56:56.460954+00
aed019f8-e813-458b-8b55-6d2327ce3f2d,,Radio Martos,0,https://graph.facebook.com/radiomartos/picture?width=200&height=200,https://streaming2.elitecomunicacion.es:8234/stream,,,,2026-03-05 09:25:04.377712+00,2026-03-05 09:25:04.377712+00,2026-03-11 14:56:56.460954+00
af228fb5-1d7c-4aa5-83f3-12f7fe83841c,,RockStar,0,https://media.emisorasmusicales.net/wp-content/uploads/2020/03/11023734/Rockstar-200x200.png,https://stream.emisorasmusicales.net/radio/8060/rockstar.mp3,,,,2026-03-05 09:25:05.928863+00,2026-03-05 09:25:05.928863+00,2026-03-11 14:56:56.460954+00
af3c0a24-9604-40a6-9294-369699348880,,Radio Mora,0,https://graph.facebook.com/rmorafm/picture?width=200&height=200,https://server10.emitironline.com:9075/radio,,,,2026-03-05 09:25:05.022457+00,2026-03-05 09:25:05.022457+00,2026-03-11 14:56:56.460954+00
aff9a622-ba68-46fb-bebe-e6c2594a22b9,,Ràdio Igualada,0,https://graph.facebook.com/radioigualada/picture?width=200&height=200,https://srv7031.dns-lcinternet.com/8024/stream,,,,2026-03-05 09:25:05.542737+00,2026-03-05 09:25:05.542737+00,2026-03-11 14:56:56.460954+00
b0018a65-484f-4afa-bc02-ffb600695d1e,,Radio Morata,0,https://graph.facebook.com/radiomorata/picture?width=200&height=200,https://cervera.eldialdigital.com:25141/stream,,,,2026-03-05 09:25:05.648309+00,2026-03-05 09:25:05.648309+00,2026-03-11 14:56:56.460954+00
b0af1d2b-077c-4f12-95da-f48100df8d70,,Xtra FM,0,https://graph.facebook.com/xtrafmcostablanca/picture?width=200&height=200,https://hls1.eu.peppermindmedia.com/xtrafm/south/XtraFMSouth.m3u8,,,,2026-03-05 09:25:06.073332+00,2026-03-05 09:25:06.073332+00,2026-03-11 14:56:56.460954+00
b0b32593-0497-43f3-a5b6-d5b3617c3f11,,Radio Nacional Castilla-La Mancha,0,https://graph.facebook.com/radionacionalrne/picture?width=200&height=200,https://dispatcher.rndfnk.com/crtve/rne1/clm/mp3/high,,,,2026-03-05 09:25:05.022457+00,2026-03-05 09:25:05.022457+00,2026-03-11 14:56:56.460954+00
b21fa763-0dba-4c47-82cb-59b3da20b405,,COPE Segovia,0,https://graph.facebook.com/COPE/picture?width=200&height=200,https://wecast-bl02.flumotion.com/copesedes/segovia.mp3,,,,2026-03-05 09:25:05.215377+00,2026-03-05 09:25:05.215377+00,2026-03-11 14:56:56.460954+00
b22914ab-cb7a-4d5b-98a6-58fd8bc72b21,,Onda Cero Málaga,0,https://graph.facebook.com/ondacero/picture?width=200&height=200,https://atres-live.ondacero.es/live/delegaciones/oc/malaga/master.m3u8,,,,2026-03-05 09:25:04.141561+00,2026-03-05 09:25:04.141561+00,2026-03-11 14:56:56.460954+00
b22dd450-5e83-4efe-8c52-bae44436aa8e,,Cadena Dial Arahal,0,https://graph.facebook.com/ArahalalDia/picture?width=200&height=200,https://playerservices.streamtheworld.com/api/livestream-redirect/DIAL_ASO_MORON.mp3,,,,2026-03-05 09:25:04.377712+00,2026-03-05 09:25:04.377712+00,2026-03-11 14:56:56.460954+00
b24cf62f-a80a-42ad-afab-c76b50363f34,,Ona Mediterrània,0,https://graph.facebook.com/OnaMediterrani/picture?width=200&height=200,https://enacast.com/onamediterrania/streams/HD,,,,2026-03-05 09:25:06.301894+00,2026-03-05 09:25:06.301894+00,2026-03-11 14:56:56.460954+00
b29e7900-164f-48ad-b546-477fa5d41dfa,,COPE Ourense,0,https://graph.facebook.com/COPE/picture?width=200&height=200,https://wecast-bl02.flumotion.com/copesedes/orense.mp3,,,,2026-03-05 09:25:06.19346+00,2026-03-05 09:25:06.19346+00,2026-03-11 14:56:56.460954+00
b2bcfa8f-b8e6-45f9-8e4a-13a7081acf66,,SER Radio Santander,0,https://graph.facebook.com/cadenaser/picture?width=200&height=200,https://playerservices.streamtheworld.com/api/livestream-redirect/SER_SANTANDER.mp3,,,,2026-03-05 09:25:04.816771+00,2026-03-05 09:25:04.816771+00,2026-03-11 14:56:56.460954+00
b2f03a78-ccd8-4aaa-971e-6605bac4ecf3,,COPE Cáceres,0,https://graph.facebook.com/COPE/picture?width=200&height=200,https://wecast-bl02.flumotion.com/copesedes/caceres.mp3,,,,2026-03-05 09:25:06.073332+00,2026-03-05 09:25:06.073332+00,2026-03-11 14:56:56.460954+00
b34cd49c-99fb-4dda-9ba7-f9fcc157cdb1,,Das Inselradio,0,https://graph.facebook.com/DasInselradio/picture?width=200&height=200,https://inselradiomallorca.do-not-publish.com/inselradiomallorca-live/mp3-128,,,,2026-03-05 09:25:06.301894+00,2026-03-05 09:25:06.301894+00,2026-03-11 14:56:56.460954+00
b3c54a49-706a-4340-a5b2-9949c6f8e506,,Formula Fun,0,https://hciqxvfvohcaiaqqrvdq.supabase.co/storage/v1/object/public/station-logos/espana/FormulaFun.png,https://s30.myradiostream.com/30464/listen.mp3,,,,2026-03-05 09:25:06.19346+00,2026-03-05 09:25:06.19346+00,2026-03-11 14:56:56.460954+00
b3cb5c31-dae8-42c2-ba65-6489885fc578,,21 Ràdio,0,https://graph.facebook.com/21radiocat/picture?width=200&height=200,https://control.streaming-pro.com:8018/stream.mp3,,,,2026-03-05 09:25:05.542737+00,2026-03-05 09:25:05.542737+00,2026-03-11 14:56:56.460954+00
b3ed732b-e032-4da2-a71e-cc46de4271a1,,Ràdio Sitges,0,https://graph.facebook.com/radiositges/picture?width=200&height=200,https://s2.radio.co/s8e5dffe5e/listen,,,,2026-03-05 09:25:05.542737+00,2026-03-05 09:25:05.542737+00,2026-03-11 14:56:56.460954+00
b4a38e86-a2a5-426c-a0b8-ca79071cef01,,Radio Ibi,0,https://pbs.twimg.com/profile_images/524879648971165696/0R6A-gKg_200x200.jpeg,https://streaming.enacast.com:8000/radioibiSD.mp3,,,,2026-03-05 09:25:06.073332+00,2026-03-05 09:25:06.073332+00,2026-03-11 14:56:56.460954+00
b5461780-5767-4ac9-a7ac-5097f9fe2bea,,Onda Cero Segovia,0,https://graph.facebook.com/ondacero/picture?width=200&height=200,https://atres-live.ondacero.es/live/delegaciones/oc/segovia/master.m3u8,,,,2026-03-05 09:25:05.215377+00,2026-03-05 09:25:05.215377+00,2026-03-11 14:56:56.460954+00
b5629bfa-a50e-45ed-aedb-0a9194c2282d,,Total Rock UK,0,https://graph.facebook.com/TotalRockOnline/picture?width=200&height=200,https://s3.citrus3.com:8056/stream,,,,2026-03-05 09:25:06.615794+00,2026-03-05 09:25:06.615794+00,2026-03-11 14:56:56.460954+00
b5926afa-cbee-4403-9d25-64bd14bff87c,,esRadio Tudela,0,https://graph.facebook.com/esradio/picture?width=200&height=200,https://azura.abcorp.es/radio/8110/stream,,,,2026-03-05 09:25:05.797436+00,2026-03-05 09:25:05.797436+00,2026-03-11 14:56:56.460954+00
b6264683-cfe7-4c92-ada3-7a3738a4b4f5,,MuyBuena,0,https://media.emisorasmusicales.net/wp-content/uploads/2020/03/11023735/MuyBuena-200x200.png,https://stream.emisorasmusicales.net/radio/8010/muybuena.mp3,,,,2026-03-05 09:25:05.928863+00,2026-03-05 09:25:05.928863+00,2026-03-11 14:56:56.460954+00
b68c337f-736f-4ec9-8acc-b95c2a8fedf3,,Ràdio Cubelles,0,https://graph.facebook.com/radiocubelles/picture?width=200&height=200,https://enacast.com/radiocubelles/streams/HD,,,,2026-03-05 09:25:05.542737+00,2026-03-05 09:25:05.542737+00,2026-03-11 14:56:56.460954+00
b6a0679b-bb24-43cb-9c8d-638def892c46,,SER Córdoba,0.0,https://graph.facebook.com/cadenaser/picture?width=200&height=200,https://playerservices.streamtheworld.com/api/livestream-redirect/SER_CORDOBA.mp3,,,,2026-03-04 22:29:55.012933+00,2026-03-04 22:29:55.012933+00,2026-03-11 14:56:56.460954+00
b70f31fe-cec7-474d-bf6b-1e661f194672,,LEO Radio Benidorm,0,https://graph.facebook.com/LeoRadiofm/picture?width=200&height=200,https://stream.netservers.ovh:8443/leoradiofm.ogg,,,,2026-03-05 09:25:06.073332+00,2026-03-05 09:25:06.073332+00,2026-03-11 14:56:56.460954+00
b73c8a7d-3df0-4a8f-8063-554f57c2ec4f,,LOS40 Benidorm,0,https://pbs.twimg.com/profile_images/732171106782695424/eSJEnwoL_200x200.jpg,https://playerservices.streamtheworld.com/api/livestream-redirect/LOS40_ASO_BENIDORM.mp3,,,,2026-03-05 09:25:05.928863+00,2026-03-05 09:25:05.928863+00,2026-03-11 14:56:56.460954+00
b75c456a-76bb-4056-b2d1-ae2edb5cdb3e,,Radio Donosti,0,https://graph.facebook.com/radiodonosti/picture?width=200&height=200,https://stream-176.zeno.fm/zgn5w0dsrusvv,,,,2026-03-05 09:25:06.405237+00,2026-03-05 09:25:06.405237+00,2026-03-11 14:56:56.460954+00
b774375b-177b-44d9-a5ce-b93fc9f59dea,,Élite Urban,0,https://graph.facebook.com/cadena.elitegranada/picture?width=200&height=200,https://streaming2.elitecomunicacion.es/proxy/eliteurban/stream,,,,2026-03-05 09:25:03.819453+00,2026-03-05 09:25:03.819453+00,2026-03-11 14:56:56.460954+00
b77baec3-cdd5-4cdc-9dfe-def4f336cc6e,,Ràdio Terrassa,0,https://graph.facebook.com/canalterrassa/picture?width=200&height=200,https://control.streaming-pro.com:8002/stream,,,,2026-03-05 09:25:05.436262+00,2026-03-05 09:25:05.436262+00,2026-03-11 14:56:56.460954+00
b8100e94-2b3e-4fa6-966c-283f95da5cd0,,COPE Bilbao,0,https://graph.facebook.com/COPE/picture?width=200&height=200,https://wecast-bl02.flumotion.com/copesedes/bilbao.mp3,,,,2026-03-05 09:25:06.405237+00,2026-03-05 09:25:06.405237+00,2026-03-11 14:56:56.460954+00
b8329b66-ff3c-41de-908d-7ae5213bd7ff,,SER Andalucía Centro,0,https://graph.facebook.com/cadenaser/picture?width=200&height=200,https://playerservices.streamtheworld.com/api/livestream-redirect/SER_ASO_ESTEPA.mp3,,,,2026-03-05 09:25:03.819453+00,2026-03-05 09:25:03.819453+00,2026-03-11 14:56:56.460954+00
b866afe2-0e96-4299-a9f0-f015f2fbac91,,Radio Líder Asturias,0,https://graph.facebook.com/radiolidergalicia/picture?width=200&height=200,https://server8.emitironline.com:18462/stream,,,,2026-03-05 09:25:06.511776+00,2026-03-05 09:25:06.511776+00,2026-03-11 14:56:56.460954+00
b87cd09b-180b-475d-b72e-5fa25166e8a5,,Azuaga Radiofm,0,https://graph.facebook.com/azuagaradiofm/picture?width=200&height=200,https://www.ayuntamientodeazuaga.es:8443/radioazuagafm,,,,2026-03-05 09:25:06.19346+00,2026-03-05 09:25:06.19346+00,2026-03-11 14:56:56.460954+00
b8e70b29-1532-4280-9b65-c7c403ea41e3,,VERBENA FM,0,https://hciqxvfvohcaiaqqrvdq.supabase.co/storage/v1/object/public/station-logos/espana/Verbena%20FM.png,https://streaming12.elitecomunicacion.es:8222/stream,,,,2026-03-05 09:25:06.19346+00,2026-03-05 09:25:06.19346+00,2026-03-11 14:56:56.460954+00
b956e3ae-7dc9-4b2b-8f6d-7c35ea563365,,SER Tarancón,0,https://graph.facebook.com/cadenaser/picture?width=200&height=200,https://playerservices.streamtheworld.com/api/livestream-redirect/SER_TARANCON.mp3,,,,2026-03-05 09:25:05.022457+00,2026-03-05 09:25:05.022457+00,2026-03-11 14:56:56.460954+00
b9aa3631-4e5d-430f-9f85-f37c958d9728,,CBN Southern Gospel,0,https://www1.cbn.com/sites/all/libraries/radio/img/southern-gospel300x300.jpg,https://streams.cbnradio.com/southern-gospel-128K,,,,2026-03-05 09:25:06.615794+00,2026-03-05 09:25:06.615794+00,2026-03-11 14:56:56.460954+00
b9c0b61d-bc5f-451f-91f5-89ab50a115d9,,COPE Cuenca,0,https://graph.facebook.com/COPE/picture?width=200&height=200,https://wecast-bl02.flumotion.com/copesedes/cuenca.mp3,,,,2026-03-05 09:25:05.022457+00,2026-03-05 09:25:05.022457+00,2026-03-11 14:56:56.460954+00
b9dcde1c-b33e-4a2f-b057-08b812eb9dfa,,LOS40 Guadix,0,https://graph.facebook.com/los40/picture?width=200&height=200,https://playerservices.streamtheworld.com/api/livestream-redirect/LOS40_ASO_GUADIX.mp3,,,,2026-03-05 09:25:04.377712+00,2026-03-05 09:25:04.377712+00,2026-03-11 14:56:56.460954+00
ba7592a9-689b-4cab-b2c0-8ae05f9770f1,,Barcelona City FM,0,https://graph.facebook.com/barcelonacityfm/picture?width=200&height=200,https://s2.radio.co/sd9da54aa0/listen,,,,2026-03-05 09:25:05.436262+00,2026-03-05 09:25:05.436262+00,2026-03-11 14:56:56.460954+00
ba9614f0-cfaf-4816-b83a-083cc1a12d38,,Global Radio,0,https://graph.facebook.com/loveglobalradio/picture?width=200&height=200,https://stream.aiir.com/ugvtqtv4jfmuv,,,,2026-03-05 09:25:04.377712+00,2026-03-05 09:25:04.377712+00,2026-03-11 14:56:56.460954+00
badd93b6-aa4d-43f4-826d-b8b52254aa4a,,Radio Puerto,0,https://graph.facebook.com/radiopuertofm/picture?width=200&height=200,https://enacast.com/radiopuerto/streams/HD,,,,2026-03-05 09:25:04.377712+00,2026-03-05 09:25:04.377712+00,2026-03-11 14:56:56.460954+00
bb095ff2-c950-43e2-b475-1ade18383994,,LOS40 Poniente,0,https://graph.facebook.com/los40/picture?width=200&height=200,https://playerservices.streamtheworld.com/api/livestream-redirect/LOS40_ASO_PONIENTE.mp3,,,,2026-03-05 09:25:04.377712+00,2026-03-05 09:25:04.377712+00,2026-03-11 14:56:56.460954+00
bb227dad-0a5d-4473-b23c-ae046508540d,,Radio Nerja,0,https://graph.facebook.com/radionerja/picture?width=200&height=200,https://online.vibacomunicacion.com:9974/stream,,,,2026-03-05 09:25:04.598001+00,2026-03-05 09:25:04.598001+00,2026-03-11 14:56:56.460954+00
bb57e8df-2b8e-4994-9018-4c0c3096f4cf,,Onda Cero Castro Urdiales,0,https://graph.facebook.com/ondacero/picture?width=200&height=200,https://server8.emitironline.com:10854/;,,,,2026-03-05 09:25:05.022457+00,2026-03-05 09:25:05.022457+00,2026-03-11 14:56:56.460954+00
bba77117-8a08-4cd7-bb8d-ace6866f0316,,COPE Jaén,0,https://graph.facebook.com/COPE/picture?width=200&height=200,https://wecast-bl02.flumotion.com/copesedes/jaen.mp3,,,,2026-03-05 09:25:04.141561+00,2026-03-05 09:25:04.141561+00,2026-03-11 14:56:56.460954+00
bbc6fd54-035a-4ea6-948e-5aa507bc680e,,SER Comarca,0,https://graph.facebook.com/cadenaser/picture?width=200&height=200,https://eu1.lhdserver.es:8075/stream,,,,2026-03-05 09:25:04.141561+00,2026-03-05 09:25:04.141561+00,2026-03-11 14:56:56.460954+00
bbd5e023-93e3-4589-bc29-3a16f83f2683,,MDT Radio 90s,0.0,https://mdtradio.com/wp-content/uploads/2024/08/Logo-MDT-Radio-90s-300x300.jpg,https://streams1.mdtradio.com:8443/MDTradio90,,,,2026-03-04 22:28:54.84657+00,2026-03-04 22:28:54.84657+00,2026-03-11 14:56:56.460954+00
bbe5f69a-f811-45e7-b10a-2edfe18a66c6,,Radio Cartaya,0,https://graph.facebook.com/radiocartaya/picture?width=200&height=200,https://eu1.lhdserver.es:9237/stream,,,,2026-03-05 09:25:04.377712+00,2026-03-05 09:25:04.377712+00,2026-03-11 14:56:56.460954+00
bc0127fc-1af6-4802-be27-ffbcd2c98022,,Fabulosa FM,0,https://graph.facebook.com/fabulosa99.9/picture?width=200&height=200,https://cast2.vulnerados.es:8102/stream,,,,2026-03-05 09:25:05.436262+00,2026-03-05 09:25:05.436262+00,2026-03-11 14:56:56.460954+00
bc0a66ba-20f5-4407-8ab6-80ec79f085b5,,Radio 5 País Vasco,0,https://pbs.twimg.com/profile_images/1405097207339028480/H7nP_7Ti_200x200.jpg,https://dispatcher.rndfnk.com/crtve/rne5/vit/mp3/high,,,,2026-03-05 09:25:06.405237+00,2026-03-05 09:25:06.405237+00,2026-03-11 14:56:56.460954+00
bc7b916e-f781-4876-8e3b-b9e846fab9ab,,SER Villena,0,https://graph.facebook.com/cadenaser/picture?width=200&height=200,https://playerservices.streamtheworld.com/api/livestream-redirect/SER_VILLENA.mp3,,,,2026-03-05 09:25:05.797436+00,2026-03-05 09:25:05.797436+00,2026-03-11 14:56:56.460954+00
bc9ae9cb-d7f3-4101-9130-07f1ddbafe98,,Cooltura FM,0,https://graph.facebook.com/coolturafm/picture?width=200&height=200,https://server9.emitironline.com:19244/,,,,2026-03-05 09:25:05.542737+00,2026-03-05 09:25:05.542737+00,2026-03-11 14:56:56.460954+00
bcb88b69-8f01-4326-837b-496b908ca862,,Radio 5 Asturias,0,https://pbs.twimg.com/profile_images/1405097207339028480/H7nP_7Ti_200x200.jpg,https://dispatcher.rndfnk.com/crtve/rne5/ast/mp3/high,,,,2026-03-05 09:25:06.405237+00,2026-03-05 09:25:06.405237+00,2026-03-11 14:56:56.460954+00
bcbd1758-8531-42b2-9b24-5770dd2b3956,,SER Cádiz,0.0,https://graph.facebook.com/cadenaser/picture?width=200&height=200,https://playerservices.streamtheworld.com/api/livestream-redirect/SER_CADIZ.mp3,,,,2026-03-04 22:29:55.012933+00,2026-03-04 22:29:55.012933+00,2026-03-11 14:56:56.460954+00
bcc03081-d356-499e-b3bc-eb561885b76a,,Vinilo FM,0,https://graph.facebook.com/vinilofm/picture?width=200&height=200,https://radio.vinilofm.es/radio/8000/bizkaia.mp3,,,,2026-03-05 09:25:06.405237+00,2026-03-05 09:25:06.405237+00,2026-03-11 14:56:56.460954+00
bd0f3adb-4fe5-462d-9369-82ea137aa6f2,,Onda Cero Ibiza,0,https://graph.facebook.com/ondacero/picture?width=200&height=200,https://atres-live.ondacero.es/live/delegaciones/oc/ibiza/master.m3u8,,,,2026-03-05 09:25:06.301894+00,2026-03-05 09:25:06.301894+00,2026-03-11 14:56:56.460954+00
bd13f966-f031-418f-ae36-11b38fb0cf7c,,SER Asturias,0,https://graph.facebook.com/cadenaser/picture?width=200&height=200,https://playerservices.streamtheworld.com/api/livestream-redirect/SER_ASO_ASTURIAS.mp3,,,,2026-03-05 09:25:06.405237+00,2026-03-05 09:25:06.405237+00,2026-03-11 14:56:56.460954+00
bd6a018c-93f1-408d-abde-54a70caae32d,,Radio Marca Coruña,0,https://graph.facebook.com/RadioMARCA/picture?width=200&height=200,https://playerservices.streamtheworld.com/api/livestream-redirect/RADIOMARCA_CORUNA.mp3,,,,2026-03-05 09:25:06.19346+00,2026-03-05 09:25:06.19346+00,2026-03-11 14:56:56.460954+00
bd97309f-8f8e-465b-a699-9411ae121dbb,,Onda Aranjuez,0,https://www.aranjuez.es/wp-content/uploads/2016/12/escucha-onda-aranjuez-300x264.png,https://server8.emitironline.com:18544/;.mp3,,,,2026-03-05 09:25:05.797436+00,2026-03-05 09:25:05.797436+00,2026-03-11 14:56:56.460954+00
bdd0697f-8a4a-4e99-8aba-3122f7c6babc,,Europa FM Gipuzkoa,0,https://graph.facebook.com/tueuropafm/picture?width=200&height=200,https://node-29.zeno.fm/se76qau1hc9uv,,,,2026-03-05 09:25:06.405237+00,2026-03-05 09:25:06.405237+00,2026-03-11 14:56:56.460954+00
bddac9a1-71d2-49dd-94e5-726030b72e14,,CBN Superbook,0,https://www1.cbn.com/sites/all/libraries/radio/img/superbook300x300.jpg,https://streams.cbnradio.com/superbook-128K,,,,2026-03-05 09:25:06.615794+00,2026-03-05 09:25:06.615794+00,2026-03-11 14:56:56.460954+00
be064d3d-f29f-4558-99d2-f859c98517a5,,Cope Alto Aragón,0,https://graph.facebook.com/cope.altoaragon/picture?width=200&height=200,https://server8.emitironline.com:18081/radio,,,,2026-03-05 09:25:04.598001+00,2026-03-05 09:25:04.598001+00,2026-03-11 14:56:56.460954+00
be26d606-5548-4b5c-8ad3-425628d1a287,,Ràdio El Vendrell,0,https://graph.facebook.com/rtvelvendrell/picture?width=200&height=200,https://enacast.com/rtvelvendrell/streams/HD,,,,2026-03-05 09:25:05.542737+00,2026-03-05 09:25:05.542737+00,2026-03-11 14:56:56.460954+00
be4b69c4-6df1-4cdf-9c3e-7713e8f3d5f2,,Onda Cero Almería,0,https://graph.facebook.com/ondacero/picture?width=200&height=200,https://atres-live.ondacero.es/live/delegaciones/oc/almeria/master.m3u8,,,,2026-03-05 09:25:04.141561+00,2026-03-05 09:25:04.141561+00,2026-03-11 14:56:56.460954+00
be9caeb8-1792-4b75-9922-c6fbbd4f7e96,,Babyradio,0,https://yt3.googleusercontent.com/ytc/AIdro_k2PqG2pKYF9_qLh_ut69Z0MtU-jXsRvezCZQtbjivJsX8=s200,https://srv6022.dns-lcinternet.com:8033/stream,,,,2026-03-05 09:25:03.819453+00,2026-03-05 09:25:03.819453+00,2026-03-11 14:56:56.460954+00
bea8dbd6-8fec-49c3-a9c1-9dc8cda667b8,,SER Gijón,0,https://graph.facebook.com/cadenaser/picture?width=200&height=200,https://playerservices.streamtheworld.com/api/livestream-redirect/SER_GIJON.mp3,,,,2026-03-05 09:25:06.405237+00,2026-03-05 09:25:06.405237+00,2026-03-11 14:56:56.460954+00
bf878ecc-2a0c-4180-8534-bff8a0037b8c,,VIA RADIO,0,https://hciqxvfvohcaiaqqrvdq.supabase.co/storage/v1/object/public/station-logos/espana/VIA%20RADIO.png,https://s2.myradiostream.com:8892/stream/1/,,,,2026-03-11 09:54:02.096422+00,2026-03-11 09:54:02.096422+00,2026-03-11 14:56:56.460954+00
bfcc690e-0293-46e8-98be-3c4063ca8a1b,,Onda Cero Huesca,0,https://graph.facebook.com/ondacero/picture?width=200&height=200,https://atres-live.ondacero.es/live/delegaciones/oc/huesca/master.m3u8,,,,2026-03-05 09:25:04.598001+00,2026-03-05 09:25:04.598001+00,2026-03-11 14:56:56.460954+00
c01ebab8-8e83-4acb-aa73-01dd4aec55cc,,DIAL,0.0,https://graph.facebook.com/cadenadial/picture?width=200&height=200,https://playerservices.streamtheworld.com/api/livestream-redirect/CADENADIALAAC.aac,,,,2026-03-04 22:28:54.84657+00,2026-03-04 22:28:54.84657+00,2026-03-11 14:56:56.460954+00
c035ac46-df76-458a-af5c-c2b36d45b2ff,,Onda Cero Alicante,0,https://graph.facebook.com/ondacero/picture?width=200&height=200,https://atres-live.ondacero.es/live/delegaciones/oc/alicante/master.m3u8,,,,2026-03-05 09:25:05.928863+00,2026-03-05 09:25:05.928863+00,2026-03-11 14:56:56.460954+00
c045d815-cde0-47e8-9ac5-3f28383c819c,,Onda Loja Radio,0,https://graph.facebook.com/370465614347/picture?width=200&height=200,https://stream.radiofutura.es:8090/stream,,,,2026-03-05 09:25:04.598001+00,2026-03-05 09:25:04.598001+00,2026-03-11 14:56:56.460954+00
c07bca55-8dd4-41ea-acd1-e935619d9aea,,Cadena Dial Sierra - Alcaudete,0,https://graph.facebook.com/cadenadial/picture?width=200&height=200,http://streaming.cloud.innovasur.es:8810/alcaudete,,,,2026-03-05 09:25:04.377712+00,2026-03-05 09:25:04.377712+00,2026-03-11 14:56:56.460954+00
c09266f2-53a2-45b1-8121-4cdf8d0c0d61,,Radio Líder,0,https://graph.facebook.com/radiolidergalicia/picture?width=200&height=200,https://server9.emitironline.com:8200/stream,,,,2026-03-05 09:25:06.301894+00,2026-03-05 09:25:06.301894+00,2026-03-11 14:56:56.460954+00
c0a359cc-1f8a-4ab5-92df-aafa48e1c492,,Mortal FM,0,https://graph.facebook.com/mortalfm/picture?width=200&height=200,http://server2.20comunicacion.com:8044/stream,,,,2026-03-05 09:25:05.436262+00,2026-03-05 09:25:05.436262+00,2026-03-11 14:56:56.460954+00
c184ed92-6af2-46c9-b66c-4d476ad5f1c5,,Loca FM Chill Out,0.0,https://graph.facebook.com/LocaFmOficial/picture?width=200&height=200,https://s2.we4stream.com/listen/loca_chill_out/live,,,,2026-03-04 22:28:54.84657+00,2026-03-04 22:28:54.84657+00,2026-03-11 14:56:56.460954+00
c2435690-3143-4450-87ee-86f99ff63007,,Radio Ciudad Roquetas,0,https://graph.facebook.com/radiociudadroquetas/picture?width=200&height=200,https://broadcast.radioponiente.org:8040/;.mp3,,,,2026-03-05 09:25:04.598001+00,2026-03-05 09:25:04.598001+00,2026-03-11 14:56:56.460954+00
c291d2ee-f1b9-4075-ae1d-179731bd2cc3,,Ràdio Sant Pere i Sant Pau,0,https://graph.facebook.com/Radio101.0/picture?width=200&height=200,http://212.83.151.18:36686/;stream/1?1552499879263.mp3,,,,2026-03-05 09:25:05.542737+00,2026-03-05 09:25:05.542737+00,2026-03-11 14:56:56.460954+00
c2ae8b5c-ff88-4fca-84a9-0bc06bedc80b,,Capital Radio Valencia,0,https://pbs.twimg.com/profile_images/1256866004145242113/WZVY4CoE_200x200.jpg,https://mdstrm.com/audio/67e287c809f9212593c3a7c5/live.m3u8,,,,2026-03-05 09:25:05.928863+00,2026-03-05 09:25:05.928863+00,2026-03-11 14:56:56.460954+00
c32033d6-588a-4cc0-8923-3df39ce1253a,,Loca FM Mallorca,0,https://graph.facebook.com/locamallorcafm/picture?width=200&height=200,https://radio.thebest.fm:8443/locafm-mal-web,,,,2026-03-05 09:25:06.301894+00,2026-03-05 09:25:06.301894+00,2026-03-11 14:56:56.460954+00
c3ebddb5-6f66-4162-a0d7-9464037009a7,,Radio La Comarca,0,https://graph.facebook.com/lacomarcanews/picture?width=200&height=200,https://radiolacomarca.radioonlinelacomarca.net:8333/ser.mp3,,,,2026-03-05 09:25:04.598001+00,2026-03-05 09:25:04.598001+00,2026-03-11 14:56:56.460954+00
c4598a0f-f55a-4343-99a5-26971fa6422e,,Distinta FM,0,https://graph.facebook.com/distintafm/picture?width=200&height=200,https://ns100.emisionlocal.com/proxy/distintafm?mp=/;stream.mp3,,,,2026-03-05 09:25:05.022457+00,2026-03-05 09:25:05.022457+00,2026-03-11 14:56:56.460954+00
c46ce91e-74ac-4e4a-85bc-c0565c797258,,U Ràdio,0,https://graph.facebook.com/uradiofm/picture?width=200&height=200,https://streaming.enacast.com/radioulldecona128.mp3,,,,2026-03-05 09:25:05.542737+00,2026-03-05 09:25:05.542737+00,2026-03-11 14:56:56.460954+00
c46e296e-7205-449d-8732-1176087eb87d,,CBN Cross Country Christmas,0,https://www1.cbn.com/sites/all/libraries/radio/img/cross-countrychristmas300x300.jpg,https://streams.cbnradio.com/country-christmas-128K,,,,2026-03-05 09:25:06.755402+00,2026-03-05 09:25:06.755402+00,2026-03-11 14:56:56.460954+00
c486208d-6301-425f-b725-82b6ee9804cd,,Surco Manzanares,0,https://graph.facebook.com/radiosurco/picture?width=200&height=200,https://node-31.zeno.fm/v9k530trzwzuv,,,,2026-03-05 09:25:05.022457+00,2026-03-05 09:25:05.022457+00,2026-03-11 14:56:56.460954+00
c4ac745c-b0d1-4f08-9e77-d0fda1255007,,Ràdio 4 RNE,0,https://graph.facebook.com/Radio4RNE/picture?width=200&height=200,https://rtvelivestream.rtve.es/rtvesec/rne/rne_r4_main.m3u8,,,,2026-03-05 09:25:05.436262+00,2026-03-05 09:25:05.436262+00,2026-03-11 14:56:56.460954+00
c5021973-11bf-4df7-a50c-2bbc78523c19,,Radio 5 Catalunya,0,https://pbs.twimg.com/profile_images/1405097207339028480/H7nP_7Ti_200x200.jpg,https://dispatcher.rndfnk.com/crtve/rne5/bcn/mp3/high,,,,2026-03-05 09:25:05.436262+00,2026-03-05 09:25:05.436262+00,2026-03-11 14:56:56.460954+00
c50363d9-8fe5-4913-bbdf-d3aafa2c2a60,,La Única FM,0,https://graph.facebook.com/182268477588/picture?width=200&height=200,https://stream.radiofutura.es:8010/stream,,,,2026-03-05 09:25:05.215377+00,2026-03-05 09:25:05.215377+00,2026-03-11 14:56:56.460954+00
c51f1204-c3b4-407a-b5a6-4e92838eb3f2,,Radio Oro,0,https://graph.facebook.com/RadioOroMalaga/picture?width=200&height=200,http://185.23.192.118:8002/;stream.mp3,,,,2026-03-05 09:25:04.598001+00,2026-03-05 09:25:04.598001+00,2026-03-11 14:56:56.460954+00
c54f1c07-e007-43ec-a5be-4d367aeefc43,,El Pejeverde,0,https://graph.facebook.com/552642618121698/picture?width=200&height=200,https://5c0956165db0b.streamlock.net/radio/lancelot.stream_aac/playlist.m3u8,,,,2026-03-05 09:25:04.816771+00,2026-03-05 09:25:04.816771+00,2026-03-11 14:56:56.460954+00
c5731e18-4819-4dbc-a32b-c31d8a0055ad,,Radio San Marino,0,https://graph.facebook.com/SanMarinoRTV/picture?width=200&height=200,https://d18ufyp3q60j7u.cloudfront.net/radio-ch01/radio-ch01/master.m3u8,,,,2026-03-05 09:25:06.615794+00,2026-03-05 09:25:06.615794+00,2026-03-11 14:56:56.460954+00
c5a7ad6e-b1f3-4f9b-8b30-79b330e42ecc,,Cadena Luna,0,https://graph.facebook.com/CadenaLunaRadio/picture?width=200&height=200,https://radio.almunecar360.com:8100/radio,,,,2026-03-05 09:25:04.377712+00,2026-03-05 09:25:04.377712+00,2026-03-11 14:56:56.460954+00
c5a7ca9a-0c2e-498d-83f0-0a296fb72e1f,,Ason FM,0,https://graph.facebook.com/asonfm/picture?width=200&height=200,http://ns100.emisionlocal.com:8064/live,,,,2026-03-05 09:25:05.022457+00,2026-03-05 09:25:05.022457+00,2026-03-11 14:56:56.460954+00
c5c86ae2-a1ba-44f6-8d46-0524d61b8823,,Loca FM Asturias,0,https://graph.facebook.com/LocaFmOficial/picture?width=200&height=200,https://server1.easystreaming.pro:8443/locafmasturias,,,,2026-03-05 09:25:06.511776+00,2026-03-05 09:25:06.511776+00,2026-03-11 14:56:56.460954+00
c5ef01ce-d69a-4339-9529-aa13b2a36c33,,Onda Guillena Radio,0,https://graph.facebook.com/onda.guillena/picture?width=200&height=200,https://srv6021.dns-lcinternet.com:10171/stream,,,,2026-03-05 09:25:04.377712+00,2026-03-05 09:25:04.377712+00,2026-03-11 14:56:56.460954+00
c5f758a8-b05d-40c8-b466-16ca5939e3ca,,COPE Badajoz,0,https://graph.facebook.com/COPE/picture?width=200&height=200,https://wecast-bl02.flumotion.com/copesedes/badajoz.mp3,,,,2026-03-05 09:25:06.073332+00,2026-03-05 09:25:06.073332+00,2026-03-11 14:56:56.460954+00
c6663579-61b5-4091-aa88-07a4cc097faa,,Ràdio Despí,0,https://graph.facebook.com/radiodespi/picture?width=200&height=200,https://streaming12.elitecomunicacion.es:8228/stream,,,,2026-03-05 09:25:05.542737+00,2026-03-05 09:25:05.542737+00,2026-03-11 14:56:56.460954+00
c68134e1-5d0e-4891-bbca-1c0c13e88f19,,Onda Cero Melilla,0,https://graph.facebook.com/ondacero/picture?width=200&height=200,http://radioserver4.profesionalhosting.com:8146/;.mp3,,,,2026-03-05 09:25:06.301894+00,2026-03-05 09:25:06.301894+00,2026-03-11 14:56:56.460954+00
c6824ce4-e2e5-43c7-a162-4e5f1ced7d37,,SER Lucena,0,https://graph.facebook.com/cadenaser/picture?width=200&height=200,https://playerservices.streamtheworld.com/api/livestream-redirect/SER_ASO_LUCENA.mp3,,,,2026-03-05 09:25:04.141561+00,2026-03-05 09:25:04.141561+00,2026-03-11 14:56:56.460954+00
c69fdf71-21a4-4772-b41e-095bbfdbbe38,,Chocolate FM,0,https://graph.facebook.com/ydimequetegusta/picture?width=200&height=200,https://streaming2.elitecomunicacion.es:8082/live.mp3,,,,2026-03-05 09:25:04.598001+00,2026-03-05 09:25:04.598001+00,2026-03-11 14:56:56.460954+00
c6efb953-71c3-498d-b52b-a4016b955eaa,,Loca FM Melodic House,0,https://graph.facebook.com/LocaFmOficial/picture?width=200&height=200,https://s2.we4stream.com/listen/loca_melodic_house/live,,,,2026-03-05 09:25:03.819453+00,2026-03-05 09:25:03.819453+00,2026-03-11 14:56:56.460954+00
c7070591-3439-4c27-b41c-f4d8f4427e1d,,Alzira Ràdio,0,https://graph.facebook.com/alziraradio/picture?width=200&height=200,https://alziraradiomob.streaming-pro.com:6172/alziraradio.mp3,,,,2026-03-05 09:25:05.928863+00,2026-03-05 09:25:05.928863+00,2026-03-11 14:56:56.460954+00
c747dc24-66c8-4bda-9237-bdb23c2cee8d,,COPE Pontevedra,0,https://graph.facebook.com/COPE/picture?width=200&height=200,https://wecast-bl02.flumotion.com/copesedes/pontevedra.mp3,,,,2026-03-05 09:25:06.19346+00,2026-03-05 09:25:06.19346+00,2026-03-11 14:56:56.460954+00
c78b25f3-3192-4f3d-88ae-22fffcc09eb4,,Onda Cero Monforte de Lemos,0,https://graph.facebook.com/ondacero/picture?width=200&height=200,https://atres-live.ondacero.es/live/delegaciones/oc/monforte/master.m3u8,,,,2026-03-05 09:25:06.19346+00,2026-03-05 09:25:06.19346+00,2026-03-11 14:56:56.460954+00
c89f160f-16ff-4cd3-a22e-4735cc7cb1df,,Onda Cero Marina Baixa,0,https://graph.facebook.com/ondacero/picture?width=200&height=200,https://atres-live.ondacero.es/live/delegaciones/oc/villajoyosa/master.m3u8,,,,2026-03-05 09:25:05.928863+00,2026-03-05 09:25:05.928863+00,2026-03-11 14:56:56.460954+00
c8e86f7f-790e-42eb-a390-d28bcbfeca48,,SER Extremadura,0.0,https://hciqxvfvohcaiaqqrvdq.supabase.co/storage/v1/object/public/station-logos/espana/SER%20Extremadura.png,https://playerservices.streamtheworld.com/api/livestream-redirect/SER_EXTREMADURA.mp3,,,,2026-03-11 10:47:59.440689+00,2026-03-11 10:47:59.440689+00,2026-03-11 14:56:56.460954+00
c91c0906-10d1-4d47-9877-80ad6f9e69eb,,SER Medina,0,https://graph.facebook.com/cadenaser/picture?width=200&height=200,https://playerservices.streamtheworld.com/api/livestream-redirect/SER_ASO_MEDINA.mp3,,,,2026-03-05 09:25:05.215377+00,2026-03-05 09:25:05.215377+00,2026-03-11 14:56:56.460954+00
c96d1c5a-8217-47ed-85e3-6cb53c0cd24c,,Ràdio Desvern,0,https://graph.facebook.com/radiodesvernoficial/picture?width=200&height=200,https://relay.stream.enacast-cloud.com:40001/radiodesvern128.mp3,,,,2026-03-05 09:25:05.542737+00,2026-03-05 09:25:05.542737+00,2026-03-11 14:56:56.460954+00
c9f7ffb4-e7c7-4316-8da4-27f7d036b716,,Radio Romanul,0,https://graph.facebook.com/RadioRomanul/picture?width=200&height=200,http://streaming.radioromanul.es:55556/web,,,,2026-03-05 09:25:05.648309+00,2026-03-05 09:25:05.648309+00,2026-03-11 14:56:56.460954+00
ca5077b3-1e0b-440e-b7f6-fe976bc8d7bf,,COPE Mallorca,0,https://graph.facebook.com/COPE/picture?width=200&height=200,https://wecast-bl02.flumotion.com/copesedes/mallorca.mp3,,,,2026-03-05 09:25:06.301894+00,2026-03-05 09:25:06.301894+00,2026-03-11 14:56:56.460954+00
cb054ee2-f687-41aa-95a1-c6fba91218a4,,Radio España,0,https://graph.facebook.com/radioespana.es/picture?width=200&height=200,https://stream.zeno.fm/ocinyyji4rntv,,,,2026-03-05 09:25:05.648309+00,2026-03-05 09:25:05.648309+00,2026-03-11 14:56:56.460954+00
cb1e5e52-e114-4ede-af47-2ced87c7a440,,SER Madrid,0,https://graph.facebook.com/cadenaser/picture?width=200&height=200,https://playerservices.streamtheworld.com/api/livestream-redirect/SER_MADRID.mp3,,,,2026-03-05 09:25:05.648309+00,2026-03-05 09:25:05.648309+00,2026-03-11 14:56:56.460954+00
cb642fb4-5f4d-4684-b0bc-3a25c27c007b,,SER Alcázar,0,https://graph.facebook.com/cadenaser/picture?width=200&height=200,https://playerservices.streamtheworld.com/api/livestream-redirect/SER_ALCAZAR.mp3,,,,2026-03-05 09:25:05.022457+00,2026-03-05 09:25:05.022457+00,2026-03-11 14:56:56.460954+00
cb7ccaae-fc8d-4769-9660-83ffee8dba19,,Onda Cero Ceuta,0,https://graph.facebook.com/ondacero/picture?width=200&height=200,https://atres-live.ondacero.es/live/delegaciones/oc/ceuta/master.m3u8,,,,2026-03-05 09:25:05.648309+00,2026-03-05 09:25:05.648309+00,2026-03-11 14:56:56.460954+00
cbeeedb1-6458-4406-a528-d0ba0e38f852,,Radio 5 Extremadura,0,https://pbs.twimg.com/profile_images/1405097207339028480/H7nP_7Ti_200x200.jpg,https://dispatcher.rndfnk.com/crtve/rne5/cce/mp3/high,,,,2026-03-05 09:25:06.073332+00,2026-03-05 09:25:06.073332+00,2026-03-11 14:56:56.460954+00
cc781857-9ac6-49f8-af0d-16e6a25e6d26,,COPE Guadix,0,https://graph.facebook.com/COPE/picture?width=200&height=200,https://wecast-bl02.flumotion.com/copesedes/guadix.mp3,,,,2026-03-05 09:25:04.141561+00,2026-03-05 09:25:04.141561+00,2026-03-11 14:56:56.460954+00
cca9052c-4b21-46fc-be34-6bcfb65fd9d9,,COPE Huesca,0,https://graph.facebook.com/COPE/picture?width=200&height=200,https://wecast-bl02.flumotion.com/copesedes/huesca.mp3,,,,2026-03-05 09:25:04.598001+00,2026-03-05 09:25:04.598001+00,2026-03-11 14:56:56.460954+00
ccb642f4-d6bd-498d-a546-dfdf81457c6d,,SAM Ibiza,0,https://graph.facebook.com/SAMibizaradio/picture?width=200&height=200,https://hls1.eu.peppermindmedia.com/samibiza/audio/playlist.m3u8,,,,2026-03-05 09:25:06.301894+00,2026-03-05 09:25:06.301894+00,2026-03-11 14:56:56.460954+00
ccbe7aec-9ecf-41ee-95d1-78180289acb3,,Rumba FM,0,https://graph.facebook.com/RumbaFMZaragoza/picture?width=200&height=200,https://securestream.radioshd.info/9348/stream/;mp3,,,,2026-03-05 09:25:04.598001+00,2026-03-05 09:25:04.598001+00,2026-03-11 14:56:56.460954+00
cd2b6a83-d301-4812-b71f-501fe65bcf7c,,Radio Intereconomía Murcia,0,https://graph.facebook.com/RadioIntereconomia/picture?width=200&height=200,https://eu1.lhdserver.es:9153/stream,,,,2026-03-05 09:25:06.511776+00,2026-03-05 09:25:06.511776+00,2026-03-11 14:56:56.460954+00
cdcfe5e2-8811-4838-96f1-cd5c8c7ae4c3,,Radio Marca Lanzarote,0,https://graph.facebook.com/RadioMarcaLanzarote/picture?width=200&height=200,https://5c0956165db0b.streamlock.net/radio/marca.stream_aac/playlist.m3u8,,,,2026-03-05 09:25:04.816771+00,2026-03-05 09:25:04.816771+00,2026-03-11 14:56:56.460954+00
cde1766e-dd03-457d-9191-db1f08e4b263,,AM Andorra,0,https://graph.facebook.com/rtva.andorra/picture?width=200&height=200,https://livesg.rtva.hiway.media/restreamer/rtva_client/gpu-g-c0-3/restreamer/outgest/0aeb53b3-9ec2-4f62-8b4d-e0d27ec8ec6e/manifest.m3u8,,,,2026-03-05 09:25:06.615794+00,2026-03-05 09:25:06.615794+00,2026-03-11 14:56:56.460954+00
ce17ae58-162a-42f5-8f0a-ab7329438690,,Onda Cero Vilanova,0,https://graph.facebook.com/ondacero/picture?width=200&height=200,https://atres-live.ondacero.es/live/delegaciones/oc/vilanova/master.m3u8,,,,2026-03-05 09:25:05.436262+00,2026-03-05 09:25:05.436262+00,2026-03-11 14:56:56.460954+00
ce7525bc-8f93-497a-8d33-2102bc8e11e4,,Power FM Valladolid,0,https://graph.facebook.com/PowerFmValladolid/picture?width=200&height=200,https://streaming.powerfmvalladolid.com:4430/stream,,,,2026-03-05 09:25:05.436262+00,2026-03-05 09:25:05.436262+00,2026-03-11 14:56:56.460954+00
ceb5f5a2-cdf0-48f1-8680-43cc654aa87d,,Onda Cieza,0,https://pbs.twimg.com/profile_images/654189936971771904/1y9jkZJ-_200x200.jpg,https://sonic.mediatelekom.net/8436/stream,,,,2026-03-05 09:25:06.511776+00,2026-03-05 09:25:06.511776+00,2026-03-11 14:56:56.460954+00
cf315fdb-ef73-4c6c-afee-b3fee8201a97,,Onda 40 Music,0,https://graph.facebook.com/onda40music/picture?width=200&height=200,https://radioonda40music.es:8000/radio.mp3,,,,2026-03-05 09:25:06.073332+00,2026-03-05 09:25:06.073332+00,2026-03-11 14:56:56.460954+00
cf4ea6c1-841a-4537-b0ac-acf123e646c5,,La Jungla Yecla,0,https://graph.facebook.com/lajunglaradioyecla/picture?width=200&height=200,https://streaming12.elitecomunicacion.es:8204/stream,,,,2026-03-05 09:25:06.615794+00,2026-03-05 09:25:06.615794+00,2026-03-11 14:56:56.460954+00
cfe71f66-5918-4bb8-89ba-372a7f7921de,,SER León,0,https://graph.facebook.com/cadenaser/picture?width=200&height=200,https://playerservices.streamtheworld.com/api/livestream-redirect/SER_ASO_LEON.mp3,,,,2026-03-05 09:25:05.215377+00,2026-03-05 09:25:05.215377+00,2026-03-11 14:56:56.460954+00
d03686de-4120-44b2-ab5c-0672aeed7bea,,Radio Espinosa Merindades,0,https://graph.facebook.com/radioespinosamerindades/picture?width=200&height=200,https://srv7021.dns-lcinternet.com/8072/stream,,,,2026-03-05 09:25:05.215377+00,2026-03-05 09:25:05.215377+00,2026-03-11 14:56:56.460954+00
d0c81e28-9472-455e-ae49-5e510a211533,,Real Betis Radio,0,https://graph.facebook.com/realbetisbalompie/picture?width=200&height=200,https://comcast01-h-cloud.flumotion.com/betistv/radio1.mp3,,,,2026-03-05 09:25:03.819453+00,2026-03-05 09:25:03.819453+00,2026-03-11 14:56:56.460954+00
d0ce55d4-ece9-4ed6-a2c8-53a3c0d9f2c7,,RFM Portugal,0,https://graph.facebook.com/rfmoficial/picture?width=200&height=200,https://playerservices.streamtheworld.com/api/livestream-redirect/RFM.mp3,,,,2026-03-05 09:25:06.615794+00,2026-03-05 09:25:06.615794+00,2026-03-11 14:56:56.460954+00
d0d8c0bd-ba47-4b70-a86e-ce70b5731540,,Radio Murta,0,https://static-media.streema.com/media/cache/c1/a3/c1a323d20e5cd83f4199fb3f23961f41.jpg,https://stream.recasound.es/proxy/radiomurta/stream,,,,2026-03-05 09:25:06.301894+00,2026-03-05 09:25:06.301894+00,2026-03-11 14:56:56.460954+00
d1acdc83-732a-46ed-84d8-77bd2f684f51,,Radio Nacional Castilla y León,0,https://graph.facebook.com/radionacionalrne/picture?width=200&height=200,https://dispatcher.rndfnk.com/crtve/rne1/cyl/mp3/high,,,,2026-03-05 09:25:05.215377+00,2026-03-05 09:25:05.215377+00,2026-03-11 14:56:56.460954+00
d25e2870-b6d6-4d58-89c5-2a8b3533926f,,Radio Esport Valencia,0,https://graph.facebook.com/radioesport914/picture?width=200&height=200,https://streaming.radioesport914.com:58000/stream,,,,2026-03-05 09:25:05.928863+00,2026-03-05 09:25:05.928863+00,2026-03-11 14:56:56.460954+00
d28a10d0-342b-45f5-8519-7c7451b25bff,,COPE Barcelona Miramar,0,https://graph.facebook.com/COPE/picture?width=200&height=200,https://wecast-bl02.flumotion.com/copesedes/barcelona.mp3,,,,2026-03-05 09:25:05.436262+00,2026-03-05 09:25:05.436262+00,2026-03-11 14:56:56.460954+00
d30cfbd2-a086-4940-94a6-acb2743a3c4a,,Onda Cero Valencia,0,https://graph.facebook.com/ondacero/picture?width=200&height=200,https://atres-live.ondacero.es/live/delegaciones/oc/valencia/master.m3u8,,,,2026-03-05 09:25:05.928863+00,2026-03-05 09:25:05.928863+00,2026-03-11 14:56:56.460954+00
d3741c21-9231-4710-a612-e227455245f4,,Radio Nacional Galicia,0,https://graph.facebook.com/radionacionalrne/picture?width=200&height=200,https://dispatcher.rndfnk.com/crtve/rne1/gal/mp3/high,,,,2026-03-05 09:25:06.19346+00,2026-03-05 09:25:06.19346+00,2026-03-11 14:56:56.460954+00
d393a19c-6c3e-449e-9930-aa992bc04d06,,MDT Radio Remember,0.0,https://graph.facebook.com/mdtradio/picture?width=200&height=200,https://streams1.mdtradio.com:8443/mdtweb,,,,2026-03-04 22:28:54.84657+00,2026-03-04 22:28:54.84657+00,2026-03-11 14:56:56.460954+00
d3b568ee-29e3-4dbd-8098-eae550956b45,,Canarias Radio,0,https://graph.facebook.com/LaRadioCanaria/picture?width=200&height=200,https://rtvc-radio.flumotion.com/rtvc-radio/radio1-high.mp3,,,,2026-03-05 09:25:04.816771+00,2026-03-05 09:25:04.816771+00,2026-03-11 14:56:56.460954+00
d3db16f8-48ae-4a5e-bf69-9351db59faaa,,Radio 5 Extremadura,0.0,https://hciqxvfvohcaiaqqrvdq.supabase.co/storage/v1/object/public/station-logos/espana/Radio%205%20Extremadura.png,https://dispatcher.rndfnk.com/crtve/rne5/cce/mp3/high,,,,2026-03-11 10:47:59.440689+00,2026-03-11 10:47:59.440689+00,2026-03-11 14:56:56.460954+00
d42d1e71-46c8-40bc-bbc9-4b968a23a225,,SER Jerez,0,https://graph.facebook.com/cadenaser/picture?width=200&height=200,https://playerservices.streamtheworld.com/api/livestream-redirect/SER_ASO_JEREZ.mp3,,,,2026-03-05 09:25:04.141561+00,2026-03-05 09:25:04.141561+00,2026-03-11 14:56:56.460954+00
d435a7e9-f323-43e3-86fd-e3e02d25fbdc,,Relax FM,0,https://pbs.twimg.com/profile_images/1629684463507570690/k6cWRSGU_200x200.jpg,https://playerservices.streamtheworld.com/api/livestream-redirect/RELAX_FM.mp3,,,,2026-03-05 09:25:05.928863+00,2026-03-05 09:25:05.928863+00,2026-03-11 14:56:56.460954+00
d4582d3d-8360-474a-a888-77b43e0562ca,,COPE Madrid,0,https://graph.facebook.com/COPE/picture?width=200&height=200,https://flucast09-h-cloud.flumotion.com/cope/madrid.mp3,,,,2026-03-05 09:25:05.648309+00,2026-03-05 09:25:05.648309+00,2026-03-11 14:56:56.460954+00
d46cc98f-b7fe-46d5-ab69-2ff619b4282c,,Radio Calamocha,0,https://graph.facebook.com/radiocalamocha/picture?width=200&height=200,https://directo.radiocalamocha.es:1443/radiocalamocha.mp3,,,,2026-03-05 09:25:04.598001+00,2026-03-05 09:25:04.598001+00,2026-03-11 14:56:56.460954+00
d4a4352d-09ec-43fb-8256-3a49ddd1b5ca,,COPE Oviedo,0,https://graph.facebook.com/COPE/picture?width=200&height=200,https://wecast-bl02.flumotion.com/copesedes/asturias.mp3,,,,2026-03-05 09:25:06.511776+00,2026-03-05 09:25:06.511776+00,2026-03-11 14:56:56.460954+00
d4d04579-ac5f-4854-9291-a6f5143e41f6,,SER Mérida,0,https://graph.facebook.com/cadenaser/picture?width=200&height=200,https://playerservices.streamtheworld.com/api/livestream-redirect/SER_MERIDA.mp3,,,,2026-03-05 09:25:06.073332+00,2026-03-05 09:25:06.073332+00,2026-03-11 14:56:56.460954+00
d4dbaa19-519b-4ef3-97af-9e07b742fa34,,COPE Avilés,0,https://graph.facebook.com/COPE/picture?width=200&height=200,https://wecast-bl02.flumotion.com/copesedes/aviles.mp3,,,,2026-03-05 09:25:06.405237+00,2026-03-05 09:25:06.405237+00,2026-03-11 14:56:56.460954+00
d4f8ceb8-df8b-4b3f-a03e-0b3859059a86,,Gran Via Radio,0,https://graph.facebook.com/1397103013646307/picture?width=200&height=200,https://servidor14-3.brlogic.com:7066/live,,,,2026-03-05 09:25:05.542737+00,2026-03-05 09:25:05.542737+00,2026-03-11 14:56:56.460954+00
d5096bfa-7793-4c9f-9498-4a70741ba4e9,,Costa FM Alicante,0,https://graph.facebook.com/costafm/picture?width=200&height=200,https://stream.costafm.es/listen/costafm/radio.mp3,,,,2026-03-05 09:25:06.073332+00,2026-03-05 09:25:06.073332+00,2026-03-11 14:56:56.460954+00
d5d0381e-ebc3-4895-91ec-f6974507f379,,COPE Albacete,0,https://graph.facebook.com/COPE/picture?width=200&height=200,https://wecast-bl02.flumotion.com/copesedes/albacete.mp3,,,,2026-03-05 09:25:05.022457+00,2026-03-05 09:25:05.022457+00,2026-03-11 14:56:56.460954+00
d5f990a0-bb55-4557-a0f7-aa1056551d71,,Radio 5 Castilla-La Mancha,0,https://pbs.twimg.com/profile_images/1405097207339028480/H7nP_7Ti_200x200.jpg,https://dispatcher.rndfnk.com/crtve/rne5/tol/mp3/high,,,,2026-03-05 09:25:05.022457+00,2026-03-05 09:25:05.022457+00,2026-03-11 14:56:56.460954+00
d6124dab-16ff-4e41-b58a-e91c48e029fe,,Radio Galega,0.0,https://graph.facebook.com/aradiogalega/picture?width=200&height=200,https://crtvg-radiogalega-hls.flumotion.cloud/playlist.m3u8,,,,2026-03-04 22:28:54.84657+00,2026-03-04 22:28:54.84657+00,2026-03-11 14:56:56.460954+00
d624da34-b4a1-4eae-8ff8-00b2f3c79ae3,,Onda Madrid,0.0,https://graph.facebook.com/ondamadridradio/picture?width=200&height=200,https://live.telemadrid.cross-media.es/6389769037112/eu-central-1/6416060453001/eyJhbGciOiJIUzI1NiIsInR5cCI6IkpXVCJ9.eyJob3N0IjoiajI5YjgyLmVncmVzcy5haGc3NmwiLCJhY2NvdW50X2lkIjoiNjQxNjA2MDQ1MzAwMSIsImVobiI6ImxpdmUudGVsZW1hZHJpZC5jcm9zcy1tZWRpYS5lcyIsImlzcyI6ImJsaXZlLXBsYXliYWNrLXNvdXJjZS1hcGkiLCJzdWIiOiJwYXRobWFwdG9rZW4iLCJhdWQiOlsiNjQxNjA2MDQ1MzAwMSJdLCJqdGkiOiI2Mzg5NzY5MDM3MTEyIn0.mSEPQICNIKBAWWzolDpDk6cERGe7k93rkqQunSc6cG4/playlist-hls.m3u8,,,,2026-03-04 22:28:54.84657+00,2026-03-04 22:28:54.84657+00,2026-03-11 14:56:56.460954+00
d628c0d5-0887-438e-8a55-d6757391b347,,Radio Marca Sevilla,0,https://graph.facebook.com/RadioMARCA/picture?width=200&height=200,https://playerservices.streamtheworld.com/api/livestream-redirect/RADIOMARCA_SEVILLA.mp3,,,,2026-03-05 09:25:03.819453+00,2026-03-05 09:25:03.819453+00,2026-03-11 14:56:56.460954+00
d62e31fd-9df3-41ac-8917-aa93fe6bc732,,SER La Vall d'Uixó,0,https://graph.facebook.com/cadenaser/picture?width=200&height=200,https://playerservices.streamtheworld.com/api/livestream-redirect/SER_ASO_VALLDUIXO.mp3,,,,2026-03-05 09:25:05.797436+00,2026-03-05 09:25:05.797436+00,2026-03-11 14:56:56.460954+00
d6a0b427-c73c-4793-90f4-79a79435c2ce,,Ke Buena FM México,0,https://graph.facebook.com/kebuenamx/picture?width=200&height=200,https://playerservices.streamtheworld.com/api/livestream-redirect/KEBUENA.mp3,,,,2026-03-05 09:25:06.615794+00,2026-03-05 09:25:06.615794+00,2026-03-11 14:56:56.460954+00
d6e49b72-0cf0-40c0-9409-a11a81300449,,Gaztea,0,https://graph.facebook.com/gaztea/picture?width=200&height=200,https://multimedia.eitb.eus/live-content/gaztea-hls/master.m3u8,,,,2026-03-05 09:25:06.405237+00,2026-03-05 09:25:06.405237+00,2026-03-11 14:56:56.460954+00
d790f2d1-56e8-4118-b56a-36d0ba75e5a9,,SER Toledo,0,https://graph.facebook.com/cadenaser/picture?width=200&height=200,https://playerservices.streamtheworld.com/api/livestream-redirect/SER_TOLEDO.mp3,,,,2026-03-05 09:25:05.022457+00,2026-03-05 09:25:05.022457+00,2026-03-11 14:56:56.460954+00
d7c6ddde-40ef-452c-bbaf-e376cc42da28,,SER Azul,0,https://graph.facebook.com/cadenaser/picture?width=200&height=200,https://playerservices.streamtheworld.com/api/livestream-redirect/SER_ASO_AZUL.mp3,,,,2026-03-05 09:25:05.022457+00,2026-03-05 09:25:05.022457+00,2026-03-11 14:56:56.460954+00
d7c9d2be-c17d-4d71-b3c1-7f14ed444426,,Guateque FM,0,https://play-lh.googleusercontent.com/29cOsGnQ8A3a-FJ1EkqBDVrMCIMWcQBORIWcmygreM9fNjU5C3Pci0CNDYDrv1NPPPD1=w200-h200,https://eu1.lhdserver.es:3219/stream,,,,2026-03-05 09:25:06.511776+00,2026-03-05 09:25:06.511776+00,2026-03-11 14:56:56.460954+00
d7d06acd-7ba3-477f-9631-624e414eaef7,,Canal Sur Radio Córdoba,0,https://graph.facebook.com/canalsurcordoba/picture?width=200&height=200,https://rtva-live-radio.flumotion.com/rtva/csrcor.mp3,,,,2026-03-05 09:25:03.819453+00,2026-03-05 09:25:03.819453+00,2026-03-11 14:56:56.460954+00
d7efb254-96bf-4dd9-a7f3-e9d66c1ed1cf,,COPE San Sebastián,0,https://graph.facebook.com/COPE/picture?width=200&height=200,https://wecast-bl02.flumotion.com/copesedes/ssebastian.mp3,,,,2026-03-05 09:25:06.405237+00,2026-03-05 09:25:06.405237+00,2026-03-11 14:56:56.460954+00
d80712de-b9a4-4f83-9ee8-cd3f0e9e3e98,,Vive! Radio,0,https://graph.facebook.com/158974217473244/picture?width=200&height=200,https://streaming.viveradio.es/viveburgos,,,,2026-03-05 09:25:05.436262+00,2026-03-05 09:25:05.436262+00,2026-03-11 14:56:56.460954+00
d86971d1-1566-4835-ac0e-f9f8faa70b4c,,Europa FM Sevilla,0,https://graph.facebook.com/tueuropafm/picture?width=200&height=200,https://atres-live.europafm.com/live/delegaciones/efm/sevilla/master.m3u8,,,,2026-03-05 09:25:04.377712+00,2026-03-05 09:25:04.377712+00,2026-03-11 14:56:56.460954+00
d8792a15-543b-4ca5-826d-cbab234e32ec,,esRadio Soria,0,https://graph.facebook.com/esradio/picture?width=200&height=200,https://srv6021.dns-lcinternet.com:10256/stream,,,,2026-03-05 09:25:05.215377+00,2026-03-05 09:25:05.215377+00,2026-03-11 14:56:56.460954+00
d87f2cfe-9053-4466-8f60-8f3bd4eb5325,,Imagina Ràdio,0,https://graph.facebook.com/ImaginaRadio103/picture?width=200&height=200,https://relay.stream.enacast-cloud.com:30286/imaginaradioHD.mp3,,,,2026-03-05 09:25:05.542737+00,2026-03-05 09:25:05.542737+00,2026-03-11 14:56:56.460954+00
d89adb3c-b0bf-45bd-ab2d-ba7387cff74f,,Onda Cero Huelva,0,https://graph.facebook.com/ondacero/picture?width=200&height=200,https://atres-live.ondacero.es/live/delegaciones/oc/huelva/master.m3u8,,,,2026-03-05 09:25:04.141561+00,2026-03-05 09:25:04.141561+00,2026-03-11 14:56:56.460954+00
d9432c7b-4cd9-432f-9782-eed6831b6c6b,,Radio Marca Zaragoza,0,https://graph.facebook.com/RadioMARCA/picture?width=200&height=200,https://c6.auracast.net/radio/8020/rmzgz,,,,2026-03-05 09:25:04.598001+00,2026-03-05 09:25:04.598001+00,2026-03-11 14:56:56.460954+00
d97cd458-4595-4c38-98f6-89bca2025a0b,,SER Soria,0,https://graph.facebook.com/cadenaser/picture?width=200&height=200,https://playerservices.streamtheworld.com/api/livestream-redirect/SER_SORIA.mp3,,,,2026-03-05 09:25:05.215377+00,2026-03-05 09:25:05.215377+00,2026-03-11 14:56:56.460954+00
d9d55601-1f5c-40ea-9b5d-e9239a6c6613,,Play Radio Valencia,0,https://graph.facebook.com/Playradiovalencia/picture?width=200&height=200,https://radio1.serviciosderadio.com/listen/playradio/web.mp3,,,,2026-03-05 09:25:05.928863+00,2026-03-05 09:25:05.928863+00,2026-03-11 14:56:56.460954+00
da23a2a1-fab8-4107-a8cc-270b395e1011,,SER Girona,0,https://graph.facebook.com/cadenaser/picture?width=200&height=200,https://playerservices.streamtheworld.com/api/livestream-redirect/SER_GIRONA.mp3,,,,2026-03-05 09:25:05.436262+00,2026-03-05 09:25:05.436262+00,2026-03-11 14:56:56.460954+00
daeb67d5-7c64-4097-b08e-be6a1f31166d,,Gozadera FM,0,https://graph.facebook.com/GozaderaSpain/picture?width=200&height=200,https://azura.abcorp.es/radio/8030/live,,,,2026-03-05 09:25:04.377712+00,2026-03-05 09:25:04.377712+00,2026-03-11 14:56:56.460954+00
db39df80-36ab-4c97-b69d-25a93808a8ae,,COPE Yecla,0,https://graph.facebook.com/COPE/picture?width=200&height=200,https://eu1.lhdserver.es:9169/stream,,,,2026-03-05 09:25:06.511776+00,2026-03-05 09:25:06.511776+00,2026-03-11 14:56:56.460954+00
db96e43f-53cb-487d-9936-5cb882bcb138,,COPE Salamanca,0,https://graph.facebook.com/COPE/picture?width=200&height=200,https://wecast-bl02.flumotion.com/copesedes/salamanca.mp3,,,,2026-03-05 09:25:05.215377+00,2026-03-05 09:25:05.215377+00,2026-03-11 14:56:56.460954+00
db9d67f3-f84b-4195-8230-675e38fd3021,,SOL FM Radio,0,https://graph.facebook.com/solfmradio/picture?width=200&height=200,https://eu1.lhdserver.es:9135/stream,,,,2026-03-05 09:25:06.073332+00,2026-03-05 09:25:06.073332+00,2026-03-11 14:56:56.460954+00
dc028dea-7fba-4ae6-82a8-56bde6741304,,SER Vigo,0,https://graph.facebook.com/cadenaser/picture?width=200&height=200,https://playerservices.streamtheworld.com/api/livestream-redirect/SER_ASO_VIGO.mp3,,,,2026-03-05 09:25:06.19346+00,2026-03-05 09:25:06.19346+00,2026-03-11 14:56:56.460954+00
dc1dd32f-3887-4aca-9aac-c1e56b801724,,Élite Love,0,https://graph.facebook.com/cadena.elitegranada/picture?width=200&height=200,https://streaming2.elitecomunicacion.es/proxy/elitelove/stream,,,,2026-03-05 09:25:03.819453+00,2026-03-05 09:25:03.819453+00,2026-03-11 14:56:56.460954+00
dc1de6bf-bb59-4029-8408-c04bac148191,,Canal Sur Radio Almería,0,https://graph.facebook.com/canalsuralmeria/picture?width=200&height=200,https://rtva-live-radio.flumotion.com/rtva/csralm.mp3,,,,2026-03-05 09:25:03.819453+00,2026-03-05 09:25:03.819453+00,2026-03-11 14:56:56.460954+00
dc2193fe-1344-4659-82bb-9ba433e6e2b6,,SER Salamanca,0,https://graph.facebook.com/cadenaser/picture?width=200&height=200,https://playerservices.streamtheworld.com/api/livestream-redirect/SER_SALAMANCA.mp3,,,,2026-03-05 09:25:05.215377+00,2026-03-05 09:25:05.215377+00,2026-03-11 14:56:56.460954+00
dc496643-7ecc-4cb1-8cba-8c720f9a968a,,Radio Fene,0,https://graph.facebook.com/Radiofene/picture?width=200&height=200,https://srv7031.dns-lcinternet.com/8086/stream,,,,2026-03-05 09:25:06.19346+00,2026-03-05 09:25:06.19346+00,2026-03-11 14:56:56.460954+00
dc84379c-4321-46d3-807d-8a513a950a0f,,Canal Sevilla Visión,0,https://graph.facebook.com/canalsevillavision/picture?width=200&height=200,https://sevillavision.radioca.st/stream,,,,2026-03-05 09:25:04.598001+00,2026-03-05 09:25:04.598001+00,2026-03-11 14:56:56.460954+00
dcb55475-e031-49be-9e1f-136abc99c44d,,Onda Cero Oviedo,0,https://graph.facebook.com/ondacero/picture?width=200&height=200,https://atres-live.ondacero.es/live/delegaciones/oc/oviedo/master.m3u8,,,,2026-03-05 09:25:06.511776+00,2026-03-05 09:25:06.511776+00,2026-03-11 14:56:56.460954+00
dccc27c1-4580-4910-9a10-bb43a37b1e53,,Top Radio,0,https://graph.facebook.com/topradioes/picture?width=200&height=200,https://mdstrm.com/audio/66ec3c9fabba24a0a2e59de8/live.m3u8,,,,2026-03-05 09:25:05.648309+00,2026-03-05 09:25:05.648309+00,2026-03-11 14:56:56.460954+00
dd161019-ec70-4aa1-9006-b748940357af,,Loca FM Drum&Bass,0,https://graph.facebook.com/LocaFmOficial/picture?width=200&height=200,https://s2.we4stream.com/listen/loca_drum__bass/live,,,,2026-03-05 09:25:03.819453+00,2026-03-05 09:25:03.819453+00,2026-03-11 14:56:56.460954+00
dde0d48a-1f66-4b7a-983b-24fc0898d57d,,Granada FM,0,https://pbs.twimg.com/profile_images/1572284910198722561/2BQxFxMX_200x200.jpg,https://streaming2.elitecomunicacion.es:8028/stream,,,,2026-03-05 09:25:04.598001+00,2026-03-05 09:25:04.598001+00,2026-03-11 14:56:56.460954+00
ddf7d428-4587-4f39-bba3-06a9c761090b,,esRadio Almería,0,https://pbs.twimg.com/profile_images/643394226580029440/rQU2yyFO_200x200.jpg,https://streaming.indalteco.net/proxy/esradioalmeria?mp=/stream,,,,2026-03-05 09:25:04.141561+00,2026-03-05 09:25:04.141561+00,2026-03-11 14:56:56.460954+00
ddfee565-d6a1-4887-b0ba-d01e01c8c506,,SER Luna,0,https://graph.facebook.com/cadenaser/picture?width=200&height=200,https://playerservices.streamtheworld.com/api/livestream-redirect/SER_ASO_LUNA.mp3,,,,2026-03-05 09:25:04.141561+00,2026-03-05 09:25:04.141561+00,2026-03-11 14:56:56.460954+00
de2353d5-6e8c-4b36-bbb5-0c46a4c03a49,,SER Lleida,0,https://graph.facebook.com/cadenaser/picture?width=200&height=200,https://playerservices.streamtheworld.com/api/livestream-redirect/SER_LLEIDA.mp3,,,,2026-03-05 09:25:05.436262+00,2026-03-05 09:25:05.436262+00,2026-03-11 14:56:56.460954+00
de99fc06-230c-45bb-9ad5-aa4d1e064293,,Radio QK,0,https://graph.facebook.com/radioqkRadioLibre/picture?width=200&height=200,http://212.231.231.169:8000/radioqk_master.mp3,,,,2026-03-05 09:25:06.511776+00,2026-03-05 09:25:06.511776+00,2026-03-11 14:56:56.460954+00
ded23e8e-5f24-4479-ad95-0665d31f9813,,SER Andújar,0.0,https://graph.facebook.com/cadenaser/picture?width=200&height=200,https://playerservices.streamtheworld.com/api/livestream-redirect/SER_ASO_ANDUJAR.mp3,,,,2026-03-04 22:29:55.012933+00,2026-03-04 22:29:55.012933+00,2026-03-11 14:56:56.460954+00
df3167e5-ba09-4e91-a071-5f2bfc474991,,COPE El Ejido,0,https://graph.facebook.com/COPE/picture?width=200&height=200,https://wecast-bl02.flumotion.com/copesedes/ejido.mp3,,,,2026-03-05 09:25:04.141561+00,2026-03-05 09:25:04.141561+00,2026-03-11 14:56:56.460954+00
df34f2d7-6428-4700-900e-93f3d8d8abcf,,Onda Cero Granada,0,https://graph.facebook.com/ondacero/picture?width=200&height=200,https://atres-live.ondacero.es/live/delegaciones/oc/granada/master.m3u8,,,,2026-03-05 09:25:04.141561+00,2026-03-05 09:25:04.141561+00,2026-03-11 14:56:56.460954+00
df532e9c-40d6-4173-a7cc-2a13f7cbaaa6,,SER Mallorca,0,https://graph.facebook.com/cadenaser/picture?width=200&height=200,https://playerservices.streamtheworld.com/api/livestream-redirect/SER_MALLORCA.mp3,,,,2026-03-05 09:25:06.301894+00,2026-03-05 09:25:06.301894+00,2026-03-11 14:56:56.460954+00
df6c2d15-30c8-4068-8c98-3416ae736209,,Onda Vallekana,0,https://pbs.twimg.com/profile_images/1447528417654710279/IlV_01hC_200x200.jpg,https://sonic.sistemahost.es/8152/;,,,,2026-03-05 09:25:05.797436+00,2026-03-05 09:25:05.797436+00,2026-03-11 14:56:56.460954+00
df9ae7c1-9573-49a4-b0ce-bccd0b0a5c26,,iCat,0,https://upload.wikimedia.org/wikipedia/commons/thumb/d/d3/ICat.cat.svg/241px-ICat.cat.svg.png,https://directes-radio-int.3catdirectes.cat/live-content/icat-hls/master.m3u8,,,,2026-03-05 09:25:05.436262+00,2026-03-05 09:25:05.436262+00,2026-03-11 14:56:56.460954+00
dfea1a08-3878-4c4d-a334-7032559fb4e6,,Loca FM Industrial,0,https://graph.facebook.com/LocaFmOficial/picture?width=200&height=200,https://s2.we4stream.com/listen/loca_industrial/live,,,,2026-03-05 09:25:03.819453+00,2026-03-05 09:25:03.819453+00,2026-03-11 14:56:56.460954+00
e0317fc9-a75e-48d5-aac0-9aeab8a52984,,SER Guadalajara,0,https://graph.facebook.com/cadenaser/picture?width=200&height=200,https://playerservices.streamtheworld.com/api/livestream-redirect/SER_GUADALAJARA.mp3,,,,2026-03-05 09:25:05.022457+00,2026-03-05 09:25:05.022457+00,2026-03-11 14:56:56.460954+00
e0993170-e7bf-4b78-a8d0-f39268732af8,,Babyradio Cuentos Infantiles,0,https://yt3.googleusercontent.com/ytc/AIdro_k2PqG2pKYF9_qLh_ut69Z0MtU-jXsRvezCZQtbjivJsX8=s200,https://srv6022.dns-lcinternet.com:8049/stream,,,,2026-03-05 09:25:03.819453+00,2026-03-05 09:25:03.819453+00,2026-03-11 14:56:56.460954+00
e09ba0ac-faa5-4ccb-b6b4-bd9474368ead,,Radio Mai,0,https://graph.facebook.com/radiomai/picture?width=200&height=200,http://radio.indaloweb.es:8001/live,,,,2026-03-05 09:25:04.816771+00,2026-03-05 09:25:04.816771+00,2026-03-11 14:56:56.460954+00
e0cec503-2523-4f52-b109-ae714cd03c34,,Pure Ibiza Radio,0,https://graph.facebook.com/pureradio/picture?width=200&height=200,https://pureibizaradio.streaming-pro.com:8028/stream.mp3,,,,2026-03-05 09:25:06.301894+00,2026-03-05 09:25:06.301894+00,2026-03-11 14:56:56.460954+00
e0eb8de6-0842-4e38-88a8-2b62287bfc7a,,Onda Cero Vitoria,0,https://graph.facebook.com/ondacero/picture?width=200&height=200,https://atres-live.ondacero.es/live/delegaciones/oc/vitoria/master.m3u8,,,,2026-03-05 09:25:06.405237+00,2026-03-05 09:25:06.405237+00,2026-03-11 14:56:56.460954+00
e12cbb43-45f9-4fb0-a7e7-eb257432138a,,SER Motril,0,https://graph.facebook.com/cadenaser/picture?width=200&height=200,https://playerservices.streamtheworld.com/api/livestream-redirect/SER_ASO_MOTRIL.mp3,,,,2026-03-05 09:25:04.141561+00,2026-03-05 09:25:04.141561+00,2026-03-11 14:56:56.460954+00
e157742b-e641-459f-9b2c-27c78d59f221,,Radio Nacional Catalunya,0,https://graph.facebook.com/radionacionalrne/picture?width=200&height=200,https://dispatcher.rndfnk.com/crtve/rne1/cat/mp3/high,,,,2026-03-05 09:25:05.436262+00,2026-03-05 09:25:05.436262+00,2026-03-11 14:56:56.460954+00
e1799b64-9241-4aa3-b69a-0fb3c6b99588,,Radio María,0,https://graph.facebook.com/RadioMariaSpa/picture?width=200&height=200,https://dreamsiteradiocp4.com/proxy/rmspain1?mp=/stream/1/;.mp3,,,,2026-03-04 22:28:54.84657+00,2026-03-04 22:28:54.84657+00,2026-03-11 14:56:56.460954+00
e1da7e6d-3aba-4c64-8577-dbfd3fae6958,,Radio Nacional Aragón,0,https://graph.facebook.com/radionacionalrne/picture?width=200&height=200,https://dispatcher.rndfnk.com/crtve/rne1/ara/mp3/high,,,,2026-03-05 09:25:04.598001+00,2026-03-05 09:25:04.598001+00,2026-03-11 14:56:56.460954+00
e1eb39e9-7903-4881-b6ec-2f268255cc5f,,Gold FM,0,https://media.emisorasmusicales.net/wp-content/uploads/2020/03/17111707/gold-1000x1000_Mesa-de-trabajo-1-200x200.png,https://stream.emisorasmusicales.net/radio/8050/goldfm.mp3,,,,2026-03-05 09:25:05.928863+00,2026-03-05 09:25:05.928863+00,2026-03-11 14:56:56.460954+00
e22da9b5-4053-4600-918a-a846e41e4403,,COPE Ferrol,0,https://graph.facebook.com/COPE/picture?width=200&height=200,https://wecast-bl02.flumotion.com/copesedes/ferrol.mp3,,,,2026-03-05 09:25:06.19346+00,2026-03-05 09:25:06.19346+00,2026-03-11 14:56:56.460954+00
e29441e7-057b-4ffd-a65d-302670b02485,,Radio Mogán,0,https://graph.facebook.com/AyuntamientodeMogan/picture?width=200&height=200,https://streaming2.elitecomunicacion.es:8100/stream,,,,2026-03-05 09:25:04.816771+00,2026-03-05 09:25:04.816771+00,2026-03-11 14:56:56.460954+00
e30e0b38-bd53-4f45-ae13-03c09bacd839,,Onda Cero Mérida,0,https://graph.facebook.com/ondacero/picture?width=200&height=200,https://atres-live.ondacero.es/live/delegaciones/oc/merida/master.m3u8,,,,2026-03-05 09:25:06.073332+00,2026-03-05 09:25:06.073332+00,2026-03-11 14:56:56.460954+00
e31a00f0-95f4-4574-9624-621c3e2ab082,,LOS40 Zaragoza,0,https://graph.facebook.com/los40/picture?width=200&height=200,https://playerservices.streamtheworld.com/api/livestream-redirect/LOS40_ZARAGOZA.mp3,,,,2026-03-05 09:25:04.598001+00,2026-03-05 09:25:04.598001+00,2026-03-11 14:56:56.460954+00
e3848ff2-dd77-4201-a3d1-50b0a43088e7,,COPE Valladolid,0,https://graph.facebook.com/COPE/picture?width=200&height=200,https://wecast-bl02.flumotion.com/copesedes/valladolid.mp3,,,,2026-03-05 09:25:05.215377+00,2026-03-05 09:25:05.215377+00,2026-03-11 14:56:56.460954+00
e386a287-a20d-49d3-ac01-dced8d0e6e23,,Onda Cero Jaén,0,https://graph.facebook.com/OndaCeroJaenOficial/picture?width=200&height=200,https://atres-live.ondacero.es/live/delegaciones/oc/jaen/master.m3u8,,,,2026-03-05 09:25:04.141561+00,2026-03-05 09:25:04.141561+00,2026-03-11 14:56:56.460954+00
e39ed046-b029-42eb-87c4-e4c23f085996,,Radio Guiniguada,0,https://graph.facebook.com/radioguiniguada/picture?width=200&height=200,https://streamtotal.net/proxy/guiniguada/;.mp3,,,,2026-03-05 09:25:04.816771+00,2026-03-05 09:25:04.816771+00,2026-03-11 14:56:56.460954+00
e3ab4e50-83c5-4b4f-86e4-526ea4454eae,,Radio Nacional Melilla,0,https://graph.facebook.com/radionacionalrne/picture?width=200&height=200,https://rnelivestream.rtve.es/rne1/mel/master.m3u8,,,,2026-03-05 09:25:06.301894+00,2026-03-05 09:25:06.301894+00,2026-03-11 14:56:56.460954+00
e3ff67ab-17a9-4ba2-bf04-364e579fdb1d,,Onda Cero Tarragona,0,https://graph.facebook.com/ondacero/picture?width=200&height=200,https://atres-live.ondacero.es/live/delegaciones/oc/tarragona/master.m3u8,,,,2026-03-05 09:25:05.436262+00,2026-03-05 09:25:05.436262+00,2026-03-11 14:56:56.460954+00
e40cb38b-6a17-4e3d-a1e3-34f83affbaa0,,SER Málaga,0,https://graph.facebook.com/cadenaser/picture?width=200&height=200,https://playerservices.streamtheworld.com/api/livestream-redirect/SER_MALAGA.mp3,,,,2026-03-05 09:25:04.141561+00,2026-03-05 09:25:04.141561+00,2026-03-11 14:56:56.460954+00
e41297b2-553e-464a-ad33-c0e85f471643,,Radiogolex,0,https://graph.facebook.com/Radiogolex/picture?width=200&height=200,https://streaming12.elitecomunicacion.es:8218/stream,,,,2026-03-05 09:25:06.19346+00,2026-03-05 09:25:06.19346+00,2026-03-11 14:56:56.460954+00
e45f5885-e499-42fe-80aa-29b41f9ead5b,,Radio Picariña,0,https://graph.facebook.com/aradiogalega/picture?width=200&height=200,https://crtvg-picarina-schlive.flumotion.cloud/crtvglive/smil:channel11PRG.smil/playlist.m3u8,,,,2026-03-05 09:25:06.19346+00,2026-03-05 09:25:06.19346+00,2026-03-11 14:56:56.460954+00
e48a4f30-245c-4693-9bf6-5dfc63b70138,,Onda Cero El Ejido,0,https://graph.facebook.com/ondacero/picture?width=200&height=200,https://atres-live.ondacero.es/live/delegaciones/oc/elejido/master.m3u8,,,,2026-03-05 09:25:04.141561+00,2026-03-05 09:25:04.141561+00,2026-03-11 14:56:56.460954+00
e48eb8c9-ad43-4264-b16d-6e17ea93e9a7,,Cadena Dial Almería,0,https://graph.facebook.com/cadenadial/picture?width=200&height=200,https://streaming.indalteco.net/proxy/dial?mp=/dial.mp3,,,,2026-03-05 09:25:04.377712+00,2026-03-05 09:25:04.377712+00,2026-03-11 14:56:56.460954+00
e4bc1403-40d1-4db8-93b1-62a97c5efc05,,MIX FM Radio,0,https://yt3.ggpht.com/ytc/AKedOLQaktY1_Rv_MrWTve_Lj8JyaB9EektpPVByC6G0=s200-c-k-c0x00ffffff-no-rj,https://server10.emitironline.com:8064/stream,,,,2026-03-05 09:25:04.816771+00,2026-03-05 09:25:04.816771+00,2026-03-11 14:56:56.460954+00
e55a0afc-ff4b-4347-b29e-4b0e16962c6b,,Onda Cero Guadalajara,0,https://graph.facebook.com/ondacero/picture?width=200&height=200,https://atres-live.ondacero.es/live/delegaciones/oc/guadalajara/master.m3u8,,,,2026-03-05 09:25:05.022457+00,2026-03-05 09:25:05.022457+00,2026-03-11 14:56:56.460954+00
e5757864-4fb6-4d23-8f11-1e7525ade535,,Onda Cero Santiago,0,https://graph.facebook.com/ondacero/picture?width=200&height=200,https://atres-live.ondacero.es/live/delegaciones/oc/santiago/master.m3u8,,,,2026-03-05 09:25:06.19346+00,2026-03-05 09:25:06.19346+00,2026-03-11 14:56:56.460954+00
e57af350-909f-42f1-b0c4-2b3dac5fa7d1,,Radio Popular - Herri Irratia,0,https://graph.facebook.com/herriirratia/picture?width=200&height=200,https://stream.mediasector.es/listen/radio_popular/radiopopular.mp3,,,,2026-03-05 09:25:06.405237+00,2026-03-05 09:25:06.405237+00,2026-03-11 14:56:56.460954+00
e58833c3-ea47-4115-b2e6-193591655725,,Radio Mijas,0,https://graph.facebook.com/RadioMijas/picture?width=200&height=200,https://s9.voscast.com:9691/stream,,,,2026-03-05 09:25:04.598001+00,2026-03-05 09:25:04.598001+00,2026-03-11 14:56:56.460954+00
e5b393e1-6a51-446e-b106-c26ee38fdd29,,Canal Sur Radio Jerez,0,https://graph.facebook.com/canalsurradioytv/picture?width=200&height=200,https://rtva-live-radio.flumotion.com/rtva/csrjer.mp3,,,,2026-03-05 09:25:03.819453+00,2026-03-05 09:25:03.819453+00,2026-03-11 14:56:56.460954+00
e6166002-fb67-4dfc-a3bb-5ac10f078c66,,COPE Guadalajara,0,https://graph.facebook.com/COPE/picture?width=200&height=200,https://wecast-bl02.flumotion.com/copesedes/guadalajara.mp3,,,,2026-03-05 09:25:05.022457+00,2026-03-05 09:25:05.022457+00,2026-03-11 14:56:56.460954+00
e61cb8e8-ab18-45b0-974f-4b3711259ae5,,Europa FM Logroño,0,https://graph.facebook.com/tueuropafm/picture?width=200&height=200,https://atres-live.europafm.com/live/delegaciones/efm/logrono/master.m3u8,,,,2026-03-05 09:25:06.301894+00,2026-03-05 09:25:06.301894+00,2026-03-11 14:56:56.460954+00
e6573cf9-a05c-4351-8ad4-558ca60c8647,,SER Norte de Extremadura,0,https://graph.facebook.com/cadenaser/picture?width=200&height=200,https://playerservices.streamtheworld.com/api/livestream-redirect/SER_NORTE_EXTREMADURA.mp3,,,,2026-03-05 09:25:06.073332+00,2026-03-05 09:25:06.073332+00,2026-03-11 14:56:56.460954+00
e6a3b2c9-9b43-4649-b797-f611eef9be83,,Ibiza Sonica Radio,0,https://graph.facebook.com/ibizasonicaradio/picture?width=200&height=200,https://n0b.radiojar.com/st0wc9kut72vv,,,,2026-03-05 09:25:06.301894+00,2026-03-05 09:25:06.301894+00,2026-03-11 14:56:56.460954+00
e723c3f0-3f02-421c-ae3b-0a941c835afc,,COPE Villalba,0,https://graph.facebook.com/COPE/picture?width=200&height=200,https://wecast-bl02.flumotion.com/copesedes/villalba.mp3,,,,2026-03-05 09:25:05.648309+00,2026-03-05 09:25:05.648309+00,2026-03-11 14:56:56.460954+00
e733c28d-8829-426f-ae34-2b341078a772,,Radio Cigüeña,0,https://graph.facebook.com/297157036138/picture?width=200&height=200,https://cervera.eldialdigital.com:25171/stream,,,,2026-03-05 09:25:05.648309+00,2026-03-05 09:25:05.648309+00,2026-03-11 14:56:56.460954+00
e7492508-6994-4e41-bd48-680222b9a25d,,Onda Cero Cádiz,0,https://graph.facebook.com/ondacero/picture?width=200&height=200,https://atres-live.ondacero.es/live/delegaciones/oc/cadiz/master.m3u8,,,,2026-03-05 09:25:04.141561+00,2026-03-05 09:25:04.141561+00,2026-03-11 14:56:56.460954+00
e77042a3-d94d-44f9-9aca-4949d1d1cc25,,Radio 5 RNE,0.0,https://pbs.twimg.com/profile_images/1405097207339028480/H7nP_7Ti_200x200.jpg,https://rtvelivestream.rtve.es/rtvesec/rne/rne_r5_madrid_main.m3u8,,,,2026-03-04 22:28:54.84657+00,2026-03-04 22:28:54.84657+00,2026-03-11 14:56:56.460954+00
e7805479-4475-43cd-acf9-150ec843cfdb,,SER,0,https://graph.facebook.com/cadenaser/picture?width=200&height=200,https://playerservices.streamtheworld.com/api/livestream-redirect/CADENASERAAC.aac,,,,2026-03-05 12:05:07.536667+00,2026-03-05 12:05:07.536667+00,2026-03-11 14:56:56.460954+00
e788c060-64e6-4c66-bba1-2483bc32e19b,,Onda Cero San Sebastián,0,https://graph.facebook.com/ondacero/picture?width=200&height=200,https://atres-live.ondacero.es/live/delegaciones/oc/sansebastian/master.m3u8,,,,2026-03-05 09:25:06.405237+00,2026-03-05 09:25:06.405237+00,2026-03-11 14:56:56.460954+00
e78e0931-07af-4c40-9071-6ba3b222c52b,,3Cat (Exclusiu digital),0,https://graph.facebook.com/som3Cat/picture?width=200&height=200,https://directes-radio-int.3catdirectes.cat/live-content/radio-oca-hls/master.m3u8,,,,2026-03-05 09:25:05.436262+00,2026-03-05 09:25:05.436262+00,2026-03-11 14:56:56.460954+00
e79fb1cc-3468-4a67-8832-25a7715fc2ea,,La Más FM Almuñecar,0,https://graph.facebook.com/LAMASFM/picture?width=200&height=200,https://streaming2.elitecomunicacion.es:8142/stream,,,,2026-03-05 09:25:04.377712+00,2026-03-05 09:25:04.377712+00,2026-03-11 14:56:56.460954+00
e8155f80-df1d-440a-aaaa-00e03a7beb91,,Cad-100,0,https://hciqxvfvohcaiaqqrvdq.supabase.co/storage/v1/object/public/station-logos/espana/Cadena%20100.png,https://cadena100-cope.flumotion.com/chunks.m3u8,,,,2026-03-04 22:28:54.84657+00,2026-03-04 22:28:54.84657+00,2026-03-11 14:56:56.460954+00
e816bd07-6f97-4ee7-bd5d-09fc3d19c48e,,Peperadio,0,https://peperadio.es/Content/images/logo.png,https://server10.emitironline.com:8032/,,,,2026-03-05 09:25:05.648309+00,2026-03-05 09:25:05.648309+00,2026-03-11 14:56:56.460954+00
e838e982-57da-4be7-9189-db3bec044127,,Loca FM Dance,0.0,https://graph.facebook.com/LocaFmOficial/picture?width=200&height=200,https://s2.we4stream.com/listen/loca_dance/live,,,,2026-03-04 22:28:54.84657+00,2026-03-04 22:28:54.84657+00,2026-03-11 14:56:56.460954+00
e8669660-29da-4da0-9c48-0957d8490ced,,COPE Espuña,0,https://graph.facebook.com/COPE/picture?width=200&height=200,https://eu1.lhdserver.es:3197/stream,,,,2026-03-05 09:25:06.511776+00,2026-03-05 09:25:06.511776+00,2026-03-11 14:56:56.460954+00
e8a51cac-832f-4bb1-bf33-745cd6d2baa4,,Onda Cero Palencia,0,https://graph.facebook.com/ondacero/picture?width=200&height=200,https://atres-live.ondacero.es/live/delegaciones/oc/palencia/master.m3u8,,,,2026-03-05 09:25:05.215377+00,2026-03-05 09:25:05.215377+00,2026-03-11 14:56:56.460954+00
e8e55742-c915-49f7-9611-cc5d76489fa2,,Fibwi Radio,0,https://graph.facebook.com/GrupoFibwi/picture?width=200&height=200,https://sound.gigaradius.eu/proxy/fibwiradio/stream,,,,2026-03-05 09:25:06.301894+00,2026-03-05 09:25:06.301894+00,2026-03-11 14:56:56.460954+00
e984e6c8-8326-4348-84af-2b0ce5bcbe8e,,Radio TeleTaxi,0.0,https://graph.facebook.com/radioteletaxi/picture?width=200&height=200,https://radiott-web.streaming-pro.com:6103/radiott.mp3,,,,2026-03-04 22:28:54.84657+00,2026-03-04 22:28:54.84657+00,2026-03-11 14:56:56.460954+00
e9b28816-3ed7-4c50-845f-6ee2920952af,,Radio Libertad,0,https://pbs.twimg.com/profile_images/1862403237363556352/R_cCFfhV_200x200.jpg,https://server9.emitironline.com:19482/stream,,,,2026-03-05 09:25:05.797436+00,2026-03-05 09:25:05.797436+00,2026-03-11 14:56:56.460954+00
eac1519b-691b-4ac0-973a-9fd1e276f3b6,,Onda Mencía Radio,0,https://graph.facebook.com/OndaMenciaRadio/picture?width=200&height=200,https://streaming12.elitecomunicacion.es:8146/stream,,,,2026-03-05 09:25:04.598001+00,2026-03-05 09:25:04.598001+00,2026-03-11 14:56:56.460954+00
eac35f9d-c5c5-4720-bc17-03735a9e9c5c,,Capital Radio,0,https://graph.facebook.com/capitalradiob/picture?width=200&height=200,https://mdstrm.com/audio/67d2a8685ae4234de49e40f6/live.m3u8,,,,2026-03-05 09:25:05.648309+00,2026-03-05 09:25:05.648309+00,2026-03-11 14:56:56.460954+00
ead63b18-ab3a-4f26-b6a2-f244cb13da0d,,Onda Cero Castellón,0,https://graph.facebook.com/ondacero/picture?width=200&height=200,https://atres-live.ondacero.es/live/delegaciones/oc/castellon/master.m3u8,,,,2026-03-05 09:25:05.928863+00,2026-03-05 09:25:05.928863+00,2026-03-11 14:56:56.460954+00
eae01e40-9227-4717-a42d-6f851586659f,,Pròxima FM,0,https://graph.facebook.com/proximafm/picture?width=200&height=200,https://mars.streamerr.co/8058/stream,,,,2026-03-05 09:25:05.542737+00,2026-03-05 09:25:05.542737+00,2026-03-11 14:56:56.460954+00
ec82c681-5ff3-48ea-8bba-80f18c8ef95b,,Ràdio Cunit,0,https://graph.facebook.com/radiocunit/picture?width=200&height=200,https://streaming.enacast.com/radiocunitHD.mp3,,,,2026-03-05 09:25:05.542737+00,2026-03-05 09:25:05.542737+00,2026-03-11 14:56:56.460954+00
ec9a576f-09d4-48fa-bb43-c7db84c18a14,,Onda Fuenlabrada,0,https://yt3.ggpht.com/gE-Z3WmqCumfCBtWDXUuYM1mmpbutOff_s2Su1F6raG2kKaXQVAtqnI_DLp5KR7PA6oS9EeMxZY=s200,https://radioserver12.profesionalhosting.com/proxy/pkg78581/stream.mp3,,,,2026-03-05 09:25:05.648309+00,2026-03-05 09:25:05.648309+00,2026-03-11 14:56:56.460954+00
ecaca028-5611-407a-b876-329462be7715,,SER Las Palmas,0,https://graph.facebook.com/cadenaser/picture?width=200&height=200,https://playerservices.streamtheworld.com/api/livestream-redirect/SER_LAS_PALMAS.mp3,,,,2026-03-05 09:25:04.816771+00,2026-03-05 09:25:04.816771+00,2026-03-11 14:56:56.460954+00
eced2f48-3b77-4989-943b-c2f642a0da2a,,Onda Cero Lugo,0,https://graph.facebook.com/ondacero/picture?width=200&height=200,https://atres-live.ondacero.es/live/delegaciones/oc/lugo/master.m3u8,,,,2026-03-05 09:25:06.19346+00,2026-03-05 09:25:06.19346+00,2026-03-11 14:56:56.460954+00
ecf4ddc6-7d4f-489f-8bcb-09e6ac676542,,Canal Fiesta Radio,0.0,https://pbs.twimg.com/profile_images/2014607361843793920/uKfZnuel_200x200.jpg,https://rtva-live-radio.flumotion.com/rtva/cfr.mp3,,,,2026-03-04 22:28:54.84657+00,2026-03-04 22:28:54.84657+00,2026-03-11 14:56:56.460954+00
ed3f0df0-ff41-478f-b7bf-dae69c15e2ba,,Onda Cero Luarca,0,https://graph.facebook.com/ondacero/picture?width=200&height=200,https://atres-live.ondacero.es/live/delegaciones/oc/luarca/master.m3u8,,,,2026-03-05 09:25:06.511776+00,2026-03-05 09:25:06.511776+00,2026-03-11 14:56:56.460954+00
edcce14e-d051-47e9-8981-26a90c28303b,,Onda Cero Vega Baja,0,https://graph.facebook.com/ondacero/picture?width=200&height=200,https://atres-live.ondacero.es/live/delegaciones/oc/torrevieja/master.m3u8,,,,2026-03-05 09:25:05.928863+00,2026-03-05 09:25:05.928863+00,2026-03-11 14:56:56.460954+00
ee328571-2108-4f94-98db-ca9d16ead930,,Radio Valira Andorra,0,https://graph.facebook.com/radiovalira/picture?width=200&height=200,https://mars.streamerr.co/8022/stream,,,,2026-03-05 09:25:06.615794+00,2026-03-05 09:25:06.615794+00,2026-03-11 14:56:56.460954+00
ee587856-7aad-4697-83c0-68178fdc3734,,Metropólitan Radio,0,https://pbs.twimg.com/profile_images/1435351436523626507/lBjfSU1K_200x200.jpg,https://sonic.mediatelekom.net/8012/stream,,,,2026-03-05 09:25:06.511776+00,2026-03-05 09:25:06.511776+00,2026-03-11 14:56:56.460954+00
eef5f1b7-30ef-42bd-83fc-5fece5c3dc6e,,Loca FM Ambient,0,https://graph.facebook.com/LocaFmOficial/picture?width=200&height=200,https://s2.we4stream.com/listen/loca_ambient/live,,,,2026-03-05 09:25:03.819453+00,2026-03-05 09:25:03.819453+00,2026-03-11 14:56:56.460954+00
eefdef8c-f22c-43e3-9d0e-cc2d61ab919b,,Central FM,0,https://graph.facebook.com/131322746891532/picture?width=200&height=200,https://s29.myradiostream.com/4922/listen.mp3,,,,2026-03-05 09:25:04.598001+00,2026-03-05 09:25:04.598001+00,2026-03-11 14:56:56.460954+00
efc560d4-3db4-43d3-acfe-4e081ea5612d,,Canal Ebro,0,https://graph.facebook.com/canalebro/picture?width=200&height=200,http://streaming.capsulaimposible.com:8000/stream/2/canalebro.mp3,,,,2026-03-05 09:25:06.301894+00,2026-03-05 09:25:06.301894+00,2026-03-11 14:56:56.460954+00
efc5ecef-388d-4889-aca3-a4a2f0585701,,MegaStar FM,0.0,https://graph.facebook.com/MegaStarFM/picture?width=200&height=200,https://megastar-cope.flumotion.com/playlist.m3u8,,,,2026-03-04 22:28:54.84657+00,2026-03-04 22:28:54.84657+00,2026-03-11 14:56:56.460954+00
f105bade-fdd6-44b8-9d0a-013adb3f3134,,Radio Marca Tenerife,0,https://graph.facebook.com/RadioMarcaTfe/picture?width=200&height=200,https://cervera.eldialdigital.com:22131/stream,,,,2026-03-05 09:25:04.816771+00,2026-03-05 09:25:04.816771+00,2026-03-11 14:56:56.460954+00
f11eecfc-6c2d-4fa7-991a-8994b6da351b,,Europa FM Medina,0,https://graph.facebook.com/EuropaFmAndalucia/picture?width=200&height=200,https://server10.emitironline.com:8102/;,,,,2026-03-05 09:25:05.215377+00,2026-03-05 09:25:05.215377+00,2026-03-11 14:56:56.460954+00
f14e5c16-e655-4f1f-b5ed-010e97746460,,Radio Chipiona,0,https://graph.facebook.com/radiochipiona/picture?width=200&height=200,https://node-03.zeno.fm/ca74a7vdvnhvv,,,,2026-03-05 09:25:04.377712+00,2026-03-05 09:25:04.377712+00,2026-03-11 14:56:56.460954+00
f150c261-747b-4c9e-be12-a4a47739dbe5,,COPE Mérida,0.0,https://hciqxvfvohcaiaqqrvdq.supabase.co/storage/v1/object/public/station-logos/espana/COPE%20M%C3%A9rida.png,https://wecast-bl02.flumotion.com/copesedes/merida.mp3,,,,2026-03-11 10:47:59.440689+00,2026-03-11 10:47:59.440689+00,2026-03-11 14:56:56.460954+00
f15f14a2-8fe6-4d20-a3ba-d612a6cde58e,,Radio Arcos,0,https://graph.facebook.com/RadioArcos/picture?width=200&height=200,https://streaming2.elitecomunicacion.es:8098/stream?type=.mp3,,,,2026-03-05 09:25:04.598001+00,2026-03-05 09:25:04.598001+00,2026-03-11 14:56:56.460954+00
f18dd51a-c6e4-41bb-a36a-451137b891f2,,LOS40 Dance,0.0,https://graph.facebook.com/los40dance/picture?width=200&height=200,https://playerservices.streamtheworld.com/api/livestream-redirect/LOS40_DANCEAAC.aac,,,,2026-03-04 22:28:54.84657+00,2026-03-04 22:28:54.84657+00,2026-03-11 14:56:56.460954+00
f1c44b0c-6473-4f8f-9188-1f9035ebe1d8,,SER Murcia,0,https://graph.facebook.com/cadenaser/picture?width=200&height=200,https://playerservices.streamtheworld.com/api/livestream-redirect/SER_MURCIA.mp3,,,,2026-03-05 09:25:06.511776+00,2026-03-05 09:25:06.511776+00,2026-03-11 14:56:56.460954+00
f1c644ed-6845-4c18-a448-f1d385ff9c27,,Radio Exterior,0,https://graph.facebook.com/RadioExterior/picture?width=200&height=200,https://rtvelivestream.rtve.es/rtvesec/rne/rne_re_main.m3u8,,,,2026-03-05 09:25:06.615794+00,2026-03-05 09:25:06.615794+00,2026-03-11 14:56:56.460954+00
f203b3d3-6c29-4993-b9ab-9fd5420a5c6d,,SER Lugo,0,https://graph.facebook.com/cadenaser/picture?width=200&height=200,https://playerservices.streamtheworld.com/api/livestream-redirect/SER_LUGOAAC.aac,,,,2026-03-05 09:25:06.19346+00,2026-03-05 09:25:06.19346+00,2026-03-11 14:56:56.460954+00
f2cbbf35-53e3-4bab-b661-d3399d37d052,,SER Andorra,0,https://graph.facebook.com/cadenaser/picture?width=200&height=200,https://playerservices.streamtheworld.com/api/livestream-redirect/SER_ANDORRA.mp3,,,,2026-03-05 09:25:06.615794+00,2026-03-05 09:25:06.615794+00,2026-03-11 14:56:56.460954+00
f33977c0-2fcf-4263-b17f-5775b8fd31c2,,Onda Cero Santander,0,https://graph.facebook.com/ondacero/picture?width=200&height=200,https://atres-live.ondacero.es/live/delegaciones/oc/santander/master.m3u8,,,,2026-03-05 09:25:05.022457+00,2026-03-05 09:25:05.022457+00,2026-03-11 14:56:56.460954+00
f339e3e2-7b1a-4c05-8240-28103662f57a,,COPE Sevilla,0,https://graph.facebook.com/COPE/picture?width=200&height=200,https://wecast-bl02.flumotion.com/copesedes/sevilla.mp3,,,,2026-03-05 09:25:04.141561+00,2026-03-05 09:25:04.141561+00,2026-03-11 14:56:56.460954+00
f389cd2e-6dc2-4f1f-8498-61024eb032ee,,COPE Badajoz,0.0,https://hciqxvfvohcaiaqqrvdq.supabase.co/storage/v1/object/public/station-logos/espana/COPE%20Badajoz.png,https://wecast-bl02.flumotion.com/copesedes/badajoz.mp3,,,,2026-03-11 10:47:59.440689+00,2026-03-11 10:47:59.440689+00,2026-03-11 14:56:56.460954+00
f39fa32f-294c-4a3b-b74a-6d22ddcf4ca5,,Onda Cero Barcelona,0,https://graph.facebook.com/ondacero/picture?width=200&height=200,https://atres-live.ondacero.es/live/delegaciones/oc/barcelona/master.m3u8,,,,2026-03-05 09:25:05.436262+00,2026-03-05 09:25:05.436262+00,2026-03-11 14:56:56.460954+00
f4962bc9-41cd-44a9-b42e-f98e4a99b709,,Ràdio Estel,0,https://graph.facebook.com/radioestel/picture?width=200&height=200,https://srv6021.dns-lcinternet.com:10244/stream,,,,2026-03-05 09:25:05.542737+00,2026-03-05 09:25:05.542737+00,2026-03-11 14:56:56.460954+00
f4e237e7-2df2-4981-85ed-13780880b4e5,,Hallo FM,0,https://media.emisorasmusicales.net/wp-content/uploads/2023/08/31105659/radioHallo-1200x1200-f-200x200.png,https://stream.emisorasmusicales.net/listen/hallo_fm/hallofm.mp3,,,,2026-03-05 09:25:06.073332+00,2026-03-05 09:25:06.073332+00,2026-03-11 14:56:56.460954+00
f5277fe0-570a-46f7-9d75-1297090a8af2,,COPE,0.0,https://graph.facebook.com/COPE/picture?width=200&height=200,https://flucast09-h-cloud.flumotion.com/cope/net1.aac,,,,2026-03-04 22:28:54.84657+00,2026-03-04 22:28:54.84657+00,2026-03-11 14:56:56.460954+00
f54567cf-def4-4e5f-9098-ee6276a0e426,,Cantabria FM,0,https://pbs.twimg.com/profile_images/425231625132056576/Xr2_H3b8_200x200.jpeg,https://stream.zeno.fm/jndgdm0esn9vv,,,,2026-03-05 09:25:05.022457+00,2026-03-05 09:25:05.022457+00,2026-03-11 14:56:56.460954+00
f58ef35c-2e05-4b93-8ffd-0df7582962ec,,LOS40 Castellón,0,https://graph.facebook.com/Los40Castellon/picture?width=200&height=200,https://playerservices.streamtheworld.com/api/livestream-redirect/LOS40_ASO_CASTELLON.mp3,,,,2026-03-05 09:25:05.928863+00,2026-03-05 09:25:05.928863+00,2026-03-11 14:56:56.460954+00
f5da2db6-58c6-4386-a983-092f933d0a71,,SER Valencia,0,https://graph.facebook.com/cadenaser/picture?width=200&height=200,https://playerservices.streamtheworld.com/api/livestream-redirect/SER_VALENCIA.mp3,,,,2026-03-05 09:25:05.797436+00,2026-03-05 09:25:05.797436+00,2026-03-11 14:56:56.460954+00
f605e978-fa96-4a15-bbd4-ab980e7be054,,Radio Onda 15 Castalla,0,https://graph.facebook.com/radiocastalla/picture?width=200&height=200,https://azc.standfy.com/radio/8200/onda15,,,,2026-03-05 09:25:06.073332+00,2026-03-05 09:25:06.073332+00,2026-03-11 14:56:56.460954+00
f62937a8-622e-43ed-a866-cff5740b9c58,,COPE León,0,https://graph.facebook.com/COPE/picture?width=200&height=200,https://wecast-bl02.flumotion.com/copesedes/leon.mp3,,,,2026-03-05 09:25:05.215377+00,2026-03-05 09:25:05.215377+00,2026-03-11 14:56:56.460954+00
f6386c97-4c01-4330-8e9d-81e325aa071d,,Radio Francia Internacional,0,https://graph.facebook.com/rfienespanol/picture?width=200&height=200,https://rfienespagnol64k.ice.infomaniak.ch/rfienespagnol-64.mp3,,,,2026-03-05 09:25:06.615794+00,2026-03-05 09:25:06.615794+00,2026-03-11 14:56:56.460954+00
f6c68f36-cb5f-4e52-999e-d42fde903196,,Radio Vallekas,0,https://graph.facebook.com/radiovallekas/picture?width=200&height=200,https://radio.radiobot.org/listen/rvk/rvk.mp3,,,,2026-03-05 09:25:05.648309+00,2026-03-05 09:25:05.648309+00,2026-03-11 14:56:56.460954+00
f6d5ce70-5fe7-47f2-8545-38eb3309e11f,,SER Algeciras,0,https://graph.facebook.com/cadenaser/picture?width=200&height=200,https://playerservices.streamtheworld.com/api/livestream-redirect/SER_ALGECIRAS.mp3,,,,2026-03-05 09:25:03.819453+00,2026-03-05 09:25:03.819453+00,2026-03-11 14:56:56.460954+00
f6de8a16-5bef-400f-aa1f-c760cc07ae92,,LOS40 Classic Vigo,0,https://graph.facebook.com/Los40Classic.Oficial/picture?width=200&height=200,https://playerservices.streamtheworld.com/api/livestream-redirect/LOS40CL_ASO_VIGO.mp3,,,,2026-03-05 09:25:06.19346+00,2026-03-05 09:25:06.19346+00,2026-03-11 14:56:56.460954+00
f714fc26-1dbf-477b-b958-99062738c09f,,SER Manresa,0,https://graph.facebook.com/cadenaser/picture?width=200&height=200,https://streaming.enacast.com:8000/taronjadigital-bages56.mp3,,,,2026-03-05 09:25:05.436262+00,2026-03-05 09:25:05.436262+00,2026-03-11 14:56:56.460954+00
f71a2317-d654-4df0-b9b0-e6ed59dc5676,,LOS40 Argentina,0,https://graph.facebook.com/los40argentina/picture?width=200&height=200,https://frontend.radiohdvivo.com/los40/live?dist=los40-web-live_streaming_play,,,,2026-03-05 09:25:06.615794+00,2026-03-05 09:25:06.615794+00,2026-03-11 14:56:56.460954+00
f75818a6-3956-4f94-95ce-c69a65b66f1f,,Durango Irratia,0,https://pbs.twimg.com/profile_images/674943257789505537/0P8QkXHx_200x200.jpg,https://durangoirratia.streaming-pro.com:6006/durangoirratia.mp3,,,,2026-03-05 09:25:06.405237+00,2026-03-05 09:25:06.405237+00,2026-03-11 14:56:56.460954+00
f77ccb4d-bc9b-433b-a862-c850eccc9e63,,Onda Cero Mérida,0.0,https://hciqxvfvohcaiaqqrvdq.supabase.co/storage/v1/object/public/station-logos/espana/Onda%20Cero%20M%C3%A9rida.png,https://atres-live.ondacero.es/live/delegaciones/oc/merida/master.m3u8,,,,2026-03-11 10:47:59.440689+00,2026-03-11 10:47:59.440689+00,2026-03-11 14:56:56.460954+00
f7b5c9af-877d-4972-b19f-2cc85b6f4663,,Ràdio Vilafranca,0,https://graph.facebook.com/rtvvilafranca/picture?width=200&height=200,https://radio.rtvvilafranca.cat/rtvvilafranca.mp3,,,,2026-03-05 09:25:05.542737+00,2026-03-05 09:25:05.542737+00,2026-03-11 14:56:56.460954+00
f7c93fa2-95bc-4dc1-b09f-07b891a3797b,,Babyradio LatinoAmérica,0,https://yt3.googleusercontent.com/ytc/AIdro_k2PqG2pKYF9_qLh_ut69Z0MtU-jXsRvezCZQtbjivJsX8=s200,https://srv6022.dns-lcinternet.com:8047/stream,,,,2026-03-05 09:25:03.819453+00,2026-03-05 09:25:03.819453+00,2026-03-11 14:56:56.460954+00
f8069fea-a4d1-4128-8d94-974ab2b8c7b2,,Loca FM Tech House,0.0,https://graph.facebook.com/LocaFmOficial/picture?width=200&height=200,https://s2.we4stream.com/listen/loca_tech_house/live,,,,2026-03-04 22:28:54.84657+00,2026-03-04 22:28:54.84657+00,2026-03-11 14:56:56.460954+00
f82119dd-e692-4dba-965f-74f2565b3c7b,,Radio 5 La Rioja,0,https://pbs.twimg.com/profile_images/1405097207339028480/H7nP_7Ti_200x200.jpg,https://dispatcher.rndfnk.com/crtve/rne5/rio/mp3/high,,,,2026-03-05 09:25:06.301894+00,2026-03-05 09:25:06.301894+00,2026-03-11 14:56:56.460954+00
f8454040-e1c0-40f4-a6f7-9b74b1b30536,,Inolvidable FM,0,https://graph.facebook.com/inolvidablefmradio/picture?width=200&height=200,https://uk1.streamingpulse.com/ssl/inolvidablefm,,,,2026-03-05 09:25:04.816771+00,2026-03-05 09:25:04.816771+00,2026-03-11 14:56:56.460954+00
f8534084-f8d5-414a-a50d-436b57f16bb9,,Trak FM Pamplona,0,https://graph.facebook.com/trakfmpamplona/picture?width=200&height=200,https://pr1cen101.emisionlocal.com/proxy/trakfm?mp=/stream,,,,2026-03-05 09:25:05.797436+00,2026-03-05 09:25:05.797436+00,2026-03-11 14:56:56.460954+00
f897a7a3-bb58-4ea1-a595-ca3b50bb6503,,Cadena 100 Gipuzkoa,0,https://graph.facebook.com/CADENA100/picture?width=200&height=200,https://server8.emitironline.com:18196/stream,,,,2026-03-05 09:25:06.405237+00,2026-03-05 09:25:06.405237+00,2026-03-11 14:56:56.460954+00
f89982a5-c772-4aa8-9474-3777e64549fe,,Activate FM,0,https://graph.facebook.com/activatespain/picture?width=200&height=200,https://streaming12.elitecomunicacion.es:8085/stream,,,,2026-03-05 09:25:06.405237+00,2026-03-05 09:25:06.405237+00,2026-03-11 14:56:56.460954+00
f8c45875-8903-41fa-99b3-c55132bf147d,,Radio Evolución Burgos,0,https://graph.facebook.com/Radioevolucionburgos/picture?width=200&height=200,http://radioevolucion.freeddns.org:8001/fibra_baja,,,,2026-03-05 09:25:05.215377+00,2026-03-05 09:25:05.215377+00,2026-03-11 14:56:56.460954+00
f8d1593a-ca13-46df-b8ed-7df4f55f8522,,esRadio Cantabria,0,https://graph.facebook.com/esradio/picture?width=200&height=200,http://ns100.emisionlocal.com:9428/live,,,,2026-03-05 09:25:05.022457+00,2026-03-05 09:25:05.022457+00,2026-03-11 14:56:56.460954+00
f907c514-434e-40dc-bbfa-9cd43ea0e566,,Radio Planeta,0,https://yt3.ggpht.com/ytc/AKedOLRETQgEcm3bzxRJOct7AMt2oYneaikmoSjYi_GqxQ=s200-c-k-c0x00ffffff-no-rj,https://radioplaneta.emitironline.com,,,,2026-03-05 09:25:04.377712+00,2026-03-05 09:25:04.377712+00,2026-03-11 14:56:56.460954+00
f930b0e7-f453-4a93-b239-b5f452cae695,,COPE Ribadeo,0,https://graph.facebook.com/COPE/picture?width=200&height=200,https://wecast-bl02.flumotion.com/copesedes/ribadeo.mp3,,,,2026-03-05 09:25:06.19346+00,2026-03-05 09:25:06.19346+00,2026-03-11 14:56:56.460954+00
f939b897-cda8-493b-85ab-cbb8e4d4c1d6,,Onda Cero Madrid Sur,0,https://graph.facebook.com/ondaceromadridsur/picture?width=200&height=200,https://radio-atres-live.ondacero.es/api/livestream-redirect/OC_MADRID_SURAAC.m3u8,,,,2026-03-05 09:25:05.648309+00,2026-03-05 09:25:05.648309+00,2026-03-11 14:56:56.460954+00
f97c6e4e-30fd-4d6a-bc47-eddcbbe770e0,,Radio 5 Comunidad Valenciana,0,https://pbs.twimg.com/profile_images/1405097207339028480/H7nP_7Ti_200x200.jpg,https://dispatcher.rndfnk.com/crtve/rne5/vlc/mp3/high,,,,2026-03-05 09:25:05.797436+00,2026-03-05 09:25:05.797436+00,2026-03-11 14:56:56.460954+00
f986c1ea-378d-4c88-86c4-cf653d4e7c71,,SER Antequera,0.0,https://graph.facebook.com/cadenaser/picture?width=200&height=200,https://playerservices.streamtheworld.com/api/livestream-redirect/SER_ASO_ANTEQUERA.mp3,,,,2026-03-04 22:29:55.012933+00,2026-03-04 22:29:55.012933+00,2026-03-11 14:56:56.460954+00
f9b247a1-1132-42c8-8d81-d633683f6fb6,,SER Norte de Extremadura,0.0,https://hciqxvfvohcaiaqqrvdq.supabase.co/storage/v1/object/public/station-logos/espana/SER%20Norte%20de%20Extremadura.png,https://playerservices.streamtheworld.com/api/livestream-redirect/SER_NORTE_EXTREMADURA.mp3,,,,2026-03-11 10:47:59.440689+00,2026-03-11 10:47:59.440689+00,2026-03-11 14:56:56.460954+00
f9d79f6d-eb42-4acb-a808-7d8082e88494,,COPE Sierra Norte,0,https://graph.facebook.com/COPE/picture?width=200&height=200,https://eu1.lhdserver.es:8011/stream,,,,2026-03-05 09:25:04.141561+00,2026-03-05 09:25:04.141561+00,2026-03-11 14:56:56.460954+00
f9e40864-4c30-4902-b653-1ae25361f1b9,,REC Radio,0,https://graph.facebook.com/RecRadioElCasar/picture?width=200&height=200,https://server9.emitironline.com:19488/stream,,,,2026-03-05 09:25:05.797436+00,2026-03-05 09:25:05.797436+00,2026-03-11 14:56:56.460954+00
fa7583bf-7054-4af7-9188-d38549a61aa1,,Onda Color FM,0,https://graph.facebook.com/ondacolor/picture?width=200&height=200,https://streaming12.elitecomunicacion.es:8212/stream,,,,2026-03-05 09:25:05.648309+00,2026-03-05 09:25:05.648309+00,2026-03-11 14:56:56.460954+00
fa799a09-789e-49e4-8a47-6b3e6706323f,,Radiofusión,0,https://graph.facebook.com/Radiofusionga/picture?width=200&height=200,https://srv7031.dns-lcinternet.com/8032/stream,,,,2026-03-05 09:25:06.19346+00,2026-03-05 09:25:06.19346+00,2026-03-11 14:56:56.460954+00
fafe2d1c-2990-40e9-aec7-bcdb3b71471c,,SER Morón,0,https://graph.facebook.com/cadenaser/picture?width=200&height=200,https://playerservices.streamtheworld.com/api/livestream-redirect/SER_ASO_MORON.mp3,,,,2026-03-05 09:25:04.141561+00,2026-03-05 09:25:04.141561+00,2026-03-11 14:56:56.460954+00
fb39a877-1f2a-422e-9aad-9c417e92c225,,SER Elche,0,https://graph.facebook.com/cadenaser/picture?width=200&height=200,https://playerservices.streamtheworld.com/api/livestream-redirect/SER_ASO_ELCHE.mp3,,,,2026-03-05 09:25:05.797436+00,2026-03-05 09:25:05.797436+00,2026-03-11 14:56:56.460954+00
fb55e369-9a3f-48ef-b62a-c8877fa8a44f,,Metro FM Ferrol,0,https://www.tvferrol.es/es/recursos/patrocinadores_2/MccbkxMU.png,https://mediastreamm.com/8216/;.mp3,,,,2026-03-05 09:25:06.301894+00,2026-03-05 09:25:06.301894+00,2026-03-11 14:56:56.460954+00
fbc1202d-41b0-4dda-bac9-c349b24a6665,,esRadio Granada,0,https://pbs.twimg.com/profile_images/643394226580029440/rQU2yyFO_200x200.jpg,https://azura.abcorp.es/listen/esradio_granada/radio.mp3,,,,2026-03-05 09:25:04.141561+00,2026-03-05 09:25:04.141561+00,2026-03-11 14:56:56.460954+00
fc395880-7bb4-45db-9f8d-882f69a9561a,,Cadena 100 Barcelona,0,https://graph.facebook.com/CADENA100/picture?width=200&height=200,https://cadena100bcn-cope.flumotion.com/playlist.m3u8,,,,2026-03-05 09:25:05.436262+00,2026-03-05 09:25:05.436262+00,2026-03-11 14:56:56.460954+00
fc477555-1e55-4e64-a11b-ba2cf3269bf1,,Europa FM Gandia,0,https://graph.facebook.com/europafmgandia/picture?width=200&height=200,https://one.cloudstreaming.eu/proxy/europa/stream,,,,2026-03-05 09:25:05.928863+00,2026-03-05 09:25:05.928863+00,2026-03-11 14:56:56.460954+00
fc646e55-0a47-4864-84ee-83533d41d65f,,Vaughan Radio,0,https://graph.facebook.com/GrupoVaughan/picture?width=200&height=200,https://vaughanradioweb.streaming-pro.com:8058/vaughanradio.mp3,,,,2026-03-05 09:25:05.648309+00,2026-03-05 09:25:05.648309+00,2026-03-11 14:56:56.460954+00
fc733525-28aa-46bc-88c3-b9935e3a1717,,Radio Intercontinental,0,https://radiointercontinental.com/wp-content/uploads/2024/10/Logo_Radio_Intercontinental_actual-1-e1730334334855.jpg,https://cast5.servcast.net/proxy/inter/stream,,,,2026-03-05 09:25:05.648309+00,2026-03-05 09:25:05.648309+00,2026-03-11 14:56:56.460954+00
fc87d1ec-ddba-4095-9cc1-8c6e9062ae54,,Ona de Sants FM,0,https://graph.facebook.com/Radioonadesants/picture?width=200&height=200,https://edge.mixlr.com/channel/dlyio,,,,2026-03-05 09:25:05.542737+00,2026-03-05 09:25:05.542737+00,2026-03-11 14:56:56.460954+00
fd4e0cae-4431-45a6-80a4-d27bd4ccb86e,,Cantabria Radio,0,https://pbs.twimg.com/profile_images/1618937329086857216/y7k5obyb_200x200.jpg,https://cantabria.radioca.st/stream,,,,2026-03-05 09:25:05.022457+00,2026-03-05 09:25:05.022457+00,2026-03-11 14:56:56.460954+00
fd50bcb8-52b1-41f0-bab3-c049e5927f43,,Onda Cero Madrid,0,https://graph.facebook.com/ondacero/picture?width=200&height=200,https://atres-live.ondacero.es/live/ondacero/master.m3u8,,,,2026-03-05 09:25:05.648309+00,2026-03-05 09:25:05.648309+00,2026-03-11 14:56:56.460954+00
fda0562e-ca70-4fed-ac5f-5a2940f3d7df,,Titoieta Ràdio,0,https://graph.facebook.com/titoieta/picture?width=200&height=200,https://topradio.uno:8087/stream,,,,2026-03-05 09:25:06.301894+00,2026-03-05 09:25:06.301894+00,2026-03-11 14:56:56.460954+00
fda83fd1-7b60-42a5-8006-2dbf57b24533,,Ràdio Klara,0,https://graph.facebook.com/radioklara/picture?width=200&height=200,https://cervera.eldialdigital.com:21111/stream,,,,2026-03-05 09:25:06.073332+00,2026-03-05 09:25:06.073332+00,2026-03-11 14:56:56.460954+00
fdfc7c7e-4357-44b8-9da8-705b35a10fdf,,Radio Sevillanas,0,https://graph.facebook.com/web.radiosevillanas/picture?width=200&height=200,http://radio.wesped.com:8000/;stream.mp3,,,,2026-03-05 09:25:04.377712+00,2026-03-05 09:25:04.377712+00,2026-03-11 14:56:56.460954+00
fe41a9ba-6f21-4230-beab-97f08e5a8ede,,COPE Ciudad Real,0,https://graph.facebook.com/COPE/picture?width=200&height=200,https://wecast-bl02.flumotion.com/copesedes/ciudadreal.mp3,,,,2026-03-05 09:25:05.022457+00,2026-03-05 09:25:05.022457+00,2026-03-11 14:56:56.460954+00
fee323b1-9a50-4844-a0ea-a98fa2e05518,,Radio Marbella,0,https://graph.facebook.com/RTVMarbella/picture?width=200&height=200,https://streaming.rtvmarbella.tv/hls/streamingradio.m3u8,,,,2026-03-05 09:25:04.377712+00,2026-03-05 09:25:04.377712+00,2026-03-11 14:56:56.460954+00
fee36d2c-9348-4194-9927-52804af5eeee,,Radio 5 Canarias - Las Palmas,0,https://pbs.twimg.com/profile_images/1405097207339028480/H7nP_7Ti_200x200.jpg,https://dispatcher.rndfnk.com/crtve/rne5/lpa/mp3/high,,,,2026-03-05 09:25:04.816771+00,2026-03-05 09:25:04.816771+00,2026-03-11 14:56:56.460954+00
fee69355-f336-4e5f-86de-1702b859cdac,,COPE Tudela,0,https://graph.facebook.com/COPE/picture?width=200&height=200,https://wecast-bl02.flumotion.com/copesedes/tudela.mp3,,,,2026-03-05 09:25:05.797436+00,2026-03-05 09:25:05.797436+00,2026-03-11 14:56:56.460954+00
ff053a63-3115-4163-8fd9-51d1a71861c8,,Eguzki Irratia,0,https://graph.facebook.com/293039954137807/picture?width=200&height=200,https://streaming.eguzki.eus/eguzki.mp3,,,,2026-03-05 09:25:05.797436+00,2026-03-05 09:25:05.797436+00,2026-03-11 14:56:56.460954+00
ff49261c-763e-4d48-8750-f88c69d69be3,,SER Tierra de Barros,0.0,https://hciqxvfvohcaiaqqrvdq.supabase.co/storage/v1/object/public/station-logos/espana/SER%20Tierra%20de%20Barros.png,https://playerservices.streamtheworld.com/api/livestream-redirect/SER_ASO_ALMENDRALEJO.mp3,,,,2026-03-11 10:47:59.440689+00,2026-03-11 10:47:59.440689+00,2026-03-11 14:56:56.460954+00
ff6eba9e-71b9-46a4-96eb-01c5b8e71fda,,Onda Cero Menorca,0,https://graph.facebook.com/ondacero/picture?width=200&height=200,https://atres-live.ondacero.es/live/delegaciones/oc/menorca/master.m3u8,,,,2026-03-05 09:25:06.301894+00,2026-03-05 09:25:06.301894+00,2026-03-11 14:56:56.460954+00
ff743773-7369-487b-a156-154545e9d134,,Onda Cero Alzira,0,https://graph.facebook.com/ondacero/picture?width=200&height=200,https://atres-live.ondacero.es/live/delegaciones/oc/alzira/master.m3u8,,,,2026-03-05 09:25:05.928863+00,2026-03-05 09:25:05.928863+00,2026-03-11 14:56:56.460954+00
ffa07d4e-ef0d-47ca-8e4c-eb412e8271a4,,RPP Noticias Perú,0,https://graph.facebook.com/rppnoticias/picture?width=200&height=200,https://mdstrm.com/audio/5fab3416b5f9ef165cfab6e9/live.m3u8,,,,2026-03-05 09:25:06.615794+00,2026-03-05 09:25:06.615794+00,2026-03-11 14:56:56.460954+00
ffe4a996-0d41-49c7-920b-5ea49ab02d98,,Radio Huesca Graus,0,https://graph.facebook.com/cadenaser/picture?width=200&height=200,https://playerservices.streamtheworld.com/api/livestream-redirect/SER_GRAUS.mp3,,,,2026-03-05 09:25:04.816771+00,2026-03-05 09:25:04.816771+00,2026-03-11 14:56:56.460954+00